sample_id,task,original_text,hypothesis,dialect_text,label,target_dialect,domain,confidence,annotator_id,review_count,final_status,orig_n_tokens,orig_nll,orig_ppl,para_n_tokens,para_nll,para_ppl,delta_nll,delta_ppl,ratio_ppl,orig_len,para_len,length_ratio
MCQA_0020_2,MCQA,"Ngọn cây được miêu tả như thế nào?
A. Là cả một tòa cổ kính.
B. Lớn hơn cột đình.
C. Hình thù kì quái như rắn hổ mang.
D. Chót vót giữa trời xanh.",Chót vót giữa trời xanh.,"Ngọn cây được miu tả như thế nào?
A. Là cả một tòa cổ kính
B. Lớn hơn cột đình
C. Hình thù kì quái như rắn hổ mang
D. Chót vót giữa trời xanh",D,PNT1,Daily Conversation,high,a4432712-749b-4d01-8b03-4cb9d0f81348,0,EXPERT_AUTO_PASS,55,3.2736308574676514,26.407045709148534,54,3.575263738632202,35.70403610766031,0.3016328811645508,9.296990398511774,1.3520647671424637,35,35,1.0
MCQA_0025_10,MCQA,"Mai đã nói gì khi biết cô cũng quyết định cho mình viết bút mực?
A. Thôi cô ạ, em không thích viết bút mực.
B. Thôi cô ạ, cứ để bạn Lan viết trước.
C. Thôi cô ạ, thế thì em không cho Lan mượn bút nữa.
D. Thôi cô ạ, em nhường bạn Lan viết bút mực.","Thôi cô ạ, cứ để bạn Lan viết trước.","Mai đã nuối chi khi biết cô cũng quyết định cho mình viết bút mực?
A. Thôi cô ạ, em không thích vít bút mực.
B. Thôi cô ạ, cứ để bạn Lan vít trước.
C. Thôi cô ạ, thế thì em không cho Lan mượn bút nữa.
D. Thôi cô ạ, em nhường bạn Lan viết bút mực.",B,PNT1,Daily Conversation,high,a4432712-749b-4d01-8b03-4cb9d0f81348,0,EXPERT_AUTO_PASS,91,2.4825801849365234,11.972114871245452,92,3.043470859527588,20.977928464893917,0.5608906745910645,9.005813593648465,1.7522324744209203,59,59,1.0
MCQA_0025_9,MCQA,"Thái độ của Mai như thế nào khi cô bảo cũng định cho Mai viết bút mực?
A. Ngạc nhiên.
B. Vui mừng.
C. Tiếc nuối.
D. Hối hận.",Tiếc nuối.,"Thái độ của Mai răng khi cô bảo cũng định cho Mai viết bút mực?
A. Ngạc nhiên.
B. Vui mừng.
C. Tiếc núi.
D. Hối hận.",C,PNT1,Daily Conversation,high,a4432712-749b-4d01-8b03-4cb9d0f81348,0,EXPERT_AUTO_PASS,47,3.2294540405273438,25.265859069664284,44,4.141769886016846,62.91407370756985,0.912315845489502,37.64821463790557,2.4900825075490225,29,27,0.9310344827586207
MCQA_0030_1,MCQA,"Dúi đã van xin tha mạng và sẽ nói cho hai vợ chồng về điều gì?
A. Sắp có núi lửa, bảo hai vợ chồng hãy chạy về đồng bằng.
B. Sắp có động đất, bảo hai vợ chồng hãy rời khỏi núi.
C. Sắp có hạn hán, bảo hai vợ chồng hãy tích trữ nước.
D. Sắp có mưa và ngập lụt, nên chuẩn bị thức ăn.","Sắp có mưa và ngập lụt, nên chuẩn bị thức ăn.","Dúi đã van xin tha mạng và sĩa nuối choa hai vợ chòng về điều chi?
A. Sắp cóa núi lửa, bảo hai vợ chồng hãy chạy về đồng bằng.
B. Sắp cóa động đất, bảo hai vợ chồng hãy rời khỏi núi.
C. Sắp cóa hạn hán, bảo hai vợ chồng hãy tích trữ nước.
D. Sắp cóa mưa và ngập lụt, nên chuẩn bị thức ăn.",D,PNT1,Daily Conversation,high,a4432712-749b-4d01-8b03-4cb9d0f81348,0,EXPERT_AUTO_PASS,92,2.8763797283172607,17.749897270323366,100,3.48907470703125,32.755625130142164,0.6126949787139893,15.005727859818798,1.8453980116779247,68,68,1.0
MCQA_0030_3,MCQA,"Hai vợ chồng đã khuyên bà con trong bản tránh lũ lụt nhưng chuyện gì đã xảy ra?
A. Mọi người đều tin và làm theo.
B. Mọi người mắng hai vợ chồng là gàn dở.
C. Tất cả mọi người đều thoát nạn.
D. Chẳng ai tin và làm theo.",Chẳng ai tin và làm theo.,"Hai vợ chồng đã khuyên bà coan trong bản tránh lũ lụt nhưng chuyện chi đã xảy ra?
A. Mọi người đều tin và làm theo.
B. Mọi người mắng hai vợ chồng là gàn dở.
C. Tất cả mọi người đều thoát nạn.
D. Chẳng ai tin và làm theo.",D,PNT1,Daily Conversation,high,a4432712-749b-4d01-8b03-4cb9d0f81348,0,EXPERT_AUTO_PASS,70,2.940406322479248,18.92353380752101,71,3.3614702224731445,28.831548524608188,0.4210638999938965,9.908014717087177,1.5235816321552644,51,51,1.0
MCQA_0036_5,MCQA,"Lần thứ hai, cậu bé lại quay về hỏi bà điều gì?
A. Bát nào là bát tương, bát nào là bát mắm.
B. Bát nào đựng mắm, bát nào đựng tương.
C. Đồng nào mua mắm, đồng nào mua tương.
D. Chọn mắm và tương như thế nào là ngon.","Đồng nào mua mắm, đồng nào mua tương.","Lần thứ hai, cậu bé lại quay về huổi bà điều chi?
A. Bát mô là bát tương, bát mô là bát mắm.
B. Bát mô đựng mắm, bát mô đựng tương.
C. Đồng mô mua mắm, đồng mô mua tương.
D. Chọn mắm và tương răng là ngon.",C,PNT1,Daily Conversation,high,a4432712-749b-4d01-8b03-4cb9d0f81348,0,EXPERT_AUTO_PASS,80,2.469477891921997,11.81627586774381,79,3.2018229961395264,24.577293694395934,0.7323451042175293,12.761017826652123,2.0799525983890814,51,49,0.9607843137254902
MCQA_0037_2,MCQA,"Sau câu nói của ông bố: ""Con chuyển máy cho mẹ nhé?"", Tường đã làm gì?
A. Tường không chuyển máy cho mẹ.
B. Chuyển máy cho mẹ, quay lại bàn học.
C. Chuyển máy cho mẹ và đứng cạnh để nghe.
D. Tường nói chào bố.","Chuyển máy cho mẹ, quay lại bàn học.","Sau câu nuối của ông bố: ""Con chuyển máy cho mẹ nhé?"", Tường đã làm chi?
A. Tường không chuyển máy choa mẹ.
B. Chuyển máy choa mẹ, quay lại bàn học.
C. Chuyển máy choa mẹ và đứng cạnh để nghie.
D. Tường nuối chào bố.",B,PNT1,Daily Conversation,high,a4432712-749b-4d01-8b03-4cb9d0f81348,0,EXPERT_AUTO_PASS,68,2.859607219696045,17.454669739496456,73,3.631218910217285,37.75881318182542,0.7716116905212402,20.30414344232896,2.1632499351382575,47,47,1.0
MCQA_0037_4,MCQA,"Tại sao không nên nghe người khác khi họ nói chuyện điện thoại?
A. Vì như vậy là mất lịch sự.
B. Vì như vậy là quá lịch sự.
C. Vì không nên quan tâm đến người khác.
D. Vì nên nghe người khác nói chuyện trực tiếp.",Vì như vậy là mất lịch sự.,"Tại sao không nên nghie ngừi khác khi họ nuối chuyện địn thoại?
A. Vì như rứ là mất lịch sự.
B. Vì như rứ là quá lịch sự.
C. Vì không nên quan tâm đến người khác.
D. Vì nên nghe người khác nói chuyện trực tiếp.",A,PNT1,Daily Conversation,high,a4432712-749b-4d01-8b03-4cb9d0f81348,0,EXPERT_AUTO_PASS,62,2.162851333618164,8.695897246925405,69,3.42185378074646,30.62613657246309,1.259002447128296,21.930239325537684,3.5219064465477126,48,48,1.0
MCQA_0041_7,MCQA,"Câu nói ""Người đâu mà lười thế!"" của anh chàng lười có gì đáng buồn cười?
A. Chàng lười lại đi cảm ơn người khác.
B. Chàng lười lại chịu đi nhờ người khác.
C. Chàng lười lại đi chê người khác lười.
D. Vì chàng lười quá siêng năng so với người khác.",Chàng lười lại đi chê người khác lười.,"Câu nuối ""Người đâu mà nhác thế!"" của anh chàng lười có gì đáng buồn cười?
A. Chàng nhác lại đi cảm ơn người khác.
B. Chàng nhác lại chịu đi nhờ người khác.
C. Chàng nhác lại đi chê người khác lười.
D. Vì chàng lười quá siêng năng so với người khác.",C,PNT1,Daily Conversation,high,a4432712-749b-4d01-8b03-4cb9d0f81348,0,EXPERT_AUTO_PASS,81,2.668083667755127,14.412323911455985,82,3.1383607387542725,23.06602461029395,0.4702770709991455,8.653700698837966,1.6004375666272226,54,54,1.0
MCQA_0042_7,MCQA,"Việc cho rằng phần mình ít hơn phần người kia mới mới là công bằng, cho thấy hai anh em có mối quan hệ như thế nào?
A. Hai anh em đều không biết tính toán.
B. Hai anh em đều chê thóc lúa.
C. Hai anh em rất yêu thương nhau.
D. Hai anh em rất đố kị nhau.",Hai anh em rất yêu thương nhau.,"Việc choa rằng phần mình ít hơn phần người kia mới mới là công bằng, cho thấy hai anh em có mối quan hệ như thế nào?
A. Hai anh em đều không biết tính tón.
B. Hai anh em đều chê thóc lú.
C. Hai anh em rất yêu thưng nhau.
D. Hai anh em rất đố kị nhau.",C,PNT1,Daily Conversation,high,a4432712-749b-4d01-8b03-4cb9d0f81348,0,EXPERT_AUTO_PASS,84,2.5265467166900635,12.510230088678572,87,3.0755841732025146,21.66253288718308,0.5490374565124512,9.152302798504508,1.7315854891259834,60,60,1.0
MCQA_0043_3,MCQA,"Theo lời người cha đã mất, hai người con đã làm gì?
A. Hai người con rời bỏ mảnh đất quê hương, theo đuổi điều hão huyền.
B. Hai người con đào bới cả đám ruộng mà chẳng thấy kho báu đâu.
C. Hai người con thay phiên nhau cấy cày, làm giàu từ mảnh ruộng.
D. Hai người con bán mảnh ruộng, lên thành phố kiếm sống.",Hai người con đào bới cả đám ruộng mà chẳng thấy kho báu đâu.,"Theo lời người cha đã mất, hai người coan đã làm chi?
A. Hai người coan rời bỏ mảnh đất quê hưng, theo đủi điều hão huyền.
B. Hai người coan đào bới cả đám ruộng mà chẳng thấy kho báu mô.
C. Hai người coan thay phin nhau cấy cày, làm giàu từ mảnh ruộng.
D. Hai người coan bán mảnh ruộng, lên thành phố kiếm sống.",B,PNT1,Daily Conversation,high,a4432712-749b-4d01-8b03-4cb9d0f81348,0,EXPERT_AUTO_PASS,98,3.020037889480591,20.492068103300454,106,3.672393321990967,39.3459608167897,0.652355432510376,18.853892713489245,1.9200580741019808,68,68,1.0
MCQA_0043_4,MCQA,"Không tìm được kho báu như lời của người cha đã mất, hai người con đã làm gì?
A. Họ đem bán đi.
B. Họ đành trồng lúa.
C. Họ cho thuê mảnh ruộng.
D. Họ thuê người cày cấy.",Họ đành trồng lúa.,"Không tìm được kho báu như lời của người cha đã mất, hai người coan đã làm chi?
A. Bọn hấn đem bán đi.
B. Bọn hấn đành trồng lúa.
C. Bọn hấn cho thuê mảnh ruộng.
D. Bọn hấn thuê người cày cấy.",B,PNT1,Daily Conversation,high,a4432712-749b-4d01-8b03-4cb9d0f81348,0,EXPERT_AUTO_PASS,58,3.147028923034668,23.26683423227829,71,3.3038201332092285,27.216410898178317,0.15679121017456055,3.949576665900029,1.1697513562210688,40,44,1.1
MCQA_0047_2,MCQA,"Cô giáo đã nói gì khi bước vào lớp học?
A. Cô khen lớp học sạch sẽ. .
B. Cô giáo chê lớp học hôm nay bẩn quá.
C. Cô giáo yêu cầu cả lớp hãy dọn sạch những mẩu giấy vụn nằm trên đất. .
D. Cô giáo đã chào lớp.",Cô khen lớp học sạch sẽ. .,"Cô giáo đã nói gì khi bước vào lớp học?
A. Cô khen lớp học sạch sẽ. .
B. Cô giáo chê lớp học hôm nay bửn quá.
C. Cô giáo yêu cầu cả lớp hãy dọn sạch những mẩu giấy vụn nằm trên đất. .
D. Cô giáo đã chào lớp.",A,PNT1,Daily Conversation,high,a4432712-749b-4d01-8b03-4cb9d0f81348,0,EXPERT_AUTO_PASS,69,2.832665205001831,16.990684189488487,70,3.134537696838379,22.97801057923921,0.30187249183654785,5.987326389750724,1.3523887751062351,52,52,1.0
MCQA_0047_4,MCQA,"Khi cô giáo yêu cầu nghe mẫu giấy nói gì, cả lớp đã làm gì?
A. Im lặng lắng nghe yêu cầu của cô giáo .
B. Xì xào bàn tán về yêu cầu kì lạ .
C. Xì xào bàn tán về yêu cầu kì lạ im lặng lắng nghe lời mẩu giấy vụn .
D. Xì xào về lời của mẩu giấy vụn .",Xì xào bàn tán về yêu cầu kì lạ im lặng lắng nghe lời mẩu giấy vụn .,"Khi cô giáo yêu cầu nghe mẩu giấy nói chi, cả lớp đã mằn chi?

A. Im lặng lắng nghe yêu cầu của cô giáo.
B. Xì xào bàn tán về yêu cầu kì lạ.
C. Xì xào bàn tán về yêu cầu kì lạ, im lặng lắng nghe lời mẩu giấy vụn.
D. Xì xào về lời của mẩu giấy vụn.",C,PNT1,Daily Conversation,high,a4432712-749b-4d01-8b03-4cb9d0f81348,0,EXPERT_AUTO_PASS,86,2.998425245285034,20.05393202073113,90,2.9931259155273438,19.9479407115096,-0.00529932975769043,-0.10599130922152966,0.9947146869196545,66,62,0.9393939393939394
MCQA_0048_2,MCQA,"Muốn con mình ngủ ngon giấc, người mẹ đã làm gì?
A. Mẹ hát ru, đưa võng và quạt cho con.
B. Mẹ kể chuyện cho nghe trước khi đi ngủ.
C. Mẹ mua cho con nhiều gấu bông.
D. Mẹ bật quạt cho con mát.","Mẹ hát ru, đưa võng và quạt cho con.","Muốn con mình ngủ ngon giấc, người mẹ đã mằn chi?

A. Mẹ hát ru, đưa võng và quạt cho con.
B. Mẹ kể chuyện cho nghe trước khi đi ngủ.
C. Mẹ mua cho con nhiều gấu bông.
D. Mẹ bật quạt cho con mát.
",A,PNT1,Daily Conversation,high,a4432712-749b-4d01-8b03-4cb9d0f81348,0,EXPERT_AUTO_PASS,66,3.004279851913452,20.17168426425469,68,3.5224034786224365,33.865726275073165,0.5181236267089844,13.694042010818475,1.6788744971130176,46,46,1.0
MCQA_0048_5,MCQA,"Để có giấc ngủ ngon trong đêm cho con, người mẹ đã làm gì?
A. Người mẹ đã tạo gió làm dịu đi cái hè oi bức.
B. Người mẹ đã thức trắng đêm để đắp chăn cho con.
C. Người mẹ nấu cháo cho con ăn.
D. Người mẹ đã đi mua thuốc về cho con.",Người mẹ đã tạo gió làm dịu đi cái hè oi bức.,"Để con có giấc ngủ ngon trong đêm, người mẹ đã mằn chi?

A. Người mẹ đã tạo gió làm dịu đi cái nắng hè oi bức.
B. Người mẹ đã thức trắng đêm để đắp chăn cho con.
C. Người mẹ nấu cháo cho con ăn.
D. Người mẹ đã đi mua thuốc về cho con.
",A,PNT1,Daily Conversation,high,a4432712-749b-4d01-8b03-4cb9d0f81348,0,EXPERT_AUTO_PASS,74,2.6129088401794434,13.638665906349102,76,3.097864866256714,22.15060624860376,0.4849560260772705,8.51194034225466,1.6241035890682065,57,57,1.0
MCQA_0051_0,MCQA,"Em nhỏ hỏi bố điều gì khi cầm tờ lịch cũ?
A. Ngày hôm kia đâu rồi?.
B. Ngày hôm nay đâu rồi?.
C. Ngày hôm xưa đâu rồi?.
D. Ngày hôm qua đâu rồi?.",Ngày hôm qua đâu rồi?.,"Em nhỏ hỏi bố điều chi khi cầm tờ lịch cũ?

A. Ngày hôm kia đi mô rồi?
B. Ngày hôm nay đi mô rồi?
C. Ngày hôm xưa đi mô rồi?
D. Ngày hôm qua đi mô rồi?
",D,PNT1,Daily Conversation,high,a4432712-749b-4d01-8b03-4cb9d0f81348,0,EXPERT_AUTO_PASS,49,2.945615768432617,19.022372157132736,50,3.3271484375,27.858787256868826,0.3815326690673828,8.83641509973609,1.464527506177653,35,39,1.1142857142857143
MCQA_0051_4,MCQA,"Trong khổ thơ cuối, bố đã dặn bạn nhỏ điều gì để ngày hôm qua vẫn còn?
A. Học hành chăm chỉ.
B. Ghi nhớ trong đầu.
C. Xem lịch mỗi ngày.
D. Viết nhật ký.",Học hành chăm chỉ.,"Trong khổ thơ cuối, bố đã dặn bạn nhỏ điều chi để ngày hôm qua vẫn còn?

A. Học hành chăm chỉ.
B. Ghi nhớ trong đầu.
C. Xem lịch mỗi ngày.
D. Viết nhật ký.
",A,PNT1,Daily Conversation,high,a4432712-749b-4d01-8b03-4cb9d0f81348,0,EXPERT_AUTO_PASS,52,3.4769811630249023,32.36187922677163,52,3.7219626903533936,41.34546286727759,0.2449815273284912,8.983583640505962,1.2775977123440414,36,36,1.0
MCQA_0037_4,MCQA,"Tại sao không nên nghe người khác khi họ nói chuyện điện thoại?
A. Vì như vậy là mất lịch sự.
B. Vì như vậy là quá lịch sự.
C. Vì không nên quan tâm đến người khác.
D. Vì nên nghe người khác nói chuyện trực tiếp.",Vì như vậy là mất lịch sự.,"Tại ren không nên nghe người khác khi họ nói chuyện điện thoại?
A. Vì như rứa là mất lịch sự.
B. Vì như rứa là quá lịch sự.
C. Vì không nên quan tâm tới người khác.
D. Vì nên nghe người khác nói chuyện trực tiếp.",A,PNT4,Daily Conversation,high,5ea76d15-516d-4285-a781-7b1c6a04a627,0,EXPERT_AUTO_PASS,62,2.162851333618164,8.695897246925405,65,2.803738594055176,16.50624169722415,0.6408872604370117,7.8103444502987465,1.8981642984638805,48,48,1.0
MCQA_0030_1,MCQA,"Dúi đã van xin tha mạng và sẽ nói cho hai vợ chồng về điều gì?
A. Sắp có núi lửa, bảo hai vợ chồng hãy chạy về đồng bằng.
B. Sắp có động đất, bảo hai vợ chồng hãy rời khỏi núi.
C. Sắp có hạn hán, bảo hai vợ chồng hãy tích trữ nước.
D. Sắp có mưa và ngập lụt, nên chuẩn bị thức ăn.","Sắp có mưa và ngập lụt, nên chuẩn bị thức ăn.","Dúi đã van xin tha mạng và sẽ nói cho hai vợ chồng về điều chi?
A. Sắp có núi lửa, kêu hai vợ chồng hãy chạy về đồng bằng.
B. Sắp có động đất, kêu hai vợ chồng hãy đi khỏi núi.
C. Sắp có hạn hán, kêu hai vợ chồng hãy tích trữ nước.
D. Sắp có mưa và ngập lụt, nên chuẩn bị thức ăn.",D,PNT4,Daily Conversation,high,caa27aaf-592f-49ce-b541-02f33da2b90f,0,EXPERT_AUTO_PASS,92,2.8763797283172607,17.749897270323366,95,2.8866934776306152,17.933912573770115,0.010313749313354492,0.1840153034467491,1.0103671193497221,68,68,1.0
MCQA_0138_3,MCQA,"Ngựa đã nói như thế nào khi lừa nhờ vả?
A. Thôi thế chị chở ông chủ đi, để tôi chở hàng hóa cho.
B. Hay để tôi xin ông chủ cho chị nghỉ một mát nhé.
C. Thôi, việc ai người nấy lo. Tôi không giúp chị được đâu.
D. Ừ, chị cứ đưa qua đây, tôi mang đỡ hàng hóa cho.","Thôi, việc ai người nấy lo. Tôi không giúp chị được đâu.","Ngựa đã nói sao khi lừa nhờ vả?
A. Thôi vậy chị chở ông chủ đi, để tui chở hàng hóa cho.
B. Hay để tui xin ông chủ cho chị nghỉ một mát nhen.
C. Thôi, việc ai người nấy lo. Tui hông giúp chị được đâu.
D. Ừ, chị cứ đưa qua đây, tui mang đỡ hàng hóa cho.",C,PNN,Daily Conversation,high,9d0d5c61-1083-4b35-8c02-c2c597f8212f,0,EXPERT_AUTO_PASS,87,3.9419381618499756,51.51835551062191,92,4.110525131225586,60.978730999005016,0.16858696937561035,9.460375488383107,1.1836311620318043,63,61,0.9682539682539683
MCQA_0120_3,MCQA,"Cậu bé đã làm gì để thực hiện mong muốn để nhìn rõ mặt vua?
A. Cậu trèo lên cây đa đầu làng.
B. Cậu chạy theo xa giá của vua.
C. Cậu bắc ghế trèo lên xe vua.
D. Cậu cởi hết quần áo, nhảy xuống hồ tắm.","Cậu cởi hết quần áo, nhảy xuống hồ tắm.","Cậu bé đã làm cấy chi để thực hiện mong muốn để nhìn rõ mặt vua?
A. Cậu trèo lên cây đa đầu làng.
B. Cậu chạy theo xa giá của vua.
C. Cậu bắc ghế trèo lên xe vua.
D. Cậu cởi hết quần áo, nhảy xuống hồ tắm.",D,PNT1,Daily Conversation,high,56164f4c-6810-404e-94aa-34d47c343da0,0,EXPERT_AUTO_PASS,76,3.0861129760742188,21.891818358288,78,3.36794376373291,29.018796167324624,0.2818307876586914,7.1269778090366245,1.3255544008448448,49,50,1.0204081632653061
MCQA_0123_6,MCQA,"Chi tiết nào không nói lên tình cảm của các nhân vật đối với quê hương?
A. Thuyên, Đồng bùi ngùi nhớ đến quê hương.
B. Anh thanh niên cúi đầu, môi mím chặt lộ vẻ đau thương.
C. Thuyên và Đồng rời quê đi làm đã mấy năm không về.
D. Thuyên, Đồng lặng nhìn nhau, đôi mắt rớm lệ.",Thuyên và Đồng rời quê đi làm đã mấy năm không về.,"Chi tiết nào nỏ nói lên tình cảm của các nhân vật đối với quê hương?
A. Thuyên, Đồng bùi ngùi nhớ đến quê hương.
B. Anh thanh niên cúi đầu, môi mím chặt lộ vẻ đau thương.
C. Thuyên ví Đồng rời quê đi làm đã mấy năm không về.
D. Thuyên, Đồng lặng nhìn nhau, đôi mắt rớm lệ.",C,PNT1,Daily Conversation,high,56164f4c-6810-404e-94aa-34d47c343da0,0,EXPERT_AUTO_PASS,88,3.369971990585327,29.07771259668098,89,3.6108558177948,36.99770256190156,0.24088382720947266,7.919989965220584,1.2723732115752666,61,61,1.0
MCQA_0126_2,MCQA,"Hạt mầm đã phát triển, thay đổi như thế nào?
A. Từ hạt mầm, được ngâm ủ trong nước nảy lên những lá vàng.
B. Từ hạt mầm nhú thành mầm cây với những chiếc lá xanh.
C. Từ hạt mầm được rang chín nhú thành mầm cây xanh tốt.
D. Từ hạt mầm bị úng nước mưa đến thối đen.",Từ hạt mầm nhú thành mầm cây với những chiếc lá xanh.,"Hạt mầm đã phát triển, thay đổi như thế nào?
A. Từ hạt mầm, được ngâm ủ trong nước nảy lên những lá vàng.
B. Từ hạt mầm nhú thành mầm cây ví những chiếc lá xanh.
C. Từ hạt mầm được rang chín nhú thành mầm cây xanh tốt.
D. Từ hạt mầm bị úng nước mưa đến thối đen.",B,PNT1,Daily Conversation,high,56164f4c-6810-404e-94aa-34d47c343da0,0,EXPERT_AUTO_PASS,91,2.912679672241211,18.406054736295978,91,3.084684133529663,21.860560733270166,0.17200446128845215,3.454505996974188,1.1876831317991272,61,61,1.0
MCQA_0128_1,MCQA,"Những chi tiết nào cho thấy Én con rất sợ bay qua sông?
A. Én con sợ hãi nhìn dòng sông.
B. Bố mẹ động viên nhưng Én con vẫn không dám bay qua sông.
C. Én con sợ bị chóng mặt và rơi xuống.
D. Én con sợ dòng sông, không dám bay qua sông, sợ bị chóng mặt và rơi xuống.","Én con sợ dòng sông, không dám bay qua sông, sợ bị chóng mặt và rơi xuống.","Những chi tiết mô cho thấy Én con rất sợ bay qua sông?
A. Én con sợ hãi nhìn dòng sông.
B. Bố mẹ động viên nhưng Én con vẫn nỏ dám bay qua sông.
C. Én con sợ bị chóng mặt ví rơi xuống.
D. Én con sợ dòng sông, nỏ dám bay qua sông, sợ bị chóng mặt ví rơi xuống.",D,PNT1,Daily Conversation,high,56164f4c-6810-404e-94aa-34d47c343da0,0,EXPERT_AUTO_PASS,84,2.6342930793762207,13.933459131190984,86,3.0998876094818115,22.195456582387276,0.4655945301055908,8.261997451196292,1.5929609706681707,63,63,1.0
MCQA_0128_2,MCQA,"Người bố đã làm gì để giúp Én con bay qua sông?
A. Đưa cho Én con một chiếc lá và bảo đó là lá thần kì, giúp Én con qua sông an toàn.
B. Bay sát Én con để phòng ngừa con gặp nguy hiểm.
C. Đỡ một cánh để giúp Én con bay qua.
D. Bố động viên Én rất nhiều.","Đưa cho Én con một chiếc lá và bảo đó là lá thần kì, giúp Én con qua sông an toàn.","Người bố đã làm cấy chi để giúp Én con bay qua sông?
A. Đưa cho Én con một chiếc lá và bảo đó là lá thần kì, giúp Én con qua sông an toàn.
B. Bay sát Én con để phòng ngừa con gặp nguy hiểm.
C. Đỡ một cánh để giúp Én con bay qua.
D. Bố động viên Én rất nhiều.",A,PNT1,Daily Conversation,high,56164f4c-6810-404e-94aa-34d47c343da0,0,EXPERT_AUTO_PASS,84,3.3160407543182373,27.551052945838087,86,3.592043876647949,36.308209642400634,0.2760031223297119,8.757156696562546,1.3178519787892686,63,64,1.0158730158730158
MCQA_0138_3,MCQA,"Ngựa đã nói như thế nào khi lừa nhờ vả?
A. Thôi thế chị chở ông chủ đi, để tôi chở hàng hóa cho.
B. Hay để tôi xin ông chủ cho chị nghỉ một mát nhé.
C. Thôi, việc ai người nấy lo. Tôi không giúp chị được đâu.
D. Ừ, chị cứ đưa qua đây, tôi mang đỡ hàng hóa cho.","Thôi, việc ai người nấy lo. Tôi không giúp chị được đâu.","Ngựa đã nói như thế nào khi lừa nhờ vả?
A. Thôi thế chị chở ông chủ đi, để tôi chở hàng hóa chua.
B. Hay để tôi xin ông chủ chua chị nghỉ một mát nhé.
C. Thôi, việc ai người nấy lo. Tôi không giúp chị được mô.
D. Ừ, chị cứ đưa qua đây, tôi mang đỡ hàng hóa chua.",C,PNT1,Daily Conversation,high,56164f4c-6810-404e-94aa-34d47c343da0,0,EXPERT_AUTO_PASS,87,3.9419381618499756,51.51835551062191,90,4.221274375915527,68.12023979106728,0.27933621406555176,16.60188428044537,1.3222518288073546,63,63,1.0
MCQA_0138_5,MCQA,"Điều gì đã xảy ra khi lừa vẫn phải tiếp tục mang đồ nặng?
A. Lừa từ đó ghét ngựa và không nói chuyện với ngựa nữa.
B. Lừa kiệt sức, trút bỏ hết đồ đạc trên lưng và chạy trốn.
C. Lừa bị gãy chân và không thể tiếp tục chở đồ đạc được nữa.
D. Lừa kiệt sức, ngã gục xuống và chết bên vệ đường.","Lừa kiệt sức, ngã gục xuống và chết bên vệ đường.","Điều chi đã xảy ra khi lừa vẫn phải tiếp tục mang đồ nặng?
A. Lừa từ đó ghét ngựa và không nói chuyện ví ngựa nữa.
B. Lừa kiệt sức, trút bỏ hết đồ đạc trên lưng và chạy trốn.
C. Lừa bị gãy chân và không thể tiếp tục chở đồ đạc được nữa.
D. Lừa kiệt sức, ngã gục xuống và chết bên vệ đường.",D,PNT1,Daily Conversation,high,56164f4c-6810-404e-94aa-34d47c343da0,0,EXPERT_AUTO_PASS,100,3.023446798324585,20.56204289657259,100,3.2895264625549316,26.8301555639408,0.2660796642303467,6.268112667368211,1.304839003541473,68,68,1.0
MCQA_0141_3,MCQA,"Lá cọ được tác giả gọi bằng cái tên đáng yêu nào khác?
A. Quả bóng xanh.
B. Bầu trời xanh.
C. Mặt trời hồng.
D. Mặt trời xanh.",Mặt trời xanh.,"Lá cọ được tác giả gọi bằng cái tên đáng yêu nào khác?
A. Quả bóng xanh.
B. Bầu trời xanh.
C. Mặt trời hồng.
D. Mặt trời xanh.",D,PNT1,Daily Conversation,high,56164f4c-6810-404e-94aa-34d47c343da0,0,EXPERT_AUTO_PASS,45,2.8173224925994873,16.731990613677496,45,2.8173224925994873,16.731990613677496,0.0,0.0,1.0,29,29,1.0
MCQA_0142_1,MCQA,"Những câu văn nào cho thấy tình yêu của cô bé với vẻ đẹp của hoa ?
A. Cô bé âu yếm áp nụ cười của mình lên những nụ hoa đào.
B. Cô bé áp bông hồng vào ngực, một ánh sáng từ đó tỏa bừng trên gương mặt cô.
C. Cô bé đi vào trong vườn hoa.
D. ","Cô bé áp bông hồng vào ngực, một ánh sáng từ đó tỏa bừng trên gương mặt cô.","Những câu văn nào chua thấy tình yêu của cô bé ví vẻ đẹp của hoa ?
A. Cô bé âu yếm áp nụ cười của mình lên những nụ hoa đào.
B. Cô bé áp bông hồng vào ngực, một ánh sáng từ đó tỏa bừng trên gương mặt cô.
C. Cô bé đi vào trong vườn hoa.
D. ",B,PNT1,Daily Conversation,high,56164f4c-6810-404e-94aa-34d47c343da0,0,EXPERT_AUTO_PASS,80,2.8146612644195557,16.68752216533824,81,3.2113330364227295,24.812139674878967,0.39667177200317383,8.124617509540727,1.486867818304171,60,60,1.0
MCQA_0147_4,MCQA,"Khổ thơ nào trong bài có cấu trúc đặc biệt so với những khổ thơ khác?
A. Khổ 1.
B. Khổ 3.
C. Khổ 5.
D. Khổ 6.",Khổ 6.,"Khổ thơ mô trong bài cúa cấu trúc đặc biệt so ví những khổ thơ khác?
A. Khổ 1.
B. Khổ 3.
C. Khổ 5.
D. Khổ 6.",D,PNT1,Daily Conversation,high,56164f4c-6810-404e-94aa-34d47c343da0,0,EXPERT_AUTO_PASS,46,2.3562753200531006,10.55157692222288,47,3.3142249584198,27.501071248914485,0.9579496383666992,16.949494326691607,2.6063470371896686,28,28,1.0
MCQA_0148_3,MCQA,"Bạn Dìn kể về việc đi học của học sinh như thế nào?
A. Nhà ai nghèo thì Ủy ban xã cho tiền đi học.
B. Sáng thứ 2 chúng em đến trường cùng gạo ăn 1 tuần, thứ 7 lại về.
C. Sáng thứ 2 chúng em đến trường cùng gạo ăn 1 tháng, cuối tháng lại về.
D. Sáng thứ 2 chúng em đến trường cùng gạo ăn 1 ngày, tối lại về.","Sáng thứ 2 chúng em đến trường cùng gạo ăn 1 tuần, thứ 7 lại về.","Bạn Dìn kể về việc đi học của học sinh như thế nào?
A. Nhà ai nghèo thì Ủy ban xã chua tiền đi học.
B. Sáng thứ 2 chúng em đến trường cùng gạo ăn 1 tuần, thứ 7 lại viền.
C. Sáng thứ 2 chúng em đến trường cùng gạo ăn 1 tháng, cuối tháng lại viền.
D. Sáng thứ 2 chúng em đến trường cùng gạo ăn 1 ngày, tối lại viền.",B,PNT1,Daily Conversation,high,56164f4c-6810-404e-94aa-34d47c343da0,0,EXPERT_AUTO_PASS,98,2.6614179611206055,14.316575059741567,102,2.8364927768707275,17.055841872634687,0.17507481575012207,2.7392668128931206,1.191335343925656,75,75,1.0
MCQA_0152_0,MCQA,"Khi đi ra khỏi cửa hiệu, hai bà cháu Cai-li đã gặp cậu thiếu niên như thế nào?
A. To lớn, ăn mặc lịch sự.
B. Có mái tóc cạo sạch bóng, chỉ còn lại một chỏm, mũi được xỏ khuyên, tai đeo toòng teng, còn hai cánh tay đều bận ôm đồ.
C. Có mái tóc cạo sạch bóng, nhanh nhẹn, không mang theo đồ gì.
D. ","Có mái tóc cạo sạch bóng, chỉ còn lại một chỏm, mũi được xỏ khuyên, tai đeo toòng teng, còn hai cánh tay đều bận ôm đồ.","Khi đi ra khuổi cửa hiệu, hai bà cháu Cai-li đã gặp cậu thiếu niên như thế nào?
A. To lớn, ăn mặc lịch sự.
B. Cúa mái tóc cạo sạch bóng, chỉ còn lại một chỏm, mũi được xỏ khuyên, tai đeo toòng teng, còn hai cánh tay đều bận ôm đồ.
C. Cúa mái tóc cạo sạch bóng, nhanh nhẹn, không mang theo đồ chi cả.
D. ",B,PNT1,Daily Conversation,high,56164f4c-6810-404e-94aa-34d47c343da0,0,EXPERT_AUTO_PASS,101,3.612640380859375,37.063786243078106,105,3.8802011013031006,48.4339542233429,0.2675607204437256,11.370167980264796,1.3067729752620254,68,69,1.0147058823529411
MCQA_0152_3,MCQA,"Câu “Tôi mong mình hạ xuống ngang tầm của Cai-li và nâng tầm nhìn của mình lên.” ý nói gì?
A. Bà mong mình có được một cái nhìn trẻ thơ, không định kiến, bao dung như Cai-li.
B. Bà mong mình thấp bé để không thấy cái đầu cạo trọc của cậu thiếu niên.
C. Bà mong mình trở lại tuổi thơ để có dịp giúp mọi người nhiều hơn.
D. ","Bà mong mình có được một cái nhìn trẻ thơ, không định kiến, bao dung như Cai-li.","Câu “Tau mong mình hạ xuống ngang tầm của Cai-li và nâng tầm nhìn của mình lên.” ý nói gì?
A. Bà mong mình cúa được một cái nhìn trẻ thơ, không định kiến, bao dung như Cai-li.
B. Bà mong mình thấp bé để không thấy cái đầu cạo trọc của cậu thiếu niên.
C. Bà mong mình trở lại tuổi thơ để cúa dịp giúp mọi người nhiều hơn.
D. ",A,PNT1,Daily Conversation,high,56164f4c-6810-404e-94aa-34d47c343da0,0,EXPERT_AUTO_PASS,93,3.4638400077819824,31.93938883379136,95,3.7299182415008545,41.675700681997284,0.26607823371887207,9.736311848205926,1.3048371369556409,72,72,1.0
NLI_0830,NLI,"""Tôi biết Joe Biden khá lâu rồi, và ông ấy có năng lượng của Donald Trump hay không thì chúng ta đều biết"", lãnh đạo phe Cộng hòa tại Hạ viện Kevin McCarthy trả lời phỏng vấn hôm 14/5.",Lãnh đạo phe Cộng hòa tại Hạ viện Kevin McCarthy trả lời phỏng vấn hôm 14/5 cho rằng năng lực của Joe Biden thì ai cũng đều biết.,Lãnh đạo phe Cộng hòa tại Hạ viện Kevin McCarthy trả lời phỏng vấn hôm 14/5 chua rằng năng lực của Joe Biden thì ai cũng đều biết.,Contradiction,PNT1,Daily Conversation,high,56164f4c-6810-404e-94aa-34d47c343da0,0,EXPERT_AUTO_PASS,50,3.4180498123168945,30.509857017914566,39,3.7494394779205322,42.497254673254126,0.3313896656036377,11.98739765533956,1.3929024527483325,39,28,0.717948717948718
NLI_1069,NLI,"""Chúng tôi luôn vào trận với mục tiêu chiến thắng, bất kể trong hoàn cảnh nào"", Solskjaer nhấn mạnh.","Theo Solskjaer nhận xét: ""Trận chiến có thể sẽ không kết thúc như vậy nếu chúng tôi không chủ quan.""","Theo Solskjaer nhận xét: ""Trận chiến cúa thể sẽ không kết thúc như vậy nếu chúng tôi không chủ quan.""",Neutral,PNT1,Daily Conversation,high,56164f4c-6810-404e-94aa-34d47c343da0,0,EXPERT_AUTO_PASS,28,2.914027452468872,18.430878777857238,31,3.9766464233398438,53.33786135349118,1.0626189708709717,34.90698257563394,2.893940218280368,19,20,1.0526315789473684
NLI_1077,NLI,"""Cô ấy gửi cho tôi ảnh cái ví trông như thế nào, cái nhẫn nằm trong cái ví"", Jovani Quiles, quản lý bãi rác, nói.",Jovani Quiles đã nhận đức hình chụp cái ví.,Jovani Quiles đã nhận đức hình chụp cấy ví.,Entailment,PNT1,Daily Conversation,high,56164f4c-6810-404e-94aa-34d47c343da0,0,EXPERT_AUTO_PASS,36,4.419093132019043,83.02096215707775,14,6.708712100982666,819.5145075720135,2.289618968963623,736.4935454149357,9.87117574018802,25,9,0.36
NLI_1420,NLI,"""Tôi không thể nói được lúc đó mình cảm thấy thế nào"", Watson nói.",Ông Watson không cảm thấy buồn ngày lúc đó.,Ông Watson không cảm thấy buồn ngay lúc đứa.,Contradiction,PNT1,Daily Conversation,high,56164f4c-6810-404e-94aa-34d47c343da0,0,EXPERT_AUTO_PASS,17,3.4432148933410645,31.287382252317556,12,5.448808670043945,232.48103923952698,2.005593776702881,201.1936569872094,7.430504647678102,14,9,0.6428571428571429
NLI_1465,NLI,"""Cô ấy gửi cho tôi ảnh cái ví trông như thế nào, cái nhẫn nằm trong cái ví"", Jovani Quiles, quản lý bãi rác, nói.","Jovani Quiles đã nhận tin nhắn hình ảnh về cái ví, nhẫn qua mạng xã hội mà cô ấy gửi.","Jovani Quiles đã nhận tin nhắn hình ảnh về cấy ví, nhẫn qua mạng xã hội mà cô nứ gửi.",Neutral,PNT1,Daily Conversation,high,56164f4c-6810-404e-94aa-34d47c343da0,0,EXPERT_AUTO_PASS,36,4.419093132019043,83.02096215707775,28,5.377837181091309,216.55340277014676,0.9587440490722656,133.532440613069,2.6084183698139065,25,20,0.8
MCQA_0141_3,MCQA,"Lá cọ được tác giả gọi bằng cái tên đáng yêu nào khác?
A. Quả bóng xanh.
B. Bầu trời xanh.
C. Mặt trời hồng.
D. Mặt trời xanh.",Mặt trời xanh.,"Lá cọ được tác giả gọi bằng cái tên đáng yêu nào khác?
A. Trái bóng xanh.
B. Bầu trời xanh.
C. Mặt trời hồng.
D. Mặt trời xanh.",D,PNN,Daily Conversation,high,9d0d5c61-1083-4b35-8c02-c2c597f8212f,0,EXPERT_AUTO_PASS,45,2.8173224925994873,16.731990613677496,45,2.7627408504486084,15.843207355423433,-0.054581642150878906,-0.8887832582540636,0.9468812002842308,29,29,1.0
MCQA_0047_2,MCQA,"Cô giáo đã nói gì khi bước vào lớp học?
A. Cô khen lớp học sạch sẽ. .
B. Cô giáo chê lớp học hôm nay bẩn quá.
C. Cô giáo yêu cầu cả lớp hãy dọn sạch những mẩu giấy vụn nằm trên đất. .
D. Cô giáo đã chào lớp.",Cô khen lớp học sạch sẽ. .,"Cô giáo đã nói chi khi bước vô lớp học?
A. Cô khen lớp học sạch sẽ. .
B. Cô giáo chê lớp học bữa ni bẩn kinh.
C. Cô giáo yêu cầu cả lớp hãy dọn sạch những mẩu giấy vụn nằm trên đất. .
D. Cô giáo đã chào lớp.",A,PNT4,Daily Conversation,high,caa27aaf-592f-49ce-b541-02f33da2b90f,0,EXPERT_AUTO_PASS,69,2.832665205001831,16.990684189488487,69,3.7162280082702637,41.10903833983712,0.8835628032684326,24.118354150348633,2.4195045874179555,52,52,1.0
QA_19329,QA,"Đã có sự thay đổi như thế nào về ""viện hạt thị"" khi Hiến pháp Trung Hoa Dân Quốc được ban hành?","viện hạt thị"" đổi sang gọi là ""trực hạt thị","Đã có sự thay đổi ra ren về ""viện hạt thị"" khi Hiến pháp Trung Hoa Dân Quốc được ban hành?","viện hạt thị"" đổi sang gọi là ""trực hạt thị",PNT4,Daily Conversation,high,5ea76d15-516d-4285-a781-7b1c6a04a627,0,EXPERT_AUTO_PASS,32,3.323611259460449,27.76041984046922,31,4.307529926300049,74.25684235008177,0.9839186668395996,46.49642250961255,2.674917842626787,22,21,0.9545454545454546
QA_22836,QA,Đối với Cuba thì Trung Quốc là quốc gia như thế nào vào cuối thập niên cuối cùng của thế kỷ XX?,một đối tác tiềm năng mới,Đối với Cuba thì Trung Quốc là quốc gia như ren vào cuối thập niên cuối cùng của thế kỷ XX?,một đối tác tiềm năng mới,PNT4,Daily Conversation,high,caa27aaf-592f-49ce-b541-02f33da2b90f,0,EXPERT_AUTO_PASS,25,3.0847301483154297,21.861566665432747,24,3.985938787460327,53.83580614169679,0.9012086391448975,31.974239476264046,2.4625776809866666,22,21,0.9545454545454546
MCQA_0058_0,MCQA,"Sau khi rơi vào ổ gà, đại bàng được nuôi như thế nào ?
A. Như một con gà.
B. Như một con đại bàng.
C. Vừa như một con gà, vừa như một con đại bàng.
D. ",Như một con gà.,"Sau khi rớt vô ổ gà, đại bàng được nuôi ra ren ?
A. Như một con gà.
B. Như một con đại bàng.
C. Vừa như một con gà, vừa như một con đại bàng.
D.",A,PNT4,Daily Conversation,high,5ea76d15-516d-4285-a781-7b1c6a04a627,0,EXPERT_AUTO_PASS,52,2.1642980575561523,8.70848691432556,52,2.8392889499664307,17.103599697259135,0.6749908924102783,8.395112782933575,1.9640150884447583,38,37,0.9736842105263158
MCQA_0055_0,MCQA,"Khi thấy Vịt con kêu khóc, Gà con đã làm gì?
A. Gà con sợ quá khóc ầm lên.
B. Gà con vội vàng nằm giả vờ chết.
C. Gà con bay lên cành cây để bỏ trốn, bỏ mặc Vịt con.
D. ","Gà con bay lên cành cây để bỏ trốn, bỏ mặc Vịt con.","Khi thấy Vịt con kêu khóc, Gà con đã làm chi?
A. Gà con sợ quá khóc ầm lên.
B. Gà con quíu quắn nằm giả đò chết.
C. Gà con bay lên cành cây để bỏ trốn, bỏ lơ Vịt con.
D.",C,PNT4,Daily Conversation,high,caa27aaf-592f-49ce-b541-02f33da2b90f,0,EXPERT_AUTO_PASS,70,2.8729588985443115,17.689281630278067,72,3.545238733291626,34.64795597556197,0.6722798347473145,16.958674345283903,1.9586977413631308,43,43,1.0
QA_18652,QA,Nếu một phủ mà thuế lương chỉ thiếu 1 vạn thạch nữa sẽ đạt 10 vạn thạch thì phủ đó được gọi là gì?,hạ phủ,Nếu một phủ mà thuế lương chỉ thiếu 1 vạn thạch nữa sẽ đạt 10 vạn thạch thì phủ nớ được kêu là chi?,hạ phủ,PNT4,Daily Conversation,high,5ea76d15-516d-4285-a781-7b1c6a04a627,0,EXPERT_AUTO_PASS,33,4.028896331787109,56.1988521203983,35,4.735598087310791,113.93157937705246,0.7067017555236816,57.73272725665416,2.0272937093620658,24,24,1.0
MCQA_0025_9,MCQA,"Thái độ của Mai như thế nào khi cô bảo cũng định cho Mai viết bút mực?
A. Ngạc nhiên.
B. Vui mừng.
C. Tiếc nuối.
D. Hối hận.",Tiếc nuối.,"Thái độ của Mai thế nào lúc cô bảo cũng tính cho Mai viết bút mực?
A. Ngạc nhiên.
B. Vui mừng.
C. Tiếc nuối.
D. Hối hận.",C,PNN,Daily Conversation,high,88759523-55db-4c51-872d-a8b43438fa82,0,EXPERT_AUTO_PASS,47,3.2294540405273438,25.265859069664284,46,3.4861629009246826,32.66038582734695,0.25670886039733887,7.394526757682666,1.292668724910327,29,28,0.9655172413793104
MCQA_0030_1,MCQA,"Dúi đã van xin tha mạng và sẽ nói cho hai vợ chồng về điều gì?
A. Sắp có núi lửa, bảo hai vợ chồng hãy chạy về đồng bằng.
B. Sắp có động đất, bảo hai vợ chồng hãy rời khỏi núi.
C. Sắp có hạn hán, bảo hai vợ chồng hãy tích trữ nước.
D. Sắp có mưa và ngập lụt, nên chuẩn bị thức ăn.","Sắp có mưa và ngập lụt, nên chuẩn bị thức ăn.","Dúi đã năn nỉ tha mạng và sẽ nói cho hai vợ chồng nghe chuyện gì?
A. Sắp có núi lửa, kêu hai vợ chồng hãy chạy dìa đồng bằng.
B. Sắp có động đất, kêu hai vợ chồng hãy rời khỏi núi.
C. Sắp có hạn hán, kêu hai vợ chồng hãy tích trữ nước.
D. Sắp có mưa và ngập lụt, nên chuẩn bị đồ ăn.",D,PNN,Daily Conversation,high,9d0d5c61-1083-4b35-8c02-c2c597f8212f,0,EXPERT_AUTO_PASS,92,2.8763797283172607,17.749897270323366,99,2.8150651454925537,16.694263300912958,-0.06131458282470703,-1.0556339694104082,0.940527319491851,68,68,1.0
MCQA_0037_2,MCQA,"Sau câu nói của ông bố: ""Con chuyển máy cho mẹ nhé?"", Tường đã làm gì?
A. Tường không chuyển máy cho mẹ.
B. Chuyển máy cho mẹ, quay lại bàn học.
C. Chuyển máy cho mẹ và đứng cạnh để nghe.
D. Tường nói chào bố.","Chuyển máy cho mẹ, quay lại bàn học.","Sau câu nói của ba: ""Con chuyển máy cho má nhen?"", Tường đã làm gì?
A. Tường hông chuyển máy cho má.
B. Chuyển máy cho má, quay về bàn học.
C. Chuyển máy cho má rồi đứng kế bên để nghe.
D. Tường nói chào ba.",B,PNN,Daily Conversation,high,88759523-55db-4c51-872d-a8b43438fa82,0,EXPERT_AUTO_PASS,68,2.859607219696045,17.454669739496456,70,3.38161301612854,29.41818487009988,0.5220057964324951,11.963515130603422,1.6854048406044808,47,47,1.0
MCQA_0037_4,MCQA,"Tại sao không nên nghe người khác khi họ nói chuyện điện thoại?
A. Vì như vậy là mất lịch sự.
B. Vì như vậy là quá lịch sự.
C. Vì không nên quan tâm đến người khác.
D. Vì nên nghe người khác nói chuyện trực tiếp.",Vì như vậy là mất lịch sự.,"Tại sao hông nên nghe người khác khi họ nói chuyện điện thoại?
A. Vì như vậy là mất lịch sự.
B. Vì như vậy là quá lịch sự.
C. Vì hông nên quan tâm tới người khác.
D. Vì nên nghe người khác nói chuyện trực tiếp.",A,PNN,Daily Conversation,high,9d0d5c61-1083-4b35-8c02-c2c597f8212f,0,EXPERT_AUTO_PASS,62,2.162851333618164,8.695897246925405,64,2.4481849670410156,11.56733256444861,0.28533363342285156,2.871435317523204,1.3302057551954691,48,48,1.0
MCQA_0041_7,MCQA,"Câu nói ""Người đâu mà lười thế!"" của anh chàng lười có gì đáng buồn cười?
A. Chàng lười lại đi cảm ơn người khác.
B. Chàng lười lại chịu đi nhờ người khác.
C. Chàng lười lại đi chê người khác lười.
D. Vì chàng lười quá siêng năng so với người khác.",Chàng lười lại đi chê người khác lười.,"Câu nói ""Người gì mà làm biếng vậy!"" của anh chàng làm biếng có gì mắc cười?
A. Ảnh làm biếng mà lại đi cảm ơn người khác.
B. Ảnh làm biếng mà lại chịu đi nhờ người khác.
C. Ảnh làm biếng mà lại đi chê người khác làm biếng.
D. Tại anh chàng làm biếng quá siêng năng so với người khác.",C,PNN,Daily Conversation,high,88759523-55db-4c51-872d-a8b43438fa82,0,EXPERT_AUTO_PASS,81,2.668083667755127,14.412323911455985,102,2.393507957458496,10.951845243554557,-0.27457571029663086,-3.4604786679014286,0.759894470235242,54,64,1.1851851851851851
MCQA_0042_2,MCQA,"Sau vụ thu hoạch, người anh đã nghĩ điều gì về em?
A. Em sống có 1 mình mà cũng lấy 1 nửa, thật không công bằng.
B. Em sống 1 mình vất vả, phần ta cũng bằng phần em thì thật công bằng.
C. Em mình có một thân một mình thật đáng thương.
D. Không công bằng trong việc phân chia.","Em sống 1 mình vất vả, phần ta cũng bằng phần em thì thật công bằng.","Sau vụ thu hoạch, người anh đã nghĩ cái gì về em?
A. Em sống có mình ên mà cũng lấy phân nửa, thiệt hông công bằng.
B. Em sống mình ên vất vả, phần ta cũng bằng phần em thì thiệt công bằng.
C. Em mình có mình ên thiệt tội nghiệp.
D. Hông công bằng trong việc phân chia.",B,PNN,Daily Conversation,high,88759523-55db-4c51-872d-a8b43438fa82,0,EXPERT_AUTO_PASS,83,3.437124490737915,31.097408593260248,83,3.9264957904815674,50.728901144448855,0.48937129974365234,19.631492551188607,1.6312903048597864,63,61,0.9682539682539683
MCQA_0043_4,MCQA,"Không tìm được kho báu như lời của người cha đã mất, hai người con đã làm gì?
A. Họ đem bán đi.
B. Họ đành trồng lúa.
C. Họ cho thuê mảnh ruộng.
D. Họ thuê người cày cấy.",Họ đành trồng lúa.,"Hông tìm được kho báu như lời của người ba đã mất, hai người con đã làm gì?
A. Họ đem bán đi.
B. Họ đành trồng lúa.
C. Họ cho mướn mảnh ruộng.
D. Họ mướn người cày cấy.",B,PNN,Daily Conversation,high,88759523-55db-4c51-872d-a8b43438fa82,0,EXPERT_AUTO_PASS,58,3.147028923034668,23.26683423227829,63,3.346972703933716,28.41657790559079,0.19994378089904785,5.1497436733125,1.2213340939253443,40,40,1.0
MCQA_0047_2,MCQA,"Cô giáo đã nói gì khi bước vào lớp học?
A. Cô khen lớp học sạch sẽ. .
B. Cô giáo chê lớp học hôm nay bẩn quá.
C. Cô giáo yêu cầu cả lớp hãy dọn sạch những mẩu giấy vụn nằm trên đất. .
D. Cô giáo đã chào lớp.",Cô khen lớp học sạch sẽ. .,"Cô giáo đã nói gì khi bước vô lớp học? 
A. Cô khen lớp học sạch sẽ quá.
B. Cô giáo chê lớp học hôm nay dơ quá. 
C. Cô giáo yêu cầu cả lớp hãy dọn sạch mấy mẩu giấy vụn nằm trên đất. . 
D. Cô giáo đã chào lớp.",A,PNN,Daily Conversation,high,9d0d5c61-1083-4b35-8c02-c2c597f8212f,0,EXPERT_AUTO_PASS,69,2.832665205001831,16.990684189488487,72,3.283773899078369,26.67625647252136,0.4511086940765381,9.685572283032872,1.5700519281633745,52,52,1.0
MCQA_0048_5,MCQA,"Để có giấc ngủ ngon trong đêm cho con, người mẹ đã làm gì?
A. Người mẹ đã tạo gió làm dịu đi cái hè oi bức.
B. Người mẹ đã thức trắng đêm để đắp chăn cho con.
C. Người mẹ nấu cháo cho con ăn.
D. Người mẹ đã đi mua thuốc về cho con.",Người mẹ đã tạo gió làm dịu đi cái hè oi bức.,"Để có giấc ngủ ngon trong đêm cho con, má đã làm gì?
A. Má đã tạo gió làm dịu đi cái hè nóng nực.
B. Má đã thức trắng đêm để đắp mền cho con.
C. Má nấu cháo cho con ăn.
D. Má đã đi mua thuốc về cho con.",A,PNN,Daily Conversation,high,88759523-55db-4c51-872d-a8b43438fa82,0,EXPERT_AUTO_PASS,74,2.6129088401794434,13.638665906349102,70,2.9223194122314453,18.584342260281513,0.30941057205200195,4.945676353932411,1.3626217100625722,57,52,0.9122807017543859
MCQA_0055_1,MCQA,"Trong lúc nguy hiểm, Vịt con đã làm gì để thoát thân?
A. Vịt con hoảng hốt kêu cứu.
B. Vịt con vội vàng nằm giả vờ chết.
C. Vịt con nhảy xuống hồ nước ngay bên cạnh.
D. ",Vịt con vội vàng nằm giả vờ chết.,"Trong lúc nguy hiểm, Vịt con đã làm gì để thoát thân?
A. Vịt con quýnh quáng kêu cứu.
B. Vịt con vội vàng nằm làm bộ chết.
C. Vịt con nhảy xuống hồ nước ngay kế bên.
D. ",B,PNN,Daily Conversation,high,88759523-55db-4c51-872d-a8b43438fa82,0,EXPERT_AUTO_PASS,65,2.3814873695373535,10.82098570490404,64,2.9957706928253174,20.00076840018712,0.6142833232879639,9.17978269528308,1.848331468650109,39,39,1.0
MCQA_0056_1,MCQA,"Câu văn “Tâm hồn cô cũng bay ra biển cả, bay đến với chim seo cờ.” ý nói gì ?
A. Bạn gái mơ ước mình biết bay.
B. Bạn gái luôn nghĩ về biển cả và chim seo cờ, mơ ước được ra biển và nhìn thấy chim seo cờ.
C. Bạn gái mơ ước được bay ra biển cả.
D. ","Bạn gái luôn nghĩ về biển cả và chim seo cờ, mơ ước được ra biển và nhìn thấy chim seo cờ.","Câu văn “Tâm hồn cô cũng bay ra biển cả, bay tới với chim seo cờ.” ý là gì ?
A. Bạn gái mơ ước mình biết bay.
B. Bạn gái luôn nghĩ về biển cả và chim seo cờ, mơ ước được ra biển và nhìn thấy chim seo cờ.
C. Bạn gái mơ ước được bay ra biển cả.",B,PNN,Daily Conversation,high,9d0d5c61-1083-4b35-8c02-c2c597f8212f,0,EXPERT_AUTO_PASS,82,2.8207216262817383,16.7889616577869,80,2.9850096702575684,19.786693577868498,0.16428804397583008,2.9977319200815984,1.178553741510942,62,61,0.9838709677419355
MCQA_0060_2,MCQA,"Nhờ đâu tác giả cảm nhận được sự thay đổi diệu kì của âm thanh thiên nhiên quanh mình và tả chúng một cách gần gũi, tinh tế như vậy ?
A. Vì tác giả đã sống ở một vùng đặc biệt, có nhiều âm thanh thiên nhiên.
B. Vì tác giả có một khả năng nghe đặc biệt mà người thường không có.
C. Vì tác giả có lòng yêu thiên nhiên tha thiết.
D. ",Vì tác giả có lòng yêu thiên nhiên tha thiết.,"Nhờ đâu mà tác giả cảm nhận được sự thay đổi diệu kì của âm thanh thiên nhiên quanh mình và tả chúng một cách gần gũi, tinh tế như thế ?
A. Vì tác giả đã sống ở một vùng đặc biệt, có nhiều âm thanh thiên nhiên.
B. Vì tác giả có một khả năng nghe đặc biệt mà người thường hông có.
C. Vì tác giả có lòng yêu thiên nhiên tha thiết.",C,PNN,Daily Conversation,high,9d0d5c61-1083-4b35-8c02-c2c597f8212f,0,EXPERT_AUTO_PASS,95,2.282053232192993,9.79677482667901,95,2.48061203956604,11.948575181151359,0.19855880737304688,2.151800354472348,1.2196437493502934,76,76,1.0
MCQA_0064_1,MCQA,"Ông ngoại đã giúp bạn nhỏ chuẩn bị đi học như thế nào?
A. Dẫn bạn nhỏ đi mua cặp sách mới.
B. Dẫn bạn nhỏ đi mua vở, chọn bút, … và dạy những chữ cái đầu tiên.
C. Dẫn bạn nhỏ đi mua áo quần mới.
D. Dẫn bạn nhỏ đến trường.","Dẫn bạn nhỏ đi mua vở, chọn bút, … và dạy những chữ cái đầu tiên.","Ông ngoại đã giúp bạn nhỏ chuẩn bị đi học làm sao?
A. Dắt bạn nhỏ đi mua cặp sách mới.
B. Dắt bạn nhỏ đi mua tập, lựa viết, … với dạy mấy chữ cái đầu tiên.
C. Dắt bạn nhỏ đi mua đồ mới.
D. Dắt bạn nhỏ tới trường.",B,PNN,Daily Conversation,high,88759523-55db-4c51-872d-a8b43438fa82,0,EXPERT_AUTO_PASS,75,2.442674398422241,11.503765291384939,72,2.9243438243865967,18.622002735949255,0.48166942596435547,7.118237444564317,1.6187745719999258,54,52,0.9629629629629629
MCQA_0065_2,MCQA,"Đoàn cán bộ Việt Nam khi đến thăm một trường tiểu học, họ cảm thấy như thế nào?
A. Bất nhờ thú vị.
B. Hạnh phúc.
C. Buồn bả.
D. Không có cảm xúc.",Bất nhờ thú vị.,"Đoàn cán bộ Việt Nam khi tới thăm một trường tiểu học, họ cảm thấy như nào?
A. Bất ngờ thú vị.
B. Hạnh phúc.
C. Buồn bã.
D. Hông có cảm xúc.",A,PNN,Daily Conversation,high,9d0d5c61-1083-4b35-8c02-c2c597f8212f,0,EXPERT_AUTO_PASS,50,2.8740599155426025,17.70876855579011,50,2.835134983062744,17.032699271146065,-0.0389249324798584,-0.676069284644047,0.9618229080969609,34,33,0.9705882352941176
MCQA_0072_2,MCQA,"Việc lặp đi lặp lại nhiều lần những cụm từ ""Ai trồng cây"", ""Người đó có"", ""Em trồng cây"" có tác dụng gì?
A. Tạo nên thông điệp nhắc nhở mọi người có ý thức trồng cây xanh.
B. Tạo thành điệp khúc khiến bài thơ có vẫn điệu, dễ nhớ, dễ thuộc.
C. Tạo điệp khúc khiến bài thơ có nhịp điệu và gửi gắm thông điệp: mọi người hãy có ý thức trồng cây xanh để bảo vệ môi trường sống.
D. Tất cả các ý trên.",Tạo điệp khúc khiến bài thơ có nhịp điệu và gửi gắm thông điệp: mọi người hãy có ý thức trồng cây xanh để bảo vệ môi trường sống.,"Việc lặp đi lặp lại nhiều lần mấy cụm từ ""Ai trồng cây"", ""Người đó có"", ""Em trồng cây"" có tác dụng như nào?
A. Tạo nên thông điệp nhắc nhở mọi người có ý thức trồng cây xanh.
B. Tạo thành điệp khúc khiến bài thơ có vần điệu, dễ nhớ, dễ thuộc.
C. Tạo điệp khúc khiến bài thơ có nhịp điệu và gửi gắm thông điệp: mọi người hãy có ý thức trồng cây xanh để bảo vệ môi trường sống.
D. Tất cả các ý trên.",C,PNN,Daily Conversation,high,9d0d5c61-1083-4b35-8c02-c2c597f8212f,0,EXPERT_AUTO_PASS,126,2.4474406242370605,11.558725707316775,128,2.4320945739746094,11.382699033264556,-0.015346050262451172,-0.17602667405221872,0.9847711003349796,89,90,1.0112359550561798
MCQA_0077_0,MCQA,"Vì sao Bình bị cả lớp gọi là “mọt sách”?
A. Vì cậu suốt ngày đi chơi, không chịu học hành.
B. Vì cậu suốt ngày ngồi một mình trong lớp, không nói chuyện với ai.
C. Vì cậu không thích tham gia trò chơi kéo co cùng cả lớp.
D. Vì cậu suốt ngày đọc sách, không chơi với các bạn trong lớp.","Vì cậu suốt ngày đọc sách, không chơi với các bạn trong lớp.","Tại sao Bình bị cả lớp kêu là “mọt sách”?
A. Tại nó cứ đi chơi, hông chịu học hành.
B. Tại nó cứ ngồi một mình trong lớp, hông nói chuyện với ai.
C. Tại nó hông thích chơi kéo co chung với cả lớp.
D. Tại nó suốt ngày đọc sách, hông chơi với mấy bạn trong lớp.",D,PNN,Daily Conversation,high,88759523-55db-4c51-872d-a8b43438fa82,0,EXPERT_AUTO_PASS,83,2.641019821166992,14.027501858980564,84,3.1258838176727295,22.780019582919554,0.4848639965057373,8.75251772393899,1.6239541303881937,64,60,0.9375
MCQA_0065_2,MCQA,"Đoàn cán bộ Việt Nam khi đến thăm một trường tiểu học, họ cảm thấy như thế nào?
A. Bất nhờ thú vị.
B. Hạnh phúc.
C. Buồn bả.
D. Không có cảm xúc.",Bất nhờ thú vị.,"Đoàn cán bộ Việt Nam khi tới thăm một trường tiểu học, họ cảm thấy ra ren?
A. Bất ngờ thú vị.
B. Hạnh phúc.
C. Buồn bả.
D. Không có cảm xúc.",A,PNT4,Daily Conversation,high,5ea76d15-516d-4285-a781-7b1c6a04a627,0,EXPERT_AUTO_PASS,50,2.8740599155426025,17.70876855579011,49,3.4144175052642822,30.399236873882504,0.5403575897216797,12.690468318092393,1.7166205983274359,34,33,0.9705882352941176
MCQA_0012_5,MCQA,"Tại sao thầy giáo không trách An khi biết bạn chưa làm bài tập?
A. Vì đây là lần đầu tiên An mắc lỗi.
B. Vì cả lớp đã kể cho thầy nghe.
C. Vì thầy hiểu và thông cảm hoàn cảnh của An. An cũng đã thành thực nhận lỗi.
D. Vì An đã mắc lỗi quá nhiều lần.",Vì thầy hiểu và thông cảm hoàn cảnh của An. An cũng đã thành thực nhận lỗi.,"Vì răng thầy giáo nỏ trách An khi biết bạn chưa làm bài tập?
A. Vì đây là lần đầu tiên An mắc lỗi.
B. Vì cả lớp đã kể cho thầy nghe.
C. Vì thầy hiểu và thông cảm hoàn cảnh của An. An cũng đã thành thực nhận lỗi.
D. Vì An đã mắc lỗi quá nhiều lần.",C,PNT2,Daily Conversation,high,7fc87026-860f-4cf9-bb3d-46d0d55f71d9,0,EXPERT_AUTO_PASS,73,3.113865375518799,22.507877870747663,73,3.6345510482788086,37.88484061418023,0.5206856727600098,15.376962743432564,1.6831813657304946,60,60,1.0
MCQA_0018_6,MCQA,"Thái độ của các vị khách sau khi nói chuyện với ông chủ khách sạn như thế nào?
A. Khiếp đảm, mặt cắt không còn giọt máu.
B. Lo lắng, lập tức thu dọn hành lí.
C. Tức giận, nổi cáu với ông chủ khách sạn.
D. Cười nói vui vẻ, tiếp tục đi tắm biển.","Khiếp đảm, mặt cắt không còn giọt máu.","Thái độ của mấy người khách sau khi nói chuyện với ông chủ khách sạn như răng?
A. Khiếp đảm, mặt cắt không còn giọt máu.
B. Lo lắng, lập tức thu dọn hành lí.
C. Tức giận, nổi đóa với ông chủ khách sạn.
D. Cười nói vui vẻ, tiếp tục đi tắm biển.",A,PNT3,Daily Conversation,high,88346002-a7b4-4be1-aec6-e1e3625416ee,0,EXPERT_AUTO_PASS,79,2.8880574703216553,17.958390989837667,78,3.3607699871063232,28.811366721481836,0.47271251678466797,10.852975731644168,1.6043400958240452,56,55,0.9821428571428571
MCQA_0098_8,MCQA,"Người dân đã làm gì để tỏ lòng biết ơn Chử Đồng Tử?
A. Tổ chức lễ hội.
B. Đúc tượng đồng.
C. Sáng tác truyện về ông.
D. Sáng tác bài hát về ông.",Tổ chức lễ hội.,"Người dân đã làm gì để tỏ lòng biết ơn Chử Đồng Tử?
A. Tổ chức lễ hội.
B. Đúc tượng đồng.
C. Sáng tác truyện về ổng.
D. Sáng tác bài hát về ổng.",A,PNN,Daily Conversation,high,9d0d5c61-1083-4b35-8c02-c2c597f8212f,0,EXPERT_AUTO_PASS,49,2.9404478073120117,18.92431886344016,51,2.963087797164917,19.357652070913964,0.022639989852905273,0.43333320747380455,1.0228982195132508,35,35,1.0
MCQA_0106_3,MCQA,"Qua câu chuyện “Con cá thông minh” em thấy Cá Quả mẹ có đức tính gì?
A. Dũng cảm.
B. Hi sinh.
C. Siêng năng.
D. ",Hi sinh.,"Qua câu chuyện “Con cá thông minh” em thấy Cá Quả mẹ có đức tính gì?
A. Dũng cảm.
B. Hi sinh.
C. Siêng năng.",B,PNN,Daily Conversation,high,9d0d5c61-1083-4b35-8c02-c2c597f8212f,0,EXPERT_AUTO_PASS,41,3.7853691577911377,44.05192967052891,39,4.134210109710693,62.440250638625606,0.34884095191955566,18.3883209680967,1.417423733889202,26,25,0.9615384615384616
MCQA_0092_1,MCQA,"Khi các bạn đến thăm Lan thì thấy bạn Lan đang làm gì?
A. Lan giúp mẹ cắt lá để gói bánh.
B. Lan đang học bài.
C. Lan đi chơi bên hàng xóm.
D. Lan đang tập viết chính tả.",Lan giúp mẹ cắt lá để gói bánh.,"Lúc mấy bạn tới thăm Lan thấy Lan đang làm gì?
A. Lan phụ má cắt lá để gói bánh.
B. Lan đang học bài.
C. Lan đi chơi bên hàng xóm.
D. Lan đang tập viết chính tả.",A,PNN,Daily Conversation,high,88759523-55db-4c51-872d-a8b43438fa82,0,EXPERT_AUTO_PASS,52,3.5946433544158936,36.40271480497794,50,3.76963210105896,43.36410829131415,0.1749887466430664,6.961393486336213,1.191232811168915,41,39,0.9512195121951219
MCQA_0116_5,MCQA,"Những lời giải thích chân tình của viên quan khiến hai người khách cảm thấy như thế nào?
A. Càng thêm khâm phục tấm lòng yêu quý mảnh đất quê hương của họ.
B. Càng thêm khó hiểu về mảnh đất và con người Ê-ti-ô-pi-a.
C. Càng thêm ấn tượng và nhớ mãi không quên đất nước Ê-ti-ô-pi-a.
D. Càng thêm khó chịu và căm ghét con người, mảnh đất Ê-ti-ô-pi-a.",Càng thêm khâm phục tấm lòng yêu quý mảnh đất quê hương của họ.,"Mấy lời giải thích thiệt tình của viên quan khiến hai người khách cảm thấy ra sao?
A. Càng khâm phục tấm lòng yêu quý mảnh đất quê hương của họ.
B. Càng khó hiểu về mảnh đất và con người Ê-ti-ô-pi-a.
C. Càng ấn tượng với nhớ hoài hông quên đất nước Ê-ti-ô-pi-a.
D. Càng bực mình với căm ghét con người, mảnh đất Ê-ti-ô-pi-a.",A,PNN,Daily Conversation,high,88759523-55db-4c51-872d-a8b43438fa82,0,EXPERT_AUTO_PASS,118,2.4780240058898926,11.917691846992813,117,2.930677652359009,18.74032562061216,0.4526536464691162,6.822633773619348,1.5724794583727133,71,66,0.9295774647887324
MCQA_0116_6,MCQA,"Qua câu chuyện này, chúng ta thấy tình cảm của người Ê-ti-ô-pi-a với mảnh đất quê hương như thế nào?
A. Tình cảm đằm thắm, mặn nồng, tha thiết đối với mảnh đất quê hương.
B. Tình cảm yêu quý, sở hữu, ích kỉ về mảnh đất quê hương.
C. Tình cảm xa lạ, lạnh nhạt, vô cảm đối với mảnh đất quê hương.
D. Tất cả các ý trên.","Tình cảm đằm thắm, mặn nồng, tha thiết đối với mảnh đất quê hương.","Qua câu chuyện này, tụi mình thấy tình cảm của người Ê-ti-ô-pi-a với mảnh đất quê hương sao?
A. Tình cảm đằm thắm, mặn nồng, tha thiết đối với mảnh đất quê hương.
B. Tình cảm yêu quý, sở hữu, ích kỉ về mảnh đất quê hương.
C. Tình cảm xa lạ, lạnh nhạt, vô cảm đối với mảnh đất quê hương.
D. Tất cả mấy ý trên.",A,PNN,Daily Conversation,high,9d0d5c61-1083-4b35-8c02-c2c597f8212f,0,EXPERT_AUTO_PASS,106,2.451084613800049,11.600922418650557,106,2.688872814178467,14.715079939352082,0.23778820037841797,3.114157520701525,1.2684405091525275,70,68,0.9714285714285714
MCQA_0123_0,MCQA,"Thuyên và Đồng rủ nhau đi chơi, khi bị lạc đường họ đã làm như thế nào?
A. Trách móc nhau vì đã không phân biệt được đường đi.
B. Ghé vào quán ăn để hỏi đường và ăn cho đỡ đói.
C. Tuyệt vọng ôm nhau khóc giữa đường.
D. Nhìn la bàn để xác định lại phương hướng, đường đi.",Ghé vào quán ăn để hỏi đường và ăn cho đỡ đói.,"Thuyên với Đồng rủ nhau đi chơi, khi bị lạc đường họ đã làm sao?
A. Trách móc nhau tại vì hông phân biệt được đường đi.
B. Ghé vô quán ăn để hỏi đường với ăn cho đỡ đói.
C. Tuyệt vọng ôm nhau khóc giữa đường.
D. Nhìn la bàn để xác định lại phương hướng, đường đi.",B,PNN,Daily Conversation,high,88759523-55db-4c51-872d-a8b43438fa82,0,EXPERT_AUTO_PASS,86,3.4209344387054443,30.597993616041812,86,3.899648904800415,49.385107187311746,0.4787144660949707,18.787113571269934,1.613998218543986,62,60,0.967741935483871
MCQA_0127_3,MCQA,"Trước sự nguy hiểm, bạn nhỏ đã làm gì?
A. Buông xuôi, không lái để xe tự lao đi.
B. Nghĩ tới một điều may mắn đang chờ phía trước, bình tĩnh, can đảm cầm chắc ghi đông để điều khiển xe xuống dốc.
C. Tìm cách nhảy ra khỏi xe.
D. ","Nghĩ tới một điều may mắn đang chờ phía trước, bình tĩnh, can đảm cầm chắc ghi đông để điều khiển xe xuống dốc.","Trước sự nguy hiểm, bạn nhỏ đã làm gì?
A. Buông xuôi, hông lái để xe tự lao đi.
B. Nghĩ tới một chuyện hên đang chờ phía trước, bình tĩnh, can đảm cầm chắc ghi đông để lái xe xuống dốc.
C. Kiếm cách nhảy ra khỏi xe.
D. ",B,PNN,Daily Conversation,high,88759523-55db-4c51-872d-a8b43438fa82,0,EXPERT_AUTO_PASS,74,3.393887758255005,29.78151080747651,76,3.561563014984131,35.2182007236452,0.16767525672912598,5.436689916168685,1.1825525223120592,52,50,0.9615384615384616
MCQA_0128_1,MCQA,"Những chi tiết nào cho thấy Én con rất sợ bay qua sông?
A. Én con sợ hãi nhìn dòng sông.
B. Bố mẹ động viên nhưng Én con vẫn không dám bay qua sông.
C. Én con sợ bị chóng mặt và rơi xuống.
D. Én con sợ dòng sông, không dám bay qua sông, sợ bị chóng mặt và rơi xuống.","Én con sợ dòng sông, không dám bay qua sông, sợ bị chóng mặt và rơi xuống.","Các chi tiết nào cho thấy Én con rất sợ bay qua sông?
A. Én con sợ hãi nhìn dòng sông.
B. Ba má động viên nhưng Én con vẫn hông dám bay qua sông.
C. Én con sợ bị chóng mặt và rớt xuống.
D. Én con sợ dòng sông, hông dám bay qua sông, sợ bị chóng mặt và rớt xuống.",D,PNN,Daily Conversation,high,9d0d5c61-1083-4b35-8c02-c2c597f8212f,0,EXPERT_AUTO_PASS,84,2.6342930793762207,13.933459131190984,87,2.817420721054077,16.733634251982394,0.18312764167785645,2.80017512079141,1.2009676918291619,63,63,1.0
MCQA_0137_3,MCQA,"Người bố nói với con những điều gì qua đoạn cuối bức thư?
A. Khuyên con phải chuẩn bị đầy đủ đồ dùng học tập để đi học.
B. Cho con biết những khó khăn của việc học tập.
C. Kêu gọi, thôi thúc con quyết tâm học tập.
D. ","Kêu gọi, thôi thúc con quyết tâm học tập.","Ba nói với con mấy điều gì qua đoạn cuối bức thư?
A. Khuyên con phải chuẩn bị đầy đủ đồ dùng học tập đặng đi học.
B. Cho con biết những khó khăn của việc học hành.
C. Kêu gọi, thôi thúc con quyết tâm học hành.
D. ",C,PNN,Daily Conversation,high,88759523-55db-4c51-872d-a8b43438fa82,0,EXPERT_AUTO_PASS,62,2.804997205734253,16.527029725085075,61,3.243919610977173,25.634000401673006,0.4389224052429199,9.106970676587931,1.5510349305395863,50,49,0.98
MCQA_0141_2,MCQA,"Tại sao tác giả thấy lá cọ giống như mặt trời?
A. Vì cọ có màu xanh.
B. Vì cọ mọc rất nhiều trên đồi.
C. Vì cọ có quả ăn rất bùi.
D. Vì lá cọ hình quạt, cũng có những gân lá xòe ra như mặt trời.","Vì lá cọ hình quạt, cũng có những gân lá xòe ra như mặt trời.","Sao tác giả thấy cái lá cọ giống như mặt trời?
A. Tại cọ có màu xanh.
B. Tại cọ mọc rất nhiều trên đồi.
C. Tại cọ có trái ăn rất bùi.
D. Tại cái lá cọ hình quạt, cũng có mấy cái gân lá xòe ra như mặt trời.",D,PNN,Daily Conversation,high,88759523-55db-4c51-872d-a8b43438fa82,0,EXPERT_AUTO_PASS,75,2.75642466545105,15.743454088487058,76,3.202608585357666,24.596608937263206,0.4461839199066162,8.853154848776148,1.5623387853146105,49,51,1.0408163265306123
MCQA_0064_1,MCQA,"Ông ngoại đã giúp bạn nhỏ chuẩn bị đi học như thế nào?
A. Dẫn bạn nhỏ đi mua cặp sách mới.
B. Dẫn bạn nhỏ đi mua vở, chọn bút, … và dạy những chữ cái đầu tiên.
C. Dẫn bạn nhỏ đi mua áo quần mới.
D. Dẫn bạn nhỏ đến trường.","Dẫn bạn nhỏ đi mua vở, chọn bút, … và dạy những chữ cái đầu tiên.","Ông ngoại đã giúp thằng cu chuẩn bị đi học như ren?
A. Dẫn thằng cu đi mua cặp sách mới.
B. Dẫn thằng cu đi mua vở, lựa bút, … và bày những chữ cái đầu tiên.
C. Dẫn thằng cu đi mua áo quần mới.
D. Dẫn thằng cu đến trường.",B,PNT4,Daily Conversation,high,caa27aaf-592f-49ce-b541-02f33da2b90f,0,EXPERT_AUTO_PASS,75,2.442674398422241,11.503765291384939,79,2.9675700664520264,19.44461302587835,0.5248956680297852,7.940847734493412,1.6902824886770107,54,53,0.9814814814814815
MCQA_0147_4,MCQA,"Khổ thơ nào trong bài có cấu trúc đặc biệt so với những khổ thơ khác?
A. Khổ 1.
B. Khổ 3.
C. Khổ 5.
D. Khổ 6.",Khổ 6.,"Khổ thơ nào trong bài có cấu trúc đặc biệt so với mấy khổ thơ khác?
A. Khổ 1.
B. Khổ 3.
C. Khổ 5.
D. Khổ 6.",D,PNN,Daily Conversation,high,9d0d5c61-1083-4b35-8c02-c2c597f8212f,0,EXPERT_AUTO_PASS,46,2.3562753200531006,10.55157692222288,46,2.506899118423462,12.2668330273061,0.15062379837036133,1.7152561050832205,1.1625592191315677,28,28,1.0
MCQA_0151_3,MCQA,"Như thế nào thì được gọi là “nai tắm suối”?
A. Nai bơi ở dòng suối.
B. Nai đứng giữa nước suối.
C. Nai uống nước ở suối.
D. Nai đứng cạnh bờ suối.",Nai đứng giữa nước suối.,"Thế nào thì được kêu là “nai tắm suối”?
A. Nai bơi ở dòng suối.
B. Nai đứng giữa nước suối.
C. Nai uống nước ở suối.
D. Nai đứng kế bên bờ suối.",B,PNN,Daily Conversation,high,88759523-55db-4c51-872d-a8b43438fa82,0,EXPERT_AUTO_PASS,58,2.1937217712402344,8.968529894152697,59,2.4538416862487793,11.632951134687438,0.2601199150085449,2.6644212405347414,1.2970856173732432,34,34,1.0
MCQA_0074_6,MCQA,"Tại sao sau đó, Cô-li-a vui vẻ làm theo lời mẹ?
A. Vì đó cũng là điều mà Cô-li-a đã viết trong bài tập làm văn.
B. Vì đó là điều mà Cô-li-a từng muốn làm.
C. Vì đó là điều mà Cô-li-a đã kể cho các bạn nghe ở trên lớp.
D. Vì đó là điều mà mẹ của Cô-li-a muốn bạn ấy làm.",Vì đó cũng là điều mà Cô-li-a đã viết trong bài tập làm văn.,"Tại ren sau đó, Cô-li-a vui vẻ làm theo lời mẹ?
A. Vì đó cũng là điều mà Cô-li-a đã viết trong bài tập làm văn.
B. Vì đó là điều mà Cô-li-a từng muốn làm.
C. Vì đó là điều mà Cô-li-a đã kể cho các bạn nghe ở trên lớp.
D. Vì đó là điều mà mẹ của Cô-li-a muốn bạn nớ làm.",A,PNT4,Daily Conversation,high,5ea76d15-516d-4285-a781-7b1c6a04a627,0,EXPERT_AUTO_PASS,90,2.4402616024017334,11.476042510426025,90,2.916426658630371,18.47515134405294,0.4761650562286377,6.999108833626915,1.6098887161901152,65,65,1.0
MCQA_0123_6,MCQA,"Chi tiết nào không nói lên tình cảm của các nhân vật đối với quê hương?
A. Thuyên, Đồng bùi ngùi nhớ đến quê hương.
B. Anh thanh niên cúi đầu, môi mím chặt lộ vẻ đau thương.
C. Thuyên và Đồng rời quê đi làm đã mấy năm không về.
D. Thuyên, Đồng lặng nhìn nhau, đôi mắt rớm lệ.",Thuyên và Đồng rời quê đi làm đã mấy năm không về.,"Chi tiết nào hông nói lên tình cảm của mấy nhân vật đối với quê hương?
A. Thuyên, Đồng bùi ngùi nhớ tới quê hương.
B. Anh thanh niên cúi đầu, môi mím chặt lộ vẻ đau thương.
C. Thuyên và Đồng rời quê đi làm đã mấy năm hông dìa.
D. Thuyên, Đồng lặng nhìn nhau, đôi mắt rớm lệ.",C,PNN,Daily Conversation,high,9d0d5c61-1083-4b35-8c02-c2c597f8212f,0,EXPERT_AUTO_PASS,88,3.369971990585327,29.07771259668098,92,3.626351833343506,37.5754846343707,0.2563798427581787,8.497772037689725,1.2922434840579478,61,61,1.0
MCQA_0020_2,MCQA,"Ngọn cây được miêu tả như thế nào?
A. Là cả một tòa cổ kính.
B. Lớn hơn cột đình.
C. Hình thù kì quái như rắn hổ mang.
D. Chót vót giữa trời xanh.",Chót vót giữa trời xanh.,"Ngọn cây được miêu tả như thế nào?
A. Là cả một tòa nhà cổ kính.
B. Lớn hơn cột đình.
C. Hình thù kì quái như rắn hổ mang.
D. Chót vót giữa trời xanh.",D,PNB,Daily Conversation,high,7e49e369-5b4e-4441-ba22-55eb0d6e2bdf,0,EXPERT_AUTO_PASS,55,3.2736308574676514,26.407045709148534,56,3.2124781608581543,24.840568936730428,-0.06115269660949707,-1.5664767724181061,0.9406795902248387,35,36,1.0285714285714285
MCQA_0144_3,MCQA,"Khi mẹ đi vắng, hai chị em đã làm những việc gì?
A. Hai chị em giúp bố nấu cơm.
B. Hai chị em giúp bố nấu cơm và chăm đàn ngan.
C. Chị hái lá cho thỏ, em thì chăm đàn ngan.
D. Chi và em ra vườn chăm cây cối.","Chị hái lá cho thỏ, em thì chăm đàn ngan.","Lúc má đi vắng, hai chị em làm mấy việc gì?
A. Hai chị em phụ ba nấu cơm.
B. Hai chị em phụ ba nấu cơm với chăm bầy vịt xiêm.
C. Chị hái lá cho thỏ, em thì chăm bầy vịt xiêm.
D. Chi với em ra vườn chăm cây cối.",C,PNN,Daily Conversation,high,88759523-55db-4c51-872d-a8b43438fa82,0,EXPERT_AUTO_PASS,71,3.1856536865234375,24.183091401123818,76,3.420034885406494,30.570481466121084,0.23438119888305664,6.387390064997266,1.2641262839001814,52,53,1.0192307692307692
QA_26558,QA,Vào ngày nào thì James Stuart đã được công bố trở thành vua James I của Anh?,ngày 24 tháng 3 năm 1603,Vào ngày mô thì James Stuart đã được công bố trở thành vua James I của Anh?,ngày 24 tháng 3 năm 1603,PNT4,Daily Conversation,high,5ea76d15-516d-4285-a781-7b1c6a04a627,0,EXPERT_AUTO_PASS,21,3.9288113117218018,50.84650109258743,21,5.15040922164917,172.5020674555522,1.2215979099273682,121.65556636296478,3.3926044811114866,17,17,1.0
MCQA_0020_2,MCQA,"Ngọn cây được miêu tả như thế nào?
A. Là cả một tòa cổ kính.
B. Lớn hơn cột đình.
C. Hình thù kì quái như rắn hổ mang.
D. Chót vót giữa trời xanh.",Chót vót giữa trời xanh.,"Ngọn cây được mô tả ra ren?
A. Là nguyên một tòa cổ kính.
B. To hơn cột đình.
C. Hình thù kì quái như rắn hổ mang.
D. Chót vót giữa trời xanh.",D,PNT4,Daily Conversation,high,caa27aaf-592f-49ce-b541-02f33da2b90f,0,EXPERT_AUTO_PASS,55,3.2736308574676514,26.407045709148534,51,4.3497819900512695,77.46157369060829,1.0761511325836182,51.054527981459756,2.9333676528522945,35,34,0.9714285714285714
QA_4111,QA,Khi Đài Loan được kiểm soát bởi nhà Thanh vào năm 1683 thì Nhà Thanh đã trở nên như thế nào?,cởi mở hơn đối với thương mại nước ngoài,Khi Đài Loan được kiểm soát bởi nhà Thanh vào năm 1683 thì Nhà Thanh đã trở nên như ren?,cởi mở hơn đối với thương mại nước ngoài,PNT4,Daily Conversation,high,5ea76d15-516d-4285-a781-7b1c6a04a627,0,EXPERT_AUTO_PASS,30,2.906886577606201,18.299734976905583,29,3.710707426071167,40.88271779992226,0.8038208484649658,22.58298282301668,2.2340606490485566,21,20,0.9523809523809523
MCQA_0098_4,MCQA,"Chử Đồng Tử là người con hiếu thảo được miêu tả qua chi tiết nào?
A. Chàng hoảng hốt, chạy tới khóm lau thưa trên bãi, nằm xuống, bới cát phủ lên mình để ẩn trốn.
B. Nhà nghèo, mẹ mất sớm, hai cha con chàng chỉ có một chiếc khố mặc chung.
C. Vợ chồng chàng tìm thầy học đạo và truyền cho dân cách trồng lúa, nuôi tằm, dệt vải.
D. Khi cha mất, chàng thương cha nên đã quấn khố chôn cha, còn mình đành ở không.","Khi cha mất, chàng thương cha nên đã quấn khố chôn cha, còn mình đành ở không.","Chử Đồng Tử là người con hiếu thảo được miêu tả qua chi tiết mô?
A. Chàng hoảng hốt, chạy tới khóm lau thưa trên bờ, nằm xuống, bới cát phủ lên mình để ẩn trốn.
B. Nhà nghèo, mẹ mất sớm, hai cha con chàng chỉ có một chiếc khố mặc chung.
C. Vợ chồng chàng tìm thầy học đạo và truyền cho dân cách trồng lúa, nuôi tằm, dệt vải.
D. Khi cha mất, chàng thương cha nên đã quấn khố chôn cha, còn mình đành ở không.",D,PNT4,Daily Conversation,high,caa27aaf-592f-49ce-b541-02f33da2b90f,0,EXPERT_AUTO_PASS,133,4.005049228668213,54.87452573239864,134,4.076826095581055,58.958045372790814,0.0717768669128418,4.083519640392176,1.0744155796499433,90,90,1.0
MCQA_0128_2,MCQA,"Người bố đã làm gì để giúp Én con bay qua sông?
A. Đưa cho Én con một chiếc lá và bảo đó là lá thần kì, giúp Én con qua sông an toàn.
B. Bay sát Én con để phòng ngừa con gặp nguy hiểm.
C. Đỡ một cánh để giúp Én con bay qua.
D. Bố động viên Én rất nhiều.","Đưa cho Én con một chiếc lá và bảo đó là lá thần kì, giúp Én con qua sông an toàn.","Người bố đã làm chi để giúp Én con bay qua sông?
A. Đưa cho Én con một chiếc lá và kêu đó là lá thần kì, giúp Én con qua sông an toàn.
B. Bay sát Én con để phòng ngừa con gặp nguy hiểm.
C. Đỡ một cánh để giúp Én con bay qua.
D. Bố động viên Én rất nhiều.",A,PNT4,Daily Conversation,high,caa27aaf-592f-49ce-b541-02f33da2b90f,0,EXPERT_AUTO_PASS,84,3.3160407543182373,27.551052945838087,85,3.508925199508667,33.41233688203094,0.1928844451904297,5.861283936192855,1.2127426471763314,63,63,1.0
MCQA_0148_3,MCQA,"Bạn Dìn kể về việc đi học của học sinh như thế nào?
A. Nhà ai nghèo thì Ủy ban xã cho tiền đi học.
B. Sáng thứ 2 chúng em đến trường cùng gạo ăn 1 tuần, thứ 7 lại về.
C. Sáng thứ 2 chúng em đến trường cùng gạo ăn 1 tháng, cuối tháng lại về.
D. Sáng thứ 2 chúng em đến trường cùng gạo ăn 1 ngày, tối lại về.","Sáng thứ 2 chúng em đến trường cùng gạo ăn 1 tuần, thứ 7 lại về.","Bạn Dìn kể về việc đi học của học sinh ra ren?
A. Nhà ai nghèo thì Ủy ban xã cho tiền đi học.
B. Sáng thứ 2 chúng em đến trường cùng gạo ăn 1 tuần, thứ 7 lại về.
C. Sáng thứ 2 chúng em đến trường cùng gạo ăn 1 tháng, cuối tháng lại về.
D. Sáng thứ 2 chúng em đến trường cùng gạo ăn 1 ngày, tối lại về.",B,PNT4,Daily Conversation,high,caa27aaf-592f-49ce-b541-02f33da2b90f,0,EXPERT_AUTO_PASS,98,2.6614179611206055,14.316575059741567,97,2.8982784748077393,18.142885035788098,0.2368605136871338,3.826309976046531,1.2672643394163576,75,74,0.9866666666666667
MCQA_0138_5,MCQA,"Điều gì đã xảy ra khi lừa vẫn phải tiếp tục mang đồ nặng?
A. Lừa từ đó ghét ngựa và không nói chuyện với ngựa nữa.
B. Lừa kiệt sức, trút bỏ hết đồ đạc trên lưng và chạy trốn.
C. Lừa bị gãy chân và không thể tiếp tục chở đồ đạc được nữa.
D. Lừa kiệt sức, ngã gục xuống và chết bên vệ đường.","Lừa kiệt sức, ngã gục xuống và chết bên vệ đường.","Điều chi đã xảy ra khi lừa cứ phải tiếp tục mang đồ nặng?
A. Lừa từ nớ ghét ngựa và không nói chuyện với ngựa nữa.
B. Lừa kiệt sức, trút bỏ hết đồ đạc trên lưng và chạy trốn.
C. Lừa bị gãy chân và không thể tiếp tục chở đồ đạc được nữa.
D. Lừa kiệt sức, ngã gục xuống và chết bên lề đường.",D,PNT4,Daily Conversation,high,5ea76d15-516d-4285-a781-7b1c6a04a627,0,EXPERT_AUTO_PASS,100,3.023446798324585,20.56204289657259,102,3.114377737045288,22.51941299623646,0.09093093872070312,1.9573700996638728,1.095193367191649,68,68,1.0
MCQA_0138_3,MCQA,"Ngựa đã nói như thế nào khi lừa nhờ vả?
A. Thôi thế chị chở ông chủ đi, để tôi chở hàng hóa cho.
B. Hay để tôi xin ông chủ cho chị nghỉ một mát nhé.
C. Thôi, việc ai người nấy lo. Tôi không giúp chị được đâu.
D. Ừ, chị cứ đưa qua đây, tôi mang đỡ hàng hóa cho.","Thôi, việc ai người nấy lo. Tôi không giúp chị được đâu.","Ngựa đã nói chi khi lừa nhờ vả?
A. Thôi rứa chị chở ông chủ đi, để tôi chở hàng hóa cho.
B. Hay để tôi xin ông chủ cho chị nghỉ một mát nghe.
C. Thôi, việc ai người nấy lo. Tôi không giúp chị được mô.
D. Ừ, chị cứ đưa qua đây, tôi mang đỡ hàng hóa cho.",C,PNT4,Daily Conversation,high,caa27aaf-592f-49ce-b541-02f33da2b90f,0,EXPERT_AUTO_PASS,87,3.9419381618499756,51.51835551062191,88,4.303190231323242,73.9352885317372,0.3612520694732666,22.41693302111529,1.4351251665339635,63,61,0.9682539682539683
MCQA_0144_0,MCQA,"Ngày bão vắng mẹ, ba cha con vất vả như thế nào?
A. Giường có hai chiếc thì một chiếc bị ướt, ba bố con phải nằm chung.
B. Củi mùn cũng bị ướt.
C. Chị hái lá cho thỏ ăn, em thì chăm đàn ngan, bố đi chợ và nấu cơm.
D. Cả ba ý trên đều đúng.","Chị hái lá cho thỏ ăn, em thì chăm đàn ngan, bố đi chợ và nấu cơm.","Ngày bão vắng mẹ, ba ba con vất vả như ren?
A. Giường có hai cái thì một cái bị ướt, ba ba con phải nằm chung.
B. Củi mùn cũng bị ướt.
C. Chị hái lá cho thỏ ăn, em thì lo đàn ngan, ba đi chợ và nấu cơm.
D. Cả ba ý trên đều đúng.",C,PNT4,Daily Conversation,high,caa27aaf-592f-49ce-b541-02f33da2b90f,0,EXPERT_AUTO_PASS,90,3.776214838027954,43.650504411067686,89,3.995981454849243,54.379185156875636,0.21976661682128906,10.72868074580795,1.2457859511719105,59,58,0.9830508474576272
MCQA_0152_0,MCQA,"Khi đi ra khỏi cửa hiệu, hai bà cháu Cai-li đã gặp cậu thiếu niên như thế nào?
A. To lớn, ăn mặc lịch sự.
B. Có mái tóc cạo sạch bóng, chỉ còn lại một chỏm, mũi được xỏ khuyên, tai đeo toòng teng, còn hai cánh tay đều bận ôm đồ.
C. Có mái tóc cạo sạch bóng, nhanh nhẹn, không mang theo đồ gì.
D. ","Có mái tóc cạo sạch bóng, chỉ còn lại một chỏm, mũi được xỏ khuyên, tai đeo toòng teng, còn hai cánh tay đều bận ôm đồ.","Khi đi ra khỏi cửa hàng, hai bà cháu Cai-li đã gặp anh thiếu niên như ren?
A. To lớn, ăn mặc lịch sự.
B. Có mái tóc cạo sạch bong, chỉ còn lại một chỏm, mũi được xỏ khuyên, tai đeo toòng teng, còn hai cánh tay đều mắc ôm đồ.
C. Có mái tóc cạo sạch bong, nhanh nhẹn, không đem theo đồ chi.
D.",B,PNT4,Daily Conversation,high,caa27aaf-592f-49ce-b541-02f33da2b90f,0,EXPERT_AUTO_PASS,101,3.612640380859375,37.063786243078106,102,3.8131961822509766,45.29497876252589,0.20055580139160156,8.231192519447788,1.2220818042027484,68,67,0.9852941176470589
NLI_1749,NLI,"Đạt G nói: ""Tôi không muốn làm tổn thương cô gái này thêm lần nào nữa.",Đạt G không im lặng.,Đạt G không im lặng.,Entailment,PNT4,Daily Conversation,high,caa27aaf-592f-49ce-b541-02f33da2b90f,0,EXPERT_AUTO_PASS,21,3.6110892295837402,37.006339269758726,7,7.596408843994141,1991.0329312728588,3.9853196144104004,1954.0265920031002,53.80248277894146,16,5,0.3125
NLI_1775,NLI,"Nhiều người có điểm thi TOEIC lên đến 600, 700 nhưng lại không có khả năng giao tiếp tiếng Anh và ứng dụng những gì đã học vào công việc.",Tất cả những người không có khả năng giao tiếp tiếng Anh và ứng dụng những gì đã học vào công việc đều có điểm TOEIC rất cao.,Tất cả những người không có khả năng giao tiếp tiếng Anh và ứng dụng những chi đã học vô công việc đều có điểm TOEIC rất cao.,Contradiction,PNT4,Daily Conversation,high,caa27aaf-592f-49ce-b541-02f33da2b90f,0,EXPERT_AUTO_PASS,44,2.4556450843811035,11.653948905016225,35,3.7263031005859375,41.525309158371044,1.270658016204834,29.87136025335482,3.5631964321121443,30,28,0.9333333333333333
NLI_2615,NLI,"""Nó chui vào gầm xe của tôi, rúc trong đó một lúc cho tới khi nó cảm thấy ổn.",Nó chui xuống gầm xe không vì một lí do gì trước khi nó ra ngoài.,Nó chui xuống gầm xe không vì một lí do chi trước khi nó ra ngoài.,Contradiction,PNT4,Daily Conversation,high,caa27aaf-592f-49ce-b541-02f33da2b90f,0,EXPERT_AUTO_PASS,25,3.8527374267578125,47.121879532454955,20,4.982480049133301,145.8356130183636,1.1297426223754883,98.71373348590865,3.09485984993277,19,16,0.8421052631578947
MCQA_0141_3,MCQA,"Lá cọ được tác giả gọi bằng cái tên đáng yêu nào khác?
A. Quả bóng xanh.
B. Bầu trời xanh.
C. Mặt trời hồng.
D. Mặt trời xanh.",Mặt trời xanh.,"Lá cọ được tác giả gọi bằng cái tên đáng yêu mô nữa?
A. Quả bóng xanh.
B. Bầu trời xanh.
C. Mặt trời hồng.
D. Mặt trời xanh.",D,PNT4,Daily Conversation,high,caa27aaf-592f-49ce-b541-02f33da2b90f,0,EXPERT_AUTO_PASS,45,2.8173224925994873,16.731990613677496,45,3.1915879249572754,24.327026281122933,0.3742654323577881,7.595035667445437,1.4539230174583595,29,29,1.0
MCQA_0144_3,MCQA,"Khi mẹ đi vắng, hai chị em đã làm những việc gì?
A. Hai chị em giúp bố nấu cơm.
B. Hai chị em giúp bố nấu cơm và chăm đàn ngan.
C. Chị hái lá cho thỏ, em thì chăm đàn ngan.
D. Chi và em ra vườn chăm cây cối.","Chị hái lá cho thỏ, em thì chăm đàn ngan.","Khi mẹ đi vắng, hai chị em đã làm những việc chi?
A. Hai chị em giúp ba nấu cơm.
B. Hai chị em giúp ba nấu cơm và giữ đàn ngan.
C. Chị hái lá cho thỏ, em thì giữ đàn ngan.
D. Chi và em ra vườn chăm cây cối.",C,PNT4,Daily Conversation,high,5ea76d15-516d-4285-a781-7b1c6a04a627,0,EXPERT_AUTO_PASS,71,3.1856536865234375,24.183091401123818,71,3.419797658920288,30.563230198351643,0.23414397239685059,6.380138797227826,1.2638264352311603,52,52,1.0
MCQA_0127_0,MCQA,"Để giảm bớt sự căng thẳng, mệt mỏi trong học tập, bạn nhỏ trong bài văn đã làm gì?
A. Đi chơi công viên.
B. Đi cắm trại.
C. Lên núi ngắm cảnh và thưởng thức hoa quả của rừng.
D. ",Lên núi ngắm cảnh và thưởng thức hoa quả của rừng.,"Để giảm bớt sự căng thẳng, mệt mỏi trong học tập, bạn nhỏ trong bài văn đã làm chi?
A. Đi chơi công viên.
B. Đi cắm trại.
C. Lên núi ngắm cảnh và thưởng thức hoa quả của rừng.
D. ",C,PNT4,Daily Conversation,high,5ea76d15-516d-4285-a781-7b1c6a04a627,0,EXPERT_AUTO_PASS,59,2.411939859390259,11.155580426546889,59,2.628391742706299,13.851475243073105,0.21645188331604004,2.6958948165262164,1.2416633391939702,41,41,1.0
MCQA_0152_3,MCQA,"Câu “Tôi mong mình hạ xuống ngang tầm của Cai-li và nâng tầm nhìn của mình lên.” ý nói gì?
A. Bà mong mình có được một cái nhìn trẻ thơ, không định kiến, bao dung như Cai-li.
B. Bà mong mình thấp bé để không thấy cái đầu cạo trọc của cậu thiếu niên.
C. Bà mong mình trở lại tuổi thơ để có dịp giúp mọi người nhiều hơn.
D. ","Bà mong mình có được một cái nhìn trẻ thơ, không định kiến, bao dung như Cai-li.","Câu “Tôi mong mình hạ xuống ngang tầm của Cai-li và nâng tầm nhìn của mình lên.” ý nói chi?
A. Bà mong mình có được một cái nhìn trẻ thơ, không định kiến, bao dung như Cai-li.
B. Bà mong mình thấp bé để không thấy cái đầu cạo trọc của cậu thiếu niên.
C. Bà mong mình trở lại tuổi thơ để có dịp giúp mọi người nhiều hơn.
D. ",A,PNT4,Daily Conversation,high,5ea76d15-516d-4285-a781-7b1c6a04a627,0,EXPERT_AUTO_PASS,93,3.4638400077819824,31.93938883379136,93,3.5443756580352783,34.618065082976806,0.0805356502532959,2.678676249185447,1.0838674861039121,72,72,1.0
SENT_3060,SENT,cảnh này gặp cũng nhiều rồi . dọn thấy mẹ luôn mà vẫn không sạch được . tức ghê . ức chế lắm . 1 lần thì không sao mà cả chục lần như vậy,,cảnh ni gặp cũng nhiều rồi . dọn thấy mẹ luôn mà cũng không sạch được . tức ghê . ức chế gớm . 1 lần thì không ren mà cả chục lần như rứa,Anger,PNT4,Daily Conversation,high,caa27aaf-592f-49ce-b541-02f33da2b90f,0,EXPERT_AUTO_PASS,42,4.849354267120361,127.65793030253192,45,5.175924301147461,176.9601031347054,0.3265700340270996,49.30217283217348,1.3862053279050823,35,35,1.0
MCQA_0120_7,MCQA,"Vế đối của Cao Bá Quát cho thấy cậu bé là người như thế nào?
A. Nhút nhát, yếu đuối.
B. Thông minh, nhanh trí.
C. Kiêu căng, xốc nổi.
D. Chậm chạp, lề mề.","Thông minh, nhanh trí.","Vế đối của Cao Bá Quát cho thấy cậu bé là người như răn?
A. Nhát gan, yếu đuối.
B. Thông minh, nhanh trí.
C. Kiêu căng, xốc nổi.
D. Chậm chạp, lề mề.",B,PNT4,Daily Conversation,high,79761839-4e36-4d46-bc8f-bfd4e0af851a,0,EXPERT_AUTO_PASS,63,2.8583414554595947,17.43259021946247,62,3.4047176837921143,30.10579517012436,0.5463762283325195,12.67320495066189,1.726983471252195,35,34,0.9714285714285714
MCQA_0137_1,MCQA,"Người bố kể ra rất nhiều địa điểm, hoàn cảnh: “trên các nẻo đường ở các nông thôn, trên những phố dài của các thị trấn đông đúc, dưới trời nắng gắt hay trong tuyết rơi. Từ những ngôi trường xa xôi trên miền tuyết phủ của nước Nga cho đến ngôi trường hẻo lánh núp dưới hàng cọ của xứ Ả Rập” nhằm nhấn mạnh điều gì?
A. Người ta phải đi học rất xa xôi, khó khăn.
B. Có nhiều chỗ người con có thể lựa chọn để đến học.
C. Tất cả trẻ em trên thế giới đều đi học.
D. ",Tất cả trẻ em trên thế giới đều đi học.,"Người ba kể ra quá trời địa điểm, hoàn cảnh: “trên mấy nẻo đường ở các nông thôn, trên những phố dài của mấy thị trấn đông đúc, dưới trời nắng gắt hay trong tuyết rơi. Từ mấy ngôi trường xa xôi trên miền tuyết phủ của nước Nga cho tới ngôi trường hẻo lánh núp dưới hàng cọ của xứ Ả Rập” để nhấn mạnh điều chi?
A. Người ta phải đi học rất xa xôi, khó khăn.
B. Có nhiều chỗ người con có thể lựa chọn để đến học.
C. Tất cả trẻ em trên thế giới đều đi học.
D.",C,PNT4,Daily Conversation,high,caa27aaf-592f-49ce-b541-02f33da2b90f,0,EXPERT_AUTO_PASS,139,3.1476187705993652,23.280562166084554,139,3.549853801727295,34.80822821274886,0.4022350311279297,11.527666046664304,1.4951627011592517,104,104,1.0
SENT_1546,SENT,nói tóm lại là nó thích đỗ đâu thì nó đỗ mình thích thì mình gọi công an . chứ mình không có quyền,,nói tóm lại là hắn thích đỗ đâu thì hắn đỗ mình thích thì mình gọi công an . chứ mình không có quyền,Other,PNT4,Daily Conversation,high,5ea76d15-516d-4285-a781-7b1c6a04a627,0,EXPERT_AUTO_PASS,28,4.780299663543701,119.14004662463319,28,5.02119255065918,151.59197715385432,0.24089288711547852,32.45193052922113,1.2723847392091874,24,24,1.0
QA_17926,QA,"Một số người miền Bắc đã tuyên bố chủ nghĩa nô lệ là một tội ác, đó là cách nói theo thuyết nào?",thuyết thần học Kháng Cách,"Mấy người miền Bắc đã tuyên bố chủ nghĩa nô lệ là một tội ác, đó là cách nói theo thuyết mô?",thuyết thần học Kháng Cách,PNT4,Daily Conversation,high,caa27aaf-592f-49ce-b541-02f33da2b90f,0,EXPERT_AUTO_PASS,29,3.657808542251587,38.77627312780318,28,4.3474555015563965,77.28156970041846,0.6896469593048096,38.50529657261528,1.9930117947566857,23,22,0.9565217391304348
QA_19280,QA,Tại lưỡng viện thì trong cuộc tuyển cử năm 1912 đã có gần một nữa số ghế thuộc về tổ chức nào?,Quốc Dân đảng,Tại lưỡng viện thì trong cuộc tuyển cử năm 1912 đã có gần một nữa số ghế thuộc về tổ chức mô?,Quốc Dân đảng,PNT4,Daily Conversation,high,caa27aaf-592f-49ce-b541-02f33da2b90f,0,EXPERT_AUTO_PASS,29,4.303919792175293,73.98924850498368,29,4.810009479522705,122.7327809599345,0.5060896873474121,48.743532454950824,1.6587921007424156,22,22,1.0
QA_22617,QA,Tại Mỹ Latinh ngoại trừ Cuba thì các vùng thuộc địa của Tây Ban Nha đã có những động thái nào vào thập niên 1820?,nổi loạn và thành lập nên các nhà nước độc lập,Tại Mỹ Latinh ngoại trừ Cuba thì mấy khu thuộc địa của Tây Ban Nha đã có những động thái chi ở thập niên 1820?,nổi loạn và thành lập nên các nhà nước độc lập,PNT4,Daily Conversation,high,caa27aaf-592f-49ce-b541-02f33da2b90f,0,EXPERT_AUTO_PASS,33,3.7743663787841797,43.569892759322876,33,4.2933878898620605,73.21409007900644,0.5190215110778809,29.644197319683563,1.6803826092351453,25,25,1.0
QA_17724,QA,Nền nông nghiệp do người định cư mới đến châu Mỹ vào cuối thế kỷ 17 xây dựng nên đã dựa vào loại cây nào?,cây thuốc lá,Nền nông nghiệp do người định cư mới tới châu Mỹ vào cuối thế kỷ 17 xây dựng nên đã dựa vô loại cây mô?,cây thuốc lá,PNT4,Daily Conversation,high,5ea76d15-516d-4285-a781-7b1c6a04a627,0,EXPERT_AUTO_PASS,30,3.8307299613952637,46.09617438394513,30,4.984565258026123,146.140028009641,1.1538352966308594,100.04385362569585,3.170328773759156,25,25,1.0
QA_12099,QA,Quá trình phong hóa vật lý và hóa học đã tác động như thế nào đến hệ thống hang động của Phong Nha?,"gặm mòn, hoà tan, rửa trôi",Quá trình phong hóa vật lý và hóa học đã tác động ra ren tới hệ thống hang động của Phong Nha?,"gặm mòn, hoà tan, rửa trôi",PNT4,Daily Conversation,high,5ea76d15-516d-4285-a781-7b1c6a04a627,0,EXPERT_AUTO_PASS,28,3.6093556880950928,36.942242818272305,27,4.544140815734863,94.07956079649932,0.9347851276397705,57.13731797822702,2.546666190769713,23,22,0.9565217391304348
QA_20004,QA,Vì nguyên nhân chính trị và tài chính nên những nhà soạn nhạc người Ireland nổi tiếng khi đó đã làm gì?,di cư khỏi đảo,Tại nguyên nhân chính trị với tài chính nên những nhà soạn nhạc người Ireland nổi tiếng hồi nớ đã làm chi?,di cư khỏi đảo,PNT4,Daily Conversation,high,5ea76d15-516d-4285-a781-7b1c6a04a627,0,EXPERT_AUTO_PASS,25,3.846341371536255,46.82144720391485,26,5.475513935089111,238.77314930233547,1.6291725635528564,191.9517020984206,5.0996533332778125,22,22,1.0
QA_13646,QA,Xét về mặt chiến lược và hành động thì Việt Nam có mối quan hệ như thế nào với Liên Xô và Trung Quốc?,hoàn toàn độc lập,Xét về mặt chiến lược và hành động thì Việt Nam có mối quan hệ ra ren với Liên Xô và Trung Quốc?,hoàn toàn độc lập,PNT4,Daily Conversation,high,5ea76d15-516d-4285-a781-7b1c6a04a627,0,EXPERT_AUTO_PASS,29,2.3621678352355957,10.613935794302675,28,3.3522887229919434,28.568043214840458,0.9901208877563477,17.95410742053778,2.69155982931187,24,23,0.9583333333333334
QA_14257,QA,"Trong ""Hiện tượng Tinh thần"" thì tác giả xem nền văn minh phương Tây như thế nào?",hoàn thiện nhất,"Trong ""Hiện tượng Tinh thần"" thì tác giả coi nền văn minh phương Tây như ren?",hoàn thiện nhất,PNT4,Daily Conversation,high,5ea76d15-516d-4285-a781-7b1c6a04a627,0,EXPERT_AUTO_PASS,25,2.9561767578125,19.224331797152356,24,4.048983573913574,57.339146412055314,1.0928068161010742,38.114814614902954,2.982634039875903,17,16,0.9411764705882353
QA_23978,QA,Ngoài chức năng quan trọng là làm gốm và văn hóa ra thì tại Bát Tràng ngày nay còn là nơi như thế nào?,địa điểm du lịch thu hút của thành phố Hà Nội,Ngoài chức năng quan trọng là làm gốm và văn hóa ra thì tại Bát Tràng ngày ni còn là nơi như ren?,địa điểm du lịch thu hút của thành phố Hà Nội,PNT4,Daily Conversation,high,5ea76d15-516d-4285-a781-7b1c6a04a627,0,EXPERT_AUTO_PASS,33,3.199547052383423,24.521420762213925,31,4.543210029602051,93.99203358680457,1.343662977218628,69.47061282459065,3.8330582268561204,24,23,0.9583333333333334
MCQA_0036_5,MCQA,"Lần thứ hai, cậu bé lại quay về hỏi bà điều gì?
A. Bát nào là bát tương, bát nào là bát mắm.
B. Bát nào đựng mắm, bát nào đựng tương.
C. Đồng nào mua mắm, đồng nào mua tương.
D. Chọn mắm và tương như thế nào là ngon.","Đồng nào mua mắm, đồng nào mua tương.","Lần thứ hai, cậu bé lại quay về hỏi bà điều chi?
A. Bát mô là bát tương, bát mô là bát mắm.
B. Bát mô đựng mắm, bát mô đựng tương.
C. Đồng mô mua mắm, đồng mô mua tương.
D. Chọn mắm và tương như răng là ngon.",C,PNT4,Daily Conversation,high,eb3805e3-c095-4a6c-8697-9f6079168a64,0,EXPERT_AUTO_PASS,80,2.469477891921997,11.81627586774381,79,2.991647243499756,19.918466046623212,0.5221693515777588,8.102190178879402,1.6856805197817735,51,50,0.9803921568627451
QA_17758,QA,Vào năm 1765 thì Đạo luật nào đã được Nghị viện Anh thông qua để áp đặt thuế mới vào các thuộc địa?,Đạo luật tem,Vào năm 1765 thì Đạo luật nào đã được Nghị viện Anh thông qua để áp đặt thuế mới vô các thuộc địa?,Đạo luật tem,PNT4,Daily Conversation,high,5ea76d15-516d-4285-a781-7b1c6a04a627,0,EXPERT_AUTO_PASS,31,3.2632272243499756,26.133740641800443,31,3.5552661418914795,34.99713293150845,0.2920389175415039,8.86339228970801,1.3391551332506597,23,23,1.0
QA_17769,QA,Những người dân bình thường đã làm gì khi bị người Anh cố tình vi phạm đến quyền của họ?,trở thành quân nổi dậy chống lại Anh Quốc,Những người dân bình thường đã làm chi khi bị người Anh cố tình vi phạm tới quyền của họ?,trở thành quân nổi dậy chống lại Anh Quốc,PNT4,Daily Conversation,high,5ea76d15-516d-4285-a781-7b1c6a04a627,0,EXPERT_AUTO_PASS,23,3.3454666137695312,28.373812189703244,23,4.032006740570068,56.3739256576119,0.6865401268005371,28.000113467908655,1.986829449659563,20,20,1.0
QA_18023,QA,Cuộc khủng hoảng kinh tế toàn quốc năm 1893 đã làm cho nhiều công ty đường sắt ảnh hưởng như thế nào?,phá sản,Cuộc khủng hoảng kinh tế toàn quốc năm 1893 đã làm cho nhiều công ty đường sắt ảnh hưởng ra ren?,phá sản,PNT4,Daily Conversation,high,5ea76d15-516d-4285-a781-7b1c6a04a627,0,EXPERT_AUTO_PASS,30,2.641885995864868,14.039657389811861,29,3.3217062950134277,27.70758756541842,0.6798202991485596,13.66793017560656,1.9735230565900381,22,21,0.9545454545454546
QA_18170,QA,Trước tình hình NATO được Hoa Kỳ thành lập thì Liên Xô đã làm gì để đối phó với điều này?,thành lập Khối Warszawa gồm các quốc gia cộng sản,Trước tình hình NATO được Hoa Kỳ thành lập thì Liên Xô đã làm ren để đối phó với chuyện ni?,thành lập Khối Warszawa gồm các quốc gia cộng sản,PNT4,Daily Conversation,high,5ea76d15-516d-4285-a781-7b1c6a04a627,0,EXPERT_AUTO_PASS,25,3.334383010864258,28.06106450968139,25,4.7923359870910645,120.58271959558269,1.4579529762268066,92.5216550859013,4.297154142316314,21,21,1.0
QA_18828,QA,Những khu vực mà chịu thiệt hại từ chiến tranh nhờ vào các chính sách nhà Minh mà đã có kết quả như thế nào?,khôi phục sinh khí,Những khu vực mà chịu thiệt hại từ chiến tranh nhờ vô mấy chính sách nhà Minh mà đã có kết quả ra ren?,khôi phục sinh khí,PNT4,Daily Conversation,high,5ea76d15-516d-4285-a781-7b1c6a04a627,0,EXPERT_AUTO_PASS,28,3.8143064975738525,45.34529840165895,27,5.118932723999023,167.15687186712103,1.304626226425171,121.81157346546208,3.6863109905349223,25,24,0.96
QA_19250,QA,Nhờ vào Chủ nghĩa Tam Dân mà hiến pháp đã quy định Trung Hoa Dân Quốc là nhà nước như thế nào?,"nước cộng hòa dân chủ của dân, do dân, vì dân",Nhờ vô Chủ nghĩa Tam Dân mà hiến pháp đã quy định Trung Hoa Dân Quốc là nhà nước kiểu ren?,"nước cộng hòa dân chủ của dân, do dân, vì dân",PNT4,Daily Conversation,high,5ea76d15-516d-4285-a781-7b1c6a04a627,0,EXPERT_AUTO_PASS,29,3.9425182342529297,51.54824855612636,28,4.828670024871826,125.04454388093497,0.8861517906188965,73.49629532480861,2.425776769986374,22,21,0.9545454545454546
QA_19877,QA,"Vì không thể kiểm soát bằng tự nhiên số lượng các loài động vật như hươu bán hoang dã, người ta đã làm gì?",tiêu huỷ mỗi năm,"Do không thể kiểm soát bằng tự nhiên số lượng các loài động vật như hươu bán hoang dã, người ta đã làm chi?",tiêu huỷ mỗi năm,PNT4,Daily Conversation,high,5ea76d15-516d-4285-a781-7b1c6a04a627,0,EXPERT_AUTO_PASS,32,3.203216552734375,24.611567419748656,31,3.962002754211426,52.56249035363937,0.7587862014770508,27.950922933890713,2.1356823585101092,24,24,1.0
QA_20639,QA,Tổ chức Thương mại Thế giới đã kết nạp Việt Nam trở thành thành viên nhờ vào Việt Nam đã làm những việc gì?,đổi mới kinh tế thành công,Tổ chức Thương mại Thế giới đã kết nạp Việt Nam trở thành thành viên nhờ vô Việt Nam đã làm những chuyện chi?,đổi mới kinh tế thành công,PNT4,Daily Conversation,high,5ea76d15-516d-4285-a781-7b1c6a04a627,0,EXPERT_AUTO_PASS,27,3.2058064937591553,24.675392543869748,27,4.189742088317871,66.0057651070121,0.9839355945587158,41.33037256314235,2.674963123267933,24,24,1.0
QA_21489,QA,Richard đã làm gì sau khi tái bố trí quân đội mà ông để lại nhằm bảo vệ các lãnh thổ ở Pháp?,lên đường trong cuộc Thập tự chinh vào mùa hè năm 1190,Richard đã làm chi sau khi tái bố trí quân đội mà ông để lại nhằm bảo vệ các lãnh thổ ở Pháp?,lên đường trong cuộc Thập tự chinh vào mùa hè năm 1190,PNT4,Daily Conversation,high,5ea76d15-516d-4285-a781-7b1c6a04a627,0,EXPERT_AUTO_PASS,24,4.502444267272949,90.23742634887466,24,4.968719959259033,143.84264503129745,0.466275691986084,53.60521868242279,1.5940464045946419,23,23,1.0
QA_23724,QA,Vào ngày nào thì UNESCO đã quyết định cho khu truang tâm Hoàng thành Thăng Long trở thành di sản văn háo thế giới?,Ngày 31 tháng 7 năm 2010,Vào ngày mô thì UNESCO đã quyết định cho khu trung tâm Hoàng thành Thăng Long trở thành di sản văn hóa thế giới?,Ngày 31 tháng 7 năm 2010,PNT4,Daily Conversation,high,5ea76d15-516d-4285-a781-7b1c6a04a627,0,EXPERT_AUTO_PASS,29,4.42885684967041,83.83552550295437,28,3.7870852947235107,44.12759372034396,-0.6417715549468994,-39.70793178261041,0.5263591234814756,24,24,1.0
QA_24045,QA,Theo nhiều ý kiến thì Hà Nội đang dàn đánh mất điều gì để thay vào đó là sự thiếu văn hóa?,"lối cư xử nhã nhặn, thanh lịch",Theo nhiều ý kiến thì Hà Nội đang lần lần đánh mất điều chi để thay vô đó là sự thiếu văn hóa?,"lối cư xử nhã nhặn, thanh lịch",PNT4,Daily Conversation,high,5ea76d15-516d-4285-a781-7b1c6a04a627,0,EXPERT_AUTO_PASS,26,4.250316619873047,70.1276126277846,26,5.260498046875,192.57737997902865,1.0101814270019531,122.44976735124405,2.746099186367131,22,23,1.0454545454545454
QA_25984,QA,Từ nhỏ Kepler đã nổi bật hơn anh chị em trong gia đình nhờ vào đặc điểm nào?,thông minh hơn người,Từ nhỏ Kepler đã trội hơn anh chị em trong gia đình nhờ vô đặc điểm mô?,thông minh hơn người,PNT4,Daily Conversation,high,5ea76d15-516d-4285-a781-7b1c6a04a627,0,EXPERT_AUTO_PASS,21,4.18972110748291,66.00438026547553,21,5.8064188957214355,332.4265374620884,1.6166977882385254,266.42215719661283,5.03643146295805,18,17,0.9444444444444444
QA_13794,QA,Việt Nam đã khẳng định vị thế của Mặt trận như thế nào khi nó được ra đời?,đại diện nhân dân miền Nam,Việt Nam đã khẳng định vị thế của Mặt trận như ren khi nó được ra đời?,đại diện nhân dân miền Nam,PNT4,Daily Conversation,high,caa27aaf-592f-49ce-b541-02f33da2b90f,0,EXPERT_AUTO_PASS,20,2.8921921253204346,18.032796455379792,19,4.1967339515686035,66.46888554109236,1.304541826248169,48.43608908571257,3.6859998783639822,18,17,0.9444444444444444
QA_15627,QA,Dù Trump đã nói rằng chưa sẵn sàng để tham gia tiếp chương trình The Apprentice nhưng NBC vẫn quyết định như thế nào?,sẽ bắt tay vào sản xuất,Dù Trump đã nói rằng chưa sẵn sàng để tham gia tiếp chương trình The Apprentice nhưng NBC vẫn quyết định như ren?,sẽ bắt tay vào sản xuất,PNT4,Daily Conversation,high,caa27aaf-592f-49ce-b541-02f33da2b90f,0,EXPERT_AUTO_PASS,27,3.986990451812744,53.89245312148335,26,4.8317484855651855,125.4300817212592,0.8447580337524414,71.53762859977584,2.32741459065738,24,23,0.9583333333333334
QA_18375,QA,Sau khi Minh Thế Tông băng hà thì quyền lực triều đình Đại Minh được phát triển vào thời kỳ nào sau đó?,Long Khánh tân chính và Vạn Lịch trung hưng,Sau khi Minh Thế Tông băng hà thì quyền lực triều đình Đại Minh được phát triển vào thời kỳ mô sau đó?,Long Khánh tân chính và Vạn Lịch trung hưng,PNT4,Daily Conversation,high,caa27aaf-592f-49ce-b541-02f33da2b90f,0,EXPERT_AUTO_PASS,27,4.490227222442627,89.14169857212775,27,5.3338727951049805,207.23901626688016,0.8436455726623535,118.0973176947524,2.3248268721197367,23,23,1.0
QA_20495,QA,Cuộc tiến công của tướng Germanicus vào các năm 15 -17 đã có kết quả như thế nào?,không mấy thành công và chịu nhiều thiệt hại,Cuộc tiến công của tướng Germanicus vào các năm 15 -17 đã có kết quả ra ren?,không mấy thành công và chịu nhiều thiệt hại,PNT4,Daily Conversation,high,caa27aaf-592f-49ce-b541-02f33da2b90f,0,EXPERT_AUTO_PASS,25,3.3710649013519287,29.109509314168506,24,4.569848537445068,96.5294880626636,1.1987836360931396,67.4199787484951,3.3160809074744413,18,17,0.9444444444444444
QA_26154,QA,Với sự không rõ ràng trong thần học thì Kepler đã bị giáo hội Luther phạt như thế nào?,không ban bí tích Thánh thể,Với sự không rõ ràng trong thần học thì Kepler đã bị giáo hội Luther phạt ra ren?,không ban bí tích Thánh thể,PNT4,Daily Conversation,high,caa27aaf-592f-49ce-b541-02f33da2b90f,0,EXPERT_AUTO_PASS,21,4.813233852386475,123.12915589523739,20,5.90196418762207,365.75517456586584,1.0887303352355957,242.62601867062847,2.9705001378963662,19,18,0.9473684210526315
SENT_3023,SENT,"xã hội giờ nguy hiểm quá . có khi cái con mẹ kia mới là người có ý định bắt cóc trẻ con ấy chứ , hoặc chỉ một câu trêu đùa quái ác như thế cũng đủ mệt",,"xã hội giờ nguy hiểm kinh . có khi cái con mẹ kia mới là người có ý định bắt cóc trẻ con đó chớ , hoặc chỉ một câu trêu đùa quái ác như rứa cũng đủ mệt",Disgust,PNT4,Daily Conversation,high,caa27aaf-592f-49ce-b541-02f33da2b90f,0,EXPERT_AUTO_PASS,49,4.069833278656006,58.54720071016846,53,4.280801296234131,72.29834919796487,0.210968017578125,13.751148487796407,1.23487286020505,39,39,1.0
QA_27538,QA,Quân đội Anh Pháp đã phản ứng như thế nào với việc dân thường Pháp đánh đập người Việt?,chỉ đứng nhìn chứ không can thiệp,Quân đội Anh Pháp đã phản ứng ra ren với việc dân thường Pháp đánh đập người Việt?,chỉ đứng nhìn chứ không can thiệp,PNT4,Daily Conversation,high,caa27aaf-592f-49ce-b541-02f33da2b90f,0,EXPERT_AUTO_PASS,23,3.776174306869507,43.648735241410584,22,4.710721015930176,111.13225915501893,0.934546709060669,67.48352391360834,2.5460590906099183,19,18,0.9473684210526315
QA_4814,QA,Trong trường hợp nào việc sửa đổi tài liệu không làm thay đổi tên gọi của nó?,khi các tác giả trước đó cho phép giữ lại tên gọi,Trong trường hợp mô việc sửa đổi tài liệu không làm thay đổi tên gọi của nó?,khi các tác giả trước đó cho phép giữ lại tên gọi,PNT4,Daily Conversation,high,caa27aaf-592f-49ce-b541-02f33da2b90f,0,EXPERT_AUTO_PASS,20,3.43315052986145,30.974073934018577,20,4.280836582183838,72.30090035888838,0.8476860523223877,41.32682642486981,2.3342392903466562,17,17,1.0
QA_7436,QA,Vào thời gian nào thì tiếng Anh lan rộng ra khắp toàn thế giới?,từ thế kỷ XVII đến giữa thế kỷ XX,Ở thời gian mô thì tiếng Anh lan rộng ra khắp toàn thế giới?,từ thế kỷ XVII đến giữa thế kỷ XX,PNT4,Daily Conversation,high,caa27aaf-592f-49ce-b541-02f33da2b90f,0,EXPERT_AUTO_PASS,18,3.1915290355682373,24.325593719589875,17,4.316659927368164,74.93791175125226,1.1251308917999268,50.61231803166238,3.0806200504328616,14,14,1.0
SENT_1726,SENT,lâu lâu mới có dịp ăn bánh trung thu mà gặp bán hàng halo thế này thì cho ế mẹ luôn không mua bán gì hết . xem ai bất hạnh hơn ?,,lâu lâu mới có dịp ăn bánh trung thu mà gặp bán hàng halo thế này thì cho ế mẹ luôn không mua bán chi hết . coi ai khổ hơn ?,Anger,PNT4,Daily Conversation,high,caa27aaf-592f-49ce-b541-02f33da2b90f,0,EXPERT_AUTO_PASS,38,4.937626838684082,139.43894548512722,37,5.187806129455566,179.07525374140562,0.2501792907714844,39.6363082562784,1.284255651234153,33,32,0.9696969696969697
SENT_2217,SENT,không may thụt chân xuống thì sẽ như thế nào nhỉ chắc là thốn đến tận rốn,,lỡ thụt chân xuống thì sẽ ren hè chắc là thốn đến tận rốn,Fear,PNT4,Daily Conversation,high,caa27aaf-592f-49ce-b541-02f33da2b90f,0,EXPERT_AUTO_PASS,22,4.983550071716309,145.99174393460635,18,7.037128925323486,1138.1152973454703,2.0535788536071777,992.1235534108639,7.795751092988264,17,14,0.8235294117647058
QA_26719,QA,Về hộp sọ và bộ não thì thể tích của loài người so với tinh tinh hay khỉ đột thì như thế nào?,cao hơn gấp đôi,Về hộp sọ và bộ não thì thể tích của loài người so với tinh tinh hay khỉ đột thì như ren?,cao hơn gấp đôi,PNT4,Daily Conversation,high,5ea76d15-516d-4285-a781-7b1c6a04a627,0,EXPERT_AUTO_PASS,31,4.508392333984375,90.77576402770316,30,5.352587699890137,211.15399468121197,0.8441953659057617,120.37823065350881,2.3261053976562676,23,22,0.9565217391304348
QA_8086,QA,Tại Khánh Hòa thì nơi nào đã được xếp vào danh sách 20 resort tốt nhất thế giới vào năm 2005?,khu nghỉ dưỡng cao cấp Evason Hideaway,Tại Khánh Hòa thì chỗ mô đã được xếp vô danh sách 20 resort tốt nhất thế giới vào năm 2005?,khu nghỉ dưỡng cao cấp Evason Hideaway,PNT4,Daily Conversation,high,5ea76d15-516d-4285-a781-7b1c6a04a627,0,EXPERT_AUTO_PASS,29,2.836995840072632,17.064424197603252,29,4.343921184539795,77.00891424278895,1.506925344467163,59.944490045185695,4.5128340312593185,21,21,1.0
QA_9767,QA,Rousseau đã có quyết định như thế nào về lời mời của nhà vua mời ông đến Versailles?,ông từ chối,Rousseau đã có quyết định ra ren về lời mời của nhà vua mời ông tới Versailles?,ông từ chối,PNT4,Daily Conversation,high,5ea76d15-516d-4285-a781-7b1c6a04a627,0,EXPERT_AUTO_PASS,23,3.5828657150268555,35.97649163549,22,4.878359794616699,131.41493952680784,1.2954940795898438,95.43844789131785,3.6528003024388838,18,17,0.9444444444444444
SENT_1971,SENT,con này ăn cức mà lớn hay sao ấy . đánh không lại thì chạy ngu như bò đứng cho tụi nó đánh,,con ni ăn cức mà lớn hay ren ấy . đánh không lại thì chạy ngu như bò đứng cho tụi hắn đánh,Disgust,PNT4,Daily Conversation,high,5ea76d15-516d-4285-a781-7b1c6a04a627,0,EXPERT_AUTO_PASS,27,5.974311351776123,393.19723325915754,26,6.712478160858154,822.6066672508811,0.7381668090820312,429.4094339917235,2.0920967841823503,23,23,1.0
SENT_2727,SENT,làm công thì chấp nhận . chỉ trách khách không ý tứ chứ quyền gì cấm nó đem mấy cái này vào ... có trách thì trách bản thân không có khả năng làm việc khác ngoài làm nhân viên vệ sinh,,làm công thì chấp nhận . chỉ trách khách không ý tứ chứ quyền chi cấm hắn đem mấy cái ni vô ... có trách thì trách bản thân không có khả năng làm chuyện khác ngoài làm nhân viên vệ sinh,Disgust,PNT4,Daily Conversation,high,5ea76d15-516d-4285-a781-7b1c6a04a627,0,EXPERT_AUTO_PASS,44,4.787701606750488,120.02518631897107,44,5.413887977600098,224.50275472569433,0.6261863708496094,104.47756840672326,1.8704637052515838,42,42,1.0
MCQA_0092_1,MCQA,"Khi các bạn đến thăm Lan thì thấy bạn Lan đang làm gì?
A. Lan giúp mẹ cắt lá để gói bánh.
B. Lan đang học bài.
C. Lan đi chơi bên hàng xóm.
D. Lan đang tập viết chính tả.",Lan giúp mẹ cắt lá để gói bánh.,"Khi các bạn đến thăm Lan thì thấy bạn Lan đang làm cái chi?
A. Lan giúp mẹ cắt lá để gói bánh.
B. Lan đang học bài.
C. Lan đi chơi bên hàng xóm.
D. Lan đang tập viết chính tả.",A,PNT4,Daily Conversation,high,eb3805e3-c095-4a6c-8697-9f6079168a64,0,EXPERT_AUTO_PASS,52,3.5946433544158936,36.40271480497794,53,3.9913949966430664,54.13034837282519,0.39675164222717285,17.72763356784725,1.486986579512555,41,42,1.024390243902439
QA_26901,QA,Các quốc gia phương Tây đã bày tỏ một thái độ như thế nào về bài phát của Putin?,chỉ trích,Các quốc gia phương Tây đã bày tỏ một thái độ ra ren về bài phát của Putin?,chỉ trích,PNT4,Daily Conversation,high,caa27aaf-592f-49ce-b541-02f33da2b90f,0,EXPERT_AUTO_PASS,21,3.4213204383850098,30.609806711551816,20,4.508726596832275,90.8061120649355,1.0874061584472656,60.19630535338369,2.966569273717963,19,18,0.9473684210526315
QA_3410,QA,Phạm vị thám hiểm trong lĩnh vực vũ trụ đã mở rộng đến nơi nào vào nữa sau thế kỷ XX?,toàn bộ hệ mặt trời,Phạm vị thám hiểm trong lĩnh vực vũ trụ đã mở rộng đến nơi mô vào nữa sau thế kỷ XX?,toàn bộ hệ mặt trời,PNT4,Daily Conversation,high,caa27aaf-592f-49ce-b541-02f33da2b90f,0,EXPERT_AUTO_PASS,24,4.615314483642578,101.01959254702359,24,5.227671146392822,186.35829657381115,0.6123566627502441,85.33870402678755,1.8447737896691996,21,21,1.0
QA_4833,QA,"Khi định nghĩa dạng thức ""trong suốt"" (transparent), người ta thường cảm thấy nó như thế nào?","khá phức tạp, và có thể khó áp dụng","Khi định nghĩa dạng thức ""trong suốt"" (transparent), người ta thường cảm thấy nó ra ren?","khá phức tạp, và có thể khó áp dụng",PNT4,Daily Conversation,high,caa27aaf-592f-49ce-b541-02f33da2b90f,0,EXPERT_AUTO_PASS,24,3.694847345352173,40.23942938316794,23,4.790160655975342,120.32069734952591,1.095313310623169,80.08126796635798,2.990119372812374,17,16,0.9411764705882353
QA_6673,QA,Ông đã không từ bỏ bất kỳ cơ hội nào để làm gì?,bảo vệ quyền sống của thai nhi,Ông đã không từ bỏ bất kỳ cơ hội mô để làm chi?,bảo vệ quyền sống của thai nhi,PNT4,Daily Conversation,high,caa27aaf-592f-49ce-b541-02f33da2b90f,0,EXPERT_AUTO_PASS,15,2.9703733921051025,19.49919908388864,15,5.004982948303223,149.15453979871802,2.03460955619812,129.65534071482938,7.64926493426892,13,13,1.0
QA_7747,QA,Trung Quốc đã lâm vào tình trạng như thế nào sau khi Viên Thế Khải qua đời?,phân liệt giữa các quân phiệt địa phương,Trung Quốc đã lâm vào tình trạng ra ren sau khi Viên Thế Khải qua đời?,phân liệt giữa các quân phiệt địa phương,PNT4,Daily Conversation,high,caa27aaf-592f-49ce-b541-02f33da2b90f,0,EXPERT_AUTO_PASS,22,3.1635236740112305,23.653797526938817,21,4.180689811706543,65.4109589001917,1.0171661376953125,41.757161373252885,2.765347036800181,17,16,0.9411764705882353
QA_9520,QA,Sau các trận thua thì quân Pháp đã bị đồng minh Anh và Phổ đánh đuổi về tại đâu?,các lãnh thổ Đức dọc theo sông Rhine,"Sau các trận thua thì quân Pháp đã bị đồng minh Anh và Phổ đánh đuổi về tại đâu?

",các lãnh thổ Đức dọc theo sông Rhine,PNT4,Daily Conversation,high,caa27aaf-592f-49ce-b541-02f33da2b90f,0,EXPERT_AUTO_PASS,25,4.15626335144043,63.83255658136634,25,4.15626335144043,63.83255658136634,0.0,0.0,1.0,19,19,1.0
SENT_1626,SENT,xem video chị này công nhận hay và ý nghĩa thật . giờ lên xem vid mới biết về tuổi thơ chị này cơ cực thật đấy,,coi video chị này công nhận hay và ý nghĩa thật . giờ lên xem vid mới biết về tuổi thơ chị này cơ cực ghê lắm,Enjoyment,PNT4,Daily Conversation,high,caa27aaf-592f-49ce-b541-02f33da2b90f,0,EXPERT_AUTO_PASS,29,5.7821221351623535,324.44698071322847,30,5.837154865264893,342.8026322140524,0.05503273010253906,18.35565150082391,1.0565751959240701,27,27,1.0
SENT_1915,SENT,"hồi nhỏ chỉ khi nào mẹ làm bánh tai yến thì mới dùng tới bếp dầu hôi này , không là bỏ tủ để dành",,"hồi nhỏ chỉ khi mô mẹ làm bánh tai yến thì mới dùng tới bếp dầu hôi ni , không là bỏ tủ để dành",Other,PNT4,Daily Conversation,high,caa27aaf-592f-49ce-b541-02f33da2b90f,0,EXPERT_AUTO_PASS,28,5.590161323547363,267.77881525771045,28,6.480864524841309,652.5348350628481,0.8907032012939453,384.7560198051376,2.436842639828876,25,25,1.0
SENT_3249,SENT,trai đẹp nó yêu nhâu hết rồi các chế ơi ... tranh thủ quơ được thằng nào quơ đi không thì hết đó kkkk,,trai đẹp nó yêu nhâu hết rồi tụi bây ơi ... tranh thủ quơ được thằng nào quơ đi không thì hết đó kkkk,Enjoyment,PNT4,Daily Conversation,high,caa27aaf-592f-49ce-b541-02f33da2b90f,0,EXPERT_AUTO_PASS,33,5.494544982910156,243.3607676557936,34,5.191286087036133,179.6995135970758,-0.30325889587402344,-63.661254058717816,0.7384079008628067,24,24,1.0
MCQA_0152_0,MCQA,"Khi đi ra khỏi cửa hiệu, hai bà cháu Cai-li đã gặp cậu thiếu niên như thế nào?
A. To lớn, ăn mặc lịch sự.
B. Có mái tóc cạo sạch bóng, chỉ còn lại một chỏm, mũi được xỏ khuyên, tai đeo toòng teng, còn hai cánh tay đều bận ôm đồ.
C. Có mái tóc cạo sạch bóng, nhanh nhẹn, không mang theo đồ gì.
D. ","Có mái tóc cạo sạch bóng, chỉ còn lại một chỏm, mũi được xỏ khuyên, tai đeo toòng teng, còn hai cánh tay đều bận ôm đồ.","Khi đi ra khỏi cửa hiệu, hai bà cháu Cai-li đã gặp cậu thiếu niên sao?
A. To lớn, ăn mặc lịch sự.
B. Có mái tóc cạo sạch bóng, chỉ còn lại một chỏm, mũi được xỏ khuyên, tai đeo toòng teng, còn hai cánh tay đều bận ôm đồ.
C. Có mái tóc cạo sạch bóng, nhanh nhẹn, hông mang theo đồ gì.",B,PNN,Daily Conversation,high,9d0d5c61-1083-4b35-8c02-c2c597f8212f,0,EXPERT_AUTO_PASS,101,3.612640380859375,37.063786243078106,99,3.8928825855255127,49.05207974025827,0.2802422046661377,11.988293497180166,1.3234503193644729,68,65,0.9558823529411765
SENT_4150,SENT,bây giờ gái nó chỉ cần bông hoa đồng tiền ném vào mặt nó để nó ăn tiêu chứ nó cần gì cái cây lu miên này .,,bây chừ gái nó chỉ cần bông hoa đồng tiền ném vô mặt nó để nó ăn tiêu chứ nó cần chi cái cây lu miên ni .,Disgust,PNT4,Daily Conversation,high,caa27aaf-592f-49ce-b541-02f33da2b90f,0,EXPERT_AUTO_PASS,33,5.051180839538574,156.20681080165448,34,6.127505779266357,458.29165340241656,1.0763249397277832,302.08484260076204,2.9338775374163295,28,28,1.0
SENT_4790,SENT,per xem cái này đi tao coi phần 1 rồi này phần 2 tiếp nè,,per xem cái này đi tao coi phần 1 rồi ni phần 2 tiếp nè,Other,PNT4,Daily Conversation,high,caa27aaf-592f-49ce-b541-02f33da2b90f,0,EXPERT_AUTO_PASS,21,4.793372631072998,120.70778575951974,21,5.091470241546631,162.62878997326993,0.2980976104736328,41.921004213750194,1.3472932913976847,15,15,1.0
SENT_5360,SENT,không cho giáo viên cái quyền gì thì lấy gì mà dạy nhất là thời buổi lố lăng như bây giờ ... nó quỳ lúc nhỏ khi nó sai còn sửa được đợi lớn lên thì bố mẹ quỳ nhìn nó vào nhà đá,,không cho giáo viên cái quyền chi thì lấy chi mà dạy nhất là thời buổi lố lăng như bây chừ ... nó quỳ hồi nhỏ khi nó sai còn sửa được đợi lớn lên thì bố mẹ quỳ nhìn nó vô nhà đá,Anger,PNT4,Daily Conversation,high,caa27aaf-592f-49ce-b541-02f33da2b90f,0,EXPERT_AUTO_PASS,49,5.2750115394592285,195.3927312259973,50,5.661916255950928,287.69942039827237,0.3869047164916992,92.30668917227507,1.4724161876088946,44,44,1.0
SENT_3469,SENT,giờ mới hiểu tại sao lúc đầu nhà hàng không cho đặt chỗ ..... má nó li hôn 3 lần rồi lần nào cũng phải giảm giá 30 % nó ly hôn thêm vài lần nữa chắc sập bà nó tiệm,,chừ mới hiểu tại ren lúc đầu nhà hàng không cho đặt chỗ ..... má nó li hôn 3 lần rồi lần mô cũng phải giảm giá 30 % nó ly hôn thêm vài lần nữa chắc sập mẹ nó tiệm,Enjoyment,PNT4,Daily Conversation,high,caa27aaf-592f-49ce-b541-02f33da2b90f,0,EXPERT_AUTO_PASS,48,4.725738525390625,112.81378345970599,47,5.656607151031494,286.17604145766865,0.9308686256408691,173.36225799796267,2.5367116737103577,41,41,1.0
SENT_5008,SENT,bọn ngáo này mà cũng có người sợ nó nữa hả,,tụi ngáo ni mà cũng có thằng sợ hắn nữa hả,Surprise,PNT4,Daily Conversation,high,caa27aaf-592f-49ce-b541-02f33da2b90f,0,EXPERT_AUTO_PASS,14,5.577175617218018,264.32399836859145,16,6.255317687988281,520.7747923765805,0.6781420707702637,256.4507940079891,1.9702138118021981,11,11,1.0
SENT_5441,SENT,"con gái mình chỉ vì đến bữa không chịu xuống ăn cơm , cứ du rú trong phòng nên bị bố quát xuống ăn cơm thôi , thế mà nó còn lầm lì vì bị mắng oan đấy",,"con gái ta chỉ vì đến bữa không chịu xuống ăn cơm , cứ ru rú trong buồng nên bị ba nộ xuống ăn cơm thôi , rứa mà hắn còn hầm hầm vì bị la oan đó",Other,PNT4,Daily Conversation,high,caa27aaf-592f-49ce-b541-02f33da2b90f,0,EXPERT_AUTO_PASS,46,4.700760364532471,110.03080417376967,47,5.1030497550964355,164.5228975080276,0.40228939056396484,54.49209333425793,1.4952439795695718,38,38,1.0
SENT_3243,SENT,eo hiểu người ta đỗ lòng đường vỉa hè thì rộng . chỉ lên nhắc người ta đỗ lùi xuống không ngã 3 thôi chứ đường của các bà đâu . có thế cũng đưa lên . ko ai bênh cái này đâu . ích kỉ nó vừa thôi,,eo hiểu người ta đậu lòng đường vỉa hè thì rộng . chỉ lên nhắc người ta đậu xích xuống không ngã 3 thôi chứ đường của  bà đâu . có thế cũng đưa lên . ko ai bênh cái này đâu . ích kỉ nó vừa thôi,Anger,PNT4,Daily Conversation,high,5ea76d15-516d-4285-a781-7b1c6a04a627,0,EXPERT_AUTO_PASS,60,5.029174327850342,152.80679228177956,57,5.352552890777588,211.14664472596942,0.3233785629272461,58.33985244418986,1.3817883457471556,49,48,0.9795918367346939
SENT_3670,SENT,"ủi ui , mời người ta đến nhà ăn tiệc , lại đãi mỗi càrôt là thế nào , lần sau bà mời tiệc thì mày tự biết rồi đấy",,"trời ơi , mời người ta tới nhà ăn tiệc , lại đãi mỗi càrôt là ren , lần sau bà mời tiệc thì mi tự biết rồi đó",Disgust,PNT4,Daily Conversation,high,5ea76d15-516d-4285-a781-7b1c6a04a627,0,EXPERT_AUTO_PASS,37,5.639330863952637,281.2744446217954,36,5.798035621643066,329.65136346283043,0.1587047576904297,48.376918841035035,1.171991874007904,30,29,0.9666666666666667
SENT_4057,SENT,mình chỉ nói đến cơ hội việc làm thôi chứ không bàn luận gì về việc ông ấy là người như thế nào bạn nhé ??,,mình chỉ nói tới cơ hội việc làm thôi chớ không bàn luận chi về việc ông nớ là người ra ren bạn nhé ??,Other,PNT4,Daily Conversation,high,5ea76d15-516d-4285-a781-7b1c6a04a627,0,EXPERT_AUTO_PASS,27,4.007944107055664,55.03361096606658,28,5.6053466796875,271.8761630414751,1.597402572631836,216.8425520754085,4.940183976099849,26,25,0.9615384615384616
SENT_4550,SENT,tao nhớ không nhầm hôm nay nó đến tháng vậy là sẽ không bị đâu nhỉ,,ta nhớ không lầm bữa ni nó tới tháng rứa là sẽ không bị đâu nhỉ,Enjoyment,PNT4,Daily Conversation,high,5ea76d15-516d-4285-a781-7b1c6a04a627,0,EXPERT_AUTO_PASS,20,5.344405174255371,209.43327123941262,20,6.21786642074585,501.6318182129794,0.8734612464904785,292.19854697356675,2.395186854716801,16,16,1.0
SENT_4885,SENT,"em rất duyên , và có khiếu hài hước , nhìn mặt em thôi là chị đã muốn cười , ba mẹ chửi mà vẫn vui tươi như vậy thì đáng khích lệ mà , sao nhiều người bình luận nặng lời thế không biết , chỉ là vui thôi mà",,"em rất duyên , và có khiếu hài hước , nhìn mặt em thôi là chị đã muốn cười , ba mẹ chửi mà vẫn vui tươi như rứa thì đáng khích lệ mà , ren nhiều người bình luận nặng lời rứa không biết , chỉ là vui thôi mà",Disgust,PNT4,Daily Conversation,high,5ea76d15-516d-4285-a781-7b1c6a04a627,0,EXPERT_AUTO_PASS,60,4.108529567718506,60.8571654049892,63,4.376942157745361,79.59427417159041,0.26841259002685547,18.73710876660121,1.3078866496970478,51,51,1.0
MCQA_0069_5,MCQA,"Anh Đóm lui về nghỉ ngơi khi nào?
A. Khi mặt trăng mọc.
B. Khi bông hoa nở.
C. Khi mặt trời lặn.
D. Khi gà gáy sáng.",Khi gà gáy sáng.,"Anh Đóm lui về nghỉ ngơi khi mô?
A. Khi mặt trăng mọc.
B. Khi bông hoa nở.
C. Khi mặt trời lặn.
D. Khi gà gáy sáng.",D,PNT3,Daily Conversation,high,a535cb14-6f28-47fa-8989-505a99f839db,0,EXPERT_AUTO_PASS,53,2.598642110824585,13.4454681778912,53,2.849294900894165,17.275596537477984,0.2506527900695801,3.8301283595867837,1.2848638893723896,28,28,1.0
MCQA_0043_4,MCQA,"Không tìm được kho báu như lời của người cha đã mất, hai người con đã làm gì?
A. Họ đem bán đi.
B. Họ đành trồng lúa.
C. Họ cho thuê mảnh ruộng.
D. Họ thuê người cày cấy.",Họ đành trồng lúa.,"Không tìm được kho báu như lời của người cha đã mất, hai người con đã mần chi?
A. Họ đem bán đi.
B. Họ đành trồng lúa.
C. Họ cho thuê mảnh ruộng.
D. Họ thuê người cày cấy.",B,PNT3,Daily Conversation,high,88346002-a7b4-4be1-aec6-e1e3625416ee,0,EXPERT_AUTO_PASS,58,3.147028923034668,23.26683423227829,59,3.496912956237793,33.013380739510986,0.349884033203125,9.746546507232697,1.4189029934167505,40,40,1.0
MCQA_0116_6,MCQA,"Qua câu chuyện này, chúng ta thấy tình cảm của người Ê-ti-ô-pi-a với mảnh đất quê hương như thế nào?
A. Tình cảm đằm thắm, mặn nồng, tha thiết đối với mảnh đất quê hương.
B. Tình cảm yêu quý, sở hữu, ích kỉ về mảnh đất quê hương.
C. Tình cảm xa lạ, lạnh nhạt, vô cảm đối với mảnh đất quê hương.
D. Tất cả các ý trên.","Tình cảm đằm thắm, mặn nồng, tha thiết đối với mảnh đất quê hương.","Qua câu chuyện ni, chúng ta thấy tình cảm của người Ê-ti-ô-pi-a với mảnh đất quê hương như thế nào?
A. Tình cảm đằm thắm, mặn nồng, tha thiết đối với mảnh đất quê hương.
B. Tình cảm yêu quý, sở hữu, ích kỉ về mảnh đất quê hương.
C. Tình cảm xa lạ, lạnh nhạt, vô cảm đối với mảnh đất quê hương.
D. Tất cả các ý trên.",A,PNT1,Daily Conversation,high,56164f4c-6810-404e-94aa-34d47c343da0,0,EXPERT_AUTO_PASS,106,2.451084613800049,11.600922418650557,106,2.5858137607574463,13.274086626854173,0.13472914695739746,1.673164208203616,1.144226825059506,70,70,1.0
MCQA_0104_4,MCQA,"Anh Cua bò vào chum nước này. Cô Ong đợi sau cánh cửa... Theo em tác giả đã sử dụng hình ảnh nào dưới đây?
A. So sánh.
B. Nhân hóa.
C. Không có hình ảnh nào.
D. Cả so sánh và nhân hóa.",Nhân hóa.,"Anh Cua bò vô chum nước ni. Cô Ong chờ sau cánh cửa... Theo em tác giả đã dùng hình ảnh mô dưới đây?
A. So sánh.
B. Nhân hóa.
C. Không có hình ảnh mô.
D. Cả so sánh và nhân hóa.",B,PNT3,Daily Conversation,high,a535cb14-6f28-47fa-8989-505a99f839db,0,EXPERT_AUTO_PASS,63,3.837736129760742,46.42026593697059,62,4.472023010253906,87.53362543722133,0.6342868804931641,41.113359500250745,1.885676948858381,44,43,0.9772727272727273
MCQA_0020_1,MCQA,"Cây gì đã gắn bó với cả thời thơ ấy của nhân vật tôi?
A. Cây đa.
B. Ổ trứng hồng.
C. Sách vở.
D. Con trâu.",Cây đa.,"Cây gì đã gắn bóa vứi cả thời thơ nứ của nhân vật tôi?
A. Cây đa
B. Ổ trứng hồng
C. Sách vở
D. Con tru",A,PNT1,Daily Conversation,high,a4432712-749b-4d01-8b03-4cb9d0f81348,0,EXPERT_AUTO_PASS,42,3.667691946029663,39.16141481242284,45,4.386345386505127,80.34624728637819,0.7186534404754639,41.184832473955346,2.051668655773147,27,27,1.0
MCQA_0100_2,MCQA,"Sẻ non đã làm gì để giúp bằng lăng và bé Thơ?
A. Sẻ non hót vang để bé Thơ thức dậy ngắm hoa bằng lăng.
B. Sẻ non hái bông hoa bằng lăng bay vào buồng tặng bé.
C. Sẻ non đậu vào cành hoa bằng lăng làm cho nó chúc xuống để bông hoa lọt vào khung cửa sổ.
D. ",Sẻ non đậu vào cành hoa bằng lăng làm cho nó chúc xuống để bông hoa lọt vào khung cửa sổ.,"Sẻ non đã làm chi để giúp bằng lăng và bé Thơ?
A. Sẻ non hót vang để bé Thơ thức dậy ngắm hoa bằng lăng.
B. Sẻ non hái bông hoa bằng lăng bay vô buồng tặng bé.
C. Sẻ non đậu vào cành hoa bằng lăng làm cho nó chúc xuống để bông hoa lọt vào khung cửa sổ.
D.",C,PNT4,Daily Conversation,high,caa27aaf-592f-49ce-b541-02f33da2b90f,0,EXPERT_AUTO_PASS,96,3.3755767345428467,29.24114329644661,96,3.60477352142334,36.77335453707891,0.22919678688049316,7.5322112406323,1.2575894917743389,62,62,1.0
MCQA_0037_4,MCQA,"Tại sao không nên nghe người khác khi họ nói chuyện điện thoại?
A. Vì như vậy là mất lịch sự.
B. Vì như vậy là quá lịch sự.
C. Vì không nên quan tâm đến người khác.
D. Vì nên nghe người khác nói chuyện trực tiếp.",Vì như vậy là mất lịch sự.,"Tại sao không nên nghe người khác khi họ nói chuyện điện thoại?
A. Vì như vậy là mất lịch sự.
B. Vì như vậy là quá lịch sự.
C. Vì không nên quan tâm đến người khác.
D. Vì nên nghe người khác nói chuyện trực tiếp.",A,PNB,Daily Conversation,high,7e49e369-5b4e-4441-ba22-55eb0d6e2bdf,0,EXPERT_AUTO_PASS,62,2.162851333618164,8.695897246925405,62,2.162851333618164,8.695897246925405,0.0,0.0,1.0,48,48,1.0
MCQA_0025_9,MCQA,"Thái độ của Mai như thế nào khi cô bảo cũng định cho Mai viết bút mực?
A. Ngạc nhiên.
B. Vui mừng.
C. Tiếc nuối.
D. Hối hận.",Tiếc nuối.,"Thái độ của Mai như răng khi cô nói cũng định cho Mai viết bút mực?
A. Ngạc nhiên.
B. Vui mừng.
C. Tiếc nuối.
D. Hối hận.",C,PNT3,Daily Conversation,high,88346002-a7b4-4be1-aec6-e1e3625416ee,0,EXPERT_AUTO_PASS,47,3.2294540405273438,25.265859069664284,46,3.710075855255127,40.85690562044706,0.4806218147277832,15.591046550782774,1.6170796135525953,29,28,0.9655172413793104
MCQA_0069_5,MCQA,"Anh Đóm lui về nghỉ ngơi khi nào?
A. Khi mặt trăng mọc.
B. Khi bông hoa nở.
C. Khi mặt trời lặn.
D. Khi gà gáy sáng.",Khi gà gáy sáng.,"Anh Đóm về nghỉ lúc nào?
A. Lúc mặt trăng mọc.
B. Lúc bông hoa nở.
C. Lúc mặt trời lặn.
D. Lúc gà gáy sáng.",D,PNN,Daily Conversation,high,88759523-55db-4c51-872d-a8b43438fa82,0,EXPERT_AUTO_PASS,53,2.598642110824585,13.4454681778912,46,3.041613817214966,20.939007714029245,0.44297170639038086,7.493539536138044,1.5573282712802745,28,26,0.9285714285714286
NLI_1420,NLI,"""Tôi không thể nói được lúc đó mình cảm thấy thế nào"", Watson nói.",Ông Watson không cảm thấy buồn ngày lúc đó.,Ông Watson không cảm thấy buồn ngày hồi nớ.,Contradiction,PNT4,Daily Conversation,high,caa27aaf-592f-49ce-b541-02f33da2b90f,0,EXPERT_AUTO_PASS,17,3.4432148933410645,31.287382252317556,12,6.087789535522461,440.44674242916034,2.6445746421813965,409.15936017684277,14.077455853518556,14,9,0.6428571428571429
SENT_3906,SENT,không biết phải mình lúa không . chứ mỗi lần đi du lịch trước khi trả phòng là mình phải dọn sạch sẽ . cứ nghĩ nhận phòng sao thì trả phòng vậy . bị anh chồng la hoài là vậy,,không biết phải mình lúa không . chứ mỗi lần đi du lịch trước khi trả phòng là mình phải dọn sạch sẽ . cứ nghĩ nhận phòng ren thì trả phòng rứa . bị anh chồng la miết là rứa,Sadness,PNT4,Daily Conversation,high,caa27aaf-592f-49ce-b541-02f33da2b90f,0,EXPERT_AUTO_PASS,47,4.463891506195068,86.82473149974027,50,4.5734124183654785,96.87412141476844,0.10952091217041016,10.049389915028172,1.1157434033073657,41,41,1.0
NLI_2313,NLI,"""Tôi biết Joe Biden khá lâu rồi, và ông ấy có năng lượng của Donald Trump hay không thì chúng ta đều biết"", lãnh đạo phe Cộng hòa tại Hạ viện Kevin McCarthy trả lời phỏng vấn hôm 14/5.","""Tôi biết Joe Biden khá lâu rồi, và ông ấy có năng lượng của Donald Trump hay không thì chúng ta đều biết"", Kevin McCarthy chia sẻ thẳng thắng quan điểm.","""Ta biết Joe Biden rất lâu rồi, và ông nớ có năng lượng của Donald Trump hay không thì chúng ta đều biết"", Kevin McCarthy chia sẻ thẳng thắng quan điểm.",Entailment,PNT4,Daily Conversation,high,caa27aaf-592f-49ce-b541-02f33da2b90f,0,EXPERT_AUTO_PASS,50,3.4180498123168945,30.509857017914566,38,4.8760175704956055,131.1074964763934,1.457967758178711,100.59763945847884,4.29721766311165,39,31,0.7948717948717948
MCQA_0106_3,MCQA,"Qua câu chuyện “Con cá thông minh” em thấy Cá Quả mẹ có đức tính gì?
A. Dũng cảm.
B. Hi sinh.
C. Siêng năng.
D. ",Hi sinh.,"Qua câu chuyện “Con cá thông minh” em thấy Cá Lóc mẹ có đức tính gì?
A. Dũng cảm.
B. Hi sinh.
C. Siêng năng.
D.",B,PNT4,Daily Conversation,high,79761839-4e36-4d46-bc8f-bfd4e0af851a,0,EXPERT_AUTO_PASS,41,3.7853691577911377,44.05192967052891,41,3.8085243701934814,45.083862665943734,0.02315521240234375,1.0319329954148273,1.023425375531397,26,26,1.0
NLI_2948,NLI,"""Chúng tôi thất vọng, nhưng không tức giận với màn trình diễn của mình.","""Thái độ của khán giả là đáp án cho những gì chúng tôi đã làm.","""Thái độ của khán giả là đáp án cho những chi chúng tôi đã làm.",Neutral,PNT4,Daily Conversation,high,caa27aaf-592f-49ce-b541-02f33da2b90f,0,EXPERT_AUTO_PASS,18,3.2841241359710693,26.68560111802145,19,4.251331806182861,70.19884136916848,0.967207670211792,43.513240251147025,2.6305887230608964,14,15,1.0714285714285714
MCQA_0127_3,MCQA,"Trước sự nguy hiểm, bạn nhỏ đã làm gì?
A. Buông xuôi, không lái để xe tự lao đi.
B. Nghĩ tới một điều may mắn đang chờ phía trước, bình tĩnh, can đảm cầm chắc ghi đông để điều khiển xe xuống dốc.
C. Tìm cách nhảy ra khỏi xe.
D. ","Nghĩ tới một điều may mắn đang chờ phía trước, bình tĩnh, can đảm cầm chắc ghi đông để điều khiển xe xuống dốc.","Trước sự nguy hiểm, bạn nhỏ đã làm chi?
A. Buông xuôi, không lái để xe tự lao đi.
B. Nghĩ tới một điều may mắn đang chờ phía trước, bình tĩnh, can đảm cầm chắc tay lái để điều khiển xe xuống dốc.
C. Tìm cách nhảy ra khỏi xe.
D.",B,PNT4,Daily Conversation,high,5ea76d15-516d-4285-a781-7b1c6a04a627,0,EXPERT_AUTO_PASS,74,3.393887758255005,29.78151080747651,75,3.3326947689056396,28.013730609952884,-0.061192989349365234,-1.7677801975236278,0.9406416884303991,52,52,1.0
SENT_4519,SENT,phải cho mấy con sán lợn này vào đĩa rồi mời mấy ông bà đấy ăn xem mấy ông bà đấy thế nào .,,phải cho mấy con sán lợn ni vô đĩa rồi mời mấy ông bà đấy ăn xem mấy ông bà đấy thế nào .,Anger,PNT4,Daily Conversation,high,caa27aaf-592f-49ce-b541-02f33da2b90f,0,EXPERT_AUTO_PASS,31,4.146882057189941,63.236524731722724,31,4.65652322769165,105.26944727378051,0.509641170501709,42.03292254205779,1.6646937465393619,24,24,1.0
QA_17771,QA,Vấn đề độc tài trở nên nhạy cảm đối với người dân kể từ khi họ nhìn thấy điều gì từ người Anh?,quân đội Anh đến Boston để trừng phạt người Boston,Vấn đề độc tài trở nên nhạy cảm đối với người dân kể từ khi họ nhìn thấy điều chi từ người Anh?,quân đội Anh đến Boston để trừng phạt người Boston,PNT4,Daily Conversation,high,caa27aaf-592f-49ce-b541-02f33da2b90f,0,EXPERT_AUTO_PASS,27,3.6755380630493164,39.46988843325159,27,4.08495569229126,59.439304073525584,0.40941762924194336,19.969415640273994,1.5059405139704085,23,23,1.0
QA_19281,QA,Vào tháng 11 năm 1913 thì Quốc Dân đảng đã có sự quyết định như thế nào từ Viên Thế Khải?,"Quốc Dân đảng là tổ chức phi pháp, hạ lệnh giải tán",Vào tháng 11 năm 1913 thì Quốc Dân đảng đã có sự quyết định như ren từ Viên Thế Khải?,"Quốc Dân đảng là tổ chức phi pháp, hạ lệnh giải tán",PNT4,Daily Conversation,high,caa27aaf-592f-49ce-b541-02f33da2b90f,0,EXPERT_AUTO_PASS,32,3.501187801361084,33.15480990768703,31,4.142199516296387,62.94110930588386,0.6410117149353027,29.78629939819683,1.8984005482501891,21,20,0.9523809523809523
MCQA_0042_7,MCQA,"Việc cho rằng phần mình ít hơn phần người kia mới mới là công bằng, cho thấy hai anh em có mối quan hệ như thế nào?
A. Hai anh em đều không biết tính toán.
B. Hai anh em đều chê thóc lúa.
C. Hai anh em rất yêu thương nhau.
D. Hai anh em rất đố kị nhau.",Hai anh em rất yêu thương nhau.,"Việc cho rằng phần mình ít hơn phần người kia mới mới là công bằng, cho thấy hai anh em có mối quan hệ như ren?
A. Hai anh em đều không biết tính toán.
B. Hai anh em đều chê thóc lúa.
C. Hai anh em rất yêu thương nhau.
D. Hai anh em rất đố kị nhau.",C,PNT4,Daily Conversation,high,caa27aaf-592f-49ce-b541-02f33da2b90f,0,EXPERT_AUTO_PASS,84,2.5265467166900635,12.510230088678572,83,2.8448007106781006,17.19813092353057,0.3182539939880371,4.687900834851998,1.3747253888714985,60,59,0.9833333333333333
MCQA_0091_1,MCQA,"Thấy ông lão đang trú mưa trước cửa nhà mình, Hoa đã làm gì?
A. Mời ông lão vào trong nhà trú mưa.
B. Vào nhà lấy cho ông lão áo mưa.
C. Mặc kệ ông lão đứng đó.
D. Đưa cho ông lão một cái bánh.",Vào nhà lấy cho ông lão áo mưa.,"Thấy ông già đang trú mưa trước cửa nhà mình, Hoa đã làm chi?
A. Mời ông già vô trong nhà trú mưa.
B. Vô nhà lấy cho ông già áo mưa.
C. Mặc kệ ông già đứng đó.
D. Đưa cho ông già một cái bánh.",B,PNT4,Daily Conversation,high,5ea76d15-516d-4285-a781-7b1c6a04a627,0,EXPERT_AUTO_PASS,68,2.7225825786590576,15.21957728902255,63,3.4022459983825684,30.031475001334574,0.6796634197235107,14.811897712312025,1.9732134757116695,47,47,1.0
SENT_4160,SENT,"cô giáo chủ nhiệm hơi bị khốn nhỉ ? cô như vậy thì học sinh sao này học theo cái tính tráo trở , hai mặt",,"cô giáo chủ nhiệm hơi bị khùng hỉ ? cô như rứa thì học sinh sau ni học theo cái tính tráo trở , hai mặt",Disgust,PNT4,Daily Conversation,high,caa27aaf-592f-49ce-b541-02f33da2b90f,0,EXPERT_AUTO_PASS,32,5.501712799072266,245.11139950779767,33,5.854467391967773,348.78908270746945,0.3527545928955078,103.67768319967178,1.4229818907152603,26,26,1.0
MCQA_0081_3,MCQA,"Mẹ già được mô tả như thế nào?
A. Bịn rịn áo nâu.
B. Đơn sơ.
C. Bé nhỏ.
D. Nghèo.",Bịn rịn áo nâu.,"Mẹ già được mô tả ra răng?
A. Bịn rịn áo nâu.
B. Đơn sơ.
C. Bé nhỏ.
D. Nghèo.",A,PNT4,Daily Conversation,high,eb3805e3-c095-4a6c-8697-9f6079168a64,0,EXPERT_AUTO_PASS,40,3.215627431869507,24.918921933040203,39,3.923536539077759,50.57900347435872,0.707909107208252,25.66008154131852,2.029742844023104,21,20,0.9523809523809523
MCQA_0062_0,MCQA,"Câu văn nào cho thấy quyết tâm của các chiến sĩ về giải phóng Đất Đỏ ?
A. Chúng tôi đang tiến về miền Đất Đỏ.
B. Đất Đỏ là quê hương chị Võ Thị Sáu.
C. Chúng ta phải đánh thắng, phải đưa cho được đồng bào ở đó ra khỏi vòng kìm kẹp của giặc.
D. ","Chúng ta phải đánh thắng, phải đưa cho được đồng bào ở đó ra khỏi vòng kìm kẹp của giặc.","Câu văn mô cho thấy quyết tâm của mấy chiến sĩ về giải phóng Đất Đỏ ?
A. Chúng ta đang tiến về miền Đất Đỏ.
B. Đất Đỏ là quê hương chị Võ Thị Sáu.
C. Chúng ta phải đánh thắng, phải đưa cho được đồng bào ở chỗ nớ ra khỏi vòng kìm kẹp của giặc.
D.",C,PNT4,Daily Conversation,high,caa27aaf-592f-49ce-b541-02f33da2b90f,0,EXPERT_AUTO_PASS,80,2.9359755516052246,18.839873441915103,82,3.3589906692504883,28.760147723175574,0.42301511764526367,9.920274281260472,1.5265573737448663,58,59,1.0172413793103448
MCQA_0074_5,MCQA,"Ban đầu, tại sao Cô-li-a lại ngạc nhiên khi thấy mẹ bảo đi giặt quần áo?
A. Vì mẹ chưa bao giờ bảo Cô-li-a làm việc gì và đây cũng là việc bạn chưa từng làm.
B. Vì đây là việc mà Cô-li-a chưa từng làm bao giờ.
C. Vì mẹ chưa bao giờ bảo Cô-li-a phải làm việc gì cả.
D. Vì mẹ bảo Cô-li-a làm việc vào sáng chủ nhật.",Vì mẹ chưa bao giờ bảo Cô-li-a làm việc gì và đây cũng là việc bạn chưa từng làm.,"Ban đầu, tại ren Cô-li-a lại bất ngờ khi nghe mẹ kêu đi giặt quần áo?
A. Vì mẹ chưa hồi mô sai Cô-li-a làm chuyện chi và đây cũng là việc nó chưa hồi mô làm.
B. Vì đây là việc mà Cô-li-a chưa hồi mô làm.
C. Vì mẹ chưa hồi mô bảo Cô-li-a phải làm việc chi hết.
D. Vì mẹ bảo Cô-li-a làm việc vào sáng chủ nhật.",A,PNT4,Daily Conversation,high,caa27aaf-592f-49ce-b541-02f33da2b90f,0,EXPERT_AUTO_PASS,97,2.482834815979004,11.975163731486571,95,3.4764463901519775,32.344577598277404,0.9936115741729736,20.369413866790833,2.7009716379270094,72,72,1.0
MCQA_0013_3,MCQA,"Hoa đã giúp mẹ một số công việc gì?
A. Chờ mẹ đi làm về.
B. Học và tập viết chăm chỉ.
C. Viết thư cho bố.
D. Trông em và hát ru em ngủ.",Trông em và hát ru em ngủ.,"Hoa đã phụ má một số công chuyện gì?
A. Chờ má đi làm về.
B. Học và tập viết chăm chỉ.
C. Viết thư cho ba.
D. Trông em với hát ru em ngủ.",D,PNN,Daily Conversation,high,88759523-55db-4c51-872d-a8b43438fa82,0,EXPERT_AUTO_PASS,48,3.7522549629211426,42.6170736514718,48,4.358839511871338,78.16637062294565,0.6065845489501953,35.54929697147385,1.8341562178154422,35,35,1.0
MCQA_0140_3,MCQA,"Cách hành xử của Pu-skin cho thấy ông là người như thế nào?
A. Ông là người nhạy cảm và rất dễ rung động.
B. Ông là người nhanh trí và là một nhà thơ tài năng.
C. Ông là người học rất giỏi và được thầy bạn yêu mến.
D. Ông là người có hiểu biết rộng và tốt bụng.",Ông là người nhanh trí và là một nhà thơ tài năng.,"Cách hành xử của Pu-skin cho thấy ông là người như răn?
A. Ông là người nhạy cảm và rất dễ rung động.
B. Ông là người nhanh trí và là một nhà thơ tài năng.
C. Ông là người học rất giỏi và được thầy bạn yêu mến.
D. Ông là người có hiểu biết rộng và tốt bụng.",B,PNT4,Daily Conversation,high,79761839-4e36-4d46-bc8f-bfd4e0af851a,0,EXPERT_AUTO_PASS,78,2.710707187652588,15.039907792011306,78,2.9491612911224365,19.089936113222358,0.23845410346984863,4.050028321211052,1.269285448901641,61,60,0.9836065573770492
QA_15710,QA,Các thành viên nghị viện Anh đã mô tả như thế nào về Trump?,"""một thằng hề"", ""điên khùng"", ""hiếu chiến"" và ""một kẻ khó ưa""",Các thành viên nghị viện Anh đã mô tả ra ren về Trump?,"""một thằng hề"", ""điên khùng"", ""hiếu chiến"" và ""một kẻ khó ưa""",PNT4,Daily Conversation,high,5ea76d15-516d-4285-a781-7b1c6a04a627,0,EXPERT_AUTO_PASS,17,3.701043128967285,40.489518128268394,16,5.332388401031494,206.93162010430316,1.631345272064209,166.44210197603476,5.110745439072801,14,13,0.9285714285714286
MCQA_0069_5,MCQA,"Anh Đóm lui về nghỉ ngơi khi nào?
A. Khi mặt trăng mọc.
B. Khi bông hoa nở.
C. Khi mặt trời lặn.
D. Khi gà gáy sáng.",Khi gà gáy sáng.,"Anh Đóm lui về nghỉ ngơi lúc mô?
A. Khi mặt trăng mọc.
B. Khi bông hoa nở.
C. Khi mặt trời lặn.
D. Khi gà gáy sáng.",D,PNT4,Daily Conversation,high,caa27aaf-592f-49ce-b541-02f33da2b90f,0,EXPERT_AUTO_PASS,53,2.598642110824585,13.4454681778912,53,2.893202543258667,18.051026324737332,0.29456043243408203,4.605558146846132,1.3425360936422575,28,28,1.0
QA_22620,QA,Cuộc nổi loạn tại đất nước nào đã làm cho Cuba trở nên lo lắng nếu như Tây Ban Nha rời khỏi Cuba?,Haiti,Cuộc nổi loạn ở đất nước mô đã làm cho Cuba trở nên lo lắng nếu như Tây Ban Nha rời khỏi Cuba?,Haiti,PNT4,Daily Conversation,high,5ea76d15-516d-4285-a781-7b1c6a04a627,0,EXPERT_AUTO_PASS,26,3.582595109939575,35.96675753093945,26,4.253243923187256,70.3331981794739,0.6706488132476807,34.36644064853445,1.9555056671141855,23,23,1.0
SENT_3555,SENT,"lớn lên rồi ta sẽ tự hiểu .. "" tại sao ngày đó cha mẹ thế này thế kia với ta "" ...",,"lớn lên rồi ta sẽ tự hiểu .. "" tại sao ngày nớ ba mẹ thế này thế kia với ta "" ...",Other,PNT4,Daily Conversation,high,caa27aaf-592f-49ce-b541-02f33da2b90f,0,EXPERT_AUTO_PASS,27,4.417354583740234,82.87675160104516,28,4.728503704071045,113.12616542551739,0.31114912033081055,30.249413824472228,1.364992754181388,23,23,1.0
MCQA_0051_0,MCQA,"Em nhỏ hỏi bố điều gì khi cầm tờ lịch cũ?
A. Ngày hôm kia đâu rồi?.
B. Ngày hôm nay đâu rồi?.
C. Ngày hôm xưa đâu rồi?.
D. Ngày hôm qua đâu rồi?.",Ngày hôm qua đâu rồi?.,"Em nhỏ hỏi bố điều chi khi cầm tờ lịch cũ?
A. Ngày hôm nớ đâu rồi?.
B. Ngày hôm ni đâu rồi?.
C. Ngày hôm xưa đâu rồi?.
D. Ngày hôm qua đâu rồi?.",D,PNT4,Daily Conversation,high,5ea76d15-516d-4285-a781-7b1c6a04a627,0,EXPERT_AUTO_PASS,49,2.945615768432617,19.022372157132736,48,3.508178949356079,33.38741222170688,0.5625631809234619,14.365040064574146,1.7551655464372644,35,35,1.0
SENT_4989,SENT,cho về hết chứ cứ lương không mà không làm thêm gì mà có nhà lầu xe hơi thì lấy ở đâu ???????? không phải đùn đẩy .... cho về hết bọn nó mới hết không tìm ra nguyên nhân .... không có sao phụ huynh dám nói ....,,cho về hết chớ cứ lương không mà không làm thêm chi mà có nhà lầu xe hơi thì lấy ở mô ???????? không phải đùn đẩy .... cho về hết tụi nó mới hết không tìm ra nguyên nhân .... không có ren phụ huynh dám nói ....,Anger,PNT4,Daily Conversation,high,caa27aaf-592f-49ce-b541-02f33da2b90f,0,EXPERT_AUTO_PASS,57,4.707159996032715,110.73721875972643,58,5.244363307952881,189.4951267727224,0.537203311920166,78.75790801299596,1.7112144308399326,49,49,1.0
MCQA_0090_10,MCQA,"Thái độ của Lan như thế nào khi nghe mẹ và anh trai nói chuyện?
A. Ân hận.
B. Hối hả.
C. Ghen tị.
D. Xấu hổ.",Ân hận.,"Thái độ của Lan ra ren khi nghe mẹ và anh trai nói chuyện?
A. Ân hận.
B. Quíu.
C. Ghen tị.
D. Dị.",A,PNT4,Daily Conversation,high,5ea76d15-516d-4285-a781-7b1c6a04a627,0,EXPERT_AUTO_PASS,48,2.7609524726867676,15.814899036241874,44,3.4951460361480713,32.955100237510294,0.7341935634613037,17.140201201268418,2.08380086157929,27,24,0.8888888888888888
MCQA_0060_2,MCQA,"Nhờ đâu tác giả cảm nhận được sự thay đổi diệu kì của âm thanh thiên nhiên quanh mình và tả chúng một cách gần gũi, tinh tế như vậy ?
A. Vì tác giả đã sống ở một vùng đặc biệt, có nhiều âm thanh thiên nhiên.
B. Vì tác giả có một khả năng nghe đặc biệt mà người thường không có.
C. Vì tác giả có lòng yêu thiên nhiên tha thiết.
D. ",Vì tác giả có lòng yêu thiên nhiên tha thiết.,"Nhờ mô mà tác giả cảm nhận được sự thay đổi diệu kì của âm thanh thiên nhiên quanh mình và tả chúng một cách gần gũi, tinh tế như rứa ?
A. Vì tác giả đã sống ở một vùng đặc biệt, có nhiều âm thanh thiên nhiên.
B. Vì tác giả có một khả năng nghe đặc biệt mà người thường không có.
C. Vì tác giả có lòng yêu thiên nhiên tha thiết.
D.",C,PNT4,Daily Conversation,high,caa27aaf-592f-49ce-b541-02f33da2b90f,0,EXPERT_AUTO_PASS,95,2.282053232192993,9.79677482667901,98,2.52315616607666,12.467885346938294,0.241102933883667,2.6711105202592833,1.2726520275820974,76,77,1.013157894736842
QA_26357,QA,Vào năm nào thì hạm đội của Tây Ban Nha đã thua cuộc trước quân Anh?,năm 1588,Vào năm mô thì hạm đội của Tây Ban Nha đã thua cuộc trước quân Anh?,năm 1588,PNT4,Daily Conversation,high,caa27aaf-592f-49ce-b541-02f33da2b90f,0,EXPERT_AUTO_PASS,22,3.169471263885498,23.794899806900077,22,4.040249347686768,56.84051408931003,0.8707780838012695,33.04561428240995,2.388768792917016,16,16,1.0
QA_9223,QA,Feder et al. đã xác nhận phần lớn nguồn gốc mẹ không phải là người địa phương trong số những người nào?,Do Thái Ashkenazi,Feder et al. đã xác nhận đa số nguồn gốc mẹ không phải là người địa phương trong số những người mô?,Do Thái Ashkenazi,PNT4,Daily Conversation,high,caa27aaf-592f-49ce-b541-02f33da2b90f,0,EXPERT_AUTO_PASS,25,4.523303985595703,92.13952327697534,25,4.879785060882568,131.60237434748078,0.35648107528686523,39.46285107050544,1.428294500199208,22,22,1.0
SENT_4745,SENT,"như mình mà trèo lên là bị phóng điện luôn bạn nhỉ , mình cũng không hiểu được sao bọn nó không bị",,"như mình mà trèo lên là bị chích điện luôn mi hỉ , ta cũng không hiểu được ren tụi hắn không bị",Surprise,PNT4,Daily Conversation,high,caa27aaf-592f-49ce-b541-02f33da2b90f,0,EXPERT_AUTO_PASS,28,4.162528038024902,64.23370275781154,29,5.417300701141357,225.27022940640182,1.254772663116455,161.03652664859027,3.507041003937865,23,23,1.0
SENT_5315,SENT,tao ghét nhất mấy mẹ ngoài bắc cứ ỉ lớn tuổi hơn là có quyền chửi người khác là láo toét trong khi mình nói chuyện như l đcm gặp tao tao rút chìa khoá xe của mụ ném ra thật xa cho đi nhặt xem lúc đó gọi con bả kiểu gì . moá lắm lúc không muốn tạo nghiệp mà gặp mấy con mẹ già mất nết này điên thật chớ,,tao ghét nhất mấy mẹ ngoài bắc cứ ỉ lớn tuổi hơn là có quyền chửi người khác là láo toét trong khi mình nói chuyện như l đcm gặp tao tao rút chìa khoá xe của mụ ném ra thật xa cho đi nhặt xem lúc đó gọi con bả kiểu gì . moá lắm lúc không muốn tạo nghiệp mà gặp mấy con mẹ già mất nết này điên thật chớ,Disgust,PNT4,Daily Conversation,high,5ea76d15-516d-4285-a781-7b1c6a04a627,0,EXPERT_AUTO_PASS,94,5.73775577545166,310.3670953532506,94,5.73775577545166,310.3670953532506,0.0,0.0,1.0,73,73,1.0
MCQA_0072_2,MCQA,"Việc lặp đi lặp lại nhiều lần những cụm từ ""Ai trồng cây"", ""Người đó có"", ""Em trồng cây"" có tác dụng gì?
A. Tạo nên thông điệp nhắc nhở mọi người có ý thức trồng cây xanh.
B. Tạo thành điệp khúc khiến bài thơ có vẫn điệu, dễ nhớ, dễ thuộc.
C. Tạo điệp khúc khiến bài thơ có nhịp điệu và gửi gắm thông điệp: mọi người hãy có ý thức trồng cây xanh để bảo vệ môi trường sống.
D. Tất cả các ý trên.",Tạo điệp khúc khiến bài thơ có nhịp điệu và gửi gắm thông điệp: mọi người hãy có ý thức trồng cây xanh để bảo vệ môi trường sống.,"Việc lặp đi lặp lại nhiều lần những cụm từ ""Ai trồng cây"", ""Người đó có"", ""Em trồng cây"" có tác dụng chi?
A. Tạo nên thông điệp nhắc nhở mọi người có ý thức trồng cây xanh.
B. Tạo thành điệp khúc khiến bài thơ có vẫn điệu, dễ nhớ, dễ thuộc.
C. Tạo điệp khúc khiến bài thơ có nhịp điệu và gửi gắm thông điệp: mọi người hãy có ý thức trồng cây xanh để bảo vệ môi trường sống.
D. Tất cả các ý trên.",C,PNT4,Daily Conversation,high,eb3805e3-c095-4a6c-8697-9f6079168a64,0,EXPERT_AUTO_PASS,126,2.4474406242370605,11.558725707316775,126,2.6078715324401855,13.57013649579902,0.160430908203125,2.0114107884822445,1.1740166554180798,89,89,1.0
MCQA_0080_0,MCQA,"Bé chơi trò chơi gì trong bài thơ này?
A. Bé chơi trò đố vui.
B. Bé chơi trò cưỡi ngựa.
C. Bé chơi trò nhảy dây.
D. Bé chơi trò đu quay.",Bé chơi trò đu quay.,"Bé chơi trò chơi chi trong bài thơ này?
A. Bé chơi trò đố vui.
B. Bé chơi trò cưỡi ngựa.
C. Bé chơi trò nhảy dây.
D. Bé chơi trò đu quay.",D,PNT4,Daily Conversation,high,caa27aaf-592f-49ce-b541-02f33da2b90f,0,EXPERT_AUTO_PASS,54,2.3014354705810547,9.988510381496985,54,2.5683093070983887,13.043752807732902,0.266873836517334,3.0552424262359175,1.3058756821132749,33,33,1.0
MCQA_0123_0,MCQA,"Thuyên và Đồng rủ nhau đi chơi, khi bị lạc đường họ đã làm như thế nào?
A. Trách móc nhau vì đã không phân biệt được đường đi.
B. Ghé vào quán ăn để hỏi đường và ăn cho đỡ đói.
C. Tuyệt vọng ôm nhau khóc giữa đường.
D. Nhìn la bàn để xác định lại phương hướng, đường đi.",Ghé vào quán ăn để hỏi đường và ăn cho đỡ đói.,"Thuyên và Đồng rủ nhau đi chơi, khi bị lạc đường họ đã làm ren?
A. Trách móc nhau vì đã không phân biệt được đường đi.
B. Ghé vô quán ăn để hỏi đường và ăn cho đỡ đói.
C. Tuyệt vọng ôm nhau khóc giữa đường.
D. Ngó la bàn để xác định lại phương hướng, đường đi.",B,PNT4,Daily Conversation,high,caa27aaf-592f-49ce-b541-02f33da2b90f,0,EXPERT_AUTO_PASS,86,3.4209344387054443,30.597993616041812,84,3.8559463024139404,47.273330648501144,0.4350118637084961,16.675337032459332,1.5449813880514323,62,60,0.967741935483871
MCQA_0141_2,MCQA,"Tại sao tác giả thấy lá cọ giống như mặt trời?
A. Vì cọ có màu xanh.
B. Vì cọ mọc rất nhiều trên đồi.
C. Vì cọ có quả ăn rất bùi.
D. Vì lá cọ hình quạt, cũng có những gân lá xòe ra như mặt trời.","Vì lá cọ hình quạt, cũng có những gân lá xòe ra như mặt trời.","Tại răng tác giả thấy lá cọ giống như mặt trời?
A. Vì cọ có màu xanh.
B. Vì cọ mọc rất nhiều trên đồi.
C. Vì cọ có quả ăn rất bùi.
D. Vì lá cọ hình quạt, cũng có những gân lá xòe ra như mặt trời.",D,PNT4,Daily Conversation,high,caa27aaf-592f-49ce-b541-02f33da2b90f,0,EXPERT_AUTO_PASS,75,2.75642466545105,15.743454088487058,74,3.2817273139953613,26.62171707275178,0.5253026485443115,10.87826298426472,1.6909705407163365,49,49,1.0
SENT_5531,SENT,cái này thì hôm nào nói chuyện tao nói cho nghe ??,,cái ni thì hôm mô nói chuyện tao nói cho nghe ??,Other,PNT4,Daily Conversation,high,caa27aaf-592f-49ce-b541-02f33da2b90f,0,EXPERT_AUTO_PASS,15,4.992407321929932,147.29057287503488,15,6.766155242919922,867.9683431066028,1.7737479209899902,720.6777702315679,5.892898141166234,12,12,1.0
MCQA_0098_4,MCQA,"Chử Đồng Tử là người con hiếu thảo được miêu tả qua chi tiết nào?
A. Chàng hoảng hốt, chạy tới khóm lau thưa trên bãi, nằm xuống, bới cát phủ lên mình để ẩn trốn.
B. Nhà nghèo, mẹ mất sớm, hai cha con chàng chỉ có một chiếc khố mặc chung.
C. Vợ chồng chàng tìm thầy học đạo và truyền cho dân cách trồng lúa, nuôi tằm, dệt vải.
D. Khi cha mất, chàng thương cha nên đã quấn khố chôn cha, còn mình đành ở không.","Khi cha mất, chàng thương cha nên đã quấn khố chôn cha, còn mình đành ở không.","Chử Đồng Tử là người con hiếu thảo được miêu tả qua chi tiết nào?
A. Ảnh quýnh quáng, chạy tới bụi lau thưa trên bãi, nằm xuống, bới cát phủ lên mình để trốn.
B. Nhà nghèo, má mất sớm, hai ba con ảnh chỉ có một chiếc khố mặc chung.
C. Vợ chồng ảnh tìm thầy học đạo với truyền cho dân cách trồng lúa, nuôi tằm, dệt vải.
D. Hồi ba mất, ảnh thương ba nên đã quấn khố chôn ba, còn mình đành ở không.",D,PNN,Daily Conversation,high,88759523-55db-4c51-872d-a8b43438fa82,0,EXPERT_AUTO_PASS,133,4.005049228668213,54.87452573239864,131,4.4010772705078125,81.53866056293755,0.3960280418395996,26.664134830538913,1.4859109846446665,90,89,0.9888888888888889
QA_12824,QA,Tỉ lệ thất nghiệp của Birmingham vào năm 1982 như thế nào so với các khu vực nội thị tại Anh?,gấp khoảng hai lần,Tỉ lệ thất nghiệp của Birmingham vào năm 1982 như ren so với các khu vực nội thị tại Anh?,gấp khoảng hai lần,PNT4,Daily Conversation,high,5ea76d15-516d-4285-a781-7b1c6a04a627,0,EXPERT_AUTO_PASS,28,3.113232135772705,22.493629499673247,27,4.059340476989746,57.936088292588146,0.946108341217041,35.4424587929149,2.5756665145315814,21,20,0.9523809523809523
QA_6624,QA,Ông đã kêu gọi thế giới làm gì?,chấm dứt cuộc diệt chủng nhắm vào họ,Ông đã kêu gọi thế giới làm chi?,chấm dứt cuộc diệt chủng nhắm vào họ,PNT4,Daily Conversation,high,5ea76d15-516d-4285-a781-7b1c6a04a627,0,EXPERT_AUTO_PASS,11,3.2842609882354736,26.689253352864043,11,4.435794353485107,84.41915691270822,1.1515333652496338,57.729903559844175,3.1630392876333175,8,8,1.0
MCQA_0048_2,MCQA,"Muốn con mình ngủ ngon giấc, người mẹ đã làm gì?
A. Mẹ hát ru, đưa võng và quạt cho con.
B. Mẹ kể chuyện cho nghe trước khi đi ngủ.
C. Mẹ mua cho con nhiều gấu bông.
D. Mẹ bật quạt cho con mát.","Mẹ hát ru, đưa võng và quạt cho con.","Muốn con mình ngủ ngon giấc, người mẹ đã làm răng?
A. Mẹ hát ru, đưa võng và quạt cho con.
B. Mẹ kể chuyện cho nghe trước khi đi ngủ.
C. Mẹ mua cho con nhiều gấu bông.
D. Mẹ bật quạt cho con mát.",A,PNT4,Daily Conversation,high,eb3805e3-c095-4a6c-8697-9f6079168a64,0,EXPERT_AUTO_PASS,66,3.004279851913452,20.17168426425469,66,3.3083341121673584,27.339542902849455,0.30405426025390625,7.167858638594765,1.3553425953278773,46,46,1.0
MCQA_0025_10,MCQA,"Mai đã nói gì khi biết cô cũng quyết định cho mình viết bút mực?
A. Thôi cô ạ, em không thích viết bút mực.
B. Thôi cô ạ, cứ để bạn Lan viết trước.
C. Thôi cô ạ, thế thì em không cho Lan mượn bút nữa.
D. Thôi cô ạ, em nhường bạn Lan viết bút mực.","Thôi cô ạ, cứ để bạn Lan viết trước.","Mai đã nói chi khi biết cô cũng quyết định cho mình viết bút mực?
A. Thôi cô ạ, em không thích viết bút mực.
B. Thôi cô ạ, cứ để bạn Lan viết trước.
C. Thôi cô ạ, rứa thì em không cho Lan mượn bút nữa.
D. Thôi cô ạ, em nhường bạn Lan viết bút mực.",B,PNT4,Daily Conversation,high,5ea76d15-516d-4285-a781-7b1c6a04a627,0,EXPERT_AUTO_PASS,91,2.4825801849365234,11.972114871245452,93,2.6426048278808594,14.04975317318864,0.16002464294433594,2.077638301943187,1.1735397901112063,59,59,1.0
MCQA_0013_4,MCQA,"Hoa viết thư cho bố vào thời điểm nào?
A. Khi Hoa và mẹ đã ăn cơm xong.
B. Khi em Nụ đang chơi trong nôi.
C. Khi Hoa làm xong bài tập.
D. Khi em Nụ đã ngủ, mẹ chưa về.","Khi em Nụ đã ngủ, mẹ chưa về.","Hoa viết thư cho ba vào thời điểm nào?
A. Khi Hoa và má đã ăn cơm xong.
B. Khi em Nụ đang chơi trong nôi.
C. Khi Hoa mần xong bài tập.
D. Khi em Nụ đã ngủ, má chưa về.",D,PNN,Daily Conversation,high,d873b729-a53d-4068-8b04-cbab8be13616,0,EXPERT_AUTO_PASS,65,2.8164100646972656,16.716730841361567,66,3.0797278881073,21.752482481615026,0.2633178234100342,5.035751640253459,1.301240217841738,42,42,1.0
MCQA_0091_0,MCQA,"Tan học, trời mưa mà Hoa lại quên áo mưa, bạn đã làm gì để về nhà?
A. Mua áo mưa rồi về nhà.
B. Đi chung áo mưa với bạn.
C. Cho cặp vào túi ni lông và phóng xe về nhà.
D. Tắm dưới mưa.",Cho cặp vào túi ni lông và phóng xe về nhà.,"Tan học, trời mưa mà Hoa lại quên áo mưa, bạn đã làm chi để về nhà?
A. Mua áo mưa rồi về nhà.
B. Đi chung áo mưa với bạn.
C. Cho cặp vào túi ni lông và chạy xe về nhà.
D. Tắm dưới mưa.",C,PNT4,Daily Conversation,high,caa27aaf-592f-49ce-b541-02f33da2b90f,0,EXPERT_AUTO_PASS,63,3.5113136768341064,33.49223687273706,63,3.6553773880004883,38.6821165275324,0.14406371116638184,5.189879654795341,1.1549576898824558,47,47,1.0
MCQA_0114_1,MCQA,"Tuấn đã định làm như thế nào với cuốn sổ tay của Thanh?
A. Tuấn định cầm lên xem.
B. Tuấn định viết lên đó.
C. Tuấn định đánh cắp nó.
D. Tuấn định giấu nó đi.",Tuấn định cầm lên xem.,"Tuấn đã định làm ren với cuốn sổ tay của Thanh?
A. Tuấn định cầm lên coi.
B. Tuấn định viết lên đó.
C. Tuấn định ăn cắp nó.
D. Tuấn định giấu nó đi.",A,PNT4,Daily Conversation,high,caa27aaf-592f-49ce-b541-02f33da2b90f,0,EXPERT_AUTO_PASS,52,2.7597649097442627,15.796128995715213,50,3.2808117866516113,26.59735531646276,0.5210468769073486,10.801226320747547,1.6837894476347617,37,35,0.9459459459459459
QA_26456,QA,Với mong muốn sẽ xóa bỏ mối nguy hiểm từ Tây Ban Nha thì vào năm 1585 Elizabeth đã làm gì?,ký Hiệp ước Nonsuch với Hà Lan,Với mong muốn sẽ xóa bỏ mối nguy hiểm từ Tây Ban Nha thì vào năm 1585 Elizabeth đã làm chi?,ký Hiệp ước Nonsuch với Hà Lan,PNT4,Daily Conversation,high,5ea76d15-516d-4285-a781-7b1c6a04a627,0,EXPERT_AUTO_PASS,30,3.17824649810791,24.00462447171815,30,3.6268115043640137,37.59276096614899,0.4485650062561035,13.588136494430838,1.566063281283161,21,21,1.0
MCQA_0069_1,MCQA,"Khi nào anh Đóm lên đèn đi gác?
A. Khi mặt trời ló rạng, nắng hồng rực sáng.
B. Khi mặt trời rực rỡ, ánh nắng chói chang.
C. Khi mặt trời bị mây che khuất, trời sầm sì.
D. Khi mặt trời xuống núi, bóng tối lan dần.","Khi mặt trời xuống núi, bóng tối lan dần.","Khi mô anh Đóm lên đèn đi gác?
A. Khi mặt trời ló rạng, nắng hồng rực sáng.
B. Khi mặt trời rực rỡ, ánh nắng chói chang.
C. Khi mặt trời bị mây che khuất, trời sầm sì.
D. Khi mặt trời xuống núi, bóng tối lan dần.",D,PNT4,Daily Conversation,high,caa27aaf-592f-49ce-b541-02f33da2b90f,0,EXPERT_AUTO_PASS,81,2.8039631843566895,16.509949255349003,81,2.973911762237549,19.56831667723462,0.16994857788085938,3.0583674218856167,1.185243902000168,49,49,1.0
MCQA_0018_4,MCQA,"Khi khách hỏi về thông tin bãi biển có cá sấu không thì chủ khách sạn đã trả lời như thế nào?
A. Không! Ở đây làm gì có cá sấu!.
B. Không! Ở đây chỉ toàn cá mập!.
C. Không! Ở đây chỉ có cá heo!.
D. Đúng! Ở đây có nhiều cá sấu!.",Không! Ở đây làm gì có cá sấu!.,"Lúc khách hỏi về chuyện bãi biển có cá sấu hông thì chủ khách sạn đã trả lời sao?
A. Hông! Ở đây làm gì có cá sấu!.
B. Hông! Ở đây chỉ toàn cá mập!.
C. Hông! Ở đây chỉ có cá heo!.
D. Đúng rồi! Ở đây có nhiều cá sấu!.",A,PNN,Daily Conversation,high,88759523-55db-4c51-872d-a8b43438fa82,0,EXPERT_AUTO_PASS,82,2.2749075889587402,9.727020086970608,85,2.4859402179718018,12.012409229993578,0.21103262901306152,2.28538914302297,1.234952649690141,55,53,0.9636363636363636
MCQA_0095_1,MCQA,"Sau khi bứt lìa cành, rơi xuống dòng nước, chiếc lá non như thế nào?
A. Nó bồng bềnh giữa không trung, bay mãi, bay mãi đến phương trời.
B. Lạnh buốt và tiếp tục trôi theo dòng nước lũ.
C. Rách tả tơi, dạt vào bờ suối đầy bùn.
D. Bị hư và dính đầy bùn.","Rách tả tơi, dạt vào bờ suối đầy bùn.","Sau khi bứt lìa cành, rớt xuống dòng nước, chiếc lá non ra ren?
A. Hắn bồng bềnh giữa không trung, bay mãi, bay mãi tới phương trời.
B. Lạnh buốt và tiếp tục trôi theo dòng nước lũ.
C. Rách tả tơi, dạt vô bờ suối đầy bùn.
D. Bị hư và dính đầy bùn.",C,PNT4,Daily Conversation,high,5ea76d15-516d-4285-a781-7b1c6a04a627,0,EXPERT_AUTO_PASS,95,3.3330986499786377,28.025047110636702,96,3.7072532176971436,40.741743990371376,0.37415456771850586,12.716696879734673,1.4537618377422155,57,56,0.9824561403508771
SENT_2473,SENT,lòng đường không phải nhà cụ nên cụ sai nhé . vỉa hè to vậy rồi cụ còn muốn như thế nào,,lòng đường không phải nhà cụ nên cụ sai nghe . vỉa hè to vậy rồi cụ còn muốn ren,Anger,PNT4,Daily Conversation,high,caa27aaf-592f-49ce-b541-02f33da2b90f,0,EXPERT_AUTO_PASS,25,5.580686569213867,265.25365827889715,24,6.1000447273254395,445.8777125540825,0.5193581581115723,180.62405427518536,1.680948400286607,22,20,0.9090909090909091
MCQA_0051_0,MCQA,"Em nhỏ hỏi bố điều gì khi cầm tờ lịch cũ?
A. Ngày hôm kia đâu rồi?.
B. Ngày hôm nay đâu rồi?.
C. Ngày hôm xưa đâu rồi?.
D. Ngày hôm qua đâu rồi?.",Ngày hôm qua đâu rồi?.,"Em nhỏ hỏi ba điều gì khi cầm tờ lịch cũ?
A. Ngày hôm nọ đâu rồi?
B. Ngày hôm nay đâu rồi?
C. Ngày hôm trước đâu rồi?
D. Ngày hôm qua đâu rồi?",D,PNN,Daily Conversation,high,9d0d5c61-1083-4b35-8c02-c2c597f8212f,0,EXPERT_AUTO_PASS,49,2.945615768432617,19.022372157132736,46,2.720374584197998,15.18600961892108,-0.22524118423461914,-3.836362538211656,0.7983236524592359,35,35,1.0
MCQA_0104_4,MCQA,"Anh Cua bò vào chum nước này. Cô Ong đợi sau cánh cửa... Theo em tác giả đã sử dụng hình ảnh nào dưới đây?
A. So sánh.
B. Nhân hóa.
C. Không có hình ảnh nào.
D. Cả so sánh và nhân hóa.",Nhân hóa.,"Anh Cua bò vào chum nước này. Cô Ong đợi sau cánh cửa... Theo em tác giả đã sử dụng hình ảnh mô dưới đây?
A. So sánh.
B. Nhân hóa.
C. Không có hình ảnh mô.
D. Cả so sánh và nhân hóa.",B,PNT4,Daily Conversation,high,5ea76d15-516d-4285-a781-7b1c6a04a627,0,EXPERT_AUTO_PASS,63,3.837736129760742,46.42026593697059,63,4.100700855255127,60.38259222800014,0.26296472549438477,13.962326291029555,1.300780833741616,44,44,1.0
MCQA_0043_3,MCQA,"Theo lời người cha đã mất, hai người con đã làm gì?
A. Hai người con rời bỏ mảnh đất quê hương, theo đuổi điều hão huyền.
B. Hai người con đào bới cả đám ruộng mà chẳng thấy kho báu đâu.
C. Hai người con thay phiên nhau cấy cày, làm giàu từ mảnh ruộng.
D. Hai người con bán mảnh ruộng, lên thành phố kiếm sống.",Hai người con đào bới cả đám ruộng mà chẳng thấy kho báu đâu.,"Theo lời người cha đã mất, hai người con đã làm gì?
A. Hai người con rời bỏ mảnh đất quê hương, theo đuổi điều hão huyền.
B. Hai người con đào bới cả đám ruộng mà chẳng thấy kho báu mô.
C. Hai người con thay phiên nhau cấy cày, làm giàu từ mảnh ruộng.
D. Hai người con bán mảnh ruộng, lên thành phố kiếm sống.",B,PNT4,Daily Conversation,high,5ea76d15-516d-4285-a781-7b1c6a04a627,0,EXPERT_AUTO_PASS,98,3.020037889480591,20.492068103300454,98,3.1300148963928223,22.874320284763392,0.10997700691223145,2.3822521814629383,1.116252404074299,68,68,1.0
MCQA_0041_5,MCQA,"Người qua đường đã giúp chàng trai lười biếng này như thế nào?
A. Dùng chân cặp quả sung bỏ vào miệng cho chàng lười.
B. Dùng tay nhặt quả sung bỏ vào miệng cho chàng lười.
C. Rung cây cho quả sung rơi trúng miệng anh chàng lười.
D. Chê trách anh chàng lười rồi bỏ đi.",Dùng chân cặp quả sung bỏ vào miệng cho chàng lười.,"Người qua đường đã giúp chàng trai lười biếng ni ra ren?
A. Lấy chân gắp quả sung bỏ vào miệng cho chàng lười.
B. Lấy tay nhặt quả sung bỏ vào miệng cho chàng lười.
C. Rung cây cho quả sung rơi trúng miệng anh chàng lười.
D. Chê trách anh chàng lười rồi bỏ đi.",A,PNT4,Daily Conversation,high,caa27aaf-592f-49ce-b541-02f33da2b90f,0,EXPERT_AUTO_PASS,85,2.8756937980651855,17.737726253525942,85,3.1551167964935303,23.455776483898536,0.2794229984283447,5.718050230372594,1.3223665845692003,58,57,0.9827586206896551
MCQA_0120_3,MCQA,"Cậu bé đã làm gì để thực hiện mong muốn để nhìn rõ mặt vua?
A. Cậu trèo lên cây đa đầu làng.
B. Cậu chạy theo xa giá của vua.
C. Cậu bắc ghế trèo lên xe vua.
D. Cậu cởi hết quần áo, nhảy xuống hồ tắm.","Cậu cởi hết quần áo, nhảy xuống hồ tắm.","Thằng bé đã làm chi để thực hiện mong muốn để nhìn rõ mặt vua?
A. Hắn trèo lên cây đa đầu làng.
B. Hắn chạy theo xa giá của vua.
C. Hắn bắc ghế trèo lên xe vua.
D. Hắn cởi hết quần áo, nhảy xuống hồ tắm.",D,PNT4,Daily Conversation,high,5ea76d15-516d-4285-a781-7b1c6a04a627,0,EXPERT_AUTO_PASS,76,3.0861129760742188,21.891818358288,76,3.261157989501953,26.079719705232748,0.17504501342773438,4.187901346944749,1.1912998398947183,49,49,1.0
MCQA_0013_3,MCQA,"Hoa đã giúp mẹ một số công việc gì?
A. Chờ mẹ đi làm về.
B. Học và tập viết chăm chỉ.
C. Viết thư cho bố.
D. Trông em và hát ru em ngủ.",Trông em và hát ru em ngủ.,"Hoa đã giúp mẹ một số công việc chi?
A. Chờ mẹ đi làm về.
B. Học với tập viết chăm chỉ.
C. Viết thư cho ba.
D. Trông em với hát ru em ngủ.",D,PNT3,Daily Conversation,high,88346002-a7b4-4be1-aec6-e1e3625416ee,0,EXPERT_AUTO_PASS,48,3.7522549629211426,42.6170736514718,48,4.173837661743164,64.9642852855374,0.4215826988220215,22.3472116340656,1.5243722695937343,35,35,1.0
QA_14184,QA,Sau khi mất đi các thuộc địa tại tân thế giới thì Tây Ban Nha và Bồ Đào Nha đã có dấu hiệu gì?,yếu đi thấy rõ,Sau khi mất đi mấy thuộc địa tại tân thế giới thì Tây Ban Nha và Bồ Đào Nha đã có dấu hiệu chi?,yếu đi thấy rõ,PNT4,Daily Conversation,high,caa27aaf-592f-49ce-b541-02f33da2b90f,0,EXPERT_AUTO_PASS,31,3.211045742034912,24.805012310275583,31,3.709949016571045,40.85172371294261,0.4989032745361328,16.046711402667025,1.6469140672838773,24,24,1.0
MCQA_0016_0,MCQA,"Chi đã vào vườn hoa để làm gì vào lúc sáng sớm?
A. Hái một bông hoa để ngắm vì hoa đẹp quá.
B. Hái một bó hoa tặng mẹ nhân ngày Quốc tế Phụ nữ.
C. Hái một bó hoa để tặng cô giáo nhân ngày 20 - 11.
D. Hái tặng bố một bông hoa, mong bố dịu cơn đau.","Hái tặng bố một bông hoa, mong bố dịu cơn đau.","Chi đã vô vườn hoa để mần chi vô lúc sáng sớm?
A. Hái một bông hoa để ngắm vì hoa đẹp quá.
B. Hái một bó hoa tặng mẹ nhân ngày Quốc tế Phụ nữ.
C. Hái một bó hoa để tặng cô giáo nhân ngày 20 - 11.
D. Hái tặng ba một bông hoa, mong ba dịu cơn đau.",D,PNT3,Daily Conversation,high,88346002-a7b4-4be1-aec6-e1e3625416ee,0,EXPERT_AUTO_PASS,91,2.5017971992492676,12.204408015767115,92,3.002406120300293,20.13392332973428,0.5006089210510254,7.9295153139671655,1.649725517511613,62,62,1.0
MCQA_0014_1,MCQA,"Bé cùng bố đi đâu vào mùa hè?
A. Đi đền chùa.
B. Đi lên rừng.
C. Đi leo núi.
D. Đi biển chơi.",Đi biển chơi.,"Bé cùng ba đi đâu vào mùa hè? 
A. Đi đền chùa.
B. Đi lên rừng.
C. Đi leo núi.
D. Đi biển chơi.",D,PNN,Daily Conversation,high,9d0d5c61-1083-4b35-8c02-c2c597f8212f,0,EXPERT_AUTO_PASS,35,3.1255640983581543,22.772737534840235,36,3.2978267669677734,27.053780817516945,0.17226266860961914,4.281043282676709,1.1879898398744155,24,24,1.0
MCQA_0018_6,MCQA,"Thái độ của các vị khách sau khi nói chuyện với ông chủ khách sạn như thế nào?
A. Khiếp đảm, mặt cắt không còn giọt máu.
B. Lo lắng, lập tức thu dọn hành lí.
C. Tức giận, nổi cáu với ông chủ khách sạn.
D. Cười nói vui vẻ, tiếp tục đi tắm biển.","Khiếp đảm, mặt cắt không còn giọt máu.","Thái độ của mấy vị khách sau khi nói chuyện với ông chủ khách sạn như nào?
A. Khiếp đảm, mặt cắt hông còn giọt máu.
B. Lo lắng, lập tức thu dọn hành lí.
C. Tức giận, nổi quạu với ông chủ khách sạn.
D. Cười nói vui vẻ, tiếp tục đi tắm biển.",A,PNN,Daily Conversation,high,9d0d5c61-1083-4b35-8c02-c2c597f8212f,0,EXPERT_AUTO_PASS,79,2.8880574703216553,17.958390989837667,80,3.1883084774017334,24.24737774723009,0.3002510070800781,6.288986757392422,1.350197674220995,56,55,0.9821428571428571
MCQA_0080_0,MCQA,"Bé chơi trò chơi gì trong bài thơ này?
A. Bé chơi trò đố vui.
B. Bé chơi trò cưỡi ngựa.
C. Bé chơi trò nhảy dây.
D. Bé chơi trò đu quay.",Bé chơi trò đu quay.,"Bé chơi trò chơi gì trong bài thơ này?
A. Bé chơi trò đố vui.
B. Bé chơi trò cưỡi ngựa.
C. Bé chơi trò nhảy dây.
D. Bé chơi trò đu quay.",D,PNN,Daily Conversation,high,9d0d5c61-1083-4b35-8c02-c2c597f8212f,0,EXPERT_AUTO_PASS,54,2.3014354705810547,9.988510381496985,54,2.3014354705810547,9.988510381496985,0.0,0.0,1.0,33,33,1.0
MCQA_0090_6,MCQA,"Biểu hiện của Lan như thế nào khi mẹ không mua được cho em chiếc áo như của bạn Hòa?
A. Nói: ""Nhưng con chỉ muốn một chiếc áo như thế thôi"", dỗi mẹ, vờ nhắm mắt ngủ.
B. Mặt buồn thiu nhưng đành chấp nhận.
C. Dỗi mẹ, vờ nhắm mắt đi ngủ.
D. Nói: ""Nhưng con chỉ muốn một chiếc áo như thế thôi"".","Nói: ""Nhưng con chỉ muốn một chiếc áo như thế thôi"", dỗi mẹ, vờ nhắm mắt ngủ.","Biểu hiện của Lan như nào khi mẹ hông mua được cho em cái áo như của bạn Hòa?
A. Nói: ""Nhưng con chỉ muốn một cái áo như vậy thôi"", giận mẹ, giả đò nhắm mắt ngủ.
B. Mặt buồn thiu nhưng đành chấp nhận.
C. Giận mẹ, giả đò nhắm mắt đi ngủ.
D. Nói: ""Nhưng con chỉ muốn một cái áo như vậy thôi"".",A,PNN,Daily Conversation,high,9d0d5c61-1083-4b35-8c02-c2c597f8212f,0,EXPERT_AUTO_PASS,96,2.8206350803375244,16.787508704122384,95,3.1709775924682617,23.830769753783848,0.3503425121307373,7.043261049661464,1.4195536796911326,66,67,1.0151515151515151
MCQA_0092_2,MCQA,"Khi đã hiểu hoàn cảnh gia đình Lan, cô và các bạn đã làm gì?
A. Mua bánh giúp gia đình Lan.
B. Hàng ngày đến nhà giúp Lan cắt lá để gói bánh.
C. Góp tiền mua tặng Lan một tấm áo mới.
D. Góp sách cho Lan đến trường.",Góp tiền mua tặng Lan một tấm áo mới.,"Khi đã hiểu hoàn cảnh gia đình Lan, cô và mấy bạn đã làm gì?
A. Mua bánh giúp gia đình Lan.
B. Hàng ngày tới nhà giúp Lan cắt lá để gói bánh.
C. Góp tiền mua tặng Lan một cái áo mới.
D. Góp sách cho Lan tới trường.",C,PNN,Daily Conversation,high,9d0d5c61-1083-4b35-8c02-c2c597f8212f,0,EXPERT_AUTO_PASS,68,3.199390172958374,24.51757415755782,68,3.291826009750366,26.8919237651491,0.09243583679199219,2.374349607591281,1.0968427623521375,51,51,1.0
MCQA_0012_0,MCQA,"An đã xin làm gì sau khi bà mất?
A. An xin nghỉ học hẳn luôn.
B. Xin bố mẹ cho đi du lịch.
C. Nghỉ học mấy ngày liền.
D. Xin được đi học để đỡ buồn.",Nghỉ học mấy ngày liền.,"An đã xin làm gì sau khi bà mất?
A. An xin nghỉ học hẳn luôn.
B. Xin bố mẹ cho đi du lịch.
C. Nghỉ học mấy ngày liền.
D. Xin được đi học để đỡ buồn.",C,PNB,Daily Conversation,high,7e49e369-5b4e-4441-ba22-55eb0d6e2bdf,0,EXPERT_AUTO_PASS,50,3.7448387145996094,42.302183943930494,50,3.7448387145996094,42.302183943930494,0.0,0.0,1.0,38,38,1.0
MCQA_0014_1,MCQA,"Bé cùng bố đi đâu vào mùa hè?
A. Đi đền chùa.
B. Đi lên rừng.
C. Đi leo núi.
D. Đi biển chơi.",Đi biển chơi.,"Bé cùng bố đi đâu vào mùa hè?
A. Đi đền chùa.
B. Đi lên rừng.
C. Đi leo núi.
D. Đi biển chơi.",D,PNB,Daily Conversation,high,7e49e369-5b4e-4441-ba22-55eb0d6e2bdf,0,EXPERT_AUTO_PASS,35,3.1255640983581543,22.772737534840235,35,3.1255640983581543,22.772737534840235,0.0,0.0,1.0,24,24,1.0
MCQA_0013_3,MCQA,"Hoa đã giúp mẹ một số công việc gì?
A. Chờ mẹ đi làm về.
B. Học và tập viết chăm chỉ.
C. Viết thư cho bố.
D. Trông em và hát ru em ngủ.",Trông em và hát ru em ngủ.,"Hoa đã giúp mẹ một số công việc gì?
A. Chờ mẹ đi làm về.
B. Học và tập viết chăm chỉ.
C. Viết thư cho bố.
D. Trông em và hát ru em ngủ.",D,PNB,Daily Conversation,high,7e49e369-5b4e-4441-ba22-55eb0d6e2bdf,0,EXPERT_AUTO_PASS,48,3.7522549629211426,42.6170736514718,48,3.7522549629211426,42.6170736514718,0.0,0.0,1.0,35,35,1.0
MCQA_0016_5,MCQA,"Chi đã nói gì với cô khi gặp cô?
A. Xin cô cho em được hái một bông hoa.
B. Cô ơi em muốn trồng bông hoa như vậy.
C. Xin cô đừng hiểu lầm, em chỉ ngắm hoa.
D. Hoa hôm nay đẹp quá cô nhỉ.",Xin cô cho em được hái một bông hoa.,"Chi đã nói gì với cô khi gặp cô?
A. Xin cô cho em được hái một bông hoa ạ.
B. Cô ơi em muốn trồng bông hoa như vậy.
C. Xin cô đừng hiểu lầm, em chỉ ngắm hoa thôi ạ.
D. Hoa hôm nay đẹp quá cô nhỉ.",A,PNB,Daily Conversation,high,7e49e369-5b4e-4441-ba22-55eb0d6e2bdf,0,EXPERT_AUTO_PASS,69,2.882951259613037,17.866925381524894,74,2.8276588916778564,16.905836066205783,-0.055292367935180664,-0.9610893153191107,0.946208466493462,47,50,1.0638297872340425
MCQA_0020_1,MCQA,"Cây gì đã gắn bó với cả thời thơ ấy của nhân vật tôi?
A. Cây đa.
B. Ổ trứng hồng.
C. Sách vở.
D. Con trâu.",Cây đa.,"Cây gì đã gắn bó với cả tuổi thơ của nhân vật tôi?
A. Cây đa.
B. Ổ trứng hồng.
C. Sách vở.
D. Con trâu.",A,PNB,Daily Conversation,high,7e49e369-5b4e-4441-ba22-55eb0d6e2bdf,0,EXPERT_AUTO_PASS,42,3.667691946029663,39.16141481242284,41,3.4386794567108154,31.145801620472596,-0.22901248931884766,-8.015613191950244,0.795318600455479,27,26,0.9629629629629629
MCQA_0025_9,MCQA,"Thái độ của Mai như thế nào khi cô bảo cũng định cho Mai viết bút mực?
A. Ngạc nhiên.
B. Vui mừng.
C. Tiếc nuối.
D. Hối hận.",Tiếc nuối.,"Thái độ của Mai như thế nào khi cô bảo cũng định cho Mai viết bút mực?
A. Ngạc nhiên.
B. Vui mừng.
C. Tiếc nuối.
D. Hối hận.",C,PNB,Daily Conversation,high,7e49e369-5b4e-4441-ba22-55eb0d6e2bdf,0,EXPERT_AUTO_PASS,47,3.2294540405273438,25.265859069664284,47,3.2294540405273438,25.265859069664284,0.0,0.0,1.0,29,29,1.0
MCQA_0030_1,MCQA,"Dúi đã van xin tha mạng và sẽ nói cho hai vợ chồng về điều gì?
A. Sắp có núi lửa, bảo hai vợ chồng hãy chạy về đồng bằng.
B. Sắp có động đất, bảo hai vợ chồng hãy rời khỏi núi.
C. Sắp có hạn hán, bảo hai vợ chồng hãy tích trữ nước.
D. Sắp có mưa và ngập lụt, nên chuẩn bị thức ăn.","Sắp có mưa và ngập lụt, nên chuẩn bị thức ăn.","Dúi đã van xin tha mạng và sẽ nói cho hai vợ chồng về điều gì?
A. Sắp có núi lửa, bảo hai vợ chồng hãy chạy về đồng bằng.
B. Sắp có động đất, bảo hai vợ chồng hãy rời khỏi núi.
C. Sắp có hạn hán, bảo hai vợ chồng hãy tích trữ nước.
D. Sắp có mưa và ngập lụt, nên chuẩn bị thức ăn.",D,PNB,Daily Conversation,high,7e49e369-5b4e-4441-ba22-55eb0d6e2bdf,0,EXPERT_AUTO_PASS,92,2.8763797283172607,17.749897270323366,92,2.8763797283172607,17.749897270323366,0.0,0.0,1.0,68,68,1.0
MCQA_0036_5,MCQA,"Lần thứ hai, cậu bé lại quay về hỏi bà điều gì?
A. Bát nào là bát tương, bát nào là bát mắm.
B. Bát nào đựng mắm, bát nào đựng tương.
C. Đồng nào mua mắm, đồng nào mua tương.
D. Chọn mắm và tương như thế nào là ngon.","Đồng nào mua mắm, đồng nào mua tương.","Lần thứ hai, cậu bé lại quay về hỏi bà điều gì?
A. Bát nào là bát tương, bát nào là bát mắm.
B. Bát nào đựng mắm, bát nào đựng tương.
C. Đồng nào mua mắm, đồng nào mua tương.
D. Chọn mắm và tương như thế nào là ngon.",C,PNB,Daily Conversation,high,7e49e369-5b4e-4441-ba22-55eb0d6e2bdf,0,EXPERT_AUTO_PASS,80,2.469477891921997,11.81627586774381,80,2.469477891921997,11.81627586774381,0.0,0.0,1.0,51,51,1.0
MCQA_0037_2,MCQA,"Sau câu nói của ông bố: ""Con chuyển máy cho mẹ nhé?"", Tường đã làm gì?
A. Tường không chuyển máy cho mẹ.
B. Chuyển máy cho mẹ, quay lại bàn học.
C. Chuyển máy cho mẹ và đứng cạnh để nghe.
D. Tường nói chào bố.","Chuyển máy cho mẹ, quay lại bàn học.","Sau câu nói của ông bố: ""Con chuyển máy cho mẹ nhé?"", Tường đã làm gì?
A. Tường không chuyển máy cho mẹ.
B. Chuyển máy cho mẹ, quay lại bàn học.
C. Chuyển máy cho mẹ và đứng cạnh để nghe.
D. Tường nói chào bố.",B,PNB,Daily Conversation,high,7e49e369-5b4e-4441-ba22-55eb0d6e2bdf,0,EXPERT_AUTO_PASS,68,2.859607219696045,17.454669739496456,68,2.859607219696045,17.454669739496456,0.0,0.0,1.0,47,47,1.0
MCQA_0144_0,MCQA,"Ngày bão vắng mẹ, ba cha con vất vả như thế nào?
A. Giường có hai chiếc thì một chiếc bị ướt, ba bố con phải nằm chung.
B. Củi mùn cũng bị ướt.
C. Chị hái lá cho thỏ ăn, em thì chăm đàn ngan, bố đi chợ và nấu cơm.
D. Cả ba ý trên đều đúng.","Chị hái lá cho thỏ ăn, em thì chăm đàn ngan, bố đi chợ và nấu cơm.","Ngày bão thiếu mẹ, ba cha con khổ như răng?
A. Giường có hai cái thì một chiếc bị ướt, ba bố con phải nằm chung.
B. Củi mùn cũng bị ướt.
C. Chị hái lá cho thỏ ăn, em thì chăm đàn ngan, ba đi chợ và nấu cơm.
D. Cả ba ý trên đều đúng.",C,PNT3,Daily Conversation,high,a535cb14-6f28-47fa-8989-505a99f839db,0,EXPERT_AUTO_PASS,90,3.776214838027954,43.650504411067686,85,4.255239486694336,70.47369267932154,0.47902464866638184,26.82318826825386,1.6144989303136845,59,57,0.9661016949152542
MCQA_0056_2,MCQA,"Bà mẹ của người thuyền trưởng đã kể cho cô bé nghe những gì về biển ?
A. Biển cả mênh mông và những con chim hải âu dũng cảm.
B. Thủy thủ vật lộn với cơn mưa bão.
C. Thuyền trưởng và con chim seo cờ xinh đẹp, biết vâng lời, lại dũng cảm, thông inh, luôn theo ông đi biển.
D. Tất cả đều đúng.",Tất cả đều đúng.,"Bà mẹ của người thuyền trưởng đã kể cho cô bé nghe những cái chi về biển ?
A. Biển cả mênh mông và những con chim hải âu dũng cảm.
B. Thủy thủ chống chọi với cơn mưa bão.
C. Thuyền trưởng và con chim seo cờ xinh đẹp, biết nghe lời, lại dũng cảm, thông inh, luôn theo ông đi biển.
D. Tất cả đều đúng.",D,PNT4,Daily Conversation,high,5ea76d15-516d-4285-a781-7b1c6a04a627,0,EXPERT_AUTO_PASS,97,3.4553000926971436,31.667790529158584,97,3.4981791973114014,33.0552101156301,0.04287910461425781,1.3874195864715198,1.043811695204755,67,68,1.0149253731343284
MCQA_0123_6,MCQA,"Chi tiết nào không nói lên tình cảm của các nhân vật đối với quê hương?
A. Thuyên, Đồng bùi ngùi nhớ đến quê hương.
B. Anh thanh niên cúi đầu, môi mím chặt lộ vẻ đau thương.
C. Thuyên và Đồng rời quê đi làm đã mấy năm không về.
D. Thuyên, Đồng lặng nhìn nhau, đôi mắt rớm lệ.",Thuyên và Đồng rời quê đi làm đã mấy năm không về.,"Chi tiết mô không nói lên tình cảm của các nhân vật đối với quê hương?
A. Thuyên, Đồng bùi ngùi nhớ tới quê hương.
B. Anh thanh niên cúi đầu, môi mím chặt lộ vẻ đau thương.
C. Thuyên và Đồng bỏ quê đi làm đã mấy năm không về.
D. Thuyên, Đồng lặng nhìn nhau, đôi mắt chớm lệ.",C,PNT4,Daily Conversation,high,caa27aaf-592f-49ce-b541-02f33da2b90f,0,EXPERT_AUTO_PASS,88,3.369971990585327,29.07771259668098,88,3.6043484210968018,36.75772549424826,0.2343764305114746,7.680012897567284,1.2641202560907046,61,61,1.0
MCQA_0018_4,MCQA,"Khi khách hỏi về thông tin bãi biển có cá sấu không thì chủ khách sạn đã trả lời như thế nào?
A. Không! Ở đây làm gì có cá sấu!.
B. Không! Ở đây chỉ toàn cá mập!.
C. Không! Ở đây chỉ có cá heo!.
D. Đúng! Ở đây có nhiều cá sấu!.",Không! Ở đây làm gì có cá sấu!.,"Khi khách hỏi về thông tin bãi biển có cá sấu không thì chủ khách sạn đã trả lời như thế nào?
A. Không! Ở đây làm gì có cá sấu!.
B. Không! Ở đây chỉ toàn cá mập thôi!.
C. Không! Ở đây chỉ có cá heo thôi!.
D. Đúng! Ở đây có nhiều cá sấu!.",A,PNB,Daily Conversation,high,7e49e369-5b4e-4441-ba22-55eb0d6e2bdf,0,EXPERT_AUTO_PASS,82,2.2749075889587402,9.727020086970608,84,2.2769923210144043,9.747319469586888,0.0020847320556640625,0.020299382616279615,1.0020869066204017,55,57,1.0363636363636364
NLI_0729,NLI,"""Tôi không thể nói được lúc đó mình cảm thấy thế nào"", Watson nói.",Ông Watson đã suy nghĩ rất nhiều nhưng không biết rõ cảm xúc của ông ấy như thế nào.,Ông Watson đã suy nghĩ rất nhiều nhưng không biết rõ cảm xúc của ông ấy như thế nào.,Neutral,PNT1,Daily Conversation,high,56164f4c-6810-404e-94aa-34d47c343da0,0,EXPERT_AUTO_PASS,17,3.4432148933410645,31.287382252317556,22,2.979121685028076,19.67053213237298,-0.4640932083129883,-11.616850119944576,0.6287049512081159,14,19,1.3571428571428572
MCQA_0092_2,MCQA,"Khi đã hiểu hoàn cảnh gia đình Lan, cô và các bạn đã làm gì?
A. Mua bánh giúp gia đình Lan.
B. Hàng ngày đến nhà giúp Lan cắt lá để gói bánh.
C. Góp tiền mua tặng Lan một tấm áo mới.
D. Góp sách cho Lan đến trường.",Góp tiền mua tặng Lan một tấm áo mới.,"Khi đã hiểu hoàn cảnh gia đình Lan, cô và mấy bạn đã làm chi?
A. Mua bánh giùm gia đình Lan.
B. Hằng ngày tới nhà phụ Lan cắt lá để gói bánh.
C. Góp tiền mua tặng Lan một tấm áo mới.
D. Góp sách cho Lan tới trường.",C,PNT4,Daily Conversation,high,caa27aaf-592f-49ce-b541-02f33da2b90f,0,EXPERT_AUTO_PASS,68,3.199390172958374,24.51757415755782,71,3.568265676498413,35.45504927335291,0.36887550354003906,10.937475115795092,1.446107557195804,51,51,1.0
MCQA_0030_3,MCQA,"Hai vợ chồng đã khuyên bà con trong bản tránh lũ lụt nhưng chuyện gì đã xảy ra?
A. Mọi người đều tin và làm theo.
B. Mọi người mắng hai vợ chồng là gàn dở.
C. Tất cả mọi người đều thoát nạn.
D. Chẳng ai tin và làm theo.",Chẳng ai tin và làm theo.,"Hai vợ chồng đã khuyên bà con trong bản tránh lũ lụt nhưng chuyện chi đã xảy ra?
A. Mọi người đều tin và làm theo.
B. Mọi người chửi hai vợ chồng là khùng.
C. Tất cả mọi người đều thoát nạn.
D. Chẳng ai tin và làm theo.",D,PNT4,Daily Conversation,high,5ea76d15-516d-4285-a781-7b1c6a04a627,0,EXPERT_AUTO_PASS,70,2.940406322479248,18.92353380752101,69,3.1431565284729004,23.17691009317226,0.20275020599365234,4.25337628565125,1.2247664907048585,51,50,0.9803921568627451
SENT_3814,SENT,"per thấy chế thủ sẵn hộp mặt nạ rồi thì phải . tim em mong manh lắm , đừng để em hoạng sợ nhá chị ??",,"per thấy chị thủ sẵn hộp mặt nạ rồi thì phải . tim em mong manh lắm , đừng để em hoảng sợ nghe chị ??",Fear,PNT4,Daily Conversation,high,caa27aaf-592f-49ce-b541-02f33da2b90f,0,EXPERT_AUTO_PASS,28,6.282420635223389,535.082336590307,28,5.814266681671143,335.0456133034872,-0.4681539535522461,-200.03672328681984,0.6261571171242368,26,26,1.0
QA_13818,QA,"Trong bức điện, luật sư Nguyễn Hữu Thọ đã nói rằng Việt Nam coi Trung Quốc là hậu phương như thế nào?",đáng tin cậy,"Trong bức điện, luật sư Nguyễn Hữu Thọ đã nói rằng Việt Nam coi Trung Quốc là hậu phương ra ren?",đáng tin cậy,PNT4,Daily Conversation,high,5ea76d15-516d-4285-a781-7b1c6a04a627,0,EXPERT_AUTO_PASS,28,3.284644603729248,26.69949372802518,27,4.091447830200195,59.826447567487385,0.8068032264709473,33.1269538394622,2.2407334077908163,22,21,0.9545454545454546
MCQA_0037_2,MCQA,"Sau câu nói của ông bố: ""Con chuyển máy cho mẹ nhé?"", Tường đã làm gì?
A. Tường không chuyển máy cho mẹ.
B. Chuyển máy cho mẹ, quay lại bàn học.
C. Chuyển máy cho mẹ và đứng cạnh để nghe.
D. Tường nói chào bố.","Chuyển máy cho mẹ, quay lại bàn học.","Sau câu nói của ông ba: ""Con chuyển máy cho mẹ nghe?"", Tường đã làm chi?
A. Tường không chuyển máy cho mẹ.
B. Chuyển máy cho mẹ, quay lại bàn học.
C. Chuyển máy cho mẹ và đứng cạnh để nghe.
D. Tường nói chào ba.",B,PNT4,Daily Conversation,high,caa27aaf-592f-49ce-b541-02f33da2b90f,0,EXPERT_AUTO_PASS,68,2.859607219696045,17.454669739496456,69,3.1568987369537354,23.49761054287219,0.29729151725769043,6.0429408033757355,1.3462076850243554,47,47,1.0
MCQA_0047_4,MCQA,"Khi cô giáo yêu cầu nghe mẫu giấy nói gì, cả lớp đã làm gì?
A. Im lặng lắng nghe yêu cầu của cô giáo .
B. Xì xào bàn tán về yêu cầu kì lạ .
C. Xì xào bàn tán về yêu cầu kì lạ im lặng lắng nghe lời mẩu giấy vụn .
D. Xì xào về lời của mẩu giấy vụn .",Xì xào bàn tán về yêu cầu kì lạ im lặng lắng nghe lời mẩu giấy vụn .,"Khi cô giáo yêu cầu nghe miếng giấy nói chi, nguyên lớp đã làm chi?
A. Im lặng lắng nghe yêu cầu của cô giáo .
B. Xì xào bàn tán về yêu cầu kì cục .
C. Xì xào bàn tán về yêu cầu kì cục im lặng lắng nghe lời miếng giấy vụn .
D. Xì xào về lời của mẩu giấy vụn .",C,PNT4,Daily Conversation,high,caa27aaf-592f-49ce-b541-02f33da2b90f,0,EXPERT_AUTO_PASS,86,2.998425245285034,20.05393202073113,89,3.159677028656006,23.562984531220028,0.16125178337097168,3.5090525104888997,1.1749807721927725,66,66,1.0
MCQA_0055_1,MCQA,"Trong lúc nguy hiểm, Vịt con đã làm gì để thoát thân?
A. Vịt con hoảng hốt kêu cứu.
B. Vịt con vội vàng nằm giả vờ chết.
C. Vịt con nhảy xuống hồ nước ngay bên cạnh.
D. ",Vịt con vội vàng nằm giả vờ chết.,"Trong lúc nguy hiểm, Vịt con đã làm ren để thoát thân?
A. Vịt con hoảng sợ kêu cứu.
B. Vịt con vội vàng nằm giả đò chết.
C. Vịt con nhảy xuống hồ nước ngay bên cạnh.
D.",B,PNT4,Daily Conversation,high,caa27aaf-592f-49ce-b541-02f33da2b90f,0,EXPERT_AUTO_PASS,65,2.3814873695373535,10.82098570490404,63,2.9789011478424072,19.66619452689513,0.5974137783050537,8.84520882199109,1.8174124856280391,39,39,1.0
MCQA_0087_0,MCQA,"Nghĩ về quê hương, tác giả nhớ đến hình ảnh nào?
A. Cánh đồng.
B. Đàn trâu.
C. Cây đa.
D. Mái đình.",Cây đa.,"Nghĩ về quê hương, tác giả nhớ tới hình ảnh nào?
A. Cánh đồng.
B. Đàn trâu.
C. Cây đa.
D. Mái đình.
",C,PNT4,Daily Conversation,high,caa27aaf-592f-49ce-b541-02f33da2b90f,0,EXPERT_AUTO_PASS,40,2.9773850440979004,19.636401126382594,40,3.00004243850708,20.086389341476142,0.022657394409179688,0.4499882150935477,1.0229160227578038,23,23,1.0
MCQA_0018_6,MCQA,"Thái độ của các vị khách sau khi nói chuyện với ông chủ khách sạn như thế nào?
A. Khiếp đảm, mặt cắt không còn giọt máu.
B. Lo lắng, lập tức thu dọn hành lí.
C. Tức giận, nổi cáu với ông chủ khách sạn.
D. Cười nói vui vẻ, tiếp tục đi tắm biển.","Khiếp đảm, mặt cắt không còn giọt máu.","Thái độ của các vị khách sau khi nói chuyện với ông chủ khách sạn như thế nào?
A. Khiếp đảm, mặt cắt không còn giọt máu.
B. Lo lắng, lập tức thu dọn hành lí.
C. Tức giận, nổi cáu với ông chủ khách sạn.
D. Cười nói vui vẻ, tiếp tục đi tắm biển.",A,PNB,Daily Conversation,high,7e49e369-5b4e-4441-ba22-55eb0d6e2bdf,0,EXPERT_AUTO_PASS,79,2.8880574703216553,17.958390989837667,79,2.8880574703216553,17.958390989837667,0.0,0.0,1.0,56,56,1.0
MCQA_0098_8,MCQA,"Người dân đã làm gì để tỏ lòng biết ơn Chử Đồng Tử?
A. Tổ chức lễ hội.
B. Đúc tượng đồng.
C. Sáng tác truyện về ông.
D. Sáng tác bài hát về ông.",Tổ chức lễ hội.,"Người dân đã làm chi để tỏ lòng biết ơn Chử Đồng Tử?
A. Tổ chức lễ hội.
B. Đúc tượng đồng.
C. Sáng tác truyện về ông.
D. Sáng tác bài hát về ông.",A,PNT4,Daily Conversation,high,caa27aaf-592f-49ce-b541-02f33da2b90f,0,EXPERT_AUTO_PASS,49,2.9404478073120117,18.92431886344016,49,3.228506088256836,25.24191958972774,0.2880582809448242,6.31760072628758,1.3338350390244447,35,35,1.0
MCQA_0114_6,MCQA,"Tại sao Lân khuyên Tuấn không nên tự ý xem sổ tay của bạn?
A. Vì cuốn sổ đó chẳng có gì đáng xem.
B. Vì tự ý xem đồ là rất mất lịch sự.
C. Vì cuốn sổ đó có nội dung nguy hiểm.
D. Vì cuốn sổ đó nhìn rất xấu.",Vì tự ý xem đồ là rất mất lịch sự.,"Tại ren Lân khuyên Tuấn không nên tự ý xem sổ tay của nó?
A. Vì cuốn sổ đó không có chi đáng coi.
B. Vì tự ý xem đồ là rất mất lịch sự.
C. Vì cuốn sổ nớ có nội dung nguy hiểm.
D. Vì cuốn sổ đó ngó rất xấu.",B,PNT4,Daily Conversation,high,caa27aaf-592f-49ce-b541-02f33da2b90f,0,EXPERT_AUTO_PASS,70,2.7528462409973145,15.687218005686637,71,3.8583316802978516,47.38623000621103,1.105485439300537,31.69901200052439,3.0206904748205488,53,53,1.0
SENT_0018,SENT,"thời buổi bây chừ chuyện gì cũng có thể xảy ra , vậy nên thôi trất , đừng nên tin ai",,"thời buổi bây giờ chuyện gì cũng có thể xảy ra, vậy nên thôi nghỉ, đừng nên tin ai",Fear,PNN,Daily Conversation,high,e04e5ca5-c8e8-4484-a0aa-f9dc978b200c,3,QUALIFICATION_PEER_REVIEWED,24,4.696091175079346,109.51824704776799,22,4.162221431732178,64.21401131925474,-0.533869743347168,-45.30423572851325,0.5863316209877506,21,19,0.9047619047619048
SENT_0070,SENT,xem cái này mới biết vốn tiếng anh của mình cũng khá !,,xem cái này mới biết vốn tiếng anh của mình cũng khá !,Surprise,PNN,Daily Conversation,high,e04e5ca5-c8e8-4484-a0aa-f9dc978b200c,3,QUALIFICATION_PEER_REVIEWED,15,5.505312919616699,245.99542042897426,15,5.505312919616699,245.99542042897426,0.0,0.0,1.0,13,13,1.0
SENT_0018,SENT,"thời buổi bây chừ chuyện gì cũng có thể xảy ra , vậy nên thôi trất , đừng nên tin ai",,"thời buổi bây giờ chuyện gì cũng có thể xảy ra, vậy nên thôi chứ, đừng nên tin ai",Fear,PNT1,Daily Conversation,high,6b0ccea8-04fe-4c9c-82c8-309e147936f4,3,QUALIFICATION_PEER_REVIEWED,24,4.696091175079346,109.51824704776799,22,4.143782615661621,63.04083024932754,-0.5523085594177246,-46.477416798440444,0.5756194236913905,21,19,0.9047619047619048
SENT_0192,SENT,may mình đi làm rồi chứ 10 năm trước chắc sẽ phát khổ với bố mẹ vì mấy tin con nhà người ta như thế nào,,may mình đi làm rồi chứ 10 năm trước chắc sẽ mệt với ba má vì họ tin con nhà người ta như vậy,Enjoyment,PNN,Daily Conversation,high,e04e5ca5-c8e8-4484-a0aa-f9dc978b200c,3,QUALIFICATION_PEER_REVIEWED,28,4.938327312469482,139.5366530278945,27,4.900528907775879,134.36082538028606,-0.037798404693603516,-5.175827647608429,0.9629070388654533,26,24,0.9230769230769231
SENT_0070,SENT,xem cái này mới biết vốn tiếng anh của mình cũng khá !,,coi cái ni mới biết vốn tiếng anh của tau cũng khá!,Surprise,PNT1,Daily Conversation,high,6b0ccea8-04fe-4c9c-82c8-309e147936f4,3,QUALIFICATION_PEER_REVIEWED,15,5.505312919616699,245.99542042897426,15,7.067990779876709,1173.7872663961239,1.5626778602600098,927.7918459671496,4.771581781275595,13,12,0.9230769230769231
SENT_0237,SENT,"có ai nhìn thấy hình như người đàn ông này đang rất đau khổ không nhỉ ? mình nhận thấy hình như ông ấy đang rất đau khổ , mà không thể or không muốn nói ra .",,"có ai nhìn thấy hình như ông này đang đau khổ lắm không ? mình thấy hình như ổng đang rất đau , mà không thể or không muốn nói .",Sadness,PNN,Daily Conversation,high,e04e5ca5-c8e8-4484-a0aa-f9dc978b200c,3,QUALIFICATION_PEER_REVIEWED,39,3.525766372680664,33.979804834285595,32,4.293212890625,73.20127879011612,0.7674465179443359,39.221473955830525,2.15425836455235,38,31,0.8157894736842105
SENT_0192,SENT,may mình đi làm rồi chứ 10 năm trước chắc sẽ phát khổ với bố mẹ vì mấy tin con nhà người ta như thế nào,,May mà tau đi làm rồi chứ 10 năm trước chắc sẽ phát khổ với bố mẹ vì mấy tin con nhà người ta thế này,Enjoyment,PNT1,Daily Conversation,high,6b0ccea8-04fe-4c9c-82c8-309e147936f4,3,QUALIFICATION_PEER_REVIEWED,28,4.938327312469482,139.5366530278945,28,5.472904205322266,238.15082830509607,0.5345768928527832,98.61417527720158,1.7067259615112584,26,26,1.0
MCQA_0025_10,MCQA,"Mai đã nói gì khi biết cô cũng quyết định cho mình viết bút mực?
A. Thôi cô ạ, em không thích viết bút mực.
B. Thôi cô ạ, cứ để bạn Lan viết trước.
C. Thôi cô ạ, thế thì em không cho Lan mượn bút nữa.
D. Thôi cô ạ, em nhường bạn Lan viết bút mực.","Thôi cô ạ, cứ để bạn Lan viết trước.","Mai đã nói gì khi cô cũng quyết định cho mình viết viết mực?
A. Dạ thôi cô, con không thích viết viết mực.
B. Dạ thôi cô, để bạn Lan viết trước.
C. Dạ thôi cô, vậy con không cho Lan mượn viết nữa.
D. Dạ thôi cô, con nhường bạn Lan viết viết mực.",B,PNN,Daily Conversation,high,e04e5ca5-c8e8-4484-a0aa-f9dc978b200c,3,QUALIFICATION_PEER_REVIEWED,91,2.4825801849365234,11.972114871245452,80,2.9906983375549316,19.89957426046144,0.5081181526184082,7.927459389215986,1.6621603179114248,59,56,0.9491525423728814
SENT_0018,SENT,"thời buổi bây chừ chuyện gì cũng có thể xảy ra , vậy nên thôi trất , đừng nên tin ai",,"thời buổi bây chừ chuyện chi cũng có thể xảy ra, vậy nên thôi trất, đừng nên tin ai",Fear,PNT1,Daily Conversation,high,56164f4c-6810-404e-94aa-34d47c343da0,3,QUALIFICATION_PEER_REVIEWED,24,4.696091175079346,109.51824704776799,24,4.911248683929443,135.80889095473523,0.21515750885009766,26.290643906967247,1.2400572015684308,21,19,0.9047619047619048
SENT_0070,SENT,xem cái này mới biết vốn tiếng anh của mình cũng khá !,,xiêm cấy ni mới biết vốn tiếng anh của mình cũng khá !,Surprise,PNT1,Daily Conversation,high,56164f4c-6810-404e-94aa-34d47c343da0,3,QUALIFICATION_PEER_REVIEWED,15,5.505312919616699,245.99542042897426,16,6.230525493621826,508.02237588279985,0.725212574005127,262.0269554538256,2.065170054779455,13,13,1.0
MCQA_0090_10,MCQA,"Thái độ của Lan như thế nào khi nghe mẹ và anh trai nói chuyện?
A. Ân hận.
B. Hối hả.
C. Ghen tị.
D. Xấu hổ.",Ân hận.,"Thái độ của Lan ra sao khi nghe má và anh nói chuyện?
A. Ân hận
B. Tất bật
C. Phân bì
D. Mắc cỡ",A,PNN,Daily Conversation,high,e04e5ca5-c8e8-4484-a0aa-f9dc978b200c,3,QUALIFICATION_PEER_REVIEWED,48,2.7609524726867676,15.814899036241874,43,3.4844753742218018,32.605317032236535,0.7235229015350342,16.79041799599466,2.0616835401552205,27,25,0.9259259259259259
QA_0268,QA,Các toán hạng được chứa trong chỉ thị như thế nào thì được gọi là giá trị tức thời?,các chỉ thị thực (như cộng hay so sánh),Các toán hạng được chứa trong chỉ thị ra sao thì được gọi là giá trị tức thời?,các chỉ thị thực (như cộng hay so sánh),PNN,Daily Conversation,high,e04e5ca5-c8e8-4484-a0aa-f9dc978b200c,3,QUALIFICATION_PEER_REVIEWED,21,4.642796039581299,103.83426680146997,21,4.79886531829834,121.37262006432486,0.15606927871704102,17.538353262854898,1.1689071806746423,19,18,0.9473684210526315
QA_0363,QA,Điều gì đã khiến Edward bị mất ưu thế sau khi trở về Anh quốc đầu năm 1262?,do vấn đề tài chính,Điều gì đã khiến Edward bị mất ưu thế sau khi trở về Anh quốc đầu năm 1262?,do vấn đề tài chính,PNN,Daily Conversation,high,e04e5ca5-c8e8-4484-a0aa-f9dc978b200c,3,QUALIFICATION_PEER_REVIEWED,26,3.558457612991333,35.109003691030225,26,3.558457612991333,35.109003691030225,0.0,0.0,1.0,18,18,1.0
SENT_0343,SENT,"móa , thiệt chứ tụi này nuôi làm gì vậy nhỉ ?",,"má, thiệt chứ tụi này nuôi làm gì vậy ta ?",Anger,PNN,Daily Conversation,high,e04e5ca5-c8e8-4484-a0aa-f9dc978b200c,3,QUALIFICATION_PEER_REVIEWED,15,6.055375576019287,426.39902063181165,14,6.8516645431518555,945.4533455040273,0.7962889671325684,519.0543248722156,2.2172971788328995,12,11,0.9166666666666666
SENT_0462,SENT,tao đã từng viết như thế này . bây giờ không muốn ai đọc chỉ có đốt mà lười đốt,,tao đã từng viết như thế này . bây giờ không muốn ai đọc chỉ có đốt mà làm biếng đốt,Sadness,PNN,Daily Conversation,high,e04e5ca5-c8e8-4484-a0aa-f9dc978b200c,3,QUALIFICATION_PEER_REVIEWED,24,4.8982319831848145,134.05256285980548,26,4.758652210235596,116.58868292406656,-0.13957977294921875,-17.463879935738916,0.8697236400172151,20,21,1.05
SENT_0192,SENT,may mình đi làm rồi chứ 10 năm trước chắc sẽ phát khổ với bố mẹ vì mấy tin con nhà người ta như thế nào,,may mình đi mần rồi chớ 10 năm trước chắc sẽ phát khổ với bố mẹ vì mấy tin cuôn nhà người ta như thế nào,Enjoyment,PNT1,Daily Conversation,high,56164f4c-6810-404e-94aa-34d47c343da0,3,QUALIFICATION_PEER_REVIEWED,28,4.938327312469482,139.5366530278945,31,5.245032787322998,189.62203232641957,0.3067054748535156,50.08537929852508,1.3589406669265072,26,26,1.0
MCQA_0090_10,MCQA,"Thái độ của Lan như thế nào khi nghe mẹ và anh trai nói chuyện?
A. Ân hận.
B. Hối hả.
C. Ghen tị.
D. Xấu hổ.",Ân hận.,"Thái độ của Lan như thế nào khi nghe mẹ và anh trai nuối chuyện?
A. Ân hận.
B. Hối hả.
C. Ghen tị.
D. Xấu hổ.",A,PNT1,Daily Conversation,high,56164f4c-6810-404e-94aa-34d47c343da0,3,QUALIFICATION_PEER_REVIEWED,48,2.7609524726867676,15.814899036241874,49,3.0657060146331787,21.4496003743315,0.30475354194641113,5.634701338089625,1.3562906930469163,27,27,1.0
QA_0268,QA,Các toán hạng được chứa trong chỉ thị như thế nào thì được gọi là giá trị tức thời?,các chỉ thị thực (như cộng hay so sánh),Các toán hạng được chứa trong chỉ thị như thế nào thì được gọi là giá trị tức thời?,các chỉ thị thực (như cộng hay so sánh),PNT1,Daily Conversation,high,56164f4c-6810-404e-94aa-34d47c343da0,3,QUALIFICATION_PEER_REVIEWED,21,4.642796039581299,103.83426680146997,21,4.642796039581299,103.83426680146997,0.0,0.0,1.0,19,19,1.0
QA_0363,QA,Điều gì đã khiến Edward bị mất ưu thế sau khi trở về Anh quốc đầu năm 1262?,do vấn đề tài chính,Điều chi đã khiến Edward bị mất ưu thế sau khi trở viền Anh quốc đầu năm 1262?,do vấn đề tài chính,PNT1,Daily Conversation,high,56164f4c-6810-404e-94aa-34d47c343da0,3,QUALIFICATION_PEER_REVIEWED,26,3.558457612991333,35.109003691030225,27,4.459291458129883,86.42625077949648,0.9008338451385498,51.31724708846626,2.4616548945698784,18,18,1.0
SENT_0018,SENT,"thời buổi bây chừ chuyện gì cũng có thể xảy ra , vậy nên thôi trất , đừng nên tin ai",,"Thời buổi bây chừ chuyện chi cũng có thể xảy ra, vậy nên thôi trớt, đừng nên tin ai",Fear,PNT4,Daily Conversation,high,79761839-4e36-4d46-bc8f-bfd4e0af851a,4,QUALIFICATION_PEER_REVIEWED,24,4.696091175079346,109.51824704776799,24,4.647101402282715,104.28227470712116,-0.04898977279663086,-5.235972340646825,0.9521908678983596,21,19,0.9047619047619048
SENT_0070,SENT,xem cái này mới biết vốn tiếng anh của mình cũng khá !,,xem cái ni mới biết vốn tiếng anh của mình cũng khá !,Surprise,PNT4,Daily Conversation,high,79761839-4e36-4d46-bc8f-bfd4e0af851a,4,QUALIFICATION_PEER_REVIEWED,15,5.505312919616699,245.99542042897426,15,6.203869342803955,494.65934948518316,0.6985564231872559,248.6639290562089,2.0108477979898214,13,13,1.0
SENT_0192,SENT,may mình đi làm rồi chứ 10 năm trước chắc sẽ phát khổ với bố mẹ vì mấy tin con nhà người ta như thế nào,,"may chừ mình đi làm rồi, chứ 10 năm trước chắc phát khổ với ba mẹ vì mấy tin con nhà người ta như ri",Enjoyment,PNT4,Daily Conversation,high,79761839-4e36-4d46-bc8f-bfd4e0af851a,4,QUALIFICATION_PEER_REVIEWED,28,4.938327312469482,139.5366530278945,29,5.572239398956299,263.0224524210863,0.6339120864868164,123.48579939319183,1.8849703408645329,26,25,0.9615384615384616
SENT_0237,SENT,"có ai nhìn thấy hình như người đàn ông này đang rất đau khổ không nhỉ ? mình nhận thấy hình như ông ấy đang rất đau khổ , mà không thể or không muốn nói ra .",,"có ai nhìn thấy hình như ông nớ đang rất đau khổ không ? Mình thấy hình như ông nớ đang rất đau khổ, mà không thể hay không muốn nói ra",Sadness,PNT4,Daily Conversation,high,79761839-4e36-4d46-bc8f-bfd4e0af851a,4,QUALIFICATION_PEER_REVIEWED,39,3.525766372680664,33.979804834285595,36,3.6123709678649902,37.05380212242943,0.08660459518432617,3.073997288143836,1.090465419184579,38,32,0.8421052631578947
SENT_0343,SENT,"móa , thiệt chứ tụi này nuôi làm gì vậy nhỉ ?",,"Móa, thiệt chớ tụi ni nuôi làm chi ri bây ?",Anger,PNT4,Daily Conversation,high,79761839-4e36-4d46-bc8f-bfd4e0af851a,4,QUALIFICATION_PEER_REVIEWED,15,6.055375576019287,426.39902063181165,15,7.74323034286499,2305.909242321014,1.6878547668457031,1879.5102216892024,5.407867116824661,12,11,0.9166666666666666
SENT_0462,SENT,tao đã từng viết như thế này . bây giờ không muốn ai đọc chỉ có đốt mà lười đốt,,"Ta đã từng viết như ri, bây chừ không muốn ai đọc chỉ có đốt mà ta lười đốt",Sadness,PNT4,Daily Conversation,high,79761839-4e36-4d46-bc8f-bfd4e0af851a,4,QUALIFICATION_PEER_REVIEWED,24,4.8982319831848145,134.05256285980548,24,5.59412145614624,268.84135738854343,0.6958894729614258,134.78879452873795,2.0054921118494575,20,19,0.95
MCQA_0002_4,MCQA,"Mùa nào, chúng ta chỉ thấy những cành cây trơ trịu lá?
A. Mùa xuân.
B. Mùa hạ.
C. Mùa thu.
D. Mùa đông.",Mùa đông.,"Mùa nào, chúng ta chỉ thấy những cành cây trơ trụi lá?
A. Mùa xuân
B. Mùa hè
C. Mùa thu
D. Mùa đông",D,PNT4,Daily Conversation,high,79761839-4e36-4d46-bc8f-bfd4e0af851a,4,QUALIFICATION_PEER_REVIEWED,47,2.523056745529175,12.46664584456814,46,1.9669222831726074,7.1486411033860735,-0.5561344623565674,-5.318004741182066,0.5734213671033912,24,24,1.0
MCQA_0004_3,MCQA,"Sau khi ngưng hót, bầy chim sơn ca đã làm gì?
A. Nhảy thẳng lên trời xanh.
B. Bay thẳng lên bầu trời.
C. Luyện xuống đất kiếm ăn.
D. Tiếp tục hót vang xa hơn nữa.",Bay thẳng lên bầu trời.,"Sau khi ngưng hót, bầy chim sơn ca đã làm chi?
A. Nhảy thẳng lên trời xanh.
B. Bay thẳng lên bầu trời.
C. Liệng xuống đất kiếm ăn.
D. Tiếp tục hót vang xa hơn nữa.",B,PNT4,Daily Conversation,high,79761839-4e36-4d46-bc8f-bfd4e0af851a,4,QUALIFICATION_PEER_REVIEWED,57,3.323922872543335,27.769071698423964,58,3.4594051837921143,31.79805688875874,0.1354823112487793,4.028985190334776,1.1450889404618967,37,37,1.0
QA_10332,QA,Vimara Peres đã thành lập một trong các thành phố đầu tiên vào thời gian này với tên gọi là gì?,Vimaranes,"Vimara Peres đã thành lập một trong các thành phố đầu tiên vào thời gian ni với tên gọi là chi?

",Vimaranes,PNT4,Daily Conversation,high,79761839-4e36-4d46-bc8f-bfd4e0af851a,4,QUALIFICATION_PEER_REVIEWED,26,4.169768810272217,64.70049228899177,26,5.050785064697266,156.14500030822407,0.8810162544250488,91.4445080192323,2.4133510392901725,21,21,1.0
QA_10377,QA,"Khi tham gia cuộc chiến Tám mươi Năm, Bồ Đào Nha đã làm mất cái gì tại vùng vịnh Ba Tư?",cảng mậu dịch chiến lược Hormuz,"Khi tham gia cuộc chiến Tám mươi Năm, Bồ Đào Nha đã làm mất cái chi tại vùng vịnh Ba Tư?

",cảng mậu dịch chiến lược Hormuz,PNT4,Daily Conversation,high,79761839-4e36-4d46-bc8f-bfd4e0af851a,4,QUALIFICATION_PEER_REVIEWED,31,3.1572325229644775,23.50545502567375,31,3.544461965560913,34.62105301145488,0.38722944259643555,11.115597985781132,1.4728943972214177,21,21,1.0
SENT_0018,SENT,"thời buổi bây chừ chuyện gì cũng có thể xảy ra , vậy nên thôi trất , đừng nên tin ai",,"thời buổi bây giờ chuyện gì cũng có thể xảy ra , vậy nên thôi dẹp đi , đừng nên tin ai nhen",Fear,PNN,Daily Conversation,high,d873b729-a53d-4068-8b04-cbab8be13616,2,QUALIFICATION_PEER_REVIEWED,24,4.696091175079346,109.51824704776799,27,4.24190616607666,69.54028090718491,-0.45418500900268555,-39.97796614058308,0.6349652480910684,21,23,1.0952380952380953
SENT_0070,SENT,xem cái này mới biết vốn tiếng anh của mình cũng khá !,,xem cái này mới biết vốn tiếng anh của mình cũng khá !,Surprise,PNN,Daily Conversation,high,d873b729-a53d-4068-8b04-cbab8be13616,2,QUALIFICATION_PEER_REVIEWED,15,5.505312919616699,245.99542042897426,15,5.505312919616699,245.99542042897426,0.0,0.0,1.0,13,13,1.0
SENT_0192,SENT,may mình đi làm rồi chứ 10 năm trước chắc sẽ phát khổ với bố mẹ vì mấy tin con nhà người ta như thế nào,,may mình đi mần rồi chứ 10 năm trước chắc sẽ mệt với ba má vì họ tin con nhà người ta như vậy,Enjoyment,PNN,Daily Conversation,high,d873b729-a53d-4068-8b04-cbab8be13616,2,QUALIFICATION_PEER_REVIEWED,28,4.938327312469482,139.5366530278945,28,5.146029949188232,171.74828561478807,0.20770263671875,32.211632586893586,1.2308471063904207,26,24,0.9230769230769231
MCQA_0002_4,MCQA,"Mùa nào, chúng ta chỉ thấy những cành cây trơ trịu lá?
A. Mùa xuân.
B. Mùa hạ.
C. Mùa thu.
D. Mùa đông.",Mùa đông.,"Mùa nào, chúng ta chỉ thấy những cành cây trơ trịu lá?
A. Mùa xuân.
B. Mùa hạ.
C. Mùa thu.
D. Mùa đông.",D,PNN,Daily Conversation,high,d873b729-a53d-4068-8b04-cbab8be13616,2,QUALIFICATION_PEER_REVIEWED,47,2.523056745529175,12.46664584456814,47,2.523056745529175,12.46664584456814,0.0,0.0,1.0,24,24,1.0
MCQA_0004_3,MCQA,"Sau khi ngưng hót, bầy chim sơn ca đã làm gì?
A. Nhảy thẳng lên trời xanh.
B. Bay thẳng lên bầu trời.
C. Luyện xuống đất kiếm ăn.
D. Tiếp tục hót vang xa hơn nữa.",Bay thẳng lên bầu trời.,"Sau khi ngưng hót, bầy chim sơn ca đã làm gì?
A. Nhảy thẳng lên trời xanh.
B. Bay thẳng lên bầu trời.
C. Luyện xuống đất kiếm ăn.
D. Tiếp tục hót vang xa hơn nữa.",B,PNN,Daily Conversation,high,d873b729-a53d-4068-8b04-cbab8be13616,2,QUALIFICATION_PEER_REVIEWED,57,3.323922872543335,27.769071698423964,57,3.323922872543335,27.769071698423964,0.0,0.0,1.0,37,37,1.0
QA_10332,QA,Vimara Peres đã thành lập một trong các thành phố đầu tiên vào thời gian này với tên gọi là gì?,Vimaranes,Vimara Peres đã thành lập một trong các thành phố đầu tiên vào thời gian này với tên gọi là gì?,Vimaranes,PNN,Daily Conversation,high,d873b729-a53d-4068-8b04-cbab8be13616,2,QUALIFICATION_PEER_REVIEWED,26,4.169768810272217,64.70049228899177,26,4.169768810272217,64.70049228899177,0.0,0.0,1.0,21,21,1.0
QA_10377,QA,"Khi tham gia cuộc chiến Tám mươi Năm, Bồ Đào Nha đã làm mất cái gì tại vùng vịnh Ba Tư?",cảng mậu dịch chiến lược Hormuz,"Khi tham gia cuộc chiến Tám mươi Năm, Bồ Đào Nha đã làm mất cái gì tại vùng vịnh Ba Tư?",cảng mậu dịch chiến lược Hormuz,PNN,Daily Conversation,high,d873b729-a53d-4068-8b04-cbab8be13616,2,QUALIFICATION_PEER_REVIEWED,31,3.1572325229644775,23.50545502567375,31,3.1572325229644775,23.50545502567375,0.0,0.0,1.0,21,21,1.0
SENT_0018,SENT,"thời buổi bây chừ chuyện gì cũng có thể xảy ra , vậy nên thôi trất , đừng nên tin ai",,"thời buổi ni chuyện chi cụng có thể xảy ra, vậy nên thôi dẹp, đừng nên tin ai",Fear,PNT2,Daily Conversation,high,9bd8c7fb-25fa-4b2d-9c1d-ab9f97e7731e,3,QUALIFICATION_PEER_REVIEWED,24,4.696091175079346,109.51824704776799,24,5.412939548492432,224.28993071855612,0.7168483734130859,114.77168367078814,2.0479685966917347,21,18,0.8571428571428571
SENT_0070,SENT,xem cái này mới biết vốn tiếng anh của mình cũng khá !,,xem cái ni mới biết vốn tiếng anh của mình cụng được !,Surprise,PNT2,Daily Conversation,high,9bd8c7fb-25fa-4b2d-9c1d-ab9f97e7731e,3,QUALIFICATION_PEER_REVIEWED,15,5.505312919616699,245.99542042897426,16,6.1067047119140625,448.85716177818165,0.6013917922973633,202.8617413492074,1.8246565769210294,13,13,1.0
SENT_0192,SENT,may mình đi làm rồi chứ 10 năm trước chắc sẽ phát khổ với bố mẹ vì mấy tin con nhà người ta như thế nào,,may mà đi mần rồi chứ không 10 năm trước chắc có lẹ phát khổ với mấy cấy tin con nhà người ta ni ,Enjoyment,PNT2,Daily Conversation,high,9bd8c7fb-25fa-4b2d-9c1d-ab9f97e7731e,3,QUALIFICATION_PEER_REVIEWED,28,4.938327312469482,139.5366530278945,29,5.759900093078613,317.31662520703753,0.8215727806091309,177.77997217914304,2.274073645321014,26,24,0.9230769230769231
MCQA_0002_4,MCQA,"Mùa nào, chúng ta chỉ thấy những cành cây trơ trịu lá?
A. Mùa xuân.
B. Mùa hạ.
C. Mùa thu.
D. Mùa đông.",Mùa đông.,"Mùa mô mà ta chỉ thấy mấy cấy cành cây trơ trọi lá?
A. Mùa xuân.
B. Mùa hè.
C. Mùa thu.
D. Mùa đông.",D,PNT2,Daily Conversation,high,9bd8c7fb-25fa-4b2d-9c1d-ab9f97e7731e,2,QUALIFICATION_PEER_REVIEWED,47,2.523056745529175,12.46664584456814,48,2.766752243041992,15.906888319345653,0.24369549751281738,3.440242474777513,1.275955739632763,24,25,1.0416666666666667
MCQA_0004_3,MCQA,"Sau khi ngưng hót, bầy chim sơn ca đã làm gì?
A. Nhảy thẳng lên trời xanh.
B. Bay thẳng lên bầu trời.
C. Luyện xuống đất kiếm ăn.
D. Tiếp tục hót vang xa hơn nữa.",Bay thẳng lên bầu trời.,"Sau khi ngưng hót, bầy chim sơn ca đạ mần chi?
A. Nhảy thẳng lên trời xanh.
B. Bay thẳng lên bầu trời.
C. Liệng xuống đất kiếm ăn.
D. Tiếp tục hót vang xa hơn nựa.",B,PNT2,Daily Conversation,high,9bd8c7fb-25fa-4b2d-9c1d-ab9f97e7731e,2,QUALIFICATION_PEER_REVIEWED,57,3.323922872543335,27.769071698423964,61,3.9269866943359375,50.75381027104152,0.6030638217926025,22.98473857261756,1.8277100085388183,37,37,1.0
QA_10332,QA,Vimara Peres đã thành lập một trong các thành phố đầu tiên vào thời gian này với tên gọi là gì?,Vimaranes,Vimara Peres đạ thành lập một trong các thành phố đầu tiên vào thời gian ni với tên gọi là chi?,Vimaranes,PNT2,Daily Conversation,high,9bd8c7fb-25fa-4b2d-9c1d-ab9f97e7731e,2,QUALIFICATION_PEER_REVIEWED,26,4.169768810272217,64.70049228899177,27,5.255000114440918,191.521507772273,1.0852313041687012,126.82101548328123,2.9601244286801003,21,21,1.0
QA_10377,QA,"Khi tham gia cuộc chiến Tám mươi Năm, Bồ Đào Nha đã làm mất cái gì tại vùng vịnh Ba Tư?",cảng mậu dịch chiến lược Hormuz,"Khi tham gia cuộc chiến tám mưới năm, Bồ Đào Nha đạ làm mất cái chi tại vùng vinh Ba Tư?",cảng mậu dịch chiến lược Hormuz,PNT2,Daily Conversation,high,9bd8c7fb-25fa-4b2d-9c1d-ab9f97e7731e,2,QUALIFICATION_PEER_REVIEWED,31,3.1572325229644775,23.50545502567375,32,4.637889385223389,103.32603582029631,1.4806568622589111,79.82058079462256,4.395832189057341,21,21,1.0
SENT_0237,SENT,"có ai nhìn thấy hình như người đàn ông này đang rất đau khổ không nhỉ ? mình nhận thấy hình như ông ấy đang rất đau khổ , mà không thể or không muốn nói ra .",,"cóa ai nhìn thấy người đàn ông ni đang rất đau khổ không nhỉ? mình nhận thấy hình như ông nứ đang rất đau khổ, mà không thể hoặc không muốn nuối ra",Sadness,PNT1,Daily Conversation,high,a4432712-749b-4d01-8b03-4cb9d0f81348,3,QUALIFICATION_PEER_REVIEWED,39,3.525766372680664,33.979804834285595,39,4.623498916625977,101.84977327738187,1.0977325439453125,67.86996844309627,2.997361926417409,38,33,0.868421052631579
SENT_0343,SENT,"móa , thiệt chứ tụi này nuôi làm gì vậy nhỉ ?",,"móa, thặc chứ tụi ni nuôi mằn chi vậy nhỉ?",Anger,PNT1,Daily Conversation,high,a4432712-749b-4d01-8b03-4cb9d0f81348,3,QUALIFICATION_PEER_REVIEWED,15,6.055375576019287,426.39902063181165,18,5.713263988494873,302.85798173749777,-0.34211158752441406,-123.54103889431389,0.7102689431339255,12,10,0.8333333333333334
SENT_0462,SENT,tao đã từng viết như thế này . bây giờ không muốn ai đọc chỉ có đốt mà lười đốt,,tau đã từng vít như ri . bây chừ không mún ai đuộc chỉ cóa đốt mà lười đốt,Sadness,PNT1,Daily Conversation,high,a4432712-749b-4d01-8b03-4cb9d0f81348,3,QUALIFICATION_PEER_REVIEWED,24,4.8982319831848145,134.05256285980548,26,6.7851972579956055,884.6545749232121,1.886965274810791,750.6020120634066,6.599311166086391,20,19,0.95
MCQA_0012_0,MCQA,"An đã xin làm gì sau khi bà mất?
A. An xin nghỉ học hẳn luôn.
B. Xin bố mẹ cho đi du lịch.
C. Nghỉ học mấy ngày liền.
D. Xin được đi học để đỡ buồn.",Nghỉ học mấy ngày liền.,"An đã xin làm gì sau khi bà mất?
A. An xin nghỉ học hẳn luôn.
B. Xin bố mẹ cho đi du lịch.
C. Nghỉ học mấy ngày liền.
D. Xin được đi học để đỡ buồn.",C,PNT1,Daily Conversation,high,6b0ccea8-04fe-4c9c-82c8-309e147936f4,3,QUALIFICATION_PEER_REVIEWED,50,3.7448387145996094,42.302183943930494,50,3.7448387145996094,42.302183943930494,0.0,0.0,1.0,38,38,1.0
MCQA_0010_1,MCQA,"Vì sao cha muốn cho bớt chó con đi?
A. Vì cha không thích chó con.
B. Vì bố thích đem cho người khác.
C. Vì nhà hàng xóm xin từ trước.
D. Vì nhiều quá, nuôi không xuể.","Vì nhiều quá, nuôi không xuể.","VÌ răng bố muốn cho bớt chóa coan đi?
A. Vì bố không thích chóa coan.
B. Vì bố thích đem cho người khác.
C. Vì nhà hàng xóm xin từ tước.
D. Vì nhiều quớ, nuôi không xuể.",D,PNT1,Daily Conversation,high,a4432712-749b-4d01-8b03-4cb9d0f81348,3,QUALIFICATION_PEER_REVIEWED,55,3.6045453548431396,36.76496504366911,60,4.260953426361084,70.8775277532708,0.6564080715179443,34.11256270960169,1.9278551650758564,39,39,1.0
MCQA_0010_3,MCQA,"Giang đã đưa ra ý kiến gì với chị khi bố bảo phải cho bớt đi?
A. Giữ chó con lại nuôi.
B. Bán chó con.
C. Nuôi thêm mèo.
D. Cho chó con.",Bán chó con.,"Giang đã đưa ra ý kiến chi với chị khi bố bảo phải cho bớt đi?
A. Giữ chó coan lại nui
B. Bán chóa coan
C. Nui thêm mèo
D. Choa chóa coan",B,PNT1,Daily Conversation,high,a4432712-749b-4d01-8b03-4cb9d0f81348,3,QUALIFICATION_PEER_REVIEWED,50,3.8307950496673584,46.099174801930914,56,4.227218151092529,68.52633686066495,0.3964231014251709,22.42716205873404,1.4864981239923334,34,34,1.0
QA_10332,QA,Vimara Peres đã thành lập một trong các thành phố đầu tiên vào thời gian này với tên gọi là gì?,Vimaranes,Vimara Peres đã thành lập một troong các thành phố đầu tin vào thời gian ni với tên gọai là chi?,Vimaranes,PNT1,Daily Conversation,high,a4432712-749b-4d01-8b03-4cb9d0f81348,3,QUALIFICATION_PEER_REVIEWED,26,4.169768810272217,64.70049228899177,29,6.439385890960693,626.0222358276368,2.2696170806884766,561.321743538645,9.675695094118304,21,21,1.0
QA_10377,QA,"Khi tham gia cuộc chiến Tám mươi Năm, Bồ Đào Nha đã làm mất cái gì tại vùng vịnh Ba Tư?",cảng mậu dịch chiến lược Hormuz,"Khi tham gia cuộc chín Tám mưi Năm, Bồ Đào Nha đã làm mất cái chi tại vùng vịnh Ba Tư?

",cảng mậu dịch chiến lược Hormuz,PNT1,Daily Conversation,high,a4432712-749b-4d01-8b03-4cb9d0f81348,3,QUALIFICATION_PEER_REVIEWED,31,3.1572325229644775,23.50545502567375,33,4.420204162597656,83.11325224376088,1.2629716396331787,59.60779721808713,3.5359133508787948,21,21,1.0
SENT_0018,SENT,"thời buổi bây chừ chuyện gì cũng có thể xảy ra , vậy nên thôi trất , đừng nên tin ai",,"thời buổi ni chuyện chi cũng xảy ra được, vậy nên dẹp đi, đừng nên tin ai",Fear,PNT3,Daily Conversation,high,a535cb14-6f28-47fa-8989-505a99f839db,4,QUALIFICATION_PEER_REVIEWED,24,4.696091175079346,109.51824704776799,22,5.3418169021606445,208.89190185561716,0.6457257270812988,99.37365480784918,1.9073707577195416,21,17,0.8095238095238095
SENT_0070,SENT,xem cái này mới biết vốn tiếng anh của mình cũng khá !,,coi cái ni mới biết vốn tiếng anh của tau cũng khá !,Surprise,PNT3,Daily Conversation,high,a535cb14-6f28-47fa-8989-505a99f839db,4,QUALIFICATION_PEER_REVIEWED,15,5.505312919616699,245.99542042897426,15,7.299863338470459,1480.0976413549497,1.7945504188537598,1234.1022209259754,6.016769087708668,13,13,1.0
SENT_0192,SENT,may mình đi làm rồi chứ 10 năm trước chắc sẽ phát khổ với bố mẹ vì mấy tin con nhà người ta như thế nào,,may mà tau đi làm 10 năm rồi chơ 10 năm trước chắc sẽ phải khổi với ba mẹ vì mấy cì tin con nhà người ta như răng,Enjoyment,PNT3,Daily Conversation,high,a535cb14-6f28-47fa-8989-505a99f839db,4,QUALIFICATION_PEER_REVIEWED,28,4.938327312469482,139.5366530278945,36,5.326756000518799,205.7693745300011,0.3884286880493164,66.23272150210661,1.4746618187041234,26,29,1.1153846153846154
MCQA_0002_4,MCQA,"Mùa nào, chúng ta chỉ thấy những cành cây trơ trịu lá?
A. Mùa xuân.
B. Mùa hạ.
C. Mùa thu.
D. Mùa đông.",Mùa đông.,"Mùa mô, chúng ta chỉ chộ mấy cành cây trơ trụi lá?
A. Mùa xun.
B. Mùa hè.
C. Mùa thu.
D. Mùa đông.",D,PNT3,Daily Conversation,high,a535cb14-6f28-47fa-8989-505a99f839db,3,QUALIFICATION_PEER_REVIEWED,47,2.523056745529175,12.46664584456814,49,3.1443183422088623,23.20385299396112,0.6212615966796875,10.737207149392981,1.8612747392732991,24,24,1.0
MCQA_0004_3,MCQA,"Sau khi ngưng hót, bầy chim sơn ca đã làm gì?
A. Nhảy thẳng lên trời xanh.
B. Bay thẳng lên bầu trời.
C. Luyện xuống đất kiếm ăn.
D. Tiếp tục hót vang xa hơn nữa.",Bay thẳng lên bầu trời.,"Sau khi ngưng hót, bầy chim sơn ca đã làm chi?
A. Nhảy thẳng lên trời xanh.
B. Bay thẳng lên bầu trời.
C. Lượn xuống đất kiếm ăn.
D. Tiếp tục hót vang xa hơn nữa.",B,PNT3,Daily Conversation,high,a535cb14-6f28-47fa-8989-505a99f839db,3,QUALIFICATION_PEER_REVIEWED,57,3.323922872543335,27.769071698423964,58,3.4057397842407227,30.13658204783399,0.0818169116973877,2.3675103494100256,1.0852570937596158,37,37,1.0
QA_10332,QA,Vimara Peres đã thành lập một trong các thành phố đầu tiên vào thời gian này với tên gọi là gì?,Vimaranes,"Vimara Peres đã thành lập một trong các thành phố đầu tiên trong thời gian ni với tên gọi là chi?
",Vimaranes,PNT3,Daily Conversation,high,a535cb14-6f28-47fa-8989-505a99f839db,3,QUALIFICATION_PEER_REVIEWED,26,4.169768810272217,64.70049228899177,26,4.958699703216553,142.40850213739193,0.7889308929443359,77.70800984840017,2.2010420183714974,21,21,1.0
QA_10377,QA,"Khi tham gia cuộc chiến Tám mươi Năm, Bồ Đào Nha đã làm mất cái gì tại vùng vịnh Ba Tư?",cảng mậu dịch chiến lược Hormuz,"Khi tham gia cuộc chiến Tám mươi Nam, Bồ Đào Nha đã làm mất cái chi ở cì chỗ vùng vịnh Ba Tư?",cảng mậu dịch chiến lược Hormuz,PNT3,Daily Conversation,high,a535cb14-6f28-47fa-8989-505a99f839db,3,QUALIFICATION_PEER_REVIEWED,31,3.1572325229644775,23.50545502567375,34,4.12007474899292,61.5638439277754,0.9628422260284424,38.058388902101655,2.619130064086507,21,23,1.0952380952380953
SENT_0343,SENT,"móa , thiệt chứ tụi này nuôi làm gì vậy nhỉ ?",,"Mé, thật sự  bọn này  nuôi để làm gì nhỉ?",Anger,PNB,Daily Conversation,high,291aae44-1453-4283-9067-782588cd28ff,0,QUALIFICATION_PEER_REVIEWED,15,6.055375576019287,426.39902063181165,16,5.888569355010986,360.88861138912773,-0.16680622100830078,-65.51040924268392,0.8463636029331993,12,10,0.8333333333333334
MCQA_0012_5,MCQA,"Tại sao thầy giáo không trách An khi biết bạn chưa làm bài tập?
A. Vì đây là lần đầu tiên An mắc lỗi.
B. Vì cả lớp đã kể cho thầy nghe.
C. Vì thầy hiểu và thông cảm hoàn cảnh của An. An cũng đã thành thực nhận lỗi.
D. Vì An đã mắc lỗi quá nhiều lần.",Vì thầy hiểu và thông cảm hoàn cảnh của An. An cũng đã thành thực nhận lỗi.,"Tại sao thầy giáo không trách An khi biết bạn chưa làm bài tập?
A. Vì đây là lần đầu tiên An mắc lỗi.
B. Vì cả lớp đã kể cho thầy nghe.
C. Vì thầy hiểu và thông cảm hoàn cảnh của An. An cũng đã thành thực nhận lỗi.
D. Vì An đã mắc lỗi quá nhiều lần.",C,PNT1,Daily Conversation,high,6b0ccea8-04fe-4c9c-82c8-309e147936f4,3,QUALIFICATION_PEER_REVIEWED,73,3.113865375518799,22.507877870747663,73,3.113865375518799,22.507877870747663,0.0,0.0,1.0,60,60,1.0
QA_10410,QA,"Trrong gia đoạn mất mát lãnh thổ, Bồ Đào Nha đã tập trung vào làm những việc gì?",bành trướng các tiền đồn của họ tại châu Phi,"Trong giai đoạn mất mát lãnh thổ, Bồ Đào Nha đã tập trung vào làm những việc gì?",bành trướng các tiền đồn của họ tại châu Phi,PNT1,Daily Conversation,high,6b0ccea8-04fe-4c9c-82c8-309e147936f4,3,QUALIFICATION_PEER_REVIEWED,26,3.954017400741577,52.144431683523266,26,2.5427026748657227,12.71398634964037,-1.4113147258758545,-39.43044533388289,0.2438225125705564,18,18,1.0
QA_11490,QA,Hoàng Phụng Thế nghe tin Sư Ôn về đã làm gì?,đánh lẻn bắt được Sư Ôn và phá tan giặc ấy,Hoàng Phụng Thế nghe tin Sư Ôn về đã mằn gì?,đánh lẻn bắt được Sư Ôn và phá tan giặc ấy,PNT1,Daily Conversation,high,6b0ccea8-04fe-4c9c-82c8-309e147936f4,3,QUALIFICATION_PEER_REVIEWED,17,4.653782367706299,104.98131350560479,19,5.239439964294434,188.56446999346804,0.5856575965881348,83.58315648786325,1.7961717537797894,11,11,1.0
NLI_0028,NLI,"Nhiều người có điểm thi TOEIC lên đến 600, 700 nhưng lại không có khả năng giao tiếp tiếng Anh và ứng dụng những gì đã học vào công việc.",Có những người không thể sử dụng tiếng Anh thành thục nhưng lại có điểm thi Bài kiểm tra tiếng Anh giao tiếp quốc tế rất cao.,Cúa những người chả thể sử dụng tiếng Anh thành thục nhưng lại cúa điểm thi Bài kiểm tra tiếng Anh giao tiếp quốc tế rất cao.,Entailment,PNT1,Daily Conversation,high,56164f4c-6810-404e-94aa-34d47c343da0,3,QUALIFICATION_PEER_REVIEWED,44,2.4556450843811035,11.653948905016225,36,4.1426591873168945,62.97004816049725,1.687014102935791,51.31609925548102,5.4033228284871715,30,27,0.9
NLI_0064,NLI,"""Tôi biết Joe Biden khá lâu rồi, và ông ấy có năng lượng của Donald Trump hay không thì chúng ta đều biết"", lãnh đạo phe Cộng hòa tại Hạ viện Kevin McCarthy trả lời phỏng vấn hôm 14/5.","Trong thời gian quen biết với Joe Biden, Kevin McCarthy hiểu được năng lực của Biden và Trump như thế nào.","Trong thời gian quen biết với Joe Biden, Kevin McCarthy hiểu được năng lực của Biden và Trump như thế nào.",Entailment,PNT1,Daily Conversation,high,56164f4c-6810-404e-94aa-34d47c343da0,3,QUALIFICATION_PEER_REVIEWED,50,3.4180498123168945,30.509857017914566,26,3.5175178050994873,33.70067291959579,0.09946799278259277,3.1908159016812228,1.1045831155422217,39,21,0.5384615384615384
NLI_0157,NLI,"Các triệu chứng điển hình xuất hiện trong 36 giờ khiến cơ thể Spieth rã rời và dị ứng xoang mũi vài ngày, nhưng anh cũng nhanh chóng khỏi bệnh.",Spieth đã có các biểu hiện về bệnh trên người anh ấy trong vòng 3 ngày qua.,Spieth đã cúa các biểu hiện về bệnh trên người anh nứ trong vòng 3 ngày qua.,Neutral,PNT1,Daily Conversation,high,56164f4c-6810-404e-94aa-34d47c343da0,3,QUALIFICATION_PEER_REVIEWED,41,3.7818660736083984,43.897882030939954,23,5.012047290802002,150.21194910636774,1.2301812171936035,106.31406707542779,3.4218495780843337,30,17,0.5666666666666667
NLI_0028,NLI,"Nhiều người có điểm thi TOEIC lên đến 600, 700 nhưng lại không có khả năng giao tiếp tiếng Anh và ứng dụng những gì đã học vào công việc.",Có những người không thể sử dụng tiếng Anh thành thục nhưng lại có điểm thi Bài kiểm tra tiếng Anh giao tiếp quốc tế rất cao.,Có những người không thể sử dụng tiếng Anh rành rọt nhưng lại có điểm thi Bài kiểm tra tiếng Anh giao tiếp quốc tế rất cao.,Entailment,PNN,Daily Conversation,high,d873b729-a53d-4068-8b04-cbab8be13616,2,QUALIFICATION_PEER_REVIEWED,44,2.4556450843811035,11.653948905016225,36,3.1430840492248535,23.175230309032138,0.68743896484375,11.521281404015912,1.9886160903843324,30,27,0.9
MCQA_0002_4,MCQA,"Mùa nào, chúng ta chỉ thấy những cành cây trơ trịu lá?
A. Mùa xuân.
B. Mùa hạ.
C. Mùa thu.
D. Mùa đông.",Mùa đông.,"Mùa mô, chúng ta chỉ thấy những cành cây trơ trọi lá?
A. Mùa xuân.
B. Mùa hạ.
C. Mùa thu.
D. Mùa đông.",D,PNT1,Daily Conversation,high,dca4b218-67a4-43d1-a513-8134e12f4b19,1,QUALIFICATION_PEER_REVIEWED,47,2.523056745529175,12.46664584456814,47,2.4191527366638184,11.236335145909827,-0.10390400886535645,-1.2303106986583128,0.9013118112122859,24,24,1.0
MCQA_0004_3,MCQA,"Sau khi ngưng hót, bầy chim sơn ca đã làm gì?
A. Nhảy thẳng lên trời xanh.
B. Bay thẳng lên bầu trời.
C. Luyện xuống đất kiếm ăn.
D. Tiếp tục hót vang xa hơn nữa.",Bay thẳng lên bầu trời.,"Sau khi ngưng hót, bầy chim sơn ca đả làm chi?
A. Nhảy thẳng lên trời xanh.
B. Bay thẳng lên bầu trời.
C. Liệng xuống đất kiếm ăn.
D. Tiếp tục hót vang xa hơn nửa.",B,PNT1,Daily Conversation,high,dca4b218-67a4-43d1-a513-8134e12f4b19,1,QUALIFICATION_PEER_REVIEWED,57,3.323922872543335,27.769071698423964,58,3.874227523803711,48.145492675672216,0.550304651260376,20.37642097724825,1.7337811360256856,37,37,1.0
QA_0572,QA,Anh quốc đã chịu tác động như thế nào bởi các chiến dịch quân sự thường xuyên của vua Edward I?,gia tăng tình trạng căng thẳng về tài chính trên toàn quốc,Anh quốc đả chịu tác động như thế nào bởi các chiến dịch quân sự thường xuyên của vua Edward I?,gia tăng tình trạng căng thẳng về tài chính trên toàn quốc,PNT1,Daily Conversation,high,dca4b218-67a4-43d1-a513-8134e12f4b19,1,QUALIFICATION_PEER_REVIEWED,24,3.6090927124023438,36.93252918365634,24,4.291255950927734,73.05816837665718,0.6821632385253906,36.125639193000836,1.9781523223973358,21,21,1.0
QA_1203,QA,Maxwell chú ý tại nhiệt độ như thế nào thì lý thuyết nguyên tử tiên đoán nhiệt dung riêng quá lớn?,thấp,Maxwell chú ý tại nhiệt độ như răng thì lý thuyết nguyên tữ  tiên đoán nhiệt dung riêng quá lớn?,thấp,PNT1,Daily Conversation,high,dca4b218-67a4-43d1-a513-8134e12f4b19,1,QUALIFICATION_PEER_REVIEWED,23,5.720480918884277,305.0515927575793,24,7.1057515144348145,1218.9578049886643,1.385270595550537,913.906212231085,3.995907033199315,21,20,0.9523809523809523
QA_11490,QA,Hoàng Phụng Thế nghe tin Sư Ôn về đã làm gì?,đánh lẻn bắt được Sư Ôn và phá tan giặc ấy,"Hoàng Phụng Thế nghe tin Sư Ôn về đạ mần chi?
",đánh lẻn bắt được Sư Ôn và phá tan giặc ấy,PNT2,Daily Conversation,high,7d958013-3acc-4719-a459-b3a565d57865,2,QUALIFICATION_PEER_REVIEWED,17,4.653782367706299,104.98131350560479,19,5.243139266967773,189.26331887120318,0.5893568992614746,84.2820053655984,1.802828642081133,11,11,1.0
MCQA_0010_1,MCQA,"Vì sao cha muốn cho bớt chó con đi?
A. Vì cha không thích chó con.
B. Vì bố thích đem cho người khác.
C. Vì nhà hàng xóm xin từ trước.
D. Vì nhiều quá, nuôi không xuể.","Vì nhiều quá, nuôi không xuể.","Vì răng cha muốn cho bớt chó con đi?

A. Vì cha nỏ thích chó con.
B. Vì bố thích đem cho người khác.
C. Vì nhà hàng xóm xin từ trước.
D. Vì nhiều quá, nuôi nỏ xuể.",D,PNT3,Daily Conversation,high,eb02b7a5-f3df-407d-8da3-21f0b73659ef,1,QUALIFICATION_PEER_REVIEWED,55,3.6045453548431396,36.76496504366911,56,4.24331521987915,69.63833597062994,0.6387698650360107,32.87337092696083,1.8941493861863903,39,39,1.0
SENT_0534,SENT,"cái công ty thực phẩm cung cấp cho các trường mầm non thật quá độc ác . vì lợi ích cá nhân mà ảnh hưởng khủng khiếp tới các em . quá dã man . các người gây nên hoạ thì mai này đời con đời cháu sẽ phải gánh nghiệp đó thôi . gieo nhân nào gặt quả ấy , đừng tưởng bây giờ sống nhé nhỉ thế là không sao . đời còn dài lắm",,"cái công ty thực phẩm cung cấp cho các trường mầm non thật quá độc ác . vì lợi ích cá nhân mà ảnh hưởng khủng khiếp tới các em . quá dã man . các người gây nên hoạ thì mai ni đời con đời cháu sẽ phải gánh nghiệp đó thôi . gieo nhân nào gặt quả nấy , đừng tưởng bây giờ sống nghe nhỉ thế là không răng . đời còn dài lắm",Other,PNT4,Daily Conversation,high,eb3805e3-c095-4a6c-8697-9f6079168a64,3,QUALIFICATION_PEER_REVIEWED,90,4.527426242828369,92.52013003372527,91,4.648451328277588,104.42314312012705,0.12102508544921875,11.903013086401785,1.1286532247853838,77,77,1.0
SENT_0572,SENT,em cũng thắc mắc tại răng khúc xương tư tao nhỉ ? xong nó lại tự to lên được nó nhờ lực gì rứa,,em cũng thắc mắc tại răng khúc xương tư tao rứa ? xong nó lại tự to lên được nó nhờ lực chi rứa,Surprise,PNT4,Daily Conversation,high,eb3805e3-c095-4a6c-8697-9f6079168a64,3,QUALIFICATION_PEER_REVIEWED,30,5.573439121246338,263.3381956842804,31,5.618952751159668,275.6006096334316,0.04551362991333008,12.26241394915121,1.0465652691106488,24,24,1.0
SENT_0626,SENT,"năm nào cũng đi cho có không khí xuân vậy , không đi thì thấy thiếu thiếu . nhà tao cách chợ 10km",,"năm nào cũng đi cho có không khí xuân vậy , không đi thì thấy thiếu thiếu . nhà ta cách chợ 10km",Enjoyment,PNT4,Daily Conversation,high,eb3805e3-c095-4a6c-8697-9f6079168a64,3,QUALIFICATION_PEER_REVIEWED,28,4.888733386993408,132.78527992937808,27,4.8008809089660645,121.61750429492307,-0.08785247802734375,-11.167775634455012,0.9158959815395608,23,23,1.0
MCQA_0010_1,MCQA,"Vì sao cha muốn cho bớt chó con đi?
A. Vì cha không thích chó con.
B. Vì bố thích đem cho người khác.
C. Vì nhà hàng xóm xin từ trước.
D. Vì nhiều quá, nuôi không xuể.","Vì nhiều quá, nuôi không xuể.","Vì răng ba muốn cho bớt chó con đi?
A. Vì ba không thích chó con.
B. Vì ba thích đem cho người khác.
C. Vì nhà hàng xóm xin từ trước.
D. Vì nhiều quá, nuôi không xuể.",D,PNT4,Daily Conversation,high,eb3805e3-c095-4a6c-8697-9f6079168a64,3,QUALIFICATION_PEER_REVIEWED,55,3.6045453548431396,36.76496504366911,54,4.036140441894531,56.607440937463075,0.4315950870513916,19.842475893793967,1.5397115397831942,39,39,1.0
MCQA_0010_3,MCQA,"Giang đã đưa ra ý kiến gì với chị khi bố bảo phải cho bớt đi?
A. Giữ chó con lại nuôi.
B. Bán chó con.
C. Nuôi thêm mèo.
D. Cho chó con.",Bán chó con.,"Giang đã đưa ra ý kiến chi với chị khi ba nói phải cho bớt đi?
A. Giữ chó con lại nuôi.
B. Bán chó con.
C. Nuôi thêm mèo.
D. Cho chó con.",B,PNT4,Daily Conversation,high,eb3805e3-c095-4a6c-8697-9f6079168a64,3,QUALIFICATION_PEER_REVIEWED,50,3.8307950496673584,46.099174801930914,50,4.032896518707275,56.424108266553915,0.202101469039917,10.324933464623001,1.2239721970943074,34,34,1.0
QA_0268,QA,Các toán hạng được chứa trong chỉ thị như thế nào thì được gọi là giá trị tức thời?,các chỉ thị thực (như cộng hay so sánh),Các toán hạng được chứa trong chỉ thị như thế nào thì được gọi là giá trị tức thời?,các chỉ thị thực (như cộng hay so sánh),PNT4,Daily Conversation,high,eb3805e3-c095-4a6c-8697-9f6079168a64,3,QUALIFICATION_PEER_REVIEWED,21,4.642796039581299,103.83426680146997,21,4.642796039581299,103.83426680146997,0.0,0.0,1.0,19,19,1.0
QA_0363,QA,Điều gì đã khiến Edward bị mất ưu thế sau khi trở về Anh quốc đầu năm 1262?,do vấn đề tài chính,Điều gì đã khiến Edward bị mất ưu thế sau khi trở về Anh quốc đầu năm 1262?,do vấn đề tài chính,PNT4,Daily Conversation,high,eb3805e3-c095-4a6c-8697-9f6079168a64,3,QUALIFICATION_PEER_REVIEWED,26,3.558457612991333,35.109003691030225,26,3.558457612991333,35.109003691030225,0.0,0.0,1.0,18,18,1.0
SENT_0237,SENT,"có ai nhìn thấy hình như người đàn ông này đang rất đau khổ không nhỉ ? mình nhận thấy hình như ông ấy đang rất đau khổ , mà không thể or không muốn nói ra .",,"có ai chộ hình như ông ni đang rất đau khổ không hè ? tao thấy là hình như ông ơ đang rất đau khổ, mà không nói ra được",Sadness,PNT3,Daily Conversation,high,2fdf203d-4d50-4041-9bef-98014b83a48a,3,QUALIFICATION_PEER_REVIEWED,39,3.525766372680664,33.979804834285595,34,4.791135311126709,120.43802570506875,1.265368938446045,86.45822087078315,3.544400160401948,38,30,0.7894736842105263
SENT_0343,SENT,"móa , thiệt chứ tụi này nuôi làm gì vậy nhỉ ?",,"mẹ, thiệt chơ tụi ni nuôi làm chi rứa he ?",Anger,PNT3,Daily Conversation,high,2fdf203d-4d50-4041-9bef-98014b83a48a,3,QUALIFICATION_PEER_REVIEWED,15,6.055375576019287,426.39902063181165,17,6.38383674621582,592.1954581681374,0.3284611701965332,165.79643753632575,1.3888293113118761,12,11,0.9166666666666666
SENT_0462,SENT,tao đã từng viết như thế này . bây giờ không muốn ai đọc chỉ có đốt mà lười đốt,,tao đã từng viết như ri . chừ không muốn ai đọc chỉ có đốt mà lười đốt,Sadness,PNT3,Daily Conversation,high,2fdf203d-4d50-4041-9bef-98014b83a48a,3,QUALIFICATION_PEER_REVIEWED,24,4.8982319831848145,134.05256285980548,23,5.973451137542725,392.8591448376592,1.0752191543579102,258.80658197785374,2.9306350916134156,20,18,0.9
SENT_0534,SENT,"cái công ty thực phẩm cung cấp cho các trường mầm non thật quá độc ác . vì lợi ích cá nhân mà ảnh hưởng khủng khiếp tới các em . quá dã man . các người gây nên hoạ thì mai này đời con đời cháu sẽ phải gánh nghiệp đó thôi . gieo nhân nào gặt quả ấy , đừng tưởng bây giờ sống nhé nhỉ thế là không sao . đời còn dài lắm",,"cái công ty thực phẩm cung cấp cho các trường mầm non thật quá độc ác, vì lợi ích cá nhân mà ãnh hưỡng khũng khiếp tới các em, quá dã man. Các người gây nên họa thì mai ni đơì con cháu sẽ phải gánh nghiệp đó thôi, gieo nhân nào gặt quả nấy, đừng tưởng bây chừ sống như thế là không răng, đời còn dài lắm",Other,PNT1,Daily Conversation,high,dca4b218-67a4-43d1-a513-8134e12f4b19,1,QUALIFICATION_PEER_REVIEWED,90,4.527426242828369,92.52013003372527,94,4.737527370452881,114.15159782319098,0.21010112762451172,21.631467789465717,1.233802825196859,77,69,0.8961038961038961
SENT_0572,SENT,em cũng thắc mắc tại răng khúc xương tư tao nhỉ ? xong nó lại tự to lên được nó nhờ lực gì rứa,,"em  củng thắc mắc tại sao khúc xương tự tạo nhỉ ? xong nó lại tự to lên được, nó nhờ lực chi rứa",Surprise,PNT1,Daily Conversation,high,dca4b218-67a4-43d1-a513-8134e12f4b19,1,QUALIFICATION_PEER_REVIEWED,30,5.573439121246338,263.3381956842804,33,5.45576810836792,234.1046197447965,-0.11767101287841797,-29.23357593948387,0.8889884702691121,24,24,1.0
SENT_0626,SENT,"năm nào cũng đi cho có không khí xuân vậy , không đi thì thấy thiếu thiếu . nhà tao cách chợ 10km",,"năm mô củng đi cho có không khí xuân vậy, chả đi thì thấy thíu thíu. Nhà tau cách chợ 10km",Enjoyment,PNT1,Daily Conversation,high,dca4b218-67a4-43d1-a513-8134e12f4b19,1,QUALIFICATION_PEER_REVIEWED,28,4.888733386993408,132.78527992937808,31,6.071703910827637,433.41855933314736,1.1829705238342285,300.6332794037693,3.2640557715709244,23,21,0.9130434782608695
NLI_0064,NLI,"""Tôi biết Joe Biden khá lâu rồi, và ông ấy có năng lượng của Donald Trump hay không thì chúng ta đều biết"", lãnh đạo phe Cộng hòa tại Hạ viện Kevin McCarthy trả lời phỏng vấn hôm 14/5.","Trong thời gian quen biết với Joe Biden, Kevin McCarthy hiểu được năng lực của Biden và Trump như thế nào.","Trong thời gian quen biết với Joe Biden, Kevin McCarthy hiểu được năng lực của Biden và Trump như nào.",Entailment,PNN,Daily Conversation,high,d873b729-a53d-4068-8b04-cbab8be13616,2,QUALIFICATION_PEER_REVIEWED,50,3.4180498123168945,30.509857017914566,25,3.8908779621124268,48.95384728518579,0.4728281497955322,18.44399026727122,1.6045256212259995,39,20,0.5128205128205128
NLI_0240,NLI,"Tôi sẽ nghỉ sinh con vào đầu tháng 6, tuy nhiên, công ty gặp khó khăn về tài chính nên chưa đóng bảo hiểm xã hội đầy đủ cho tôi. (Thu Mây)","Do chưa đóng bảo hiểm xã hội đầy đủ, chị Thu Mây không được hưởng quyền lợi chế độ thai sản vào tháng 6 tới.","Do chưa đóng bảo hiểm xã hội đầy đủ, chị Thu Mây không được hưởng quyền lợi chế độ thai sản vào tháng 6 tới.",Neutral,PNN,Daily Conversation,high,d873b729-a53d-4068-8b04-cbab8be13616,2,QUALIFICATION_PEER_REVIEWED,39,3.237187623977661,25.462012204912366,29,3.7402377128601074,42.10799858816212,0.5030500888824463,16.645986383249753,1.6537576939829703,32,25,0.78125
NLI_0028,NLI,"Nhiều người có điểm thi TOEIC lên đến 600, 700 nhưng lại không có khả năng giao tiếp tiếng Anh và ứng dụng những gì đã học vào công việc.",Có những người không thể sử dụng tiếng Anh thành thục nhưng lại có điểm thi Bài kiểm tra tiếng Anh giao tiếp quốc tế rất cao.,có nhựng người mà không thể sử dụng tiếng Anh thuần thục nhưng mà lại có cấy điểm bài kiểm tra tiếng anh giao tiếp quốc tế rành cao,Entailment,PNT2,Daily Conversation,high,9bd8c7fb-25fa-4b2d-9c1d-ab9f97e7731e,2,QUALIFICATION_PEER_REVIEWED,44,2.4556450843811035,11.653948905016225,39,4.207563877105713,67.19265070945296,1.7519187927246094,55.53870180443674,5.765655166081184,30,29,0.9666666666666667
NLI_0064,NLI,"""Tôi biết Joe Biden khá lâu rồi, và ông ấy có năng lượng của Donald Trump hay không thì chúng ta đều biết"", lãnh đạo phe Cộng hòa tại Hạ viện Kevin McCarthy trả lời phỏng vấn hôm 14/5.","Trong thời gian quen biết với Joe Biden, Kevin McCarthy hiểu được năng lực của Biden và Trump như thế nào.","Trong cấy thời gian quen biết với Joe Biden, Kevin McCartthy hiểu được năng lực của Biden với Trump như răng.",Entailment,PNT2,Daily Conversation,high,9bd8c7fb-25fa-4b2d-9c1d-ab9f97e7731e,2,QUALIFICATION_PEER_REVIEWED,50,3.4180498123168945,30.509857017914566,28,5.91231632232666,369.5611875918804,2.4942665100097656,339.05133057396586,12.112845608384335,39,21,0.5384615384615384
NLI_0157,NLI,"Các triệu chứng điển hình xuất hiện trong 36 giờ khiến cơ thể Spieth rã rời và dị ứng xoang mũi vài ngày, nhưng anh cũng nhanh chóng khỏi bệnh.",Spieth đã có các biểu hiện về bệnh trên người anh ấy trong vòng 3 ngày qua.,Spieth đạ có mấy biểu hiện về bệnh trên người trong vòng 3 ngày vừa rồi,Neutral,PNT2,Daily Conversation,high,9bd8c7fb-25fa-4b2d-9c1d-ab9f97e7731e,2,QUALIFICATION_PEER_REVIEWED,41,3.7818660736083984,43.897882030939954,19,5.209202289581299,182.94806039561914,1.4273362159729004,139.0501783646792,4.167582852099204,30,16,0.5333333333333333
SENT_0534,SENT,"cái công ty thực phẩm cung cấp cho các trường mầm non thật quá độc ác . vì lợi ích cá nhân mà ảnh hưởng khủng khiếp tới các em . quá dã man . các người gây nên hoạ thì mai này đời con đời cháu sẽ phải gánh nghiệp đó thôi . gieo nhân nào gặt quả ấy , đừng tưởng bây giờ sống nhé nhỉ thế là không sao . đời còn dài lắm",,"Cái công ty thực phẩm cung cấp cho các trường mầm non thiệt độc ác dữ. Vì lợi ích cá nhân mà ảnh hưởng khủng khiếp tới các em, quá dã man. Tụi mầy gây nên hoạ thì mai này đời con đời cháu sẽ phải gánh nghiệp đó thôi. Gieo nhân nào gặt quả nấy, đừng tưởng bây giờ sống như thế là không sao, đời còn dài lắm.",Other,PNN,Daily Conversation,high,88759523-55db-4c51-872d-a8b43438fa82,2,QUALIFICATION_PEER_REVIEWED,90,4.527426242828369,92.52013003372527,93,4.192184925079346,66.16720352004849,-0.33524131774902344,-26.352926513676778,0.7151654834026859,77,70,0.9090909090909091
SENT_0572,SENT,em cũng thắc mắc tại răng khúc xương tư tao nhỉ ? xong nó lại tự to lên được nó nhờ lực gì rứa,,Em cũng thắc mắc tại sao khúc xương tự teo nhỉ? Xong nó lại tự to lên được nhờ lực gì vậy?,Surprise,PNN,Daily Conversation,high,88759523-55db-4c51-872d-a8b43438fa82,2,QUALIFICATION_PEER_REVIEWED,30,5.573439121246338,263.3381956842804,29,4.924374103546143,137.60318933621448,-0.6490650177001953,-125.7350063480659,0.522534108577203,24,22,0.9166666666666666
SENT_0626,SENT,"năm nào cũng đi cho có không khí xuân vậy , không đi thì thấy thiếu thiếu . nhà tao cách chợ 10km",,"Năm nào cũng đi cho có không khí xuân vậy, không đi thì thấy thiếu thiếu. Nhà tao cách chợ 10km.",Enjoyment,PNN,Daily Conversation,high,88759523-55db-4c51-872d-a8b43438fa82,2,QUALIFICATION_PEER_REVIEWED,28,4.888733386993408,132.78527992937808,29,4.750437259674072,115.63483592500633,-0.13829612731933594,-17.15044400437175,0.8708407738154921,23,21,0.9130434782608695
SENT_0237,SENT,"có ai nhìn thấy hình như người đàn ông này đang rất đau khổ không nhỉ ? mình nhận thấy hình như ông ấy đang rất đau khổ , mà không thể or không muốn nói ra .",,"có ai chộ hình như ngài đàn ông ni đang rất đau khổ không hè? tui chộ hình như ông ni đang rất đau khổ, mà nỏ thể hoặc nỏ muốn nói ra.",Sadness,PNT2,Daily Conversation,high,7d958013-3acc-4719-a459-b3a565d57865,2,QUALIFICATION_PEER_REVIEWED,39,3.525766372680664,33.979804834285595,42,4.664765357971191,106.14067723601347,1.1389989852905273,72.16087240172789,3.123639990095459,38,33,0.868421052631579
SENT_0343,SENT,"móa , thiệt chứ tụi này nuôi làm gì vậy nhỉ ?",,"moá, thật chư bọn ni nuôi mần chi rứa hè?",Anger,PNT2,Daily Conversation,high,7d958013-3acc-4719-a459-b3a565d57865,2,QUALIFICATION_PEER_REVIEWED,15,6.055375576019287,426.39902063181165,17,7.452226638793945,1723.6969260140768,1.3968510627746582,1297.297905382265,4.042450480913416,12,10,0.8333333333333334
SENT_0462,SENT,tao đã từng viết như thế này . bây giờ không muốn ai đọc chỉ có đốt mà lười đốt,,tau đạ từng viết a ri. chừ nỏ muốn ai đọc chỉ có đốt mà nhác đốt,Sadness,PNT2,Daily Conversation,high,7d958013-3acc-4719-a459-b3a565d57865,2,QUALIFICATION_PEER_REVIEWED,24,4.8982319831848145,134.05256285980548,24,6.297439098358154,543.179099214256,1.3992071151733398,409.12653635445054,4.0519859346689415,20,17,0.85
MCQA_0010_1,MCQA,"Vì sao cha muốn cho bớt chó con đi?
A. Vì cha không thích chó con.
B. Vì bố thích đem cho người khác.
C. Vì nhà hàng xóm xin từ trước.
D. Vì nhiều quá, nuôi không xuể.","Vì nhiều quá, nuôi không xuể.","Tại răng bố muốn cho bớt chó con đi? 
A. Tại bố nỏ thích chó con. 
B. Tại bố thích đem cho ngài khác. 
C. Tại nhà hàng xóm xin từ trước. 
D. Tại nhiều quá, nuôi nỏ xuể.",D,PNT2,Daily Conversation,high,7d958013-3acc-4719-a459-b3a565d57865,2,QUALIFICATION_PEER_REVIEWED,55,3.6045453548431396,36.76496504366911,61,4.243833065032959,69.67440718427713,0.6392877101898193,32.90944214060802,1.8951305162814236,39,39,1.0
MCQA_0010_3,MCQA,"Giang đã đưa ra ý kiến gì với chị khi bố bảo phải cho bớt đi?
A. Giữ chó con lại nuôi.
B. Bán chó con.
C. Nuôi thêm mèo.
D. Cho chó con.",Bán chó con.,"Giang đạ đưa ra ý kiến chi với chị khi bố bảo phải cho bớt đi? 
A. Giự chó con lại nuôi. 
B. Bán chó con. 
C. Nuôi thêm mèo. 
D. Cho chó con.",B,PNT2,Daily Conversation,high,7d958013-3acc-4719-a459-b3a565d57865,2,QUALIFICATION_PEER_REVIEWED,50,3.8307950496673584,46.099174801930914,55,4.382123947143555,80.0077853763748,0.5513288974761963,33.908610574443884,1.7355578645417225,34,34,1.0
QA_10410,QA,"Trrong gia đoạn mất mát lãnh thổ, Bồ Đào Nha đã tập trung vào làm những việc gì?",bành trướng các tiền đồn của họ tại châu Phi,"Trrong gia đoạn mất mát lãnh thổ, Bồ Đào Nha đạ tập trung vô mần nhửng việc chi?",bành trướng các tiền đồn của họ tại châu Phi,PNT2,Daily Conversation,high,7d958013-3acc-4719-a459-b3a565d57865,2,QUALIFICATION_PEER_REVIEWED,26,3.954017400741577,52.144431683523266,30,5.4243550300598145,226.86497802747039,1.4703376293182373,174.72054634394712,4.350703818278563,18,18,1.0
MCQA_0010_1,MCQA,"Vì sao cha muốn cho bớt chó con đi?
A. Vì cha không thích chó con.
B. Vì bố thích đem cho người khác.
C. Vì nhà hàng xóm xin từ trước.
D. Vì nhiều quá, nuôi không xuể.","Vì nhiều quá, nuôi không xuể.","Sao ba muốn cho bớt mấy con chó con đi?
A. Tại ba hổng thích chó con.
B. Tại ba thích đem cho người ta.
C. Tại nhà hàng xóm xin hồi trước rồi.
D. Tại nhiều quá chừng, nuôi hổng xuể.",D,PNN,Daily Conversation,high,88759523-55db-4c51-872d-a8b43438fa82,2,QUALIFICATION_PEER_REVIEWED,55,3.6045453548431396,36.76496504366911,62,4.319826126098633,75.17555608837397,0.7152807712554932,38.41059104470486,2.0447607117015094,39,42,1.0769230769230769
MCQA_0010_3,MCQA,"Giang đã đưa ra ý kiến gì với chị khi bố bảo phải cho bớt đi?
A. Giữ chó con lại nuôi.
B. Bán chó con.
C. Nuôi thêm mèo.
D. Cho chó con.",Bán chó con.,"Giang nói gì với chị lúc ba kêu phải cho bớt đi?
A. Giữ chó con lại nuôi.
B. Bán chó con.
C. Nuôi thêm mèo.
D. Cho chó con.",B,PNN,Daily Conversation,high,88759523-55db-4c51-872d-a8b43438fa82,2,QUALIFICATION_PEER_REVIEWED,50,3.8307950496673584,46.099174801930914,47,3.7861275672912598,44.085351744697036,-0.04466748237609863,-2.0138230572338784,0.9563154207014237,34,30,0.8823529411764706
QA_0572,QA,Anh quốc đã chịu tác động như thế nào bởi các chiến dịch quân sự thường xuyên của vua Edward I?,gia tăng tình trạng căng thẳng về tài chính trên toàn quốc,Anh quốc đã chịu tác động làm sao bởi mấy cái chiến dịch quân sự thường xuyên của vua Edward I?,gia tăng tình trạng căng thẳng về tài chính trên toàn quốc,PNN,Daily Conversation,high,88759523-55db-4c51-872d-a8b43438fa82,2,QUALIFICATION_PEER_REVIEWED,24,3.6090927124023438,36.93252918365634,25,4.142030239105225,62.93045571342248,0.5329375267028809,25.99792652976614,1.7039303049213033,21,21,1.0
QA_1203,QA,Maxwell chú ý tại nhiệt độ như thế nào thì lý thuyết nguyên tử tiên đoán nhiệt dung riêng quá lớn?,thấp,Maxwell để ý tại nhiệt độ nào thì cái lý thuyết nguyên tử nó tiên đoán nhiệt dung riêng quá lớn?,thấp,PNN,Daily Conversation,high,88759523-55db-4c51-872d-a8b43438fa82,2,QUALIFICATION_PEER_REVIEWED,23,5.720480918884277,305.0515927575793,23,6.673484802246094,791.1477998790726,0.9530038833618164,486.09620712149336,2.5934885070663705,21,21,1.0
SENT_0895,SENT,chuột mà làm như người vậy .. ít hôm nó gặm cả rắn cả dây thì thấy mẹ ..,,chuột mà làm như người vậy .. ít bữa hén gặm cả rắn cả dây thì thấy mẹ,Fear,PNT4,Daily Conversation,high,caa27aaf-592f-49ce-b541-02f33da2b90f,3,QUALIFICATION_PEER_REVIEWED,23,6.201654434204102,493.564936697574,23,6.217385768890381,501.39076588455845,0.015731334686279297,7.825829186984436,1.0158557235433838,19,18,0.9473684210526315
SENT_0958,SENT,"chuẩn . tao mà chơi hoặc làm việc cùng bọn con gái tính công chúa một thời gian thì tao ngày nào cũng sờ troét , sau đó bị trầm cảm .",,"đúng . ta mà chơi hay lồm việc với tụi con gái tính công chúa mấy bữa thì ta ngà mô cũng xì troét, sa đó bị trầm cảm .",Fear,PNT4,Daily Conversation,high,caa27aaf-592f-49ce-b541-02f33da2b90f,3,QUALIFICATION_PEER_REVIEWED,39,4.881078243255615,131.7726703063717,39,6.098117828369141,445.0193784822173,1.2170395851135254,313.2467081758456,3.377175080747369,32,30,0.9375
SENT_1093,SENT,trong nhà không biết có ai không nữa ? sập quả này sợ thật đấy,,trong nhà không biết có ai không nữa ? sập cú ni sợ kinh á,Fear,PNT4,Daily Conversation,high,caa27aaf-592f-49ce-b541-02f33da2b90f,3,QUALIFICATION_PEER_REVIEWED,17,5.485020637512207,241.05391869988418,18,6.082380771636963,438.07090097001173,0.5973601341247559,197.01698227012756,1.81731499463992,15,15,1.0
MCQA_0013_3,MCQA,"Hoa đã giúp mẹ một số công việc gì?
A. Chờ mẹ đi làm về.
B. Học và tập viết chăm chỉ.
C. Viết thư cho bố.
D. Trông em và hát ru em ngủ.",Trông em và hát ru em ngủ.,"Hoa đã giúp mẹ những công việc gì?
A. Chờ mẹ đi làm về.
B. Học và tập viết chăm chỉ.
C. Viết thư cho ba.
D. Giữ em và hát ru em ngủ.",D,PNT4,Daily Conversation,high,caa27aaf-592f-49ce-b541-02f33da2b90f,3,QUALIFICATION_PEER_REVIEWED,48,3.7522549629211426,42.6170736514718,47,3.7954068183898926,44.49633465114846,0.04315185546875,1.87926099967666,1.0440964345662378,35,34,0.9714285714285714
MCQA_0013_4,MCQA,"Hoa viết thư cho bố vào thời điểm nào?
A. Khi Hoa và mẹ đã ăn cơm xong.
B. Khi em Nụ đang chơi trong nôi.
C. Khi Hoa làm xong bài tập.
D. Khi em Nụ đã ngủ, mẹ chưa về.","Khi em Nụ đã ngủ, mẹ chưa về.","Hoa viết thư cho ba vào thời điểm nào?
A. Khi Hoa và mẹ đã en cơm xan.
B. Khi em Nụ đang chơi trong nôi.
C. Khi Hoa làm xan bài tập.
D. Khi em Nụ đã ngủ, mẹ chưa về.",D,PNT4,Daily Conversation,high,caa27aaf-592f-49ce-b541-02f33da2b90f,3,QUALIFICATION_PEER_REVIEWED,65,2.8164100646972656,16.716730841361567,65,3.4505395889282227,31.517394158264764,0.634129524230957,14.800663316903197,1.8853802491263711,42,42,1.0
QA_1224,QA,Nếu một lực mới được khám phá ở đâu thì lực đó có thể lập tức hiểu nó có tính bất biến?,vật lý,Nếu một lực mới được khám phá ở đâu thì lực đó có thể lập tức hiểu nó có tính bất biến?,vật lý,PNT4,Daily Conversation,high,caa27aaf-592f-49ce-b541-02f33da2b90f,3,QUALIFICATION_PEER_REVIEWED,24,4.346424579620361,77.20193948828188,24,4.346424579620361,77.20193948828188,0.0,0.0,1.0,22,22,1.0
QA_1521,QA,Vào giai đoạn giữa thập niên 1950 thì tình hình biên giới của hai nước Đức là như thế nào?,gần như bị đóng cửa hoàn toàn,Vào thời gian giữa thập niên 1950 thì tình hình biên giới của hai nước Đức là như thế nào?,gần như bị đóng cửa hoàn toàn,PNT4,Daily Conversation,high,caa27aaf-592f-49ce-b541-02f33da2b90f,3,QUALIFICATION_PEER_REVIEWED,27,2.868987560272217,17.61917081815581,27,2.910539150238037,18.36669830781893,0.04155158996582031,0.7475274896631205,1.0424269392344403,20,20,1.0
SENT_0534,SENT,"cái công ty thực phẩm cung cấp cho các trường mầm non thật quá độc ác . vì lợi ích cá nhân mà ảnh hưởng khủng khiếp tới các em . quá dã man . các người gây nên hoạ thì mai này đời con đời cháu sẽ phải gánh nghiệp đó thôi . gieo nhân nào gặt quả ấy , đừng tưởng bây giờ sống nhé nhỉ thế là không sao . đời còn dài lắm",,"kì công ty thực phẩm cung cấp cho mấy trường mầm non thiệt quá độc ác . vì lợi ích cá nhân mà ảnh hưởng tới các em . quá dã man . mấy người gây nên họa thì mai rồi đời con đời cháu cũng phải gánh nghiệp nớ thôi . gieo nhân nào gặt quả nấy , đừng tưởng chừ sống nhé nhỉ rứa là không răng . đời còn dài lắm",Other,PNT3,Daily Conversation,high,88346002-a7b4-4be1-aec6-e1e3625416ee,3,QUALIFICATION_PEER_REVIEWED,90,4.527426242828369,92.52013003372527,90,4.941568851470947,139.9897004195106,0.4141426086425781,47.46957038578533,1.5130728887700635,77,74,0.961038961038961
SENT_0572,SENT,em cũng thắc mắc tại răng khúc xương tư tao nhỉ ? xong nó lại tự to lên được nó nhờ lực gì rứa,,em cũng thắc mắc vì răng khúc xương tư tao hè? xong hắn lại tự to lên được nhờ lực chi rứa,Surprise,PNT3,Daily Conversation,high,88346002-a7b4-4be1-aec6-e1e3625416ee,3,QUALIFICATION_PEER_REVIEWED,30,5.573439121246338,263.3381956842804,28,6.469554901123047,645.1964868129749,0.896115779876709,381.8582911286945,2.450068001477877,24,22,0.9166666666666666
SENT_0626,SENT,"năm nào cũng đi cho có không khí xuân vậy , không đi thì thấy thiếu thiếu . nhà tao cách chợ 10km",,"năm mô cũng đi cho có không khí xuân cũng được, không đi thì thấy thiếu thiếu . nhà tau cách chợ 10km",Enjoyment,PNT3,Daily Conversation,high,88346002-a7b4-4be1-aec6-e1e3625416ee,3,QUALIFICATION_PEER_REVIEWED,28,4.888733386993408,132.78527992937808,28,5.736833572387695,310.08100580356717,0.8481001853942871,177.2957258741891,2.335206176230407,23,23,1.0
MCQA_0010_3,MCQA,"Giang đã đưa ra ý kiến gì với chị khi bố bảo phải cho bớt đi?
A. Giữ chó con lại nuôi.
B. Bán chó con.
C. Nuôi thêm mèo.
D. Cho chó con.",Bán chó con.,"Giang đã nói ý kiến chi với chị khi ba bảo phải cho bớt chó con đi?

A. Giữ chó con lại nuôi.
B. Bán chó con.
C. Nuôi thêm mèo.
D. Cho chó con.",B,PNT3,Daily Conversation,high,eb02b7a5-f3df-407d-8da3-21f0b73659ef,1,QUALIFICATION_PEER_REVIEWED,50,3.8307950496673584,46.099174801930914,51,3.996248245239258,54.39369493634111,0.16545319557189941,8.294520134410199,1.1799277355841686,34,35,1.0294117647058822
MCQA_0025_10,MCQA,"Mai đã nói gì khi biết cô cũng quyết định cho mình viết bút mực?
A. Thôi cô ạ, em không thích viết bút mực.
B. Thôi cô ạ, cứ để bạn Lan viết trước.
C. Thôi cô ạ, thế thì em không cho Lan mượn bút nữa.
D. Thôi cô ạ, em nhường bạn Lan viết bút mực.","Thôi cô ạ, cứ để bạn Lan viết trước.","Mai đã nói chi khi biết cô cũng quyết định cho miềng viết bút mực?
A. Dạ thôi cô, em không thích viết bút mực.
B. Dạ thôi cô, cứ để bạn Lan viết trước.
C. Dạ thôi cô, rứa thì em không cho Lan mượn bút nữa.
D. Dạ thôi cô, em nhường bạn Lan viết bút mực.",B,PNT3,Daily Conversation,high,88346002-a7b4-4be1-aec6-e1e3625416ee,3,QUALIFICATION_PEER_REVIEWED,91,2.4825801849365234,11.972114871245452,91,3.02223539352417,20.53714902042619,0.5396552085876465,8.56503414918074,1.7154152997439227,59,59,1.0
MCQA_0090_10,MCQA,"Thái độ của Lan như thế nào khi nghe mẹ và anh trai nói chuyện?
A. Ân hận.
B. Hối hả.
C. Ghen tị.
D. Xấu hổ.",Ân hận.,"Thái độ của Lan như răng khi nghe mẹ với anh trai nói chuyện?
A. Ân hận.
B. Hối hả.
C. Ghen tị.
D. Xấu hổ.",A,PNT3,Daily Conversation,high,88346002-a7b4-4be1-aec6-e1e3625416ee,3,QUALIFICATION_PEER_REVIEWED,48,2.7609524726867676,15.814899036241874,47,3.3075711727142334,27.318692441769535,0.5466187000274658,11.503793405527661,1.7274022666325748,27,26,0.9629629629629629
QA_10410,QA,"Trrong gia đoạn mất mát lãnh thổ, Bồ Đào Nha đã tập trung vào làm những việc gì?",bành trướng các tiền đồn của họ tại châu Phi,"Trong giai đoạn mất mát lãnh thổ, Bồ Đào Nha đã tập trung vô làm những việc chi?",bành trướng các tiền đồn của họ tại châu Phi,PNT3,Daily Conversation,high,88346002-a7b4-4be1-aec6-e1e3625416ee,3,QUALIFICATION_PEER_REVIEWED,26,3.954017400741577,52.144431683523266,26,3.563077926635742,35.271593618818535,-0.39093947410583496,-16.87283806470473,0.676421095791974,18,18,1.0
QA_11490,QA,Hoàng Phụng Thế nghe tin Sư Ôn về đã làm gì?,đánh lẻn bắt được Sư Ôn và phá tan giặc ấy,Hoàng Phụng Thế nghe tin Sư Ôn về đã mần chi?,đánh lẻn bắt được Sư Ôn và phá tan giặc ấy,PNT3,Daily Conversation,high,88346002-a7b4-4be1-aec6-e1e3625416ee,3,QUALIFICATION_PEER_REVIEWED,17,4.653782367706299,104.98131350560479,18,5.429276943206787,227.9843401873441,0.7754945755004883,123.0030266817393,2.171665914383633,11,11,1.0
QA_11800,QA,"Sau khi người Anh quân về New York, Washington đã có phản ứng như thế nào đối với sự việc này?",Washington di chuyển quân của mình ra khỏi New York,"Sau khi quân Anh về New York, Washington đã có phản ứng như răng đối với sự việc ni?",Washington di chuyển quân của mình ra khỏi New York,PNT3,Daily Conversation,high,eb02b7a5-f3df-407d-8da3-21f0b73659ef,1,QUALIFICATION_PEER_REVIEWED,25,3.224627733230591,25.144212058735217,23,4.923368453979492,137.46487830635894,1.6987407207489014,112.32066624762372,5.467058501783634,21,19,0.9047619047619048
SENT_1098,SENT,sao nhiều thằng cưa bàn giống tao vậy ??,,ren nhiều thằng cưa bàn giống ta rứa ??,Surprise,PNT4,Daily Conversation,high,5ea76d15-516d-4285-a781-7b1c6a04a627,2,QUALIFICATION_PEER_REVIEWED,13,6.258443355560303,522.405107842209,13,6.56172513961792,707.491163451307,0.3032817840576172,185.08605560909803,1.3542960297107256,9,9,1.0
SENT_1146,SENT,giống tao nhưng tay trái tao có thẹo do mẹ tao xưa cắt trúng nên nhìn thẹo để phân biệt thôi chứ kêu phải ứng liền là không được,,giống ta nhưng tay trái ta có sẹo do mẹ ta xưa cắt trúng nên nhìn sẹo để phân biệt thôi chớ kêu phải ứng liền là không được,Other,PNT4,Daily Conversation,high,5ea76d15-516d-4285-a781-7b1c6a04a627,2,QUALIFICATION_PEER_REVIEWED,40,4.833866119384766,125.69597814056496,38,4.878492832183838,131.43242381365587,0.044626712799072266,5.736445673090913,1.0456374639662367,29,29,1.0
SENT_1161,SENT,ly hôn kiểu này thì không cần tới bước cuối cùng . chỉ cần tới bước tính xem trả lại tiền mừng là tao bỏ ngay ý định ly hôn luôn rồi ... kkkk,,ly hôn kiểu ni thì không cần tới bước cuối cùng . chỉ cần tới bước tính coi trả lại tiền mừng là ta bỏ liền ý định ly hôn luôn rồi ... kkkk,Enjoyment,PNT4,Daily Conversation,high,5ea76d15-516d-4285-a781-7b1c6a04a627,2,QUALIFICATION_PEER_REVIEWED,39,4.785453796386719,119.75569545689653,37,5.662906646728516,287.98449639596976,0.8774528503417969,168.2288009390732,2.4047665983420683,34,34,1.0
NLI_0240,NLI,"Tôi sẽ nghỉ sinh con vào đầu tháng 6, tuy nhiên, công ty gặp khó khăn về tài chính nên chưa đóng bảo hiểm xã hội đầy đủ cho tôi. (Thu Mây)","Do chưa đóng bảo hiểm xã hội đầy đủ, chị Thu Mây không được hưởng quyền lợi chế độ thai sản vào tháng 6 tới.","Doa chư đuống bảo hỉm xã hội đầy đủ, chị Thu Mây không được hửng quỳn lợi chế độ thai sản vào tháng 6 tới.",Neutral,PNT1,Daily Conversation,high,a4432712-749b-4d01-8b03-4cb9d0f81348,3,QUALIFICATION_PEER_REVIEWED,39,3.237187623977661,25.462012204912366,38,5.973119258880615,392.7287849033099,2.735931634902954,367.2667726983975,15.424106380231057,32,25,0.78125
MCQA_0014_1,MCQA,"Bé cùng bố đi đâu vào mùa hè?
A. Đi đền chùa.
B. Đi lên rừng.
C. Đi leo núi.
D. Đi biển chơi.",Đi biển chơi.,"Bé cùng ba đi mô vào mùa hè?
A. Đi đền chùa.
B. Đi lên rừng.
C. Đi leo núi.
D. Đi biển chơi.",D,PNT4,Daily Conversation,high,5ea76d15-516d-4285-a781-7b1c6a04a627,2,QUALIFICATION_PEER_REVIEWED,35,3.1255640983581543,22.772737534840235,35,3.678678512573242,39.59403646386967,0.5531144142150879,16.821298929029435,1.7386595003474818,24,24,1.0
MCQA_0016_0,MCQA,"Chi đã vào vườn hoa để làm gì vào lúc sáng sớm?
A. Hái một bông hoa để ngắm vì hoa đẹp quá.
B. Hái một bó hoa tặng mẹ nhân ngày Quốc tế Phụ nữ.
C. Hái một bó hoa để tặng cô giáo nhân ngày 20 - 11.
D. Hái tặng bố một bông hoa, mong bố dịu cơn đau.","Hái tặng bố một bông hoa, mong bố dịu cơn đau.","Chi đã vào vườn hoa để làm chi vào lúc sáng sớm?
A. Hái một bông hoa để ngắm vì hoa đẹp quá.
B. Hái một bó hoa tặng mẹ nhân ngày Quốc tế Phụ nữ.
C. Hái một bó hoa để tặng cô giáo nhân ngày 20 - 11.
D. Hái tặng ba một bông hoa, mong ba dịu cơn đau.",D,PNT4,Daily Conversation,high,5ea76d15-516d-4285-a781-7b1c6a04a627,2,QUALIFICATION_PEER_REVIEWED,91,2.5017971992492676,12.204408015767115,91,2.7375688552856445,15.449379724953705,0.23577165603637695,3.24497170918659,1.265885219913522,62,62,1.0
QA_10410,QA,"Trrong gia đoạn mất mát lãnh thổ, Bồ Đào Nha đã tập trung vào làm những việc gì?",bành trướng các tiền đồn của họ tại châu Phi,"Trong giai đoạn mất mát lãnh thổ, Bồ Đào Nha đã tập trung vô làm những việc chi?",bành trướng các tiền đồn của họ tại châu Phi,PNT4,Daily Conversation,high,5ea76d15-516d-4285-a781-7b1c6a04a627,2,QUALIFICATION_PEER_REVIEWED,26,3.954017400741577,52.144431683523266,26,3.563077926635742,35.271593618818535,-0.39093947410583496,-16.87283806470473,0.676421095791974,18,18,1.0
QA_11490,QA,Hoàng Phụng Thế nghe tin Sư Ôn về đã làm gì?,đánh lẻn bắt được Sư Ôn và phá tan giặc ấy,Hoàng Phụng Thế nghe nói Sư Ôn về đã làm chi?,đánh lẻn bắt được Sư Ôn và phá tan giặc ấy,PNT4,Daily Conversation,high,5ea76d15-516d-4285-a781-7b1c6a04a627,2,QUALIFICATION_PEER_REVIEWED,17,4.653782367706299,104.98131350560479,17,4.831721782684326,125.42673242144899,0.17793941497802734,20.4454189158442,1.194752934909246,11,11,1.0
SENT_0696,SENT,tuổi thơ tôi bị ám ảnh mấy con ngỗng này . mấy con màu xám cứ mỗi lần đi học ngang qua ngõ nhà hàng xóm là nó đuổi . tao lại chạy thục mạng . cứ phải đắn đo mỗi lần qua đó xem có chúng nó không rồi ù chạy như ma đuổi . haizz tuổi thơ tôi ....,,Tuổi thơ tui bị ám ảnh bởi mấy con ngỗng ni. Mấy con màu xám cứ lần mô đi học ngang qua ngõ nhà hàng xóm là hắn đuổi. Tau lại phải chạy thục mạng.,Fear,PNT3,Daily Conversation,high,eb02b7a5-f3df-407d-8da3-21f0b73659ef,1,QUALIFICATION_PEER_REVIEWED,75,4.576345920562744,97.158719092663,49,4.641162872314453,103.66482647561125,0.06481695175170898,6.506107382948244,1.0669637006715083,61,35,0.5737704918032787
SENT_0814,SENT,"mấy thành phần không chấp hành luật giao thông cứ phải thế này . cơ mà thằng này gà thật , tạt mẹ vào quán nước mà ngồi uống chứ làm gì phải dắt xe khổ thế kia",,"Mấy thành phần không chấp hành luật giao thông thì cứ phải như ri. Cơ mà thằng ni gà thiệt, tạt vô quán nước ngồi uống cho rồi, chơ mần chi phải dắt xe khổ rứa.",Disgust,PNT3,Daily Conversation,high,eb02b7a5-f3df-407d-8da3-21f0b73659ef,1,QUALIFICATION_PEER_REVIEWED,44,5.286575794219971,197.6654181862696,49,5.551355361938477,257.5864422784425,0.26477956771850586,59.92102409217293,1.3031436891793915,38,36,0.9473684210526315
SENT_0835,SENT,chắc nó se lạnh thì đừng hỏi tại sao thằng kia lấp nhíp sưởi ấm cũng không thấy .,,Chắc trời se lạnh thì đừng hỏi tại răng thằng kia lấp nhấp sưởi ấm cũng nỏ thấy chi.,Other,PNT3,Daily Conversation,high,eb02b7a5-f3df-407d-8da3-21f0b73659ef,1,QUALIFICATION_PEER_REVIEWED,29,4.7921624183654785,120.5617920228534,29,5.491518497467041,242.62535325688708,0.6993560791015625,122.06356123403368,2.012456427413551,19,19,1.0
QA_12019,QA,UNESCO đã công nhận Phong Nha-Kẻ Bàng là Di sản thiên nhiên thế giới lần thứ hai vào năm nào?,2015,UNESCO đã công nhận Phong Nha - Kẻ Bàng là Di sản thiên nhiên thế giới lần thứ hai vô năm mô?,2015,PNT3,Daily Conversation,high,eb02b7a5-f3df-407d-8da3-21f0b73659ef,1,QUALIFICATION_PEER_REVIEWED,27,2.9709672927856445,19.510783111034897,28,3.869236707687378,47.90580598850264,0.8982694149017334,28.395022877467746,2.4553502397045306,20,22,1.1
SENT_0696,SENT,tuổi thơ tôi bị ám ảnh mấy con ngỗng này . mấy con màu xám cứ mỗi lần đi học ngang qua ngõ nhà hàng xóm là nó đuổi . tao lại chạy thục mạng . cứ phải đắn đo mỗi lần qua đó xem có chúng nó không rồi ù chạy như ma đuổi . haizz tuổi thơ tôi ....,,tuổi thơ tao bị ám ảnh bởi mấy con ngỗng này. mấy con màu xám cứ mỗi lần đi học ngang qua ngõ nhà hàng xóm là nó đuổi. tao lại chạy thục mạng. cứ phải đắn đo mỗi lần qua đó xem có tụi nó không rồi ù chạy như ma đuổi. haizz tuổi thơ tao,Fear,PNN,Daily Conversation,high,9d0d5c61-1083-4b35-8c02-c2c597f8212f,2,QUALIFICATION_PEER_REVIEWED,75,4.576345920562744,97.158719092663,78,4.226156234741211,68.45360624680538,-0.3501896858215332,-28.705112845857627,0.7045544330562782,61,57,0.9344262295081968
SENT_0814,SENT,"mấy thành phần không chấp hành luật giao thông cứ phải thế này . cơ mà thằng này gà thật , tạt mẹ vào quán nước mà ngồi uống chứ làm gì phải dắt xe khổ thế kia",,"mấy thành phần không chấp hành luật giao thông cứ phải thế này. cơ mà thằng này ngu thật, tạt mẹ vào quán nước mà ngồi uống chứ làm gì phải dắt xe khổ thế kia",Disgust,PNN,Daily Conversation,high,9d0d5c61-1083-4b35-8c02-c2c597f8212f,2,QUALIFICATION_PEER_REVIEWED,44,5.286575794219971,197.6654181862696,44,4.994468688964844,147.59450595770798,-0.29210710525512695,-50.07091222856161,0.7466885574219291,38,36,0.9473684210526315
SENT_0835,SENT,chắc nó se lạnh thì đừng hỏi tại sao thằng kia lấp nhíp sưởi ấm cũng không thấy .,,chắc nó se lạnh thì đừng hỏi sao thằng đó lấp nhíp sưởi ấm cũng hông thấy.,Other,PNN,Daily Conversation,high,9d0d5c61-1083-4b35-8c02-c2c597f8212f,2,QUALIFICATION_PEER_REVIEWED,29,4.7921624183654785,120.5617920228534,28,4.809499263763428,122.67017673309847,0.01733684539794922,2.108384710245076,1.0174880007576979,19,17,0.8947368421052632
NLI_1069,NLI,"""Chúng tôi luôn vào trận với mục tiêu chiến thắng, bất kể trong hoàn cảnh nào"", Solskjaer nhấn mạnh.","Theo Solskjaer nhận xét: ""Trận chiến có thể sẽ không kết thúc như vậy nếu chúng tôi không chủ quan.""","Theo Solskjar nhận xét: ""Trận chiến có thể sẽ không kết thúc như vậy nếu chúng tôi không chủ quan.""",Neutral,PNT3,Daily Conversation,high,2fdf203d-4d50-4041-9bef-98014b83a48a,0,QUALIFICATION_PEER_REVIEWED,28,2.914027452468872,18.430878777857238,29,3.8392910957336426,46.492504020280826,0.9252636432647705,28.061625242423588,2.5225332215920533,19,20,1.0526315789473684
MCQA_0012_0,MCQA,"An đã xin làm gì sau khi bà mất?
A. An xin nghỉ học hẳn luôn.
B. Xin bố mẹ cho đi du lịch.
C. Nghỉ học mấy ngày liền.
D. Xin được đi học để đỡ buồn.",Nghỉ học mấy ngày liền.,"An đã xin làm gì sau khi bà mất?
A. An xin nghỉ học luôn.
B. Xin ba mẹ cho đi du lịch.
C. Nghỉ học mấy ngày liền.
D. Xin được đi học để đỡ buồn.",C,PNN,Daily Conversation,high,9d0d5c61-1083-4b35-8c02-c2c597f8212f,2,QUALIFICATION_PEER_REVIEWED,50,3.7448387145996094,42.302183943930494,49,3.7666759490966797,43.23610668680881,0.021837234497070312,0.9339227428783161,1.02207741198696,38,37,0.9736842105263158
MCQA_0012_5,MCQA,"Tại sao thầy giáo không trách An khi biết bạn chưa làm bài tập?
A. Vì đây là lần đầu tiên An mắc lỗi.
B. Vì cả lớp đã kể cho thầy nghe.
C. Vì thầy hiểu và thông cảm hoàn cảnh của An. An cũng đã thành thực nhận lỗi.
D. Vì An đã mắc lỗi quá nhiều lần.",Vì thầy hiểu và thông cảm hoàn cảnh của An. An cũng đã thành thực nhận lỗi.,"Tại sao thầy giáo hông trách An khi biết bạn chưa làm bài tập?
A. Vì đây là lần đầu tiên An mắc lỗi.
B. Vì cả lớp đã kể cho thầy nghe.
C. Vì thầy hiểu và thông cảm với hoàn cảnh của An. An cũng đã thành thật nhận lỗi.
D. Vì An đã mắc lỗi quá nhiều lần.",C,PNN,Daily Conversation,high,9d0d5c61-1083-4b35-8c02-c2c597f8212f,2,QUALIFICATION_PEER_REVIEWED,73,3.113865375518799,22.507877870747663,75,3.094111919403076,22.067631996943557,-0.019753456115722656,-0.4402458738041055,0.9804403650876269,60,61,1.0166666666666666
QA_1224,QA,Nếu một lực mới được khám phá ở đâu thì lực đó có thể lập tức hiểu nó có tính bất biến?,vật lý,Nếu một lực mới được khám phá ở đâu đó thì lực đó có thể lập tức hiểu được là nó có tính bất biến nhỉ?,vật lý,PNN,Daily Conversation,high,9d0d5c61-1083-4b35-8c02-c2c597f8212f,2,QUALIFICATION_PEER_REVIEWED,24,4.346424579620361,77.20193948828188,29,3.8776443004608154,48.31027642551414,-0.4687802791595459,-28.89166306276774,0.6257650616775882,22,26,1.1818181818181819
QA_1521,QA,Vào giai đoạn giữa thập niên 1950 thì tình hình biên giới của hai nước Đức là như thế nào?,gần như bị đóng cửa hoàn toàn,Vào giai đoạn giữa thập niên 1950 thì tình hình biên giới của hai nước Đức là như thế nào vậy?,gần như bị đóng cửa hoàn toàn,PNN,Daily Conversation,high,9d0d5c61-1083-4b35-8c02-c2c597f8212f,2,QUALIFICATION_PEER_REVIEWED,27,2.868987560272217,17.61917081815581,28,2.9640965461730957,19.377188935480863,0.0951089859008789,1.7580181173250544,1.0997787089681594,20,21,1.05
SENT_0958,SENT,"chuẩn . tao mà chơi hoặc làm việc cùng bọn con gái tính công chúa một thời gian thì tao ngày nào cũng sờ troét , sau đó bị trầm cảm .",,"chuẩn . tau mà dởi hay mần việc cùng bọn con cấy tính công chúa một tỉ thì tau ngày mô cũng sờ troét , sau đó bị trầm cảm .",Fear,PNT3,Daily Conversation,high,e99ab2ee-5e8e-4d70-ac05-869071c9a49c,1,QUALIFICATION_PEER_REVIEWED,39,4.881078243255615,131.7726703063717,38,6.54696798324585,697.1272646394293,1.6658897399902344,565.3545943330575,5.29037821741494,32,31,0.96875
MCQA_0012_0,MCQA,"An đã xin làm gì sau khi bà mất?
A. An xin nghỉ học hẳn luôn.
B. Xin bố mẹ cho đi du lịch.
C. Nghỉ học mấy ngày liền.
D. Xin được đi học để đỡ buồn.",Nghỉ học mấy ngày liền.,"An đã làm chi sau khi bà mất?
A. An xin nghỉ học hẳn luôn.
B. Xin ba mẹ cho đi du lịch.
C. Nghỉ học mấy ngày liền.
D. Xin được đi học để đỡ buồn.",C,PNT3,Daily Conversation,high,e99ab2ee-5e8e-4d70-ac05-869071c9a49c,1,QUALIFICATION_PEER_REVIEWED,50,3.7448387145996094,42.302183943930494,48,4.093371391296387,59.9416381470924,0.34853267669677734,17.639454203161904,1.416986844616395,38,37,0.9736842105263158
MCQA_0012_5,MCQA,"Tại sao thầy giáo không trách An khi biết bạn chưa làm bài tập?
A. Vì đây là lần đầu tiên An mắc lỗi.
B. Vì cả lớp đã kể cho thầy nghe.
C. Vì thầy hiểu và thông cảm hoàn cảnh của An. An cũng đã thành thực nhận lỗi.
D. Vì An đã mắc lỗi quá nhiều lần.",Vì thầy hiểu và thông cảm hoàn cảnh của An. An cũng đã thành thực nhận lỗi.,"Tại răng thầy giáo không trách An khi biết bạn chưa làm bài tập?
A. Vì đây là lần đầu An mắc lỗi.
B. Vì cả lớp đã kể cho thầy nghe.
C. Vì thầy hiểu với thông cảm hoàn cảnh của An. An cũng đã thành thực nhận lỗi.
D. Vì An đã mắc lỗi quá nhiều lần.",C,PNT3,Daily Conversation,high,e99ab2ee-5e8e-4d70-ac05-869071c9a49c,1,QUALIFICATION_PEER_REVIEWED,73,3.113865375518799,22.507877870747663,71,3.837989568710327,46.4320321313521,0.7241241931915283,23.92415426060444,2.062923586043509,60,59,0.9833333333333333
QA_12099,QA,Quá trình phong hóa vật lý và hóa học đã tác động như thế nào đến hệ thống hang động của Phong Nha?,"gặm mòn, hoà tan, rửa trôi",Quá trình phong hóa vật lý và hóa học đã tác động như răng đến hệ thống hang động của Phong Nha ?,"gặm mòn, hoà tan, rửa trôi",PNT3,Daily Conversation,high,e99ab2ee-5e8e-4d70-ac05-869071c9a49c,1,QUALIFICATION_PEER_REVIEWED,28,3.6093556880950928,36.942242818272305,27,4.7758870124816895,118.6154813842214,1.1665313243865967,81.67323856594909,3.2108359518862786,23,23,1.0
QA_12824,QA,Tỉ lệ thất nghiệp của Birmingham vào năm 1982 như thế nào so với các khu vực nội thị tại Anh?,gấp khoảng hai lần,Tỉ lệ thất nghiệp của Birmingham vô năm 1982 như răng so với các khu vực nội thị tại Anh ? ,gấp khoảng hai lần,PNT3,Daily Conversation,high,e99ab2ee-5e8e-4d70-ac05-869071c9a49c,1,QUALIFICATION_PEER_REVIEWED,28,3.113232135772705,22.493629499673247,27,4.810230731964111,122.75993889163102,1.6969985961914062,100.26630939195778,5.457542496350547,21,21,1.0
SENT_1172,SENT,"rẻ nhỉ , sao có thể giảm tới mức đó vậy ta",,"rẻ dậy, sao có thể giảm xuống mức đó dậy ta",Surprise,PNT4,Daily Conversation,high,26143590-f75f-4158-a811-fd0f423e49d5,2,QUALIFICATION_PEER_REVIEWED,15,4.84014368057251,126.48752422446223,14,6.292727947235107,540.6261188510663,1.4525842666625977,414.13859462660406,4.274145787624731,12,11,0.9166666666666666
SENT_1192,SENT,"mấy thằng dẫn gấu đi thì tránh xa đám đông ra nhé , đừng chen đẩy kiểu bố láo , thằng đẩy tao đã bị xơi cùi trỏ rồi đấy ,",,"mấy đứa dẫn gấu đi thì né đám đông ra nha, đừng có chen đẩy kiểu bố láo, thằng đẩy tao bị thương cùi trỏ rồi đó",Other,PNT4,Daily Conversation,high,26143590-f75f-4158-a811-fd0f423e49d5,2,QUALIFICATION_PEER_REVIEWED,42,4.8917236328125,133.1829348041323,39,5.2756757736206055,195.52256086683016,0.38395214080810547,62.339626062697874,1.4680751791089353,31,27,0.8709677419354839
SENT_1222,SENT,"trên đường tao đi làm cũng có 2 con , mỗi lần chay tới là nó vương cổ ra như kiểu muốn hút tao trong khi tao không làm gì nó , cứ mỗi lần chạy tới là tao cách ly cả "" nghìn mét "" với nó , thấy nó sợ bỏ mẹ . đúng chất con ngang",,"trên đường tao đi làm cũng có 2 con, mỗi lần chạy tới là nó vương cổ ra giống như muốn hút ta trong khi tao chả làm gì nó, cứ mỗi lần chạy tới là tao cách ly cả ""nghìn mét"" với nó, thấy nó sợ thấy mồ, đúng kiểu con ngang",Fear,PNT4,Daily Conversation,high,26143590-f75f-4158-a811-fd0f423e49d5,2,QUALIFICATION_PEER_REVIEWED,68,4.913678169250488,136.13923778567892,70,4.478574752807617,88.10900603043885,-0.4351034164428711,-48.03023175524007,0.647197732729685,59,53,0.8983050847457628
SENT_0895,SENT,chuột mà làm như người vậy .. ít hôm nó gặm cả rắn cả dây thì thấy mẹ ..,,chuột mà mần như người rứa .. ít bựa hắn cắm cả rắn với dây thì thấy mẹ ..,Fear,PNT3,Daily Conversation,high,e99ab2ee-5e8e-4d70-ac05-869071c9a49c,1,QUALIFICATION_PEER_REVIEWED,23,6.201654434204102,493.564936697574,26,6.125575065612793,457.40767707705487,-0.0760793685913086,-36.15725962051914,0.9267426493817691,19,19,1.0
SENT_1093,SENT,trong nhà không biết có ai không nữa ? sập quả này sợ thật đấy,,trong nhà nỏ biết có ai không nữa ? sập quả ni sợ thiệt ,Fear,PNT3,Daily Conversation,high,e99ab2ee-5e8e-4d70-ac05-869071c9a49c,1,QUALIFICATION_PEER_REVIEWED,17,5.485020637512207,241.05391869988418,17,6.505799293518066,669.0101912154248,1.0207786560058594,427.9562725155406,2.775354969642094,15,14,0.9333333333333333
MCQA_0016_5,MCQA,"Chi đã nói gì với cô khi gặp cô?
A. Xin cô cho em được hái một bông hoa.
B. Cô ơi em muốn trồng bông hoa như vậy.
C. Xin cô đừng hiểu lầm, em chỉ ngắm hoa.
D. Hoa hôm nay đẹp quá cô nhỉ.",Xin cô cho em được hái một bông hoa.,"Chi đã nói gì với cô khi gặp cô?
A. Xin cô cho em được hái một bông hoa.
B. Cô ơi em muốn trồng bông hoa như vậy.
C. Xin cô đừng hiểu lầm, em chỉ ngắm hoa.
D. Hoa hôm nay đẹp quá ha cô.",A,PNT4,Daily Conversation,high,26143590-f75f-4158-a811-fd0f423e49d5,2,QUALIFICATION_PEER_REVIEWED,69,2.882951259613037,17.866925381524894,68,2.9669148921966553,19.43187758843907,0.08396363258361816,1.5649522069141781,1.0875893402752104,47,47,1.0
MCQA_0018_4,MCQA,"Khi khách hỏi về thông tin bãi biển có cá sấu không thì chủ khách sạn đã trả lời như thế nào?
A. Không! Ở đây làm gì có cá sấu!.
B. Không! Ở đây chỉ toàn cá mập!.
C. Không! Ở đây chỉ có cá heo!.
D. Đúng! Ở đây có nhiều cá sấu!.",Không! Ở đây làm gì có cá sấu!.,"Khi khách hỏi về thông tin bãi biển có cá sấu không thì chủ khách sạn đã trả lời như thế nào?
A. Không! Ở đây làm gì có cá sấu!.
B. Không! Ở đây chỉ toàn cá mập!.
C. Không! Ở đây chỉ có cá heo!.
D. Đúng! Ở đây có nhiều cá sấu!.",A,PNT4,Daily Conversation,high,26143590-f75f-4158-a811-fd0f423e49d5,2,QUALIFICATION_PEER_REVIEWED,82,2.2749075889587402,9.727020086970608,82,2.2749075889587402,9.727020086970608,0.0,0.0,1.0,55,55,1.0
QA_2325,QA,Để giải quyết vấn đề không gian đọc sách và lưu trữ Tổng thống François Mitterrand đã làm gì?,quyết định xây dựng một thư viện mới,Để giải quyết vấn đề không gian đọc sách và lưu trữ Tổng thống François Mitterrand đã làm gì?,quyết định xây dựng một thư viện mới,PNT4,Daily Conversation,high,26143590-f75f-4158-a811-fd0f423e49d5,2,QUALIFICATION_PEER_REVIEWED,24,3.4509854316711426,31.531449092638407,24,3.4509854316711426,31.531449092638407,0.0,0.0,1.0,19,19,1.0
QA_2707,QA,Khi nào thì Thổ Nhĩ Kỳ bắt đầu tham gia vào cuộc Chiến tranh thế giới thứ hai?,ngày 23 tháng 2 năm 1945,"Khi nào thì Thổ Nhĩ Kỳ bắt đầu tham gia vào cuộc Chiến tranh thế giới thứ hai?

",ngày 23 tháng 2 năm 1945,PNT4,Daily Conversation,high,26143590-f75f-4158-a811-fd0f423e49d5,2,QUALIFICATION_PEER_REVIEWED,24,2.031656265258789,7.626707754798046,24,2.031656265258789,7.626707754798046,0.0,0.0,1.0,18,18,1.0
SENT_1239,SENT,"anh luôn nghĩ thế giới này không có gì đáng sợ , cho đến khi anh không còn thấy em nữa",,"anh luôn nghĩ thế giới này không có gì đáng sợ , cho đến khi anh không còn thấy em nữa",Sadness,PNT4,Daily Conversation,high,de05e608-0be0-4d0a-b764-de6f07af741c,3,QUALIFICATION_PEER_REVIEWED,22,3.9437365531921387,51.61108903572571,22,3.9437365531921387,51.61108903572571,0.0,0.0,1.0,21,21,1.0
SENT_1338,SENT,sao con này mồm nó cứ rộng toang toác ra như thế nhỉ ?,,sao con này nó cứ ngoác mồm ra thế nhỉ ?,Surprise,PNT4,Daily Conversation,high,de05e608-0be0-4d0a-b764-de6f07af741c,3,QUALIFICATION_PEER_REVIEWED,20,5.781126499176025,324.1241103809073,16,5.73913049697876,310.79405709004,-0.041996002197265625,-13.33005329086734,0.9588736139523777,14,11,0.7857142857142857
SENT_1410,SENT,có hôm tao đang vương nỏ tính bắn vào con họa mi đang đậu trên cành thì ai ngờ nó phản đame đứt thun dội ngược vào mặt từ đó tao không còn chơi nữa,,có hôm tao đang giương nỏ định bắn vào con họa mi đang đậu trên cành thì ai ngờ nó phản đame đứt thun bật ngược vào mặt từ đó tao không còn chơi nữa,Sadness,PNT4,Daily Conversation,high,de05e608-0be0-4d0a-b764-de6f07af741c,3,QUALIFICATION_PEER_REVIEWED,46,5.133255958557129,169.5683276475381,45,5.230422496795654,186.87173955504335,0.09716653823852539,17.30341190750525,1.102043890787623,35,35,1.0
MCQA_0014_1,MCQA,"Bé cùng bố đi đâu vào mùa hè?
A. Đi đền chùa.
B. Đi lên rừng.
C. Đi leo núi.
D. Đi biển chơi.",Đi biển chơi.,"Bé với cha đi đâu vào mùa hè?
A. Đi đền chùa.
B. Đi lên rừng.
C. Đi leo núi.
D. Đi biển chơi.",D,PNT3,Daily Conversation,high,2fdf203d-4d50-4041-9bef-98014b83a48a,0,QUALIFICATION_PEER_REVIEWED,35,3.1255640983581543,22.772737534840235,35,3.356400966644287,28.685763851287234,0.2308368682861328,5.913026316446999,1.2596537332150164,24,24,1.0
MCQA_0018_6,MCQA,"Thái độ của các vị khách sau khi nói chuyện với ông chủ khách sạn như thế nào?
A. Khiếp đảm, mặt cắt không còn giọt máu.
B. Lo lắng, lập tức thu dọn hành lí.
C. Tức giận, nổi cáu với ông chủ khách sạn.
D. Cười nói vui vẻ, tiếp tục đi tắm biển.","Khiếp đảm, mặt cắt không còn giọt máu.","Thái độ của các vị khách sau khi nói chuyện với ông chủ khách sạn như thế nào?
A. Khiếp đảm, mặt cắt không còn giọt máu.
B. Lo lắng, lập tức thu dọn hành lí.
C. Tức giận, nổi cáu với ông chủ khách sạn.
D. Cười nói vui vẻ, tiếp tục đi tắm biển.",A,PNT4,Daily Conversation,high,de05e608-0be0-4d0a-b764-de6f07af741c,3,QUALIFICATION_PEER_REVIEWED,79,2.8880574703216553,17.958390989837667,79,2.8880574703216553,17.958390989837667,0.0,0.0,1.0,56,56,1.0
MCQA_0020_1,MCQA,"Cây gì đã gắn bó với cả thời thơ ấy của nhân vật tôi?
A. Cây đa.
B. Ổ trứng hồng.
C. Sách vở.
D. Con trâu.",Cây đa.,"Cây gì đã gắn bó với cả thời thơ ấy của nhân vật tôi?
A. Cây đa.
B. Ổ trứng hồng.
C. Sách vở.
D. Con trâu.",A,PNT4,Daily Conversation,high,de05e608-0be0-4d0a-b764-de6f07af741c,3,QUALIFICATION_PEER_REVIEWED,42,3.667691946029663,39.16141481242284,42,3.667691946029663,39.16141481242284,0.0,0.0,1.0,27,27,1.0
QA_11800,QA,"Sau khi người Anh quân về New York, Washington đã có phản ứng như thế nào đối với sự việc này?",Washington di chuyển quân của mình ra khỏi New York,"Sau khi người Anh quân về New York, Washington đã có phản ứng như thế nào đối với sự việc này?",Washington di chuyển quân của mình ra khỏi New York,PNT4,Daily Conversation,high,de05e608-0be0-4d0a-b764-de6f07af741c,3,QUALIFICATION_PEER_REVIEWED,25,3.224627733230591,25.144212058735217,25,3.224627733230591,25.144212058735217,0.0,0.0,1.0,21,21,1.0
QA_12019,QA,UNESCO đã công nhận Phong Nha-Kẻ Bàng là Di sản thiên nhiên thế giới lần thứ hai vào năm nào?,2015,UNESCO đã công nhận Phong Nha-Kẻ Bàng là Di sản thiên nhiên thế giới lần thứ hai vào năm nào?,2015,PNT4,Daily Conversation,high,de05e608-0be0-4d0a-b764-de6f07af741c,3,QUALIFICATION_PEER_REVIEWED,27,2.9709672927856445,19.510783111034897,27,2.9709672927856445,19.510783111034897,0.0,0.0,1.0,20,20,1.0
SENT_1098,SENT,sao nhiều thằng cưa bàn giống tao vậy ??,,răng nhiều thằng cưa bàn giống t ri??,Surprise,PNT3,Daily Conversation,high,60eb0c6c-808a-4dce-b64c-457d29ee614d,0,QUALIFICATION_PEER_REVIEWED,13,6.258443355560303,522.405107842209,12,8.111705780029297,3333.2589898998003,1.8532624244689941,2810.8538820575914,6.380601835360695,9,8,0.8888888888888888
SENT_1146,SENT,giống tao nhưng tay trái tao có thẹo do mẹ tao xưa cắt trúng nên nhìn thẹo để phân biệt thôi chứ kêu phải ứng liền là không được,,y tau mà tay trái tau có thẹo do mạ tau hồi ơ cắt trúng bơ nhìn thẹo để phân biệt thôi chơ răng kêu phải ứng luôn được,Other,PNT3,Daily Conversation,high,60eb0c6c-808a-4dce-b64c-457d29ee614d,0,QUALIFICATION_PEER_REVIEWED,40,4.833866119384766,125.69597814056496,40,6.091111183166504,441.91218380603215,1.2572450637817383,316.2162056654672,3.5157225421472496,29,29,1.0
SENT_1161,SENT,ly hôn kiểu này thì không cần tới bước cuối cùng . chỉ cần tới bước tính xem trả lại tiền mừng là tao bỏ ngay ý định ly hôn luôn rồi ... kkkk,,ly hôn kiểu ri thì nỏ cần tới bước cuối . chỉ cần tới đoạn tính răng trả lại tiền mừng là tau bỏ ngay kì ý định ly hôn luôn rồi....kkkk,Enjoyment,PNT3,Daily Conversation,high,60eb0c6c-808a-4dce-b64c-457d29ee614d,0,QUALIFICATION_PEER_REVIEWED,39,4.785453796386719,119.75569545689653,37,6.655816555023193,777.2923660086377,1.8703627586364746,657.5366705517412,6.490650511803067,34,32,0.9411764705882353
QA_13646,QA,Xét về mặt chiến lược và hành động thì Việt Nam có mối quan hệ như thế nào với Liên Xô và Trung Quốc?,hoàn toàn độc lập,Xét về mặt chiến lược và hành động thì Việt Nam có mối quan hệ như răng với Liên Xô và Trung Quốc?,hoàn toàn độc lập,PNT3,Daily Conversation,high,2fdf203d-4d50-4041-9bef-98014b83a48a,0,QUALIFICATION_PEER_REVIEWED,29,2.3621678352355957,10.613935794302675,28,3.2691125869750977,26.28800067508072,0.906944751739502,15.674064880778046,2.476743894493081,24,23,0.9583333333333334
MCQA_0013_4,MCQA,"Hoa viết thư cho bố vào thời điểm nào?
A. Khi Hoa và mẹ đã ăn cơm xong.
B. Khi em Nụ đang chơi trong nôi.
C. Khi Hoa làm xong bài tập.
D. Khi em Nụ đã ngủ, mẹ chưa về.","Khi em Nụ đã ngủ, mẹ chưa về.","Hoa viết thư cho bọ vô lúc mô?
A. Khi Hoa với mạ đã ăn cơm xong.
B. Khi em Nụ đang chơi trong nôi.
C. Khi Hoa làm xong bài tập.
D. Khi em Nụ đã ngủ, mạ chưa về.",D,PNT3,Daily Conversation,high,60eb0c6c-808a-4dce-b64c-457d29ee614d,0,QUALIFICATION_PEER_REVIEWED,65,2.8164100646972656,16.716730841361567,67,3.483102321624756,32.56057893791484,0.6666922569274902,15.843848096553273,1.9477838847145548,42,41,0.9761904761904762
QA_0268,QA,Các toán hạng được chứa trong chỉ thị như thế nào thì được gọi là giá trị tức thời?,các chỉ thị thực (như cộng hay so sánh),Mấy toán hạng được chứa trong chỉ thị như răng thì được gọi là giá trị tức thời?,các chỉ thị thực (như cộng hay so sánh),PNT3,Daily Conversation,high,60eb0c6c-808a-4dce-b64c-457d29ee614d,0,QUALIFICATION_PEER_REVIEWED,21,4.642796039581299,103.83426680146997,20,5.8924713134765625,362.29953465331374,1.2496752738952637,258.4652678518438,3.489209735992326,19,18,0.9473684210526315
QA_0363,QA,Điều gì đã khiến Edward bị mất ưu thế sau khi trở về Anh quốc đầu năm 1262?,do vấn đề tài chính,Điều chi đã mần Edward bị mất ưu thế sau khi trở về Anh quốc đầu năm 1262?,do vấn đề tài chính,PNT3,Daily Conversation,high,60eb0c6c-808a-4dce-b64c-457d29ee614d,0,QUALIFICATION_PEER_REVIEWED,26,3.558457612991333,35.109003691030225,27,4.765462398529053,117.38538356921214,1.2070047855377197,82.27637987818191,3.343455274385988,18,18,1.0
SENT_0534,SENT,"cái công ty thực phẩm cung cấp cho các trường mầm non thật quá độc ác . vì lợi ích cá nhân mà ảnh hưởng khủng khiếp tới các em . quá dã man . các người gây nên hoạ thì mai này đời con đời cháu sẽ phải gánh nghiệp đó thôi . gieo nhân nào gặt quả ấy , đừng tưởng bây giờ sống nhé nhỉ thế là không sao . đời còn dài lắm",,"ci công ty thực phẩm cung cấp cho các nhà trường mầm non ni thật quá độc ác. vì lợi ích cá nhân mà hấn làm ảnh hưởng khủng khiếp tới các em. quá dạ man. các người gây nên họa thì sau ni đời con cháu cũng sẽ phải gánh ci nghiệp nớ thôi. gieo nhân mô gặt quả nớ, đừng có mà tưởng giừ sống nhé nhỉ rứa là không can chi. đời còn dài lắm. ",Other,PNT2,Daily Conversation,high,7fc87026-860f-4cf9-bb3d-46d0d55f71d9,1,QUALIFICATION_PEER_REVIEWED,90,4.527426242828369,92.52013003372527,101,4.9575886726379395,142.25036979806143,0.4301624298095703,49.73023976433616,1.5375072402752632,77,78,1.0129870129870129
SENT_0572,SENT,em cũng thắc mắc tại răng khúc xương tư tao nhỉ ? xong nó lại tự to lên được nó nhờ lực gì rứa,,em cũng thắc mắc tại răng khúc xương tư tao hè? xong hấn lại tự to lên được hấn nhờ lực chi rứa,Surprise,PNT2,Daily Conversation,high,7fc87026-860f-4cf9-bb3d-46d0d55f71d9,1,QUALIFICATION_PEER_REVIEWED,30,5.573439121246338,263.3381956842804,31,6.3110575675964355,550.6269662336223,0.7376184463500977,287.2887705493419,2.090949870765334,24,23,0.9583333333333334
SENT_0626,SENT,"năm nào cũng đi cho có không khí xuân vậy , không đi thì thấy thiếu thiếu . nhà tao cách chợ 10km",,"năm mô cũng đi cho có ci không khí xuân,  khung đi thì thấy thiếu thiếu . nhà tau cách chợ có 10km",Enjoyment,PNT2,Daily Conversation,high,7fc87026-860f-4cf9-bb3d-46d0d55f71d9,1,QUALIFICATION_PEER_REVIEWED,28,4.888733386993408,132.78527992937808,30,6.711521148681641,821.8197992350327,1.8227877616882324,689.0345193056546,6.189088125371412,23,23,1.0
NLI_0337,NLI,"Ngoài yêu cầu học sinh lớp 9 và 12 không ra ngoài tỉnh, ông Thức yêu cầu toàn bộ cán bộ, giáo viên trường THPT và trường THCS (được điều động dự phòng làm nhiệm vụ thi) không đi đến vùng có dịch đã được ngành y tế công bố từ ngày 21/5 đến khi hoàn thành nhiệm vụ; chủ động giữ gìn an toàn tuyệt đối cho bản thân và gia đình, khai báo y tế trước kỳ thi...",Người dân sinh sống tại thời điểm này tuyết đối không được rời đi khỏi Thanh Hóa dù lý do là gì.,Người dân sinh sống tại thời đỉm này tuỵt đối không được rời đi khuổi Thanh Húa dù lý do là chi.,Entailment,PNT1,Daily Conversation,high,a4432712-749b-4d01-8b03-4cb9d0f81348,3,QUALIFICATION_PEER_REVIEWED,102,2.8919677734375,18.028751217335802,31,5.524142265319824,250.67123637120173,2.632174491882324,232.64248515386592,13.90397112641752,80,22,0.275
MCQA_0025_10,MCQA,"Mai đã nói gì khi biết cô cũng quyết định cho mình viết bút mực?
A. Thôi cô ạ, em không thích viết bút mực.
B. Thôi cô ạ, cứ để bạn Lan viết trước.
C. Thôi cô ạ, thế thì em không cho Lan mượn bút nữa.
D. Thôi cô ạ, em nhường bạn Lan viết bút mực.","Thôi cô ạ, cứ để bạn Lan viết trước.","Mai đã nói chi khi biết cô cũng quyết định cho mình viết bút mực?
A. Thôi cô ạ, em không thích viết bút mực.
B. Thôi cô ạ, cứ để bạn Lan viết trước.
C. Thôi cô ạ, rứa thì em không cho Lan mượn bút nữa.
D. Thôi cô ạ, em nhường bạn Lan viết bút mực đó.",B,PNT2,Daily Conversation,high,7fc87026-860f-4cf9-bb3d-46d0d55f71d9,1,QUALIFICATION_PEER_REVIEWED,91,2.4825801849365234,11.972114871245452,94,2.6742067337036133,14.500842246478129,0.19162654876708984,2.528727375232677,1.2112181015992554,59,60,1.0169491525423728
MCQA_0090_10,MCQA,"Thái độ của Lan như thế nào khi nghe mẹ và anh trai nói chuyện?
A. Ân hận.
B. Hối hả.
C. Ghen tị.
D. Xấu hổ.",Ân hận.,"Thái độ của Lan a răng khi nghe mẹ và anh trai nói chuyện?
A. Ân hận.
B. Hối hả.
C. Ghen tị.
D. Xấu hổ.",A,PNT2,Daily Conversation,high,7fc87026-860f-4cf9-bb3d-46d0d55f71d9,1,QUALIFICATION_PEER_REVIEWED,48,2.7609524726867676,15.814899036241874,47,3.1002533435821533,22.203575702361128,0.33930087089538574,6.388676666119254,1.403965694088769,27,26,0.9629629629629629
QA_0268,QA,Các toán hạng được chứa trong chỉ thị như thế nào thì được gọi là giá trị tức thời?,các chỉ thị thực (như cộng hay so sánh),Các toán hạng được chứa trong chỉ thị a răng thì được gọi là giá trị tức thời?,các chỉ thị thực (như cộng hay so sánh),PNT2,Daily Conversation,high,7fc87026-860f-4cf9-bb3d-46d0d55f71d9,1,QUALIFICATION_PEER_REVIEWED,21,4.642796039581299,103.83426680146997,20,5.798736572265625,329.8825137942971,1.1559405326843262,226.04824699282713,3.177010094606138,19,18,0.9473684210526315
QA_0363,QA,Điều gì đã khiến Edward bị mất ưu thế sau khi trở về Anh quốc đầu năm 1262?,do vấn đề tài chính,Cái chi đã khiến Edward bị mất ưu thế sau khi trở về Anh quốc đầu năm 1262?,do vấn đề tài chính,PNT2,Daily Conversation,high,7fc87026-860f-4cf9-bb3d-46d0d55f71d9,1,QUALIFICATION_PEER_REVIEWED,26,3.558457612991333,35.109003691030225,25,4.429234027862549,83.86715239901336,0.8707764148712158,48.75814870798314,2.3887648062323126,18,18,1.0
NLI_0448,NLI,"Sứ mệnh sao Hỏa của Trung Quốc có thể không hấp dẫn bằng nhiệm vụ mới nhất mà NASA thực hiện, bởi nó về cơ bản chỉ lặp lại những kỳ tích mà người Mỹ đã đạt được từ nhiều thập kỷ trước.",Trung Quốc lặp lại những nhiệm vụ mới nhất của NASA.,Trung Quốc lặp lại những nhịm vụ mới nhất của NASA.,Contradiction,PNT1,Daily Conversation,high,a4432712-749b-4d01-8b03-4cb9d0f81348,3,QUALIFICATION_PEER_REVIEWED,51,3.139167070388794,23.08463097606243,15,5.060049533843994,157.59832258075284,1.9208824634552002,134.5136916046904,6.826980372533316,43,11,0.2558139534883721
QA_13794,QA,Việt Nam đã khẳng định vị thế của Mặt trận như thế nào khi nó được ra đời?,đại diện nhân dân miền Nam,Việt Nam đã khẳng định vị thể của Mặt trận như răng khi nó được ra đời?,đại diện nhân dân miền Nam,PNT3,Daily Conversation,high,2fdf203d-4d50-4041-9bef-98014b83a48a,0,QUALIFICATION_PEER_REVIEWED,20,2.8921921253204346,18.032796455379792,19,5.089547634124756,162.31641903422084,2.1973555088043213,144.28362257884106,9.001178460360006,18,17,0.9444444444444444
NLI_0028,NLI,"Nhiều người có điểm thi TOEIC lên đến 600, 700 nhưng lại không có khả năng giao tiếp tiếng Anh và ứng dụng những gì đã học vào công việc.",Có những người không thể sử dụng tiếng Anh thành thục nhưng lại có điểm thi Bài kiểm tra tiếng Anh giao tiếp quốc tế rất cao.,Có mấy người không dùng tiếng Anh thành thục nhưng lại có điểm thi Bài kiểm tra tiếng Anh giao tiếp quốc tế rất cao,Entailment,PNT3,Daily Conversation,high,a535cb14-6f28-47fa-8989-505a99f839db,4,QUALIFICATION_PEER_REVIEWED,44,2.4556450843811035,11.653948905016225,31,3.5542266368865967,34.96077213855693,1.0985815525054932,23.306823233540708,2.9999077929292035,30,25,0.8333333333333334
NLI_0064,NLI,"""Tôi biết Joe Biden khá lâu rồi, và ông ấy có năng lượng của Donald Trump hay không thì chúng ta đều biết"", lãnh đạo phe Cộng hòa tại Hạ viện Kevin McCarthy trả lời phỏng vấn hôm 14/5.","Trong thời gian quen biết với Joe Biden, Kevin McCarthy hiểu được năng lực của Biden và Trump như thế nào.","Trong thời gian quen biết với Joe Biden, Kevin McCarthy hiểu được năng lực của Biden và Trump như răng",Entailment,PNT3,Daily Conversation,high,a535cb14-6f28-47fa-8989-505a99f839db,3,QUALIFICATION_PEER_REVIEWED,50,3.4180498123168945,30.509857017914566,24,4.336527347564697,76.44162270026769,0.9184775352478027,45.93176568235312,2.505472990430051,39,20,0.5128205128205128
SENT_0070,SENT,xem cái này mới biết vốn tiếng anh của mình cũng khá !,,xem cái này mới biết trình độ tiếng anh của mình cũng khá !,Surprise,PNB,Daily Conversation,high,7e49e369-5b4e-4441-ba22-55eb0d6e2bdf,1,QUALIFICATION_PEER_REVIEWED,15,5.505312919616699,245.99542042897426,16,4.616192817687988,101.10836047264989,-0.8891201019287109,-144.88705995632438,0.4110172469728667,13,14,1.0769230769230769
NLI_0157,NLI,"Các triệu chứng điển hình xuất hiện trong 36 giờ khiến cơ thể Spieth rã rời và dị ứng xoang mũi vài ngày, nhưng anh cũng nhanh chóng khỏi bệnh.",Spieth đã có các biểu hiện về bệnh trên người anh ấy trong vòng 3 ngày qua.,Spieth đã có mấy cì biểu hiện về bệnh trên người anh nớ trong vòng 3 ngày qua,Neutral,PNT3,Daily Conversation,high,a535cb14-6f28-47fa-8989-505a99f839db,3,QUALIFICATION_PEER_REVIEWED,41,3.7818660736083984,43.897882030939954,23,5.517794609069824,249.08510097788437,1.7359285354614258,205.18721894694443,5.67419404886835,30,18,0.6
NLI_0459,NLI,"Đọc tin tìm người yêu của Zhang Kunwei, nhiều người không tin anh có điều kiện tốt như thế mà vẫn ""chưa có ai"" nên lao vào mắng mỏ và bêu riếu ngoại hình chàng trai.",Zhang Kunwei lao vào mắng mỏ và bêu riếu ngoại hình chàng trai.,Zhang Kunwei lao vào chửi bới với bếu rếu ngoại hình nó,Contradiction,PNT1,Daily Conversation,high,6b0ccea8-04fe-4c9c-82c8-309e147936f4,3,QUALIFICATION_PEER_REVIEWED,50,4.267702579498291,71.35750895340563,20,5.888230800628662,360.76645164823566,1.620528221130371,289.40894269483005,5.055760170717361,36,12,0.3333333333333333
NLI_0511,NLI,"Tuy nhiên Esperanza Hernandez, một nhân viên tại cửa hàng, cho biết một ngày trước đó đã có một phụ nữ đến và trình bày mình là chủ nhân của giải thưởng 26 triệu USD, nhưng đã bỏ quên tấm vé trong túi quần, khiến nó tan nát sau khi giặt.",Một người phụ nữ đến và đưa ra lí do vì sao không còn giữ tấm vé số.,Một người phụ nữ đến và đưa ra lý do vì răng không còn giữ tấm vé số,Entailment,PNT1,Daily Conversation,high,6b0ccea8-04fe-4c9c-82c8-309e147936f4,3,QUALIFICATION_PEER_REVIEWED,62,3.432546854019165,30.955381276567994,19,4.707425594329834,110.7666342826402,1.274878740310669,79.8112530060722,3.5782674841897744,51,18,0.35294117647058826
NLI_0516,NLI,"""Cô ấy gửi cho tôi ảnh cái ví trông như thế nào, cái nhẫn nằm trong cái ví"", Jovani Quiles, quản lý bãi rác, nói.",Jovani là một quản lý siêu thị tại 1 bãi rác.,Jovani là một quản lý siêu thị ở một bãi rác.,Contradiction,PNT3,Daily Conversation,high,eb02b7a5-f3df-407d-8da3-21f0b73659ef,1,QUALIFICATION_PEER_REVIEWED,36,4.419093132019043,83.02096215707775,15,4.4803547859191895,88.26598264894149,0.061261653900146484,5.245020491863741,1.063177062221226,25,11,0.44
NLI_0521,NLI,"Diễn viên nói khi biết tin cô lấy chồng, người mừng nhất là mẹ cô.","Mẹ cô đã cảm thấy vui sướng, hạnh phục khi con mình sắp cưới người mà cô ấy yêu.","Mẹ cô nớ đã thấy vui sướng, hạnh phúc khi con mình sắp cưới người mà cô nớ yêu.",Entailment,PNT3,Daily Conversation,high,eb02b7a5-f3df-407d-8da3-21f0b73659ef,1,QUALIFICATION_PEER_REVIEWED,18,4.650484085083008,104.63562586465365,26,3.9774303436279297,53.37969037829778,-0.6730537414550781,-51.25593548635587,0.5101483355902559,15,19,1.2666666666666666
NLI_0337,NLI,"Ngoài yêu cầu học sinh lớp 9 và 12 không ra ngoài tỉnh, ông Thức yêu cầu toàn bộ cán bộ, giáo viên trường THPT và trường THCS (được điều động dự phòng làm nhiệm vụ thi) không đi đến vùng có dịch đã được ngành y tế công bố từ ngày 21/5 đến khi hoàn thành nhiệm vụ; chủ động giữ gìn an toàn tuyệt đối cho bản thân và gia đình, khai báo y tế trước kỳ thi...",Người dân sinh sống tại thời điểm này tuyết đối không được rời đi khỏi Thanh Hóa dù lý do là gì.,Người dân sinh sống tại thời điểm ni tuyệt đối nỏ được rời đi khỏi Thanh Hóa dù lý do là chi.,Entailment,PNT2,Daily Conversation,high,7d958013-3acc-4719-a459-b3a565d57865,2,QUALIFICATION_PEER_REVIEWED,102,2.8919677734375,18.028751217335802,26,5.114851474761963,166.4760532515813,2.222883701324463,148.4473020342455,9.233920377774357,80,22,0.275
NLI_0716,NLI,"""Làm sao tôi có thể kết hôn với một người không có trình độ học vấn cơ bản chứ?",Sau khi hủy kết hôn với người không có trình độ học vấn thì cô gái cưới chồng khác.,Sau khi hủy kết hôn với người nỏ có trình độ học vấn thì ả nớ lấy dông khác,Neutral,PNT3,Daily Conversation,high,e99ab2ee-5e8e-4d70-ac05-869071c9a49c,1,QUALIFICATION_PEER_REVIEWED,23,2.9139654636383057,18.42973630464614,24,5.333263397216797,207.11276372094247,2.419297933578491,188.68302741629634,11.237966745553992,19,19,1.0
NLI_0337,NLI,"Ngoài yêu cầu học sinh lớp 9 và 12 không ra ngoài tỉnh, ông Thức yêu cầu toàn bộ cán bộ, giáo viên trường THPT và trường THCS (được điều động dự phòng làm nhiệm vụ thi) không đi đến vùng có dịch đã được ngành y tế công bố từ ngày 21/5 đến khi hoàn thành nhiệm vụ; chủ động giữ gìn an toàn tuyệt đối cho bản thân và gia đình, khai báo y tế trước kỳ thi...",Người dân sinh sống tại thời điểm này tuyết đối không được rời đi khỏi Thanh Hóa dù lý do là gì.,Người dân sinh sống lúc này tuyệt đối hông được rời khỏi Thanh Hóa dù lý do là gì.,Entailment,PNN,Daily Conversation,high,88759523-55db-4c51-872d-a8b43438fa82,2,QUALIFICATION_PEER_REVIEWED,102,2.8919677734375,18.028751217335802,23,4.131878852844238,62.29485591765071,1.2399110794067383,44.266104700314905,3.4553062032244477,80,19,0.2375
NLI_0459,NLI,"Đọc tin tìm người yêu của Zhang Kunwei, nhiều người không tin anh có điều kiện tốt như thế mà vẫn ""chưa có ai"" nên lao vào mắng mỏ và bêu riếu ngoại hình chàng trai.",Zhang Kunwei lao vào mắng mỏ và bêu riếu ngoại hình chàng trai.,Zhang Kunwei lao vô mắng mỏ với bêu riếu ngoại hình ảnh.,Contradiction,PNN,Daily Conversation,high,88759523-55db-4c51-872d-a8b43438fa82,2,QUALIFICATION_PEER_REVIEWED,50,4.267702579498291,71.35750895340563,20,6.773339748382568,874.2267211647991,2.5056371688842773,802.8692122113935,12.251362666480462,36,12,0.3333333333333333
NLI_0459,NLI,"Đọc tin tìm người yêu của Zhang Kunwei, nhiều người không tin anh có điều kiện tốt như thế mà vẫn ""chưa có ai"" nên lao vào mắng mỏ và bêu riếu ngoại hình chàng trai.",Zhang Kunwei lao vào mắng mỏ và bêu riếu ngoại hình chàng trai.,Zhang Kunwei lao vô mắng mỏ với bêu riếu ngoại hình anh nớ,Contradiction,PNT3,Daily Conversation,high,88346002-a7b4-4be1-aec6-e1e3625416ee,3,QUALIFICATION_PEER_REVIEWED,50,4.267702579498291,71.35750895340563,22,6.620201587677002,750.0962920408934,2.352499008178711,678.7387830874878,10.511806017929864,36,13,0.3611111111111111
NLI_0511,NLI,"Tuy nhiên Esperanza Hernandez, một nhân viên tại cửa hàng, cho biết một ngày trước đó đã có một phụ nữ đến và trình bày mình là chủ nhân của giải thưởng 26 triệu USD, nhưng đã bỏ quên tấm vé trong túi quần, khiến nó tan nát sau khi giặt.",Một người phụ nữ đến và đưa ra lí do vì sao không còn giữ tấm vé số.,Một người phụ nữ đến rồi đưa ra lí do vì răng không còn giữ tờ vé số.,Entailment,PNT3,Daily Conversation,high,88346002-a7b4-4be1-aec6-e1e3625416ee,3,QUALIFICATION_PEER_REVIEWED,62,3.432546854019165,30.955381276567994,20,5.123711109161377,167.95752317015328,1.691164255142212,137.00214189358528,5.425794037862183,51,18,0.35294117647058826
SENT_0018,SENT,"thời buổi bây chừ chuyện gì cũng có thể xảy ra , vậy nên thôi trất , đừng nên tin ai",,"thời buổi bây giờ chuyện gì cũng có thể xảy ra, nên thôi, đừng nên tin ai
",Fear,PNB,Daily Conversation,high,7e49e369-5b4e-4441-ba22-55eb0d6e2bdf,1,QUALIFICATION_PEER_REVIEWED,24,4.696091175079346,109.51824704776799,20,4.088876247406006,59.67279655211407,-0.6072149276733398,-49.845450495653914,0.5448662497865484,21,17,0.8095238095238095
NLI_0716,NLI,"""Làm sao tôi có thể kết hôn với một người không có trình độ học vấn cơ bản chứ?",Sau khi hủy kết hôn với người không có trình độ học vấn thì cô gái cưới chồng khác.,Sau khi hủy kết hôn với người không có trình độ học vấn thì cô gái cưới chồng khác.,Neutral,PNT4,Daily Conversation,high,5ea76d15-516d-4285-a781-7b1c6a04a627,2,QUALIFICATION_PEER_REVIEWED,23,2.9139654636383057,18.42973630464614,21,4.270228385925293,71.53797201957953,1.3562629222869873,53.108235714933386,3.8816600974125053,19,19,1.0
NLI_0830,NLI,"""Tôi biết Joe Biden khá lâu rồi, và ông ấy có năng lượng của Donald Trump hay không thì chúng ta đều biết"", lãnh đạo phe Cộng hòa tại Hạ viện Kevin McCarthy trả lời phỏng vấn hôm 14/5.",Lãnh đạo phe Cộng hòa tại Hạ viện Kevin McCarthy trả lời phỏng vấn hôm 14/5 cho rằng năng lực của Joe Biden thì ai cũng đều biết.,Lãnh đạo phe Cộng hòa tại Hạ viện Kevin McCarthy trả lời phỏng vấn bữa 14/5 cho rằng năng lực của Joe Biden thì ai cũng đều biết.,Contradiction,PNT4,Daily Conversation,high,5ea76d15-516d-4285-a781-7b1c6a04a627,2,QUALIFICATION_PEER_REVIEWED,50,3.4180498123168945,30.509857017914566,38,3.9005539417266846,49.42982276449612,0.48250412940979004,18.919965746581557,1.6201263327937676,39,28,0.717948717948718
NLI_0515,NLI,"Không biết làm cách nào, người đàn ông quay sang cầu cứu các xe cùng chiều.",Người đàn ông lúc đó đã xoay xở rất tốt khi gọi giúp đỡ xung quanh.,Người đàn ông lúc nớ đã xoay xở khá tốt khi hú mấy người xung quanh giúp đỡ.,Neutral,PNT3,Daily Conversation,high,eb02b7a5-f3df-407d-8da3-21f0b73659ef,1,QUALIFICATION_PEER_REVIEWED,19,4.058359146118164,57.87926170796921,26,3.9942901134490967,54.28728912540161,-0.06406903266906738,-3.5919725825676068,0.9379402487769978,16,18,1.125
NLI_0511,NLI,"Tuy nhiên Esperanza Hernandez, một nhân viên tại cửa hàng, cho biết một ngày trước đó đã có một phụ nữ đến và trình bày mình là chủ nhân của giải thưởng 26 triệu USD, nhưng đã bỏ quên tấm vé trong túi quần, khiến nó tan nát sau khi giặt.",Một người phụ nữ đến và đưa ra lí do vì sao không còn giữ tấm vé số.,Một người phụ nữ tới và đưa ra lý do vì sao hông còn giữ tấm vé số.,Entailment,PNN,Daily Conversation,high,9d0d5c61-1083-4b35-8c02-c2c597f8212f,2,QUALIFICATION_PEER_REVIEWED,62,3.432546854019165,30.955381276567994,22,3.8856208324432373,48.697165857144576,0.45307397842407227,17.74178458057658,1.573140560669056,51,18,0.35294117647058826
NLI_0515,NLI,"Không biết làm cách nào, người đàn ông quay sang cầu cứu các xe cùng chiều.",Người đàn ông lúc đó đã xoay xở rất tốt khi gọi giúp đỡ xung quanh.,Người đàn ông lúc đó đã xoay xở rất giỏi khi kêu giúp đỡ xung quanh.,Neutral,PNN,Daily Conversation,high,9d0d5c61-1083-4b35-8c02-c2c597f8212f,2,QUALIFICATION_PEER_REVIEWED,19,4.058359146118164,57.87926170796921,23,3.3324086666107178,28.005716963752,-0.7259504795074463,-29.873544744217213,0.48386444708046406,16,16,1.0
NLI_0516,NLI,"""Cô ấy gửi cho tôi ảnh cái ví trông như thế nào, cái nhẫn nằm trong cái ví"", Jovani Quiles, quản lý bãi rác, nói.",Jovani là một quản lý siêu thị tại 1 bãi rác.,Jovani là một quản lý siêu thị ở 1 bãi rác.,Contradiction,PNN,Daily Conversation,high,9d0d5c61-1083-4b35-8c02-c2c597f8212f,2,QUALIFICATION_PEER_REVIEWED,36,4.419093132019043,83.02096215707775,16,4.286103248596191,72.68268957812201,-0.13298988342285156,-10.338272578955738,0.8754739488637163,25,11,0.44
NLI_0959,NLI,"Nhiều người có điểm thi TOEIC lên đến 600, 700 nhưng lại không có khả năng giao tiếp tiếng Anh và ứng dụng những gì đã học vào công việc.","Trong tương lai số lượng những ngưới có điểm thi TOEIC lên đến 600, 700 sẽ có số đông là nữ.","Trong tương lai số lượng những người có điểm thi TOEIC lên tới 600, 700 sẽ có số đông là nữ",Neutral,PNT4,Daily Conversation,high,26143590-f75f-4158-a811-fd0f423e49d5,2,QUALIFICATION_PEER_REVIEWED,44,2.4556450843811035,11.653948905016225,32,3.106295347213745,22.33813588459187,0.6506502628326416,10.684186979575646,1.9167868390925273,30,21,0.7
NLI_1069,NLI,"""Chúng tôi luôn vào trận với mục tiêu chiến thắng, bất kể trong hoàn cảnh nào"", Solskjaer nhấn mạnh.","Theo Solskjaer nhận xét: ""Trận chiến có thể sẽ không kết thúc như vậy nếu chúng tôi không chủ quan.""","Theo Solskjaer nhận xét: ""Trận chiến có thể sẽ không kết thúc như vậy nếu chúng tôi không chủ quan.""",Neutral,PNT4,Daily Conversation,high,26143590-f75f-4158-a811-fd0f423e49d5,2,QUALIFICATION_PEER_REVIEWED,28,2.914027452468872,18.430878777857238,30,3.204664468765259,24.647228713810357,0.2906370162963867,6.216349935953119,1.3372790853261651,19,20,1.0526315789473684
NLI_1077,NLI,"""Cô ấy gửi cho tôi ảnh cái ví trông như thế nào, cái nhẫn nằm trong cái ví"", Jovani Quiles, quản lý bãi rác, nói.",Jovani Quiles đã nhận đức hình chụp cái ví.,Jovani Quiles đã nhận bức hình chụp cái ví.,Entailment,PNT4,Daily Conversation,high,de05e608-0be0-4d0a-b764-de6f07af741c,3,QUALIFICATION_PEER_REVIEWED,36,4.419093132019043,83.02096215707775,13,6.144842624664307,466.30625818436465,1.7257494926452637,383.2852960272869,5.616729149706812,25,9,0.36
NLI_1114,NLI,"Chúng tôi định đi 5 ngày 4 đêm, đến tham quan Đà Nẵng là chính, sau đó dự kiến đi chơi thêm các địa điểm xung quanh.",Chúng tôi đã lên kế hoạch không chỉ về một điểm đến trong chuyến du lịch.,Chúng tôi đã lên kế hoạch không chỉ về một điểm đến trong chuyến du lịch.,Entailment,PNT4,Daily Conversation,high,de05e608-0be0-4d0a-b764-de6f07af741c,3,QUALIFICATION_PEER_REVIEWED,37,3.017090320587158,20.43175525260567,18,3.0658695697784424,21.45310885374368,0.04877924919128418,1.02135360113801,1.0499885393354913,27,16,0.5925925925925926
NLI_1405,NLI,"Đang nóng ruột vì chưa biết làm thế nào để bay về sớm với hai con gái bị tai nạn, anh Trần Văn Hải bất ngờ nhận được tấm vé từ một người không quen biết.",Gia đình anh Trần Văn Hải phải đối mặt với một chuyện buồn.,Gia đình anh Trần Văn Hải phải đối mặt với một chuyện buồn.,Entailment,PNT4,Daily Conversation,high,de05e608-0be0-4d0a-b764-de6f07af741c,3,QUALIFICATION_PEER_REVIEWED,42,3.258704900741577,26.015822243065895,16,3.351130962371826,28.534987398466104,0.09242606163024902,2.5191651554002092,1.0968320405891323,36,13,0.3611111111111111
NLI_0337,NLI,"Ngoài yêu cầu học sinh lớp 9 và 12 không ra ngoài tỉnh, ông Thức yêu cầu toàn bộ cán bộ, giáo viên trường THPT và trường THCS (được điều động dự phòng làm nhiệm vụ thi) không đi đến vùng có dịch đã được ngành y tế công bố từ ngày 21/5 đến khi hoàn thành nhiệm vụ; chủ động giữ gìn an toàn tuyệt đối cho bản thân và gia đình, khai báo y tế trước kỳ thi...",Người dân sinh sống tại thời điểm này tuyết đối không được rời đi khỏi Thanh Hóa dù lý do là gì.,Người dân sinh sống tại thời điểm ni tuyết đối không được rời đi khỏi Thanh Hoá dù lý do là chi.,Entailment,PNT4,Daily Conversation,high,eb3805e3-c095-4a6c-8697-9f6079168a64,3,QUALIFICATION_PEER_REVIEWED,102,2.8919677734375,18.028751217335802,27,4.932694435119629,138.75286972559198,2.040726661682129,120.72411850825617,7.696199700851836,80,22,0.275
NLI_0448,NLI,"Sứ mệnh sao Hỏa của Trung Quốc có thể không hấp dẫn bằng nhiệm vụ mới nhất mà NASA thực hiện, bởi nó về cơ bản chỉ lặp lại những kỳ tích mà người Mỹ đã đạt được từ nhiều thập kỷ trước.",Trung Quốc lặp lại những nhiệm vụ mới nhất của NASA.,Trung Quốc lặp lại những nhiệm vụ mới nhất của NASA.,Contradiction,PNT4,Daily Conversation,high,eb3805e3-c095-4a6c-8697-9f6079168a64,3,QUALIFICATION_PEER_REVIEWED,51,3.139167070388794,23.08463097606243,14,3.771209239959717,43.43255347298896,0.6320421695709229,20.347922496926525,1.8814488963685956,43,11,0.2558139534883721
MCQA_0012_5,MCQA,"Tại sao thầy giáo không trách An khi biết bạn chưa làm bài tập?
A. Vì đây là lần đầu tiên An mắc lỗi.
B. Vì cả lớp đã kể cho thầy nghe.
C. Vì thầy hiểu và thông cảm hoàn cảnh của An. An cũng đã thành thực nhận lỗi.
D. Vì An đã mắc lỗi quá nhiều lần.",Vì thầy hiểu và thông cảm hoàn cảnh của An. An cũng đã thành thực nhận lỗi.,"Tại sao thầy giáo không trách An khi biết bạn chưa làm bài tập?
A. Vì đây là lần đầu tiên An mắc lỗi.
B. Vì cả lớp đã kể cho thầy nghe.
C. Vì thầy hiểu và thông cảm hoàn cảnh của An. An cũng đã thành thực nhận lỗi.
D. Vì An đã mắc lỗi quá nhiều lần.",C,PNB,Daily Conversation,high,c6ebf7db-5dbe-4587-9564-a75d61cbc2e3,0,QUALIFICATION_PEER_REVIEWED,73,3.113865375518799,22.507877870747663,73,3.113865375518799,22.507877870747663,0.0,0.0,1.0,60,60,1.0
NLI_0448,NLI,"Sứ mệnh sao Hỏa của Trung Quốc có thể không hấp dẫn bằng nhiệm vụ mới nhất mà NASA thực hiện, bởi nó về cơ bản chỉ lặp lại những kỳ tích mà người Mỹ đã đạt được từ nhiều thập kỷ trước.",Trung Quốc lặp lại những nhiệm vụ mới nhất của NASA.,Trung Quốc lặp lại mấy nhiệm vụ mới nhất của NASA.,Contradiction,PNT3,Daily Conversation,high,88346002-a7b4-4be1-aec6-e1e3625416ee,3,QUALIFICATION_PEER_REVIEWED,51,3.139167070388794,23.08463097606243,14,4.121340274810791,61.64180388147571,0.9821732044219971,38.55717290541328,2.670252946447144,43,11,0.2558139534883721
QA_12099,QA,Quá trình phong hóa vật lý và hóa học đã tác động như thế nào đến hệ thống hang động của Phong Nha?,"gặm mòn, hoà tan, rửa trôi",Quá trình phong hóa vật lý và hóa học đã tác động như thế nào đến hệ thống hang động của Phong Nha?,"gặm mòn, hoà tan, rửa trôi",PNB,Daily Conversation,high,c6ebf7db-5dbe-4587-9564-a75d61cbc2e3,0,QUALIFICATION_PEER_REVIEWED,28,3.6093556880950928,36.942242818272305,28,3.6093556880950928,36.942242818272305,0.0,0.0,1.0,23,23,1.0
QA_12824,QA,Tỉ lệ thất nghiệp của Birmingham vào năm 1982 như thế nào so với các khu vực nội thị tại Anh?,gấp khoảng hai lần,Tỉ lệ thất nghiệp của Birmingham vào năm 1982 như thế nào so với các khu vực nội thị tại Anh?,gấp khoảng hai lần,PNB,Daily Conversation,high,c6ebf7db-5dbe-4587-9564-a75d61cbc2e3,0,QUALIFICATION_PEER_REVIEWED,28,3.113232135772705,22.493629499673247,28,3.113232135772705,22.493629499673247,0.0,0.0,1.0,21,21,1.0
SENT_0192,SENT,may mình đi làm rồi chứ 10 năm trước chắc sẽ phát khổ với bố mẹ vì mấy tin con nhà người ta như thế nào,,"may mình đi làm rồi chứ 10 năm trước chắc sẽ phát khổ với bố mẹ vì mấy cái tin con nhà người ta như thế nào
",Enjoyment,PNB,Daily Conversation,high,7e49e369-5b4e-4441-ba22-55eb0d6e2bdf,1,QUALIFICATION_PEER_REVIEWED,28,4.938327312469482,139.5366530278945,29,4.786463260650635,119.87664558900786,-0.15186405181884766,-19.660007438886623,0.8591050665737523,26,27,1.0384615384615385
MCQA_0002_4,MCQA,"Mùa nào, chúng ta chỉ thấy những cành cây trơ trịu lá?
A. Mùa xuân.
B. Mùa hạ.
C. Mùa thu.
D. Mùa đông.",Mùa đông.,"Mùa nào, chúng ta chỉ thấy những cành cây trơ trụi lá?
A. Mùa xuân.
B. Mùa hạ.
C. Mùa thu.
D. Mùa đông.",D,PNB,Daily Conversation,high,7e49e369-5b4e-4441-ba22-55eb0d6e2bdf,1,QUALIFICATION_PEER_REVIEWED,47,2.523056745529175,12.46664584456814,47,2.1402487754821777,8.50155234361417,-0.38280797004699707,-3.9650935009539694,0.6819438403568987,24,24,1.0
MCQA_0004_3,MCQA,"Sau khi ngưng hót, bầy chim sơn ca đã làm gì?
A. Nhảy thẳng lên trời xanh.
B. Bay thẳng lên bầu trời.
C. Luyện xuống đất kiếm ăn.
D. Tiếp tục hót vang xa hơn nữa.",Bay thẳng lên bầu trời.,"Sau khi ngừng hót, bầy chim sơn ca đã làm gì?
A. Lao thẳng lên trời xanh.
B. Bay thẳng lên bầu trời.
C.Lượn xuống đất kiếm ăn.
D. Tiếp tục hót vang xa hơn nữa.",B,PNB,Daily Conversation,high,7e49e369-5b4e-4441-ba22-55eb0d6e2bdf,1,QUALIFICATION_PEER_REVIEWED,57,3.323922872543335,27.769071698423964,56,3.679367780685425,39.62133677817402,0.35544490814208984,11.852265079750055,1.4268153148390168,37,36,0.972972972972973
QA_10332,QA,Vimara Peres đã thành lập một trong các thành phố đầu tiên vào thời gian này với tên gọi là gì?,Vimaranes,Vimara Peres đã thành lập một trong các thành phố đầu tiên vào thời gian này với tên gọi là gì?,Vimaranes,PNB,Daily Conversation,high,7e49e369-5b4e-4441-ba22-55eb0d6e2bdf,1,QUALIFICATION_PEER_REVIEWED,26,4.169768810272217,64.70049228899177,26,4.169768810272217,64.70049228899177,0.0,0.0,1.0,21,21,1.0
QA_10377,QA,"Khi tham gia cuộc chiến Tám mươi Năm, Bồ Đào Nha đã làm mất cái gì tại vùng vịnh Ba Tư?",cảng mậu dịch chiến lược Hormuz,"Khi tham gia cuộc chiến Tám mươi Năm, Bồ Đào Nha đã làm mất thứ gì tại vùng vịnh Ba Tư?",cảng mậu dịch chiến lược Hormuz,PNB,Daily Conversation,high,7e49e369-5b4e-4441-ba22-55eb0d6e2bdf,1,QUALIFICATION_PEER_REVIEWED,31,3.1572325229644775,23.50545502567375,31,3.195725440979004,24.427888257254903,0.03849291801452637,0.9224332315811523,1.0392433684254836,21,21,1.0
SENT_0696,SENT,tuổi thơ tôi bị ám ảnh mấy con ngỗng này . mấy con màu xám cứ mỗi lần đi học ngang qua ngõ nhà hàng xóm là nó đuổi . tao lại chạy thục mạng . cứ phải đắn đo mỗi lần qua đó xem có chúng nó không rồi ù chạy như ma đuổi . haizz tuổi thơ tôi ....,,tuổi thơ ta bị ám ảnh mấy con ngỗng ni ak. Mấy con màu xám cứ mỗi lần đi học ngang qua ngõ nhà hàng xóm là hén đuổi. Ta chạy chết mẹ. Cứ phải đắn đo coi mỗi lần qua đó xem tụi hén có đó hân rồi chạy ù qua như ma đuổi. Haizz tuổi thơ ta,Fear,PNT4,Daily Conversation,high,7f4cabf8-9403-4778-a98e-b3191bcfcaab,0,QUALIFICATION_PEER_REVIEWED,75,4.576345920562744,97.158719092663,82,4.76542854309082,117.38140950288158,0.18908262252807617,20.222690410218576,1.208140768003864,61,59,0.9672131147540983
SENT_0814,SENT,"mấy thành phần không chấp hành luật giao thông cứ phải thế này . cơ mà thằng này gà thật , tạt mẹ vào quán nước mà ngồi uống chứ làm gì phải dắt xe khổ thế kia",,"mấy thành phần không chấp hành luật giao thông cứ phải tri . cơ mà thằng này gà thật , tạt mẹ vào quán nước mà ngồi uống chứ mắc chi phải dắt xe khổ thế kia",Disgust,PNT4,Daily Conversation,high,7f4cabf8-9403-4778-a98e-b3191bcfcaab,0,QUALIFICATION_PEER_REVIEWED,44,5.286575794219971,197.6654181862696,43,5.8265814781188965,339.1971419810701,0.5400056838989258,141.5317237948005,1.7160166158221384,38,37,0.9736842105263158
SENT_0835,SENT,chắc nó se lạnh thì đừng hỏi tại sao thằng kia lấp nhíp sưởi ấm cũng không thấy .,,"chắc nó se lạnh thì đừng hỏi tại sao thằng kia lấp nhíp sưởi ấm cũng không thấy .

",Other,PNT4,Daily Conversation,high,7f4cabf8-9403-4778-a98e-b3191bcfcaab,0,QUALIFICATION_PEER_REVIEWED,29,4.7921624183654785,120.5617920228534,29,4.7921624183654785,120.5617920228534,0.0,0.0,1.0,19,19,1.0
MCQA_0012_0,MCQA,"An đã xin làm gì sau khi bà mất?
A. An xin nghỉ học hẳn luôn.
B. Xin bố mẹ cho đi du lịch.
C. Nghỉ học mấy ngày liền.
D. Xin được đi học để đỡ buồn.",Nghỉ học mấy ngày liền.,"An đã xin làm gì sau khi bà mất?
A. An xin nghỉ học hẳn luôn.
B. Xin bố mẹ cho đi du lịch.
C. Nghỉ học mấy ngày liền.
D. Xin được đi học để đỡ buồn.",C,PNT4,Daily Conversation,high,7f4cabf8-9403-4778-a98e-b3191bcfcaab,0,QUALIFICATION_PEER_REVIEWED,50,3.7448387145996094,42.302183943930494,50,3.7448387145996094,42.302183943930494,0.0,0.0,1.0,38,38,1.0
MCQA_0012_5,MCQA,"Tại sao thầy giáo không trách An khi biết bạn chưa làm bài tập?
A. Vì đây là lần đầu tiên An mắc lỗi.
B. Vì cả lớp đã kể cho thầy nghe.
C. Vì thầy hiểu và thông cảm hoàn cảnh của An. An cũng đã thành thực nhận lỗi.
D. Vì An đã mắc lỗi quá nhiều lần.",Vì thầy hiểu và thông cảm hoàn cảnh của An. An cũng đã thành thực nhận lỗi.,"Tại sao thầy giáo không trách An khi biết bạn chưa làm bài tập?
A. Tại/Do  đây là lần đầu tiên An mắc lỗi.
B. Tại/Do cả lớp đã kể cho thầy nghe.
C. Tại/Do thầy hiểu và thông cảm hoàn cảnh của An. An cũng đã thành thực nhận lỗi.
D. Tại/Do An đã mắc lỗi quá nhiều lần.",C,PNT4,Daily Conversation,high,7f4cabf8-9403-4778-a98e-b3191bcfcaab,0,QUALIFICATION_PEER_REVIEWED,73,3.113865375518799,22.507877870747663,82,3.169481039047241,23.7951324070312,0.05561566352844238,1.2872545362835375,1.0571912884757793,60,60,1.0
QA_0572,QA,Anh quốc đã chịu tác động như thế nào bởi các chiến dịch quân sự thường xuyên của vua Edward I?,gia tăng tình trạng căng thẳng về tài chính trên toàn quốc,"Anh quốc đã chịu tác động như thế nào bởi các chiến dịch quân sự thường xuyên của vua Edward I?

",gia tăng tình trạng căng thẳng về tài chính trên toàn quốc,PNT4,Daily Conversation,high,7f4cabf8-9403-4778-a98e-b3191bcfcaab,0,QUALIFICATION_PEER_REVIEWED,24,3.6090927124023438,36.93252918365634,24,3.6090927124023438,36.93252918365634,0.0,0.0,1.0,21,21,1.0
QA_1203,QA,Maxwell chú ý tại nhiệt độ như thế nào thì lý thuyết nguyên tử tiên đoán nhiệt dung riêng quá lớn?,thấp,"Maxwell chú ý tại nhiệt độ như thế nào thì lý thuyết nguyên tử tiên đoán nhiệt dung riêng quá lớn?

",thấp,PNT4,Daily Conversation,high,7f4cabf8-9403-4778-a98e-b3191bcfcaab,0,QUALIFICATION_PEER_REVIEWED,23,5.720480918884277,305.0515927575793,23,5.720480918884277,305.0515927575793,0.0,0.0,1.0,21,21,1.0
SENT_0237,SENT,"có ai nhìn thấy hình như người đàn ông này đang rất đau khổ không nhỉ ? mình nhận thấy hình như ông ấy đang rất đau khổ , mà không thể or không muốn nói ra .",,"có ai nhìn thấy hình như người đàn ông này đang rất đau khổ không nhỉ ? mình nhận thấy hình như ông ấy đang rất đau khổ , mà không thể or không muốn nói ra .",Sadness,PNB,Daily Conversation,high,291aae44-1453-4283-9067-782588cd28ff,0,QUALIFICATION_PEER_REVIEWED,39,3.525766372680664,33.979804834285595,39,3.525766372680664,33.979804834285595,0.0,0.0,1.0,38,38,1.0
SENT_0462,SENT,tao đã từng viết như thế này . bây giờ không muốn ai đọc chỉ có đốt mà lười đốt,,"Tao đã từng viết thế này. Giờ không muốn ai đọc nữa, chỉ có đem đốt đi thôi mà lười quá",Sadness,PNB,Daily Conversation,high,291aae44-1453-4283-9067-782588cd28ff,0,QUALIFICATION_PEER_REVIEWED,24,4.8982319831848145,134.05256285980548,27,4.631401538848877,102.65784228571427,-0.2668304443359375,-31.39472057409121,0.7658029066782979,20,21,1.05
MCQA_0010_1,MCQA,"Vì sao cha muốn cho bớt chó con đi?
A. Vì cha không thích chó con.
B. Vì bố thích đem cho người khác.
C. Vì nhà hàng xóm xin từ trước.
D. Vì nhiều quá, nuôi không xuể.","Vì nhiều quá, nuôi không xuể.","Vì sao bố muốn cho bớt chó con đi?
A. Vì bơ không thích chó con.
B. Vì bố thích đem cho người khác.
C. Vì nhà hàng xóm xin từ trước.
D. Vì nhiều quá, nuôi không hết.",D,PNB,Daily Conversation,high,291aae44-1453-4283-9067-782588cd28ff,0,QUALIFICATION_PEER_REVIEWED,55,3.6045453548431396,36.76496504366911,55,3.6051723957061768,36.78802540821949,0.0006270408630371094,0.023060364550381962,1.0006272374942555,39,39,1.0
MCQA_0010_3,MCQA,"Giang đã đưa ra ý kiến gì với chị khi bố bảo phải cho bớt đi?
A. Giữ chó con lại nuôi.
B. Bán chó con.
C. Nuôi thêm mèo.
D. Cho chó con.",Bán chó con.,"Giang đã đưa ra ý kiến gì với chị khi bố bảo phải cho bớt đi?
A. Giữ chó con lại nuôi.
B. Bán chó con.
C. Nuôi thêm mèo.
D. Cho chó con.",B,PNB,Daily Conversation,high,291aae44-1453-4283-9067-782588cd28ff,0,QUALIFICATION_PEER_REVIEWED,50,3.8307950496673584,46.099174801930914,50,3.8307950496673584,46.099174801930914,0.0,0.0,1.0,34,34,1.0
QA_10410,QA,"Trrong gia đoạn mất mát lãnh thổ, Bồ Đào Nha đã tập trung vào làm những việc gì?",bành trướng các tiền đồn của họ tại châu Phi,"Trong gia đoạn mất mát lãnh thổ, Bồ Đào Nha đã tập trung vào làm những việc gì?

",bành trướng các tiền đồn của họ tại châu Phi,PNB,Daily Conversation,high,291aae44-1453-4283-9067-782588cd28ff,0,QUALIFICATION_PEER_REVIEWED,26,3.954017400741577,52.144431683523266,25,2.891555070877075,18.021312240695085,-1.062462329864502,-34.123119442828184,0.3456037712726574,18,18,1.0
QA_11490,QA,Hoàng Phụng Thế nghe tin Sư Ôn về đã làm gì?,đánh lẻn bắt được Sư Ôn và phá tan giặc ấy,"Hoàng Phụng Thế nghe tin Sư Ôn về đã làm gì?

",đánh lẻn bắt được Sư Ôn và phá tan giặc ấy,PNB,Daily Conversation,high,291aae44-1453-4283-9067-782588cd28ff,0,QUALIFICATION_PEER_REVIEWED,17,4.653782367706299,104.98131350560479,17,4.653782367706299,104.98131350560479,0.0,0.0,1.0,11,11,1.0
SENT_0696,SENT,tuổi thơ tôi bị ám ảnh mấy con ngỗng này . mấy con màu xám cứ mỗi lần đi học ngang qua ngõ nhà hàng xóm là nó đuổi . tao lại chạy thục mạng . cứ phải đắn đo mỗi lần qua đó xem có chúng nó không rồi ù chạy như ma đuổi . haizz tuổi thơ tôi ....,,Tuổi thơ tau bị ám ảnh mấy con ngỗng ni. Mấy con màu xám cứ mỗi lần đi học ngang qua ngõ nhà hàng xóm là hấn đuổi. Tau lại chạy thục mạng. Cứ phải đắn đo mỗi lần qua chỗ nớ xem có bọn hấn không rồi ù chạy như ma đuổi. Haizz tuổi thơ tau ....,Fear,PNT2,Daily Conversation,high,603effb8-c882-4227-b5de-d83ea8816911,1,QUALIFICATION_PEER_REVIEWED,75,4.576345920562744,97.158719092663,80,4.849338054656982,127.65586066978884,0.2729921340942383,30.49714157712583,1.3138899098498802,61,58,0.9508196721311475
SENT_0814,SENT,"mấy thành phần không chấp hành luật giao thông cứ phải thế này . cơ mà thằng này gà thật , tạt mẹ vào quán nước mà ngồi uống chứ làm gì phải dắt xe khổ thế kia",,"Mấy thành phần không chấp hành luật giao thông cứ phải như ri. Chơ mà thằng ni gà thật, tạt mẹ vô quán nước mà ngồi uống chơ mần chi phải dắc xe khổ rứa tê",Disgust,PNT2,Daily Conversation,high,603effb8-c882-4227-b5de-d83ea8816911,1,QUALIFICATION_PEER_REVIEWED,44,5.286575794219971,197.6654181862696,49,5.999499797821045,403.22704799215273,0.7129240036010742,205.56162980588314,2.0399473599988673,38,36,0.9473684210526315
SENT_0835,SENT,chắc nó se lạnh thì đừng hỏi tại sao thằng kia lấp nhíp sưởi ấm cũng không thấy .,,Chắc hấn se lạnh thì đừng hỏi tại răng thằng tê lấp nhím sưởi ấm cụng nỏ chộ.,Other,PNT2,Daily Conversation,high,603effb8-c882-4227-b5de-d83ea8816911,1,QUALIFICATION_PEER_REVIEWED,29,4.7921624183654785,120.5617920228534,31,5.867764949798584,353.4581001706601,1.0756025314331055,232.89630814780668,2.931758845320244,19,18,0.9473684210526315
NLI_0516,NLI,"""Cô ấy gửi cho tôi ảnh cái ví trông như thế nào, cái nhẫn nằm trong cái ví"", Jovani Quiles, quản lý bãi rác, nói.",Jovani là một quản lý siêu thị tại 1 bãi rác.,Jovani là một quản lý siêu thị tại 1 bãi rác.,Contradiction,PNT2,Daily Conversation,high,603effb8-c882-4227-b5de-d83ea8816911,1,QUALIFICATION_PEER_REVIEWED,36,4.419093132019043,83.02096215707775,16,4.338086128234863,76.56087134122139,-0.08100700378417969,-6.460090815856361,0.9221872326216395,25,11,0.44
MCQA_0012_0,MCQA,"An đã xin làm gì sau khi bà mất?
A. An xin nghỉ học hẳn luôn.
B. Xin bố mẹ cho đi du lịch.
C. Nghỉ học mấy ngày liền.
D. Xin được đi học để đỡ buồn.",Nghỉ học mấy ngày liền.,"An đã xin mần chi sau khi bà mất?
A. An xin nghỉ học hẳn luôn.
B. Xin bố mẹ cho đi du lịch.
C. Nghỉ học mấy ngay liền.
D. Xin được đi học để đợ buồn.",C,PNT2,Daily Conversation,high,603effb8-c882-4227-b5de-d83ea8816911,1,QUALIFICATION_PEER_REVIEWED,50,3.7448387145996094,42.302183943930494,53,4.343105792999268,76.94614741881644,0.5982670783996582,34.64396347488594,1.8189639457103408,38,38,1.0
QA_11800,QA,"Sau khi người Anh quân về New York, Washington đã có phản ứng như thế nào đối với sự việc này?",Washington di chuyển quân của mình ra khỏi New York,"Sau khi người Anh quân về New York, Washington đã có phản ứng như răng đối với sự việc ni?",Washington di chuyển quân của mình ra khỏi New York,PNT2,Daily Conversation,high,603effb8-c882-4227-b5de-d83ea8816911,1,QUALIFICATION_PEER_REVIEWED,25,3.224627733230591,25.144212058735217,24,5.05488920211792,156.78715769674957,1.830261468887329,131.64294563801437,6.235516839044514,21,20,0.9523809523809523
QA_12019,QA,UNESCO đã công nhận Phong Nha-Kẻ Bàng là Di sản thiên nhiên thế giới lần thứ hai vào năm nào?,2015,UNESCO đã công nhận Phong Nha-Kẻ Bàng là Di sản thiên nhiên thế giới lần thứ hai vô năm mô?,2015,PNT2,Daily Conversation,high,603effb8-c882-4227-b5de-d83ea8816911,1,QUALIFICATION_PEER_REVIEWED,27,2.9709672927856445,19.510783111034897,27,4.0231451988220215,55.87657267364017,1.052177906036377,36.36578956260527,2.863881595917979,20,20,1.0
SENT_0895,SENT,chuột mà làm như người vậy .. ít hôm nó gặm cả rắn cả dây thì thấy mẹ ..,,chuột mà mần như người rứa... mấy nựa nó gặm cả rắn cả dây thì chết,Fear,PNT2,Daily Conversation,high,ebf2c246-0938-4917-88ca-3623a993b48d,1,QUALIFICATION_PEER_REVIEWED,23,6.201654434204102,493.564936697574,25,5.721582889556885,305.3879359525625,-0.4800715446472168,-188.17700074501153,0.6187391227502963,19,16,0.8421052631578947
SENT_0958,SENT,"chuẩn . tao mà chơi hoặc làm việc cùng bọn con gái tính công chúa một thời gian thì tao ngày nào cũng sờ troét , sau đó bị trầm cảm .",,"ừa. tau mà nhởi hay mần việc với bọn con gái có tính công chúa một thời gian chắc tau ngày mô cũng sờ troét quá, mấy nữa trầm cảm luôn",Fear,PNT2,Daily Conversation,high,ebf2c246-0938-4917-88ca-3623a993b48d,1,QUALIFICATION_PEER_REVIEWED,39,4.881078243255615,131.7726703063717,39,6.31838846206665,554.6783865386165,1.4373102188110352,422.90571623224474,4.209358323307771,32,31,0.96875
SENT_1093,SENT,trong nhà không biết có ai không nữa ? sập quả này sợ thật đấy,,trong nhà nỏ biết có ai không nữa? Sập quả hết cả hồn,Fear,PNT2,Daily Conversation,high,ebf2c246-0938-4917-88ca-3623a993b48d,1,QUALIFICATION_PEER_REVIEWED,17,5.485020637512207,241.05391869988418,18,5.758455276489258,316.85849192184133,0.2734346389770508,75.80457322195716,1.31447144120621,15,13,0.8666666666666667
SENT_0534,SENT,"cái công ty thực phẩm cung cấp cho các trường mầm non thật quá độc ác . vì lợi ích cá nhân mà ảnh hưởng khủng khiếp tới các em . quá dã man . các người gây nên hoạ thì mai này đời con đời cháu sẽ phải gánh nghiệp đó thôi . gieo nhân nào gặt quả ấy , đừng tưởng bây giờ sống nhé nhỉ thế là không sao . đời còn dài lắm",,"Cái công ty thực phẩm cung cấp cho các trường mầm non độc ác thật sự. Vì tư lợi mà gây ảnh hưởng nặng nề tới các em. Thật dã man hết sức. Các người gây nên họa thì mai này đời con đời cháu sẽ phải gánh cái nghiệp đó thôi. Gieo nhân nào gặt quả nấy, đừng tưởng bây giờ sống thế là không sao. Đời còn dài lắm.",Other,PNB,Daily Conversation,high,c3131d4f-ec3f-4359-bd03-240a3bd2c1e1,0,QUALIFICATION_PEER_REVIEWED,90,4.527426242828369,92.52013003372527,93,4.171311855316162,64.80040512814048,-0.35611438751220703,-27.719724905584783,0.7003924994973478,77,71,0.922077922077922
MCQA_0013_3,MCQA,"Hoa đã giúp mẹ một số công việc gì?
A. Chờ mẹ đi làm về.
B. Học và tập viết chăm chỉ.
C. Viết thư cho bố.
D. Trông em và hát ru em ngủ.",Trông em và hát ru em ngủ.,"Hoa đã giúp mẹ mấy việc gì?
A. Chờ mẹ đi mần về.
B. Học và tập viết chăm chỉ.
C. Viết thư cho bố.
D. Trông em và hát ru em ngủ.",D,PNT2,Daily Conversation,high,ebf2c246-0938-4917-88ca-3623a993b48d,1,QUALIFICATION_PEER_REVIEWED,48,3.7522549629211426,42.6170736514718,47,4.121298313140869,61.639217342715966,0.36904335021972656,19.022143691244167,1.4463503019191284,35,33,0.9428571428571428
MCQA_0013_4,MCQA,"Hoa viết thư cho bố vào thời điểm nào?
A. Khi Hoa và mẹ đã ăn cơm xong.
B. Khi em Nụ đang chơi trong nôi.
C. Khi Hoa làm xong bài tập.
D. Khi em Nụ đã ngủ, mẹ chưa về.","Khi em Nụ đã ngủ, mẹ chưa về.","Hoa viết thư cho bố khi mô?
A. Khi Hoa và mẹ đã ăn cơm xong.
B. Khi em Nụ đang chơi trong nôi.
C. Khi Hoa mần xong bài tập.
D. Khi em Nụ đã ngủ, mẹ chưa về.",D,PNT2,Daily Conversation,high,ebf2c246-0938-4917-88ca-3623a993b48d,1,QUALIFICATION_PEER_REVIEWED,65,2.8164100646972656,16.716730841361567,64,3.2096915245056152,24.771443662546318,0.3932814598083496,8.05471282118475,1.4818354077494198,42,40,0.9523809523809523
QA_12099,QA,Quá trình phong hóa vật lý và hóa học đã tác động như thế nào đến hệ thống hang động của Phong Nha?,"gặm mòn, hoà tan, rửa trôi","Quá trình phong hóa vật lý và hóa học đã tác động ra răng đến hệ thống hang động của Phong Nha?

","gặm mòn, hoà tan, rửa trôi",PNT2,Daily Conversation,high,ebf2c246-0938-4917-88ca-3623a993b48d,1,QUALIFICATION_PEER_REVIEWED,28,3.6093556880950928,36.942242818272305,27,4.711227893829346,111.18860391982108,1.101872205734253,74.24636110154877,3.009795709123139,23,22,0.9565217391304348
QA_12824,QA,Tỉ lệ thất nghiệp của Birmingham vào năm 1982 như thế nào so với các khu vực nội thị tại Anh?,gấp khoảng hai lần,"Tỉ lệ thất nghiệp của Birmingham vào năm 1982 ra rằng mà so được với các khu vực nội thị tại Anh?

",gấp khoảng hai lần,PNT2,Daily Conversation,high,ebf2c246-0938-4917-88ca-3623a993b48d,1,QUALIFICATION_PEER_REVIEWED,28,3.113232135772705,22.493629499673247,29,4.2729010581970215,71.72942530575122,1.1596689224243164,49.235795806077974,3.1888773355493027,21,22,1.0476190476190477
SENT_1098,SENT,sao nhiều thằng cưa bàn giống tao vậy ??,,răng nhiều thằng cưa bàn giống tau rứa ??,Surprise,PNT2,Daily Conversation,high,e686d659-713a-4b20-a76a-7bb2177c8cfb,0,QUALIFICATION_PEER_REVIEWED,13,6.258443355560303,522.405107842209,14,7.048088550567627,1150.6572163174435,0.7896451950073242,628.2521084752345,2.202614788875679,9,9,1.0
SENT_1146,SENT,giống tao nhưng tay trái tao có thẹo do mẹ tao xưa cắt trúng nên nhìn thẹo để phân biệt thôi chứ kêu phải ứng liền là không được,,giống tau nhưng tay trái tau có thẹo do mệ tau xưa cắt trúng nên chộ thẹo để phân biệt thôi chơ kêu phải ứng liền là nỏ được,Other,PNT2,Daily Conversation,high,e686d659-713a-4b20-a76a-7bb2177c8cfb,0,QUALIFICATION_PEER_REVIEWED,40,4.833866119384766,125.69597814056496,41,5.867712020874023,353.43939250863343,1.0338459014892578,227.74341436806847,2.8118591997699762,29,29,1.0
SENT_1161,SENT,ly hôn kiểu này thì không cần tới bước cuối cùng . chỉ cần tới bước tính xem trả lại tiền mừng là tao bỏ ngay ý định ly hôn luôn rồi ... kkkk,,ly hôn kiểu ni thì nỏ cần tới bước cuối cùng. Chỉ cần tới bước tính xem trả lại tiền mừng cho tau là tau bỏ ngay ý định ly hôn luôn rồi ... kkk,Enjoyment,PNT2,Daily Conversation,high,e686d659-713a-4b20-a76a-7bb2177c8cfb,0,QUALIFICATION_PEER_REVIEWED,39,4.785453796386719,119.75569545689653,40,5.96870231628418,390.99794971821177,1.183248519897461,271.2422542613152,3.2649632923633516,34,35,1.0294117647058822
MCQA_0014_1,MCQA,"Bé cùng bố đi đâu vào mùa hè?
A. Đi đền chùa.
B. Đi lên rừng.
C. Đi leo núi.
D. Đi biển chơi.",Đi biển chơi.,"Bé cùng bố đi mô vô mùa hè?
A. Đi đền chùa.
B. Đi lên rừng.
C. Đi leo núi.
D. Đi biển chơi.",D,PNT2,Daily Conversation,high,e686d659-713a-4b20-a76a-7bb2177c8cfb,0,QUALIFICATION_PEER_REVIEWED,35,3.1255640983581543,22.772737534840235,35,3.713360071182251,40.991309104843644,0.5877959728240967,18.21857157000341,1.8000167543375334,24,24,1.0
MCQA_0016_0,MCQA,"Chi đã vào vườn hoa để làm gì vào lúc sáng sớm?
A. Hái một bông hoa để ngắm vì hoa đẹp quá.
B. Hái một bó hoa tặng mẹ nhân ngày Quốc tế Phụ nữ.
C. Hái một bó hoa để tặng cô giáo nhân ngày 20 - 11.
D. Hái tặng bố một bông hoa, mong bố dịu cơn đau.","Hái tặng bố một bông hoa, mong bố dịu cơn đau.","Chi đã vô vườn hoa để mần chi vô lúc sáng sớm?
A. Hái một bông hoa để ngắm vì hoa đẹp quá.
B. Hái một bó hoa tặng mệ nhân ngày Quốc tế Phụ nữ.
C. Hái một bó hoa để tặng cô giáo nhân ngày 20 - 11.
D. Hái tặng bố một bông hoa, mong bố dịu cơn đau.",D,PNT2,Daily Conversation,high,e686d659-713a-4b20-a76a-7bb2177c8cfb,0,QUALIFICATION_PEER_REVIEWED,91,2.5017971992492676,12.204408015767115,93,3.1588101387023926,23.54256686786504,0.657012939453125,11.338158852097926,1.929021615587576,62,62,1.0
QA_0572,QA,Anh quốc đã chịu tác động như thế nào bởi các chiến dịch quân sự thường xuyên của vua Edward I?,gia tăng tình trạng căng thẳng về tài chính trên toàn quốc,Anh quốc đã chịu tác động như răng bởi các chiến dịch quân sự thường xuyên của vua Edward I?,gia tăng tình trạng căng thẳng về tài chính trên toàn quốc,PNT2,Daily Conversation,high,e686d659-713a-4b20-a76a-7bb2177c8cfb,0,QUALIFICATION_PEER_REVIEWED,24,3.6090927124023438,36.93252918365634,23,4.79490327835083,120.8926882773731,1.1858105659484863,83.96015909371675,3.2733390035706362,21,20,0.9523809523809523
QA_1203,QA,Maxwell chú ý tại nhiệt độ như thế nào thì lý thuyết nguyên tử tiên đoán nhiệt dung riêng quá lớn?,thấp,Maxwell chú ý tại nhiệt độ như răng thì lý thuyết nguyên tử tiên đoán nhiệt dung riêng quá lớn?,thấp,PNT2,Daily Conversation,high,e686d659-713a-4b20-a76a-7bb2177c8cfb,0,QUALIFICATION_PEER_REVIEWED,23,5.720480918884277,305.0515927575793,22,6.696922779083252,809.909715479619,0.9764418601989746,504.8581227220397,2.654992580626334,21,20,0.9523809523809523
SENT_0572,SENT,em cũng thắc mắc tại răng khúc xương tư tao nhỉ ? xong nó lại tự to lên được nó nhờ lực gì rứa,,"Em cũng thắc mắc, tại sao khúc xương tư tao nhỉ? Xong nó lại tự to lên được, nó nhờ lực gì thế?
",Surprise,PNB,Daily Conversation,high,c3131d4f-ec3f-4359-bd03-240a3bd2c1e1,0,QUALIFICATION_PEER_REVIEWED,30,5.573439121246338,263.3381956842804,32,4.923101902008057,137.42824165504598,-0.6503372192382812,-125.9099540292344,0.5218697625611839,24,23,0.9583333333333334
SENT_0626,SENT,"năm nào cũng đi cho có không khí xuân vậy , không đi thì thấy thiếu thiếu . nhà tao cách chợ 10km",,"Năm nào cũng đi cho có không khí xuân vậy, không đi thì thấy thiếu thiếu. Nhà tao cách chợ 10km.

",Enjoyment,PNB,Daily Conversation,high,c3131d4f-ec3f-4359-bd03-240a3bd2c1e1,0,QUALIFICATION_PEER_REVIEWED,28,4.888733386993408,132.78527992937808,29,4.750437259674072,115.63483592500633,-0.13829612731933594,-17.15044400437175,0.8708407738154921,23,21,0.9130434782608695
NLI_0459,NLI,"Đọc tin tìm người yêu của Zhang Kunwei, nhiều người không tin anh có điều kiện tốt như thế mà vẫn ""chưa có ai"" nên lao vào mắng mỏ và bêu riếu ngoại hình chàng trai.",Zhang Kunwei lao vào mắng mỏ và bêu riếu ngoại hình chàng trai.,"Zhang Kunwei lao vào mắng mỏ và bêu riếu ngoại hình của chàng trai.

",Contradiction,PNB,Daily Conversation,high,c3131d4f-ec3f-4359-bd03-240a3bd2c1e1,0,QUALIFICATION_PEER_REVIEWED,50,4.267702579498291,71.35750895340563,23,5.332287788391113,206.91080121496546,1.0645852088928223,135.55329226155982,2.899635991358277,36,14,0.3888888888888889
NLI_0511,NLI,"Tuy nhiên Esperanza Hernandez, một nhân viên tại cửa hàng, cho biết một ngày trước đó đã có một phụ nữ đến và trình bày mình là chủ nhân của giải thưởng 26 triệu USD, nhưng đã bỏ quên tấm vé trong túi quần, khiến nó tan nát sau khi giặt.",Một người phụ nữ đến và đưa ra lí do vì sao không còn giữ tấm vé số.,Một người phụ nữ đến và đưa ra lí do vì sao cô không còn giữ tấm vé số.,Entailment,PNB,Daily Conversation,high,c3131d4f-ec3f-4359-bd03-240a3bd2c1e1,0,QUALIFICATION_PEER_REVIEWED,62,3.432546854019165,30.955381276567994,22,3.4579029083251953,31.75032331146734,0.025356054306030273,0.7949420348993463,1.0256802533878362,51,19,0.37254901960784315
NLI_0515,NLI,"Không biết làm cách nào, người đàn ông quay sang cầu cứu các xe cùng chiều.",Người đàn ông lúc đó đã xoay xở rất tốt khi gọi giúp đỡ xung quanh.,"Người đàn ông lúc đó đã rất nhanh trí kêu gọi sự giúp đỡ từ những người xung quanh.


",Neutral,PNB,Daily Conversation,high,c3131d4f-ec3f-4359-bd03-240a3bd2c1e1,0,QUALIFICATION_PEER_REVIEWED,19,4.058359146118164,57.87926170796921,26,2.8560779094696045,17.393175375261286,-1.2022812366485596,-40.48608633270793,0.30050789975550907,16,19,1.1875
MCQA_0025_10,MCQA,"Mai đã nói gì khi biết cô cũng quyết định cho mình viết bút mực?
A. Thôi cô ạ, em không thích viết bút mực.
B. Thôi cô ạ, cứ để bạn Lan viết trước.
C. Thôi cô ạ, thế thì em không cho Lan mượn bút nữa.
D. Thôi cô ạ, em nhường bạn Lan viết bút mực.","Thôi cô ạ, cứ để bạn Lan viết trước.","Mai đã nói gì khi biết cô cũng quyết định cho mình viết bút mực?
A. Thôi cô ạ, em không thích viết bút mực.
B. Thôi cô ạ, cứ để bạn Lan viết trước đi ạ.
C. Thôi cô ạ, thế thì em không cho bạn Lan mượn bút nữa.
D. Thôi cô ạ, em nhường bạn Lan viết bút mực ạ.",B,PNB,Daily Conversation,high,c3131d4f-ec3f-4359-bd03-240a3bd2c1e1,0,QUALIFICATION_PEER_REVIEWED,91,2.4825801849365234,11.972114871245452,97,2.3842930793762207,10.851388882264956,-0.09828710556030273,-1.120725988980496,0.9063886371761894,59,63,1.0677966101694916
SENT_1172,SENT,"rẻ nhỉ , sao có thể giảm tới mức đó vậy ta",,"rẻ rứa, răng có thể giảm tới mức nớ hè",Surprise,PNT3,Daily Conversation,high,01adb600-62e7-44f1-a9fa-3ddb99e09863,0,QUALIFICATION_PEER_REVIEWED,15,4.84014368057251,126.48752422446223,15,6.535328388214111,689.0600263657385,1.6951847076416016,562.5725021412762,5.447652095260765,12,10,0.8333333333333334
SENT_1192,SENT,"mấy thằng dẫn gấu đi thì tránh xa đám đông ra nhé , đừng chen đẩy kiểu bố láo , thằng đẩy tao đã bị xơi cùi trỏ rồi đấy ,",,"mấy thằng đắc bồ đi thì tréng xa chỗ đông người ra, đừng xô đẩy kiểu bố láo, thằng đẩy tau đã bị ăn cùi trỏ rồi đó",Other,PNT3,Daily Conversation,high,01adb600-62e7-44f1-a9fa-3ddb99e09863,0,QUALIFICATION_PEER_REVIEWED,42,4.8917236328125,133.1829348041323,42,5.292163848876953,198.77307528876509,0.4004402160644531,65.5901404846328,1.4924815674102243,31,28,0.9032258064516129
SENT_1222,SENT,"trên đường tao đi làm cũng có 2 con , mỗi lần chay tới là nó vương cổ ra như kiểu muốn hút tao trong khi tao không làm gì nó , cứ mỗi lần chạy tới là tao cách ly cả "" nghìn mét "" với nó , thấy nó sợ bỏ mẹ . đúng chất con ngang",,"trên đường tau đi mần cũng có 2 con, mỗi lần chạy tới là hắn vươn cổ ra như kiểu ưng hút tau trong khi tau còn không mần chi hắn, cứ mỗi lần chạy tới là tay cách xa cả ""ngàn mét"" với hắn, chộ hắn sợ bỏ mẹ. Đúng chất con ngang",Fear,PNT3,Daily Conversation,high,01adb600-62e7-44f1-a9fa-3ddb99e09863,0,QUALIFICATION_PEER_REVIEWED,68,4.913678169250488,136.13923778567892,72,5.422924518585205,226.54067708662674,0.5092463493347168,90.40143930094783,1.6640366199439494,59,54,0.9152542372881356
MCQA_0016_5,MCQA,"Chi đã nói gì với cô khi gặp cô?
A. Xin cô cho em được hái một bông hoa.
B. Cô ơi em muốn trồng bông hoa như vậy.
C. Xin cô đừng hiểu lầm, em chỉ ngắm hoa.
D. Hoa hôm nay đẹp quá cô nhỉ.",Xin cô cho em được hái một bông hoa.,"Chi đã nói chi với cô khi gặp cô?
A. Xin cô cho em được hái một bông hoa.
B. Cô ơi em ưng trồng bông hoa như rứa.
C. Xin cô đừng hiểu lầm, em chỉ ngắm hoa.
D. Hoa hôm ni đẹp quá cô hè.",A,PNT3,Daily Conversation,high,01adb600-62e7-44f1-a9fa-3ddb99e09863,0,QUALIFICATION_PEER_REVIEWED,69,2.882951259613037,17.866925381524894,70,3.533379077911377,34.239470196178424,0.6504278182983398,16.37254481465353,1.9163605077560455,47,47,1.0
MCQA_0018_4,MCQA,"Khi khách hỏi về thông tin bãi biển có cá sấu không thì chủ khách sạn đã trả lời như thế nào?
A. Không! Ở đây làm gì có cá sấu!.
B. Không! Ở đây chỉ toàn cá mập!.
C. Không! Ở đây chỉ có cá heo!.
D. Đúng! Ở đây có nhiều cá sấu!.",Không! Ở đây làm gì có cá sấu!.,"Khi khách hỏi về thông tin bãi biển có cá sấu không thì chủ khách sạn đã trả lời như thế nào? A. Không! Ở đây mần chi có cá sấu!. 
B. Không! Ở đây chỉ toàn cá mập!. 
C. Không! Ở đây chỉ có cá heo!.
D. Đúng! Ở đây có nhiều cá sấu!.",A,PNT3,Daily Conversation,high,01adb600-62e7-44f1-a9fa-3ddb99e09863,0,QUALIFICATION_PEER_REVIEWED,82,2.2749075889587402,9.727020086970608,83,2.593240261077881,13.37303359552191,0.3183326721191406,3.6460135085513024,1.3748335539509327,55,55,1.0
QA_13818,QA,"Trong bức điện, luật sư Nguyễn Hữu Thọ đã nói rằng Việt Nam coi Trung Quốc là hậu phương như thế nào?",đáng tin cậy,"Trong bức điện, luật sư Nguyễn Hữu Thọ đã nói rằng Việt Nam coi Trung Quốc là hậu phương như  ra răng?",đáng tin cậy,PNT3,Daily Conversation,high,01adb600-62e7-44f1-a9fa-3ddb99e09863,0,QUALIFICATION_PEER_REVIEWED,28,3.284644603729248,26.69949372802518,29,4.368673801422119,78.93887362797079,1.084029197692871,52.23937989994562,2.956568181857038,22,22,1.0
QA_14176,QA,Vào thế kỷ 12 và 13 thì Bồ Đào Nha đã có hành động gì?,bắt đầu mở rộng lãnh thổ ra hải ngoại,Vào thế kỷ 12 và 13 thì Bồ Đào Nha đã có hành động chi?,bắt đầu mở rộng lãnh thổ ra hải ngoại,PNT3,Daily Conversation,high,01adb600-62e7-44f1-a9fa-3ddb99e09863,0,QUALIFICATION_PEER_REVIEWED,24,2.595057725906372,13.397360713876596,24,3.0119097232818604,20.32618026327766,0.4168519973754883,6.928819549401064,1.5171779499990916,15,15,1.0
NLI_0028,NLI,"Nhiều người có điểm thi TOEIC lên đến 600, 700 nhưng lại không có khả năng giao tiếp tiếng Anh và ứng dụng những gì đã học vào công việc.",Có những người không thể sử dụng tiếng Anh thành thục nhưng lại có điểm thi Bài kiểm tra tiếng Anh giao tiếp quốc tế rất cao.,Có những người không thể sử dụng tiếng Anh thành thạo nhưng lại có điểm thi Bài kiểm tra tiếng Anh giao tiếp quốc tế rất cao.,Entailment,PNT4,Daily Conversation,high,79761839-4e36-4d46-bc8f-bfd4e0af851a,4,QUALIFICATION_PEER_REVIEWED,44,2.4556450843811035,11.653948905016225,34,3.0639073848724365,21.411055159418908,0.608262300491333,9.757106254402682,1.8372360591183747,30,27,0.9
NLI_0064,NLI,"""Tôi biết Joe Biden khá lâu rồi, và ông ấy có năng lượng của Donald Trump hay không thì chúng ta đều biết"", lãnh đạo phe Cộng hòa tại Hạ viện Kevin McCarthy trả lời phỏng vấn hôm 14/5.","Trong thời gian quen biết với Joe Biden, Kevin McCarthy hiểu được năng lực của Biden và Trump như thế nào.","Trong thời gian quen biết với Joe Biden, Kevin McCarthy hiểu được năng lực của Biden và Trump như răng.",Entailment,PNT4,Daily Conversation,high,79761839-4e36-4d46-bc8f-bfd4e0af851a,4,QUALIFICATION_PEER_REVIEWED,50,3.4180498123168945,30.509857017914566,25,4.35811185836792,78.10951327824417,0.9400620460510254,47.599656260329596,2.560140259994675,39,20,0.5128205128205128
NLI_0157,NLI,"Các triệu chứng điển hình xuất hiện trong 36 giờ khiến cơ thể Spieth rã rời và dị ứng xoang mũi vài ngày, nhưng anh cũng nhanh chóng khỏi bệnh.",Spieth đã có các biểu hiện về bệnh trên người anh ấy trong vòng 3 ngày qua.,Spieth đã có các biểu hiện về bệnh trên người ảnh trong vòng 3 ngày qua.,Neutral,PNT4,Daily Conversation,high,79761839-4e36-4d46-bc8f-bfd4e0af851a,4,QUALIFICATION_PEER_REVIEWED,41,3.7818660736083984,43.897882030939954,19,4.705976486206055,110.60623769712333,0.9241104125976562,66.70835566618338,2.519625835687613,30,16,0.5333333333333333
MCQA_0090_10,MCQA,"Thái độ của Lan như thế nào khi nghe mẹ và anh trai nói chuyện?
A. Ân hận.
B. Hối hả.
C. Ghen tị.
D. Xấu hổ.",Ân hận.,"Thái độ của Lan như thế nào khi nghe mẹ và anh trai nói chuyện?
A. Ân hận.
B. Hối hả.
C. Ghen tị.
D. Xấu hổ.",A,PNB,Daily Conversation,high,c3131d4f-ec3f-4359-bd03-240a3bd2c1e1,0,QUALIFICATION_PEER_REVIEWED,48,2.7609524726867676,15.814899036241874,48,2.7609524726867676,15.814899036241874,0.0,0.0,1.0,27,27,1.0
NLI_0515,NLI,"Không biết làm cách nào, người đàn ông quay sang cầu cứu các xe cùng chiều.",Người đàn ông lúc đó đã xoay xở rất tốt khi gọi giúp đỡ xung quanh.,Ci anh nớ lúc đó đã xoay xở rất tốt khi gọi giúp đỡ xung quanh.,Neutral,PNT2,Daily Conversation,high,7fc87026-860f-4cf9-bb3d-46d0d55f71d9,1,QUALIFICATION_PEER_REVIEWED,19,4.058359146118164,57.87926170796921,23,4.540376663208008,93.72609664384153,0.48201751708984375,35.846834935872316,1.619338151145364,16,16,1.0
NLI_0516,NLI,"""Cô ấy gửi cho tôi ảnh cái ví trông như thế nào, cái nhẫn nằm trong cái ví"", Jovani Quiles, quản lý bãi rác, nói.",Jovani là một quản lý siêu thị tại 1 bãi rác.,Jovani là một quản lí siêu thị tại 1 bãi rác,Contradiction,PNT4,Daily Conversation,high,caa27aaf-592f-49ce-b541-02f33da2b90f,3,QUALIFICATION_PEER_REVIEWED,36,4.419093132019043,83.02096215707775,15,4.56797456741333,96.34876408340403,0.1488814353942871,13.327801926326288,1.1605353826315545,25,11,0.44
NLI_0521,NLI,"Diễn viên nói khi biết tin cô lấy chồng, người mừng nhất là mẹ cô.","Mẹ cô đã cảm thấy vui sướng, hạnh phục khi con mình sắp cưới người mà cô ấy yêu.","Mẹ cô đã cảm thấy vui sướng, hạnh phúc khi con mình sắp cưới người mà cổ yêu",Entailment,PNT4,Daily Conversation,high,caa27aaf-592f-49ce-b541-02f33da2b90f,3,QUALIFICATION_PEER_REVIEWED,18,4.650484085083008,104.63562586465365,22,4.224747657775879,68.3572519510043,-0.4257364273071289,-36.27837391364935,0.6532885084419002,15,18,1.2
NLI_0516,NLI,"""Cô ấy gửi cho tôi ảnh cái ví trông như thế nào, cái nhẫn nằm trong cái ví"", Jovani Quiles, quản lý bãi rác, nói.",Jovani là một quản lý siêu thị tại 1 bãi rác.,Jovani là một quãn lý siêu thị tại 1 bải rác,Contradiction,PNT1,Daily Conversation,high,dca4b218-67a4-43d1-a513-8134e12f4b19,1,QUALIFICATION_PEER_REVIEWED,36,4.419093132019043,83.02096215707775,17,5.786477088928223,325.86301345427506,1.3673839569091797,242.84205129719732,3.925069102881921,25,11,0.44
NLI_0729,NLI,"""Tôi không thể nói được lúc đó mình cảm thấy thế nào"", Watson nói.",Ông Watson đã suy nghĩ rất nhiều nhưng không biết rõ cảm xúc của ông ấy như thế nào.,Ông Watson đã suy nghĩ rất nhiều nhưng không biết rõ cảm xúc của ổng ren hết.,Neutral,PNT4,Daily Conversation,high,5ea76d15-516d-4285-a781-7b1c6a04a627,2,QUALIFICATION_PEER_REVIEWED,17,3.4432148933410645,31.287382252317556,21,4.465235710144043,86.94152012296985,1.0220208168029785,55.65413787065229,2.778804548805927,14,17,1.2142857142857142
NLI_1019,NLI,"Tôi sẽ nghỉ sinh con vào đầu tháng 6, tuy nhiên, công ty gặp khó khăn về tài chính nên chưa đóng bảo hiểm xã hội đầy đủ cho tôi. (Thu Mây)",Chị Thu Mây không được đảm bảo về các phúc lợi trong công việc.,Chị Thu Mây không được đảm bảo về các phúc lợi trong công việc,Entailment,PNT4,Daily Conversation,high,26143590-f75f-4158-a811-fd0f423e49d5,2,QUALIFICATION_PEER_REVIEWED,39,3.237187623977661,25.462012204912366,16,4.116339206695557,61.33429858988255,0.8791515827178955,35.87228638497018,2.4088551248926575,32,14,0.4375
NLI_0028,NLI,"Nhiều người có điểm thi TOEIC lên đến 600, 700 nhưng lại không có khả năng giao tiếp tiếng Anh và ứng dụng những gì đã học vào công việc.",Có những người không thể sử dụng tiếng Anh thành thục nhưng lại có điểm thi Bài kiểm tra tiếng Anh giao tiếp quốc tế rất cao.,Có những người không thể sử dụng tiếng Anh thành thạo nhưng lại có điểm thi Bài kiểm tra tiếng Anh giao tiếp quốc tế rất cao.,Entailment,PNN,Daily Conversation,high,e04e5ca5-c8e8-4484-a0aa-f9dc978b200c,3,QUALIFICATION_PEER_REVIEWED,44,2.4556450843811035,11.653948905016225,34,3.0639073848724365,21.411055159418908,0.608262300491333,9.757106254402682,1.8372360591183747,30,27,0.9
NLI_0064,NLI,"""Tôi biết Joe Biden khá lâu rồi, và ông ấy có năng lượng của Donald Trump hay không thì chúng ta đều biết"", lãnh đạo phe Cộng hòa tại Hạ viện Kevin McCarthy trả lời phỏng vấn hôm 14/5.","Trong thời gian quen biết với Joe Biden, Kevin McCarthy hiểu được năng lực của Biden và Trump như thế nào.","Trong thời gian quen biết với Joe Biden, Kevin McCarthy biết được năng lực của Biden và Trump như thế nào.",Entailment,PNN,Daily Conversation,high,e04e5ca5-c8e8-4484-a0aa-f9dc978b200c,3,QUALIFICATION_PEER_REVIEWED,50,3.4180498123168945,30.509857017914566,26,3.5441629886627197,34.61070366359838,0.1261131763458252,4.100846645683813,1.134410549458685,39,21,0.5384615384615384
NLI_0157,NLI,"Các triệu chứng điển hình xuất hiện trong 36 giờ khiến cơ thể Spieth rã rời và dị ứng xoang mũi vài ngày, nhưng anh cũng nhanh chóng khỏi bệnh.",Spieth đã có các biểu hiện về bệnh trên người anh ấy trong vòng 3 ngày qua.,Spieth đã có các biểu hiện bịnh trên người ảnh trong 3 bữa,Neutral,PNN,Daily Conversation,high,e04e5ca5-c8e8-4484-a0aa-f9dc978b200c,3,QUALIFICATION_PEER_REVIEWED,41,3.7818660736083984,43.897882030939954,16,5.619078159332275,275.6351743695601,1.837212085723877,231.73729233862014,6.279008499209321,30,13,0.43333333333333335
NLI_0515,NLI,"Không biết làm cách nào, người đàn ông quay sang cầu cứu các xe cùng chiều.",Người đàn ông lúc đó đã xoay xở rất tốt khi gọi giúp đỡ xung quanh.,người đàn ông lúc đớ đã xoay xở rất tốt khi gọi giúp đỡ xung quanh,Neutral,PNT1,Daily Conversation,high,6b0ccea8-04fe-4c9c-82c8-309e147936f4,3,QUALIFICATION_PEER_REVIEWED,19,4.058359146118164,57.87926170796921,22,4.1281304359436035,62.06178592156084,0.06977128982543945,4.182524213591627,1.0722629157692893,16,16,1.0
NLI_0240,NLI,"Tôi sẽ nghỉ sinh con vào đầu tháng 6, tuy nhiên, công ty gặp khó khăn về tài chính nên chưa đóng bảo hiểm xã hội đầy đủ cho tôi. (Thu Mây)","Do chưa đóng bảo hiểm xã hội đầy đủ, chị Thu Mây không được hưởng quyền lợi chế độ thai sản vào tháng 6 tới.","Do chưa đóng bảo hiểm xã hội đầy đủ, chị Thu Mây không được hưởng quyền lợi chế độ thai sản vào tháng 6 tới.",Neutral,PNT4,Daily Conversation,high,eb3805e3-c095-4a6c-8697-9f6079168a64,3,QUALIFICATION_PEER_REVIEWED,39,3.237187623977661,25.462012204912366,29,3.7402377128601074,42.10799858816212,0.5030500888824463,16.645986383249753,1.6537576939829703,32,25,0.78125
NLI_0647,NLI,"Oppo không xác nhận thông tin trên, nhưng Chen nói rằng: ""Kể cả trong việc sản xuất xe hơi, chúng tôi sẽ tập trung vào lĩnh vực mà Oppo có thể làm tốt nhất.",Thông tin đã được Oppo khẳng định là tin chuẩn và mọi người có thể tin vào nó.,Thông tin đã được Oppo khẻng định là tin chuẩn và mụa người có thể tin vào nó.,Contradiction,PNT4,Daily Conversation,high,caa27aaf-592f-49ce-b541-02f33da2b90f,3,QUALIFICATION_PEER_REVIEWED,43,2.9725849628448486,19.54237066293538,23,5.655503749847412,285.8604486194434,2.6829187870025635,266.31807795650803,14.627726264634541,34,18,0.5294117647058824
NLI_0240,NLI,"Tôi sẽ nghỉ sinh con vào đầu tháng 6, tuy nhiên, công ty gặp khó khăn về tài chính nên chưa đóng bảo hiểm xã hội đầy đủ cho tôi. (Thu Mây)","Do chưa đóng bảo hiểm xã hội đầy đủ, chị Thu Mây không được hưởng quyền lợi chế độ thai sản vào tháng 6 tới.","Do chưa nộp bảo hiểm xã hội đầy đủ, chị Thu Mây khung được hưởng quyền lợi chế độ thai sản vô tháng 6 ni.",Neutral,PNT3,Daily Conversation,high,2fdf203d-4d50-4041-9bef-98014b83a48a,3,QUALIFICATION_PEER_REVIEWED,39,3.237187623977661,25.462012204912366,30,5.137753486633301,170.33268352954875,1.9005658626556396,144.8706713246364,6.689678810879157,32,25,0.78125
NLI_0337,NLI,"Ngoài yêu cầu học sinh lớp 9 và 12 không ra ngoài tỉnh, ông Thức yêu cầu toàn bộ cán bộ, giáo viên trường THPT và trường THCS (được điều động dự phòng làm nhiệm vụ thi) không đi đến vùng có dịch đã được ngành y tế công bố từ ngày 21/5 đến khi hoàn thành nhiệm vụ; chủ động giữ gìn an toàn tuyệt đối cho bản thân và gia đình, khai báo y tế trước kỳ thi...",Người dân sinh sống tại thời điểm này tuyết đối không được rời đi khỏi Thanh Hóa dù lý do là gì.,Người dân sinh sống tại thời điểm ni tuyệt đối khung được đi ra khỏi Thanh Hoá dù lý do là chi.,Entailment,PNT3,Daily Conversation,high,2fdf203d-4d50-4041-9bef-98014b83a48a,3,QUALIFICATION_PEER_REVIEWED,102,2.8919677734375,18.028751217335802,27,4.988309860229492,146.68829015169266,2.096342086791992,128.65953893435685,8.136353338252427,80,22,0.275
NLI_0521,NLI,"Diễn viên nói khi biết tin cô lấy chồng, người mừng nhất là mẹ cô.","Mẹ cô đã cảm thấy vui sướng, hạnh phục khi con mình sắp cưới người mà cô ấy yêu.","Mẹ cô đả cảm thấy vui sướng, hành phúc khi cuân mình sắp cưới người mà cô nứ yêu",Entailment,PNT1,Daily Conversation,high,dca4b218-67a4-43d1-a513-8134e12f4b19,1,QUALIFICATION_PEER_REVIEWED,18,4.650484085083008,104.63562586465365,25,5.933341979980469,377.4137176244636,1.282857894897461,272.7780917598099,3.6069332457823573,15,19,1.2666666666666666
NLI_0647,NLI,"Oppo không xác nhận thông tin trên, nhưng Chen nói rằng: ""Kể cả trong việc sản xuất xe hơi, chúng tôi sẽ tập trung vào lĩnh vực mà Oppo có thể làm tốt nhất.",Thông tin đã được Oppo khẳng định là tin chuẩn và mọi người có thể tin vào nó.,Thông tin đả được Oppo khẳng định là tin chuẩn và mọi người có thễ tin vào nó.,Contradiction,PNT1,Daily Conversation,high,dca4b218-67a4-43d1-a513-8134e12f4b19,1,QUALIFICATION_PEER_REVIEWED,43,2.9725849628448486,19.54237066293538,21,5.256661415100098,191.83994701780753,2.284076452255249,172.29757635487215,9.816615922737393,34,18,0.5294117647058824
NLI_0240,NLI,"Tôi sẽ nghỉ sinh con vào đầu tháng 6, tuy nhiên, công ty gặp khó khăn về tài chính nên chưa đóng bảo hiểm xã hội đầy đủ cho tôi. (Thu Mây)","Do chưa đóng bảo hiểm xã hội đầy đủ, chị Thu Mây không được hưởng quyền lợi chế độ thai sản vào tháng 6 tới.","Do chưa đóng bảo hiểm xã hội đầy đủ, chị Thu Mây nỏ được hưởng quyền lợi chế độ thai sản vô tháng 6 tới.",Neutral,PNT2,Daily Conversation,high,7d958013-3acc-4719-a459-b3a565d57865,2,QUALIFICATION_PEER_REVIEWED,39,3.237187623977661,25.462012204912366,30,4.732556343078613,113.5855551779659,1.4953687191009521,88.12354297305353,4.460981098581515,32,25,0.78125
SENT_0696,SENT,tuổi thơ tôi bị ám ảnh mấy con ngỗng này . mấy con màu xám cứ mỗi lần đi học ngang qua ngõ nhà hàng xóm là nó đuổi . tao lại chạy thục mạng . cứ phải đắn đo mỗi lần qua đó xem có chúng nó không rồi ù chạy như ma đuổi . haizz tuổi thơ tôi ....,,"tuổi thơ tôi bị ám ảnh bởi mấy con ngỗng này. mấy con màu xám cứ đuổi tôi mỗi lần đi học ngang qua ngõ nhà hàng xóm. tôi lại chạy thục mạng. cứ phải đắn đo mỗi lần qua đó xem có chúng nó không rồi chạy ù qua như ma đuổi. haizz tuổi thơ tôi...
",Fear,PNB,Daily Conversation,high,c6ebf7db-5dbe-4587-9564-a75d61cbc2e3,0,QUALIFICATION_PEER_REVIEWED,75,4.576345920562744,97.158719092663,75,4.2297444343566895,68.69967265409998,-0.3466014862060547,-28.45904643856302,0.707087056063174,61,57,0.9344262295081968
NLI_0448,NLI,"Sứ mệnh sao Hỏa của Trung Quốc có thể không hấp dẫn bằng nhiệm vụ mới nhất mà NASA thực hiện, bởi nó về cơ bản chỉ lặp lại những kỳ tích mà người Mỹ đã đạt được từ nhiều thập kỷ trước.",Trung Quốc lặp lại những nhiệm vụ mới nhất của NASA.,Trung Quốc lặp lại nhửng nhiệm vụ mới nhất của NASA.,Contradiction,PNT2,Daily Conversation,high,7d958013-3acc-4719-a459-b3a565d57865,2,QUALIFICATION_PEER_REVIEWED,51,3.139167070388794,23.08463097606243,16,4.780533790588379,119.16794379726603,1.641366720199585,96.0833128212036,5.162220003466246,43,11,0.2558139534883721
NLI_0448,NLI,"Sứ mệnh sao Hỏa của Trung Quốc có thể không hấp dẫn bằng nhiệm vụ mới nhất mà NASA thực hiện, bởi nó về cơ bản chỉ lặp lại những kỳ tích mà người Mỹ đã đạt được từ nhiều thập kỷ trước.",Trung Quốc lặp lại những nhiệm vụ mới nhất của NASA.,Trung Quốc làm lại mấy cái nhiệm vụ mới nhất của NASA.,Contradiction,PNN,Daily Conversation,high,88759523-55db-4c51-872d-a8b43438fa82,2,QUALIFICATION_PEER_REVIEWED,51,3.139167070388794,23.08463097606243,14,4.497878074645996,89.82632417814936,1.3587110042572021,66.74169320208694,3.891174360607913,43,12,0.27906976744186046
QA_11800,QA,"Sau khi người Anh quân về New York, Washington đã có phản ứng như thế nào đối với sự việc này?",Washington di chuyển quân của mình ra khỏi New York,"Sau khi quân Anh quay về New York, Washington đã có phản ứng như thế nào trước sự việc này?",Washington di chuyển quân của mình ra khỏi New York,PNB,Daily Conversation,high,c3131d4f-ec3f-4359-bd03-240a3bd2c1e1,0,QUALIFICATION_PEER_REVIEWED,25,3.224627733230591,25.144212058735217,25,2.895008087158203,18.083647685986122,-0.3296196460723877,-7.060564372749095,0.719197230907213,21,20,0.9523809523809523
NLI_0729,NLI,"""Tôi không thể nói được lúc đó mình cảm thấy thế nào"", Watson nói.",Ông Watson đã suy nghĩ rất nhiều nhưng không biết rõ cảm xúc của ông ấy như thế nào.,Ông Watson đã suy nghĩ rất nhiều chơ đều nỏ biết rõ cảm xúc của ông như răng.,Neutral,PNT3,Daily Conversation,high,e99ab2ee-5e8e-4d70-ac05-869071c9a49c,1,QUALIFICATION_PEER_REVIEWED,17,3.4432148933410645,31.287382252317556,23,5.029073715209961,152.79141876033825,1.5858588218688965,121.50403650802069,4.88348362059023,14,18,1.2857142857142858
NLI_0830,NLI,"""Tôi biết Joe Biden khá lâu rồi, và ông ấy có năng lượng của Donald Trump hay không thì chúng ta đều biết"", lãnh đạo phe Cộng hòa tại Hạ viện Kevin McCarthy trả lời phỏng vấn hôm 14/5.",Lãnh đạo phe Cộng hòa tại Hạ viện Kevin McCarthy trả lời phỏng vấn hôm 14/5 cho rằng năng lực của Joe Biden thì ai cũng đều biết.,Lãnh đạo phe Cộng hòa tại Hạ viện Kevin McCarthy trả lời phỏng vấn bữa 14/5 cho rằng năng lực của Joe Biden thì chừ ai cũng biết hết rồi,Contradiction,PNT3,Daily Conversation,high,60eb0c6c-808a-4dce-b64c-457d29ee614d,0,QUALIFICATION_PEER_REVIEWED,50,3.4180498123168945,30.509857017914566,40,4.071196556091309,58.62707121825738,0.6531467437744141,28.11721420034281,1.9215780389869785,39,30,0.7692307692307693
NLI_0959,NLI,"Nhiều người có điểm thi TOEIC lên đến 600, 700 nhưng lại không có khả năng giao tiếp tiếng Anh và ứng dụng những gì đã học vào công việc.","Trong tương lai số lượng những ngưới có điểm thi TOEIC lên đến 600, 700 sẽ có số đông là nữ.","Sau ni, phần đông mấy người có điểm thi TOEIC lên đến 600, 700 sẽ là nữ.",Neutral,PNT3,Daily Conversation,high,60eb0c6c-808a-4dce-b64c-457d29ee614d,0,QUALIFICATION_PEER_REVIEWED,44,2.4556450843811035,11.653948905016225,29,3.9496588706970215,51.91765318083813,1.494013786315918,40.26370427582191,4.45494086201898,30,17,0.5666666666666667
NLI_1019,NLI,"Tôi sẽ nghỉ sinh con vào đầu tháng 6, tuy nhiên, công ty gặp khó khăn về tài chính nên chưa đóng bảo hiểm xã hội đầy đủ cho tôi. (Thu Mây)",Chị Thu Mây không được đảm bảo về các phúc lợi trong công việc.,Chị Thu Mây không được đảm bảo mấy kì phúc lợi trong công việc.,Entailment,PNT3,Daily Conversation,high,60eb0c6c-808a-4dce-b64c-457d29ee614d,0,QUALIFICATION_PEER_REVIEWED,39,3.237187623977661,25.462012204912366,17,4.8930511474609375,133.35985450677305,1.6558635234832764,107.89784230186068,5.237600761225149,32,14,0.4375
NLI_0459,NLI,"Đọc tin tìm người yêu của Zhang Kunwei, nhiều người không tin anh có điều kiện tốt như thế mà vẫn ""chưa có ai"" nên lao vào mắng mỏ và bêu riếu ngoại hình chàng trai.",Zhang Kunwei lao vào mắng mỏ và bêu riếu ngoại hình chàng trai.,Zhang Kunwei lao vào mắng mỏ và bêu riếu ngoại hình của anh nớ.,Contradiction,PNT2,Daily Conversation,high,7fc87026-860f-4cf9-bb3d-46d0d55f71d9,1,QUALIFICATION_PEER_REVIEWED,50,4.267702579498291,71.35750895340563,24,5.712237358093262,302.54721807308283,1.4445347785949707,231.18970911967722,4.239879201369506,36,14,0.3888888888888889
NLI_0511,NLI,"Tuy nhiên Esperanza Hernandez, một nhân viên tại cửa hàng, cho biết một ngày trước đó đã có một phụ nữ đến và trình bày mình là chủ nhân của giải thưởng 26 triệu USD, nhưng đã bỏ quên tấm vé trong túi quần, khiến nó tan nát sau khi giặt.",Một người phụ nữ đến và đưa ra lí do vì sao không còn giữ tấm vé số.,Một người phụ nữ đến và đưa ra ci lí do vì răng không còn giữ tấm vé số nớ nựa.,Entailment,PNT2,Daily Conversation,high,7fc87026-860f-4cf9-bb3d-46d0d55f71d9,1,QUALIFICATION_PEER_REVIEWED,62,3.432546854019165,30.955381276567994,25,5.992267608642578,400.3213536299378,2.559720754623413,369.3659723533698,12.93220555267285,51,21,0.4117647058823529
NLI_0028,NLI,"Nhiều người có điểm thi TOEIC lên đến 600, 700 nhưng lại không có khả năng giao tiếp tiếng Anh và ứng dụng những gì đã học vào công việc.",Có những người không thể sử dụng tiếng Anh thành thục nhưng lại có điểm thi Bài kiểm tra tiếng Anh giao tiếp quốc tế rất cao.,Có những người không thể sử dụng tiếng Anh thành thạo nhưng lại có điểm thi Bài kiểm tra tiếng Anh giao tiếp quốc tế rất cao,Entailment,PNB,Daily Conversation,high,7e49e369-5b4e-4441-ba22-55eb0d6e2bdf,1,QUALIFICATION_PEER_REVIEWED,44,2.4556450843811035,11.653948905016225,33,3.0725042819976807,21.595917279739282,0.6168591976165771,9.941968374723057,1.8530986754578718,30,27,0.9
SENT_0814,SENT,"mấy thành phần không chấp hành luật giao thông cứ phải thế này . cơ mà thằng này gà thật , tạt mẹ vào quán nước mà ngồi uống chứ làm gì phải dắt xe khổ thế kia",,"mấy thành phần không chấp hành luật giao thông toàn như thế này. cơ mà thằng này gà thật, tạt mẹ vào quán nước mà ngồi uống chứ làm sao phải dắt xe khổ thế kia
",Disgust,PNB,Daily Conversation,high,c6ebf7db-5dbe-4587-9564-a75d61cbc2e3,0,QUALIFICATION_PEER_REVIEWED,44,5.286575794219971,197.6654181862696,45,4.989461898803711,146.85737809955177,-0.29711389541625977,-50.808040086717824,0.7429593878741148,38,36,0.9473684210526315
NLI_0064,NLI,"""Tôi biết Joe Biden khá lâu rồi, và ông ấy có năng lượng của Donald Trump hay không thì chúng ta đều biết"", lãnh đạo phe Cộng hòa tại Hạ viện Kevin McCarthy trả lời phỏng vấn hôm 14/5.","Trong thời gian quen biết với Joe Biden, Kevin McCarthy hiểu được năng lực của Biden và Trump như thế nào.","Trong thời gian quen biết với Joe Biden, Kevin McCarthy hiểu được năng lực của Biden và Trump như thế nào",Entailment,PNB,Daily Conversation,high,7e49e369-5b4e-4441-ba22-55eb0d6e2bdf,1,QUALIFICATION_PEER_REVIEWED,50,3.4180498123168945,30.509857017914566,25,3.6251392364501953,37.529948332607134,0.20708942413330078,7.020091314692568,1.2300925668242417,39,21,0.5384615384615384
NLI_0157,NLI,"Các triệu chứng điển hình xuất hiện trong 36 giờ khiến cơ thể Spieth rã rời và dị ứng xoang mũi vài ngày, nhưng anh cũng nhanh chóng khỏi bệnh.",Spieth đã có các biểu hiện về bệnh trên người anh ấy trong vòng 3 ngày qua.,Spieth đã có các biểu hiện về bệnh trên người anh ấy trong vòng 3 ngày qua.,Neutral,PNB,Daily Conversation,high,7e49e369-5b4e-4441-ba22-55eb0d6e2bdf,1,QUALIFICATION_PEER_REVIEWED,41,3.7818660736083984,43.897882030939954,21,4.139142036437988,62.748962024822355,0.35727596282958984,18.8510799938824,1.4294302850555716,30,17,0.5666666666666667
NLI_0459,NLI,"Đọc tin tìm người yêu của Zhang Kunwei, nhiều người không tin anh có điều kiện tốt như thế mà vẫn ""chưa có ai"" nên lao vào mắng mỏ và bêu riếu ngoại hình chàng trai.",Zhang Kunwei lao vào mắng mỏ và bêu riếu ngoại hình chàng trai.,Zhang Kunwei lao vào mắng mỏ và trêu chọc ngoại hình chàng trai.,Contradiction,PNT4,Daily Conversation,high,7f4cabf8-9403-4778-a98e-b3191bcfcaab,0,QUALIFICATION_PEER_REVIEWED,50,4.267702579498291,71.35750895340563,22,4.784464359283447,119.63726332871627,0.5167617797851562,48.279754375310645,1.676589683180167,36,13,0.3611111111111111
NLI_0511,NLI,"Tuy nhiên Esperanza Hernandez, một nhân viên tại cửa hàng, cho biết một ngày trước đó đã có một phụ nữ đến và trình bày mình là chủ nhân của giải thưởng 26 triệu USD, nhưng đã bỏ quên tấm vé trong túi quần, khiến nó tan nát sau khi giặt.",Một người phụ nữ đến và đưa ra lí do vì sao không còn giữ tấm vé số.,Một người phụ nữ đến và đưa ra lí do vì sao không còn giữ tấm vé số.,Entailment,PNT4,Daily Conversation,high,7f4cabf8-9403-4778-a98e-b3191bcfcaab,0,QUALIFICATION_PEER_REVIEWED,62,3.432546854019165,30.955381276567994,21,3.6053638458251953,36.795069154303846,0.17281699180603027,5.839687877735852,1.1886485527528057,51,18,0.35294117647058826
NLI_0515,NLI,"Không biết làm cách nào, người đàn ông quay sang cầu cứu các xe cùng chiều.",Người đàn ông lúc đó đã xoay xở rất tốt khi gọi giúp đỡ xung quanh.,Người đàn ông hồi nớ đã xoay xở rất tốt khi gọi giúp đỡ xung quanh.,Neutral,PNT4,Daily Conversation,high,7f4cabf8-9403-4778-a98e-b3191bcfcaab,0,QUALIFICATION_PEER_REVIEWED,19,4.058359146118164,57.87926170796921,23,3.7833847999572754,43.96460155256376,-0.27497434616088867,-13.914660155405457,0.7595916094159578,16,16,1.0
NLI_0240,NLI,"Tôi sẽ nghỉ sinh con vào đầu tháng 6, tuy nhiên, công ty gặp khó khăn về tài chính nên chưa đóng bảo hiểm xã hội đầy đủ cho tôi. (Thu Mây)","Do chưa đóng bảo hiểm xã hội đầy đủ, chị Thu Mây không được hưởng quyền lợi chế độ thai sản vào tháng 6 tới.","Do chưa đóng bảo hiểm xã hội đầy đủ, chị Thu Mây không được hưởng quyền lợi chế độ thai sản vào tháng 6 tới.",Neutral,PNB,Daily Conversation,high,291aae44-1453-4283-9067-782588cd28ff,0,QUALIFICATION_PEER_REVIEWED,39,3.237187623977661,25.462012204912366,29,3.7402377128601074,42.10799858816212,0.5030500888824463,16.645986383249753,1.6537576939829703,32,25,0.78125
NLI_0337,NLI,"Ngoài yêu cầu học sinh lớp 9 và 12 không ra ngoài tỉnh, ông Thức yêu cầu toàn bộ cán bộ, giáo viên trường THPT và trường THCS (được điều động dự phòng làm nhiệm vụ thi) không đi đến vùng có dịch đã được ngành y tế công bố từ ngày 21/5 đến khi hoàn thành nhiệm vụ; chủ động giữ gìn an toàn tuyệt đối cho bản thân và gia đình, khai báo y tế trước kỳ thi...",Người dân sinh sống tại thời điểm này tuyết đối không được rời đi khỏi Thanh Hóa dù lý do là gì.,Người dân sinh sống tại thời điểm này tuyệt đối không được rời khỏi Thanh Hóa dù lý do gì.,Entailment,PNB,Daily Conversation,high,291aae44-1453-4283-9067-782588cd28ff,0,QUALIFICATION_PEER_REVIEWED,102,2.8919677734375,18.028751217335802,23,3.0728166103363037,21.60266335014395,0.1808488368988037,3.5739121328081467,1.1982340368295503,80,20,0.25
NLI_0448,NLI,"Sứ mệnh sao Hỏa của Trung Quốc có thể không hấp dẫn bằng nhiệm vụ mới nhất mà NASA thực hiện, bởi nó về cơ bản chỉ lặp lại những kỳ tích mà người Mỹ đã đạt được từ nhiều thập kỷ trước.",Trung Quốc lặp lại những nhiệm vụ mới nhất của NASA.,Trung Quốc lặp lại những nhiệm vụ mới nhất của NASA.,Contradiction,PNB,Daily Conversation,high,291aae44-1453-4283-9067-782588cd28ff,0,QUALIFICATION_PEER_REVIEWED,51,3.139167070388794,23.08463097606243,14,3.771209239959717,43.43255347298896,0.6320421695709229,20.347922496926525,1.8814488963685956,43,11,0.2558139534883721
QA_12019,QA,UNESCO đã công nhận Phong Nha-Kẻ Bàng là Di sản thiên nhiên thế giới lần thứ hai vào năm nào?,2015,"UNESCO đã công nhận Phong Nha – Kẻ Bàng là Di sản thiên nhiên thế giới lần thứ hai vào năm nào?
",2015,PNB,Daily Conversation,high,c3131d4f-ec3f-4359-bd03-240a3bd2c1e1,0,QUALIFICATION_PEER_REVIEWED,27,2.9709672927856445,19.510783111034897,28,2.8463332653045654,17.224508205794212,-0.1246340274810791,-2.2862749052406848,0.8828199313051861,20,22,1.1
NLI_0521,NLI,"Diễn viên nói khi biết tin cô lấy chồng, người mừng nhất là mẹ cô.","Mẹ cô đã cảm thấy vui sướng, hạnh phục khi con mình sắp cưới người mà cô ấy yêu.","Mẹ cô đã cảm thấy vui sướng, hạnh phúc khi con mình sắp cưới người mà hấn yêu.",Entailment,PNT2,Daily Conversation,high,603effb8-c882-4227-b5de-d83ea8816911,1,QUALIFICATION_PEER_REVIEWED,18,4.650484085083008,104.63562586465365,24,4.178954601287842,65.29755554061074,-0.471529483795166,-39.3380703240429,0.6240470681092235,15,18,1.2
NLI_0647,NLI,"Oppo không xác nhận thông tin trên, nhưng Chen nói rằng: ""Kể cả trong việc sản xuất xe hơi, chúng tôi sẽ tập trung vào lĩnh vực mà Oppo có thể làm tốt nhất.",Thông tin đã được Oppo khẳng định là tin chuẩn và mọi người có thể tin vào nó.,Thông tin đã được Oppo khẳng định là tin chuẩn và mọi người có thể tin vô hấn.,Contradiction,PNT2,Daily Conversation,high,603effb8-c882-4227-b5de-d83ea8816911,1,QUALIFICATION_PEER_REVIEWED,43,2.9725849628448486,19.54237066293538,21,4.332664966583252,76.14694547474761,1.3600800037384033,56.60457481181223,3.8965050242942167,34,18,0.5294117647058824
NLI_0729,NLI,"""Tôi không thể nói được lúc đó mình cảm thấy thế nào"", Watson nói.",Ông Watson đã suy nghĩ rất nhiều nhưng không biết rõ cảm xúc của ông ấy như thế nào.,Ông Watson đã suy nghĩ rất nhiều nhưng không biết rõ cảm xúc của ông ấy ra răng.,Neutral,PNT2,Daily Conversation,high,ebf2c246-0938-4917-88ca-3623a993b48d,1,QUALIFICATION_PEER_REVIEWED,17,3.4432148933410645,31.287382252317556,21,4.178806304931641,65.28787286902543,0.7355914115905762,34.00049061670788,2.0867157355163313,14,18,1.2857142857142858
NLI_0830,NLI,"""Tôi biết Joe Biden khá lâu rồi, và ông ấy có năng lượng của Donald Trump hay không thì chúng ta đều biết"", lãnh đạo phe Cộng hòa tại Hạ viện Kevin McCarthy trả lời phỏng vấn hôm 14/5.",Lãnh đạo phe Cộng hòa tại Hạ viện Kevin McCarthy trả lời phỏng vấn hôm 14/5 cho rằng năng lực của Joe Biden thì ai cũng đều biết.,Lãnh đạo phe Cộng hòa tại Hạ viện Kevin McCarthy trả lời phỏng vấn hôm 14/5 bẩu năng lực của Joe Biden thì ai cũng biết rứa rồi.,Contradiction,PNT2,Daily Conversation,high,ebf2c246-0938-4917-88ca-3623a993b48d,1,QUALIFICATION_PEER_REVIEWED,50,3.4180498123168945,30.509857017914566,41,3.8898422718048096,48.90317250625035,0.47179245948791504,18.393315488335784,1.6028646898455055,39,28,0.717948717948718
NLI_0647,NLI,"Oppo không xác nhận thông tin trên, nhưng Chen nói rằng: ""Kể cả trong việc sản xuất xe hơi, chúng tôi sẽ tập trung vào lĩnh vực mà Oppo có thể làm tốt nhất.",Thông tin đã được Oppo khẳng định là tin chuẩn và mọi người có thể tin vào nó.,Thông tin đã được Oppo khẳng định là tin chuẩn và mọi người có thể tin vô hắn,Contradiction,PNT3,Daily Conversation,high,e99ab2ee-5e8e-4d70-ac05-869071c9a49c,1,QUALIFICATION_PEER_REVIEWED,43,2.9725849628448486,19.54237066293538,19,4.705517292022705,110.55545961552275,1.7329323291778564,91.01308895258737,5.657218436922057,34,18,0.5294117647058824
NLI_0716,NLI,"""Làm sao tôi có thể kết hôn với một người không có trình độ học vấn cơ bản chứ?",Sau khi hủy kết hôn với người không có trình độ học vấn thì cô gái cưới chồng khác.,Sau khi hủy kết hôn với người khung có trình độ học vấn thì ả nớ lấy nhông khác,Neutral,PNT2,Daily Conversation,high,ebf2c246-0938-4917-88ca-3623a993b48d,1,QUALIFICATION_PEER_REVIEWED,23,2.9139654636383057,18.42973630464614,24,5.6201581954956055,275.9330311448558,2.7061927318573,257.50329484020966,14.972163821752188,19,19,1.0
NLI_0959,NLI,"Nhiều người có điểm thi TOEIC lên đến 600, 700 nhưng lại không có khả năng giao tiếp tiếng Anh và ứng dụng những gì đã học vào công việc.","Trong tương lai số lượng những ngưới có điểm thi TOEIC lên đến 600, 700 sẽ có số đông là nữ.","Trong tương lai số lượng những người có điểm thi TOEIC lên đến 600, 700 sẽ có số đông là nữ",Neutral,PNT2,Daily Conversation,high,e686d659-713a-4b20-a76a-7bb2177c8cfb,0,QUALIFICATION_PEER_REVIEWED,44,2.4556450843811035,11.653948905016225,32,3.105729103088379,22.325490626864912,0.6500840187072754,10.671541721848687,1.9157017770393108,30,21,0.7
NLI_1019,NLI,"Tôi sẽ nghỉ sinh con vào đầu tháng 6, tuy nhiên, công ty gặp khó khăn về tài chính nên chưa đóng bảo hiểm xã hội đầy đủ cho tôi. (Thu Mây)",Chị Thu Mây không được đảm bảo về các phúc lợi trong công việc.,Chị Thu Mây nỏ được đảm bảo về các phúc lợi trong công việc,Entailment,PNT2,Daily Conversation,high,e686d659-713a-4b20-a76a-7bb2177c8cfb,0,QUALIFICATION_PEER_REVIEWED,39,3.237187623977661,25.462012204912366,17,4.593233585357666,98.81343579714297,1.3560459613800049,73.3514235922306,3.8808180202693867,32,14,0.4375
NLI_1069,NLI,"""Chúng tôi luôn vào trận với mục tiêu chiến thắng, bất kể trong hoàn cảnh nào"", Solskjaer nhấn mạnh.","Theo Solskjaer nhận xét: ""Trận chiến có thể sẽ không kết thúc như vậy nếu chúng tôi không chủ quan.""","Theo Solskjaer nhận xét: ""Trận chiến có thể sẽ nỏ kết thúc như rứa nếu chúng tôi nỏ chủ quan.""",Neutral,PNT2,Daily Conversation,high,e686d659-713a-4b20-a76a-7bb2177c8cfb,0,QUALIFICATION_PEER_REVIEWED,28,2.914027452468872,18.430878777857238,34,4.204367637634277,66.97822975995888,1.2903401851654053,48.54735098210164,3.634022586075829,19,20,1.0526315789473684
NLI_0516,NLI,"""Cô ấy gửi cho tôi ảnh cái ví trông như thế nào, cái nhẫn nằm trong cái ví"", Jovani Quiles, quản lý bãi rác, nói.",Jovani là một quản lý siêu thị tại 1 bãi rác.,Jovani là một quản lý siêu thị tại 1 bãi rác.,Contradiction,PNB,Daily Conversation,high,c6ebf7db-5dbe-4587-9564-a75d61cbc2e3,0,QUALIFICATION_PEER_REVIEWED,36,4.419093132019043,83.02096215707775,16,4.338086128234863,76.56087134122139,-0.08100700378417969,-6.460090815856361,0.9221872326216395,25,11,0.44
NLI_0647,NLI,"Oppo không xác nhận thông tin trên, nhưng Chen nói rằng: ""Kể cả trong việc sản xuất xe hơi, chúng tôi sẽ tập trung vào lĩnh vực mà Oppo có thể làm tốt nhất.",Thông tin đã được Oppo khẳng định là tin chuẩn và mọi người có thể tin vào nó.,"Thông tin đã được Oppo khẳng định là chính xác và mọi người có thể tin vào nó.

",Contradiction,PNB,Daily Conversation,high,c6ebf7db-5dbe-4587-9564-a75d61cbc2e3,0,QUALIFICATION_PEER_REVIEWED,43,2.9725849628448486,19.54237066293538,20,2.9653937816619873,19.40234202385503,-0.007191181182861328,-0.14002863908034868,0.9928346134921118,34,18,0.5294117647058824
SENT_0835,SENT,chắc nó se lạnh thì đừng hỏi tại sao thằng kia lấp nhíp sưởi ấm cũng không thấy .,,nó mà se lạnh thì đừng hỏi tại sao thằng kia lấp nhíp sưởi ấm cũng không thấy.,Other,PNB,Daily Conversation,high,c6ebf7db-5dbe-4587-9564-a75d61cbc2e3,0,QUALIFICATION_PEER_REVIEWED,29,4.7921624183654785,120.5617920228534,29,5.111804485321045,165.96957448473714,0.3196420669555664,45.40778246188374,1.3766349330082648,19,18,0.9473684210526315
NLI_0521,NLI,"Diễn viên nói khi biết tin cô lấy chồng, người mừng nhất là mẹ cô.","Mẹ cô đã cảm thấy vui sướng, hạnh phục khi con mình sắp cưới người mà cô ấy yêu.","Mẹ cô cảm thấy vui sướng, hạnh phúc khi con mình sắp cưới người mà cô ấy yêu.",Entailment,PNB,Daily Conversation,high,c6ebf7db-5dbe-4587-9564-a75d61cbc2e3,0,QUALIFICATION_PEER_REVIEWED,18,4.650484085083008,104.63562586465365,23,3.5524110794067383,34.89735643204879,-1.0980730056762695,-69.73826943260485,0.33351314281035194,15,18,1.2
NLI_1077,NLI,"""Cô ấy gửi cho tôi ảnh cái ví trông như thế nào, cái nhẫn nằm trong cái ví"", Jovani Quiles, quản lý bãi rác, nói.",Jovani Quiles đã nhận đức hình chụp cái ví.,Jovani Quiles đã nhận bức hình chụp cấy ví,Entailment,PNT3,Daily Conversation,high,01adb600-62e7-44f1-a9fa-3ddb99e09863,0,QUALIFICATION_PEER_REVIEWED,36,4.419093132019043,83.02096215707775,13,6.09697961807251,444.5131410004392,1.6778864860534668,361.49217884336144,5.354227769119432,25,9,0.36
NLI_1114,NLI,"Chúng tôi định đi 5 ngày 4 đêm, đến tham quan Đà Nẵng là chính, sau đó dự kiến đi chơi thêm các địa điểm xung quanh.",Chúng tôi đã lên kế hoạch không chỉ về một điểm đến trong chuyến du lịch.,Bọn tau đã lên kế hoạch không chỉ về một điểm đến trong chuyến  du lịch,Entailment,PNT3,Daily Conversation,high,01adb600-62e7-44f1-a9fa-3ddb99e09863,0,QUALIFICATION_PEER_REVIEWED,37,3.017090320587158,20.43175525260567,18,5.182884216308594,178.19602641095304,2.1657938957214355,157.76427115834736,8.72152314903183,27,16,0.5925925925925926
NLI_1405,NLI,"Đang nóng ruột vì chưa biết làm thế nào để bay về sớm với hai con gái bị tai nạn, anh Trần Văn Hải bất ngờ nhận được tấm vé từ một người không quen biết.",Gia đình anh Trần Văn Hải phải đối mặt với một chuyện buồn.,Nhà anh Trần Văn Hải phải đối mặt với một chuyện buồn,Entailment,PNT3,Daily Conversation,high,01adb600-62e7-44f1-a9fa-3ddb99e09863,0,QUALIFICATION_PEER_REVIEWED,42,3.258704900741577,26.015822243065895,14,3.7113053798675537,40.90717108647649,0.45260047912597656,14.891348843410594,1.5723958560402467,36,12,0.3333333333333333
