sample_id,task,target_dialect,opcode,opcode_seq,standard_span,dialect_span,standard_span_len,dialect_span_len,is_known,match_direction,category,lexicon_standard_word,lexicon_region_column,delta_nll,delta_ppl,orig_nll,para_nll,kept_in_analysis
MCQA_0013_3,MCQA,PNN,replace,0,giúp mẹ,phụ má,2,2,False,none,Kinship/Honorific terms,,,0.6065845489501953,35.54929697147385,3.7522549629211426,4.358839511871338,True
MCQA_0013_3,MCQA,PNN,replace,1,việc,chuyện,1,1,False,none,Predicate vocabulary,,,0.6065845489501953,35.54929697147385,3.7522549629211426,4.358839511871338,True
MCQA_0013_3,MCQA,PNN,replace,2,mẹ,má,1,1,False,none,Kinship/Honorific terms,,,0.6065845489501953,35.54929697147385,3.7522549629211426,4.358839511871338,True
MCQA_0013_3,MCQA,PNN,replace,3,bố,ba,1,1,False,none,Kinship/Honorific terms,,,0.6065845489501953,35.54929697147385,3.7522549629211426,4.358839511871338,True
MCQA_0013_3,MCQA,PNN,replace,4,và,với,1,1,False,none,Connectives/Aspect markers,,,0.6065845489501953,35.54929697147385,3.7522549629211426,4.358839511871338,True
MCQA_0013_3,MCQA,PNT2,replace,0,đã,đạ,1,1,True,dialect_phrase,Connectives/Aspect markers,đã,HaTinh_QB_QT,0.5555171966552734,31.657758355583923,3.7522549629211426,4.307772159576416,True
MCQA_0013_3,MCQA,PNT2,replace,1,gì,chi,1,1,True,dialect_phrase,Interrogatives,gì,HaTinh_QB_QT; NgheAn,0.5555171966552734,31.657758355583923,3.7522549629211426,4.307772159576416,True
MCQA_0013_3,MCQA,PNT2,replace,2,làm,mần,1,1,True,dialect_phrase,Predicate vocabulary,làm,HaTinh_QB_QT,0.5555171966552734,31.657758355583923,3.7522549629211426,4.307772159576416,True
MCQA_0013_3,MCQA,PNT3,replace,0,gì,chi,1,1,True,dialect_phrase,Interrogatives,gì; sao / thế nào,HaTinh_QB_QT; Hue,0.4215826988220215,22.3472116340656,3.7522549629211426,4.173837661743164,True
MCQA_0013_3,MCQA,PNT3,replace,1,và,với,1,1,False,none,Connectives/Aspect markers,,,0.4215826988220215,22.3472116340656,3.7522549629211426,4.173837661743164,True
MCQA_0013_3,MCQA,PNT3,replace,2,bố,ba,1,1,True,standard_word,Kinship/Honorific terms,bọ; ôn,HaTinh_QB_QT; Hue,0.4215826988220215,22.3472116340656,3.7522549629211426,4.173837661743164,True
MCQA_0013_3,MCQA,PNT3,replace,3,và,với,1,1,False,none,Connectives/Aspect markers,,,0.4215826988220215,22.3472116340656,3.7522549629211426,4.173837661743164,True
MCQA_0013_4,MCQA,PNB,replace,0,thời điểm,lúc,2,1,False,none,Connectives/Aspect markers,,,0.0546913146972656,0.9397231080043618,2.8164100646972656,2.8711013793945312,True
MCQA_0013_4,MCQA,PNB,insert,1,,còn,0,1,False,none,Unknown,,,0.0546913146972656,0.9397231080043618,2.8164100646972656,2.8711013793945312,False
MCQA_0013_4,MCQA,PNB,insert,2,,thì,0,1,False,none,Unknown,,,0.0546913146972656,0.9397231080043618,2.8164100646972656,2.8711013793945312,False
MCQA_0013_4,MCQA,PNN,replace,0,bố,ba,1,1,False,none,Kinship/Honorific terms,,,0.2633178234100342,5.035751640253459,2.8164100646972656,3.0797278881073,True
MCQA_0013_4,MCQA,PNN,replace,1,mẹ,má,1,1,False,none,Kinship/Honorific terms,,,0.2633178234100342,5.035751640253459,2.8164100646972656,3.0797278881073,True
MCQA_0013_4,MCQA,PNN,replace,2,làm,mần,1,1,True,standard_word,Predicate vocabulary,làm,NamBo,0.2633178234100342,5.035751640253459,2.8164100646972656,3.0797278881073,True
MCQA_0013_4,MCQA,PNN,replace,3,mẹ,má,1,1,False,none,Kinship/Honorific terms,,,0.2633178234100342,5.035751640253459,2.8164100646972656,3.0797278881073,True
MCQA_0013_4,MCQA,PNT1,replace,0,về,viền,1,1,True,dialect_phrase,Predicate vocabulary,về,ThanhHoa,0.1818277835845947,3.333443484708379,2.8164100646972656,2.9982378482818604,True
MCQA_0013_4,MCQA,PNT2,replace,0,vào,vô,1,1,False,none,Connectives/Aspect markers,,,0.87288498878479,23.29989658829851,2.8164100646972656,3.689295053482056,True
MCQA_0013_4,MCQA,PNT2,replace,1,nào,mô,1,1,True,dialect_phrase,Interrogatives; Negation/Function words,đâu (phủ định); đâu / nào,HaTinh_QB_QT; NgheAn,0.87288498878479,23.29989658829851,2.8164100646972656,3.689295053482056,False
MCQA_0013_4,MCQA,PNT2,replace,2,đã,đạ,1,1,True,dialect_phrase,Connectives/Aspect markers,đã,HaTinh_QB_QT,0.87288498878479,23.29989658829851,2.8164100646972656,3.689295053482056,True
MCQA_0013_4,MCQA,PNT2,replace,3,làm,mần,1,1,True,dialect_phrase,Predicate vocabulary,làm,HaTinh_QB_QT,0.87288498878479,23.29989658829851,2.8164100646972656,3.689295053482056,True
MCQA_0013_4,MCQA,PNT2,replace,4,đã,dạ,1,1,True,standard_word,Connectives/Aspect markers,đạ,HaTinh_QB_QT,0.87288498878479,23.29989658829851,2.8164100646972656,3.689295053482056,True
MCQA_0013_4,MCQA,PNT3,replace,0,bố vào thời điểm nào,ba khi mô,5,3,False,none,Kinship/Honorific terms,,,0.4083263874053955,8.43021501635285,2.8164100646972656,3.224736452102661,True
MCQA_0013_4,MCQA,PNT3,replace,1,và,với,1,1,False,none,Connectives/Aspect markers,,,0.4083263874053955,8.43021501635285,2.8164100646972656,3.224736452102661,True
MCQA_0014_1,MCQA,PNN,replace,0,bố,ba,1,1,False,none,Kinship/Honorific terms,,,0.1722626686096191,4.281043282676709,3.1255640983581543,3.2978267669677734,True
MCQA_0014_1,MCQA,PNT1,replace,0,đâu,mô,1,1,True,dialect_phrase,Negation/Function words,đâu (phủ định),ThanhHoa,1.6929850578308103,101.01262966718735,3.1255640983581543,4.818549156188965,True
MCQA_0014_1,MCQA,PNT1,replace,1,mùa hè,mù hiè,2,2,False,none,Orthographic variant,,,1.6929850578308103,101.01262966718735,3.1255640983581543,4.818549156188965,False
MCQA_0014_1,MCQA,PNT1,replace,2,chùa,chù,1,1,False,none,Orthographic variant,,,1.6929850578308103,101.01262966718735,3.1255640983581543,4.818549156188965,False
MCQA_0014_1,MCQA,PNT1,replace,3,leo,lieo,1,1,False,none,Orthographic variant,,,1.6929850578308103,101.01262966718735,3.1255640983581543,4.818549156188965,False
MCQA_0014_1,MCQA,PNT1,replace,4,biển,bỉn,1,1,False,none,Orthographic variant,,,1.6929850578308103,101.01262966718735,3.1255640983581543,4.818549156188965,False
MCQA_0014_1,MCQA,PNT2,replace,0,đâu,mô,1,1,True,dialect_phrase,Interrogatives; Negation/Function words,đâu (phủ định); đâu / nào,HaTinh_QB_QT; NgheAn,0.4697184562683105,13.65325333134552,3.1255640983581543,3.595282554626465,False
MCQA_0014_1,MCQA,PNT3,replace,0,cùng bố,với bọ,2,2,False,none,Kinship/Honorific terms,,,0.8505010604858398,30.534129422405332,3.1255640983581543,3.976065158843994,True
MCQA_0014_1,MCQA,PNT3,replace,1,đâu vào,mô,2,1,True,dialect_phrase,Interrogatives; Negation/Function words,đâu (phủ định); đâu / nào,HaTinh_QB_QT; Hue,0.8505010604858398,30.534129422405332,3.1255640983581543,3.976065158843994,False
MCQA_0014_1,MCQA,PNT3,replace,2,rừng,rú,1,1,False,none,Predicate vocabulary,,,0.8505010604858398,30.534129422405332,3.1255640983581543,3.976065158843994,True
MCQA_0016_0,MCQA,PNB,insert,0,,để,0,1,False,none,Unknown,,,-0.0683443546295166,-0.8062376918217868,2.5017971992492676,2.433452844619751,False
MCQA_0016_0,MCQA,PNB,replace,1,dịu cơn,đỡ,2,1,False,none,Predicate vocabulary,,,-0.0683443546295166,-0.8062376918217868,2.5017971992492676,2.433452844619751,True
MCQA_0016_0,MCQA,PNN,replace,0,vào,vô,1,1,False,none,Connectives/Aspect markers,,,0.4387135505676269,6.721102029193091,2.5017971992492676,2.9405107498168945,True
MCQA_0016_0,MCQA,PNN,replace,1,hoa,bông,1,1,False,none,Predicate vocabulary,,,0.4387135505676269,6.721102029193091,2.5017971992492676,2.9405107498168945,True
MCQA_0016_0,MCQA,PNN,replace,2,vào,hồi,1,1,False,none,Connectives/Aspect markers,,,0.4387135505676269,6.721102029193091,2.5017971992492676,2.9405107498168945,True
MCQA_0016_0,MCQA,PNN,replace,3,hoa,bông,1,1,False,none,Predicate vocabulary,,,0.4387135505676269,6.721102029193091,2.5017971992492676,2.9405107498168945,True
MCQA_0016_0,MCQA,PNN,replace,4,mẹ,má,1,1,False,none,Kinship/Honorific terms,,,0.4387135505676269,6.721102029193091,2.5017971992492676,2.9405107498168945,True
MCQA_0016_0,MCQA,PNN,replace,5,hoa,bông,1,1,False,none,Predicate vocabulary,,,0.4387135505676269,6.721102029193091,2.5017971992492676,2.9405107498168945,True
MCQA_0016_0,MCQA,PNN,replace,6,bố,ba,1,1,False,none,Kinship/Honorific terms,,,0.4387135505676269,6.721102029193091,2.5017971992492676,2.9405107498168945,True
MCQA_0016_0,MCQA,PNN,replace,7,bố,ba,1,1,False,none,Kinship/Honorific terms,,,0.4387135505676269,6.721102029193091,2.5017971992492676,2.9405107498168945,True
MCQA_0016_0,MCQA,PNT1,replace,0,gì,cái chi,1,2,False,none,Interrogatives,,,0.2512638568878174,3.486180203821549,2.5017971992492676,2.753061056137085,True
MCQA_0016_0,MCQA,PNT1,replace,1,dịu,bớt,1,1,False,none,Predicate vocabulary,,,0.2512638568878174,3.486180203821549,2.5017971992492676,2.753061056137085,True
MCQA_0016_0,MCQA,PNT2,replace,0,vào,vô,1,1,False,none,Connectives/Aspect markers,,,0.4623270034790039,7.17331683341942,2.5017971992492676,2.9641242027282715,True
MCQA_0016_0,MCQA,PNT2,replace,1,làm gì vào,mần chi,3,2,True,dialect_phrase,Interrogatives,làm gì,HaTinh_QB_QT; NgheAn,0.4623270034790039,7.17331683341942,2.5017971992492676,2.9641242027282715,True
MCQA_0016_0,MCQA,PNT2,replace,2,vì,tại,1,1,False,none,Connectives/Aspect markers,,,0.4623270034790039,7.17331683341942,2.5017971992492676,2.9641242027282715,True
MCQA_0016_5,MCQA,PNB,insert,0,,ạ,0,1,False,none,Unknown,,,-0.0552923679351806,-0.9610893153191108,2.882951259613037,2.8276588916778564,False
MCQA_0016_5,MCQA,PNB,insert,1,,thôi ạ,0,2,False,none,Unknown,,,-0.0552923679351806,-0.9610893153191108,2.882951259613037,2.8276588916778564,False
MCQA_0016_5,MCQA,PNT1,replace,0,vậy,rứa,1,1,False,none,Demonstratives/Deixis,,,0.0631411075592041,1.1645149749771375,2.882951259613037,2.946092367172241,True
MCQA_0016_5,MCQA,PNT2,replace,0,đã,đạ,1,1,True,dialect_phrase,Connectives/Aspect markers,đã,HaTinh_QB_QT,0.8308610916137695,23.14292746759372,2.882951259613037,3.713812351226806,True
MCQA_0016_5,MCQA,PNT2,replace,1,gì,chi,1,1,True,dialect_phrase,Interrogatives,gì,HaTinh_QB_QT; NgheAn,0.8308610916137695,23.14292746759372,2.882951259613037,3.713812351226806,True
MCQA_0016_5,MCQA,PNT2,replace,2,như vậy,a rứa,2,2,True,dialect_phrase,Demonstratives/Deixis,vậy / thế,HaTinh_QB_QT,0.8308610916137695,23.14292746759372,2.882951259613037,3.713812351226806,True
MCQA_0016_5,MCQA,PNT2,insert,3,,có,0,1,False,none,Unknown,,,0.8308610916137695,23.14292746759372,2.882951259613037,3.713812351226806,False
MCQA_0016_5,MCQA,PNT2,replace,4,lầm,nhầm,1,1,False,none,Orthographic variant,,,0.8308610916137695,23.14292746759372,2.882951259613037,3.713812351226806,False
MCQA_0016_5,MCQA,PNT2,replace,5,nay,ni,1,1,True,dialect_phrase,Demonstratives/Deixis,này,HaTinh_QB_QT; NgheAn,0.8308610916137695,23.14292746759372,2.882951259613037,3.713812351226806,True
MCQA_0016_5,MCQA,PNT2,replace,6,nhỉ,hè,1,1,True,dialect_phrase,Discourse particles,nhỉ,HaTinh_QB_QT,0.8308610916137695,23.14292746759372,2.882951259613037,3.713812351226806,True
MCQA_0016_5,MCQA,PNT3,replace,0,gì,chi,1,1,True,dialect_phrase,Interrogatives,gì; sao / thế nào,HaTinh_QB_QT; Hue,0.6011190414428711,14.725186786365086,2.882951259613037,3.484070301055908,True
MCQA_0016_5,MCQA,PNT3,replace,1,vậy,rứa,1,1,True,standard_word,Demonstratives/Deixis,a rứa; như ri; như rứa; ri,HaTinh_QB_QT; Hue,0.6011190414428711,14.725186786365086,2.882951259613037,3.484070301055908,True
MCQA_0016_5,MCQA,PNT3,replace,2,lầm,nhầm,1,1,False,none,Orthographic variant,,,0.6011190414428711,14.725186786365086,2.882951259613037,3.484070301055908,False
MCQA_0016_5,MCQA,PNT3,replace,3,nay,ni,1,1,True,dialect_phrase,Demonstratives/Deixis,này,HaTinh_QB_QT; Hue,0.6011190414428711,14.725186786365086,2.882951259613037,3.484070301055908,True
MCQA_0016_5,MCQA,PNT3,replace,4,nhỉ,hè,1,1,True,dialect_phrase,Discourse particles,nhỉ,HaTinh_QB_QT,0.6011190414428711,14.725186786365086,2.882951259613037,3.484070301055908,True
MCQA_0018_4,MCQA,PNB,insert,0,,thôi,0,1,False,none,Unknown,,,0.002084732055664,0.0202993826162796,2.27490758895874,2.2769923210144043,False
MCQA_0018_4,MCQA,PNB,insert,1,,thôi,0,1,False,none,Unknown,,,0.002084732055664,0.0202993826162796,2.27490758895874,2.2769923210144043,False
MCQA_0018_4,MCQA,PNN,replace,0,khi,lúc,1,1,False,none,Connectives/Aspect markers,,,0.2110326290130615,2.28538914302297,2.27490758895874,2.4859402179718018,True
MCQA_0018_4,MCQA,PNN,replace,1,thông tin,chuyện,2,1,False,none,Predicate vocabulary,,,0.2110326290130615,2.28538914302297,2.27490758895874,2.4859402179718018,True
MCQA_0018_4,MCQA,PNN,replace,2,không,hông,1,1,True,dialect_phrase,Negation/Function words,không,NamBo,0.2110326290130615,2.28538914302297,2.27490758895874,2.4859402179718018,True
MCQA_0018_4,MCQA,PNN,replace,3,như thế nào,sao,3,1,True,dialect_phrase,Interrogatives,sao / thế nào,NamBo,0.2110326290130615,2.28538914302297,2.27490758895874,2.4859402179718018,True
MCQA_0018_4,MCQA,PNN,replace,4,không,hông,1,1,True,dialect_phrase,Negation/Function words,không,NamBo,0.2110326290130615,2.28538914302297,2.27490758895874,2.4859402179718018,True
MCQA_0018_4,MCQA,PNN,replace,5,không,hông,1,1,True,dialect_phrase,Negation/Function words,không,NamBo,0.2110326290130615,2.28538914302297,2.27490758895874,2.4859402179718018,True
MCQA_0018_4,MCQA,PNN,replace,6,không,hông,1,1,True,dialect_phrase,Negation/Function words,không,NamBo,0.2110326290130615,2.28538914302297,2.27490758895874,2.4859402179718018,True
MCQA_0018_4,MCQA,PNN,insert,7,,rồi,0,1,False,none,Unknown,,,0.2110326290130615,2.28538914302297,2.27490758895874,2.4859402179718018,False
MCQA_0018_4,MCQA,PNT1,replace,0,có,cúa,1,1,False,none,Orthographic variant,,,0.7440948486328125,10.74384044730552,2.27490758895874,3.0190024375915527,False
MCQA_0018_4,MCQA,PNT1,replace,1,như thế nào,răng,3,1,False,none,Interrogatives,,,0.7440948486328125,10.74384044730552,2.27490758895874,3.0190024375915527,True
MCQA_0018_4,MCQA,PNT1,replace,2,gì,chi,1,1,False,none,Interrogatives,,,0.7440948486328125,10.74384044730552,2.27490758895874,3.0190024375915527,True
MCQA_0018_4,MCQA,PNT1,replace,3,có,cúa,1,1,False,none,Orthographic variant,,,0.7440948486328125,10.74384044730552,2.27490758895874,3.0190024375915527,False
MCQA_0018_4,MCQA,PNT1,replace,4,có,cúa,1,1,False,none,Orthographic variant,,,0.7440948486328125,10.74384044730552,2.27490758895874,3.0190024375915527,False
MCQA_0018_4,MCQA,PNT2,replace,0,như thế nào,a răng,3,2,False,none,Interrogatives,,,0.4054198265075683,4.862849375885608,2.27490758895874,2.6803274154663086,True
MCQA_0018_4,MCQA,PNT2,replace,1,gì,chi,1,1,True,dialect_phrase,Interrogatives,gì,HaTinh_QB_QT; NgheAn,0.4054198265075683,4.862849375885608,2.27490758895874,2.6803274154663086,True
MCQA_0018_6,MCQA,PNN,replace,0,các,mấy,1,1,False,none,Negation/Function words,,,0.3002510070800781,6.288986757392422,2.8880574703216553,3.1883084774017334,True
MCQA_0018_6,MCQA,PNN,delete,1,thế,,1,0,True,standard_word,Demonstratives/Deixis,vậy,NamBo,0.3002510070800781,6.288986757392422,2.8880574703216553,3.1883084774017334,False
MCQA_0018_6,MCQA,PNN,replace,2,không,hông,1,1,True,dialect_phrase,Negation/Function words,không,NamBo,0.3002510070800781,6.288986757392422,2.8880574703216553,3.1883084774017334,True
MCQA_0018_6,MCQA,PNN,replace,3,cáu,quạu,1,1,False,none,Predicate vocabulary,,,0.3002510070800781,6.288986757392422,2.8880574703216553,3.1883084774017334,True
MCQA_0018_6,MCQA,PNT1,replace,0,như thế nào,răng,3,1,False,none,Interrogatives,,,0.4243927001953125,9.493914977325757,2.8880574703216553,3.312450170516968,True
MCQA_0018_6,MCQA,PNT1,insert,1,,mô,0,1,True,dialect_phrase,Negation/Function words,đâu (phủ định),ThanhHoa,0.4243927001953125,9.493914977325757,2.8880574703216553,3.312450170516968,False
MCQA_0018_6,MCQA,PNT2,replace,0,các,mấy,1,1,False,none,Negation/Function words,,,0.4086480140686035,9.065071895253896,2.8880574703216553,3.296705484390259,True
MCQA_0018_6,MCQA,PNT2,replace,1,như thế nào,a răng,3,2,False,none,Interrogatives,,,0.4086480140686035,9.065071895253896,2.8880574703216553,3.296705484390259,True
MCQA_0018_6,MCQA,PNT2,replace,2,không,nỏ,1,1,True,dialect_phrase,Negation/Function words,không,HaTinh_QB_QT; NgheAn,0.4086480140686035,9.065071895253896,2.8880574703216553,3.296705484390259,True
MCQA_0018_6,MCQA,PNT3,replace,0,các vị,mấy người,2,2,False,none,Pronouns,,,0.4727125167846679,10.852975731644168,2.8880574703216553,3.3607699871063232,True
MCQA_0018_6,MCQA,PNT3,replace,1,thế nào,răng,2,1,True,dialect_phrase,Interrogatives,sao / thế nào,HaTinh_QB_QT; Hue,0.4727125167846679,10.852975731644168,2.8880574703216553,3.3607699871063232,True
MCQA_0018_6,MCQA,PNT3,replace,2,cáu,đóa,1,1,False,none,Predicate vocabulary,,,0.4727125167846679,10.852975731644168,2.8880574703216553,3.3607699871063232,True
MCQA_0020_1,MCQA,PNB,replace,0,thời,tuổi,1,1,False,none,Predicate vocabulary,,,-0.2290124893188476,-8.015613191950244,3.667691946029663,3.438679456710815,True
MCQA_0020_1,MCQA,PNB,delete,1,ấy,,1,0,True,standard_word,Demonstratives/Deixis,ấy,BacBo,-0.2290124893188476,-8.015613191950244,3.667691946029663,3.438679456710815,False
MCQA_0020_1,MCQA,PNN,replace,0,tôi,tui,1,1,True,dialect_phrase,Pronouns,tôi,NamBo,0.1115772724151611,4.622618664976784,3.667691946029663,3.779269218444824,True
MCQA_0020_1,MCQA,PNT1,replace,0,bó với,bóa vứi,2,2,False,none,Orthographic variant,,,0.7186534404754639,41.184832473955346,3.667691946029663,4.386345386505127,False
MCQA_0020_1,MCQA,PNT1,replace,1,ấy,nứ,1,1,True,dialect_phrase,Demonstratives/Deixis,ấy / đó,ThanhHoa,0.7186534404754639,41.184832473955346,3.667691946029663,4.386345386505127,True
MCQA_0020_1,MCQA,PNT1,replace,2,trâu,tru,1,1,False,none,Orthographic variant,,,0.7186534404754639,41.184832473955346,3.667691946029663,4.386345386505127,False
MCQA_0020_1,MCQA,PNT2,replace,0,gì đã,chi đạ,2,2,False,none,Interrogatives,,,0.4803459644317627,24.14824432146507,3.667691946029663,4.148037910461426,True
MCQA_0020_1,MCQA,PNT2,replace,1,ấy,ấu,1,1,True,standard_word,Demonstratives/Deixis; Discourse particles,nớ; đỏ,HaTinh_QB_QT; NgheAn,0.4803459644317627,24.14824432146507,3.667691946029663,4.148037910461426,False
MCQA_0020_1,MCQA,PNT2,replace,2,trâu,tru,1,1,False,none,Orthographic variant,,,0.4803459644317627,24.14824432146507,3.667691946029663,4.148037910461426,False
MCQA_0020_1,MCQA,PNT3,replace,0,gì đã,chi đạ,2,2,False,none,Interrogatives,,,0.7004926204681396,39.73884860718426,3.667691946029663,4.368184566497803,True
MCQA_0020_1,MCQA,PNT3,replace,1,ấy của,ấu cụa,2,2,False,none,Orthographic variant,,,0.7004926204681396,39.73884860718426,3.667691946029663,4.368184566497803,False
MCQA_0020_2,MCQA,PNB,insert,0,,nhà,0,1,False,none,Unknown,,,-0.061152696609497,-1.566476772418106,3.2736308574676514,3.2124781608581543,False
MCQA_0020_2,MCQA,PNT1,replace,0,miêu,miu,1,1,False,none,Orthographic variant,,,0.3016328811645508,9.296990398511774,3.2736308574676514,3.575263738632202,False
MCQA_0020_2,MCQA,PNT2,replace,0,thế nào,răng,2,1,True,dialect_phrase,Interrogatives,sao / thế nào,HaTinh_QB_QT; NgheAn,0.8712656497955322,36.70404431517131,3.2736308574676514,4.144896507263184,True
MCQA_0020_2,MCQA,PNT2,replace,1,lớn,to,1,1,True,standard_word,Predicate vocabulary,nậy,HaTinh_QB_QT; NgheAn,0.8712656497955322,36.70404431517131,3.2736308574676514,4.144896507263184,True
MCQA_0020_2,MCQA,PNT2,replace,2,giữa,giửa,1,1,False,none,Orthographic variant,,,0.8712656497955322,36.70404431517131,3.2736308574676514,4.144896507263184,False
MCQA_0020_2,MCQA,PNT3,replace,0,cây,cơn,1,1,False,none,Predicate vocabulary,,,0.7900044918060303,31.778405791541452,3.2736308574676514,4.063635349273682,True
MCQA_0020_2,MCQA,PNT3,replace,1,thế nào,răng,2,1,True,dialect_phrase,Interrogatives,sao / thế nào,HaTinh_QB_QT; Hue,0.7900044918060303,31.778405791541452,3.2736308574676514,4.063635349273682,True
MCQA_0020_2,MCQA,PNT3,replace,2,lớn,to,1,1,True,standard_word,Predicate vocabulary,nậy,HaTinh_QB_QT,0.7900044918060303,31.778405791541452,3.2736308574676514,4.063635349273682,True
MCQA_0020_2,MCQA,PNT4,replace,0,miêu,mô,1,1,True,dialect_phrase,Interrogatives,đâu / nào,QuangNam,1.0761511325836182,51.05452798145976,3.2736308574676514,4.3497819900512695,True
MCQA_0020_2,MCQA,PNT4,replace,1,như thế nào,ra ren,3,2,False,none,Interrogatives,,,1.0761511325836182,51.05452798145976,3.2736308574676514,4.3497819900512695,True
MCQA_0020_2,MCQA,PNT4,replace,2,cả,nguyên,1,1,False,none,Negation/Function words,,,1.0761511325836182,51.05452798145976,3.2736308574676514,4.3497819900512695,True
MCQA_0020_2,MCQA,PNT4,replace,3,lớn,to,1,1,False,none,Predicate vocabulary,,,1.0761511325836182,51.05452798145976,3.2736308574676514,4.3497819900512695,True
MCQA_0025_10,MCQA,PNB,insert,0,,đâu,0,1,True,dialect_phrase,Interrogatives,đâu / nào,BacBo,-0.0742490291595459,-0.8567190772682185,2.482580184936523,2.4083311557769775,False
MCQA_0025_10,MCQA,PNB,insert,1,,đi ạ,0,2,False,none,Unknown,,,-0.0742490291595459,-0.8567190772682185,2.482580184936523,2.4083311557769775,False
MCQA_0025_10,MCQA,PNB,insert,2,,ạ,0,1,False,none,Unknown,,,-0.0742490291595459,-0.8567190772682185,2.482580184936523,2.4083311557769775,False
MCQA_0025_10,MCQA,PNB,insert,3,,ạ,0,1,False,none,Unknown,,,-0.0742490291595459,-0.8567190772682185,2.482580184936523,2.4083311557769775,False
MCQA_0025_10,MCQA,PNT1,replace,0,nói gì,nuối chi,2,2,False,none,Interrogatives,,,0.5608906745910645,9.005813593648465,2.482580184936523,3.043470859527588,True
MCQA_0025_10,MCQA,PNT1,replace,1,viết,vít,1,1,False,none,Orthographic variant,,,0.5608906745910645,9.005813593648465,2.482580184936523,3.043470859527588,False
MCQA_0025_10,MCQA,PNT1,replace,2,viết,vít,1,1,False,none,Orthographic variant,,,0.5608906745910645,9.005813593648465,2.482580184936523,3.043470859527588,False
MCQA_0025_10,MCQA,PNT4,replace,0,gì,chi,1,1,True,dialect_phrase,Interrogatives,gì,QuangNam,0.3752872943878174,5.452214674313126,2.482580184936523,2.857867479324341,True
MCQA_0025_10,MCQA,PNT4,insert,1,,dạ,0,1,False,none,Unknown,,,0.3752872943878174,5.452214674313126,2.482580184936523,2.857867479324341,False
MCQA_0025_10,MCQA,PNT4,delete,2,ạ,,1,0,False,none,Unknown,,,0.3752872943878174,5.452214674313126,2.482580184936523,2.857867479324341,False
MCQA_0025_10,MCQA,PNT4,insert,3,,dạ,0,1,False,none,Unknown,,,0.3752872943878174,5.452214674313126,2.482580184936523,2.857867479324341,False
MCQA_0025_10,MCQA,PNT4,delete,4,ạ,,1,0,False,none,Unknown,,,0.3752872943878174,5.452214674313126,2.482580184936523,2.857867479324341,False
MCQA_0025_10,MCQA,PNT4,insert,5,,dạ,0,1,False,none,Unknown,,,0.3752872943878174,5.452214674313126,2.482580184936523,2.857867479324341,False
MCQA_0025_10,MCQA,PNT4,replace,6,ạ thế,rứa,2,1,False,none,Demonstratives/Deixis,,,0.3752872943878174,5.452214674313126,2.482580184936523,2.857867479324341,True
MCQA_0025_10,MCQA,PNT4,insert,7,,dạ,0,1,False,none,Unknown,,,0.3752872943878174,5.452214674313126,2.482580184936523,2.857867479324341,False
MCQA_0025_10,MCQA,PNT4,delete,8,ạ,,1,0,False,none,Unknown,,,0.3752872943878174,5.452214674313126,2.482580184936523,2.857867479324341,False
MCQA_0025_9,MCQA,PNN,delete,0,như,,1,0,False,none,Unknown,,,0.2567088603973388,7.394526757682666,3.229454040527344,3.4861629009246826,False
MCQA_0025_9,MCQA,PNN,replace,1,khi,lúc,1,1,False,none,Connectives/Aspect markers,,,0.2567088603973388,7.394526757682666,3.229454040527344,3.4861629009246826,True
MCQA_0025_9,MCQA,PNN,replace,2,định,tính,1,1,False,none,Predicate vocabulary,,,0.2567088603973388,7.394526757682666,3.229454040527344,3.4861629009246826,True
MCQA_0025_9,MCQA,PNT1,replace,0,như thế nào,răng,3,1,False,none,Interrogatives,,,0.912315845489502,37.64821463790557,3.229454040527344,4.141769886016846,True
MCQA_0025_9,MCQA,PNT1,replace,1,nuối,núi,1,1,False,none,Orthographic variant,,,0.912315845489502,37.64821463790557,3.229454040527344,4.141769886016846,False
MCQA_0025_9,MCQA,PNT2,replace,0,như thế nào,a răng,3,2,False,none,Interrogatives,,,0.4055666923522949,12.636779650178209,3.229454040527344,3.6350207328796382,True
MCQA_0025_9,MCQA,PNT3,replace,0,thế nào,răng,2,1,True,dialect_phrase,Interrogatives,sao / thế nào,HaTinh_QB_QT; Hue,0.4806218147277832,15.591046550782774,3.229454040527344,3.710075855255127,True
MCQA_0025_9,MCQA,PNT3,replace,1,bảo,nói,1,1,False,none,Predicate vocabulary,,,0.4806218147277832,15.591046550782774,3.229454040527344,3.710075855255127,True
MCQA_0025_9,MCQA,PNT4,replace,0,thế nào,răn,2,1,True,standard_word,Interrogatives,ren; sao; sô,PhuYen; QuangNam; QuangNgai,0.5563652515411377,18.80590434798228,3.229454040527344,3.7858192920684814,True
MCQA_0025_9,MCQA,PNT4,replace,1,bảo,kêu,1,1,True,dialect_phrase,Predicate vocabulary,gọi,PhuYen; QuangNgai,0.5563652515411377,18.80590434798228,3.229454040527344,3.7858192920684814,True
MCQA_0030_1,MCQA,PNN,replace,0,van xin,năn nỉ,2,2,False,none,Idiomatic expressions,,,-0.061314582824707,-1.0556339694104082,2.8763797283172607,2.8150651454925537,True
MCQA_0030_1,MCQA,PNN,replace,1,về điều,nghe chuyện,2,2,False,none,Predicate vocabulary,,,-0.061314582824707,-1.0556339694104082,2.8763797283172607,2.8150651454925537,True
MCQA_0030_1,MCQA,PNN,replace,2,bảo,kêu,1,1,True,dialect_phrase,Predicate vocabulary,gọi,NamBo,-0.061314582824707,-1.0556339694104082,2.8763797283172607,2.8150651454925537,True
MCQA_0030_1,MCQA,PNN,replace,3,về,dìa,1,1,True,dialect_phrase,Predicate vocabulary,về,NamBo,-0.061314582824707,-1.0556339694104082,2.8763797283172607,2.8150651454925537,True
MCQA_0030_1,MCQA,PNN,replace,4,bảo,kêu,1,1,True,dialect_phrase,Predicate vocabulary,gọi,NamBo,-0.061314582824707,-1.0556339694104082,2.8763797283172607,2.8150651454925537,True
MCQA_0030_1,MCQA,PNN,replace,5,bảo,kêu,1,1,True,dialect_phrase,Predicate vocabulary,gọi,NamBo,-0.061314582824707,-1.0556339694104082,2.8763797283172607,2.8150651454925537,True
MCQA_0030_1,MCQA,PNN,replace,6,thức,đồ,1,1,False,none,Predicate vocabulary,,,-0.061314582824707,-1.0556339694104082,2.8763797283172607,2.8150651454925537,True
MCQA_0030_1,MCQA,PNT1,replace,0,sẽ nói cho,sĩa nuối choa,3,3,False,none,Pronouns,,,0.6126949787139893,15.005727859818798,2.8763797283172607,3.48907470703125,True
MCQA_0030_1,MCQA,PNT1,replace,1,chồng,chòng,1,1,False,none,Orthographic variant,,,0.6126949787139893,15.005727859818798,2.8763797283172607,3.48907470703125,False
MCQA_0030_1,MCQA,PNT1,replace,2,gì,chi,1,1,False,none,Interrogatives,,,0.6126949787139893,15.005727859818798,2.8763797283172607,3.48907470703125,True
MCQA_0030_1,MCQA,PNT1,replace,3,có,cóa,1,1,False,none,Orthographic variant,,,0.6126949787139893,15.005727859818798,2.8763797283172607,3.48907470703125,False
MCQA_0030_1,MCQA,PNT1,replace,4,có,cóa,1,1,False,none,Orthographic variant,,,0.6126949787139893,15.005727859818798,2.8763797283172607,3.48907470703125,False
MCQA_0030_1,MCQA,PNT1,replace,5,có,cóa,1,1,False,none,Orthographic variant,,,0.6126949787139893,15.005727859818798,2.8763797283172607,3.48907470703125,False
MCQA_0030_1,MCQA,PNT1,replace,6,có,cóa,1,1,False,none,Orthographic variant,,,0.6126949787139893,15.005727859818798,2.8763797283172607,3.48907470703125,False
MCQA_0030_1,MCQA,PNT2,replace,0,gì,chi,1,1,True,dialect_phrase,Interrogatives,gì,HaTinh_QB_QT; NgheAn,0.020015001296997,0.3588433627566942,2.8763797283172607,2.896394729614258,True
MCQA_0030_1,MCQA,PNT2,replace,1,bảo,kêu,1,1,False,none,Predicate vocabulary,,,0.020015001296997,0.3588433627566942,2.8763797283172607,2.896394729614258,True
MCQA_0030_1,MCQA,PNT2,replace,2,bảo,kêu,1,1,False,none,Predicate vocabulary,,,0.020015001296997,0.3588433627566942,2.8763797283172607,2.896394729614258,True
MCQA_0030_1,MCQA,PNT2,replace,3,bảo,kêu,1,1,False,none,Predicate vocabulary,,,0.020015001296997,0.3588433627566942,2.8763797283172607,2.896394729614258,True
MCQA_0030_1,MCQA,PNT3,replace,0,gì,chi,1,1,True,dialect_phrase,Interrogatives,gì; sao / thế nào,HaTinh_QB_QT; Hue,0.1153688430786132,2.1705871748165606,2.8763797283172607,2.991748571395874,True
MCQA_0030_1,MCQA,PNT4,replace,0,gì,chi,1,1,True,dialect_phrase,Interrogatives,gì,QuangNam,0.0103137493133544,0.1840153034467491,2.8763797283172607,2.8866934776306152,True
MCQA_0030_1,MCQA,PNT4,replace,1,bảo,kêu,1,1,True,dialect_phrase,Predicate vocabulary,gọi,PhuYen; QuangNgai,0.0103137493133544,0.1840153034467491,2.8763797283172607,2.8866934776306152,True
MCQA_0030_1,MCQA,PNT4,replace,2,bảo,kêu,1,1,True,dialect_phrase,Predicate vocabulary,gọi,PhuYen; QuangNgai,0.0103137493133544,0.1840153034467491,2.8763797283172607,2.8866934776306152,True
MCQA_0030_1,MCQA,PNT4,replace,3,rời,đi,1,1,False,none,Predicate vocabulary,,,0.0103137493133544,0.1840153034467491,2.8763797283172607,2.8866934776306152,True
MCQA_0030_1,MCQA,PNT4,replace,4,bảo,kêu,1,1,True,dialect_phrase,Predicate vocabulary,gọi,PhuYen; QuangNgai,0.0103137493133544,0.1840153034467491,2.8763797283172607,2.8866934776306152,True
MCQA_0030_3,MCQA,PNB,replace,0,mắng,thét,1,1,True,standard_word,Predicate vocabulary,mắng,BacBo,-0.0145258903503417,-0.2728943619301702,2.940406322479248,2.9258804321289062,True
MCQA_0030_3,MCQA,PNB,replace,1,gàn dở,ngớ ngẩn,2,2,False,none,Predicate vocabulary,,,-0.0145258903503417,-0.2728943619301702,2.940406322479248,2.9258804321289062,True
MCQA_0030_3,MCQA,PNN,insert,0,,mà,0,1,False,none,Unknown,,,0.2180218696594238,4.6100427748413075,2.940406322479248,3.158428192138672,False
MCQA_0030_3,MCQA,PNN,replace,1,mắng,la,1,1,False,none,Predicate vocabulary,,,0.2180218696594238,4.6100427748413075,2.940406322479248,3.158428192138672,True
MCQA_0030_3,MCQA,PNN,replace,2,gàn dở,khùng điên,2,2,False,none,Predicate vocabulary,,,0.2180218696594238,4.6100427748413075,2.940406322479248,3.158428192138672,True
MCQA_0030_3,MCQA,PNN,replace,3,chẳng,hông có,1,2,False,none,Negation/Function words,,,0.2180218696594238,4.6100427748413075,2.940406322479248,3.158428192138672,True
MCQA_0030_3,MCQA,PNT1,replace,0,con,coan,1,1,False,none,Orthographic variant,,,0.4210638999938965,9.908014717087177,2.940406322479248,3.3614702224731445,False
MCQA_0030_3,MCQA,PNT1,replace,1,gì,chi,1,1,False,none,Interrogatives,,,0.4210638999938965,9.908014717087177,2.940406322479248,3.3614702224731445,True
MCQA_0030_3,MCQA,PNT2,replace,0,đã,đạ,1,1,True,dialect_phrase,Connectives/Aspect markers,đã,HaTinh_QB_QT,0.5135054588317871,12.700322471739335,2.940406322479248,3.453911781311035,True
MCQA_0030_3,MCQA,PNT2,replace,1,bản,xóm,1,1,False,none,Predicate vocabulary,,,0.5135054588317871,12.700322471739335,2.940406322479248,3.453911781311035,True
MCQA_0030_3,MCQA,PNT2,replace,2,gì đã,chi đạ,2,2,False,none,Interrogatives,,,0.5135054588317871,12.700322471739335,2.940406322479248,3.453911781311035,True
MCQA_0030_3,MCQA,PNT2,replace,3,mắng,chưởi,1,1,True,dialect_phrase,Predicate vocabulary,mắng,HaTinh_QB_QT,0.5135054588317871,12.700322471739335,2.940406322479248,3.453911781311035,True
MCQA_0030_3,MCQA,PNT2,replace,4,gàn dở,bị điên,2,2,False,none,Predicate vocabulary,,,0.5135054588317871,12.700322471739335,2.940406322479248,3.453911781311035,True
MCQA_0030_3,MCQA,PNT2,replace,5,chẳng,nỏ,1,1,True,dialect_phrase,Negation/Function words,không,HaTinh_QB_QT; NgheAn,0.5135054588317871,12.700322471739335,2.940406322479248,3.453911781311035,True
MCQA_0030_3,MCQA,PNT3,replace,0,vợ chồng,cấy dông,2,2,False,none,Kinship/Honorific terms,,,0.953749179840088,30.191024905641218,2.940406322479248,3.894155502319336,True
MCQA_0030_3,MCQA,PNT3,replace,1,gì,chi,1,1,True,dialect_phrase,Interrogatives,gì; sao / thế nào,HaTinh_QB_QT; Hue,0.953749179840088,30.191024905641218,2.940406322479248,3.894155502319336,True
MCQA_0030_3,MCQA,PNT3,replace,2,và làm theo,rồi mần dọi,3,3,False,none,Connectives/Aspect markers,,,0.953749179840088,30.191024905641218,2.940406322479248,3.894155502319336,True
MCQA_0030_3,MCQA,PNT3,replace,3,mắng,chưởi,1,1,True,dialect_phrase,Predicate vocabulary,mắng,HaTinh_QB_QT,0.953749179840088,30.191024905641218,2.940406322479248,3.894155502319336,True
MCQA_0030_3,MCQA,PNT3,replace,4,vợ chồng,cấy dông,2,2,False,none,Kinship/Honorific terms,,,0.953749179840088,30.191024905641218,2.940406322479248,3.894155502319336,True
MCQA_0030_3,MCQA,PNT3,replace,5,chẳng,nỏ,1,1,True,dialect_phrase,Negation/Function words,không,HaTinh_QB_QT,0.953749179840088,30.191024905641218,2.940406322479248,3.894155502319336,True
MCQA_0030_3,MCQA,PNT3,replace,6,làm theo,mần dọi,2,2,False,none,Predicate vocabulary,,,0.953749179840088,30.191024905641218,2.940406322479248,3.894155502319336,True
MCQA_0030_3,MCQA,PNT4,replace,0,gì,chi,1,1,True,dialect_phrase,Interrogatives,gì,QuangNam,0.2027502059936523,4.25337628565125,2.940406322479248,3.1431565284729004,True
MCQA_0030_3,MCQA,PNT4,replace,1,mắng,chửi,1,1,True,dialect_phrase,Predicate vocabulary,mắng,QuangNam,0.2027502059936523,4.25337628565125,2.940406322479248,3.1431565284729004,True
MCQA_0030_3,MCQA,PNT4,replace,2,gàn dở,khùng,2,1,False,none,Predicate vocabulary,,,0.2027502059936523,4.25337628565125,2.940406322479248,3.1431565284729004,True
MCQA_0036_5,MCQA,PNN,replace,0,bát,chén,1,1,False,none,Predicate vocabulary,,,0.03200364112854,0.3842802369282641,2.469477891921997,2.501481533050537,True
MCQA_0036_5,MCQA,PNN,replace,1,bát,chén,1,1,False,none,Predicate vocabulary,,,0.03200364112854,0.3842802369282641,2.469477891921997,2.501481533050537,True
MCQA_0036_5,MCQA,PNN,replace,2,bát,chén,1,1,False,none,Predicate vocabulary,,,0.03200364112854,0.3842802369282641,2.469477891921997,2.501481533050537,True
MCQA_0036_5,MCQA,PNN,replace,3,bát,chén,1,1,False,none,Predicate vocabulary,,,0.03200364112854,0.3842802369282641,2.469477891921997,2.501481533050537,True
MCQA_0036_5,MCQA,PNN,replace,4,bát,chén,1,1,False,none,Predicate vocabulary,,,0.03200364112854,0.3842802369282641,2.469477891921997,2.501481533050537,True
MCQA_0036_5,MCQA,PNN,replace,5,bát,chén,1,1,False,none,Predicate vocabulary,,,0.03200364112854,0.3842802369282641,2.469477891921997,2.501481533050537,True
MCQA_0036_5,MCQA,PNT1,replace,0,hỏi,huổi,1,1,False,none,Orthographic variant,,,0.7323451042175293,12.761017826652123,2.469477891921997,3.2018229961395264,False
MCQA_0036_5,MCQA,PNT1,replace,1,gì,chi,1,1,False,none,Interrogatives,,,0.7323451042175293,12.761017826652123,2.469477891921997,3.2018229961395264,True
MCQA_0036_5,MCQA,PNT1,replace,2,nào,mô,1,1,True,dialect_phrase,Negation/Function words,đâu (phủ định),ThanhHoa,0.7323451042175293,12.761017826652123,2.469477891921997,3.2018229961395264,True
MCQA_0036_5,MCQA,PNT1,replace,3,nào,mô,1,1,True,dialect_phrase,Negation/Function words,đâu (phủ định),ThanhHoa,0.7323451042175293,12.761017826652123,2.469477891921997,3.2018229961395264,True
MCQA_0036_5,MCQA,PNT1,replace,4,nào,mô,1,1,True,dialect_phrase,Negation/Function words,đâu (phủ định),ThanhHoa,0.7323451042175293,12.761017826652123,2.469477891921997,3.2018229961395264,True
MCQA_0036_5,MCQA,PNT1,replace,5,nào,mô,1,1,True,dialect_phrase,Negation/Function words,đâu (phủ định),ThanhHoa,0.7323451042175293,12.761017826652123,2.469477891921997,3.2018229961395264,True
MCQA_0036_5,MCQA,PNT1,replace,6,nào,mô,1,1,True,dialect_phrase,Negation/Function words,đâu (phủ định),ThanhHoa,0.7323451042175293,12.761017826652123,2.469477891921997,3.2018229961395264,True
MCQA_0036_5,MCQA,PNT1,replace,7,nào,mô,1,1,True,dialect_phrase,Negation/Function words,đâu (phủ định),ThanhHoa,0.7323451042175293,12.761017826652123,2.469477891921997,3.2018229961395264,True
MCQA_0036_5,MCQA,PNT1,replace,8,như thế nào,răng,3,1,False,none,Interrogatives,,,0.7323451042175293,12.761017826652123,2.469477891921997,3.2018229961395264,True
MCQA_0036_5,MCQA,PNT2,replace,0,gì,chi,1,1,True,dialect_phrase,Interrogatives,gì,HaTinh_QB_QT; NgheAn,0.5847249031066895,9.387998766188604,2.469477891921997,3.0542027950286865,True
MCQA_0036_5,MCQA,PNT2,replace,1,nào,mô,1,1,True,dialect_phrase,Interrogatives; Negation/Function words,đâu (phủ định); đâu / nào,HaTinh_QB_QT; NgheAn,0.5847249031066895,9.387998766188604,2.469477891921997,3.0542027950286865,False
MCQA_0036_5,MCQA,PNT2,replace,2,nào,mô,1,1,True,dialect_phrase,Interrogatives; Negation/Function words,đâu (phủ định); đâu / nào,HaTinh_QB_QT; NgheAn,0.5847249031066895,9.387998766188604,2.469477891921997,3.0542027950286865,False
MCQA_0036_5,MCQA,PNT2,replace,3,nào,mô,1,1,True,dialect_phrase,Interrogatives; Negation/Function words,đâu (phủ định); đâu / nào,HaTinh_QB_QT; NgheAn,0.5847249031066895,9.387998766188604,2.469477891921997,3.0542027950286865,False
MCQA_0036_5,MCQA,PNT2,replace,4,nào,mô,1,1,True,dialect_phrase,Interrogatives; Negation/Function words,đâu (phủ định); đâu / nào,HaTinh_QB_QT; NgheAn,0.5847249031066895,9.387998766188604,2.469477891921997,3.0542027950286865,False
MCQA_0036_5,MCQA,PNT2,replace,5,nào,mô,1,1,True,dialect_phrase,Interrogatives; Negation/Function words,đâu (phủ định); đâu / nào,HaTinh_QB_QT; NgheAn,0.5847249031066895,9.387998766188604,2.469477891921997,3.0542027950286865,False
MCQA_0036_5,MCQA,PNT2,replace,6,nào,mô,1,1,True,dialect_phrase,Interrogatives; Negation/Function words,đâu (phủ định); đâu / nào,HaTinh_QB_QT; NgheAn,0.5847249031066895,9.387998766188604,2.469477891921997,3.0542027950286865,False
MCQA_0036_5,MCQA,PNT2,replace,7,như thế nào,a răng,3,2,False,none,Interrogatives,,,0.5847249031066895,9.387998766188604,2.469477891921997,3.0542027950286865,True
MCQA_0036_5,MCQA,PNT3,replace,0,cậu,thằng,1,1,False,none,Pronouns,,,0.6785774230957031,11.474451516433223,2.469477891921997,3.1480553150177,True
MCQA_0036_5,MCQA,PNT3,replace,1,điều gì,cấy chi,2,2,False,none,Interrogatives,,,0.6785774230957031,11.474451516433223,2.469477891921997,3.1480553150177,True
MCQA_0036_5,MCQA,PNT3,replace,2,bát nào,chén mô,2,2,False,none,Interrogatives,,,0.6785774230957031,11.474451516433223,2.469477891921997,3.1480553150177,True
MCQA_0036_5,MCQA,PNT3,replace,3,bát,chén,1,1,False,none,Predicate vocabulary,,,0.6785774230957031,11.474451516433223,2.469477891921997,3.1480553150177,True
MCQA_0036_5,MCQA,PNT3,replace,4,bát nào,chén mô,2,2,False,none,Interrogatives,,,0.6785774230957031,11.474451516433223,2.469477891921997,3.1480553150177,True
MCQA_0036_5,MCQA,PNT3,replace,5,bát,chén,1,1,False,none,Predicate vocabulary,,,0.6785774230957031,11.474451516433223,2.469477891921997,3.1480553150177,True
MCQA_0036_5,MCQA,PNT3,replace,6,bát nào,chén mô,2,2,False,none,Interrogatives,,,0.6785774230957031,11.474451516433223,2.469477891921997,3.1480553150177,True
MCQA_0036_5,MCQA,PNT3,replace,7,bát nào,chén mô,2,2,False,none,Interrogatives,,,0.6785774230957031,11.474451516433223,2.469477891921997,3.1480553150177,True
MCQA_0036_5,MCQA,PNT3,replace,8,nào,mô,1,1,True,dialect_phrase,Interrogatives; Negation/Function words,đâu (phủ định); đâu / nào,HaTinh_QB_QT; Hue,0.6785774230957031,11.474451516433223,2.469477891921997,3.1480553150177,False
MCQA_0036_5,MCQA,PNT3,replace,9,nào,mô,1,1,True,dialect_phrase,Interrogatives; Negation/Function words,đâu (phủ định); đâu / nào,HaTinh_QB_QT; Hue,0.6785774230957031,11.474451516433223,2.469477891921997,3.1480553150177,False
MCQA_0036_5,MCQA,PNT3,replace,10,và,với,1,1,False,none,Connectives/Aspect markers,,,0.6785774230957031,11.474451516433223,2.469477891921997,3.1480553150177,True
MCQA_0036_5,MCQA,PNT3,replace,11,thế nào,răng,2,1,True,dialect_phrase,Interrogatives,sao / thế nào,HaTinh_QB_QT; Hue,0.6785774230957031,11.474451516433223,2.469477891921997,3.1480553150177,True
MCQA_0036_5,MCQA,PNT4,replace,0,gì,chi,1,1,True,dialect_phrase,Interrogatives,gì,QuangNam,0.5221693515777588,8.102190178879402,2.469477891921997,2.991647243499756,True
MCQA_0036_5,MCQA,PNT4,replace,1,nào,mô,1,1,True,dialect_phrase,Interrogatives,đâu / nào,QuangNam,0.5221693515777588,8.102190178879402,2.469477891921997,2.991647243499756,True
MCQA_0036_5,MCQA,PNT4,replace,2,nào,mô,1,1,True,dialect_phrase,Interrogatives,đâu / nào,QuangNam,0.5221693515777588,8.102190178879402,2.469477891921997,2.991647243499756,True
MCQA_0036_5,MCQA,PNT4,replace,3,nào,mô,1,1,True,dialect_phrase,Interrogatives,đâu / nào,QuangNam,0.5221693515777588,8.102190178879402,2.469477891921997,2.991647243499756,True
MCQA_0036_5,MCQA,PNT4,replace,4,nào,mô,1,1,True,dialect_phrase,Interrogatives,đâu / nào,QuangNam,0.5221693515777588,8.102190178879402,2.469477891921997,2.991647243499756,True
MCQA_0036_5,MCQA,PNT4,replace,5,nào,mô,1,1,True,dialect_phrase,Interrogatives,đâu / nào,QuangNam,0.5221693515777588,8.102190178879402,2.469477891921997,2.991647243499756,True
MCQA_0036_5,MCQA,PNT4,replace,6,nào,mô,1,1,True,dialect_phrase,Interrogatives,đâu / nào,QuangNam,0.5221693515777588,8.102190178879402,2.469477891921997,2.991647243499756,True
MCQA_0036_5,MCQA,PNT4,replace,7,thế nào,răng,2,1,True,standard_word,Interrogatives,ren; sao; sô,PhuYen; QuangNam; QuangNgai,0.5221693515777588,8.102190178879402,2.469477891921997,2.991647243499756,True
MCQA_0037_2,MCQA,PNN,replace,0,ông bố,ba,2,1,False,none,Kinship/Honorific terms,,,0.5220057964324951,11.963515130603422,2.859607219696045,3.38161301612854,True
MCQA_0037_2,MCQA,PNN,replace,1,mẹ nhé,má nhen,2,2,False,none,Kinship/Honorific terms,,,0.5220057964324951,11.963515130603422,2.859607219696045,3.38161301612854,True
MCQA_0037_2,MCQA,PNN,replace,2,không,hông,1,1,True,dialect_phrase,Negation/Function words,không,NamBo,0.5220057964324951,11.963515130603422,2.859607219696045,3.38161301612854,True
MCQA_0037_2,MCQA,PNN,replace,3,mẹ,má,1,1,False,none,Kinship/Honorific terms,,,0.5220057964324951,11.963515130603422,2.859607219696045,3.38161301612854,True
MCQA_0037_2,MCQA,PNN,replace,4,mẹ,má,1,1,False,none,Kinship/Honorific terms,,,0.5220057964324951,11.963515130603422,2.859607219696045,3.38161301612854,True
MCQA_0037_2,MCQA,PNN,replace,5,lại,về,1,1,False,none,Predicate vocabulary,,,0.5220057964324951,11.963515130603422,2.859607219696045,3.38161301612854,True
MCQA_0037_2,MCQA,PNN,replace,6,mẹ và,má rồi,2,2,False,none,Kinship/Honorific terms,,,0.5220057964324951,11.963515130603422,2.859607219696045,3.38161301612854,True
MCQA_0037_2,MCQA,PNN,replace,7,cạnh,kế bên,1,2,False,none,Predicate vocabulary,,,0.5220057964324951,11.963515130603422,2.859607219696045,3.38161301612854,True
MCQA_0037_2,MCQA,PNN,replace,8,bố,ba,1,1,False,none,Kinship/Honorific terms,,,0.5220057964324951,11.963515130603422,2.859607219696045,3.38161301612854,True
MCQA_0037_2,MCQA,PNT1,replace,0,nói,nuối,1,1,False,none,Orthographic variant,,,0.7716116905212402,20.30414344232896,2.859607219696045,3.631218910217285,False
MCQA_0037_2,MCQA,PNT1,replace,1,gì,chi,1,1,False,none,Interrogatives,,,0.7716116905212402,20.30414344232896,2.859607219696045,3.631218910217285,True
MCQA_0037_2,MCQA,PNT1,replace,2,cho,choa,1,1,True,dialect_phrase,Pronouns,tao; tôi,ThanhHoa,0.7716116905212402,20.30414344232896,2.859607219696045,3.631218910217285,True
MCQA_0037_2,MCQA,PNT1,replace,3,cho,choa,1,1,True,dialect_phrase,Pronouns,tao; tôi,ThanhHoa,0.7716116905212402,20.30414344232896,2.859607219696045,3.631218910217285,True
MCQA_0037_2,MCQA,PNT1,replace,4,cho,choa,1,1,True,dialect_phrase,Pronouns,tao; tôi,ThanhHoa,0.7716116905212402,20.30414344232896,2.859607219696045,3.631218910217285,True
MCQA_0037_2,MCQA,PNT1,replace,5,nghe,nghie,1,1,False,none,Orthographic variant,,,0.7716116905212402,20.30414344232896,2.859607219696045,3.631218910217285,False
MCQA_0037_2,MCQA,PNT1,replace,6,nói,nuối,1,1,False,none,Orthographic variant,,,0.7716116905212402,20.30414344232896,2.859607219696045,3.631218910217285,False
MCQA_0037_2,MCQA,PNT2,replace,0,nhé,nha,1,1,True,standard_word,Discourse particles,nghe,HaTinh_QB_QT,0.5963265895843506,14.233195553859062,2.859607219696045,3.4559338092803955,True
MCQA_0037_2,MCQA,PNT2,replace,1,đã làm gì,đạ mần chi,3,3,False,none,Interrogatives,,,0.5963265895843506,14.233195553859062,2.859607219696045,3.4559338092803955,True
MCQA_0037_2,MCQA,PNT2,replace,2,không,nỏ,1,1,True,dialect_phrase,Negation/Function words,không,HaTinh_QB_QT; NgheAn,0.5963265895843506,14.233195553859062,2.859607219696045,3.4559338092803955,True
MCQA_0037_2,MCQA,PNT3,replace,0,ông bố,bọ,2,1,True,dialect_phrase,Kinship/Honorific terms,bố,HaTinh_QB_QT,0.648176908493042,15.919563027089335,2.859607219696045,3.507784128189087,True
MCQA_0037_2,MCQA,PNT3,replace,1,nhé,nghe,1,1,True,dialect_phrase,Discourse particles,nha; nhé,HaTinh_QB_QT; Hue,0.648176908493042,15.919563027089335,2.859607219696045,3.507784128189087,True
MCQA_0037_2,MCQA,PNT3,replace,2,làm gì,mần cấy chi,2,3,True,standard_word,Interrogatives,mần chi,HaTinh_QB_QT; Hue,0.648176908493042,15.919563027089335,2.859607219696045,3.507784128189087,True
MCQA_0037_2,MCQA,PNT3,replace,3,không,nọ,1,1,True,standard_word,Negation/Function words,nỏ,HaTinh_QB_QT,0.648176908493042,15.919563027089335,2.859607219696045,3.507784128189087,True
MCQA_0037_2,MCQA,PNT3,replace,4,và,rồi,1,1,False,none,Connectives/Aspect markers,,,0.648176908493042,15.919563027089335,2.859607219696045,3.507784128189087,True
MCQA_0037_2,MCQA,PNT3,replace,5,bố,bọ,1,1,True,dialect_phrase,Kinship/Honorific terms,bố,HaTinh_QB_QT,0.648176908493042,15.919563027089335,2.859607219696045,3.507784128189087,True
MCQA_0037_2,MCQA,PNT4,replace,0,bố,ba,1,1,True,dialect_phrase,Kinship/Honorific terms,bố,QuangNam; QuangNgai,0.2972915172576904,6.0429408033757355,2.859607219696045,3.1568987369537354,True
MCQA_0037_2,MCQA,PNT4,replace,1,nhé,nghe,1,1,False,none,Discourse particles,,,0.2972915172576904,6.0429408033757355,2.859607219696045,3.1568987369537354,True
MCQA_0037_2,MCQA,PNT4,replace,2,gì,chi,1,1,True,dialect_phrase,Interrogatives,gì,QuangNam,0.2972915172576904,6.0429408033757355,2.859607219696045,3.1568987369537354,True
MCQA_0037_2,MCQA,PNT4,replace,3,bố,ba,1,1,True,dialect_phrase,Kinship/Honorific terms,bố,QuangNam; QuangNgai,0.2972915172576904,6.0429408033757355,2.859607219696045,3.1568987369537354,True
MCQA_0037_4,MCQA,PNN,replace,0,không,hông,1,1,True,dialect_phrase,Negation/Function words,không,NamBo,0.2853336334228515,2.871435317523204,2.162851333618164,2.4481849670410156,True
MCQA_0037_4,MCQA,PNN,replace,1,không,hông,1,1,True,dialect_phrase,Negation/Function words,không,NamBo,0.2853336334228515,2.871435317523204,2.162851333618164,2.4481849670410156,True
MCQA_0037_4,MCQA,PNN,replace,2,đến,tới,1,1,False,none,Predicate vocabulary,,,0.2853336334228515,2.871435317523204,2.162851333618164,2.4481849670410156,True
MCQA_0037_4,MCQA,PNT1,replace,0,nghe người,nghie ngừi,2,2,False,none,Orthographic variant,,,1.259002447128296,21.930239325537684,2.162851333618164,3.42185378074646,False
MCQA_0037_4,MCQA,PNT1,replace,1,nói,nuối,1,1,False,none,Orthographic variant,,,1.259002447128296,21.930239325537684,2.162851333618164,3.42185378074646,False
MCQA_0037_4,MCQA,PNT1,replace,2,điện,địn,1,1,False,none,Orthographic variant,,,1.259002447128296,21.930239325537684,2.162851333618164,3.42185378074646,False
MCQA_0037_4,MCQA,PNT1,replace,3,vậy,rứ,1,1,False,none,Demonstratives/Deixis,,,1.259002447128296,21.930239325537684,2.162851333618164,3.42185378074646,True
MCQA_0037_4,MCQA,PNT1,replace,4,vậy,rứ,1,1,False,none,Demonstratives/Deixis,,,1.259002447128296,21.930239325537684,2.162851333618164,3.42185378074646,True
MCQA_0037_4,MCQA,PNT2,replace,0,sao không,răng nỏ,2,2,False,none,Interrogatives,,,0.6630556583404541,8.180347417974701,2.162851333618164,2.825906991958618,True
MCQA_0037_4,MCQA,PNT2,replace,1,vậy,rứa,1,1,True,dialect_phrase,Demonstratives/Deixis,vậy / thế,NgheAn,0.6630556583404541,8.180347417974701,2.162851333618164,2.825906991958618,True
MCQA_0037_4,MCQA,PNT2,replace,2,vậy,rứa,1,1,True,dialect_phrase,Demonstratives/Deixis,vậy / thế,NgheAn,0.6630556583404541,8.180347417974701,2.162851333618164,2.825906991958618,True
MCQA_0037_4,MCQA,PNT2,replace,3,không,nỏ,1,1,True,dialect_phrase,Negation/Function words,không,HaTinh_QB_QT; NgheAn,0.6630556583404541,8.180347417974701,2.162851333618164,2.825906991958618,True
MCQA_0037_4,MCQA,PNT3,replace,0,tại sao,vì răng,2,2,False,none,Interrogatives,,,0.7583632469177246,9.867923781327107,2.162851333618164,2.9212145805358887,True
MCQA_0037_4,MCQA,PNT3,replace,1,nói chuyện,gọi,2,1,False,none,Predicate vocabulary,,,0.7583632469177246,9.867923781327107,2.162851333618164,2.9212145805358887,True
MCQA_0037_4,MCQA,PNT3,replace,2,vậy,rứa,1,1,True,standard_word,Demonstratives/Deixis,a rứa; như ri; như rứa; ri,HaTinh_QB_QT; Hue,0.7583632469177246,9.867923781327107,2.162851333618164,2.9212145805358887,True
MCQA_0037_4,MCQA,PNT3,replace,3,mất lịch sự,bờ hơ,3,2,True,dialect_phrase,Predicate vocabulary,vô duyên,HaTinh_QB_QT,0.7583632469177246,9.867923781327107,2.162851333618164,2.9212145805358887,True
MCQA_0037_4,MCQA,PNT3,replace,4,vậy,rứa,1,1,True,standard_word,Demonstratives/Deixis,a rứa; như ri; như rứa; ri,HaTinh_QB_QT; Hue,0.7583632469177246,9.867923781327107,2.162851333618164,2.9212145805358887,True
MCQA_0037_4,MCQA,PNT4,replace,0,sao,ren,1,1,True,dialect_phrase,Interrogatives,sao / thế nào,QuangNam,0.6408872604370117,7.810344450298747,2.162851333618164,2.803738594055176,True
MCQA_0037_4,MCQA,PNT4,replace,1,vậy,rứa,1,1,True,standard_word,Demonstratives/Deixis,như dậy; như ri; như rứa; như vầy; như vậy,PhuYen; QuangNam; QuangNgai,0.6408872604370117,7.810344450298747,2.162851333618164,2.803738594055176,True
MCQA_0037_4,MCQA,PNT4,replace,2,vậy,rứa,1,1,True,standard_word,Demonstratives/Deixis,như dậy; như ri; như rứa; như vầy; như vậy,PhuYen; QuangNam; QuangNgai,0.6408872604370117,7.810344450298747,2.162851333618164,2.803738594055176,True
MCQA_0037_4,MCQA,PNT4,replace,3,đến,tới,1,1,False,none,Predicate vocabulary,,,0.6408872604370117,7.810344450298747,2.162851333618164,2.803738594055176,True
MCQA_0039_4,MCQA,PNN,replace,0,khi,lúc,1,1,False,none,Connectives/Aspect markers,,,0.2079241275787353,10.609077413477324,3.8265292644500737,4.034453392028809,True
MCQA_0039_4,MCQA,PNN,replace,1,gấp gáp,rốp rẻng,2,2,False,none,Predicate vocabulary,,,0.2079241275787353,10.609077413477324,3.8265292644500737,4.034453392028809,True
MCQA_0039_4,MCQA,PNN,delete,2,ý,,1,0,False,none,Unknown,,,0.2079241275787353,10.609077413477324,3.8265292644500737,4.034453392028809,False
MCQA_0039_4,MCQA,PNN,replace,3,gì,sao,1,1,True,dialect_phrase,Interrogatives,sao / thế nào,NamBo,0.2079241275787353,10.609077413477324,3.8265292644500737,4.034453392028809,True
MCQA_0039_4,MCQA,PNN,replace,4,các,mấy,1,1,False,none,Negation/Function words,,,0.2079241275787353,10.609077413477324,3.8265292644500737,4.034453392028809,True
MCQA_0039_4,MCQA,PNN,replace,5,đến,tới,1,1,False,none,Predicate vocabulary,,,0.2079241275787353,10.609077413477324,3.8265292644500737,4.034453392028809,True
MCQA_0039_4,MCQA,PNN,replace,6,không,hông,1,1,True,dialect_phrase,Negation/Function words,không,NamBo,0.2079241275787353,10.609077413477324,3.8265292644500737,4.034453392028809,True
MCQA_0039_4,MCQA,PNN,replace,7,các,mấy,1,1,False,none,Negation/Function words,,,0.2079241275787353,10.609077413477324,3.8265292644500737,4.034453392028809,True
MCQA_0039_4,MCQA,PNN,replace,8,nấp mau,núp lẹ,2,2,False,none,Predicate vocabulary,,,0.2079241275787353,10.609077413477324,3.8265292644500737,4.034453392028809,True
MCQA_0039_4,MCQA,PNT1,replace,0,mẹ,miẹ,1,1,False,none,Orthographic variant,,,0.9646031856536864,74.53473667026147,3.8265292644500737,4.79113245010376,False
MCQA_0039_4,MCQA,PNT1,replace,1,liên,lin,1,1,False,none,Orthographic variant,,,0.9646031856536864,74.53473667026147,3.8265292644500737,4.79113245010376,False
MCQA_0039_4,MCQA,PNT1,replace,2,gì,chi,1,1,False,none,Interrogatives,,,0.9646031856536864,74.53473667026147,3.8265292644500737,4.79113245010376,True
MCQA_0039_4,MCQA,PNT1,replace,3,con,coan,1,1,False,none,Orthographic variant,,,0.9646031856536864,74.53473667026147,3.8265292644500737,4.79113245010376,False
MCQA_0039_4,MCQA,PNT1,replace,4,ngon,ngoan,1,1,False,none,Orthographic variant,,,0.9646031856536864,74.53473667026147,3.8265292644500737,4.79113245010376,False
MCQA_0039_4,MCQA,PNT1,replace,5,con,coan,1,1,False,none,Orthographic variant,,,0.9646031856536864,74.53473667026147,3.8265292644500737,4.79113245010376,False
MCQA_0039_4,MCQA,PNT1,replace,6,gì,chi,1,1,False,none,Interrogatives,,,0.9646031856536864,74.53473667026147,3.8265292644500737,4.79113245010376,True
MCQA_0039_4,MCQA,PNT1,replace,7,hiểm,hỉm,1,1,False,none,Orthographic variant,,,0.9646031856536864,74.53473667026147,3.8265292644500737,4.79113245010376,False
MCQA_0039_4,MCQA,PNT1,replace,8,con kiếm,coan kím,2,2,False,none,Orthographic variant,,,0.9646031856536864,74.53473667026147,3.8265292644500737,4.79113245010376,False
MCQA_0039_4,MCQA,PNT2,replace,0,mẹ,mệ,1,1,True,dialect_phrase,Kinship/Honorific terms,bà,HaTinh_QB_QT; NgheAn,0.4941070079803467,29.33353950695027,3.8265292644500737,4.32063627243042,True
MCQA_0039_4,MCQA,PNT2,replace,1,gì,chi,1,1,True,dialect_phrase,Interrogatives,gì,HaTinh_QB_QT; NgheAn,0.4941070079803467,29.33353950695027,3.8265292644500737,4.32063627243042,True
MCQA_0039_4,MCQA,PNT2,replace,2,không,nỏ,1,1,True,dialect_phrase,Negation/Function words,không,HaTinh_QB_QT; NgheAn,0.4941070079803467,29.33353950695027,3.8265292644500737,4.32063627243042,True
MCQA_0039_4,MCQA,PNT2,replace,3,gì,chi,1,1,True,dialect_phrase,Interrogatives,gì,HaTinh_QB_QT; NgheAn,0.4941070079803467,29.33353950695027,3.8265292644500737,4.32063627243042,True
MCQA_0039_4,MCQA,PNT3,delete,0,ý,,1,0,False,none,Unknown,,,0.3108465671539306,16.735287859877474,3.8265292644500737,4.137375831604004,False
MCQA_0039_4,MCQA,PNT3,replace,1,gì,răng,1,1,True,dialect_phrase,Interrogatives,sao / thế nào,HaTinh_QB_QT; Hue,0.3108465671539306,16.735287859877474,3.8265292644500737,4.137375831604004,True
MCQA_0039_4,MCQA,PNT3,replace,2,các con,mấy đứa,2,2,False,none,Pronouns,,,0.3108465671539306,16.735287859877474,3.8265292644500737,4.137375831604004,True
MCQA_0039_4,MCQA,PNT3,replace,3,gì,chi,1,1,True,dialect_phrase,Interrogatives,gì; sao / thế nào,HaTinh_QB_QT; Hue,0.3108465671539306,16.735287859877474,3.8265292644500737,4.137375831604004,True
MCQA_0039_4,MCQA,PNT3,replace,4,các con,mấy đứa,2,2,False,none,Pronouns,,,0.3108465671539306,16.735287859877474,3.8265292644500737,4.137375831604004,True
MCQA_0039_4,MCQA,PNT3,replace,5,tai họa nấp,nguy hiểm trốn,3,3,False,none,Predicate vocabulary,,,0.3108465671539306,16.735287859877474,3.8265292644500737,4.137375831604004,True
MCQA_0039_4,MCQA,PNT4,replace,0,gì,chi,1,1,True,dialect_phrase,Interrogatives,gì,QuangNam,0.1694269180297851,8.474866424042446,3.8265292644500737,3.9959561824798584,True
MCQA_0039_4,MCQA,PNT4,replace,1,gì,chi,1,1,True,dialect_phrase,Interrogatives,gì,QuangNam,0.1694269180297851,8.474866424042446,3.8265292644500737,3.9959561824798584,True
MCQA_0039_4,MCQA,PNT4,replace,2,nấp mau,núp nhanh,2,2,False,none,Predicate vocabulary,,,0.1694269180297851,8.474866424042446,3.8265292644500737,3.9959561824798584,True
MCQA_0041_5,MCQA,PNB,replace,0,cặp,gắp,1,1,False,none,Predicate vocabulary,,,-0.1416018009185791,-2.341968558099465,2.8756937980651855,2.7340919971466064,True
MCQA_0041_5,MCQA,PNB,replace,1,trách,cười,1,1,False,none,Predicate vocabulary,,,-0.1416018009185791,-2.341968558099465,2.8756937980651855,2.7340919971466064,True
MCQA_0041_5,MCQA,PNN,replace,0,lười,làm,1,1,True,dialect_phrase,Predicate vocabulary,làm,NamBo,0.3776888847351074,8.14000192297092,2.8756937980651855,3.253382682800293,True
MCQA_0041_5,MCQA,PNN,delete,1,như,,1,0,False,none,Unknown,,,0.3776888847351074,8.14000192297092,2.8756937980651855,3.253382682800293,False
MCQA_0041_5,MCQA,PNN,replace,2,quả,trái,1,1,False,none,Predicate vocabulary,,,0.3776888847351074,8.14000192297092,2.8756937980651855,3.253382682800293,True
MCQA_0041_5,MCQA,PNN,replace,3,nhặt quả,luợm trái,2,2,False,none,Predicate vocabulary,,,0.3776888847351074,8.14000192297092,2.8756937980651855,3.253382682800293,True
MCQA_0041_5,MCQA,PNN,replace,4,quả,trái,1,1,False,none,Predicate vocabulary,,,0.3776888847351074,8.14000192297092,2.8756937980651855,3.253382682800293,True
MCQA_0041_5,MCQA,PNN,replace,5,chê trách,quở,2,1,False,none,Predicate vocabulary,,,0.3776888847351074,8.14000192297092,2.8756937980651855,3.253382682800293,True
MCQA_0041_5,MCQA,PNT1,replace,0,lười biếng,lừi bíng,2,2,False,none,Orthographic variant,,,0.9240777492523192,26.953247300669304,2.8756937980651855,3.799771547317505,False
MCQA_0041_5,MCQA,PNT1,replace,1,như thế nào,răng,3,1,False,none,Interrogatives,,,0.9240777492523192,26.953247300669304,2.8756937980651855,3.799771547317505,True
MCQA_0041_5,MCQA,PNT1,replace,2,bỏ vào,bỏa vô,2,2,False,none,Orthographic variant,,,0.9240777492523192,26.953247300669304,2.8756937980651855,3.799771547317505,False
MCQA_0041_5,MCQA,PNT1,replace,3,vào,vô,1,1,False,none,Connectives/Aspect markers,,,0.9240777492523192,26.953247300669304,2.8756937980651855,3.799771547317505,True
MCQA_0041_5,MCQA,PNT2,replace,0,đã,đạ,1,1,True,dialect_phrase,Connectives/Aspect markers,đã,HaTinh_QB_QT,0.5437161922454834,12.813657836199829,2.8756937980651855,3.419409990310669,True
MCQA_0041_5,MCQA,PNT2,insert,1,,cái,0,1,False,none,Unknown,,,0.5437161922454834,12.813657836199829,2.8756937980651855,3.419409990310669,False
MCQA_0041_5,MCQA,PNT2,replace,2,này như thế nào,ni a răng,4,3,False,none,Interrogatives,,,0.5437161922454834,12.813657836199829,2.8756937980651855,3.419409990310669,True
MCQA_0041_5,MCQA,PNT2,replace,3,vào,vô,1,1,False,none,Connectives/Aspect markers,,,0.5437161922454834,12.813657836199829,2.8756937980651855,3.419409990310669,True
MCQA_0041_5,MCQA,PNT2,replace,4,vào,vô,1,1,False,none,Connectives/Aspect markers,,,0.5437161922454834,12.813657836199829,2.8756937980651855,3.419409990310669,True
MCQA_0041_5,MCQA,PNT3,replace,0,này,ni,1,1,True,dialect_phrase,Demonstratives/Deixis,này,HaTinh_QB_QT; Hue,0.4048242568969726,8.851817724099767,2.8756937980651855,3.280518054962158,True
MCQA_0041_5,MCQA,PNT3,replace,1,thế nào,răng,2,1,True,dialect_phrase,Interrogatives,sao / thế nào,HaTinh_QB_QT; Hue,0.4048242568969726,8.851817724099767,2.8756937980651855,3.280518054962158,True
MCQA_0041_5,MCQA,PNT3,replace,2,vào,vô,1,1,False,none,Connectives/Aspect markers,,,0.4048242568969726,8.851817724099767,2.8756937980651855,3.280518054962158,True
MCQA_0041_5,MCQA,PNT3,replace,3,vào,vô,1,1,False,none,Connectives/Aspect markers,,,0.4048242568969726,8.851817724099767,2.8756937980651855,3.280518054962158,True
MCQA_0041_5,MCQA,PNT4,replace,0,này như thế nào,ni ra ren,4,3,False,none,Interrogatives,,,0.2794229984283447,5.718050230372594,2.8756937980651855,3.1551167964935303,True
MCQA_0041_5,MCQA,PNT4,replace,1,dùng,lấy,1,1,False,none,Predicate vocabulary,,,0.2794229984283447,5.718050230372594,2.8756937980651855,3.1551167964935303,True
MCQA_0041_5,MCQA,PNT4,replace,2,cặp,gắp,1,1,False,none,Predicate vocabulary,,,0.2794229984283447,5.718050230372594,2.8756937980651855,3.1551167964935303,True
MCQA_0041_5,MCQA,PNT4,replace,3,dùng,lấy,1,1,False,none,Predicate vocabulary,,,0.2794229984283447,5.718050230372594,2.8756937980651855,3.1551167964935303,True
MCQA_0041_7,MCQA,PNB,replace,0,siêng năng,chăm chỉ,2,2,False,none,Idiomatic expressions,,,0.0447335243225097,0.6593516558358399,2.668083667755127,2.7128171920776367,True
MCQA_0041_7,MCQA,PNN,replace,0,đâu,gì,1,1,True,dialect_phrase,Interrogatives,gì,NamBo,-0.2745757102966308,-3.460478667901429,2.668083667755127,2.393507957458496,True
MCQA_0041_7,MCQA,PNN,replace,1,lười thế,làm biếng vậy,2,3,False,none,Predicate vocabulary,,,-0.2745757102966308,-3.460478667901429,2.668083667755127,2.393507957458496,True
MCQA_0041_7,MCQA,PNN,replace,2,lười,làm biếng,1,2,False,none,Predicate vocabulary,,,-0.2745757102966308,-3.460478667901429,2.668083667755127,2.393507957458496,True
MCQA_0041_7,MCQA,PNN,replace,3,đáng buồn,mắc,2,1,False,none,Predicate vocabulary,,,-0.2745757102966308,-3.460478667901429,2.668083667755127,2.393507957458496,True
MCQA_0041_7,MCQA,PNN,replace,4,chàng lười,ảnh làm biếng mà,2,4,False,none,Idiomatic expressions,,,-0.2745757102966308,-3.460478667901429,2.668083667755127,2.393507957458496,True
MCQA_0041_7,MCQA,PNN,replace,5,chàng lười,ảnh làm biếng mà,2,4,False,none,Idiomatic expressions,,,-0.2745757102966308,-3.460478667901429,2.668083667755127,2.393507957458496,True
MCQA_0041_7,MCQA,PNN,replace,6,chàng lười,ảnh làm biếng mà,2,4,False,none,Idiomatic expressions,,,-0.2745757102966308,-3.460478667901429,2.668083667755127,2.393507957458496,True
MCQA_0041_7,MCQA,PNN,replace,7,lười,làm biếng,1,2,False,none,Predicate vocabulary,,,-0.2745757102966308,-3.460478667901429,2.668083667755127,2.393507957458496,True
MCQA_0041_7,MCQA,PNN,replace,8,vì,tại anh,1,2,False,none,Predicate vocabulary,,,-0.2745757102966308,-3.460478667901429,2.668083667755127,2.393507957458496,True
MCQA_0041_7,MCQA,PNN,replace,9,lười,làm biếng,1,2,False,none,Predicate vocabulary,,,-0.2745757102966308,-3.460478667901429,2.668083667755127,2.393507957458496,True
MCQA_0041_7,MCQA,PNT1,replace,0,nói,nuối,1,1,False,none,Orthographic variant,,,0.4702770709991455,8.653700698837966,2.668083667755127,3.1383607387542725,False
MCQA_0041_7,MCQA,PNT1,replace,1,lười,nhác,1,1,False,none,Predicate vocabulary,,,0.4702770709991455,8.653700698837966,2.668083667755127,3.1383607387542725,True
MCQA_0041_7,MCQA,PNT1,replace,2,lười,nhác,1,1,False,none,Predicate vocabulary,,,0.4702770709991455,8.653700698837966,2.668083667755127,3.1383607387542725,True
MCQA_0041_7,MCQA,PNT1,replace,3,lười,nhác,1,1,False,none,Predicate vocabulary,,,0.4702770709991455,8.653700698837966,2.668083667755127,3.1383607387542725,True
MCQA_0041_7,MCQA,PNT1,replace,4,lười,nhác,1,1,False,none,Predicate vocabulary,,,0.4702770709991455,8.653700698837966,2.668083667755127,3.1383607387542725,True
MCQA_0041_7,MCQA,PNT2,replace,0,"""người đâu","""ngài mô",2,2,False,none,Interrogatives,,,0.4236814975738525,7.603581498721482,2.668083667755127,3.0917651653289795,True
MCQA_0041_7,MCQA,PNT2,replace,1,lười thế,nhác rứa,2,2,False,none,Demonstratives/Deixis,,,0.4236814975738525,7.603581498721482,2.668083667755127,3.0917651653289795,True
MCQA_0041_7,MCQA,PNT2,replace,2,gì,chi,1,1,True,dialect_phrase,Interrogatives,gì,HaTinh_QB_QT; NgheAn,0.4236814975738525,7.603581498721482,2.668083667755127,3.0917651653289795,True
MCQA_0041_7,MCQA,PNT3,replace,0,đâu,mô,1,1,True,dialect_phrase,Interrogatives; Negation/Function words,đâu (phủ định); đâu / nào,HaTinh_QB_QT; Hue,0.4516859054565429,8.228838000366554,2.668083667755127,3.11976957321167,False
MCQA_0041_7,MCQA,PNT3,replace,1,thế,rứa,1,1,True,standard_word,Demonstratives/Deixis,a rứa; như rứa,HaTinh_QB_QT; Hue,0.4516859054565429,8.228838000366554,2.668083667755127,3.11976957321167,True
MCQA_0041_7,MCQA,PNT3,replace,2,gì,chi,1,1,True,dialect_phrase,Interrogatives,gì; sao / thế nào,HaTinh_QB_QT; Hue,0.4516859054565429,8.228838000366554,2.668083667755127,3.11976957321167,True
MCQA_0041_7,MCQA,PNT4,replace,0,đâu,chi,1,1,True,dialect_phrase,Interrogatives,gì,QuangNam,0.3427190780639648,5.891368177613483,2.668083667755127,3.010802745819092,True
MCQA_0041_7,MCQA,PNT4,replace,1,thế,rứa,1,1,True,standard_word,Demonstratives/Deixis,như dậy; như rứa; như vậy,PhuYen; QuangNam; QuangNgai,0.3427190780639648,5.891368177613483,2.668083667755127,3.010802745819092,True
MCQA_0041_7,MCQA,PNT4,replace,2,gì,cái chi,1,2,True,standard_word,Interrogatives,chi; gì,PhuYen; QuangNam; QuangNgai,0.3427190780639648,5.891368177613483,2.668083667755127,3.010802745819092,True
MCQA_0042_2,MCQA,PNB,replace,0,ta,mình,1,1,False,none,Pronouns,,,-0.0741312503814697,-2.221915649071775,3.437124490737915,3.3629932403564453,True
MCQA_0042_2,MCQA,PNN,replace,0,điều,cái,1,1,True,dialect_phrase,Negation/Function words,cái,NamBo,0.4893712997436523,19.631492551188607,3.437124490737915,3.9264957904815674,True
MCQA_0042_2,MCQA,PNN,delete,1,1,,1,0,False,none,Unknown,,,0.4893712997436523,19.631492551188607,3.437124490737915,3.9264957904815674,False
MCQA_0042_2,MCQA,PNN,insert,2,,ên,0,1,False,none,Unknown,,,0.4893712997436523,19.631492551188607,3.437124490737915,3.9264957904815674,False
MCQA_0042_2,MCQA,PNN,replace,3,1,phân,1,1,False,none,Out-of-scope,,,0.4893712997436523,19.631492551188607,3.437124490737915,3.9264957904815674,False
MCQA_0042_2,MCQA,PNN,replace,4,thật không,thiệt hông,2,2,False,none,Negation/Function words,,,0.4893712997436523,19.631492551188607,3.437124490737915,3.9264957904815674,True
MCQA_0042_2,MCQA,PNN,delete,5,1,,1,0,False,none,Unknown,,,0.4893712997436523,19.631492551188607,3.437124490737915,3.9264957904815674,False
MCQA_0042_2,MCQA,PNN,insert,6,,ên,0,1,False,none,Unknown,,,0.4893712997436523,19.631492551188607,3.437124490737915,3.9264957904815674,False
MCQA_0042_2,MCQA,PNN,replace,7,thật,thiệt,1,1,True,dialect_phrase,Connectives/Aspect markers,thật,NamBo,0.4893712997436523,19.631492551188607,3.437124490737915,3.9264957904815674,True
MCQA_0042_2,MCQA,PNN,delete,8,một thân một,,3,0,False,none,Unknown,,,0.4893712997436523,19.631492551188607,3.437124490737915,3.9264957904815674,False
MCQA_0042_2,MCQA,PNN,replace,9,thật đáng thương,ên thiệt tội nghiệp,3,4,False,none,Idiomatic expressions,,,0.4893712997436523,19.631492551188607,3.437124490737915,3.9264957904815674,True
MCQA_0042_2,MCQA,PNN,replace,10,không,hông,1,1,True,dialect_phrase,Negation/Function words,không,NamBo,0.4893712997436523,19.631492551188607,3.437124490737915,3.9264957904815674,True
MCQA_0042_2,MCQA,PNT1,replace,0,em,eim,1,1,False,none,Orthographic variant,,,0.3711152076721191,13.973621795673935,3.437124490737915,3.808239698410034,False
MCQA_0042_2,MCQA,PNT1,replace,1,có,cóa,1,1,False,none,Orthographic variant,,,0.3711152076721191,13.973621795673935,3.437124490737915,3.808239698410034,False
MCQA_0042_2,MCQA,PNT1,replace,2,có,cóa,1,1,False,none,Orthographic variant,,,0.3711152076721191,13.973621795673935,3.437124490737915,3.808239698410034,False
MCQA_0042_2,MCQA,PNT2,replace,0,gì,chi,1,1,True,dialect_phrase,Interrogatives,gì,HaTinh_QB_QT; NgheAn,0.584606409072876,24.700193755885877,3.437124490737915,4.021730899810791,True
MCQA_0042_2,MCQA,PNT2,replace,1,mình,chắc,1,1,False,none,Noise/Non-linguistic,,,0.584606409072876,24.700193755885877,3.437124490737915,4.021730899810791,False
MCQA_0042_2,MCQA,PNT2,replace,2,không,nỏ,1,1,True,dialect_phrase,Negation/Function words,không,HaTinh_QB_QT; NgheAn,0.584606409072876,24.700193755885877,3.437124490737915,4.021730899810791,True
MCQA_0042_2,MCQA,PNT2,replace,3,mình,chắc,1,1,False,none,Noise/Non-linguistic,,,0.584606409072876,24.700193755885877,3.437124490737915,4.021730899810791,False
MCQA_0042_2,MCQA,PNT2,replace,4,thân một mình,chắc,3,1,False,none,Noise/Non-linguistic,,,0.584606409072876,24.700193755885877,3.437124490737915,4.021730899810791,False
MCQA_0042_2,MCQA,PNT2,replace,5,không,nỏ,1,1,True,dialect_phrase,Negation/Function words,không,HaTinh_QB_QT; NgheAn,0.584606409072876,24.700193755885877,3.437124490737915,4.021730899810791,True
MCQA_0042_2,MCQA,PNT3,replace,0,điều gì,chi,2,1,True,dialect_phrase,Interrogatives,gì; sao / thế nào,HaTinh_QB_QT; Hue,0.212214708328247,7.351841758800553,3.437124490737915,3.649339199066162,True
MCQA_0042_2,MCQA,PNT3,replace,1,thật,thiệt,1,1,True,dialect_phrase,Connectives/Aspect markers,thật,HaTinh_QB_QT,0.212214708328247,7.351841758800553,3.437124490737915,3.649339199066162,True
MCQA_0042_2,MCQA,PNT3,replace,2,ta,mình,1,1,False,none,Pronouns,,,0.212214708328247,7.351841758800553,3.437124490737915,3.649339199066162,True
MCQA_0042_2,MCQA,PNT3,replace,3,thật,thiệt,1,1,True,dialect_phrase,Connectives/Aspect markers,thật,HaTinh_QB_QT,0.212214708328247,7.351841758800553,3.437124490737915,3.649339199066162,True
MCQA_0042_2,MCQA,PNT4,replace,0,gì,chi,1,1,True,dialect_phrase,Interrogatives,gì,QuangNam,0.1632153987884521,5.513267321231716,3.437124490737915,3.600339889526367,True
MCQA_0042_7,MCQA,PNN,replace,0,việc,chuyện,1,1,False,none,Predicate vocabulary,,,0.3894996643066406,5.957896904226079,2.5265467166900635,2.916046380996704,True
MCQA_0042_7,MCQA,PNN,replace,1,rằng,là,1,1,False,none,Connectives/Aspect markers,,,0.3894996643066406,5.957896904226079,2.5265467166900635,2.916046380996704,True
MCQA_0042_7,MCQA,PNN,replace,2,như thế nào,ra sao,3,2,False,none,Interrogatives,,,0.3894996643066406,5.957896904226079,2.5265467166900635,2.916046380996704,True
MCQA_0042_7,MCQA,PNN,replace,3,không,hông,1,1,True,dialect_phrase,Negation/Function words,không,NamBo,0.3894996643066406,5.957896904226079,2.5265467166900635,2.916046380996704,True
MCQA_0042_7,MCQA,PNN,delete,4,rất,,1,0,True,standard_word,Predicate vocabulary,dữ,NamBo,0.3894996643066406,5.957896904226079,2.5265467166900635,2.916046380996704,False
MCQA_0042_7,MCQA,PNN,insert,5,,dữ lắm,0,2,False,none,Unknown,,,0.3894996643066406,5.957896904226079,2.5265467166900635,2.916046380996704,False
MCQA_0042_7,MCQA,PNN,delete,6,rất,,1,0,True,standard_word,Predicate vocabulary,dữ,NamBo,0.3894996643066406,5.957896904226079,2.5265467166900635,2.916046380996704,False
MCQA_0042_7,MCQA,PNN,insert,7,,dữ lắm,0,2,False,none,Unknown,,,0.3894996643066406,5.957896904226079,2.5265467166900635,2.916046380996704,False
MCQA_0042_7,MCQA,PNT1,replace,0,cho,choa,1,1,True,dialect_phrase,Pronouns,tao; tôi,ThanhHoa,0.5490374565124512,9.152302798504508,2.5265467166900635,3.075584173202514,True
MCQA_0042_7,MCQA,PNT1,replace,1,toán,tón,1,1,False,none,Orthographic variant,,,0.5490374565124512,9.152302798504508,2.5265467166900635,3.075584173202514,False
MCQA_0042_7,MCQA,PNT1,replace,2,lúa,lú,1,1,False,none,Orthographic variant,,,0.5490374565124512,9.152302798504508,2.5265467166900635,3.075584173202514,False
MCQA_0042_7,MCQA,PNT1,replace,3,thương,thưng,1,1,False,none,Orthographic variant,,,0.5490374565124512,9.152302798504508,2.5265467166900635,3.075584173202514,False
MCQA_0042_7,MCQA,PNT2,replace,0,kia,tê,1,1,True,dialect_phrase,Demonstratives/Deixis; Pronouns,anh ấy; kia,HaTinh_QB_QT; NgheAn,0.6529006958007812,11.52323919843479,2.5265467166900635,3.1794474124908447,False
MCQA_0042_7,MCQA,PNT2,replace,1,như thế nào,a răng,3,2,False,none,Interrogatives,,,0.6529006958007812,11.52323919843479,2.5265467166900635,3.1794474124908447,True
MCQA_0042_7,MCQA,PNT2,replace,2,không,nỏ,1,1,True,dialect_phrase,Negation/Function words,không,HaTinh_QB_QT; NgheAn,0.6529006958007812,11.52323919843479,2.5265467166900635,3.1794474124908447,True
MCQA_0042_7,MCQA,PNT2,replace,3,lúa,ló,1,1,False,none,Orthographic variant,,,0.6529006958007812,11.52323919843479,2.5265467166900635,3.1794474124908447,False
MCQA_0042_7,MCQA,PNT3,replace,0,mình,miềng,1,1,False,none,Pronouns,,,0.5527117252349854,9.232043169608929,2.5265467166900635,3.079258441925049,True
MCQA_0042_7,MCQA,PNT3,replace,1,người kia mới,đứa tê,3,2,False,none,Idiomatic expressions,,,0.5527117252349854,9.232043169608929,2.5265467166900635,3.079258441925049,True
MCQA_0042_7,MCQA,PNT3,replace,2,thế nào,răng,2,1,True,dialect_phrase,Interrogatives,sao / thế nào,HaTinh_QB_QT; Hue,0.5527117252349854,9.232043169608929,2.5265467166900635,3.079258441925049,True
MCQA_0042_7,MCQA,PNT4,replace,0,thế nào,ren,2,1,True,dialect_phrase,Interrogatives,sao / thế nào,QuangNam,0.3182539939880371,4.687900834851998,2.5265467166900635,2.8448007106781006,True
MCQA_0043_3,MCQA,PNB,replace,0,hão huyền,viển vông,2,2,False,none,Idiomatic expressions,,,-0.088285207748413,-1.731585249315696,3.020037889480591,2.9317526817321777,True
MCQA_0043_3,MCQA,PNB,replace,1,đám,mảnh,1,1,False,none,Predicate vocabulary,,,-0.088285207748413,-1.731585249315696,3.020037889480591,2.9317526817321777,True
MCQA_0043_3,MCQA,PNN,replace,0,người cha,ba,2,1,False,none,Kinship/Honorific terms,,,0.1089780330657959,2.359412743643375,3.020037889480591,3.1290159225463867,True
MCQA_0043_3,MCQA,PNN,replace,1,mảnh,miếng,1,1,False,none,Predicate vocabulary,,,0.1089780330657959,2.359412743643375,3.020037889480591,3.1290159225463867,True
MCQA_0043_3,MCQA,PNN,replace,2,mảnh,miếng,1,1,False,none,Predicate vocabulary,,,0.1089780330657959,2.359412743643375,3.020037889480591,3.1290159225463867,True
MCQA_0043_3,MCQA,PNN,replace,3,mảnh,miếng,1,1,False,none,Predicate vocabulary,,,0.1089780330657959,2.359412743643375,3.020037889480591,3.1290159225463867,True
MCQA_0043_3,MCQA,PNT1,replace,0,con,coan,1,1,False,none,Orthographic variant,,,0.652355432510376,18.853892713489245,3.020037889480591,3.672393321990967,False
MCQA_0043_3,MCQA,PNT1,replace,1,gì,chi,1,1,False,none,Interrogatives,,,0.652355432510376,18.853892713489245,3.020037889480591,3.672393321990967,True
MCQA_0043_3,MCQA,PNT1,replace,2,con,coan,1,1,False,none,Orthographic variant,,,0.652355432510376,18.853892713489245,3.020037889480591,3.672393321990967,False
MCQA_0043_3,MCQA,PNT1,replace,3,hương,hưng,1,1,False,none,Orthographic variant,,,0.652355432510376,18.853892713489245,3.020037889480591,3.672393321990967,False
MCQA_0043_3,MCQA,PNT1,replace,4,đuổi,đủi,1,1,False,none,Orthographic variant,,,0.652355432510376,18.853892713489245,3.020037889480591,3.672393321990967,False
MCQA_0043_3,MCQA,PNT1,replace,5,con,coan,1,1,False,none,Orthographic variant,,,0.652355432510376,18.853892713489245,3.020037889480591,3.672393321990967,False
MCQA_0043_3,MCQA,PNT1,replace,6,đâu,mô,1,1,True,dialect_phrase,Negation/Function words,đâu (phủ định),ThanhHoa,0.652355432510376,18.853892713489245,3.020037889480591,3.672393321990967,True
MCQA_0043_3,MCQA,PNT1,replace,7,con,coan,1,1,False,none,Orthographic variant,,,0.652355432510376,18.853892713489245,3.020037889480591,3.672393321990967,False
MCQA_0043_3,MCQA,PNT1,replace,8,phiên,phin,1,1,False,none,Orthographic variant,,,0.652355432510376,18.853892713489245,3.020037889480591,3.672393321990967,False
MCQA_0043_3,MCQA,PNT1,replace,9,con,coan,1,1,False,none,Orthographic variant,,,0.652355432510376,18.853892713489245,3.020037889480591,3.672393321990967,False
MCQA_0043_3,MCQA,PNT2,replace,0,đã,đạ,1,1,True,dialect_phrase,Connectives/Aspect markers,đã,HaTinh_QB_QT,0.4621486663818359,12.038706620143904,3.020037889480591,3.4821865558624268,True
MCQA_0043_3,MCQA,PNT2,replace,1,đã làm gì,đạ mần chi,3,3,False,none,Interrogatives,,,0.4621486663818359,12.038706620143904,3.020037889480591,3.4821865558624268,True
MCQA_0043_3,MCQA,PNT2,replace,2,đâu,mô,1,1,True,dialect_phrase,Interrogatives; Negation/Function words,đâu (phủ định); đâu / nào,HaTinh_QB_QT; NgheAn,0.4621486663818359,12.038706620143904,3.020037889480591,3.4821865558624268,False
MCQA_0043_3,MCQA,PNT3,replace,0,cha,bọ,1,1,True,dialect_phrase,Kinship/Honorific terms,bố,HaTinh_QB_QT,0.5990080833435059,16.809895650693548,3.020037889480591,3.6190459728240967,True
MCQA_0043_3,MCQA,PNT3,replace,1,làm gì,mần chi,2,2,True,dialect_phrase,Interrogatives,làm gì,HaTinh_QB_QT; Hue,0.5990080833435059,16.809895650693548,3.020037889480591,3.6190459728240967,True
MCQA_0043_3,MCQA,PNT3,replace,2,chẳng,nọ,1,1,False,none,Negation/Function words,,,0.5990080833435059,16.809895650693548,3.020037889480591,3.6190459728240967,True
MCQA_0043_3,MCQA,PNT3,replace,3,đâu,mô,1,1,True,dialect_phrase,Interrogatives; Negation/Function words,đâu (phủ định); đâu / nào,HaTinh_QB_QT; Hue,0.5990080833435059,16.809895650693548,3.020037889480591,3.6190459728240967,False
MCQA_0043_3,MCQA,PNT4,replace,0,đâu,mô,1,1,True,dialect_phrase,Interrogatives,đâu / nào,QuangNam,0.1099770069122314,2.3822521814629383,3.020037889480591,3.1300148963928223,True
MCQA_0043_4,MCQA,PNB,replace,0,cha,bố,1,1,True,dialect_phrase,Kinship/Honorific terms,bố,BacBo,0.1140224933624267,2.810106224350843,3.147028923034668,3.2610514163970947,True
MCQA_0043_4,MCQA,PNN,replace,0,không,hông,1,1,True,dialect_phrase,Negation/Function words,không,NamBo,0.1999437808990478,5.1497436733125,3.147028923034668,3.346972703933716,True
MCQA_0043_4,MCQA,PNN,replace,1,cha,ba,1,1,False,none,Kinship/Honorific terms,,,0.1999437808990478,5.1497436733125,3.147028923034668,3.346972703933716,True
MCQA_0043_4,MCQA,PNN,replace,2,thuê,mướn,1,1,False,none,Predicate vocabulary,,,0.1999437808990478,5.1497436733125,3.147028923034668,3.346972703933716,True
MCQA_0043_4,MCQA,PNN,replace,3,thuê,mướn,1,1,False,none,Predicate vocabulary,,,0.1999437808990478,5.1497436733125,3.147028923034668,3.346972703933716,True
MCQA_0043_4,MCQA,PNT1,replace,0,con,coan,1,1,False,none,Orthographic variant,,,0.1567912101745605,3.949576665900029,3.147028923034668,3.3038201332092285,False
MCQA_0043_4,MCQA,PNT1,replace,1,gì,chi,1,1,False,none,Interrogatives,,,0.1567912101745605,3.949576665900029,3.147028923034668,3.3038201332092285,True
MCQA_0043_4,MCQA,PNT1,replace,2,họ,bọn hấn,1,2,False,none,Pronouns,,,0.1567912101745605,3.949576665900029,3.147028923034668,3.3038201332092285,True
MCQA_0043_4,MCQA,PNT1,replace,3,họ,bọn hấn,1,2,False,none,Pronouns,,,0.1567912101745605,3.949576665900029,3.147028923034668,3.3038201332092285,True
MCQA_0043_4,MCQA,PNT1,replace,4,họ,bọn hấn,1,2,False,none,Pronouns,,,0.1567912101745605,3.949576665900029,3.147028923034668,3.3038201332092285,True
MCQA_0043_4,MCQA,PNT1,replace,5,họ,bọn hấn,1,2,False,none,Pronouns,,,0.1567912101745605,3.949576665900029,3.147028923034668,3.3038201332092285,True
MCQA_0043_4,MCQA,PNT2,replace,0,người,đứa,1,1,False,none,Predicate vocabulary,,,-0.0900511741638183,-2.003636999043973,3.147028923034668,3.0569777488708496,True
MCQA_0043_4,MCQA,PNT2,replace,1,gì,chi,1,1,True,dialect_phrase,Interrogatives,gì,HaTinh_QB_QT; NgheAn,-0.0900511741638183,-2.003636999043973,3.147028923034668,3.0569777488708496,True
MCQA_0043_4,MCQA,PNT2,replace,2,họ,bọn nớ,1,2,True,dialect_phrase,Pronouns,chúng nó,HaTinh_QB_QT,-0.0900511741638183,-2.003636999043973,3.147028923034668,3.0569777488708496,True
MCQA_0043_4,MCQA,PNT2,replace,3,họ,bọn nớ,1,2,True,dialect_phrase,Pronouns,chúng nó,HaTinh_QB_QT,-0.0900511741638183,-2.003636999043973,3.147028923034668,3.0569777488708496,True
MCQA_0043_4,MCQA,PNT2,replace,4,họ,bọn nớ,1,2,True,dialect_phrase,Pronouns,chúng nó,HaTinh_QB_QT,-0.0900511741638183,-2.003636999043973,3.147028923034668,3.0569777488708496,True
MCQA_0043_4,MCQA,PNT2,replace,5,họ,bọn nớ,1,2,True,dialect_phrase,Pronouns,chúng nó,HaTinh_QB_QT,-0.0900511741638183,-2.003636999043973,3.147028923034668,3.0569777488708496,True
MCQA_0043_4,MCQA,PNT3,replace,0,làm gì,mần chi,2,2,True,dialect_phrase,Interrogatives,làm gì,HaTinh_QB_QT; Hue,0.349884033203125,9.746546507232695,3.147028923034668,3.496912956237793,True
MCQA_0043_4,MCQA,PNT4,replace,0,gì,chi,1,1,True,dialect_phrase,Interrogatives,gì,QuangNam,0.2050497531890869,5.295208987573261,3.147028923034668,3.352078676223755,True
MCQA_0047_2,MCQA,PNB,replace,0,mẩu,mảnh,1,1,False,none,Predicate vocabulary,,,-0.0431337356567382,-0.7172907578367393,2.832665205001831,2.7895314693450928,True
MCQA_0047_2,MCQA,PNN,replace,0,vào,vô,1,1,False,none,Connectives/Aspect markers,,,0.4511086940765381,9.685572283032872,2.832665205001831,3.283773899078369,True
MCQA_0047_2,MCQA,PNN,insert,1,,quá,0,1,False,none,Unknown,,,0.4511086940765381,9.685572283032872,2.832665205001831,3.283773899078369,False
MCQA_0047_2,MCQA,PNN,replace,2,bẩn,dơ,1,1,False,none,Predicate vocabulary,,,0.4511086940765381,9.685572283032872,2.832665205001831,3.283773899078369,True
MCQA_0047_2,MCQA,PNN,replace,3,những,mấy,1,1,False,none,Negation/Function words,,,0.4511086940765381,9.685572283032872,2.832665205001831,3.283773899078369,True
MCQA_0047_2,MCQA,PNT1,replace,0,bẩn,bửn,1,1,True,standard_word,Predicate vocabulary,nhớp nhúa,ThanhHoa,0.3018724918365478,5.987326389750724,2.832665205001831,3.134537696838379,True
MCQA_0047_2,MCQA,PNT2,replace,0,đã,đạ,1,1,True,dialect_phrase,Connectives/Aspect markers,đã,HaTinh_QB_QT,0.9185161590576172,25.580660371964186,2.832665205001831,3.751181364059448,True
MCQA_0047_2,MCQA,PNT2,replace,1,gì,chi,1,1,True,dialect_phrase,Interrogatives,gì,HaTinh_QB_QT; NgheAn,0.9185161590576172,25.580660371964186,2.832665205001831,3.751181364059448,True
MCQA_0047_2,MCQA,PNT2,replace,2,vào,vô,1,1,False,none,Connectives/Aspect markers,,,0.9185161590576172,25.580660371964186,2.832665205001831,3.751181364059448,True
MCQA_0047_2,MCQA,PNT2,replace,3,hôm nay,bữa ni,2,2,False,none,Demonstratives/Deixis,,,0.9185161590576172,25.580660371964186,2.832665205001831,3.751181364059448,True
MCQA_0047_2,MCQA,PNT2,insert,4,,cái,0,1,False,none,Unknown,,,0.9185161590576172,25.580660371964186,2.832665205001831,3.751181364059448,False
MCQA_0047_2,MCQA,PNT2,replace,5,đã,đạ,1,1,True,dialect_phrase,Connectives/Aspect markers,đã,HaTinh_QB_QT,0.9185161590576172,25.580660371964186,2.832665205001831,3.751181364059448,True
MCQA_0047_2,MCQA,PNT3,replace,0,gì,chi,1,1,True,dialect_phrase,Interrogatives,gì; sao / thế nào,HaTinh_QB_QT; Hue,0.7966196537017822,20.695172076506527,2.832665205001831,3.6292848587036137,True
MCQA_0047_2,MCQA,PNT3,replace,1,vào,vô,1,1,False,none,Connectives/Aspect markers,,,0.7966196537017822,20.695172076506527,2.832665205001831,3.6292848587036137,True
MCQA_0047_2,MCQA,PNT3,replace,2,hôm nay,bữa ni,2,2,False,none,Demonstratives/Deixis,,,0.7966196537017822,20.695172076506527,2.832665205001831,3.6292848587036137,True
MCQA_0047_2,MCQA,PNT3,replace,3,những mẩu,mớ,2,1,False,none,Predicate vocabulary,,,0.7966196537017822,20.695172076506527,2.832665205001831,3.6292848587036137,True
MCQA_0047_2,MCQA,PNT4,replace,0,gì,chi,1,1,True,dialect_phrase,Interrogatives,gì,QuangNam,0.8835628032684326,24.118354150348633,2.832665205001831,3.716228008270264,True
MCQA_0047_2,MCQA,PNT4,replace,1,vào,vô,1,1,False,none,Connectives/Aspect markers,,,0.8835628032684326,24.118354150348633,2.832665205001831,3.716228008270264,True
MCQA_0047_2,MCQA,PNT4,replace,2,hôm nay,bữa ni,2,2,False,none,Demonstratives/Deixis,,,0.8835628032684326,24.118354150348633,2.832665205001831,3.716228008270264,True
MCQA_0047_2,MCQA,PNT4,replace,3,quá,kinh,1,1,False,none,Discourse particles,,,0.8835628032684326,24.118354150348633,2.832665205001831,3.716228008270264,True
MCQA_0047_4,MCQA,PNB,replace,0,mẫu,mảnh,1,1,False,none,Predicate vocabulary,,,-0.127140998840332,-2.3942489924779338,2.998425245285034,2.871284246444702,True
MCQA_0047_4,MCQA,PNB,replace,1,mẩu,mảnh,1,1,False,none,Predicate vocabulary,,,-0.127140998840332,-2.3942489924779338,2.998425245285034,2.871284246444702,True
MCQA_0047_4,MCQA,PNB,replace,2,mẩu,mảnh,1,1,False,none,Predicate vocabulary,,,-0.127140998840332,-2.3942489924779338,2.998425245285034,2.871284246444702,True
MCQA_0047_4,MCQA,PNN,replace,0,khi,lúc,1,1,False,none,Connectives/Aspect markers,,,0.132883071899414,2.8499935273871593,2.998425245285034,3.131308317184448,True
MCQA_0047_4,MCQA,PNN,replace,1,yêu cầu,biểu,2,1,False,none,Predicate vocabulary,,,0.132883071899414,2.8499935273871593,2.998425245285034,3.131308317184448,True
MCQA_0047_4,MCQA,PNN,replace,2,mẩu,miếng,1,1,False,none,Predicate vocabulary,,,0.132883071899414,2.8499935273871593,2.998425245285034,3.131308317184448,True
MCQA_0047_4,MCQA,PNN,replace,3,mẩu,miếng,1,1,False,none,Predicate vocabulary,,,0.132883071899414,2.8499935273871593,2.998425245285034,3.131308317184448,True
MCQA_0047_4,MCQA,PNT1,replace,0,mẫu,mẩu,1,1,False,none,Orthographic variant,,,-0.0052993297576904,-0.1059913092215296,2.998425245285034,2.993125915527344,False
MCQA_0047_4,MCQA,PNT1,replace,1,gì,chi,1,1,False,none,Interrogatives,,,-0.0052993297576904,-0.1059913092215296,2.998425245285034,2.993125915527344,True
MCQA_0047_4,MCQA,PNT1,replace,2,làm gì,mằn chi,2,2,True,standard_word,Interrogatives,mần chi,ThanhHoa,-0.0052993297576904,-0.1059913092215296,2.998425245285034,2.993125915527344,True
MCQA_0047_4,MCQA,PNT2,replace,0,mẫu,mẩu,1,1,False,none,Orthographic variant,,,0.0851743221282959,1.7829323415470275,2.998425245285034,3.08359956741333,False
MCQA_0047_4,MCQA,PNT2,replace,1,đã,đạ,1,1,True,dialect_phrase,Connectives/Aspect markers,đã,HaTinh_QB_QT,0.0851743221282959,1.7829323415470275,2.998425245285034,3.08359956741333,True
MCQA_0047_4,MCQA,PNT2,replace,2,gì,chi,1,1,True,dialect_phrase,Interrogatives,gì,HaTinh_QB_QT; NgheAn,0.0851743221282959,1.7829323415470275,2.998425245285034,3.08359956741333,True
MCQA_0047_4,MCQA,PNT3,replace,0,mẫu,méng,1,1,False,none,Predicate vocabulary,,,0.3175089359283447,7.494184880306889,2.998425245285034,3.315934181213379,True
MCQA_0047_4,MCQA,PNT3,replace,1,gì,chi,1,1,True,dialect_phrase,Interrogatives,gì; sao / thế nào,HaTinh_QB_QT; Hue,0.3175089359283447,7.494184880306889,2.998425245285034,3.315934181213379,True
MCQA_0047_4,MCQA,PNT3,replace,2,làm gì,mần chi,2,2,True,dialect_phrase,Interrogatives,làm gì,HaTinh_QB_QT; Hue,0.3175089359283447,7.494184880306889,2.998425245285034,3.315934181213379,True
MCQA_0047_4,MCQA,PNT3,replace,3,mẩu,méng,1,1,False,none,Predicate vocabulary,,,0.3175089359283447,7.494184880306889,2.998425245285034,3.315934181213379,True
MCQA_0047_4,MCQA,PNT3,replace,4,mẩu,méng,1,1,False,none,Predicate vocabulary,,,0.3175089359283447,7.494184880306889,2.998425245285034,3.315934181213379,True
MCQA_0047_4,MCQA,PNT4,replace,0,mẫu,miếng,1,1,False,none,Predicate vocabulary,,,0.1612517833709716,3.5090525104888997,2.998425245285034,3.159677028656006,True
MCQA_0047_4,MCQA,PNT4,replace,1,gì cả,chi nguyên,2,2,False,none,Interrogatives,,,0.1612517833709716,3.5090525104888997,2.998425245285034,3.159677028656006,True
MCQA_0047_4,MCQA,PNT4,replace,2,gì,chi,1,1,True,dialect_phrase,Interrogatives,gì,QuangNam,0.1612517833709716,3.5090525104888997,2.998425245285034,3.159677028656006,True
MCQA_0047_4,MCQA,PNT4,replace,3,lạ,cục,1,1,False,none,Predicate vocabulary,,,0.1612517833709716,3.5090525104888997,2.998425245285034,3.159677028656006,True
MCQA_0047_4,MCQA,PNT4,replace,4,lạ,cục,1,1,False,none,Predicate vocabulary,,,0.1612517833709716,3.5090525104888997,2.998425245285034,3.159677028656006,True
MCQA_0047_4,MCQA,PNT4,replace,5,mẩu,miếng,1,1,False,none,Predicate vocabulary,,,0.1612517833709716,3.5090525104888997,2.998425245285034,3.159677028656006,True
MCQA_0048_2,MCQA,PNB,insert,0,,con,0,1,False,none,Unknown,,,-0.2048320770263672,-3.736116133120454,3.004279851913452,2.799447774887085,False
MCQA_0048_2,MCQA,PNN,replace,0,mẹ,má,1,1,False,none,Kinship/Honorific terms,,,0.217292308807373,4.895815091632944,3.004279851913452,3.221572160720825,True
MCQA_0048_2,MCQA,PNN,replace,1,mẹ,má,1,1,False,none,Kinship/Honorific terms,,,0.217292308807373,4.895815091632944,3.004279851913452,3.221572160720825,True
MCQA_0048_2,MCQA,PNN,replace,2,mẹ,má,1,1,False,none,Kinship/Honorific terms,,,0.217292308807373,4.895815091632944,3.004279851913452,3.221572160720825,True
MCQA_0048_2,MCQA,PNN,replace,3,mẹ,má,1,1,False,none,Kinship/Honorific terms,,,0.217292308807373,4.895815091632944,3.004279851913452,3.221572160720825,True
MCQA_0048_2,MCQA,PNN,replace,4,mẹ bật,má mở,2,2,False,none,Kinship/Honorific terms,,,0.217292308807373,4.895815091632944,3.004279851913452,3.221572160720825,True
MCQA_0048_2,MCQA,PNT1,replace,0,làm gì,mằn chi,2,2,True,standard_word,Interrogatives,mần chi,ThanhHoa,0.5181236267089844,13.694042010818476,3.004279851913452,3.5224034786224365,True
MCQA_0048_2,MCQA,PNT2,replace,0,làm gì,mần chi,2,2,True,dialect_phrase,Interrogatives,làm gì,HaTinh_QB_QT; NgheAn,0.4067471027374267,10.124656993368044,3.004279851913452,3.411026954650879,True
MCQA_0048_2,MCQA,PNT3,replace,0,mình,miềng,1,1,False,none,Pronouns,,,0.6300675868988037,17.705443422976767,3.004279851913452,3.634347438812256,True
MCQA_0048_2,MCQA,PNT3,replace,1,làm gì,mần chi,2,2,True,dialect_phrase,Interrogatives,làm gì,HaTinh_QB_QT; Hue,0.6300675868988037,17.705443422976767,3.004279851913452,3.634347438812256,True
MCQA_0048_2,MCQA,PNT3,replace,2,và,với,1,1,False,none,Connectives/Aspect markers,,,0.6300675868988037,17.705443422976767,3.004279851913452,3.634347438812256,True
MCQA_0048_2,MCQA,PNT4,replace,0,người mẹ,má,2,1,True,dialect_phrase,Kinship/Honorific terms,mẹ,QuangNam; QuangNgai,0.4650089740753174,11.942211489415543,3.004279851913452,3.4692888259887695,True
MCQA_0048_2,MCQA,PNT4,replace,1,gì,răng,1,1,True,standard_word,Interrogatives,chi; gì,PhuYen; QuangNam; QuangNgai,0.4650089740753174,11.942211489415543,3.004279851913452,3.4692888259887695,True
MCQA_0048_2,MCQA,PNT4,replace,2,mẹ,má,1,1,True,dialect_phrase,Kinship/Honorific terms,mẹ,QuangNam; QuangNgai,0.4650089740753174,11.942211489415543,3.004279851913452,3.4692888259887695,True
MCQA_0048_2,MCQA,PNT4,replace,3,mẹ,má,1,1,True,dialect_phrase,Kinship/Honorific terms,mẹ,QuangNam; QuangNgai,0.4650089740753174,11.942211489415543,3.004279851913452,3.4692888259887695,True
MCQA_0048_2,MCQA,PNT4,replace,4,mẹ,má,1,1,True,dialect_phrase,Kinship/Honorific terms,mẹ,QuangNam; QuangNgai,0.4650089740753174,11.942211489415543,3.004279851913452,3.4692888259887695,True
MCQA_0048_2,MCQA,PNT4,replace,5,mẹ bật,má mở,2,2,False,none,Kinship/Honorific terms,,,0.4650089740753174,11.942211489415543,3.004279851913452,3.4692888259887695,True
MCQA_0048_5,MCQA,PNB,insert,0,,nóng,0,1,False,none,Unknown,,,-0.0296411514282226,-0.3983330718368556,2.6129088401794434,2.5832676887512207,False
MCQA_0048_5,MCQA,PNN,replace,0,người mẹ,má,2,1,False,none,Kinship/Honorific terms,,,0.3094105720520019,4.945676353932411,2.6129088401794434,2.9223194122314453,True
MCQA_0048_5,MCQA,PNN,replace,1,người mẹ,má,2,1,False,none,Kinship/Honorific terms,,,0.3094105720520019,4.945676353932411,2.6129088401794434,2.9223194122314453,True
MCQA_0048_5,MCQA,PNN,replace,2,oi bức,nóng nực,2,2,False,none,Predicate vocabulary,,,0.3094105720520019,4.945676353932411,2.6129088401794434,2.9223194122314453,True
MCQA_0048_5,MCQA,PNN,replace,3,người mẹ,má,2,1,False,none,Kinship/Honorific terms,,,0.3094105720520019,4.945676353932411,2.6129088401794434,2.9223194122314453,True
MCQA_0048_5,MCQA,PNN,replace,4,chăn,mền,1,1,False,none,Predicate vocabulary,,,0.3094105720520019,4.945676353932411,2.6129088401794434,2.9223194122314453,True
MCQA_0048_5,MCQA,PNN,replace,5,người mẹ,má,2,1,False,none,Kinship/Honorific terms,,,0.3094105720520019,4.945676353932411,2.6129088401794434,2.9223194122314453,True
MCQA_0048_5,MCQA,PNN,replace,6,người mẹ,má,2,1,False,none,Kinship/Honorific terms,,,0.3094105720520019,4.945676353932411,2.6129088401794434,2.9223194122314453,True
MCQA_0048_5,MCQA,PNT1,insert,0,,con,0,1,False,none,Unknown,,,0.4849560260772705,8.51194034225466,2.6129088401794434,3.097864866256714,False
MCQA_0048_5,MCQA,PNT1,delete,1,cho con,,2,0,False,none,Unknown,,,0.4849560260772705,8.51194034225466,2.6129088401794434,3.097864866256714,False
MCQA_0048_5,MCQA,PNT1,replace,2,làm gì,mằn chi,2,2,True,standard_word,Interrogatives,mần chi,ThanhHoa,0.4849560260772705,8.51194034225466,2.6129088401794434,3.097864866256714,True
MCQA_0048_5,MCQA,PNT1,insert,3,,nắng,0,1,False,none,Unknown,,,0.4849560260772705,8.51194034225466,2.6129088401794434,3.097864866256714,False
MCQA_0048_5,MCQA,PNT2,replace,0,đã làm gì,đạ mần chi,3,3,False,none,Interrogatives,,,0.5139560699462891,9.163713948816126,2.6129088401794434,3.1268649101257324,True
MCQA_0048_5,MCQA,PNT2,replace,1,đã,đạ,1,1,True,dialect_phrase,Connectives/Aspect markers,đã,HaTinh_QB_QT,0.5139560699462891,9.163713948816126,2.6129088401794434,3.1268649101257324,True
MCQA_0048_5,MCQA,PNT2,replace,2,làm,mần,1,1,True,dialect_phrase,Predicate vocabulary,làm,HaTinh_QB_QT,0.5139560699462891,9.163713948816126,2.6129088401794434,3.1268649101257324,True
MCQA_0048_5,MCQA,PNT2,replace,3,đã,đạ,1,1,True,dialect_phrase,Connectives/Aspect markers,đã,HaTinh_QB_QT,0.5139560699462891,9.163713948816126,2.6129088401794434,3.1268649101257324,True
MCQA_0048_5,MCQA,PNT2,replace,4,đã,đạ,1,1,True,dialect_phrase,Connectives/Aspect markers,đã,HaTinh_QB_QT,0.5139560699462891,9.163713948816126,2.6129088401794434,3.1268649101257324,True
MCQA_0048_5,MCQA,PNT3,replace,0,làm gì,mần chi,2,2,True,dialect_phrase,Interrogatives,làm gì,HaTinh_QB_QT; Hue,0.5166246891021729,9.224646082666338,2.6129088401794434,3.129533529281616,True
MCQA_0048_5,MCQA,PNT3,replace,1,cái,kì,1,1,True,dialect_phrase,Negation/Function words,cái,HaTinh_QB_QT,0.5166246891021729,9.224646082666338,2.6129088401794434,3.129533529281616,True
MCQA_0048_5,MCQA,PNT3,replace,2,trắng,thâu,1,1,False,none,Predicate vocabulary,,,0.5166246891021729,9.224646082666338,2.6129088401794434,3.129533529281616,True
MCQA_0048_5,MCQA,PNT4,replace,0,gì,chi,1,1,True,dialect_phrase,Interrogatives,gì,QuangNam,0.2164201736450195,3.295428562000927,2.6129088401794434,2.829329013824463,True
MCQA_0048_5,MCQA,PNT4,replace,1,chăn,mền,1,1,False,none,Predicate vocabulary,,,0.2164201736450195,3.295428562000927,2.6129088401794434,2.829329013824463,True
MCQA_0051_0,MCQA,PNB,replace,0,xưa,kìa,1,1,False,none,Demonstratives/Deixis,,,0.050349473953247,0.9822877622916444,2.945615768432617,2.9959652423858643,True
MCQA_0051_0,MCQA,PNN,replace,0,bố điều,ba chuyện,2,2,False,none,Kinship/Honorific terms,,,0.0028116703033447,0.0535598999987563,2.945615768432617,2.948427438735962,True
MCQA_0051_0,MCQA,PNN,replace,1,kia,trước,1,1,True,standard_word,Demonstratives/Deixis,đó,NamBo,0.0028116703033447,0.0535598999987563,2.945615768432617,2.948427438735962,True
MCQA_0051_0,MCQA,PNT1,replace,0,gì,chi,1,1,False,none,Interrogatives,,,0.3815326690673828,8.83641509973609,2.945615768432617,3.3271484375,True
MCQA_0051_0,MCQA,PNT1,replace,1,đâu,đi mô,1,2,False,none,Interrogatives,,,0.3815326690673828,8.83641509973609,2.945615768432617,3.3271484375,True
MCQA_0051_0,MCQA,PNT1,replace,2,đâu,đi mô,1,2,False,none,Interrogatives,,,0.3815326690673828,8.83641509973609,2.945615768432617,3.3271484375,True
MCQA_0051_0,MCQA,PNT1,replace,3,đâu,đi mô,1,2,False,none,Interrogatives,,,0.3815326690673828,8.83641509973609,2.945615768432617,3.3271484375,True
MCQA_0051_0,MCQA,PNT1,replace,4,đâu,đi mô,1,2,False,none,Interrogatives,,,0.3815326690673828,8.83641509973609,2.945615768432617,3.3271484375,True
MCQA_0051_0,MCQA,PNT2,replace,0,điều gì,cây chi,2,2,False,none,Interrogatives,,,1.2023677825927734,44.283845592925765,2.945615768432617,4.147983551025391,True
MCQA_0051_0,MCQA,PNT2,replace,1,hôm kia đâu,bựa nớ mô,3,3,False,none,Demonstratives/Deixis,,,1.2023677825927734,44.283845592925765,2.945615768432617,4.147983551025391,True
MCQA_0051_0,MCQA,PNT2,replace,2,hôm nay đâu,bựa ni mô,3,3,False,none,Demonstratives/Deixis,,,1.2023677825927734,44.283845592925765,2.945615768432617,4.147983551025391,True
MCQA_0051_0,MCQA,PNT2,replace,3,hôm xưa đâu,mọi hồi mô,3,3,False,none,Interrogatives,,,1.2023677825927734,44.283845592925765,2.945615768432617,4.147983551025391,True
MCQA_0051_0,MCQA,PNT2,replace,4,hôm,bựa,1,1,False,none,Orthographic variant,,,1.2023677825927734,44.283845592925765,2.945615768432617,4.147983551025391,False
MCQA_0051_0,MCQA,PNT2,replace,5,đâu,mô,1,1,True,dialect_phrase,Interrogatives; Negation/Function words,đâu (phủ định); đâu / nào,HaTinh_QB_QT; NgheAn,1.2023677825927734,44.283845592925765,2.945615768432617,4.147983551025391,False
MCQA_0051_0,MCQA,PNT3,replace,0,bố điều gì,bọ cấy chi,3,3,False,none,Kinship/Honorific terms,,,1.4362940788269043,60.96828539526922,2.945615768432617,4.3819098472595215,True
MCQA_0051_0,MCQA,PNT3,replace,1,cũ,cộ,1,1,False,none,Orthographic variant,,,1.4362940788269043,60.96828539526922,2.945615768432617,4.3819098472595215,False
MCQA_0051_0,MCQA,PNT3,replace,2,đâu,mô,1,1,True,dialect_phrase,Interrogatives; Negation/Function words,đâu (phủ định); đâu / nào,HaTinh_QB_QT; Hue,1.4362940788269043,60.96828539526922,2.945615768432617,4.3819098472595215,False
MCQA_0051_0,MCQA,PNT3,replace,3,nay đâu,ni mô,2,2,False,none,Interrogatives,,,1.4362940788269043,60.96828539526922,2.945615768432617,4.3819098472595215,True
MCQA_0051_0,MCQA,PNT3,replace,4,hôm xưa đâu,chầu tê mô,3,3,False,none,Interrogatives,,,1.4362940788269043,60.96828539526922,2.945615768432617,4.3819098472595215,True
MCQA_0051_0,MCQA,PNT3,replace,5,hôm,bựa,1,1,False,none,Orthographic variant,,,1.4362940788269043,60.96828539526922,2.945615768432617,4.3819098472595215,False
MCQA_0051_0,MCQA,PNT3,replace,6,đâu,mô,1,1,True,dialect_phrase,Interrogatives; Negation/Function words,đâu (phủ định); đâu / nào,HaTinh_QB_QT; Hue,1.4362940788269043,60.96828539526922,2.945615768432617,4.3819098472595215,False
MCQA_0051_0,MCQA,PNT4,replace,0,gì,chi,1,1,True,dialect_phrase,Interrogatives,gì,QuangNam,0.5625631809234619,14.365040064574146,2.945615768432617,3.508178949356079,True
MCQA_0051_0,MCQA,PNT4,replace,1,kia,nớ,1,1,True,dialect_phrase,Demonstratives/Deixis,ấy / đó,QuangNam,0.5625631809234619,14.365040064574146,2.945615768432617,3.508178949356079,True
MCQA_0051_0,MCQA,PNT4,replace,2,nay,ni,1,1,True,dialect_phrase,Demonstratives/Deixis,này,QuangNam,0.5625631809234619,14.365040064574146,2.945615768432617,3.508178949356079,True
MCQA_0051_4,MCQA,PNN,replace,0,bố,ba,1,1,False,none,Kinship/Honorific terms,,,0.3215935230255127,12.27563742881508,3.4769811630249023,3.798574686050415,True
MCQA_0051_4,MCQA,PNN,replace,1,điều,chuyện,1,1,False,none,Predicate vocabulary,,,0.3215935230255127,12.27563742881508,3.4769811630249023,3.798574686050415,True
MCQA_0051_4,MCQA,PNN,replace,2,xem,coi,1,1,False,none,Predicate vocabulary,,,0.3215935230255127,12.27563742881508,3.4769811630249023,3.798574686050415,True
MCQA_0051_4,MCQA,PNT1,replace,0,gì,chi,1,1,False,none,Interrogatives,,,0.2449815273284912,8.983583640505962,3.4769811630249023,3.7219626903533936,True
MCQA_0051_4,MCQA,PNT2,replace,0,đã,đạ,1,1,True,dialect_phrase,Connectives/Aspect markers,đã,HaTinh_QB_QT,0.7436761856079102,35.71634148263251,3.4769811630249023,4.2206573486328125,True
MCQA_0051_4,MCQA,PNT2,replace,1,gì,chi,1,1,True,dialect_phrase,Interrogatives,gì,HaTinh_QB_QT; NgheAn,0.7436761856079102,35.71634148263251,3.4769811630249023,4.2206573486328125,True
MCQA_0051_4,MCQA,PNT2,replace,2,ngày hôm,bữa,2,1,False,none,Orthographic variant,,,0.7436761856079102,35.71634148263251,3.4769811630249023,4.2206573486328125,False
MCQA_0051_4,MCQA,PNT3,replace,0,bố,ba,1,1,True,standard_word,Kinship/Honorific terms,bọ; ôn,HaTinh_QB_QT; Hue,0.5521183013916016,23.848389873768184,3.4769811630249023,4.029099464416504,True
MCQA_0051_4,MCQA,PNT3,replace,1,điều gì,cấy chi,2,2,False,none,Interrogatives,,,0.5521183013916016,23.848389873768184,3.4769811630249023,4.029099464416504,True
MCQA_0051_4,MCQA,PNT4,replace,0,bố,ba,1,1,True,dialect_phrase,Kinship/Honorific terms,bố,QuangNam; QuangNgai,0.325176477432251,12.43585847677305,3.4769811630249023,3.8021576404571538,True
MCQA_0051_4,MCQA,PNT4,replace,1,gì,chi,1,1,True,dialect_phrase,Interrogatives,gì,QuangNam,0.325176477432251,12.43585847677305,3.4769811630249023,3.8021576404571538,True
MCQA_0055_0,MCQA,PNB,replace,0,mặc,lại,1,1,False,none,Connectives/Aspect markers,,,0.01202392578125,0.1976798635499221,2.7937324047088623,2.8057563304901123,True
MCQA_0055_0,MCQA,PNN,replace,0,ầm,váng,1,1,False,none,Predicate vocabulary,,,0.3261013031005859,6.300713338035848,2.7937324047088623,3.119833707809448,True
MCQA_0055_0,MCQA,PNN,replace,1,vờ,bộ,1,1,False,none,Predicate vocabulary,,,0.3261013031005859,6.300713338035848,2.7937324047088623,3.119833707809448,True
MCQA_0055_0,MCQA,PNN,replace,2,bỏ mặc,kệ,2,1,False,none,Predicate vocabulary,,,0.3261013031005859,6.300713338035848,2.7937324047088623,3.119833707809448,True
MCQA_0055_0,MCQA,PNN,replace,3,tìm,kiếm,1,1,False,none,Predicate vocabulary,,,0.3261013031005859,6.300713338035848,2.7937324047088623,3.119833707809448,True
MCQA_0055_0,MCQA,PNN,replace,4,đến,tới,1,1,False,none,Predicate vocabulary,,,0.3261013031005859,6.300713338035848,2.7937324047088623,3.119833707809448,True
MCQA_0055_0,MCQA,PNT1,replace,0,khóc,khốc,1,1,False,none,Orthographic variant,,,0.6150534152984619,13.88661840316783,2.7937324047088623,3.408785820007324,False
MCQA_0055_0,MCQA,PNT1,replace,1,làm gì,mằn chi,2,2,True,standard_word,Interrogatives,mần chi,ThanhHoa,0.6150534152984619,13.88661840316783,2.7937324047088623,3.408785820007324,True
MCQA_0055_0,MCQA,PNT1,replace,2,khóc,khốc,1,1,False,none,Orthographic variant,,,0.6150534152984619,13.88661840316783,2.7937324047088623,3.408785820007324,False
MCQA_0055_0,MCQA,PNT1,replace,3,vờ,bộ,1,1,False,none,Predicate vocabulary,,,0.6150534152984619,13.88661840316783,2.7937324047088623,3.408785820007324,True
MCQA_0055_0,MCQA,PNT1,delete,4,bỏ,,1,0,False,none,Unknown,,,0.6150534152984619,13.88661840316783,2.7937324047088623,3.408785820007324,False
MCQA_0055_0,MCQA,PNT2,replace,0,đã làm gì,đạ mần chi,3,3,False,none,Interrogatives,,,0.4894671440124511,10.319038652044236,2.7937324047088623,3.2831995487213135,True
MCQA_0055_0,MCQA,PNT2,insert,1,,cí,0,1,False,none,Unknown,,,0.4894671440124511,10.319038652044236,2.7937324047088623,3.2831995487213135,False
MCQA_0055_0,MCQA,PNT3,replace,0,kêu khóc,khóoc,2,1,False,none,Predicate vocabulary,,,0.7327625751495361,17.662671083414967,2.7937324047088623,3.5264949798583984,True
MCQA_0055_0,MCQA,PNT3,replace,1,đã làm gì,đạ mần chi,3,3,False,none,Interrogatives,,,0.7327625751495361,17.662671083414967,2.7937324047088623,3.5264949798583984,True
MCQA_0055_0,MCQA,PNT3,replace,2,khóc,khóoc,1,1,False,none,Orthographic variant,,,0.7327625751495361,17.662671083414967,2.7937324047088623,3.5264949798583984,False
MCQA_0055_0,MCQA,PNT4,replace,0,gì,chi,1,1,True,dialect_phrase,Interrogatives,gì,QuangNam,0.6101083755493164,13.737506161473831,2.7937324047088623,3.4038407802581787,True
MCQA_0055_0,MCQA,PNT4,replace,1,vội vàng,quíu quắn,2,2,False,none,Predicate vocabulary,,,0.6101083755493164,13.737506161473831,2.7937324047088623,3.4038407802581787,True
MCQA_0055_0,MCQA,PNT4,replace,2,vờ,đò,1,1,False,none,Orthographic variant,,,0.6101083755493164,13.737506161473831,2.7937324047088623,3.4038407802581787,False
MCQA_0055_0,MCQA,PNT4,replace,3,mặc,lơ,1,1,False,none,Predicate vocabulary,,,0.6101083755493164,13.737506161473831,2.7937324047088623,3.4038407802581787,True
MCQA_0055_0,MCQA,PNT4,replace,4,tìm,kêu,1,1,True,dialect_phrase,Predicate vocabulary,gọi,PhuYen; QuangNgai,0.6101083755493164,13.737506161473831,2.7937324047088623,3.4038407802581787,True
MCQA_0055_0,MCQA,PNT4,replace,5,đến,tới,1,1,False,none,Predicate vocabulary,,,0.6101083755493164,13.737506161473831,2.7937324047088623,3.4038407802581787,True
MCQA_0055_1,MCQA,PNB,replace,0,thân,nạn,1,1,False,none,Noise/Non-linguistic,,,0.0237429141998291,0.2702481383107109,2.420161485671997,2.443904399871826,False
MCQA_0055_1,MCQA,PNN,replace,0,hoảng hốt,quýnh quáng,2,2,False,none,Predicate vocabulary,,,0.4785542488098144,6.9031444157911075,2.420161485671997,2.8987157344818115,True
MCQA_0055_1,MCQA,PNN,replace,1,giả vờ,làm bộ,2,2,True,dialect_phrase,Predicate vocabulary,giả vờ,NamBo,0.4785542488098144,6.9031444157911075,2.420161485671997,2.8987157344818115,True
MCQA_0055_1,MCQA,PNN,insert,2,,kế,0,1,False,none,Unknown,,,0.4785542488098144,6.9031444157911075,2.420161485671997,2.8987157344818115,False
MCQA_0055_1,MCQA,PNN,delete,3,cạnh,,1,0,False,none,Unknown,,,0.4785542488098144,6.9031444157911075,2.420161485671997,2.8987157344818115,False
MCQA_0055_1,MCQA,PNT1,replace,0,làm gì,mằn chi,2,2,True,standard_word,Interrogatives,mần chi,ThanhHoa,0.667849063873291,10.68572362417564,2.420161485671997,3.088010549545288,True
MCQA_0055_1,MCQA,PNT1,replace,1,vờ,bộ,1,1,False,none,Predicate vocabulary,,,0.667849063873291,10.68572362417564,2.420161485671997,3.088010549545288,True
MCQA_0055_1,MCQA,PNT1,replace,2,nước,nác,1,1,False,none,Orthographic variant,,,0.667849063873291,10.68572362417564,2.420161485671997,3.088010549545288,False
MCQA_0055_1,MCQA,PNT2,replace,0,làm gì,mần chi,2,2,True,dialect_phrase,Interrogatives,làm gì,HaTinh_QB_QT; NgheAn,0.2700517177581787,3.4871415924531615,2.420161485671997,2.690213203430176,True
MCQA_0055_1,MCQA,PNT3,replace,0,gì,chi,1,1,True,dialect_phrase,Interrogatives,gì; sao / thế nào,HaTinh_QB_QT; Hue,0.389040470123291,5.348992550950825,2.420161485671997,2.809201955795288,True
MCQA_0055_1,MCQA,PNT3,replace,1,vội vàng,lật đật,2,2,False,none,Predicate vocabulary,,,0.389040470123291,5.348992550950825,2.420161485671997,2.809201955795288,True
MCQA_0055_1,MCQA,PNT3,replace,2,vờ,đò,1,1,False,none,Orthographic variant,,,0.389040470123291,5.348992550950825,2.420161485671997,2.809201955795288,False
MCQA_0055_1,MCQA,PNT4,replace,0,gì,ren,1,1,True,dialect_phrase,Interrogatives,sao / thế nào,QuangNam,0.4727210998535156,6.797576176472219,2.420161485671997,2.8928825855255127,True
MCQA_0055_1,MCQA,PNT4,replace,1,hốt,sợ,1,1,False,none,Predicate vocabulary,,,0.4727210998535156,6.797576176472219,2.420161485671997,2.8928825855255127,True
MCQA_0055_1,MCQA,PNT4,replace,2,vờ,đò,1,1,False,none,Orthographic variant,,,0.4727210998535156,6.797576176472219,2.420161485671997,2.8928825855255127,False
MCQA_0056_1,MCQA,PNB,replace,0,bạn,cô,1,1,False,none,Kinship/Honorific terms,,,0.2509934902191162,4.356779682731229,2.7259411811828613,2.9769346714019775,True
MCQA_0056_1,MCQA,PNB,replace,1,bạn,cô,1,1,False,none,Kinship/Honorific terms,,,0.2509934902191162,4.356779682731229,2.7259411811828613,2.9769346714019775,True
MCQA_0056_1,MCQA,PNB,replace,2,bạn,cô,1,1,False,none,Kinship/Honorific terms,,,0.2509934902191162,4.356779682731229,2.7259411811828613,2.9769346714019775,True
MCQA_0056_1,MCQA,PNN,replace,0,đến,tới,1,1,False,none,Predicate vocabulary,,,0.1471986770629882,2.421703231130863,2.7259411811828613,2.8731398582458496,True
MCQA_0056_1,MCQA,PNN,replace,1,nói,là,1,1,False,none,Predicate vocabulary,,,0.1471986770629882,2.421703231130863,2.7259411811828613,2.8731398582458496,True
MCQA_0056_1,MCQA,PNN,replace,2,không,hông,1,1,True,dialect_phrase,Negation/Function words,không,NamBo,0.1471986770629882,2.421703231130863,2.7259411811828613,2.8731398582458496,True
MCQA_0056_1,MCQA,PNT1,replace,0,gì,chi,1,1,False,none,Interrogatives,,,0.1279141902923584,2.083781572737742,2.7259411811828613,2.8538553714752197,True
MCQA_0056_1,MCQA,PNT1,replace,1,luôn,cứ,1,1,False,none,Predicate vocabulary,,,0.1279141902923584,2.083781572737742,2.7259411811828613,2.8538553714752197,True
MCQA_0056_1,MCQA,PNT2,replace,0,gì,chi,1,1,True,dialect_phrase,Interrogatives,gì,HaTinh_QB_QT; NgheAn,0.3007018566131592,5.357089516130735,2.7259411811828613,3.0266430377960205,True
MCQA_0056_1,MCQA,PNT2,replace,1,gái,gấy,1,1,False,none,Orthographic variant,,,0.3007018566131592,5.357089516130735,2.7259411811828613,3.0266430377960205,False
MCQA_0056_1,MCQA,PNT2,replace,2,gái,gấy,1,1,False,none,Orthographic variant,,,0.3007018566131592,5.357089516130735,2.7259411811828613,3.0266430377960205,False
MCQA_0056_1,MCQA,PNT2,replace,3,gái,gấy,1,1,False,none,Orthographic variant,,,0.3007018566131592,5.357089516130735,2.7259411811828613,3.0266430377960205,False
MCQA_0056_1,MCQA,PNT2,replace,4,gái,gấy,1,1,False,none,Orthographic variant,,,0.3007018566131592,5.357089516130735,2.7259411811828613,3.0266430377960205,False
MCQA_0056_1,MCQA,PNT2,replace,5,không,nỏ,1,1,True,dialect_phrase,Negation/Function words,không,HaTinh_QB_QT; NgheAn,0.3007018566131592,5.357089516130735,2.7259411811828613,3.0266430377960205,True
MCQA_0056_1,MCQA,PNT3,replace,0,gì,răng,1,1,True,dialect_phrase,Interrogatives,sao / thế nào,HaTinh_QB_QT; Hue,0.6899302005767822,15.172686017804832,2.7259411811828613,3.4158713817596436,True
MCQA_0056_1,MCQA,PNT3,replace,1,và,với,1,1,False,none,Connectives/Aspect markers,,,0.6899302005767822,15.172686017804832,2.7259411811828613,3.4158713817596436,True
MCQA_0056_1,MCQA,PNT3,replace,2,gái,cấy,1,1,True,dialect_phrase,Negation/Function words,cái,HaTinh_QB_QT,0.6899302005767822,15.172686017804832,2.7259411811828613,3.4158713817596436,True
MCQA_0056_1,MCQA,PNT3,replace,3,không muốn,nỏ ưng,2,2,False,none,Negation/Function words,,,0.6899302005767822,15.172686017804832,2.7259411811828613,3.4158713817596436,True
MCQA_0056_1,MCQA,PNT3,replace,4,nữa,nựa,1,1,False,none,Orthographic variant,,,0.6899302005767822,15.172686017804832,2.7259411811828613,3.4158713817596436,False
MCQA_0056_2,MCQA,PNB,replace,0,vâng,nghe,1,1,False,none,Discourse particles,,,-0.281165599822998,-7.761670534642207,3.4553000926971436,3.1741344928741455,True
MCQA_0056_2,MCQA,PNB,replace,1,inh,minh,1,1,False,none,Noise/Non-linguistic,,,-0.281165599822998,-7.761670534642207,3.4553000926971436,3.1741344928741455,False
MCQA_0056_2,MCQA,PNN,replace,0,bà mẹ,má,2,1,False,none,Kinship/Honorific terms,,,0.2197718620300293,7.783704947508252,3.4553000926971436,3.675071954727173,True
MCQA_0056_2,MCQA,PNN,replace,1,cô,con,1,1,False,none,Kinship/Honorific terms,,,0.2197718620300293,7.783704947508252,3.4553000926971436,3.675071954727173,True
MCQA_0056_2,MCQA,PNN,replace,2,và những,với mấy,2,2,False,none,Predicate vocabulary,,,0.2197718620300293,7.783704947508252,3.4553000926971436,3.675071954727173,True
MCQA_0056_2,MCQA,PNN,replace,3,và,với,1,1,False,none,Connectives/Aspect markers,,,0.2197718620300293,7.783704947508252,3.4553000926971436,3.675071954727173,True
MCQA_0056_2,MCQA,PNN,replace,4,vâng,nghe,1,1,False,none,Discourse particles,,,0.2197718620300293,7.783704947508252,3.4553000926971436,3.675071954727173,True
MCQA_0056_2,MCQA,PNN,replace,5,ông,ổng,1,1,True,dialect_phrase,Pronouns,ông ấy,NamBo,0.2197718620300293,7.783704947508252,3.4553000926971436,3.675071954727173,True
MCQA_0056_2,MCQA,PNT1,replace,0,gì,chi,1,1,False,none,Interrogatives,,,-0.1728153228759765,-5.025901042825481,3.4553000926971436,3.282484769821167,True
MCQA_0056_2,MCQA,PNT1,replace,1,vâng,nghe,1,1,False,none,Discourse particles,,,-0.1728153228759765,-5.025901042825481,3.4553000926971436,3.282484769821167,True
MCQA_0056_2,MCQA,PNT1,replace,2,inh,minh,1,1,False,none,Noise/Non-linguistic,,,-0.1728153228759765,-5.025901042825481,3.4553000926971436,3.282484769821167,False
MCQA_0056_2,MCQA,PNT2,replace,0,cô,con,1,1,False,none,Kinship/Honorific terms,,,0.1302025318145752,4.403693045888129,3.4553000926971436,3.5855026245117188,True
MCQA_0056_2,MCQA,PNT2,replace,1,gì,chi,1,1,True,dialect_phrase,Interrogatives,gì,HaTinh_QB_QT; NgheAn,0.1302025318145752,4.403693045888129,3.4553000926971436,3.5855026245117188,True
MCQA_0056_2,MCQA,PNT3,replace,0,gì,chi,1,1,True,dialect_phrase,Interrogatives,gì; sao / thế nào,HaTinh_QB_QT; Hue,-0.122232437133789,-3.6436120250093142,3.4553000926971436,3.3330676555633545,True
MCQA_0056_2,MCQA,PNT3,replace,1,inh,minh,1,1,False,none,Noise/Non-linguistic,,,-0.122232437133789,-3.6436120250093142,3.4553000926971436,3.3330676555633545,False
MCQA_0056_2,MCQA,PNT4,replace,0,gì,cái chi,1,2,True,standard_word,Interrogatives,chi; gì,PhuYen; QuangNam; QuangNgai,0.0428791046142578,1.3874195864715198,3.4553000926971436,3.498179197311402,True
MCQA_0056_2,MCQA,PNT4,replace,1,vật lộn,chống chọi,2,2,False,none,Predicate vocabulary,,,0.0428791046142578,1.3874195864715198,3.4553000926971436,3.498179197311402,True
MCQA_0056_2,MCQA,PNT4,replace,2,vâng,nghe,1,1,False,none,Discourse particles,,,0.0428791046142578,1.3874195864715198,3.4553000926971436,3.498179197311402,True
MCQA_0058_0,MCQA,PNB,replace,0,ổ,chuồng,1,1,False,none,Predicate vocabulary,,,-0.0473833084106445,-0.5820053136249275,2.5318076610565186,2.484424352645874,True
MCQA_0058_0,MCQA,PNN,replace,0,rơi,rớt,1,1,False,none,Predicate vocabulary,,,-0.0042226314544677,-0.0529927753119476,2.5318076610565186,2.527585029602051,True
MCQA_0058_0,MCQA,PNT1,replace,0,thế nào,răng,2,1,False,none,Interrogatives,,,0.3023438453674316,4.439737100496652,2.5318076610565186,2.83415150642395,True
MCQA_0058_0,MCQA,PNT2,replace,0,thế nào,răng,2,1,True,dialect_phrase,Interrogatives,sao / thế nào,HaTinh_QB_QT; NgheAn,0.3841762542724609,5.890754261692345,2.5318076610565186,2.9159839153289795,True
MCQA_0058_0,MCQA,PNT3,replace,0,rơi vào,rớt vô,2,2,False,none,Predicate vocabulary,,,0.573218822479248,9.733590666739884,2.5318076610565186,3.1050264835357666,True
MCQA_0058_0,MCQA,PNT3,replace,1,thế nào,răng,2,1,True,dialect_phrase,Interrogatives,sao / thế nào,HaTinh_QB_QT; Hue,0.573218822479248,9.733590666739884,2.5318076610565186,3.1050264835357666,True
MCQA_0058_0,MCQA,PNT4,replace,0,rơi vào,rớt vô,2,2,False,none,Predicate vocabulary,,,0.5793919563293457,9.871738071372752,2.5318076610565186,3.1111996173858643,True
MCQA_0058_0,MCQA,PNT4,replace,1,như thế nào,ra ren,3,2,False,none,Interrogatives,,,0.5793919563293457,9.871738071372752,2.5318076610565186,3.1111996173858643,True
MCQA_0060_1,MCQA,PNB,replace,0,réo rắt,véo von,2,2,False,none,Idiomatic expressions,,,0.2337090969085693,7.018790694315328,3.283139705657959,3.5168488025665283,True
MCQA_0060_1,MCQA,PNN,delete,0,ngữ,,1,0,False,none,Unknown,,,-0.0120131969451904,-0.3183479322797957,3.283139705657959,3.271126508712769,False
MCQA_0060_1,MCQA,PNT1,replace,0,nào,mô,1,1,True,dialect_phrase,Negation/Function words,đâu (phủ định),ThanhHoa,0.2908422946929931,8.998958263837558,3.283139705657959,3.573982000350952,True
MCQA_0060_1,MCQA,PNT2,replace,0,nào,mô,1,1,True,dialect_phrase,Interrogatives; Negation/Function words,đâu (phủ định); đâu / nào,HaTinh_QB_QT; NgheAn,0.2385728359222412,7.182991342449377,3.283139705657959,3.5217125415802,False
MCQA_0060_1,MCQA,PNT3,replace,0,nào,mô,1,1,True,dialect_phrase,Interrogatives; Negation/Function words,đâu (phủ định); đâu / nào,HaTinh_QB_QT; Hue,0.2385728359222412,7.182991342449377,3.283139705657959,3.5217125415802,False
MCQA_0060_1,MCQA,PNT4,replace,0,nào,mô,1,1,True,dialect_phrase,Interrogatives,đâu / nào,QuangNam,0.2385728359222412,7.182991342449377,3.283139705657959,3.5217125415802,True
MCQA_0060_2,MCQA,PNB,insert,0,,mà,0,1,False,none,Unknown,,,-0.0058014392852783,-0.0580270712212982,2.3057029247283936,2.2999014854431152,False
MCQA_0060_2,MCQA,PNB,replace,1,vùng,nơi,1,1,False,none,Predicate vocabulary,,,-0.0058014392852783,-0.0580270712212982,2.3057029247283936,2.2999014854431152,True
MCQA_0060_2,MCQA,PNN,insert,0,,mà,0,1,False,none,Unknown,,,0.1129913330078125,1.1999577315267302,2.3057029247283936,2.418694257736206,False
MCQA_0060_2,MCQA,PNN,replace,1,vậy,thế,1,1,True,standard_word,Demonstratives/Deixis,vậy,NamBo,0.1129913330078125,1.1999577315267302,2.3057029247283936,2.418694257736206,True
MCQA_0060_2,MCQA,PNN,replace,2,không,hông,1,1,True,dialect_phrase,Negation/Function words,không,NamBo,0.1129913330078125,1.1999577315267302,2.3057029247283936,2.418694257736206,True
MCQA_0060_2,MCQA,PNN,replace,3,chép,lại,1,1,False,none,Predicate vocabulary,,,0.1129913330078125,1.1999577315267302,2.3057029247283936,2.418694257736206,True
MCQA_0060_2,MCQA,PNT1,replace,0,đâu,chi mà,1,2,False,none,Interrogatives,,,0.2125191688537597,2.3752924409925633,2.3057029247283936,2.5182220935821533,True
MCQA_0060_2,MCQA,PNT1,replace,1,vậy,rứa,1,1,False,none,Demonstratives/Deixis,,,0.2125191688537597,2.3752924409925633,2.3057029247283936,2.5182220935821533,True
MCQA_0060_2,MCQA,PNT2,replace,0,đâu,mô mà,1,2,True,standard_word,Interrogatives,mô,HaTinh_QB_QT; NgheAn,0.5202181339263916,6.845255087306009,2.3057029247283936,2.825921058654785,True
MCQA_0060_2,MCQA,PNT2,replace,1,như vậy,a rứa,2,2,True,dialect_phrase,Demonstratives/Deixis,vậy / thế,HaTinh_QB_QT,0.5202181339263916,6.845255087306009,2.3057029247283936,2.825921058654785,True
MCQA_0060_2,MCQA,PNT2,replace,2,đã,đạ,1,1,True,dialect_phrase,Connectives/Aspect markers,đã,HaTinh_QB_QT,0.5202181339263916,6.845255087306009,2.3057029247283936,2.825921058654785,True
MCQA_0060_2,MCQA,PNT2,replace,3,không,nỏ,1,1,True,dialect_phrase,Negation/Function words,không,HaTinh_QB_QT; NgheAn,0.5202181339263916,6.845255087306009,2.3057029247283936,2.825921058654785,True
MCQA_0060_2,MCQA,PNT3,replace,0,đâu,mô mà,1,2,True,standard_word,Interrogatives,mô,HaTinh_QB_QT; Hue,0.28505539894104,3.308656745884182,2.3057029247283936,2.5907583236694336,True
MCQA_0060_2,MCQA,PNT3,replace,1,và,rồi,1,1,False,none,Connectives/Aspect markers,,,0.28505539894104,3.308656745884182,2.3057029247283936,2.5907583236694336,True
MCQA_0060_2,MCQA,PNT3,replace,2,chúng,hắn,1,1,True,dialect_phrase,Pronouns,nó,HaTinh_QB_QT; Hue,0.28505539894104,3.308656745884182,2.3057029247283936,2.5907583236694336,True
MCQA_0060_2,MCQA,PNT3,replace,3,vậy,rứa,1,1,True,standard_word,Demonstratives/Deixis,a rứa; như ri; như rứa; ri,HaTinh_QB_QT; Hue,0.28505539894104,3.308656745884182,2.3057029247283936,2.5907583236694336,True
MCQA_0060_2,MCQA,PNT4,replace,0,đâu,mô mà,1,2,True,standard_word,Interrogatives,mô; đâu,PhuYen; QuangNam; QuangNgai,0.2045872211456298,2.2772738309207785,2.3057029247283936,2.510290145874023,True
MCQA_0060_2,MCQA,PNT4,replace,1,vậy,rứa,1,1,True,standard_word,Demonstratives/Deixis,như dậy; như ri; như rứa; như vầy; như vậy,PhuYen; QuangNam; QuangNgai,0.2045872211456298,2.2772738309207785,2.3057029247283936,2.510290145874023,True
MCQA_0062_0,MCQA,PNB,replace,0,kìm kẹp,khống chế,2,2,False,none,Idiomatic expressions,,,0.0172009468078613,0.2981499074772387,2.8440191745758057,2.861220121383667,True
MCQA_0062_0,MCQA,PNN,replace,0,các,mấy,1,1,False,none,Negation/Function words,,,0.279583215713501,5.543412647124377,2.8440191745758057,3.123602390289306,True
MCQA_0062_0,MCQA,PNN,replace,1,chúng tôi,tụi tui,2,2,True,dialect_phrase,Pronouns,chúng tôi,NamBo,0.279583215713501,5.543412647124377,2.8440191745758057,3.123602390289306,True
MCQA_0062_0,MCQA,PNN,replace,2,chúng ta,tụi mình,2,2,False,none,Pronouns,,,0.279583215713501,5.543412647124377,2.8440191745758057,3.123602390289306,True
MCQA_0062_0,MCQA,PNN,replace,3,thật,thiệt,1,1,True,dialect_phrase,Connectives/Aspect markers,thật,NamBo,0.279583215713501,5.543412647124377,2.8440191745758057,3.123602390289306,True
MCQA_0062_0,MCQA,PNT1,replace,0,nào,mô,1,1,True,dialect_phrase,Negation/Function words,đâu (phủ định),ThanhHoa,0.2556509971618652,5.0059357627795755,2.8440191745758057,3.099670171737671,True
MCQA_0062_0,MCQA,PNT2,replace,0,nào,mô,1,1,True,dialect_phrase,Interrogatives; Negation/Function words,đâu (phủ định); đâu / nào,HaTinh_QB_QT; NgheAn,0.4814982414245605,10.62869079691625,2.8440191745758057,3.325517416000366,False
MCQA_0062_0,MCQA,PNT2,replace,1,chúng tôi đã,choa đạ,3,2,False,none,Pronouns,,,0.4814982414245605,10.62869079691625,2.8440191745758057,3.325517416000366,True
MCQA_0062_0,MCQA,PNT3,replace,0,nào,mô,1,1,True,dialect_phrase,Interrogatives; Negation/Function words,đâu (phủ định); đâu / nào,HaTinh_QB_QT; Hue,0.5340509414672852,12.129448378911054,2.8440191745758057,3.378070116043091,False
MCQA_0062_0,MCQA,PNT3,replace,1,các,mấy,1,1,False,none,Negation/Function words,,,0.5340509414672852,12.129448378911054,2.8440191745758057,3.378070116043091,True
MCQA_0062_0,MCQA,PNT3,replace,2,chúng,bọn,1,1,False,none,Pronouns,,,0.5340509414672852,12.129448378911054,2.8440191745758057,3.378070116043091,True
MCQA_0062_0,MCQA,PNT3,replace,3,chúng tôi,bọn mềng,2,2,True,standard_word,Pronouns,choa; tụi mền; tụi tau,HaTinh_QB_QT; Hue,0.5340509414672852,12.129448378911054,2.8440191745758057,3.378070116043091,True
MCQA_0062_0,MCQA,PNT4,replace,0,nào,mô,1,1,True,dialect_phrase,Interrogatives,đâu / nào,QuangNam,0.3830599784851074,8.021231477874284,2.8440191745758057,3.227079153060913,True
MCQA_0062_0,MCQA,PNT4,replace,1,các,mấy,1,1,False,none,Negation/Function words,,,0.3830599784851074,8.021231477874284,2.8440191745758057,3.227079153060913,True
MCQA_0062_0,MCQA,PNT4,replace,2,tôi,ta,1,1,True,dialect_phrase,Pronouns,tao; tôi,QuangNam,0.3830599784851074,8.021231477874284,2.8440191745758057,3.227079153060913,True
MCQA_0062_0,MCQA,PNT4,replace,3,đó,chỗ nớ,1,2,True,standard_word,Demonstratives/Deixis,nớ; đó,PhuYen; QuangNam; QuangNgai,0.3830599784851074,8.021231477874284,2.8440191745758057,3.227079153060913,True
MCQA_0062_2,MCQA,PNB,replace,0,miền,vùng,1,1,False,none,Predicate vocabulary,,,-0.0428650379180908,-0.8427682273802013,2.9999914169311523,2.9571263790130615,True
MCQA_0062_2,MCQA,PNB,replace,1,chết,mất,1,1,False,none,Predicate vocabulary,,,-0.0428650379180908,-0.8427682273802013,2.9999914169311523,2.9571263790130615,True
MCQA_0062_2,MCQA,PNB,replace,2,miền,vùng,1,1,False,none,Predicate vocabulary,,,-0.0428650379180908,-0.8427682273802013,2.9999914169311523,2.9571263790130615,True
MCQA_0062_2,MCQA,PNB,replace,3,miền,vùng,1,1,False,none,Predicate vocabulary,,,-0.0428650379180908,-0.8427682273802013,2.9999914169311523,2.9571263790130615,True
MCQA_0062_2,MCQA,PNN,replace,0,tại,ở,1,1,False,none,Predicate vocabulary,,,-0.0626959800720214,-1.2206081976580665,2.9999914169311523,2.937295436859131,True
MCQA_0062_2,MCQA,PNN,replace,1,các,mấy,1,1,False,none,Negation/Function words,,,-0.0626959800720214,-1.2206081976580665,2.9999914169311523,2.937295436859131,True
MCQA_0062_2,MCQA,PNT1,replace,0,nào,mô,1,1,True,dialect_phrase,Negation/Function words,đâu (phủ định),ThanhHoa,0.2927048206329345,6.829971522326275,2.9999914169311523,3.292696237564087,True
MCQA_0062_2,MCQA,PNT1,replace,1,đó,nớ,1,1,True,standard_word,Demonstratives/Deixis,nứ,ThanhHoa,0.2927048206329345,6.829971522326275,2.9999914169311523,3.292696237564087,True
MCQA_0062_2,MCQA,PNT2,replace,0,nào,mô,1,1,True,dialect_phrase,Interrogatives; Negation/Function words,đâu (phủ định); đâu / nào,HaTinh_QB_QT; NgheAn,0.1417679786682129,3.05918695169753,2.9999914169311523,3.1417593955993652,False
MCQA_0062_2,MCQA,PNT3,replace,0,nào cho ta,mô làm miềng,3,3,False,none,Interrogatives,,,0.4706912040710449,12.073322620812828,2.9999914169311523,3.4706826210021973,True
MCQA_0062_2,MCQA,PNT3,replace,1,tại đó,chỗ nớ,2,2,False,none,Demonstratives/Deixis,,,0.4706912040710449,12.073322620812828,2.9999914169311523,3.4706826210021973,True
MCQA_0062_2,MCQA,PNT3,replace,2,các,mấy,1,1,False,none,Negation/Function words,,,0.4706912040710449,12.073322620812828,2.9999914169311523,3.4706826210021973,True
MCQA_0064_1,MCQA,PNB,replace,0,ngoại,vãi,1,1,False,none,Predicate vocabulary,,,0.1069786548614502,1.2988958793946406,2.442674398422241,2.5496530532836914,True
MCQA_0064_1,MCQA,PNN,replace,0,như thế nào,làm sao,3,2,False,none,Interrogatives,,,0.4816694259643554,7.118237444564317,2.442674398422241,2.9243438243865967,True
MCQA_0064_1,MCQA,PNN,replace,1,dẫn,dắt,1,1,False,none,Predicate vocabulary,,,0.4816694259643554,7.118237444564317,2.442674398422241,2.9243438243865967,True
MCQA_0064_1,MCQA,PNN,replace,2,dẫn,dắt,1,1,False,none,Predicate vocabulary,,,0.4816694259643554,7.118237444564317,2.442674398422241,2.9243438243865967,True
MCQA_0064_1,MCQA,PNN,replace,3,vở chọn bút,tập lựa viết,3,3,False,none,Predicate vocabulary,,,0.4816694259643554,7.118237444564317,2.442674398422241,2.9243438243865967,True
MCQA_0064_1,MCQA,PNN,replace,4,và,với,1,1,False,none,Connectives/Aspect markers,,,0.4816694259643554,7.118237444564317,2.442674398422241,2.9243438243865967,True
MCQA_0064_1,MCQA,PNN,replace,5,những,mấy,1,1,False,none,Negation/Function words,,,0.4816694259643554,7.118237444564317,2.442674398422241,2.9243438243865967,True
MCQA_0064_1,MCQA,PNN,replace,6,dẫn,dắt,1,1,False,none,Predicate vocabulary,,,0.4816694259643554,7.118237444564317,2.442674398422241,2.9243438243865967,True
MCQA_0064_1,MCQA,PNN,replace,7,áo quần,đồ,2,1,False,none,Predicate vocabulary,,,0.4816694259643554,7.118237444564317,2.442674398422241,2.9243438243865967,True
MCQA_0064_1,MCQA,PNN,replace,8,dẫn,dắt,1,1,False,none,Predicate vocabulary,,,0.4816694259643554,7.118237444564317,2.442674398422241,2.9243438243865967,True
MCQA_0064_1,MCQA,PNN,replace,9,đến,tới,1,1,False,none,Predicate vocabulary,,,0.4816694259643554,7.118237444564317,2.442674398422241,2.9243438243865967,True
MCQA_0064_1,MCQA,PNT1,replace,0,như thế nào,ra răng,3,2,False,none,Interrogatives,,,0.438215970993042,6.326376235519122,2.442674398422241,2.880890369415283,True
MCQA_0064_1,MCQA,PNT1,replace,1,dẫn,dắt,1,1,False,none,Predicate vocabulary,,,0.438215970993042,6.326376235519122,2.442674398422241,2.880890369415283,True
MCQA_0064_1,MCQA,PNT1,replace,2,dẫn,dắt,1,1,False,none,Predicate vocabulary,,,0.438215970993042,6.326376235519122,2.442674398422241,2.880890369415283,True
MCQA_0064_1,MCQA,PNT1,replace,3,dẫn,dắt,1,1,False,none,Predicate vocabulary,,,0.438215970993042,6.326376235519122,2.442674398422241,2.880890369415283,True
MCQA_0064_1,MCQA,PNT1,replace,4,dẫn,dắt,1,1,False,none,Predicate vocabulary,,,0.438215970993042,6.326376235519122,2.442674398422241,2.880890369415283,True
MCQA_0064_1,MCQA,PNT2,replace,0,đã,đạ,1,1,True,dialect_phrase,Connectives/Aspect markers,đã,HaTinh_QB_QT,0.4272434711456299,6.131804432008975,2.442674398422241,2.869917869567871,True
MCQA_0064_1,MCQA,PNT2,replace,1,như thế nào,a răng,3,2,False,none,Interrogatives,,,0.4272434711456299,6.131804432008975,2.442674398422241,2.869917869567871,True
MCQA_0064_1,MCQA,PNT3,replace,0,thế nào,răng,2,1,True,dialect_phrase,Interrogatives,sao / thế nào,HaTinh_QB_QT; Hue,0.511744499206543,7.686802503234942,2.442674398422241,2.954418897628784,True
MCQA_0064_1,MCQA,PNT3,replace,1,và,với,1,1,False,none,Connectives/Aspect markers,,,0.511744499206543,7.686802503234942,2.442674398422241,2.954418897628784,True
MCQA_0064_1,MCQA,PNT3,replace,2,những,mấy,1,1,False,none,Negation/Function words,,,0.511744499206543,7.686802503234942,2.442674398422241,2.954418897628784,True
MCQA_0064_1,MCQA,PNT3,replace,3,đến,tới,1,1,False,none,Predicate vocabulary,,,0.511744499206543,7.686802503234942,2.442674398422241,2.954418897628784,True
MCQA_0064_1,MCQA,PNT4,replace,0,bạn nhỏ,thằng cu,2,2,False,none,Kinship/Honorific terms,,,0.5248956680297852,7.940847734493412,2.442674398422241,2.9675700664520264,True
MCQA_0064_1,MCQA,PNT4,replace,1,thế nào,ren,2,1,True,dialect_phrase,Interrogatives,sao / thế nào,QuangNam,0.5248956680297852,7.940847734493412,2.442674398422241,2.9675700664520264,True
MCQA_0064_1,MCQA,PNT4,replace,2,bạn nhỏ,thằng cu,2,2,False,none,Kinship/Honorific terms,,,0.5248956680297852,7.940847734493412,2.442674398422241,2.9675700664520264,True
MCQA_0064_1,MCQA,PNT4,replace,3,bạn nhỏ,thằng cu,2,2,False,none,Kinship/Honorific terms,,,0.5248956680297852,7.940847734493412,2.442674398422241,2.9675700664520264,True
MCQA_0064_1,MCQA,PNT4,replace,4,chọn,lựa,1,1,False,none,Predicate vocabulary,,,0.5248956680297852,7.940847734493412,2.442674398422241,2.9675700664520264,True
MCQA_0064_1,MCQA,PNT4,replace,5,dạy,bày,1,1,False,none,Predicate vocabulary,,,0.5248956680297852,7.940847734493412,2.442674398422241,2.9675700664520264,True
MCQA_0064_1,MCQA,PNT4,replace,6,bạn nhỏ,thằng cu,2,2,False,none,Kinship/Honorific terms,,,0.5248956680297852,7.940847734493412,2.442674398422241,2.9675700664520264,True
MCQA_0064_1,MCQA,PNT4,replace,7,bạn nhỏ,thằng cu,2,2,False,none,Kinship/Honorific terms,,,0.5248956680297852,7.940847734493412,2.442674398422241,2.9675700664520264,True
MCQA_0065_2,MCQA,PNB,replace,0,nhờ,ngờ,1,1,False,none,Noise/Non-linguistic,,,-0.2824273109436035,-4.357216931928102,2.8740599155426025,2.591632604598999,False
MCQA_0065_2,MCQA,PNB,replace,1,bả,bã,1,1,False,none,Orthographic variant,,,-0.2824273109436035,-4.357216931928102,2.8740599155426025,2.591632604598999,False
MCQA_0065_2,MCQA,PNN,replace,0,đến,tới,1,1,False,none,Predicate vocabulary,,,-0.0389249324798584,-0.676069284644047,2.8740599155426025,2.835134983062744,True
MCQA_0065_2,MCQA,PNN,delete,1,thế,,1,0,True,standard_word,Demonstratives/Deixis,vậy,NamBo,-0.0389249324798584,-0.676069284644047,2.8740599155426025,2.835134983062744,False
MCQA_0065_2,MCQA,PNN,replace,2,nhờ,ngờ,1,1,False,none,Noise/Non-linguistic,,,-0.0389249324798584,-0.676069284644047,2.8740599155426025,2.835134983062744,False
MCQA_0065_2,MCQA,PNN,replace,3,bả,bã,1,1,False,none,Orthographic variant,,,-0.0389249324798584,-0.676069284644047,2.8740599155426025,2.835134983062744,False
MCQA_0065_2,MCQA,PNN,replace,4,không,hông,1,1,True,dialect_phrase,Negation/Function words,không,NamBo,-0.0389249324798584,-0.676069284644047,2.8740599155426025,2.835134983062744,True
MCQA_0065_2,MCQA,PNT1,replace,0,như thế nào,ra răng,3,2,False,none,Interrogatives,,,0.3938801288604736,8.548426383413592,2.8740599155426025,3.267940044403076,True
MCQA_0065_2,MCQA,PNT1,replace,1,nhờ,ngờ,1,1,False,none,Noise/Non-linguistic,,,0.3938801288604736,8.548426383413592,2.8740599155426025,3.267940044403076,False
MCQA_0065_2,MCQA,PNT1,replace,2,bả,bã,1,1,False,none,Orthographic variant,,,0.3938801288604736,8.548426383413592,2.8740599155426025,3.267940044403076,False
MCQA_0065_2,MCQA,PNT1,insert,3,,chi,0,1,False,none,Unknown,,,0.3938801288604736,8.548426383413592,2.8740599155426025,3.267940044403076,False
MCQA_0065_2,MCQA,PNT2,replace,0,như thế nào,à răng,3,2,False,none,Interrogatives,,,0.824709415435791,22.688789176889113,2.8740599155426025,3.6987693309783936,True
MCQA_0065_2,MCQA,PNT2,replace,1,không,nỏ,1,1,True,dialect_phrase,Negation/Function words,không,HaTinh_QB_QT; NgheAn,0.824709415435791,22.688789176889113,2.8740599155426025,3.6987693309783936,True
MCQA_0065_2,MCQA,PNT3,replace,0,thế nào,răng,2,1,True,dialect_phrase,Interrogatives,sao / thế nào,HaTinh_QB_QT; Hue,0.3252274990081787,6.8062863443289,2.8740599155426025,3.1992874145507812,True
MCQA_0065_2,MCQA,PNT3,replace,1,nhờ,ngờ,1,1,False,none,Noise/Non-linguistic,,,0.3252274990081787,6.8062863443289,2.8740599155426025,3.1992874145507812,False
MCQA_0065_2,MCQA,PNT3,replace,2,bả,bã,1,1,False,none,Orthographic variant,,,0.3252274990081787,6.8062863443289,2.8740599155426025,3.1992874145507812,False
MCQA_0065_2,MCQA,PNT4,replace,0,đến,tới,1,1,False,none,Predicate vocabulary,,,0.5403575897216797,12.690468318092393,2.8740599155426025,3.4144175052642822,True
MCQA_0065_2,MCQA,PNT4,replace,1,như thế nào,ra ren,3,2,False,none,Interrogatives,,,0.5403575897216797,12.690468318092393,2.8740599155426025,3.4144175052642822,True
MCQA_0065_2,MCQA,PNT4,replace,2,nhờ,ngờ,1,1,False,none,Noise/Non-linguistic,,,0.5403575897216797,12.690468318092393,2.8740599155426025,3.4144175052642822,False
MCQA_0065_5,MCQA,PNB,replace,0,phúc đáp,phản hồi,2,2,False,none,Idiomatic expressions,,,-0.0114738941192626,-0.2396845493313293,3.044980764389038,3.0335068702697754,True
MCQA_0065_5,MCQA,PNN,replace,0,phúc đáp,hồi âm,2,2,False,none,Predicate vocabulary,,,0.2596275806427002,6.228244585733364,3.044980764389038,3.3046083450317383,True
MCQA_0065_5,MCQA,PNN,replace,1,chúng ta,tụi mình,2,2,False,none,Pronouns,,,0.2596275806427002,6.228244585733364,3.044980764389038,3.3046083450317383,True
MCQA_0065_5,MCQA,PNN,replace,2,các,mấy,1,1,False,none,Negation/Function words,,,0.2596275806427002,6.228244585733364,3.044980764389038,3.3046083450317383,True
MCQA_0065_5,MCQA,PNN,replace,3,các,mấy,1,1,False,none,Negation/Function words,,,0.2596275806427002,6.228244585733364,3.044980764389038,3.3046083450317383,True
MCQA_0065_5,MCQA,PNN,replace,4,đến,qua,1,1,False,none,Predicate vocabulary,,,0.2596275806427002,6.228244585733364,3.044980764389038,3.3046083450317383,True
MCQA_0065_5,MCQA,PNN,replace,5,các,mấy,1,1,False,none,Negation/Function words,,,0.2596275806427002,6.228244585733364,3.044980764389038,3.3046083450317383,True
MCQA_0065_5,MCQA,PNN,replace,6,đến,qua,1,1,False,none,Predicate vocabulary,,,0.2596275806427002,6.228244585733364,3.044980764389038,3.3046083450317383,True
MCQA_0065_5,MCQA,PNN,replace,7,các,mấy,1,1,False,none,Negation/Function words,,,0.2596275806427002,6.228244585733364,3.044980764389038,3.3046083450317383,True
MCQA_0065_5,MCQA,PNN,delete,8,rất,,1,0,True,standard_word,Predicate vocabulary,dữ,NamBo,0.2596275806427002,6.228244585733364,3.044980764389038,3.3046083450317383,False
MCQA_0065_5,MCQA,PNN,replace,9,các,mấy,1,1,False,none,Negation/Function words,,,0.2596275806427002,6.228244585733364,3.044980764389038,3.3046083450317383,True
MCQA_0065_5,MCQA,PNN,insert,10,,dữ lắm,0,2,False,none,Unknown,,,0.2596275806427002,6.228244585733364,3.044980764389038,3.3046083450317383,False
MCQA_0065_5,MCQA,PNT1,replace,0,nào,mô,1,1,True,dialect_phrase,Negation/Function words,đâu (phủ định),ThanhHoa,0.2253949642181396,5.3116000576150455,3.044980764389038,3.2703757286071777,True
MCQA_0065_5,MCQA,PNT2,replace,0,nào,mô,1,1,True,dialect_phrase,Interrogatives; Negation/Function words,đâu (phủ định); đâu / nào,HaTinh_QB_QT; NgheAn,0.2629075050354004,6.317729416886873,3.044980764389038,3.3078882694244385,False
MCQA_0065_5,MCQA,PNT2,replace,1,chúng,nhà,1,1,False,none,Pronouns,,,0.2629075050354004,6.317729416886873,3.044980764389038,3.3078882694244385,True
MCQA_0065_5,MCQA,PNT3,replace,0,nào,mô,1,1,True,dialect_phrase,Interrogatives; Negation/Function words,đâu (phủ định); đâu / nào,HaTinh_QB_QT; Hue,0.494701623916626,13.446346766553637,3.044980764389038,3.539682388305664,False
MCQA_0065_5,MCQA,PNT3,replace,1,chúng ta,miềng,2,1,False,none,Pronouns,,,0.494701623916626,13.446346766553637,3.044980764389038,3.539682388305664,True
MCQA_0065_5,MCQA,PNT3,replace,2,các,mấy,1,1,False,none,Negation/Function words,,,0.494701623916626,13.446346766553637,3.044980764389038,3.539682388305664,True
MCQA_0065_5,MCQA,PNT3,replace,3,các,mấy,1,1,False,none,Negation/Function words,,,0.494701623916626,13.446346766553637,3.044980764389038,3.539682388305664,True
MCQA_0065_5,MCQA,PNT3,replace,4,các,mấy,1,1,False,none,Negation/Function words,,,0.494701623916626,13.446346766553637,3.044980764389038,3.539682388305664,True
MCQA_0065_5,MCQA,PNT3,replace,5,mến,quý,1,1,False,none,Predicate vocabulary,,,0.494701623916626,13.446346766553637,3.044980764389038,3.539682388305664,True
MCQA_0065_5,MCQA,PNT3,replace,6,các,mấy,1,1,False,none,Negation/Function words,,,0.494701623916626,13.446346766553637,3.044980764389038,3.539682388305664,True
MCQA_0069_1,MCQA,PNB,replace,0,sầm sì,âm u,2,2,False,none,Idiomatic expressions,,,-0.0018293857574462,-0.030175456333314,2.8039631843566895,2.802133798599243,True
MCQA_0069_1,MCQA,PNT1,replace,0,nào,mô,1,1,True,dialect_phrase,Negation/Function words,đâu (phủ định),ThanhHoa,0.1658980846405029,2.979266394694818,2.8039631843566895,2.9698612689971924,True
MCQA_0069_1,MCQA,PNT2,replace,0,nào,mô,1,1,True,dialect_phrase,Interrogatives; Negation/Function words,đâu (phủ định); đâu / nào,HaTinh_QB_QT; NgheAn,0.1699485778808593,3.0583674218856167,2.8039631843566895,2.973911762237549,False
MCQA_0069_1,MCQA,PNT3,replace,0,nào,mô,1,1,True,dialect_phrase,Interrogatives; Negation/Function words,đâu (phủ định); đâu / nào,HaTinh_QB_QT; Hue,0.1612598896026611,2.889080921960261,2.8039631843566895,2.9652230739593506,False
MCQA_0069_1,MCQA,PNT3,replace,1,ló rạng,ngoi lên,2,2,False,none,Predicate vocabulary,,,0.1612598896026611,2.889080921960261,2.8039631843566895,2.9652230739593506,True
MCQA_0069_1,MCQA,PNT4,replace,0,nào,mô,1,1,True,dialect_phrase,Interrogatives,đâu / nào,QuangNam,0.1699485778808593,3.0583674218856167,2.8039631843566895,2.973911762237549,True
MCQA_0069_5,MCQA,PNB,replace,0,lui,quay,1,1,False,none,Predicate vocabulary,,,0.0105617046356201,0.1427596290378616,2.598642110824585,2.609203815460205,True
MCQA_0069_5,MCQA,PNB,replace,1,mọc,lên,1,1,False,none,Predicate vocabulary,,,0.0105617046356201,0.1427596290378616,2.598642110824585,2.609203815460205,True
MCQA_0069_5,MCQA,PNN,delete,0,lui,,1,0,False,none,Unknown,,,0.4429717063903808,7.493539536138044,2.598642110824585,3.041613817214966,False
MCQA_0069_5,MCQA,PNN,replace,1,ngơi khi,lúc,2,1,False,none,Connectives/Aspect markers,,,0.4429717063903808,7.493539536138044,2.598642110824585,3.041613817214966,True
MCQA_0069_5,MCQA,PNN,replace,2,khi,lúc,1,1,False,none,Connectives/Aspect markers,,,0.4429717063903808,7.493539536138044,2.598642110824585,3.041613817214966,True
MCQA_0069_5,MCQA,PNN,replace,3,khi,lúc,1,1,False,none,Connectives/Aspect markers,,,0.4429717063903808,7.493539536138044,2.598642110824585,3.041613817214966,True
MCQA_0069_5,MCQA,PNN,replace,4,khi,lúc,1,1,False,none,Connectives/Aspect markers,,,0.4429717063903808,7.493539536138044,2.598642110824585,3.041613817214966,True
MCQA_0069_5,MCQA,PNN,replace,5,khi,lúc,1,1,False,none,Connectives/Aspect markers,,,0.4429717063903808,7.493539536138044,2.598642110824585,3.041613817214966,True
MCQA_0069_5,MCQA,PNT1,replace,0,nào,mô,1,1,True,dialect_phrase,Negation/Function words,đâu (phủ định),ThanhHoa,0.2856011390686035,4.444556016070269,2.598642110824585,2.8842432498931885,True
MCQA_0069_5,MCQA,PNT2,replace,0,nào,mô,1,1,True,dialect_phrase,Interrogatives; Negation/Function words,đâu (phủ định); đâu / nào,HaTinh_QB_QT; NgheAn,0.2506527900695801,3.830128359586784,2.598642110824585,2.849294900894165,False
MCQA_0069_5,MCQA,PNT3,replace,0,nào,mô,1,1,True,dialect_phrase,Interrogatives; Negation/Function words,đâu (phủ định); đâu / nào,HaTinh_QB_QT; Hue,0.2506527900695801,3.830128359586784,2.598642110824585,2.849294900894165,False
MCQA_0069_5,MCQA,PNT4,replace,0,khi nào,lúc mô,2,2,False,none,Interrogatives,,,0.294560432434082,4.605558146846132,2.598642110824585,2.893202543258667,True
MCQA_0072_2,MCQA,PNB,replace,0,vẫn,vần,1,1,False,none,Noise/Non-linguistic,,,-0.0880069732666015,-0.973770731750287,2.4474406242370605,2.359433650970459,False
MCQA_0072_2,MCQA,PNN,replace,0,những,mấy,1,1,False,none,Negation/Function words,,,-0.0153460502624511,-0.1760266740522187,2.4474406242370605,2.43209457397461,True
MCQA_0072_2,MCQA,PNN,replace,1,gì,như nào,1,2,True,standard_word,Interrogatives,gì,NamBo,-0.0153460502624511,-0.1760266740522187,2.4474406242370605,2.43209457397461,True
MCQA_0072_2,MCQA,PNN,replace,2,vẫn,vần,1,1,False,none,Noise/Non-linguistic,,,-0.0153460502624511,-0.1760266740522187,2.4474406242370605,2.43209457397461,False
MCQA_0072_2,MCQA,PNT1,replace,0,những,mấy,1,1,False,none,Negation/Function words,,,0.1892414093017578,2.4080596105816223,2.4474406242370605,2.6366820335388184,True
MCQA_0072_2,MCQA,PNT1,replace,1,"""ai",“ai,1,1,False,none,Noise/Non-linguistic,,,0.1892414093017578,2.4080596105816223,2.4474406242370605,2.6366820335388184,False
MCQA_0072_2,MCQA,PNT1,replace,2,"cây"" ""người",cây” “người,2,2,False,none,Orthographic variant,,,0.1892414093017578,2.4080596105816223,2.4474406242370605,2.6366820335388184,False
MCQA_0072_2,MCQA,PNT1,replace,3,"có"" ""em",có” “em,2,2,False,none,Orthographic variant,,,0.1892414093017578,2.4080596105816223,2.4474406242370605,2.6366820335388184,False
MCQA_0072_2,MCQA,PNT1,replace,4,"cây""",cây”,1,1,False,none,Orthographic variant,,,0.1892414093017578,2.4080596105816223,2.4474406242370605,2.6366820335388184,False
MCQA_0072_2,MCQA,PNT1,replace,5,gì,chi,1,1,False,none,Interrogatives,,,0.1892414093017578,2.4080596105816223,2.4474406242370605,2.6366820335388184,True
MCQA_0072_2,MCQA,PNT1,replace,6,vẫn,vần,1,1,False,none,Noise/Non-linguistic,,,0.1892414093017578,2.4080596105816223,2.4474406242370605,2.6366820335388184,False
MCQA_0072_2,MCQA,PNT2,replace,0,gì,chi,1,1,True,dialect_phrase,Interrogatives,gì,HaTinh_QB_QT; NgheAn,0.160430908203125,2.0114107884822445,2.4474406242370605,2.6078715324401855,True
MCQA_0072_2,MCQA,PNT3,replace,0,những,mấy,1,1,False,none,Negation/Function words,,,0.5423839092254639,8.32346781850314,2.4474406242370605,2.9898245334625244,True
MCQA_0072_2,MCQA,PNT3,replace,1,"cây""","cơn""",1,1,False,none,Predicate vocabulary,,,0.5423839092254639,8.32346781850314,2.4474406242370605,2.9898245334625244,True
MCQA_0072_2,MCQA,PNT3,replace,2,đó,nớ,1,1,True,dialect_phrase,Demonstratives/Deixis,kia; ấy / đó,HaTinh_QB_QT; Hue,0.5423839092254639,8.32346781850314,2.4474406242370605,2.9898245334625244,True
MCQA_0072_2,MCQA,PNT3,replace,3,"cây""","cơn""",1,1,False,none,Predicate vocabulary,,,0.5423839092254639,8.32346781850314,2.4474406242370605,2.9898245334625244,True
MCQA_0072_2,MCQA,PNT3,replace,4,gì,chi,1,1,True,dialect_phrase,Interrogatives,gì; sao / thế nào,HaTinh_QB_QT; Hue,0.5423839092254639,8.32346781850314,2.4474406242370605,2.9898245334625244,True
MCQA_0072_2,MCQA,PNT3,replace,5,tạo,mần,1,1,True,dialect_phrase,Predicate vocabulary,làm,HaTinh_QB_QT; Hue,0.5423839092254639,8.32346781850314,2.4474406242370605,2.9898245334625244,True
MCQA_0072_2,MCQA,PNT3,replace,6,cây,cơn,1,1,False,none,Predicate vocabulary,,,0.5423839092254639,8.32346781850314,2.4474406242370605,2.9898245334625244,True
MCQA_0072_2,MCQA,PNT3,replace,7,tạo,mần,1,1,True,dialect_phrase,Predicate vocabulary,làm,HaTinh_QB_QT; Hue,0.5423839092254639,8.32346781850314,2.4474406242370605,2.9898245334625244,True
MCQA_0072_2,MCQA,PNT3,replace,8,khiến,mần,1,1,True,dialect_phrase,Predicate vocabulary,làm,HaTinh_QB_QT; Hue,0.5423839092254639,8.32346781850314,2.4474406242370605,2.9898245334625244,True
MCQA_0072_2,MCQA,PNT3,replace,9,tạo,mần,1,1,True,dialect_phrase,Predicate vocabulary,làm,HaTinh_QB_QT; Hue,0.5423839092254639,8.32346781850314,2.4474406242370605,2.9898245334625244,True
MCQA_0072_2,MCQA,PNT3,replace,10,khiến,mần,1,1,True,dialect_phrase,Predicate vocabulary,làm,HaTinh_QB_QT; Hue,0.5423839092254639,8.32346781850314,2.4474406242370605,2.9898245334625244,True
MCQA_0072_2,MCQA,PNT3,replace,11,và,với,1,1,False,none,Connectives/Aspect markers,,,0.5423839092254639,8.32346781850314,2.4474406242370605,2.9898245334625244,True
MCQA_0072_2,MCQA,PNT3,replace,12,cây,cơn,1,1,False,none,Predicate vocabulary,,,0.5423839092254639,8.32346781850314,2.4474406242370605,2.9898245334625244,True
MCQA_0072_2,MCQA,PNT4,replace,0,việc,chuyện,1,1,False,none,Predicate vocabulary,,,0.4050066471099853,5.771415838107746,2.4474406242370605,2.852447271347046,True
MCQA_0072_2,MCQA,PNT4,replace,1,những,mấy,1,1,False,none,Negation/Function words,,,0.4050066471099853,5.771415838107746,2.4474406242370605,2.852447271347046,True
MCQA_0072_2,MCQA,PNT4,replace,2,gì,chi,1,1,True,dialect_phrase,Interrogatives,gì,QuangNam,0.4050066471099853,5.771415838107746,2.4474406242370605,2.852447271347046,True
MCQA_0072_2,MCQA,PNT4,replace,3,khiến,làm,1,1,True,dialect_phrase,Predicate vocabulary,làm,PhuYen; QuangNam; QuangNgai,0.4050066471099853,5.771415838107746,2.4474406242370605,2.852447271347046,True
MCQA_0072_2,MCQA,PNT4,replace,4,khiến,làm,1,1,True,dialect_phrase,Predicate vocabulary,làm,PhuYen; QuangNam; QuangNgai,0.4050066471099853,5.771415838107746,2.4474406242370605,2.852447271347046,True
MCQA_0072_2,MCQA,PNT4,replace,5,các,mấy,1,1,False,none,Negation/Function words,,,0.4050066471099853,5.771415838107746,2.4474406242370605,2.852447271347046,True
MCQA_0074_5,MCQA,PNN,replace,0,khi,lúc,1,1,False,none,Connectives/Aspect markers,,,0.6597957611083984,11.189559638803445,2.482834815979004,3.1426305770874023,True
MCQA_0074_5,MCQA,PNN,replace,1,mẹ bảo,má biểu,2,2,False,none,Kinship/Honorific terms,,,0.6597957611083984,11.189559638803445,2.482834815979004,3.1426305770874023,True
MCQA_0074_5,MCQA,PNN,replace,2,vì mẹ,tại má,2,2,False,none,Kinship/Honorific terms,,,0.6597957611083984,11.189559638803445,2.482834815979004,3.1426305770874023,True
MCQA_0074_5,MCQA,PNN,replace,3,bảo,biểu,1,1,False,none,Predicate vocabulary,,,0.6597957611083984,11.189559638803445,2.482834815979004,3.1426305770874023,True
MCQA_0074_5,MCQA,PNN,replace,4,việc,chuyện,1,1,False,none,Predicate vocabulary,,,0.6597957611083984,11.189559638803445,2.482834815979004,3.1426305770874023,True
MCQA_0074_5,MCQA,PNN,replace,5,vì,tại,1,1,False,none,Connectives/Aspect markers,,,0.6597957611083984,11.189559638803445,2.482834815979004,3.1426305770874023,True
MCQA_0074_5,MCQA,PNN,replace,6,việc,chuyện,1,1,False,none,Predicate vocabulary,,,0.6597957611083984,11.189559638803445,2.482834815979004,3.1426305770874023,True
MCQA_0074_5,MCQA,PNN,replace,7,vì mẹ,tại má,2,2,False,none,Kinship/Honorific terms,,,0.6597957611083984,11.189559638803445,2.482834815979004,3.1426305770874023,True
MCQA_0074_5,MCQA,PNN,replace,8,bảo,biểu,1,1,False,none,Predicate vocabulary,,,0.6597957611083984,11.189559638803445,2.482834815979004,3.1426305770874023,True
MCQA_0074_5,MCQA,PNN,replace,9,vì mẹ bảo,tại má biểu,3,3,False,none,Kinship/Honorific terms,,,0.6597957611083984,11.189559638803445,2.482834815979004,3.1426305770874023,True
MCQA_0074_5,MCQA,PNT1,replace,0,sao,răng,1,1,False,none,Interrogatives,,,0.5362732410430908,8.497859037606887,2.482834815979004,3.0191080570220947,True
MCQA_0074_5,MCQA,PNT1,insert,1,,áo,0,1,False,none,Unknown,,,0.5362732410430908,8.497859037606887,2.482834815979004,3.0191080570220947,False
MCQA_0074_5,MCQA,PNT1,delete,2,áo,,1,0,False,none,Unknown,,,0.5362732410430908,8.497859037606887,2.482834815979004,3.0191080570220947,False
MCQA_0074_5,MCQA,PNT1,replace,3,làm,mằn,1,1,True,standard_word,Predicate vocabulary,mần,ThanhHoa,0.5362732410430908,8.497859037606887,2.482834815979004,3.0191080570220947,True
MCQA_0074_5,MCQA,PNT1,replace,4,gì,chi,1,1,False,none,Interrogatives,,,0.5362732410430908,8.497859037606887,2.482834815979004,3.0191080570220947,True
MCQA_0074_5,MCQA,PNT1,replace,5,làm,mằn,1,1,True,standard_word,Predicate vocabulary,mần,ThanhHoa,0.5362732410430908,8.497859037606887,2.482834815979004,3.0191080570220947,True
MCQA_0074_5,MCQA,PNT1,replace,6,làm,mằn,1,1,True,standard_word,Predicate vocabulary,mần,ThanhHoa,0.5362732410430908,8.497859037606887,2.482834815979004,3.0191080570220947,True
MCQA_0074_5,MCQA,PNT1,replace,7,làm,mằn,1,1,True,standard_word,Predicate vocabulary,mần,ThanhHoa,0.5362732410430908,8.497859037606887,2.482834815979004,3.0191080570220947,True
MCQA_0074_5,MCQA,PNT1,replace,8,gì,chi,1,1,False,none,Interrogatives,,,0.5362732410430908,8.497859037606887,2.482834815979004,3.0191080570220947,True
MCQA_0074_5,MCQA,PNT1,replace,9,làm,mằn,1,1,True,standard_word,Predicate vocabulary,mần,ThanhHoa,0.5362732410430908,8.497859037606887,2.482834815979004,3.0191080570220947,True
MCQA_0074_5,MCQA,PNT2,replace,0,sao,răng,1,1,True,dialect_phrase,Interrogatives,sao / thế nào,HaTinh_QB_QT; NgheAn,0.9044575691223145,17.61057320964779,2.482834815979004,3.3872923851013184,True
MCQA_0074_5,MCQA,PNT2,replace,1,thấy,chộ,1,1,True,dialect_phrase,Predicate vocabulary,thấy,HaTinh_QB_QT,0.9044575691223145,17.61057320964779,2.482834815979004,3.3872923851013184,True
MCQA_0074_5,MCQA,PNT2,replace,2,bảo,kêu,1,1,False,none,Predicate vocabulary,,,0.9044575691223145,17.61057320964779,2.482834815979004,3.3872923851013184,True
MCQA_0074_5,MCQA,PNT2,replace,3,bảo,kêu,1,1,False,none,Predicate vocabulary,,,0.9044575691223145,17.61057320964779,2.482834815979004,3.3872923851013184,True
MCQA_0074_5,MCQA,PNT2,replace,4,gì,chi,1,1,True,dialect_phrase,Interrogatives,gì,HaTinh_QB_QT; NgheAn,0.9044575691223145,17.61057320964779,2.482834815979004,3.3872923851013184,True
MCQA_0074_5,MCQA,PNT2,replace,5,làm,mần,1,1,True,dialect_phrase,Predicate vocabulary,làm,HaTinh_QB_QT,0.9044575691223145,17.61057320964779,2.482834815979004,3.3872923851013184,True
MCQA_0074_5,MCQA,PNT2,replace,6,làm,mần,1,1,True,dialect_phrase,Predicate vocabulary,làm,HaTinh_QB_QT,0.9044575691223145,17.61057320964779,2.482834815979004,3.3872923851013184,True
MCQA_0074_5,MCQA,PNT2,replace,7,bảo,kêu,1,1,False,none,Predicate vocabulary,,,0.9044575691223145,17.61057320964779,2.482834815979004,3.3872923851013184,True
MCQA_0074_5,MCQA,PNT2,replace,8,làm,mần,1,1,True,dialect_phrase,Predicate vocabulary,làm,HaTinh_QB_QT,0.9044575691223145,17.61057320964779,2.482834815979004,3.3872923851013184,True
MCQA_0074_5,MCQA,PNT2,replace,9,gì,chi,1,1,True,dialect_phrase,Interrogatives,gì,HaTinh_QB_QT; NgheAn,0.9044575691223145,17.61057320964779,2.482834815979004,3.3872923851013184,True
MCQA_0074_5,MCQA,PNT2,replace,10,bảo,kêu,1,1,False,none,Predicate vocabulary,,,0.9044575691223145,17.61057320964779,2.482834815979004,3.3872923851013184,True
MCQA_0074_5,MCQA,PNT2,replace,11,vào,vô,1,1,False,none,Connectives/Aspect markers,,,0.9044575691223145,17.61057320964779,2.482834815979004,3.3872923851013184,True
MCQA_0074_5,MCQA,PNT3,replace,0,sao,răng,1,1,True,dialect_phrase,Interrogatives,sao / thế nào,HaTinh_QB_QT; Hue,0.8345460891723633,15.61283653287054,2.482834815979004,3.317380905151367,True
MCQA_0074_5,MCQA,PNT3,replace,1,bảo,nói,1,1,False,none,Predicate vocabulary,,,0.8345460891723633,15.61283653287054,2.482834815979004,3.317380905151367,True
MCQA_0074_5,MCQA,PNT3,replace,2,bao giờ bảo,từng kêu,3,2,False,none,Idiomatic expressions,,,0.8345460891723633,15.61283653287054,2.482834815979004,3.317380905151367,True
MCQA_0074_5,MCQA,PNT3,replace,3,gì,chi,1,1,True,dialect_phrase,Interrogatives,gì; sao / thế nào,HaTinh_QB_QT; Hue,0.8345460891723633,15.61283653287054,2.482834815979004,3.317380905151367,True
MCQA_0074_5,MCQA,PNT3,replace,4,bao giờ,lần mô,2,2,False,none,Interrogatives,,,0.8345460891723633,15.61283653287054,2.482834815979004,3.317380905151367,True
MCQA_0074_5,MCQA,PNT3,replace,5,bao giờ bảo,từng nói,3,2,False,none,Idiomatic expressions,,,0.8345460891723633,15.61283653287054,2.482834815979004,3.317380905151367,True
MCQA_0074_5,MCQA,PNT3,replace,6,gì,chi,1,1,True,dialect_phrase,Interrogatives,gì; sao / thế nào,HaTinh_QB_QT; Hue,0.8345460891723633,15.61283653287054,2.482834815979004,3.317380905151367,True
MCQA_0074_5,MCQA,PNT3,replace,7,bảo,kêu,1,1,True,dialect_phrase,Predicate vocabulary,gọi,Hue,0.8345460891723633,15.61283653287054,2.482834815979004,3.317380905151367,True
MCQA_0074_5,MCQA,PNT4,replace,0,sao,ren,1,1,True,dialect_phrase,Interrogatives,sao / thế nào,QuangNam,0.9936115741729736,20.369413866790833,2.482834815979004,3.4764463901519775,True
MCQA_0074_5,MCQA,PNT4,replace,1,ngạc nhiên,bất ngờ,2,2,False,none,Predicate vocabulary,,,0.9936115741729736,20.369413866790833,2.482834815979004,3.4764463901519775,True
MCQA_0074_5,MCQA,PNT4,replace,2,thấy,nghe,1,1,True,standard_word,Predicate vocabulary,coi; thấy,PhuYen; QuangNam; QuangNgai,0.9936115741729736,20.369413866790833,2.482834815979004,3.4764463901519775,True
MCQA_0074_5,MCQA,PNT4,replace,3,bảo,kêu,1,1,True,dialect_phrase,Predicate vocabulary,gọi,PhuYen; QuangNgai,0.9936115741729736,20.369413866790833,2.482834815979004,3.4764463901519775,True
MCQA_0074_5,MCQA,PNT4,replace,4,bao giờ bảo,hồi mô sai,3,3,False,none,Interrogatives,,,0.9936115741729736,20.369413866790833,2.482834815979004,3.4764463901519775,True
MCQA_0074_5,MCQA,PNT4,replace,5,việc gì,chuyện chi,2,2,True,dialect_phrase,Interrogatives,chuyện gì,QuangNam,0.9936115741729736,20.369413866790833,2.482834815979004,3.4764463901519775,True
MCQA_0074_5,MCQA,PNT4,replace,6,bạn,nó,1,1,True,dialect_phrase,Pronouns,nó,PhuYen; QuangNgai,0.9936115741729736,20.369413866790833,2.482834815979004,3.4764463901519775,True
MCQA_0074_5,MCQA,PNT4,replace,7,từng,hồi mô,1,2,False,none,Interrogatives,,,0.9936115741729736,20.369413866790833,2.482834815979004,3.4764463901519775,True
MCQA_0074_5,MCQA,PNT4,replace,8,từng,hồi mô,1,2,False,none,Interrogatives,,,0.9936115741729736,20.369413866790833,2.482834815979004,3.4764463901519775,True
MCQA_0074_5,MCQA,PNT4,delete,9,bao giờ,,2,0,False,none,Unknown,,,0.9936115741729736,20.369413866790833,2.482834815979004,3.4764463901519775,False
MCQA_0074_5,MCQA,PNT4,replace,10,bao giờ,hồi mô,2,2,False,none,Interrogatives,,,0.9936115741729736,20.369413866790833,2.482834815979004,3.4764463901519775,True
MCQA_0074_5,MCQA,PNT4,replace,11,gì cả,chi hết,2,2,False,none,Interrogatives,,,0.9936115741729736,20.369413866790833,2.482834815979004,3.4764463901519775,True
MCQA_0074_6,MCQA,PNN,replace,0,mẹ,má,1,1,False,none,Kinship/Honorific terms,,,0.4489133358001709,6.502427621332361,2.4402616024017334,2.8891749382019043,True
MCQA_0074_6,MCQA,PNN,replace,1,vì,tại,1,1,False,none,Connectives/Aspect markers,,,0.4489133358001709,6.502427621332361,2.4402616024017334,2.8891749382019043,True
MCQA_0074_6,MCQA,PNN,replace,2,điều,chuyện,1,1,False,none,Predicate vocabulary,,,0.4489133358001709,6.502427621332361,2.4402616024017334,2.8891749382019043,True
MCQA_0074_6,MCQA,PNN,replace,3,tập làm,viết,2,1,False,none,Predicate vocabulary,,,0.4489133358001709,6.502427621332361,2.4402616024017334,2.8891749382019043,True
MCQA_0074_6,MCQA,PNN,replace,4,vì,tại,1,1,False,none,Connectives/Aspect markers,,,0.4489133358001709,6.502427621332361,2.4402616024017334,2.8891749382019043,True
MCQA_0074_6,MCQA,PNN,replace,5,điều,chuyện,1,1,False,none,Predicate vocabulary,,,0.4489133358001709,6.502427621332361,2.4402616024017334,2.8891749382019043,True
MCQA_0074_6,MCQA,PNN,replace,6,vì,tại,1,1,False,none,Connectives/Aspect markers,,,0.4489133358001709,6.502427621332361,2.4402616024017334,2.8891749382019043,True
MCQA_0074_6,MCQA,PNN,replace,7,điều,chuyện,1,1,False,none,Predicate vocabulary,,,0.4489133358001709,6.502427621332361,2.4402616024017334,2.8891749382019043,True
MCQA_0074_6,MCQA,PNN,replace,8,các,mấy,1,1,False,none,Negation/Function words,,,0.4489133358001709,6.502427621332361,2.4402616024017334,2.8891749382019043,True
MCQA_0074_6,MCQA,PNN,replace,9,vì,tại,1,1,False,none,Connectives/Aspect markers,,,0.4489133358001709,6.502427621332361,2.4402616024017334,2.8891749382019043,True
MCQA_0074_6,MCQA,PNN,replace,10,điều,chuyện,1,1,False,none,Predicate vocabulary,,,0.4489133358001709,6.502427621332361,2.4402616024017334,2.8891749382019043,True
MCQA_0074_6,MCQA,PNN,replace,11,mẹ,má,1,1,False,none,Kinship/Honorific terms,,,0.4489133358001709,6.502427621332361,2.4402616024017334,2.8891749382019043,True
MCQA_0074_6,MCQA,PNT1,replace,0,sao,răng,1,1,False,none,Interrogatives,,,0.6303129196166992,10.078240017890748,2.4402616024017334,3.0705745220184326,True
MCQA_0074_6,MCQA,PNT1,replace,1,đó,nớ,1,1,True,standard_word,Demonstratives/Deixis,nứ,ThanhHoa,0.6303129196166992,10.078240017890748,2.4402616024017334,3.0705745220184326,True
MCQA_0074_6,MCQA,PNT1,insert,2,,lại,0,1,False,none,Unknown,,,0.6303129196166992,10.078240017890748,2.4402616024017334,3.0705745220184326,False
MCQA_0074_6,MCQA,PNT1,replace,3,làm,mằn,1,1,True,standard_word,Predicate vocabulary,mần,ThanhHoa,0.6303129196166992,10.078240017890748,2.4402616024017334,3.0705745220184326,True
MCQA_0074_6,MCQA,PNT1,replace,4,làm,mằn,1,1,True,standard_word,Predicate vocabulary,mần,ThanhHoa,0.6303129196166992,10.078240017890748,2.4402616024017334,3.0705745220184326,True
MCQA_0074_6,MCQA,PNT1,replace,5,làm,mằn,1,1,True,standard_word,Predicate vocabulary,mần,ThanhHoa,0.6303129196166992,10.078240017890748,2.4402616024017334,3.0705745220184326,True
MCQA_0074_6,MCQA,PNT2,replace,0,sao,răng,1,1,True,dialect_phrase,Interrogatives,sao / thế nào,HaTinh_QB_QT; NgheAn,0.534146785736084,8.101994713232939,2.4402616024017334,2.9744083881378174,True
MCQA_0074_6,MCQA,PNT2,replace,1,mẹ,mệ,1,1,True,dialect_phrase,Kinship/Honorific terms,bà,HaTinh_QB_QT; NgheAn,0.534146785736084,8.101994713232939,2.4402616024017334,2.9744083881378174,True
MCQA_0074_6,MCQA,PNT2,replace,2,làm,mần,1,1,True,dialect_phrase,Predicate vocabulary,làm,HaTinh_QB_QT,0.534146785736084,8.101994713232939,2.4402616024017334,2.9744083881378174,True
MCQA_0074_6,MCQA,PNT2,replace,3,mẹ,mệ,1,1,True,dialect_phrase,Kinship/Honorific terms,bà,HaTinh_QB_QT; NgheAn,0.534146785736084,8.101994713232939,2.4402616024017334,2.9744083881378174,True
MCQA_0074_6,MCQA,PNT2,replace,4,làm,mần,1,1,True,dialect_phrase,Predicate vocabulary,làm,HaTinh_QB_QT,0.534146785736084,8.101994713232939,2.4402616024017334,2.9744083881378174,True
MCQA_0074_6,MCQA,PNT3,replace,0,sao,răng,1,1,True,dialect_phrase,Interrogatives,sao / thế nào,HaTinh_QB_QT; Hue,0.5322043895721436,8.064003317947273,2.4402616024017334,2.972465991973877,True
MCQA_0074_6,MCQA,PNT3,replace,1,làm,mần,1,1,True,dialect_phrase,Predicate vocabulary,làm,HaTinh_QB_QT; Hue,0.5322043895721436,8.064003317947273,2.4402616024017334,2.972465991973877,True
MCQA_0074_6,MCQA,PNT3,replace,2,muốn làm,ưng mần,2,2,False,none,Predicate vocabulary,,,0.5322043895721436,8.064003317947273,2.4402616024017334,2.972465991973877,True
MCQA_0074_6,MCQA,PNT3,replace,3,muốn bạn ấy,ưng hắn,3,2,False,none,Pronouns,,,0.5322043895721436,8.064003317947273,2.4402616024017334,2.972465991973877,True
MCQA_0074_6,MCQA,PNT4,replace,0,sao,ren,1,1,True,dialect_phrase,Interrogatives,sao / thế nào,QuangNam,0.4761650562286377,6.999108833626915,2.4402616024017334,2.916426658630371,True
MCQA_0074_6,MCQA,PNT4,replace,1,ấy,nớ,1,1,True,dialect_phrase,Demonstratives/Deixis,ấy / đó,QuangNam,0.4761650562286377,6.999108833626915,2.4402616024017334,2.916426658630371,True
MCQA_0077_0,MCQA,PNN,replace,0,vì,tại,1,1,False,none,Connectives/Aspect markers,,,0.4848639965057373,8.75251772393899,2.641019821166992,3.1258838176727295,True
MCQA_0077_0,MCQA,PNN,replace,1,gọi,kêu,1,1,True,dialect_phrase,Predicate vocabulary,gọi,NamBo,0.4848639965057373,8.75251772393899,2.641019821166992,3.1258838176727295,True
MCQA_0077_0,MCQA,PNN,replace,2,vì cậu suốt ngày,tại nó cứ,4,3,False,none,Predicate vocabulary,,,0.4848639965057373,8.75251772393899,2.641019821166992,3.1258838176727295,True
MCQA_0077_0,MCQA,PNN,replace,3,không,hông,1,1,True,dialect_phrase,Negation/Function words,không,NamBo,0.4848639965057373,8.75251772393899,2.641019821166992,3.1258838176727295,True
MCQA_0077_0,MCQA,PNN,replace,4,vì cậu suốt ngày,tại nó cứ,4,3,False,none,Predicate vocabulary,,,0.4848639965057373,8.75251772393899,2.641019821166992,3.1258838176727295,True
MCQA_0077_0,MCQA,PNN,replace,5,không,hông,1,1,True,dialect_phrase,Negation/Function words,không,NamBo,0.4848639965057373,8.75251772393899,2.641019821166992,3.1258838176727295,True
MCQA_0077_0,MCQA,PNN,replace,6,vì cậu không,tại nó hông,3,3,False,none,Negation/Function words,,,0.4848639965057373,8.75251772393899,2.641019821166992,3.1258838176727295,True
MCQA_0077_0,MCQA,PNN,delete,7,tham gia trò,,3,0,False,none,Unknown,,,0.4848639965057373,8.75251772393899,2.641019821166992,3.1258838176727295,False
MCQA_0077_0,MCQA,PNN,replace,8,cùng,chung với,1,2,False,none,Predicate vocabulary,,,0.4848639965057373,8.75251772393899,2.641019821166992,3.1258838176727295,True
MCQA_0077_0,MCQA,PNN,replace,9,vì cậu,tại nó,2,2,False,none,Predicate vocabulary,,,0.4848639965057373,8.75251772393899,2.641019821166992,3.1258838176727295,True
MCQA_0077_0,MCQA,PNN,replace,10,không,hông,1,1,True,dialect_phrase,Negation/Function words,không,NamBo,0.4848639965057373,8.75251772393899,2.641019821166992,3.1258838176727295,True
MCQA_0077_0,MCQA,PNN,replace,11,các,mấy,1,1,False,none,Negation/Function words,,,0.4848639965057373,8.75251772393899,2.641019821166992,3.1258838176727295,True
MCQA_0077_0,MCQA,PNT1,replace,0,sao,răng,1,1,False,none,Interrogatives,,,0.4790043830871582,8.619425929557,2.641019821166992,3.1200242042541504,True
MCQA_0077_0,MCQA,PNT2,replace,0,sao,răng,1,1,True,dialect_phrase,Interrogatives,sao / thế nào,HaTinh_QB_QT; NgheAn,0.9448459148406982,22.05708206472866,2.641019821166992,3.5858657360076904,True
MCQA_0077_0,MCQA,PNT2,replace,1,gọi,kêu,1,1,True,standard_word,Predicate vocabulary,hú,HaTinh_QB_QT,0.9448459148406982,22.05708206472866,2.641019821166992,3.5858657360076904,True
MCQA_0077_0,MCQA,PNT2,replace,2,vì cậu,tại lạo,2,2,False,none,Pronouns,,,0.9448459148406982,22.05708206472866,2.641019821166992,3.5858657360076904,True
MCQA_0077_0,MCQA,PNT2,replace,3,ngày,ngay,1,1,False,none,Orthographic variant,,,0.9448459148406982,22.05708206472866,2.641019821166992,3.5858657360076904,False
MCQA_0077_0,MCQA,PNT2,replace,4,không,nỏ,1,1,True,dialect_phrase,Negation/Function words,không,HaTinh_QB_QT; NgheAn,0.9448459148406982,22.05708206472866,2.641019821166992,3.5858657360076904,True
MCQA_0077_0,MCQA,PNT2,replace,5,vì cậu,tại lạo,2,2,False,none,Pronouns,,,0.9448459148406982,22.05708206472866,2.641019821166992,3.5858657360076904,True
MCQA_0077_0,MCQA,PNT2,replace,6,ngày,ngay,1,1,False,none,Orthographic variant,,,0.9448459148406982,22.05708206472866,2.641019821166992,3.5858657360076904,False
MCQA_0077_0,MCQA,PNT2,replace,7,mình,chắc,1,1,False,none,Noise/Non-linguistic,,,0.9448459148406982,22.05708206472866,2.641019821166992,3.5858657360076904,False
MCQA_0077_0,MCQA,PNT2,replace,8,không,nỏ,1,1,True,dialect_phrase,Negation/Function words,không,HaTinh_QB_QT; NgheAn,0.9448459148406982,22.05708206472866,2.641019821166992,3.5858657360076904,True
MCQA_0077_0,MCQA,PNT2,replace,9,vì cậu không,tại lạo nỏ,3,3,False,none,Pronouns,,,0.9448459148406982,22.05708206472866,2.641019821166992,3.5858657360076904,True
MCQA_0077_0,MCQA,PNT2,replace,10,cùng,với,1,1,False,none,Connectives/Aspect markers,,,0.9448459148406982,22.05708206472866,2.641019821166992,3.5858657360076904,True
MCQA_0077_0,MCQA,PNT2,replace,11,vì cậu,tại lạo,2,2,False,none,Pronouns,,,0.9448459148406982,22.05708206472866,2.641019821166992,3.5858657360076904,True
MCQA_0077_0,MCQA,PNT2,replace,12,ngày,ngay,1,1,False,none,Orthographic variant,,,0.9448459148406982,22.05708206472866,2.641019821166992,3.5858657360076904,False
MCQA_0077_0,MCQA,PNT2,replace,13,không,nỏ,1,1,True,dialect_phrase,Negation/Function words,không,HaTinh_QB_QT; NgheAn,0.9448459148406982,22.05708206472866,2.641019821166992,3.5858657360076904,True
MCQA_0077_0,MCQA,PNT3,replace,0,sao,răng,1,1,True,dialect_phrase,Interrogatives,sao / thế nào,HaTinh_QB_QT; Hue,1.096789836883545,27.978380223093616,2.641019821166992,3.737809658050537,True
MCQA_0077_0,MCQA,PNT3,replace,1,cậu,hắn,1,1,True,dialect_phrase,Pronouns,nó,HaTinh_QB_QT; Hue,1.096789836883545,27.978380223093616,2.641019821166992,3.737809658050537,True
MCQA_0077_0,MCQA,PNT3,replace,2,chơi không,dởi nỏ,2,2,False,none,Negation/Function words,,,1.096789836883545,27.978380223093616,2.641019821166992,3.737809658050537,True
MCQA_0077_0,MCQA,PNT3,replace,3,cậu,hắn,1,1,True,dialect_phrase,Pronouns,nó,HaTinh_QB_QT; Hue,1.096789836883545,27.978380223093616,2.641019821166992,3.737809658050537,True
MCQA_0077_0,MCQA,PNT3,replace,4,mình,chắc,1,1,False,none,Noise/Non-linguistic,,,1.096789836883545,27.978380223093616,2.641019821166992,3.737809658050537,False
MCQA_0077_0,MCQA,PNT3,replace,5,không,nỏ,1,1,True,dialect_phrase,Negation/Function words,không,HaTinh_QB_QT,1.096789836883545,27.978380223093616,2.641019821166992,3.737809658050537,True
MCQA_0077_0,MCQA,PNT3,replace,6,cậu không thích,hắn nỏ ưng,3,3,False,none,Pronouns,,,1.096789836883545,27.978380223093616,2.641019821166992,3.737809658050537,True
MCQA_0077_0,MCQA,PNT3,insert,7,,mấy,0,1,False,none,Unknown,,,1.096789836883545,27.978380223093616,2.641019821166992,3.737809658050537,False
MCQA_0077_0,MCQA,PNT3,delete,8,chơi,,1,0,False,none,Unknown,,,1.096789836883545,27.978380223093616,2.641019821166992,3.737809658050537,False
MCQA_0077_0,MCQA,PNT3,replace,9,cùng,với,1,1,False,none,Connectives/Aspect markers,,,1.096789836883545,27.978380223093616,2.641019821166992,3.737809658050537,True
MCQA_0077_0,MCQA,PNT3,replace,10,cậu,hắn,1,1,True,dialect_phrase,Pronouns,nó,HaTinh_QB_QT; Hue,1.096789836883545,27.978380223093616,2.641019821166992,3.737809658050537,True
MCQA_0077_0,MCQA,PNT3,replace,11,không chơi,nỏ dởi,2,2,False,none,Negation/Function words,,,1.096789836883545,27.978380223093616,2.641019821166992,3.737809658050537,True
MCQA_0077_0,MCQA,PNT3,replace,12,các,mấy,1,1,False,none,Negation/Function words,,,1.096789836883545,27.978380223093616,2.641019821166992,3.737809658050537,True
MCQA_0077_0,MCQA,PNT4,replace,0,sao,răn,1,1,True,standard_word,Interrogatives,ren; sao; sô,PhuYen; QuangNam; QuangNgai,0.072139024734497,1.0493238836391416,2.641019821166992,2.7131588459014893,True
MCQA_0077_0,MCQA,PNT4,replace,1,cậu,thằng nớ,1,2,False,none,Pronouns,,,0.072139024734497,1.0493238836391416,2.641019821166992,2.7131588459014893,True
MCQA_0077_0,MCQA,PNT4,replace,2,cậu,thằng nớ,1,2,False,none,Pronouns,,,0.072139024734497,1.0493238836391416,2.641019821166992,2.7131588459014893,True
MCQA_0077_0,MCQA,PNT4,replace,3,cậu,thằng nớ,1,2,False,none,Pronouns,,,0.072139024734497,1.0493238836391416,2.641019821166992,2.7131588459014893,True
MCQA_0077_0,MCQA,PNT4,replace,4,cậu,thằng nớ,1,2,False,none,Pronouns,,,0.072139024734497,1.0493238836391416,2.641019821166992,2.7131588459014893,True
MCQA_0080_0,MCQA,PNT1,replace,0,chơi gì,chi,2,1,False,none,Interrogatives,,,0.4929256439208984,6.363667864134234,2.3014354705810547,2.794361114501953,True
MCQA_0080_0,MCQA,PNT1,replace,1,này,ni,1,1,True,dialect_phrase,Demonstratives/Deixis,này,ThanhHoa,0.4929256439208984,6.363667864134234,2.3014354705810547,2.794361114501953,True
MCQA_0080_0,MCQA,PNT2,replace,0,chơi gì,chi,2,1,True,dialect_phrase,Interrogatives,gì,HaTinh_QB_QT; NgheAn,0.4456441402435303,5.608505570419293,2.3014354705810547,2.747079610824585,True
MCQA_0080_0,MCQA,PNT2,replace,1,này,ni,1,1,True,dialect_phrase,Demonstratives/Deixis,này,HaTinh_QB_QT; NgheAn,0.4456441402435303,5.608505570419293,2.3014354705810547,2.747079610824585,True
MCQA_0080_0,MCQA,PNT3,replace,0,gì,chi,1,1,True,dialect_phrase,Interrogatives,gì; sao / thế nào,HaTinh_QB_QT; Hue,0.4332962036132812,5.41709877730124,2.3014354705810547,2.734731674194336,True
MCQA_0080_0,MCQA,PNT3,replace,1,này,ni,1,1,True,dialect_phrase,Demonstratives/Deixis,này,HaTinh_QB_QT; Hue,0.4332962036132812,5.41709877730124,2.3014354705810547,2.734731674194336,True
MCQA_0080_0,MCQA,PNT4,replace,0,gì,chi,1,1,True,dialect_phrase,Interrogatives,gì,QuangNam,0.266873836517334,3.0552424262359175,2.3014354705810547,2.5683093070983887,True
MCQA_0081_3,MCQA,PNB,replace,0,bịn rịn,lưu luyến,2,2,False,none,Idiomatic expressions,,,0.1449637413024902,3.887293375190815,3.215627431869507,3.360591173171997,True
MCQA_0081_3,MCQA,PNN,replace,0,mẹ,má,1,1,False,none,Kinship/Honorific terms,,,0.3319566249847412,9.810390075887092,3.215627431869507,3.547584056854248,True
MCQA_0081_3,MCQA,PNN,replace,1,như thế nào,ra sao,3,2,False,none,Interrogatives,,,0.3319566249847412,9.810390075887092,3.215627431869507,3.547584056854248,True
MCQA_0081_3,MCQA,PNT1,replace,0,như thế nào,ra răng,3,2,False,none,Interrogatives,,,0.7764983177185059,29.25099680758992,3.215627431869507,3.9921257495880127,True
MCQA_0081_3,MCQA,PNT2,replace,0,như thế nào,a răng,3,2,False,none,Interrogatives,,,0.7130377292633057,25.920148456478543,3.215627431869507,3.928665161132813,True
MCQA_0081_3,MCQA,PNT3,replace,0,mẹ già,mạ tra,2,2,False,none,Kinship/Honorific terms,,,0.8723843097686768,34.70230943468366,3.215627431869507,4.088011741638184,True
MCQA_0081_3,MCQA,PNT3,replace,1,thế nào,răng,2,1,True,dialect_phrase,Interrogatives,sao / thế nào,HaTinh_QB_QT; Hue,0.8723843097686768,34.70230943468366,3.215627431869507,4.088011741638184,True
MCQA_0081_3,MCQA,PNT3,replace,2,bé nhỏ,dỏ,2,1,True,dialect_phrase,Predicate vocabulary,nhỏ,HaTinh_QB_QT,0.8723843097686768,34.70230943468366,3.215627431869507,4.088011741638184,True
MCQA_0081_3,MCQA,PNT4,replace,0,mẹ,má,1,1,True,dialect_phrase,Kinship/Honorific terms,mẹ,QuangNam; QuangNgai,0.6330869197845459,22.013763565107453,3.215627431869507,3.8487143516540527,True
MCQA_0081_3,MCQA,PNT4,replace,1,thế nào,ren,2,1,True,dialect_phrase,Interrogatives,sao / thế nào,QuangNam,0.6330869197845459,22.013763565107453,3.215627431869507,3.8487143516540527,True
MCQA_0081_4,MCQA,PNB,replace,0,đàn,các,1,1,False,none,Negation/Function words,,,-0.2260937690734863,-5.386667872780361,3.2816503047943115,3.055556535720825,True
MCQA_0081_4,MCQA,PNB,replace,1,mặt,mặc,1,1,False,none,Noise/Non-linguistic,,,-0.2260937690734863,-5.386667872780361,3.2816503047943115,3.055556535720825,False
MCQA_0081_4,MCQA,PNN,replace,0,mặt,mặc,1,1,False,none,Noise/Non-linguistic,,,-0.1636409759521484,-4.018324044680135,3.2816503047943115,3.118009328842163,False
MCQA_0081_4,MCQA,PNT1,replace,0,sao,răng,1,1,False,none,Interrogatives,,,0.6126353740692139,22.50128565832261,3.2816503047943115,3.8942856788635254,True
MCQA_0081_4,MCQA,PNT1,replace,1,này,ni,1,1,True,dialect_phrase,Demonstratives/Deixis,này,ThanhHoa,0.6126353740692139,22.50128565832261,3.2816503047943115,3.8942856788635254,True
MCQA_0081_4,MCQA,PNT1,replace,2,mặt,mặc,1,1,False,none,Noise/Non-linguistic,,,0.6126353740692139,22.50128565832261,3.2816503047943115,3.8942856788635254,False
MCQA_0081_4,MCQA,PNT2,replace,0,sao,răng,1,1,True,dialect_phrase,Interrogatives,sao / thế nào,HaTinh_QB_QT; NgheAn,0.6868991851806641,26.28806492423426,3.2816503047943115,3.968549489974976,True
MCQA_0081_4,MCQA,PNT2,replace,1,này,ni,1,1,True,dialect_phrase,Demonstratives/Deixis,này,HaTinh_QB_QT; NgheAn,0.6868991851806641,26.28806492423426,3.2816503047943115,3.968549489974976,True
MCQA_0081_4,MCQA,PNT3,replace,0,sao,răng,1,1,True,dialect_phrase,Interrogatives,sao / thế nào,HaTinh_QB_QT; Hue,0.6868991851806641,26.28806492423426,3.2816503047943115,3.968549489974976,True
MCQA_0081_4,MCQA,PNT3,replace,1,này,ni,1,1,True,dialect_phrase,Demonstratives/Deixis,này,HaTinh_QB_QT; Hue,0.6868991851806641,26.28806492423426,3.2816503047943115,3.968549489974976,True
MCQA_0081_4,MCQA,PNT4,replace,0,sao,răng,1,1,True,standard_word,Interrogatives,ren; sao; sô,PhuYen; QuangNam; QuangNgai,0.535609245300293,18.859736326921254,3.2816503047943115,3.817259550094605,True
MCQA_0087_0,MCQA,PNT1,replace,0,nào,mô,1,1,True,dialect_phrase,Negation/Function words,đâu (phủ định),ThanhHoa,0.3522207736968994,8.290929949950858,2.9773850440979004,3.3296058177948,True
MCQA_0087_0,MCQA,PNT2,replace,0,nào,mô,1,1,True,dialect_phrase,Interrogatives; Negation/Function words,đâu (phủ định); đâu / nào,HaTinh_QB_QT; NgheAn,0.6102445125579834,16.511885695260787,2.9773850440979004,3.587629556655884,False
MCQA_0087_0,MCQA,PNT2,replace,1,trâu,tru,1,1,False,none,Orthographic variant,,,0.6102445125579834,16.511885695260787,2.9773850440979004,3.587629556655884,False
MCQA_0087_0,MCQA,PNT3,replace,0,đến,tới,1,1,False,none,Predicate vocabulary,,,0.3989460468292236,9.62680873517397,2.9773850440979004,3.376331090927124,True
MCQA_0087_0,MCQA,PNT3,replace,1,nào,mô,1,1,True,dialect_phrase,Interrogatives; Negation/Function words,đâu (phủ định); đâu / nào,HaTinh_QB_QT; Hue,0.3989460468292236,9.62680873517397,2.9773850440979004,3.376331090927124,False
MCQA_0087_0,MCQA,PNT4,replace,0,đến,tới,1,1,False,none,Predicate vocabulary,,,0.0226573944091796,0.4499882150935477,2.9773850440979004,3.00004243850708,True
MCQA_0090_10,MCQA,PNB,replace,0,hối hả,vội vã,2,2,False,none,Idiomatic expressions,,,-0.0116021633148193,-0.1824267227406313,2.7609524726867676,2.749350309371948,True
MCQA_0090_10,MCQA,PNT1,replace,0,như thế nào,ra răng,3,2,False,none,Interrogatives,,,0.4517796039581299,9.031978113936868,2.7609524726867676,3.2127320766448975,True
MCQA_0090_10,MCQA,PNT4,replace,0,như thế nào,ra ren,3,2,False,none,Interrogatives,,,1.1358778476715088,33.43120804007641,2.7609524726867676,3.896830320358277,True
MCQA_0090_10,MCQA,PNT4,replace,1,mẹ và,má với,2,2,False,none,Kinship/Honorific terms,,,1.1358778476715088,33.43120804007641,2.7609524726867676,3.896830320358277,True
MCQA_0090_10,MCQA,PNT4,replace,2,hối hả,quíu,2,1,False,none,Predicate vocabulary,,,1.1358778476715088,33.43120804007641,2.7609524726867676,3.896830320358277,True
MCQA_0090_10,MCQA,PNT4,replace,3,xấu hổ,mắc cỡ,2,2,True,dialect_phrase,Predicate vocabulary,xấu hổ,QuangNgai,1.1358778476715088,33.43120804007641,2.7609524726867676,3.896830320358277,True
MCQA_0090_6,MCQA,PNB,insert,0,,giả,0,1,False,none,Unknown,,,0.0502610206604003,0.8653211286762073,2.8206350803375244,2.870896100997925,False
MCQA_0090_6,MCQA,PNB,delete,1,thiu,,1,0,False,none,Unknown,,,0.0502610206604003,0.8653211286762073,2.8206350803375244,2.870896100997925,False
MCQA_0090_6,MCQA,PNB,insert,2,,giả,0,1,False,none,Unknown,,,0.0502610206604003,0.8653211286762073,2.8206350803375244,2.870896100997925,False
MCQA_0090_6,MCQA,PNN,delete,0,thế,,1,0,True,standard_word,Demonstratives/Deixis,vậy,NamBo,0.3503425121307373,7.043261049661464,2.8206350803375244,3.1709775924682617,False
MCQA_0090_6,MCQA,PNN,replace,1,không,hông,1,1,True,dialect_phrase,Negation/Function words,không,NamBo,0.3503425121307373,7.043261049661464,2.8206350803375244,3.1709775924682617,True
MCQA_0090_6,MCQA,PNN,replace,2,chiếc,cái,1,1,True,dialect_phrase,Negation/Function words,cái,NamBo,0.3503425121307373,7.043261049661464,2.8206350803375244,3.1709775924682617,True
MCQA_0090_6,MCQA,PNN,replace,3,chiếc,cái,1,1,True,dialect_phrase,Negation/Function words,cái,NamBo,0.3503425121307373,7.043261049661464,2.8206350803375244,3.1709775924682617,True
MCQA_0090_6,MCQA,PNN,replace,4,thế,vậy,1,1,True,dialect_phrase,Demonstratives/Deixis,thế này / vậy; vậy / thế,NamBo,0.3503425121307373,7.043261049661464,2.8206350803375244,3.1709775924682617,True
MCQA_0090_6,MCQA,PNN,replace,5,dỗi,giận,1,1,False,none,Predicate vocabulary,,,0.3503425121307373,7.043261049661464,2.8206350803375244,3.1709775924682617,True
MCQA_0090_6,MCQA,PNN,replace,6,vờ,giả đò,1,2,False,none,Predicate vocabulary,,,0.3503425121307373,7.043261049661464,2.8206350803375244,3.1709775924682617,True
MCQA_0090_6,MCQA,PNN,replace,7,dỗi,giận,1,1,False,none,Predicate vocabulary,,,0.3503425121307373,7.043261049661464,2.8206350803375244,3.1709775924682617,True
MCQA_0090_6,MCQA,PNN,replace,8,vờ,giả đò,1,2,False,none,Predicate vocabulary,,,0.3503425121307373,7.043261049661464,2.8206350803375244,3.1709775924682617,True
MCQA_0090_6,MCQA,PNN,replace,9,chiếc,cái,1,1,True,dialect_phrase,Negation/Function words,cái,NamBo,0.3503425121307373,7.043261049661464,2.8206350803375244,3.1709775924682617,True
MCQA_0090_6,MCQA,PNN,replace,10,thế,vậy,1,1,True,dialect_phrase,Demonstratives/Deixis,thế này / vậy; vậy / thế,NamBo,0.3503425121307373,7.043261049661464,2.8206350803375244,3.1709775924682617,True
MCQA_0090_6,MCQA,PNT1,replace,0,như thế nào,ra răng,3,2,False,none,Interrogatives,,,0.3327465057373047,6.627602363772809,2.8206350803375244,3.153381586074829,True
MCQA_0090_6,MCQA,PNT1,replace,1,thế,rứa,1,1,False,none,Demonstratives/Deixis,,,0.3327465057373047,6.627602363772809,2.8206350803375244,3.153381586074829,True
MCQA_0090_6,MCQA,PNT1,replace,2,thế,rứa,1,1,False,none,Demonstratives/Deixis,,,0.3327465057373047,6.627602363772809,2.8206350803375244,3.153381586074829,True
MCQA_0090_6,MCQA,PNT2,replace,0,như thế nào,a răng,3,2,False,none,Interrogatives,,,0.2633655071258545,5.058114434700368,2.8206350803375244,3.084000587463379,True
MCQA_0090_6,MCQA,PNT2,replace,1,bạn,con,1,1,False,none,Kinship/Honorific terms,,,0.2633655071258545,5.058114434700368,2.8206350803375244,3.084000587463379,True
MCQA_0090_6,MCQA,PNT2,replace,2,như thế,a rứa,2,2,True,dialect_phrase,Demonstratives/Deixis,vậy / thế,HaTinh_QB_QT,0.2633655071258545,5.058114434700368,2.8206350803375244,3.084000587463379,True
MCQA_0090_6,MCQA,PNT2,replace,3,như thế,a rứa,2,2,True,dialect_phrase,Demonstratives/Deixis,vậy / thế,HaTinh_QB_QT,0.2633655071258545,5.058114434700368,2.8206350803375244,3.084000587463379,True
MCQA_0090_6,MCQA,PNT3,replace,0,thế nào,răng,2,1,True,dialect_phrase,Interrogatives,sao / thế nào,HaTinh_QB_QT; Hue,0.4456558227539062,9.42642009597364,2.8206350803375244,3.2662909030914307,True
MCQA_0090_6,MCQA,PNT3,replace,1,chiếc,cái,1,1,True,dialect_phrase,Negation/Function words,cái,Hue,0.4456558227539062,9.42642009597364,2.8206350803375244,3.2662909030914307,True
MCQA_0090_6,MCQA,PNT3,replace,2,thế,rứa,1,1,True,standard_word,Demonstratives/Deixis,a rứa; như rứa,HaTinh_QB_QT; Hue,0.4456558227539062,9.42642009597364,2.8206350803375244,3.2662909030914307,True
MCQA_0090_6,MCQA,PNT3,replace,3,dỗi,lẫy,1,1,False,none,Predicate vocabulary,,,0.4456558227539062,9.42642009597364,2.8206350803375244,3.2662909030914307,True
MCQA_0090_6,MCQA,PNT3,replace,4,vờ,giả đò,1,2,True,dialect_phrase,Predicate vocabulary,giả vờ,HaTinh_QB_QT; Hue,0.4456558227539062,9.42642009597364,2.8206350803375244,3.2662909030914307,True
MCQA_0090_6,MCQA,PNT3,replace,5,dỗi,lẫy,1,1,False,none,Predicate vocabulary,,,0.4456558227539062,9.42642009597364,2.8206350803375244,3.2662909030914307,True
MCQA_0090_6,MCQA,PNT3,replace,6,vờ,giả đò,1,2,True,dialect_phrase,Predicate vocabulary,giả vờ,HaTinh_QB_QT; Hue,0.4456558227539062,9.42642009597364,2.8206350803375244,3.2662909030914307,True
MCQA_0090_6,MCQA,PNT3,replace,7,thế,rứa,1,1,True,standard_word,Demonstratives/Deixis,a rứa; như rứa,HaTinh_QB_QT; Hue,0.4456558227539062,9.42642009597364,2.8206350803375244,3.2662909030914307,True
MCQA_0090_6,MCQA,PNT4,replace,0,thế nào,răn,2,1,True,standard_word,Interrogatives,ren; sao; sô,PhuYen; QuangNam; QuangNgai,0.2669496536254883,5.136552831789899,2.8206350803375244,3.0875847339630127,True
MCQA_0090_6,MCQA,PNT4,insert,1,,giả,0,1,False,none,Unknown,,,0.2669496536254883,5.136552831789899,2.8206350803375244,3.0875847339630127,False
MCQA_0091_0,MCQA,PNN,replace,0,cho,bỏ,1,1,False,none,Predicate vocabulary,,,0.0995669364929199,3.5063830782642142,3.5113136768341064,3.6108806133270264,True
MCQA_0091_0,MCQA,PNN,replace,1,vào túi,vô bịch,2,2,False,none,Predicate vocabulary,,,0.0995669364929199,3.5063830782642142,3.5113136768341064,3.6108806133270264,True
MCQA_0091_0,MCQA,PNN,replace,2,và,rồi,1,1,False,none,Connectives/Aspect markers,,,0.0995669364929199,3.5063830782642142,3.5113136768341064,3.6108806133270264,True
MCQA_0091_0,MCQA,PNT1,replace,0,làm gì,mằn răng,2,2,True,standard_word,Interrogatives,mần chi,ThanhHoa,0.3839619159698486,15.677365411431296,3.5113136768341064,3.895275592803955,True
MCQA_0091_0,MCQA,PNT1,replace,1,vào,vô,1,1,False,none,Connectives/Aspect markers,,,0.3839619159698486,15.677365411431296,3.5113136768341064,3.895275592803955,True
MCQA_0091_0,MCQA,PNT1,replace,2,và,rồi,1,1,False,none,Connectives/Aspect markers,,,0.3839619159698486,15.677365411431296,3.5113136768341064,3.895275592803955,True
MCQA_0091_0,MCQA,PNT2,replace,0,đã,nớ đạ,1,2,True,standard_word,Connectives/Aspect markers,đạ,HaTinh_QB_QT,0.4165961742401123,17.30844875357066,3.5113136768341064,3.927909851074219,True
MCQA_0091_0,MCQA,PNT2,replace,1,gì,chi,1,1,True,dialect_phrase,Interrogatives,gì,HaTinh_QB_QT; NgheAn,0.4165961742401123,17.30844875357066,3.5113136768341064,3.927909851074219,True
MCQA_0091_0,MCQA,PNT2,replace,2,túi,bao,1,1,False,none,Predicate vocabulary,,,0.4165961742401123,17.30844875357066,3.5113136768341064,3.927909851074219,True
MCQA_0091_0,MCQA,PNT2,delete,3,dưới,,1,0,False,none,Unknown,,,0.4165961742401123,17.30844875357066,3.5113136768341064,3.927909851074219,False
MCQA_0091_0,MCQA,PNT3,replace,0,làm gì,mần chi,2,2,True,dialect_phrase,Interrogatives,làm gì,HaTinh_QB_QT; Hue,0.342421293258667,13.676672229693466,3.5113136768341064,3.8537349700927734,True
MCQA_0091_0,MCQA,PNT3,replace,1,vào túi ni lông và,vô bao xì dầu rồi,5,5,False,none,Connectives/Aspect markers,,,0.342421293258667,13.676672229693466,3.5113136768341064,3.8537349700927734,True
MCQA_0091_0,MCQA,PNT4,replace,0,gì,chi,1,1,True,dialect_phrase,Interrogatives,gì,QuangNam,0.1844007968902588,6.782100393950657,3.5113136768341064,3.695714473724365,True
MCQA_0091_0,MCQA,PNT4,replace,1,vào,vô,1,1,False,none,Connectives/Aspect markers,,,0.1844007968902588,6.782100393950657,3.5113136768341064,3.695714473724365,True
MCQA_0091_0,MCQA,PNT4,replace,2,và,rồi,1,1,False,none,Connectives/Aspect markers,,,0.1844007968902588,6.782100393950657,3.5113136768341064,3.695714473724365,True
MCQA_0091_1,MCQA,PNT1,replace,0,làm gì,mằn chi,2,2,True,standard_word,Interrogatives,mần chi,ThanhHoa,0.7361965179443359,16.558577474574832,2.7225825786590576,3.4587790966033936,True
MCQA_0091_1,MCQA,PNT1,replace,1,vào,vô,1,1,False,none,Connectives/Aspect markers,,,0.7361965179443359,16.558577474574832,2.7225825786590576,3.4587790966033936,True
MCQA_0091_1,MCQA,PNT1,replace,2,vào,vô,1,1,False,none,Connectives/Aspect markers,,,0.7361965179443359,16.558577474574832,2.7225825786590576,3.4587790966033936,True
MCQA_0091_1,MCQA,PNT2,replace,0,thấy,chộ,1,1,True,dialect_phrase,Predicate vocabulary,thấy,HaTinh_QB_QT,1.086052656173706,29.8692838601655,2.7225825786590576,3.808635234832764,True
MCQA_0091_1,MCQA,PNT2,replace,1,đã làm gì,đạ mần chi,3,3,False,none,Interrogatives,,,1.086052656173706,29.8692838601655,2.7225825786590576,3.808635234832764,True
MCQA_0091_1,MCQA,PNT2,replace,2,vào,vô,1,1,False,none,Connectives/Aspect markers,,,1.086052656173706,29.8692838601655,2.7225825786590576,3.808635234832764,True
MCQA_0091_1,MCQA,PNT2,replace,3,vào,vô,1,1,False,none,Connectives/Aspect markers,,,1.086052656173706,29.8692838601655,2.7225825786590576,3.808635234832764,True
MCQA_0091_1,MCQA,PNT2,insert,4,,cí,0,1,False,none,Unknown,,,1.086052656173706,29.8692838601655,2.7225825786590576,3.808635234832764,False
MCQA_0091_1,MCQA,PNT2,replace,5,cái,cấy,1,1,True,dialect_phrase,Negation/Function words,cái,HaTinh_QB_QT; NgheAn,1.086052656173706,29.8692838601655,2.7225825786590576,3.808635234832764,True
MCQA_0091_1,MCQA,PNT3,replace,0,gì,chi,1,1,True,dialect_phrase,Interrogatives,gì; sao / thế nào,HaTinh_QB_QT; Hue,0.457331895828247,8.825119740059595,2.7225825786590576,3.1799144744873047,True
MCQA_0091_1,MCQA,PNT3,replace,1,vào,vô,1,1,False,none,Connectives/Aspect markers,,,0.457331895828247,8.825119740059595,2.7225825786590576,3.1799144744873047,True
MCQA_0091_1,MCQA,PNT3,replace,2,vào,vô,1,1,False,none,Connectives/Aspect markers,,,0.457331895828247,8.825119740059595,2.7225825786590576,3.1799144744873047,True
MCQA_0091_1,MCQA,PNT4,replace,0,lão,già,1,1,False,none,Predicate vocabulary,,,0.6796634197235107,14.811897712312025,2.7225825786590576,3.4022459983825684,True
MCQA_0091_1,MCQA,PNT4,replace,1,gì,chi,1,1,True,dialect_phrase,Interrogatives,gì,QuangNam,0.6796634197235107,14.811897712312025,2.7225825786590576,3.4022459983825684,True
MCQA_0091_1,MCQA,PNT4,replace,2,lão vào,già vô,2,2,False,none,Predicate vocabulary,,,0.6796634197235107,14.811897712312025,2.7225825786590576,3.4022459983825684,True
MCQA_0091_1,MCQA,PNT4,replace,3,vào,vô,1,1,False,none,Connectives/Aspect markers,,,0.6796634197235107,14.811897712312025,2.7225825786590576,3.4022459983825684,True
MCQA_0091_1,MCQA,PNT4,replace,4,lão,già,1,1,False,none,Predicate vocabulary,,,0.6796634197235107,14.811897712312025,2.7225825786590576,3.4022459983825684,True
MCQA_0091_1,MCQA,PNT4,replace,5,lão,già,1,1,False,none,Predicate vocabulary,,,0.6796634197235107,14.811897712312025,2.7225825786590576,3.4022459983825684,True
MCQA_0091_1,MCQA,PNT4,replace,6,lão,già,1,1,False,none,Predicate vocabulary,,,0.6796634197235107,14.811897712312025,2.7225825786590576,3.4022459983825684,True
MCQA_0092_1,MCQA,PNN,replace,0,khi các,lúc mấy,2,2,False,none,Predicate vocabulary,,,0.1749887466430664,6.961393486336213,3.5946433544158936,3.76963210105896,True
MCQA_0092_1,MCQA,PNN,replace,1,đến,tới,1,1,False,none,Predicate vocabulary,,,0.1749887466430664,6.961393486336213,3.5946433544158936,3.76963210105896,True
MCQA_0092_1,MCQA,PNN,delete,2,thì,,1,0,False,none,Unknown,,,0.1749887466430664,6.961393486336213,3.5946433544158936,3.76963210105896,False
MCQA_0092_1,MCQA,PNN,delete,3,bạn,,1,0,False,none,Unknown,,,0.1749887466430664,6.961393486336213,3.5946433544158936,3.76963210105896,False
MCQA_0092_1,MCQA,PNN,replace,4,giúp mẹ,phụ má,2,2,False,none,Kinship/Honorific terms,,,0.1749887466430664,6.961393486336213,3.5946433544158936,3.76963210105896,True
MCQA_0092_1,MCQA,PNT1,replace,0,làm gì,mằn chi,2,2,True,standard_word,Interrogatives,mần chi,ThanhHoa,0.7687437534332275,42.11993438208791,3.5946433544158936,4.363387107849121,True
MCQA_0092_1,MCQA,PNT2,replace,0,làm gì,mần chi,2,2,True,dialect_phrase,Interrogatives,làm gì,HaTinh_QB_QT; NgheAn,0.6425430774688721,32.81012777945066,3.5946433544158936,4.237186431884766,True
MCQA_0092_1,MCQA,PNT2,replace,1,mẹ,mệ,1,1,True,dialect_phrase,Kinship/Honorific terms,bà,HaTinh_QB_QT; NgheAn,0.6425430774688721,32.81012777945066,3.5946433544158936,4.237186431884766,True
MCQA_0092_1,MCQA,PNT3,replace,0,các,mấy,1,1,False,none,Negation/Function words,,,0.2264356613159179,9.250727731555592,3.5946433544158936,3.821079015731811,True
MCQA_0092_1,MCQA,PNT3,replace,1,gì,chi,1,1,True,dialect_phrase,Interrogatives,gì; sao / thế nào,HaTinh_QB_QT; Hue,0.2264356613159179,9.250727731555592,3.5946433544158936,3.821079015731811,True
MCQA_0092_1,MCQA,PNT4,replace,0,gì,cái chi,1,2,True,standard_word,Interrogatives,chi; gì,PhuYen; QuangNam; QuangNgai,0.3967516422271728,17.72763356784725,3.5946433544158936,3.9913949966430664,True
MCQA_0092_2,MCQA,PNB,replace,0,tấm,chiếc,1,1,False,none,Predicate vocabulary,,,-0.0396533012390136,-0.9531795029690392,3.199390172958374,3.1597368717193604,True
MCQA_0092_2,MCQA,PNB,replace,1,góp,tặng,1,1,False,none,Predicate vocabulary,,,-0.0396533012390136,-0.9531795029690392,3.199390172958374,3.1597368717193604,True
MCQA_0092_2,MCQA,PNN,replace,0,các,mấy,1,1,False,none,Negation/Function words,,,0.0924358367919921,2.374349607591281,3.199390172958374,3.291826009750366,True
MCQA_0092_2,MCQA,PNN,replace,1,đến,tới,1,1,False,none,Predicate vocabulary,,,0.0924358367919921,2.374349607591281,3.199390172958374,3.291826009750366,True
MCQA_0092_2,MCQA,PNN,replace,2,tấm,cái,1,1,True,dialect_phrase,Negation/Function words,cái,NamBo,0.0924358367919921,2.374349607591281,3.199390172958374,3.291826009750366,True
MCQA_0092_2,MCQA,PNN,replace,3,đến,tới,1,1,False,none,Predicate vocabulary,,,0.0924358367919921,2.374349607591281,3.199390172958374,3.291826009750366,True
MCQA_0092_2,MCQA,PNT1,replace,0,làm gì,mằn chi,2,2,True,standard_word,Interrogatives,mần chi,ThanhHoa,0.4915170669555664,15.563619568362771,3.199390172958374,3.690907239913941,True
MCQA_0092_2,MCQA,PNT2,replace,0,đã,đạ,1,1,True,dialect_phrase,Connectives/Aspect markers,đã,HaTinh_QB_QT,0.5674591064453125,18.726027306414043,3.199390172958374,3.7668492794036865,True
MCQA_0092_2,MCQA,PNT2,replace,1,đã làm gì,đạ mần chi,3,3,False,none,Interrogatives,,,0.5674591064453125,18.726027306414043,3.199390172958374,3.7668492794036865,True
MCQA_0092_2,MCQA,PNT3,replace,0,và,với,1,1,False,none,Connectives/Aspect markers,,,0.5122404098510742,16.40290222464397,3.199390172958374,3.711630582809448,True
MCQA_0092_2,MCQA,PNT3,replace,1,làm gì,mần chi,2,2,True,dialect_phrase,Interrogatives,làm gì,HaTinh_QB_QT; Hue,0.5122404098510742,16.40290222464397,3.199390172958374,3.711630582809448,True
MCQA_0092_2,MCQA,PNT3,replace,2,tấm,cấy,1,1,True,dialect_phrase,Negation/Function words,cái,HaTinh_QB_QT,0.5122404098510742,16.40290222464397,3.199390172958374,3.711630582809448,True
MCQA_0092_2,MCQA,PNT4,replace,0,các,mấy,1,1,False,none,Negation/Function words,,,0.368875503540039,10.937475115795092,3.199390172958374,3.568265676498413,True
MCQA_0092_2,MCQA,PNT4,replace,1,gì,chi,1,1,True,dialect_phrase,Interrogatives,gì,QuangNam,0.368875503540039,10.937475115795092,3.199390172958374,3.568265676498413,True
MCQA_0092_2,MCQA,PNT4,replace,2,giúp,giùm,1,1,False,none,Predicate vocabulary,,,0.368875503540039,10.937475115795092,3.199390172958374,3.568265676498413,True
MCQA_0092_2,MCQA,PNT4,replace,3,hàng,hằng,1,1,False,none,Orthographic variant,,,0.368875503540039,10.937475115795092,3.199390172958374,3.568265676498413,False
MCQA_0092_2,MCQA,PNT4,replace,4,đến,tới,1,1,False,none,Predicate vocabulary,,,0.368875503540039,10.937475115795092,3.199390172958374,3.568265676498413,True
MCQA_0092_2,MCQA,PNT4,replace,5,giúp,phụ,1,1,False,none,Predicate vocabulary,,,0.368875503540039,10.937475115795092,3.199390172958374,3.568265676498413,True
MCQA_0092_2,MCQA,PNT4,replace,6,đến,tới,1,1,False,none,Predicate vocabulary,,,0.368875503540039,10.937475115795092,3.199390172958374,3.568265676498413,True
MCQA_0095_1,MCQA,PNB,replace,0,bứt,đứt,1,1,False,none,Orthographic variant,,,-0.1314942836761474,-3.4531261586136672,3.3330986499786377,3.2016043663024902,False
MCQA_0095_1,MCQA,PNB,replace,1,dạt,trôi,1,1,False,none,Predicate vocabulary,,,-0.1314942836761474,-3.4531261586136672,3.3330986499786377,3.2016043663024902,True
MCQA_0095_1,MCQA,PNB,replace,2,hư,rách,1,1,False,none,Predicate vocabulary,,,-0.1314942836761474,-3.4531261586136672,3.3330986499786377,3.2016043663024902,True
MCQA_0095_1,MCQA,PNN,replace,0,khi,lúc,1,1,False,none,Connectives/Aspect markers,,,0.3220322132110595,10.647534490783965,3.3330986499786377,3.6551308631896977,True
MCQA_0095_1,MCQA,PNN,replace,1,rơi,rớt,1,1,False,none,Predicate vocabulary,,,0.3220322132110595,10.647534490783965,3.3330986499786377,3.6551308631896977,True
MCQA_0095_1,MCQA,PNN,replace,2,như thế nào,ra sao,3,2,False,none,Interrogatives,,,0.3220322132110595,10.647534490783965,3.3330986499786377,3.6551308631896977,True
MCQA_0095_1,MCQA,PNN,replace,3,mãi,hoài,1,1,False,none,Predicate vocabulary,,,0.3220322132110595,10.647534490783965,3.3330986499786377,3.6551308631896977,True
MCQA_0095_1,MCQA,PNN,replace,4,mãi đến,hoài tới,2,2,False,none,Predicate vocabulary,,,0.3220322132110595,10.647534490783965,3.3330986499786377,3.6551308631896977,True
MCQA_0095_1,MCQA,PNN,replace,5,và,rồi,1,1,False,none,Connectives/Aspect markers,,,0.3220322132110595,10.647534490783965,3.3330986499786377,3.6551308631896977,True
MCQA_0095_1,MCQA,PNN,replace,6,dạt,tấp,1,1,False,none,Predicate vocabulary,,,0.3220322132110595,10.647534490783965,3.3330986499786377,3.6551308631896977,True
MCQA_0095_1,MCQA,PNN,replace,7,bùn,sình,1,1,False,none,Predicate vocabulary,,,0.3220322132110595,10.647534490783965,3.3330986499786377,3.6551308631896977,True
MCQA_0095_1,MCQA,PNN,replace,8,và,với,1,1,False,none,Connectives/Aspect markers,,,0.3220322132110595,10.647534490783965,3.3330986499786377,3.6551308631896977,True
MCQA_0095_1,MCQA,PNN,replace,9,bùn,sình,1,1,False,none,Predicate vocabulary,,,0.3220322132110595,10.647534490783965,3.3330986499786377,3.6551308631896977,True
MCQA_0095_1,MCQA,PNT1,replace,0,thế nào,răng,2,1,False,none,Interrogatives,,,0.2743277549743652,8.845992369121344,3.3330986499786377,3.607426404953003,True
MCQA_0095_1,MCQA,PNT1,replace,1,đến,tới,1,1,False,none,Predicate vocabulary,,,0.2743277549743652,8.845992369121344,3.3330986499786377,3.607426404953003,True
MCQA_0095_1,MCQA,PNT1,replace,2,vào,vô,1,1,False,none,Connectives/Aspect markers,,,0.2743277549743652,8.845992369121344,3.3330986499786377,3.607426404953003,True
MCQA_0095_1,MCQA,PNT2,delete,0,như thế nào,,3,0,False,none,Unknown,,,0.3898451328277588,13.360999383115423,3.3330986499786377,3.722943782806397,False
MCQA_0095_1,MCQA,PNT2,replace,1,nó,răng a hấn,1,3,True,standard_word,Pronouns,hắn; nghị,HaTinh_QB_QT,0.3898451328277588,13.360999383115423,3.3330986499786377,3.722943782806397,True
MCQA_0095_1,MCQA,PNT2,replace,2,vào,vô,1,1,False,none,Connectives/Aspect markers,,,0.3898451328277588,13.360999383115423,3.3330986499786377,3.722943782806397,True
MCQA_0095_1,MCQA,PNT3,replace,0,rơi,rớt,1,1,False,none,Predicate vocabulary,,,0.500643253326416,18.210175570395055,3.3330986499786377,3.8337419033050537,True
MCQA_0095_1,MCQA,PNT3,replace,1,thế nào,răng,2,1,True,dialect_phrase,Interrogatives,sao / thế nào,HaTinh_QB_QT; Hue,0.500643253326416,18.210175570395055,3.3330986499786377,3.8337419033050537,True
MCQA_0095_1,MCQA,PNT3,replace,2,nó,hắn,1,1,True,dialect_phrase,Pronouns,nó,HaTinh_QB_QT; Hue,0.500643253326416,18.210175570395055,3.3330986499786377,3.8337419033050537,True
MCQA_0095_1,MCQA,PNT3,replace,3,và,rồi,1,1,False,none,Connectives/Aspect markers,,,0.500643253326416,18.210175570395055,3.3330986499786377,3.8337419033050537,True
MCQA_0095_1,MCQA,PNT3,replace,4,vào,vô,1,1,False,none,Connectives/Aspect markers,,,0.500643253326416,18.210175570395055,3.3330986499786377,3.8337419033050537,True
MCQA_0095_1,MCQA,PNT3,replace,5,đầy,toàn,1,1,False,none,Predicate vocabulary,,,0.500643253326416,18.210175570395055,3.3330986499786377,3.8337419033050537,True
MCQA_0095_1,MCQA,PNT3,replace,6,và,với,1,1,False,none,Connectives/Aspect markers,,,0.500643253326416,18.210175570395055,3.3330986499786377,3.8337419033050537,True
MCQA_0095_1,MCQA,PNT4,replace,0,rơi,rớt,1,1,False,none,Predicate vocabulary,,,0.410459041595459,14.222981456180497,3.3330986499786377,3.7435576915740967,True
MCQA_0095_1,MCQA,PNT4,replace,1,như thế nào,ra ren,3,2,False,none,Interrogatives,,,0.410459041595459,14.222981456180497,3.3330986499786377,3.7435576915740967,True
MCQA_0095_1,MCQA,PNT4,replace,2,nó,hén,1,1,True,dialect_phrase,Pronouns,nó,QuangNam,0.410459041595459,14.222981456180497,3.3330986499786377,3.7435576915740967,True
MCQA_0095_1,MCQA,PNT4,replace,3,mãi,hoài,1,1,False,none,Predicate vocabulary,,,0.410459041595459,14.222981456180497,3.3330986499786377,3.7435576915740967,True
MCQA_0095_1,MCQA,PNT4,replace,4,mãi đến,hoài tới,2,2,False,none,Predicate vocabulary,,,0.410459041595459,14.222981456180497,3.3330986499786377,3.7435576915740967,True
MCQA_0095_1,MCQA,PNT4,replace,5,vào,vô,1,1,False,none,Connectives/Aspect markers,,,0.410459041595459,14.222981456180497,3.3330986499786377,3.7435576915740967,True
MCQA_0096_0,MCQA,PNN,replace,0,nông,ruộng,1,1,False,none,Predicate vocabulary,,,-0.0091469287872314,-0.1271543520415594,2.6365535259246826,2.627406597137451,True
MCQA_0096_0,MCQA,PNN,replace,1,tận,tuốt,1,1,False,none,Predicate vocabulary,,,-0.0091469287872314,-0.1271543520415594,2.6365535259246826,2.627406597137451,True
MCQA_0096_0,MCQA,PNN,delete,2,lòng,,1,0,False,none,Unknown,,,-0.0091469287872314,-0.1271543520415594,2.6365535259246826,2.627406597137451,False
MCQA_0096_0,MCQA,PNT1,replace,0,như thế nào,ra răng,3,2,False,none,Interrogatives,,,0.3177077770233154,5.222553106550638,2.6365535259246826,2.954261302947998,True
MCQA_0096_0,MCQA,PNT1,replace,1,vào,vô,1,1,False,none,Connectives/Aspect markers,,,0.3177077770233154,5.222553106550638,2.6365535259246826,2.954261302947998,True
MCQA_0096_0,MCQA,PNT1,delete,2,các,,1,0,False,none,Unknown,,,0.3177077770233154,5.222553106550638,2.6365535259246826,2.954261302947998,False
MCQA_0096_0,MCQA,PNT1,delete,3,các,,1,0,False,none,Unknown,,,0.3177077770233154,5.222553106550638,2.6365535259246826,2.954261302947998,False
MCQA_0096_0,MCQA,PNT2,replace,0,làm,mần,1,1,True,dialect_phrase,Predicate vocabulary,làm,HaTinh_QB_QT,0.936995267868042,21.677867533652275,2.6365535259246826,3.5735487937927246,True
MCQA_0096_0,MCQA,PNT2,replace,1,nước,nác,1,1,False,none,Orthographic variant,,,0.936995267868042,21.677867533652275,2.6365535259246826,3.5735487937927246,False
MCQA_0096_0,MCQA,PNT2,replace,2,ruộng,rọng,1,1,False,none,Orthographic variant,,,0.936995267868042,21.677867533652275,2.6365535259246826,3.5735487937927246,False
MCQA_0096_0,MCQA,PNT2,replace,3,thế nào,răng,2,1,True,dialect_phrase,Interrogatives,sao / thế nào,HaTinh_QB_QT; NgheAn,0.936995267868042,21.677867533652275,2.6365535259246826,3.5735487937927246,True
MCQA_0096_0,MCQA,PNT2,replace,4,nước,nác,1,1,False,none,Orthographic variant,,,0.936995267868042,21.677867533652275,2.6365535259246826,3.5735487937927246,False
MCQA_0096_0,MCQA,PNT2,replace,5,vào,vô,1,1,False,none,Connectives/Aspect markers,,,0.936995267868042,21.677867533652275,2.6365535259246826,3.5735487937927246,True
MCQA_0096_0,MCQA,PNT2,replace,6,ruộng,rộng,1,1,False,none,Orthographic variant,,,0.936995267868042,21.677867533652275,2.6365535259246826,3.5735487937927246,False
MCQA_0096_0,MCQA,PNT2,replace,7,sâu,su,1,1,False,none,Orthographic variant,,,0.936995267868042,21.677867533652275,2.6365535259246826,3.5735487937927246,False
MCQA_0096_0,MCQA,PNT2,replace,8,nước,nác,1,1,False,none,Orthographic variant,,,0.936995267868042,21.677867533652275,2.6365535259246826,3.5735487937927246,False
MCQA_0096_0,MCQA,PNT2,replace,9,ruộng,rọng,1,1,False,none,Orthographic variant,,,0.936995267868042,21.677867533652275,2.6365535259246826,3.5735487937927246,False
MCQA_0096_0,MCQA,PNT2,replace,10,nước,nác,1,1,False,none,Orthographic variant,,,0.936995267868042,21.677867533652275,2.6365535259246826,3.5735487937927246,False
MCQA_0096_0,MCQA,PNT2,replace,11,nước,nác,1,1,False,none,Orthographic variant,,,0.936995267868042,21.677867533652275,2.6365535259246826,3.5735487937927246,False
MCQA_0096_0,MCQA,PNT2,replace,12,dậy,dị,1,1,False,none,Orthographic variant,,,0.936995267868042,21.677867533652275,2.6365535259246826,3.5735487937927246,False
MCQA_0096_0,MCQA,PNT2,replace,13,nước,nác,1,1,False,none,Orthographic variant,,,0.936995267868042,21.677867533652275,2.6365535259246826,3.5735487937927246,False
MCQA_0096_0,MCQA,PNT2,replace,14,ruộng,rọng,1,1,False,none,Orthographic variant,,,0.936995267868042,21.677867533652275,2.6365535259246826,3.5735487937927246,False
MCQA_0096_0,MCQA,PNT3,replace,0,thế nào,răng,2,1,True,dialect_phrase,Interrogatives,sao / thế nào,HaTinh_QB_QT; Hue,0.3427748680114746,5.709608031906978,2.6365535259246826,2.9793283939361572,True
MCQA_0096_0,MCQA,PNT3,replace,1,vào,vô,1,1,False,none,Connectives/Aspect markers,,,0.3427748680114746,5.709608031906978,2.6365535259246826,2.9793283939361572,True
MCQA_0096_0,MCQA,PNT3,replace,2,các,mấy,1,1,False,none,Negation/Function words,,,0.3427748680114746,5.709608031906978,2.6365535259246826,2.9793283939361572,True
MCQA_0096_0,MCQA,PNT3,replace,3,các,mấy,1,1,False,none,Negation/Function words,,,0.3427748680114746,5.709608031906978,2.6365535259246826,2.9793283939361572,True
MCQA_0096_0,MCQA,PNT3,replace,4,các,mấy,1,1,False,none,Negation/Function words,,,0.3427748680114746,5.709608031906978,2.6365535259246826,2.9793283939361572,True
MCQA_0096_0,MCQA,PNT4,replace,0,thế nào,răn,2,1,True,standard_word,Interrogatives,ren; sao; sô,PhuYen; QuangNam; QuangNgai,0.2652277946472168,4.24155760485208,2.6365535259246826,2.9017813205718994,True
MCQA_0096_0,MCQA,PNT4,replace,1,vào,vô,1,1,False,none,Connectives/Aspect markers,,,0.2652277946472168,4.24155760485208,2.6365535259246826,2.9017813205718994,True
MCQA_0098_4,MCQA,PNB,replace,0,khóm,bụi,1,1,False,none,Predicate vocabulary,,,0.0147104263305664,0.8131942207273894,4.005049228668213,4.019759654998779,True
MCQA_0098_4,MCQA,PNB,replace,1,cha,bố,1,1,True,dialect_phrase,Kinship/Honorific terms,bố,BacBo,0.0147104263305664,0.8131942207273894,4.005049228668213,4.019759654998779,True
MCQA_0098_4,MCQA,PNB,replace,2,cha,bố,1,1,True,dialect_phrase,Kinship/Honorific terms,bố,BacBo,0.0147104263305664,0.8131942207273894,4.005049228668213,4.019759654998779,True
MCQA_0098_4,MCQA,PNB,replace,3,cha,bố,1,1,True,dialect_phrase,Kinship/Honorific terms,bố,BacBo,0.0147104263305664,0.8131942207273894,4.005049228668213,4.019759654998779,True
MCQA_0098_4,MCQA,PNB,replace,4,cha,bố,1,1,True,dialect_phrase,Kinship/Honorific terms,bố,BacBo,0.0147104263305664,0.8131942207273894,4.005049228668213,4.019759654998779,True
MCQA_0098_4,MCQA,PNN,replace,0,chàng hoảng hốt,ảnh quýnh quáng,3,3,False,none,Kinship/Honorific terms,,,0.382242202758789,25.547768679543168,4.005049228668213,4.387291431427002,True
MCQA_0098_4,MCQA,PNN,replace,1,khóm,bụi,1,1,False,none,Predicate vocabulary,,,0.382242202758789,25.547768679543168,4.005049228668213,4.387291431427002,True
MCQA_0098_4,MCQA,PNN,delete,2,ẩn,,1,0,False,none,Unknown,,,0.382242202758789,25.547768679543168,4.005049228668213,4.387291431427002,False
MCQA_0098_4,MCQA,PNN,replace,3,mẹ,má,1,1,False,none,Kinship/Honorific terms,,,0.382242202758789,25.547768679543168,4.005049228668213,4.387291431427002,True
MCQA_0098_4,MCQA,PNN,replace,4,cha,ba,1,1,False,none,Kinship/Honorific terms,,,0.382242202758789,25.547768679543168,4.005049228668213,4.387291431427002,True
MCQA_0098_4,MCQA,PNN,replace,5,chàng,ảnh,1,1,True,dialect_phrase,Kinship/Honorific terms; Pronouns,anh; anh ấy,NamBo,0.382242202758789,25.547768679543168,4.005049228668213,4.387291431427002,False
MCQA_0098_4,MCQA,PNN,replace,6,chàng,ảnh,1,1,True,dialect_phrase,Kinship/Honorific terms; Pronouns,anh; anh ấy,NamBo,0.382242202758789,25.547768679543168,4.005049228668213,4.387291431427002,False
MCQA_0098_4,MCQA,PNN,replace,7,và,với,1,1,False,none,Connectives/Aspect markers,,,0.382242202758789,25.547768679543168,4.005049228668213,4.387291431427002,True
MCQA_0098_4,MCQA,PNN,replace,8,khi cha,lúc ba,2,2,False,none,Kinship/Honorific terms,,,0.382242202758789,25.547768679543168,4.005049228668213,4.387291431427002,True
MCQA_0098_4,MCQA,PNN,replace,9,chàng,ảnh,1,1,True,dialect_phrase,Kinship/Honorific terms; Pronouns,anh; anh ấy,NamBo,0.382242202758789,25.547768679543168,4.005049228668213,4.387291431427002,False
MCQA_0098_4,MCQA,PNN,replace,10,cha,ba,1,1,False,none,Kinship/Honorific terms,,,0.382242202758789,25.547768679543168,4.005049228668213,4.387291431427002,True
MCQA_0098_4,MCQA,PNN,replace,11,cha,ba,1,1,False,none,Kinship/Honorific terms,,,0.382242202758789,25.547768679543168,4.005049228668213,4.387291431427002,True
MCQA_0098_4,MCQA,PNN,replace,12,không,chuồng,1,1,True,standard_word,Negation/Function words,hông,NamBo,0.382242202758789,25.547768679543168,4.005049228668213,4.387291431427002,True
MCQA_0098_4,MCQA,PNT1,replace,0,nào,mô,1,1,True,dialect_phrase,Negation/Function words,đâu (phủ định),ThanhHoa,0.1168398857116699,6.801118895878389,4.005049228668213,4.121889114379883,True
MCQA_0098_4,MCQA,PNT2,replace,0,nào,mô,1,1,True,dialect_phrase,Interrogatives; Negation/Function words,đâu (phủ định); đâu / nào,HaTinh_QB_QT; NgheAn,0.2158989906311035,13.223499814621164,4.005049228668213,4.220948219299316,False
MCQA_0098_4,MCQA,PNT2,replace,1,đã,đả,1,1,True,standard_word,Connectives/Aspect markers,đạ,HaTinh_QB_QT,0.2158989906311035,13.223499814621164,4.005049228668213,4.220948219299316,True
MCQA_0098_4,MCQA,PNT3,replace,0,qua,bằng,1,1,False,none,Predicate vocabulary,,,0.1854538917541504,11.181491000066243,4.005049228668213,4.190503120422363,True
MCQA_0098_4,MCQA,PNT3,replace,1,nào,mô,1,1,True,dialect_phrase,Interrogatives; Negation/Function words,đâu (phủ định); đâu / nào,HaTinh_QB_QT; Hue,0.1854538917541504,11.181491000066243,4.005049228668213,4.190503120422363,False
MCQA_0098_4,MCQA,PNT3,replace,2,khóm,bụi,1,1,False,none,Predicate vocabulary,,,0.1854538917541504,11.181491000066243,4.005049228668213,4.190503120422363,True
MCQA_0098_4,MCQA,PNT3,replace,3,chiếc,cấy,1,1,True,dialect_phrase,Negation/Function words,cái,HaTinh_QB_QT,0.1854538917541504,11.181491000066243,4.005049228668213,4.190503120422363,True
MCQA_0098_4,MCQA,PNT3,replace,4,mình đành,miềng thì,2,2,False,none,Pronouns,,,0.1854538917541504,11.181491000066243,4.005049228668213,4.190503120422363,True
MCQA_0098_4,MCQA,PNT4,replace,0,nào,mô,1,1,True,dialect_phrase,Interrogatives,đâu / nào,QuangNam,0.0717768669128418,4.083519640392176,4.005049228668213,4.076826095581055,True
MCQA_0098_4,MCQA,PNT4,replace,1,bãi,bờ,1,1,False,none,Predicate vocabulary,,,0.0717768669128418,4.083519640392176,4.005049228668213,4.076826095581055,True
MCQA_0098_8,MCQA,PNN,replace,0,ông,ổng,1,1,True,dialect_phrase,Pronouns,ông ấy,NamBo,0.0226399898529052,0.4333332074738045,2.9404478073120117,2.963087797164917,True
MCQA_0098_8,MCQA,PNN,replace,1,ông,ổng,1,1,True,dialect_phrase,Pronouns,ông ấy,NamBo,0.0226399898529052,0.4333332074738045,2.9404478073120117,2.963087797164917,True
MCQA_0098_8,MCQA,PNT1,replace,0,làm gì,mằn chi,2,2,True,standard_word,Interrogatives,mần chi,ThanhHoa,0.6846086978912354,18.602524698176072,2.9404478073120117,3.625056505203247,True
MCQA_0098_8,MCQA,PNT2,replace,0,đã làm gì,đạ mần chi,3,3,False,none,Interrogatives,,,0.643038272857666,17.07449825768207,2.9404478073120117,3.5834860801696777,True
MCQA_0098_8,MCQA,PNT3,replace,0,gì,chi,1,1,True,dialect_phrase,Interrogatives,gì; sao / thế nào,HaTinh_QB_QT; Hue,0.2979965209960937,6.569711677048534,2.9404478073120117,3.2384443283081055,True
MCQA_0098_8,MCQA,PNT3,replace,1,ông,ổng,1,1,False,none,Orthographic variant,,,0.2979965209960937,6.569711677048534,2.9404478073120117,3.2384443283081055,False
MCQA_0098_8,MCQA,PNT3,replace,2,ông,ổng,1,1,False,none,Orthographic variant,,,0.2979965209960937,6.569711677048534,2.9404478073120117,3.2384443283081055,False
MCQA_0098_8,MCQA,PNT4,replace,0,gì,chi,1,1,True,dialect_phrase,Interrogatives,gì,QuangNam,0.2880582809448242,6.31760072628758,2.9404478073120117,3.228506088256836,True
MCQA_0100_1,MCQA,PNN,replace,0,vì,tại,1,1,False,none,Connectives/Aspect markers,,,0.4452776908874511,10.220540022251388,2.9025700092315674,3.3478477001190186,True
MCQA_0100_1,MCQA,PNN,replace,1,khi,lúc,1,1,False,none,Connectives/Aspect markers,,,0.4452776908874511,10.220540022251388,2.9025700092315674,3.3478477001190186,True
MCQA_0100_1,MCQA,PNN,replace,2,cuối,sau,1,1,False,none,Predicate vocabulary,,,0.4452776908874511,10.220540022251388,2.9025700092315674,3.3478477001190186,True
MCQA_0100_1,MCQA,PNN,replace,3,không,hông,1,1,True,dialect_phrase,Negation/Function words,không,NamBo,0.4452776908874511,10.220540022251388,2.9025700092315674,3.3478477001190186,True
MCQA_0100_1,MCQA,PNN,replace,4,và,rồi,1,1,False,none,Connectives/Aspect markers,,,0.4452776908874511,10.220540022251388,2.9025700092315674,3.3478477001190186,True
MCQA_0100_1,MCQA,PNN,replace,5,rằng,là,1,1,False,none,Connectives/Aspect markers,,,0.4452776908874511,10.220540022251388,2.9025700092315674,3.3478477001190186,True
MCQA_0100_1,MCQA,PNN,replace,6,vì,tại,1,1,False,none,Connectives/Aspect markers,,,0.4452776908874511,10.220540022251388,2.9025700092315674,3.3478477001190186,True
MCQA_0100_1,MCQA,PNN,replace,7,chóng,mau,1,1,False,none,Predicate vocabulary,,,0.4452776908874511,10.220540022251388,2.9025700092315674,3.3478477001190186,True
MCQA_0100_1,MCQA,PNN,replace,8,vì,tại,1,1,False,none,Connectives/Aspect markers,,,0.4452776908874511,10.220540022251388,2.9025700092315674,3.3478477001190186,True
MCQA_0100_1,MCQA,PNN,replace,9,không,hông,1,1,True,dialect_phrase,Negation/Function words,không,NamBo,0.4452776908874511,10.220540022251388,2.9025700092315674,3.3478477001190186,True
MCQA_0100_1,MCQA,PNN,replace,10,vì,tại,1,1,False,none,Connectives/Aspect markers,,,0.4452776908874511,10.220540022251388,2.9025700092315674,3.3478477001190186,True
MCQA_0100_1,MCQA,PNN,replace,11,không chú,hông để,2,2,False,none,Negation/Function words,,,0.4452776908874511,10.220540022251388,2.9025700092315674,3.3478477001190186,True
MCQA_0100_1,MCQA,PNN,replace,12,khuất,mất,1,1,False,none,Predicate vocabulary,,,0.4452776908874511,10.220540022251388,2.9025700092315674,3.3478477001190186,True
MCQA_0100_1,MCQA,PNT1,replace,0,sao,răng,1,1,False,none,Interrogatives,,,0.2591180801391601,5.389505642441179,2.9025700092315674,3.1616880893707275,True
MCQA_0100_1,MCQA,PNT1,insert,1,,nên,0,1,False,none,Unknown,,,0.2591180801391601,5.389505642441179,2.9025700092315674,3.1616880893707275,False
MCQA_0100_1,MCQA,PNT1,insert,2,,nên,0,1,False,none,Unknown,,,0.2591180801391601,5.389505642441179,2.9025700092315674,3.1616880893707275,False
MCQA_0100_1,MCQA,PNT2,replace,0,sao,răng,1,1,True,dialect_phrase,Interrogatives,sao / thế nào,HaTinh_QB_QT; NgheAn,0.6638967990875244,17.170414482101705,2.9025700092315674,3.566466808319092,True
MCQA_0100_1,MCQA,PNT2,replace,1,không,nỏ,1,1,True,dialect_phrase,Negation/Function words,không,HaTinh_QB_QT; NgheAn,0.6638967990875244,17.170414482101705,2.9025700092315674,3.566466808319092,True
MCQA_0100_1,MCQA,PNT2,replace,2,thấy,chộ,1,1,True,dialect_phrase,Predicate vocabulary,thấy,HaTinh_QB_QT,0.6638967990875244,17.170414482101705,2.9025700092315674,3.566466808319092,True
MCQA_0100_1,MCQA,PNT2,replace,3,rằng,là,1,1,False,none,Connectives/Aspect markers,,,0.6638967990875244,17.170414482101705,2.9025700092315674,3.566466808319092,True
MCQA_0100_1,MCQA,PNT2,replace,4,không,nỏ,1,1,True,dialect_phrase,Negation/Function words,không,HaTinh_QB_QT; NgheAn,0.6638967990875244,17.170414482101705,2.9025700092315674,3.566466808319092,True
MCQA_0100_1,MCQA,PNT2,replace,5,thấy,chộ,1,1,True,dialect_phrase,Predicate vocabulary,thấy,HaTinh_QB_QT,0.6638967990875244,17.170414482101705,2.9025700092315674,3.566466808319092,True
MCQA_0100_1,MCQA,PNT2,replace,6,không,nỏ,1,1,True,dialect_phrase,Negation/Function words,không,HaTinh_QB_QT; NgheAn,0.6638967990875244,17.170414482101705,2.9025700092315674,3.566466808319092,True
MCQA_0100_1,MCQA,PNT3,replace,0,sao,răng,1,1,True,dialect_phrase,Interrogatives,sao / thế nào,HaTinh_QB_QT; Hue,0.6475307941436768,16.595913802482798,2.9025700092315674,3.550100803375244,True
MCQA_0100_1,MCQA,PNT3,replace,1,nhìn thấy,chộ,2,1,True,dialect_phrase,Predicate vocabulary,thấy,HaTinh_QB_QT; Hue,0.6475307941436768,16.595913802482798,2.9025700092315674,3.550100803375244,True
MCQA_0100_1,MCQA,PNT3,replace,2,nên,bơ,1,1,True,dialect_phrase,Connectives/Aspect markers,thì / nên,HaTinh_QB_QT,0.6475307941436768,16.595913802482798,2.9025700092315674,3.550100803375244,True
MCQA_0100_1,MCQA,PNT3,replace,3,nhìn thấy,chộ,2,1,True,dialect_phrase,Predicate vocabulary,thấy,HaTinh_QB_QT; Hue,0.6475307941436768,16.595913802482798,2.9025700092315674,3.550100803375244,True
MCQA_0100_1,MCQA,PNT4,replace,0,sao,răng,1,1,True,standard_word,Interrogatives,ren; sao; sô,PhuYen; QuangNam; QuangNgai,0.3470962047576904,7.560819737141458,2.9025700092315674,3.249666213989258,True
MCQA_0100_2,MCQA,PNN,replace,0,hoa,bông,1,1,False,none,Predicate vocabulary,,,0.0837652683258056,2.7093830154963534,3.4342827796936035,3.518048048019409,True
MCQA_0100_2,MCQA,PNN,replace,1,hoa,bông,1,1,False,none,Predicate vocabulary,,,0.0837652683258056,2.7093830154963534,3.4342827796936035,3.518048048019409,True
MCQA_0100_2,MCQA,PNN,replace,2,gọi,kêu,1,1,True,dialect_phrase,Predicate vocabulary,gọi,NamBo,0.0837652683258056,2.7093830154963534,3.4342827796936035,3.518048048019409,True
MCQA_0100_2,MCQA,PNN,replace,3,nhiều,mấy,1,1,False,none,Negation/Function words,,,0.0837652683258056,2.7093830154963534,3.4342827796936035,3.518048048019409,True
MCQA_0100_2,MCQA,PNT1,replace,0,làm gì,mằn chi,2,2,True,standard_word,Interrogatives,mần chi,ThanhHoa,0.4666492938995361,18.439353104163235,3.4342827796936035,3.900932073593139,True
MCQA_0100_2,MCQA,PNT1,replace,1,vào,vô,1,1,False,none,Connectives/Aspect markers,,,0.4666492938995361,18.439353104163235,3.4342827796936035,3.900932073593139,True
MCQA_0100_2,MCQA,PNT1,replace,2,vào,vô,1,1,False,none,Connectives/Aspect markers,,,0.4666492938995361,18.439353104163235,3.4342827796936035,3.900932073593139,True
MCQA_0100_2,MCQA,PNT1,replace,3,vào,vô,1,1,False,none,Connectives/Aspect markers,,,0.4666492938995361,18.439353104163235,3.4342827796936035,3.900932073593139,True
MCQA_0100_2,MCQA,PNT1,replace,4,gọi,hú,1,1,False,none,Predicate vocabulary,,,0.4666492938995361,18.439353104163235,3.4342827796936035,3.900932073593139,True
MCQA_0100_2,MCQA,PNT2,replace,0,gì,chi,1,1,True,dialect_phrase,Interrogatives,gì,HaTinh_QB_QT; NgheAn,0.2678978443145752,9.526436773125734,3.4342827796936035,3.7021806240081783,True
MCQA_0100_2,MCQA,PNT2,replace,1,vào,vô,1,1,False,none,Connectives/Aspect markers,,,0.2678978443145752,9.526436773125734,3.4342827796936035,3.7021806240081783,True
MCQA_0100_2,MCQA,PNT2,replace,2,vào,vô,1,1,False,none,Connectives/Aspect markers,,,0.2678978443145752,9.526436773125734,3.4342827796936035,3.7021806240081783,True
MCQA_0100_2,MCQA,PNT2,replace,3,gọi,hú,1,1,True,dialect_phrase,Predicate vocabulary,gọi,HaTinh_QB_QT,0.2678978443145752,9.526436773125734,3.4342827796936035,3.7021806240081783,True
MCQA_0100_2,MCQA,PNT3,replace,0,làm gì,mần chi,2,2,True,dialect_phrase,Interrogatives,làm gì,HaTinh_QB_QT; Hue,0.3539464473724365,13.168937399532464,3.4342827796936035,3.78822922706604,True
MCQA_0100_2,MCQA,PNT3,replace,1,và,với,1,1,False,none,Connectives/Aspect markers,,,0.3539464473724365,13.168937399532464,3.4342827796936035,3.78822922706604,True
MCQA_0100_2,MCQA,PNT3,delete,2,thức,,1,0,False,none,Unknown,,,0.3539464473724365,13.168937399532464,3.4342827796936035,3.78822922706604,False
MCQA_0100_2,MCQA,PNT3,replace,3,vào,vô,1,1,False,none,Connectives/Aspect markers,,,0.3539464473724365,13.168937399532464,3.4342827796936035,3.78822922706604,True
MCQA_0100_2,MCQA,PNT3,replace,4,vào,lên,1,1,False,none,Predicate vocabulary,,,0.3539464473724365,13.168937399532464,3.4342827796936035,3.78822922706604,True
MCQA_0100_2,MCQA,PNT3,replace,5,nó,hắn,1,1,True,dialect_phrase,Pronouns,nó,HaTinh_QB_QT; Hue,0.3539464473724365,13.168937399532464,3.4342827796936035,3.78822922706604,True
MCQA_0100_2,MCQA,PNT3,replace,6,vào,vô,1,1,False,none,Connectives/Aspect markers,,,0.3539464473724365,13.168937399532464,3.4342827796936035,3.78822922706604,True
MCQA_0100_2,MCQA,PNT3,replace,7,gọi,hú,1,1,True,dialect_phrase,Predicate vocabulary,gọi,HaTinh_QB_QT,0.3539464473724365,13.168937399532464,3.4342827796936035,3.78822922706604,True
MCQA_0100_2,MCQA,PNT4,replace,0,làm gì,mần cấy chi,2,3,False,none,Predicate vocabulary,,,0.3707916736602783,13.919430887330012,3.4342827796936035,3.805074453353882,True
MCQA_0100_2,MCQA,PNT4,replace,1,vào,vô,1,1,False,none,Connectives/Aspect markers,,,0.3707916736602783,13.919430887330012,3.4342827796936035,3.805074453353882,True
MCQA_0100_2,MCQA,PNT4,replace,2,vào,vô,1,1,False,none,Connectives/Aspect markers,,,0.3707916736602783,13.919430887330012,3.4342827796936035,3.805074453353882,True
MCQA_0100_2,MCQA,PNT4,replace,3,gọi,kêu,1,1,True,dialect_phrase,Predicate vocabulary,gọi,PhuYen; QuangNgai,0.3707916736602783,13.919430887330012,3.4342827796936035,3.805074453353882,True
MCQA_0104_4,MCQA,PNT1,replace,0,vào,vô,1,1,False,none,Connectives/Aspect markers,,,0.8239684104919434,59.3960307216635,3.837736129760742,4.6617045402526855,True
MCQA_0104_4,MCQA,PNT1,replace,1,này,ni,1,1,True,dialect_phrase,Demonstratives/Deixis,này,ThanhHoa,0.8239684104919434,59.3960307216635,3.837736129760742,4.6617045402526855,True
MCQA_0104_4,MCQA,PNT1,insert,2,,đứng,0,1,False,none,Unknown,,,0.8239684104919434,59.3960307216635,3.837736129760742,4.6617045402526855,False
MCQA_0104_4,MCQA,PNT1,insert,3,,"""",0,1,False,none,Unknown,,,0.8239684104919434,59.3960307216635,3.837736129760742,4.6617045402526855,False
MCQA_0104_4,MCQA,PNT1,replace,4,em,mi,1,1,False,none,Pronouns,,,0.8239684104919434,59.3960307216635,3.837736129760742,4.6617045402526855,True
MCQA_0104_4,MCQA,PNT1,replace,5,sử dụng,dùng,2,1,False,none,Predicate vocabulary,,,0.8239684104919434,59.3960307216635,3.837736129760742,4.6617045402526855,True
MCQA_0104_4,MCQA,PNT1,replace,6,nào,mô,1,1,True,dialect_phrase,Negation/Function words,đâu (phủ định),ThanhHoa,0.8239684104919434,59.3960307216635,3.837736129760742,4.6617045402526855,True
MCQA_0104_4,MCQA,PNT1,replace,7,nào,chi,1,1,False,none,Interrogatives,,,0.8239684104919434,59.3960307216635,3.837736129760742,4.6617045402526855,True
MCQA_0104_4,MCQA,PNT1,replace,8,và,lẫn,1,1,False,none,Connectives/Aspect markers,,,0.8239684104919434,59.3960307216635,3.837736129760742,4.6617045402526855,True
MCQA_0104_4,MCQA,PNT2,replace,0,vào,vô,1,1,False,none,Connectives/Aspect markers,,,0.7207651138305664,49.0200648397119,3.837736129760742,4.558501243591309,True
MCQA_0104_4,MCQA,PNT2,replace,1,này,ni,1,1,True,dialect_phrase,Demonstratives/Deixis,này,HaTinh_QB_QT; NgheAn,0.7207651138305664,49.0200648397119,3.837736129760742,4.558501243591309,True
MCQA_0104_4,MCQA,PNT2,replace,2,đã,đạ,1,1,True,dialect_phrase,Connectives/Aspect markers,đã,HaTinh_QB_QT,0.7207651138305664,49.0200648397119,3.837736129760742,4.558501243591309,True
MCQA_0104_4,MCQA,PNT2,replace,3,nào,mô,1,1,True,dialect_phrase,Interrogatives; Negation/Function words,đâu (phủ định); đâu / nào,HaTinh_QB_QT; NgheAn,0.7207651138305664,49.0200648397119,3.837736129760742,4.558501243591309,False
MCQA_0104_4,MCQA,PNT2,replace,4,không,nỏ,1,1,True,dialect_phrase,Negation/Function words,không,HaTinh_QB_QT; NgheAn,0.7207651138305664,49.0200648397119,3.837736129760742,4.558501243591309,True
MCQA_0104_4,MCQA,PNT2,replace,5,nào,mô,1,1,True,dialect_phrase,Interrogatives; Negation/Function words,đâu (phủ định); đâu / nào,HaTinh_QB_QT; NgheAn,0.7207651138305664,49.0200648397119,3.837736129760742,4.558501243591309,False
MCQA_0104_4,MCQA,PNT3,replace,0,vào,vô,1,1,False,none,Connectives/Aspect markers,,,0.6342868804931641,41.113359500250745,3.837736129760742,4.472023010253906,True
MCQA_0104_4,MCQA,PNT3,replace,1,này,ni,1,1,True,dialect_phrase,Demonstratives/Deixis,này,HaTinh_QB_QT; Hue,0.6342868804931641,41.113359500250745,3.837736129760742,4.472023010253906,True
MCQA_0104_4,MCQA,PNT3,replace,2,đợi,chờ,1,1,False,none,Predicate vocabulary,,,0.6342868804931641,41.113359500250745,3.837736129760742,4.472023010253906,True
MCQA_0104_4,MCQA,PNT3,replace,3,sử dụng,dùng,2,1,False,none,Predicate vocabulary,,,0.6342868804931641,41.113359500250745,3.837736129760742,4.472023010253906,True
MCQA_0104_4,MCQA,PNT3,replace,4,nào,mô,1,1,True,dialect_phrase,Interrogatives; Negation/Function words,đâu (phủ định); đâu / nào,HaTinh_QB_QT; Hue,0.6342868804931641,41.113359500250745,3.837736129760742,4.472023010253906,False
MCQA_0104_4,MCQA,PNT3,replace,5,nào,mô,1,1,True,dialect_phrase,Interrogatives; Negation/Function words,đâu (phủ định); đâu / nào,HaTinh_QB_QT; Hue,0.6342868804931641,41.113359500250745,3.837736129760742,4.472023010253906,False
MCQA_0104_4,MCQA,PNT4,replace,0,nào,mô,1,1,True,dialect_phrase,Interrogatives,đâu / nào,QuangNam,0.2629647254943847,13.962326291029555,3.837736129760742,4.100700855255127,True
MCQA_0104_4,MCQA,PNT4,replace,1,nào,mô,1,1,True,dialect_phrase,Interrogatives,đâu / nào,QuangNam,0.2629647254943847,13.962326291029555,3.837736129760742,4.100700855255127,True
MCQA_0106_3,MCQA,PNT1,insert,0,,theo,0,1,False,none,Unknown,,,0.4334254264831543,24.590798755388292,3.81387996673584,4.247305393218994,False
MCQA_0106_3,MCQA,PNT1,replace,1,gì,chi,1,1,False,none,Interrogatives,,,0.4334254264831543,24.590798755388292,3.81387996673584,4.247305393218994,True
MCQA_0106_3,MCQA,PNT2,replace,0,gì,chi,1,1,True,dialect_phrase,Interrogatives,gì,HaTinh_QB_QT; NgheAn,0.3150997161865234,16.78855273445423,3.81387996673584,4.128979682922363,True
MCQA_0106_3,MCQA,PNT3,replace,0,gì,chi,1,1,True,dialect_phrase,Interrogatives,gì; sao / thế nào,HaTinh_QB_QT; Hue,0.3150997161865234,16.78855273445423,3.81387996673584,4.128979682922363,True
MCQA_0106_3,MCQA,PNT4,replace,0,gì,chi,1,1,True,dialect_phrase,Interrogatives,gì,QuangNam,0.3150997161865234,16.78855273445423,3.81387996673584,4.128979682922363,True
MCQA_0114_1,MCQA,PNB,replace,0,như thế nào,gì,3,1,True,dialect_phrase,Interrogatives,gì,BacBo,-0.0829708576202392,-1.257719875205451,2.7597649097442627,2.676794052124023,True
MCQA_0114_1,MCQA,PNN,replace,0,định,tính,1,1,False,none,Predicate vocabulary,,,0.4647231101989746,9.344570327888963,2.7597649097442627,3.2244880199432373,True
MCQA_0114_1,MCQA,PNN,delete,1,thế,,1,0,True,standard_word,Demonstratives/Deixis,vậy,NamBo,0.4647231101989746,9.344570327888963,2.7597649097442627,3.2244880199432373,False
MCQA_0114_1,MCQA,PNN,replace,2,định,tính,1,1,False,none,Predicate vocabulary,,,0.4647231101989746,9.344570327888963,2.7597649097442627,3.2244880199432373,True
MCQA_0114_1,MCQA,PNN,replace,3,xem,coi,1,1,False,none,Predicate vocabulary,,,0.4647231101989746,9.344570327888963,2.7597649097442627,3.2244880199432373,True
MCQA_0114_1,MCQA,PNN,replace,4,định,tính,1,1,False,none,Predicate vocabulary,,,0.4647231101989746,9.344570327888963,2.7597649097442627,3.2244880199432373,True
MCQA_0114_1,MCQA,PNN,replace,5,định đánh,tính ăn,2,2,False,none,Predicate vocabulary,,,0.4647231101989746,9.344570327888963,2.7597649097442627,3.2244880199432373,True
MCQA_0114_1,MCQA,PNN,replace,6,định,tính,1,1,False,none,Predicate vocabulary,,,0.4647231101989746,9.344570327888963,2.7597649097442627,3.2244880199432373,True
MCQA_0114_1,MCQA,PNT1,replace,0,làm như thế nào,mằn răng,4,2,False,none,Interrogatives,,,0.8268475532531738,20.315410323631795,2.7597649097442627,3.5866124629974365,True
MCQA_0114_1,MCQA,PNT1,replace,1,xem,coi,1,1,False,none,Predicate vocabulary,,,0.8268475532531738,20.315410323631795,2.7597649097442627,3.5866124629974365,True
MCQA_0114_1,MCQA,PNT1,replace,2,lên,vô,1,1,False,none,Predicate vocabulary,,,0.8268475532531738,20.315410323631795,2.7597649097442627,3.5866124629974365,True
MCQA_0114_1,MCQA,PNT1,replace,3,đánh cắp,lấy trộm,2,2,False,none,Predicate vocabulary,,,0.8268475532531738,20.315410323631795,2.7597649097442627,3.5866124629974365,True
MCQA_0114_1,MCQA,PNT2,replace,0,đã,đạ,1,1,True,dialect_phrase,Connectives/Aspect markers,đã,HaTinh_QB_QT,0.5525660514831543,11.652904596609943,2.7597649097442627,3.312330961227417,True
MCQA_0114_1,MCQA,PNT2,replace,1,như thế nào,chi,3,1,True,dialect_phrase,Interrogatives,gì,HaTinh_QB_QT; NgheAn,0.5525660514831543,11.652904596609943,2.7597649097442627,3.312330961227417,True
MCQA_0114_1,MCQA,PNT3,replace,0,như thế nào,chi,3,1,True,dialect_phrase,Interrogatives,gì; sao / thế nào,HaTinh_QB_QT; Hue,0.3601713180541992,6.848806484022701,2.7597649097442627,3.119936227798462,True
MCQA_0114_1,MCQA,PNT3,replace,1,xem,coi,1,1,True,dialect_phrase,Predicate vocabulary,xem,HaTinh_QB_QT,0.3601713180541992,6.848806484022701,2.7597649097442627,3.119936227798462,True
MCQA_0114_1,MCQA,PNT4,replace,0,như thế nào,ren,3,1,True,dialect_phrase,Interrogatives,sao / thế nào,QuangNam,0.5210468769073486,10.801226320747547,2.7597649097442627,3.2808117866516113,True
MCQA_0114_1,MCQA,PNT4,replace,1,xem,coi,1,1,True,dialect_phrase,Predicate vocabulary,thấy,PhuYen; QuangNgai,0.5210468769073486,10.801226320747547,2.7597649097442627,3.2808117866516113,True
MCQA_0114_1,MCQA,PNT4,replace,2,đánh,ăn,1,1,False,none,Predicate vocabulary,,,0.5210468769073486,10.801226320747547,2.7597649097442627,3.2808117866516113,True
MCQA_0114_6,MCQA,PNN,replace,0,vì,tại,1,1,False,none,Connectives/Aspect markers,,,0.3435642719268799,6.431196849406474,2.7528462409973145,3.0964105129241943,True
MCQA_0114_6,MCQA,PNN,replace,1,đáng,để,1,1,False,none,Predicate vocabulary,,,0.3435642719268799,6.431196849406474,2.7528462409973145,3.0964105129241943,True
MCQA_0114_6,MCQA,PNN,replace,2,vì,tại,1,1,False,none,Connectives/Aspect markers,,,0.3435642719268799,6.431196849406474,2.7528462409973145,3.0964105129241943,True
MCQA_0114_6,MCQA,PNN,delete,3,rất,,1,0,True,standard_word,Predicate vocabulary,dữ,NamBo,0.3435642719268799,6.431196849406474,2.7528462409973145,3.0964105129241943,False
MCQA_0114_6,MCQA,PNN,insert,4,,lắm,0,1,False,none,Unknown,,,0.3435642719268799,6.431196849406474,2.7528462409973145,3.0964105129241943,False
MCQA_0114_6,MCQA,PNN,replace,5,vì,tại,1,1,False,none,Connectives/Aspect markers,,,0.3435642719268799,6.431196849406474,2.7528462409973145,3.0964105129241943,True
MCQA_0114_6,MCQA,PNN,replace,6,vì,tại,1,1,False,none,Connectives/Aspect markers,,,0.3435642719268799,6.431196849406474,2.7528462409973145,3.0964105129241943,True
MCQA_0114_6,MCQA,PNN,delete,7,rất,,1,0,True,standard_word,Predicate vocabulary,dữ,NamBo,0.3435642719268799,6.431196849406474,2.7528462409973145,3.0964105129241943,False
MCQA_0114_6,MCQA,PNN,insert,8,,lắm,0,1,False,none,Unknown,,,0.3435642719268799,6.431196849406474,2.7528462409973145,3.0964105129241943,False
MCQA_0114_6,MCQA,PNT1,replace,0,sao,răng,1,1,False,none,Interrogatives,,,0.8783786296844482,22.071820236874196,2.7528462409973145,3.6312248706817623,True
MCQA_0114_6,MCQA,PNT1,replace,1,xem,coi,1,1,False,none,Predicate vocabulary,,,0.8783786296844482,22.071820236874196,2.7528462409973145,3.6312248706817623,True
MCQA_0114_6,MCQA,PNT1,replace,2,đó,nớ,1,1,True,standard_word,Demonstratives/Deixis,nứ,ThanhHoa,0.8783786296844482,22.071820236874196,2.7528462409973145,3.6312248706817623,True
MCQA_0114_6,MCQA,PNT1,replace,3,gì,chi,1,1,False,none,Interrogatives,,,0.8783786296844482,22.071820236874196,2.7528462409973145,3.6312248706817623,True
MCQA_0114_6,MCQA,PNT1,replace,4,xem,coi,1,1,False,none,Predicate vocabulary,,,0.8783786296844482,22.071820236874196,2.7528462409973145,3.6312248706817623,True
MCQA_0114_6,MCQA,PNT1,replace,5,xem,coi,1,1,False,none,Predicate vocabulary,,,0.8783786296844482,22.071820236874196,2.7528462409973145,3.6312248706817623,True
MCQA_0114_6,MCQA,PNT1,insert,6,,của người ta,0,3,False,none,Unknown,,,0.8783786296844482,22.071820236874196,2.7528462409973145,3.6312248706817623,False
MCQA_0114_6,MCQA,PNT1,delete,7,rất,,1,0,False,none,Unknown,,,0.8783786296844482,22.071820236874196,2.7528462409973145,3.6312248706817623,False
MCQA_0114_6,MCQA,PNT1,insert,8,,lắm,0,1,False,none,Unknown,,,0.8783786296844482,22.071820236874196,2.7528462409973145,3.6312248706817623,False
MCQA_0114_6,MCQA,PNT1,replace,9,đó,nớ,1,1,True,standard_word,Demonstratives/Deixis,nứ,ThanhHoa,0.8783786296844482,22.071820236874196,2.7528462409973145,3.6312248706817623,True
MCQA_0114_6,MCQA,PNT1,replace,10,đó,nớ,1,1,True,standard_word,Demonstratives/Deixis,nứ,ThanhHoa,0.8783786296844482,22.071820236874196,2.7528462409973145,3.6312248706817623,True
MCQA_0114_6,MCQA,PNT1,delete,11,rất,,1,0,False,none,Unknown,,,0.8783786296844482,22.071820236874196,2.7528462409973145,3.6312248706817623,False
MCQA_0114_6,MCQA,PNT1,insert,12,,quá,0,1,False,none,Unknown,,,0.8783786296844482,22.071820236874196,2.7528462409973145,3.6312248706817623,False
MCQA_0114_6,MCQA,PNT2,replace,0,sao,răng,1,1,True,dialect_phrase,Interrogatives,sao / thế nào,HaTinh_QB_QT; NgheAn,0.9055633544921876,23.112368732292857,2.7528462409973145,3.658409595489502,True
MCQA_0114_6,MCQA,PNT2,replace,1,không,nỏ,1,1,True,dialect_phrase,Negation/Function words,không,HaTinh_QB_QT; NgheAn,0.9055633544921876,23.112368732292857,2.7528462409973145,3.658409595489502,True
MCQA_0114_6,MCQA,PNT2,replace,2,đó chẳng,nớ nỏ,2,2,False,none,Demonstratives/Deixis,,,0.9055633544921876,23.112368732292857,2.7528462409973145,3.658409595489502,True
MCQA_0114_6,MCQA,PNT2,replace,3,gì,chi,1,1,True,dialect_phrase,Interrogatives,gì,HaTinh_QB_QT; NgheAn,0.9055633544921876,23.112368732292857,2.7528462409973145,3.658409595489502,True
MCQA_0114_6,MCQA,PNT2,replace,4,đó,nớ,1,1,True,dialect_phrase,Demonstratives/Deixis,ấy / đó,HaTinh_QB_QT; NgheAn,0.9055633544921876,23.112368732292857,2.7528462409973145,3.658409595489502,True
MCQA_0114_6,MCQA,PNT2,replace,5,đó,nớ,1,1,True,dialect_phrase,Demonstratives/Deixis,ấy / đó,HaTinh_QB_QT; NgheAn,0.9055633544921876,23.112368732292857,2.7528462409973145,3.658409595489502,True
MCQA_0114_6,MCQA,PNT3,replace,0,sao,răng,1,1,True,dialect_phrase,Interrogatives,sao / thế nào,HaTinh_QB_QT; Hue,0.9232723712921144,23.805591294004223,2.7528462409973145,3.6761186122894287,True
MCQA_0114_6,MCQA,PNT3,replace,1,xem,coi,1,1,True,dialect_phrase,Predicate vocabulary,xem,HaTinh_QB_QT,0.9232723712921144,23.805591294004223,2.7528462409973145,3.6761186122894287,True
MCQA_0114_6,MCQA,PNT3,replace,2,đó chẳng,nớ nỏ,2,2,False,none,Demonstratives/Deixis,,,0.9232723712921144,23.805591294004223,2.7528462409973145,3.6761186122894287,True
MCQA_0114_6,MCQA,PNT3,replace,3,gì,chi,1,1,True,dialect_phrase,Interrogatives,gì; sao / thế nào,HaTinh_QB_QT; Hue,0.9232723712921144,23.805591294004223,2.7528462409973145,3.6761186122894287,True
MCQA_0114_6,MCQA,PNT3,replace,4,xem,coi,1,1,True,dialect_phrase,Predicate vocabulary,xem,HaTinh_QB_QT,0.9232723712921144,23.805591294004223,2.7528462409973145,3.6761186122894287,True
MCQA_0114_6,MCQA,PNT3,replace,5,xem,coi,1,1,True,dialect_phrase,Predicate vocabulary,xem,HaTinh_QB_QT,0.9232723712921144,23.805591294004223,2.7528462409973145,3.6761186122894287,True
MCQA_0114_6,MCQA,PNT3,replace,6,đó,nớ,1,1,True,dialect_phrase,Demonstratives/Deixis,kia; ấy / đó,HaTinh_QB_QT; Hue,0.9232723712921144,23.805591294004223,2.7528462409973145,3.6761186122894287,True
MCQA_0114_6,MCQA,PNT3,replace,7,đó nhìn,nớ nhòm,2,2,False,none,Demonstratives/Deixis,,,0.9232723712921144,23.805591294004223,2.7528462409973145,3.6761186122894287,True
MCQA_0114_6,MCQA,PNT4,replace,0,sao,ren,1,1,True,dialect_phrase,Interrogatives,sao / thế nào,QuangNam,1.105485439300537,31.69901200052439,2.7528462409973145,3.858331680297851,True
MCQA_0114_6,MCQA,PNT4,replace,1,bạn,nó,1,1,True,dialect_phrase,Pronouns,nó,PhuYen; QuangNgai,1.105485439300537,31.69901200052439,2.7528462409973145,3.858331680297851,True
MCQA_0114_6,MCQA,PNT4,replace,2,chẳng,không,1,1,True,dialect_phrase,Negation/Function words,không,QuangNam,1.105485439300537,31.69901200052439,2.7528462409973145,3.858331680297851,True
MCQA_0114_6,MCQA,PNT4,replace,3,gì,chi,1,1,True,dialect_phrase,Interrogatives,gì,QuangNam,1.105485439300537,31.69901200052439,2.7528462409973145,3.858331680297851,True
MCQA_0114_6,MCQA,PNT4,replace,4,xem,coi,1,1,True,dialect_phrase,Predicate vocabulary,thấy,PhuYen; QuangNgai,1.105485439300537,31.69901200052439,2.7528462409973145,3.858331680297851,True
MCQA_0114_6,MCQA,PNT4,replace,5,đó,nớ,1,1,True,dialect_phrase,Demonstratives/Deixis,ấy / đó,QuangNam,1.105485439300537,31.69901200052439,2.7528462409973145,3.858331680297851,True
MCQA_0114_6,MCQA,PNT4,replace,6,nhìn,ngó,1,1,False,none,Predicate vocabulary,,,1.105485439300537,31.69901200052439,2.7528462409973145,3.858331680297851,True
MCQA_0116_5,MCQA,PNB,replace,0,người,vị,1,1,False,none,Predicate vocabulary,,,-0.012470006942749,-0.14769093275852,2.4780240058898926,2.4655539989471436,True
MCQA_0116_5,MCQA,PNB,replace,1,họ,ông ấy,1,2,True,dialect_phrase,Pronouns,ông ấy,BacBo,-0.012470006942749,-0.14769093275852,2.4780240058898926,2.4655539989471436,True
MCQA_0116_5,MCQA,PNN,replace,0,những,mấy,1,1,False,none,Negation/Function words,,,0.4526536464691162,6.822633773619348,2.4780240058898926,2.930677652359009,True
MCQA_0116_5,MCQA,PNN,replace,1,chân,thiệt,1,1,True,dialect_phrase,Connectives/Aspect markers,thật,NamBo,0.4526536464691162,6.822633773619348,2.4780240058898926,2.930677652359009,True
MCQA_0116_5,MCQA,PNN,replace,2,như thế nào,ra sao,3,2,False,none,Interrogatives,,,0.4526536464691162,6.822633773619348,2.4780240058898926,2.930677652359009,True
MCQA_0116_5,MCQA,PNN,delete,3,thêm,,1,0,False,none,Unknown,,,0.4526536464691162,6.822633773619348,2.4780240058898926,2.930677652359009,False
MCQA_0116_5,MCQA,PNN,delete,4,thêm,,1,0,False,none,Unknown,,,0.4526536464691162,6.822633773619348,2.4780240058898926,2.930677652359009,False
MCQA_0116_5,MCQA,PNN,delete,5,thêm,,1,0,False,none,Unknown,,,0.4526536464691162,6.822633773619348,2.4780240058898926,2.930677652359009,False
MCQA_0116_5,MCQA,PNN,replace,6,và,với,1,1,False,none,Connectives/Aspect markers,,,0.4526536464691162,6.822633773619348,2.4780240058898926,2.930677652359009,True
MCQA_0116_5,MCQA,PNN,replace,7,mãi không,hoài hông,2,2,False,none,Negation/Function words,,,0.4526536464691162,6.822633773619348,2.4780240058898926,2.930677652359009,True
MCQA_0116_5,MCQA,PNN,replace,8,thêm khó chịu và,bực mình với,4,3,False,none,Idiomatic expressions,,,0.4526536464691162,6.822633773619348,2.4780240058898926,2.930677652359009,True
MCQA_0116_5,MCQA,PNT1,replace,0,chân tình,chăn tềnh,2,2,False,none,Orthographic variant,,,0.4887435436248779,7.511322807409691,2.4780240058898926,2.9667675495147705,False
MCQA_0116_5,MCQA,PNT1,replace,1,viên,vin,1,1,False,none,Orthographic variant,,,0.4887435436248779,7.511322807409691,2.4780240058898926,2.9667675495147705,False
MCQA_0116_5,MCQA,PNT1,replace,2,khiến,khín,1,1,False,none,Orthographic variant,,,0.4887435436248779,7.511322807409691,2.4780240058898926,2.9667675495147705,False
MCQA_0116_5,MCQA,PNT1,replace,3,như thế nào,răng,3,1,False,none,Interrogatives,,,0.4887435436248779,7.511322807409691,2.4780240058898926,2.9667675495147705,True
MCQA_0116_5,MCQA,PNT2,replace,0,khiến,mần,1,1,True,dialect_phrase,Predicate vocabulary,làm,HaTinh_QB_QT,0.4204261302947998,6.228307888751623,2.4780240058898926,2.8984501361846924,True
MCQA_0116_5,MCQA,PNT2,replace,1,như thế nào,ơ răng,3,2,False,none,Interrogatives,,,0.4204261302947998,6.228307888751623,2.4780240058898926,2.8984501361846924,True
MCQA_0116_5,MCQA,PNT2,replace,2,không,nỏ,1,1,True,dialect_phrase,Negation/Function words,không,HaTinh_QB_QT; NgheAn,0.4204261302947998,6.228307888751623,2.4780240058898926,2.8984501361846924,True
MCQA_0116_5,MCQA,PNT3,replace,0,những,mấy,1,1,False,none,Negation/Function words,,,0.4916484355926513,7.567844050327576,2.4780240058898926,2.969672441482544,True
MCQA_0116_5,MCQA,PNT3,replace,1,chân,thiệt,1,1,True,dialect_phrase,Connectives/Aspect markers,thật,HaTinh_QB_QT,0.4916484355926513,7.567844050327576,2.4780240058898926,2.969672441482544,True
MCQA_0116_5,MCQA,PNT3,replace,2,khiến,làm,1,1,True,dialect_phrase,Predicate vocabulary,làm,Hue,0.4916484355926513,7.567844050327576,2.4780240058898926,2.969672441482544,True
MCQA_0116_5,MCQA,PNT3,delete,3,cảm,,1,0,False,none,Unknown,,,0.4916484355926513,7.567844050327576,2.4780240058898926,2.969672441482544,False
MCQA_0116_5,MCQA,PNT3,replace,4,thế nào,răng,2,1,True,dialect_phrase,Interrogatives,sao / thế nào,HaTinh_QB_QT; Hue,0.4916484355926513,7.567844050327576,2.4780240058898926,2.969672441482544,True
MCQA_0116_5,MCQA,PNT3,replace,5,nước,nác,1,1,False,none,Orthographic variant,,,0.4916484355926513,7.567844050327576,2.4780240058898926,2.969672441482544,False
MCQA_0116_5,MCQA,PNT4,replace,0,như thế nào,răng,3,1,False,none,Interrogatives,,,0.2188122272491455,2.9150382660247676,2.4780240058898926,2.696836233139038,True
MCQA_0116_6,MCQA,PNN,replace,0,chúng ta,tụi mình,2,2,False,none,Pronouns,,,0.2377882003784179,3.114157520701525,2.451084613800049,2.688872814178467,True
MCQA_0116_6,MCQA,PNN,replace,1,như thế nào,sao,3,1,True,dialect_phrase,Interrogatives,sao / thế nào,NamBo,0.2377882003784179,3.114157520701525,2.451084613800049,2.688872814178467,True
MCQA_0116_6,MCQA,PNN,replace,2,các,mấy,1,1,False,none,Negation/Function words,,,0.2377882003784179,3.114157520701525,2.451084613800049,2.688872814178467,True
MCQA_0116_6,MCQA,PNT1,replace,0,này,ni,1,1,True,dialect_phrase,Demonstratives/Deixis,này,ThanhHoa,0.1347291469573974,1.673164208203616,2.451084613800049,2.5858137607574463,True
MCQA_0116_6,MCQA,PNT2,replace,0,này chúng,ni,2,1,True,dialect_phrase,Demonstratives/Deixis,này,HaTinh_QB_QT; NgheAn,0.4288423061370849,6.212048940326907,2.451084613800049,2.879926919937134,True
MCQA_0116_6,MCQA,PNT2,replace,1,như thế nào,a răng,3,2,False,none,Interrogatives,,,0.4288423061370849,6.212048940326907,2.451084613800049,2.879926919937134,True
MCQA_0116_6,MCQA,PNT3,replace,0,này,ni,1,1,True,dialect_phrase,Demonstratives/Deixis,này,HaTinh_QB_QT; Hue,0.4456956386566162,6.514800893495439,2.451084613800049,2.896780252456665,True
MCQA_0116_6,MCQA,PNT3,replace,1,thế nào,răng,2,1,True,dialect_phrase,Interrogatives,sao / thế nào,HaTinh_QB_QT; Hue,0.4456956386566162,6.514800893495439,2.451084613800049,2.896780252456665,True
MCQA_0116_6,MCQA,PNT3,replace,2,các,mấy,1,1,False,none,Negation/Function words,,,0.4456956386566162,6.514800893495439,2.451084613800049,2.896780252456665,True
MCQA_0116_6,MCQA,PNT4,replace,0,này,ni,1,1,True,dialect_phrase,Demonstratives/Deixis,này,QuangNam,0.3845424652099609,5.440160637421942,2.451084613800049,2.8356270790100098,True
MCQA_0116_6,MCQA,PNT4,replace,1,thế nào,răng,2,1,True,standard_word,Interrogatives,ren; sao; sô,PhuYen; QuangNam; QuangNgai,0.3845424652099609,5.440160637421942,2.451084613800049,2.8356270790100098,True
MCQA_0120_3,MCQA,PNB,replace,0,để,được,1,1,False,none,Negation/Function words,,,-0.071845531463623,-1.517658086753617,3.0861129760742188,3.0142674446105957,True
MCQA_0120_3,MCQA,PNN,replace,0,cậu trèo,nó leo,2,2,False,none,Pronouns,,,0.6134321689605713,18.53709252806041,3.0861129760742188,3.69954514503479,True
MCQA_0120_3,MCQA,PNN,replace,1,cậu,nó,1,1,True,dialect_phrase,Pronouns,nó,NamBo,0.6134321689605713,18.53709252806041,3.0861129760742188,3.69954514503479,True
MCQA_0120_3,MCQA,PNN,replace,2,cậu,nó,1,1,True,dialect_phrase,Pronouns,nó,NamBo,0.6134321689605713,18.53709252806041,3.0861129760742188,3.69954514503479,True
MCQA_0120_3,MCQA,PNN,replace,3,trèo,leo,1,1,False,none,Predicate vocabulary,,,0.6134321689605713,18.53709252806041,3.0861129760742188,3.69954514503479,True
MCQA_0120_3,MCQA,PNN,replace,4,cậu cởi,nó lột,2,2,False,none,Pronouns,,,0.6134321689605713,18.53709252806041,3.0861129760742188,3.69954514503479,True
MCQA_0120_3,MCQA,PNN,replace,5,quần áo,đồ,2,1,False,none,Predicate vocabulary,,,0.6134321689605713,18.53709252806041,3.0861129760742188,3.69954514503479,True
MCQA_0120_3,MCQA,PNT1,replace,0,gì,cấy chi,1,2,False,none,Interrogatives,,,0.2818307876586914,7.1269778090366245,3.0861129760742188,3.36794376373291,True
MCQA_0120_3,MCQA,PNT2,replace,0,đã làm gì,đạ mần chi,3,3,False,none,Interrogatives,,,0.3698060512542724,9.79557853002878,3.0861129760742188,3.455919027328491,True
MCQA_0120_3,MCQA,PNT3,replace,0,cậu,thằng,1,1,False,none,Pronouns,,,0.2565131187438965,6.401511839592377,3.0861129760742188,3.3426260948181152,True
MCQA_0120_3,MCQA,PNT3,replace,1,làm gì,mần chi,2,2,True,dialect_phrase,Interrogatives,làm gì,HaTinh_QB_QT; Hue,0.2565131187438965,6.401511839592377,3.0861129760742188,3.3426260948181152,True
MCQA_0120_3,MCQA,PNT3,replace,2,cậu,hắn,1,1,True,dialect_phrase,Pronouns,nó,HaTinh_QB_QT; Hue,0.2565131187438965,6.401511839592377,3.0861129760742188,3.3426260948181152,True
MCQA_0120_3,MCQA,PNT3,replace,3,cậu,hắn,1,1,True,dialect_phrase,Pronouns,nó,HaTinh_QB_QT; Hue,0.2565131187438965,6.401511839592377,3.0861129760742188,3.3426260948181152,True
MCQA_0120_3,MCQA,PNT3,replace,4,cậu,hắn,1,1,True,dialect_phrase,Pronouns,nó,HaTinh_QB_QT; Hue,0.2565131187438965,6.401511839592377,3.0861129760742188,3.3426260948181152,True
MCQA_0120_3,MCQA,PNT3,replace,5,cậu,hắn,1,1,True,dialect_phrase,Pronouns,nó,HaTinh_QB_QT; Hue,0.2565131187438965,6.401511839592377,3.0861129760742188,3.3426260948181152,True
MCQA_0120_3,MCQA,PNT4,replace,0,cậu,thằng,1,1,False,none,Pronouns,,,0.1750450134277343,4.187901346944749,3.0861129760742188,3.261157989501953,True
MCQA_0120_3,MCQA,PNT4,replace,1,gì,chi,1,1,True,dialect_phrase,Interrogatives,gì,QuangNam,0.1750450134277343,4.187901346944749,3.0861129760742188,3.261157989501953,True
MCQA_0120_3,MCQA,PNT4,replace,2,cậu,hắn,1,1,False,none,Pronouns,,,0.1750450134277343,4.187901346944749,3.0861129760742188,3.261157989501953,True
MCQA_0120_3,MCQA,PNT4,replace,3,cậu,hắn,1,1,False,none,Pronouns,,,0.1750450134277343,4.187901346944749,3.0861129760742188,3.261157989501953,True
MCQA_0120_3,MCQA,PNT4,replace,4,cậu,hắn,1,1,False,none,Pronouns,,,0.1750450134277343,4.187901346944749,3.0861129760742188,3.261157989501953,True
MCQA_0120_3,MCQA,PNT4,replace,5,cậu,hắn,1,1,False,none,Pronouns,,,0.1750450134277343,4.187901346944749,3.0861129760742188,3.261157989501953,True
MCQA_0120_7,MCQA,PNT1,replace,0,cho,chua,1,1,False,none,Predicate vocabulary,,,0.5217957496643066,11.942210990585284,2.8583414554595947,3.380137205123902,True
MCQA_0120_7,MCQA,PNT1,replace,1,bé,bíe,1,1,False,none,Orthographic variant,,,0.5217957496643066,11.942210990585284,2.8583414554595947,3.380137205123902,False
MCQA_0120_7,MCQA,PNT2,replace,0,thế nào,răng,2,1,True,dialect_phrase,Interrogatives,sao / thế nào,HaTinh_QB_QT; NgheAn,0.3410184383392334,7.084241577794838,2.8583414554595947,3.199359893798828,True
MCQA_0120_7,MCQA,PNT3,replace,0,cậu,thằng,1,1,False,none,Pronouns,,,0.3504185676574707,7.31578955260651,2.8583414554595947,3.2087600231170654,True
MCQA_0120_7,MCQA,PNT3,replace,1,thế nào,răng,2,1,True,dialect_phrase,Interrogatives,sao / thế nào,HaTinh_QB_QT; Hue,0.3504185676574707,7.31578955260651,2.8583414554595947,3.2087600231170654,True
MCQA_0120_7,MCQA,PNT4,replace,0,thế nào,răn,2,1,True,standard_word,Interrogatives,ren; sao; sô,PhuYen; QuangNam; QuangNgai,0.5463762283325195,12.67320495066189,2.8583414554595947,3.4047176837921143,True
MCQA_0120_7,MCQA,PNT4,delete,1,nhút,,1,0,False,none,Unknown,,,0.5463762283325195,12.67320495066189,2.8583414554595947,3.4047176837921143,False
MCQA_0120_7,MCQA,PNT4,insert,2,,gan,0,1,False,none,Unknown,,,0.5463762283325195,12.67320495066189,2.8583414554595947,3.4047176837921143,False
MCQA_0123_0,MCQA,PNB,replace,0,như thế nào,gì,3,1,True,dialect_phrase,Interrogatives,gì,BacBo,0.0457954406738281,1.433829447573551,3.4209344387054443,3.4667298793792725,True
MCQA_0123_0,MCQA,PNN,replace,0,và,với,1,1,False,none,Connectives/Aspect markers,,,0.4787144660949707,18.787113571269938,3.4209344387054443,3.899648904800415,True
MCQA_0123_0,MCQA,PNN,replace,1,như thế nào,sao,3,1,True,dialect_phrase,Interrogatives,sao / thế nào,NamBo,0.4787144660949707,18.787113571269938,3.4209344387054443,3.899648904800415,True
MCQA_0123_0,MCQA,PNN,insert,2,,tại,0,1,False,none,Unknown,,,0.4787144660949707,18.787113571269938,3.4209344387054443,3.899648904800415,False
MCQA_0123_0,MCQA,PNN,replace,3,đã không,hông,2,1,True,dialect_phrase,Negation/Function words,không,NamBo,0.4787144660949707,18.787113571269938,3.4209344387054443,3.899648904800415,True
MCQA_0123_0,MCQA,PNN,replace,4,vào,vô,1,1,False,none,Connectives/Aspect markers,,,0.4787144660949707,18.787113571269938,3.4209344387054443,3.899648904800415,True
MCQA_0123_0,MCQA,PNN,replace,5,và,với,1,1,False,none,Connectives/Aspect markers,,,0.4787144660949707,18.787113571269938,3.4209344387054443,3.899648904800415,True
MCQA_0123_0,MCQA,PNT1,replace,0,làm,mần,1,1,True,dialect_phrase,Predicate vocabulary,làm,ThanhHoa,0.1467049121856689,4.834856204811615,3.4209344387054443,3.5676393508911133,True
MCQA_0123_0,MCQA,PNT2,replace,0,nhau,chắc,1,1,False,none,Noise/Non-linguistic,,,1.1049611568450928,61.78062905905721,3.4209344387054443,4.525895595550537,False
MCQA_0123_0,MCQA,PNT2,replace,1,đã làm như thế nào,đạ mần a răng,5,4,False,none,Interrogatives,,,1.1049611568450928,61.78062905905721,3.4209344387054443,4.525895595550537,True
MCQA_0123_0,MCQA,PNT2,replace,2,nhau,chắc,1,1,False,none,Noise/Non-linguistic,,,1.1049611568450928,61.78062905905721,3.4209344387054443,4.525895595550537,False
MCQA_0123_0,MCQA,PNT2,replace,3,đã không,đạ nỏ,2,2,False,none,Negation/Function words,,,1.1049611568450928,61.78062905905721,3.4209344387054443,4.525895595550537,True
MCQA_0123_0,MCQA,PNT2,replace,4,vào,vô,1,1,False,none,Connectives/Aspect markers,,,1.1049611568450928,61.78062905905721,3.4209344387054443,4.525895595550537,True
MCQA_0123_0,MCQA,PNT2,replace,5,giữa,trửa,1,1,False,none,Orthographic variant,,,1.1049611568450928,61.78062905905721,3.4209344387054443,4.525895595550537,False
MCQA_0123_0,MCQA,PNT3,replace,0,thế nào,răng,2,1,True,dialect_phrase,Interrogatives,sao / thế nào,HaTinh_QB_QT; Hue,0.4670307636260986,18.213470336541512,3.4209344387054443,3.887965202331543,True
MCQA_0123_0,MCQA,PNT3,replace,1,vào,vô,1,1,False,none,Connectives/Aspect markers,,,0.4670307636260986,18.213470336541512,3.4209344387054443,3.887965202331543,True
MCQA_0123_0,MCQA,PNT3,replace,2,giữa,trữa,1,1,False,none,Orthographic variant,,,0.4670307636260986,18.213470336541512,3.4209344387054443,3.887965202331543,False
MCQA_0123_0,MCQA,PNT4,replace,0,như thế nào,ren,3,1,True,dialect_phrase,Interrogatives,sao / thế nào,QuangNam,0.4350118637084961,16.675337032459332,3.4209344387054443,3.855946302413941,True
MCQA_0123_0,MCQA,PNT4,replace,1,vào,vô,1,1,False,none,Connectives/Aspect markers,,,0.4350118637084961,16.675337032459332,3.4209344387054443,3.855946302413941,True
MCQA_0123_0,MCQA,PNT4,replace,2,nhìn,ngó,1,1,False,none,Predicate vocabulary,,,0.4350118637084961,16.675337032459332,3.4209344387054443,3.855946302413941,True
MCQA_0123_6,MCQA,PNN,replace,0,không,hông,1,1,True,dialect_phrase,Negation/Function words,không,NamBo,0.2563798427581787,8.497772037689725,3.369971990585327,3.626351833343506,True
MCQA_0123_6,MCQA,PNN,replace,1,các,mấy,1,1,False,none,Negation/Function words,,,0.2563798427581787,8.497772037689725,3.369971990585327,3.626351833343506,True
MCQA_0123_6,MCQA,PNN,replace,2,đến,tới,1,1,False,none,Predicate vocabulary,,,0.2563798427581787,8.497772037689725,3.369971990585327,3.626351833343506,True
MCQA_0123_6,MCQA,PNN,replace,3,không về,hông dìa,2,2,False,none,Negation/Function words,,,0.2563798427581787,8.497772037689725,3.369971990585327,3.626351833343506,True
MCQA_0123_6,MCQA,PNT1,replace,0,không,nỏ,1,1,False,none,Negation/Function words,,,0.2408838272094726,7.919989965220584,3.369971990585327,3.6108558177948,True
MCQA_0123_6,MCQA,PNT1,replace,1,và,ví,1,1,False,none,Connectives/Aspect markers,,,0.2408838272094726,7.919989965220584,3.369971990585327,3.6108558177948,True
MCQA_0123_6,MCQA,PNT2,replace,0,nào không,mô nỏ,2,2,False,none,Interrogatives,,,0.3147852420806885,10.757737933091615,3.369971990585327,3.684757232666016,True
MCQA_0123_6,MCQA,PNT2,replace,1,không,nỏ,1,1,True,dialect_phrase,Negation/Function words,không,HaTinh_QB_QT; NgheAn,0.3147852420806885,10.757737933091615,3.369971990585327,3.684757232666016,True
MCQA_0123_6,MCQA,PNT3,replace,0,các,mấy,1,1,False,none,Negation/Function words,,,0.0630562305450439,1.8925731693261127,3.369971990585327,3.433028221130371,True
MCQA_0123_6,MCQA,PNT4,replace,0,nào,mô,1,1,True,dialect_phrase,Interrogatives,đâu / nào,QuangNam,0.2343764305114746,7.680012897567284,3.369971990585327,3.6043484210968018,True
MCQA_0123_6,MCQA,PNT4,replace,1,đến,tới,1,1,False,none,Predicate vocabulary,,,0.2343764305114746,7.680012897567284,3.369971990585327,3.6043484210968018,True
MCQA_0123_6,MCQA,PNT4,replace,2,rời,bỏ,1,1,False,none,Predicate vocabulary,,,0.2343764305114746,7.680012897567284,3.369971990585327,3.6043484210968018,True
MCQA_0123_6,MCQA,PNT4,replace,3,rớm,chớm,1,1,False,none,Predicate vocabulary,,,0.2343764305114746,7.680012897567284,3.369971990585327,3.6043484210968018,True
MCQA_0126_2,MCQA,PNN,replace,0,hạt,hột,1,1,False,none,Orthographic variant,,,0.1304531097412109,2.5647827607559,2.912679672241211,3.043132781982422,False
MCQA_0126_2,MCQA,PNN,replace,1,như thế nào,ra sao,3,2,False,none,Interrogatives,,,0.1304531097412109,2.5647827607559,2.912679672241211,3.043132781982422,True
MCQA_0126_2,MCQA,PNN,replace,2,hạt,hột,1,1,False,none,Orthographic variant,,,0.1304531097412109,2.5647827607559,2.912679672241211,3.043132781982422,False
MCQA_0126_2,MCQA,PNN,replace,3,nảy,mọc,1,1,False,none,Predicate vocabulary,,,0.1304531097412109,2.5647827607559,2.912679672241211,3.043132781982422,True
MCQA_0126_2,MCQA,PNN,replace,4,những,mấy,1,1,False,none,Negation/Function words,,,0.1304531097412109,2.5647827607559,2.912679672241211,3.043132781982422,True
MCQA_0126_2,MCQA,PNN,replace,5,hạt,hột,1,1,False,none,Orthographic variant,,,0.1304531097412109,2.5647827607559,2.912679672241211,3.043132781982422,False
MCQA_0126_2,MCQA,PNN,replace,6,những chiếc,mấy cái,2,2,False,none,Negation/Function words,,,0.1304531097412109,2.5647827607559,2.912679672241211,3.043132781982422,True
MCQA_0126_2,MCQA,PNN,replace,7,hạt,hột,1,1,False,none,Orthographic variant,,,0.1304531097412109,2.5647827607559,2.912679672241211,3.043132781982422,False
MCQA_0126_2,MCQA,PNN,replace,8,hạt,hột,1,1,False,none,Orthographic variant,,,0.1304531097412109,2.5647827607559,2.912679672241211,3.043132781982422,False
MCQA_0126_2,MCQA,PNN,replace,9,đến thối,tới thúi,2,2,False,none,Predicate vocabulary,,,0.1304531097412109,2.5647827607559,2.912679672241211,3.043132781982422,True
MCQA_0126_2,MCQA,PNT1,replace,0,với,ví,1,1,False,none,Orthographic variant,,,0.1720044612884521,3.454505996974188,2.912679672241211,3.084684133529663,False
MCQA_0126_2,MCQA,PNT2,replace,0,như thế nào,a răng,3,2,False,none,Interrogatives,,,0.295832872390747,6.336201102040324,2.912679672241211,3.208512544631958,True
MCQA_0126_2,MCQA,PNT3,replace,0,thế nào,răng,2,1,True,dialect_phrase,Interrogatives,sao / thế nào,HaTinh_QB_QT; Hue,0.3469412326812744,7.633609026513167,2.912679672241211,3.259620904922486,True
MCQA_0126_2,MCQA,PNT3,replace,1,những,mấy,1,1,False,none,Negation/Function words,,,0.3469412326812744,7.633609026513167,2.912679672241211,3.259620904922486,True
MCQA_0126_2,MCQA,PNT3,replace,2,những,mấy,1,1,False,none,Negation/Function words,,,0.3469412326812744,7.633609026513167,2.912679672241211,3.259620904922486,True
MCQA_0126_2,MCQA,PNT3,replace,3,đến,tới,1,1,False,none,Predicate vocabulary,,,0.3469412326812744,7.633609026513167,2.912679672241211,3.259620904922486,True
MCQA_0127_0,MCQA,PNN,replace,0,hoa quả,trái cây,2,2,False,none,Predicate vocabulary,,,0.0033116340637207,0.0363467309991314,2.3940062522888184,2.397317886352539,True
MCQA_0127_0,MCQA,PNT2,replace,0,gì,chi,1,1,True,dialect_phrase,Interrogatives,gì,HaTinh_QB_QT; NgheAn,0.1864426136016845,2.2457593832060265,2.3940062522888184,2.580448865890503,True
MCQA_0127_0,MCQA,PNT3,replace,0,làm gì,mần chi,2,2,True,dialect_phrase,Interrogatives,làm gì,HaTinh_QB_QT; Hue,0.5215377807617188,7.501548045790955,2.3940062522888184,2.915544033050537,True
MCQA_0127_0,MCQA,PNT3,replace,1,và,với,1,1,False,none,Connectives/Aspect markers,,,0.5215377807617188,7.501548045790955,2.3940062522888184,2.915544033050537,True
MCQA_0127_0,MCQA,PNT3,replace,2,và,với,1,1,False,none,Connectives/Aspect markers,,,0.5215377807617188,7.501548045790955,2.3940062522888184,2.915544033050537,True
MCQA_0127_0,MCQA,PNT4,replace,0,gì,chi,1,1,True,dialect_phrase,Interrogatives,gì,QuangNam,0.1864426136016845,2.2457593832060265,2.3940062522888184,2.580448865890503,True
MCQA_0127_3,MCQA,PNN,replace,0,không,hông,1,1,True,dialect_phrase,Negation/Function words,không,NamBo,0.1218652725219726,4.484636758082097,3.5439453125,3.6658105850219727,True
MCQA_0127_3,MCQA,PNN,replace,1,điều may mắn,chuyện hên,3,2,False,none,Predicate vocabulary,,,0.1218652725219726,4.484636758082097,3.5439453125,3.6658105850219727,True
MCQA_0127_3,MCQA,PNN,replace,2,điều khiển,lái,2,1,False,none,Predicate vocabulary,,,0.1218652725219726,4.484636758082097,3.5439453125,3.6658105850219727,True
MCQA_0127_3,MCQA,PNN,replace,3,tìm,kiếm,1,1,False,none,Predicate vocabulary,,,0.1218652725219726,4.484636758082097,3.5439453125,3.6658105850219727,True
MCQA_0127_3,MCQA,PNN,replace,4,gọi thật,kêu thiệt,2,2,False,none,Predicate vocabulary,,,0.1218652725219726,4.484636758082097,3.5439453125,3.6658105850219727,True
MCQA_0127_3,MCQA,PNN,replace,5,đến,tới,1,1,False,none,Predicate vocabulary,,,0.1218652725219726,4.484636758082097,3.5439453125,3.6658105850219727,True
MCQA_0127_3,MCQA,PNT1,replace,0,sự,lúc,1,1,False,none,Predicate vocabulary,,,0.2401645183563232,9.393318247024304,3.5439453125,3.7841098308563232,True
MCQA_0127_3,MCQA,PNT1,replace,1,làm gì,mần chi,2,2,True,dialect_phrase,Interrogatives,làm gì,ThanhHoa,0.2401645183563232,9.393318247024304,3.5439453125,3.7841098308563232,True
MCQA_0127_3,MCQA,PNT1,replace,2,lao,phóng,1,1,False,none,Predicate vocabulary,,,0.2401645183563232,9.393318247024304,3.5439453125,3.7841098308563232,True
MCQA_0127_3,MCQA,PNT1,replace,3,ghi đông,tay xe,2,2,False,none,Predicate vocabulary,,,0.2401645183563232,9.393318247024304,3.5439453125,3.7841098308563232,True
MCQA_0127_3,MCQA,PNT1,replace,4,gọi,hú,1,1,False,none,Predicate vocabulary,,,0.2401645183563232,9.393318247024304,3.5439453125,3.7841098308563232,True
MCQA_0127_3,MCQA,PNT2,replace,0,đã làm gì,đạ mần chi,3,3,False,none,Interrogatives,,,0.4559741020202636,19.990579833952737,3.5439453125,3.999919414520264,True
MCQA_0127_3,MCQA,PNT2,replace,1,không,nỏ,1,1,True,dialect_phrase,Negation/Function words,không,HaTinh_QB_QT; NgheAn,0.4559741020202636,19.990579833952737,3.5439453125,3.999919414520264,True
MCQA_0127_3,MCQA,PNT2,delete,2,tới,,1,0,False,none,Unknown,,,0.4559741020202636,19.990579833952737,3.5439453125,3.999919414520264,False
MCQA_0127_3,MCQA,PNT2,replace,3,gọi thật,hú thiệt,2,2,False,none,Predicate vocabulary,,,0.4559741020202636,19.990579833952737,3.5439453125,3.999919414520264,True
MCQA_0127_3,MCQA,PNT3,replace,0,gì,chi,1,1,True,dialect_phrase,Interrogatives,gì; sao / thế nào,HaTinh_QB_QT; Hue,0.54962158203125,25.35018751850359,3.5439453125,4.09356689453125,True
MCQA_0127_3,MCQA,PNT3,replace,1,nghĩ tới,nhờ tời,2,2,False,none,Predicate vocabulary,,,0.54962158203125,25.35018751850359,3.5439453125,4.09356689453125,True
MCQA_0127_3,MCQA,PNT3,replace,2,gọi thật,hú đại,2,2,False,none,Predicate vocabulary,,,0.54962158203125,25.35018751850359,3.5439453125,4.09356689453125,True
MCQA_0127_3,MCQA,PNT3,replace,3,đường đến,đàng tới,2,2,False,none,Predicate vocabulary,,,0.54962158203125,25.35018751850359,3.5439453125,4.09356689453125,True
MCQA_0127_3,MCQA,PNT4,replace,0,gì,chi,1,1,True,dialect_phrase,Interrogatives,gì,QuangNam,-0.1047809123992919,-3.4422613243903974,3.5439453125,3.439164400100708,True
MCQA_0127_3,MCQA,PNT4,replace,1,ghi đông,tay lái,2,2,False,none,Predicate vocabulary,,,-0.1047809123992919,-3.4422613243903974,3.5439453125,3.439164400100708,True
MCQA_0127_3,MCQA,PNT4,replace,2,gọi,kêu,1,1,True,dialect_phrase,Predicate vocabulary,gọi,PhuYen; QuangNgai,-0.1047809123992919,-3.4422613243903974,3.5439453125,3.439164400100708,True
MCQA_0128_1,MCQA,PNN,replace,0,những,các,1,1,False,none,Negation/Function words,,,0.1831276416778564,2.80017512079141,2.6342930793762207,2.817420721054077,True
MCQA_0128_1,MCQA,PNN,replace,1,bố mẹ,ba má,2,2,False,none,Kinship/Honorific terms,,,0.1831276416778564,2.80017512079141,2.6342930793762207,2.817420721054077,True
MCQA_0128_1,MCQA,PNN,replace,2,không,hông,1,1,True,dialect_phrase,Negation/Function words,không,NamBo,0.1831276416778564,2.80017512079141,2.6342930793762207,2.817420721054077,True
MCQA_0128_1,MCQA,PNN,replace,3,rơi,rớt,1,1,False,none,Predicate vocabulary,,,0.1831276416778564,2.80017512079141,2.6342930793762207,2.817420721054077,True
MCQA_0128_1,MCQA,PNN,replace,4,không,hông,1,1,True,dialect_phrase,Negation/Function words,không,NamBo,0.1831276416778564,2.80017512079141,2.6342930793762207,2.817420721054077,True
MCQA_0128_1,MCQA,PNN,replace,5,rơi,rớt,1,1,False,none,Predicate vocabulary,,,0.1831276416778564,2.80017512079141,2.6342930793762207,2.817420721054077,True
MCQA_0128_1,MCQA,PNT1,replace,0,nào,mô,1,1,True,dialect_phrase,Negation/Function words,đâu (phủ định),ThanhHoa,0.4655945301055908,8.261997451196292,2.6342930793762207,3.0998876094818115,True
MCQA_0128_1,MCQA,PNT1,replace,1,không,nỏ,1,1,False,none,Negation/Function words,,,0.4655945301055908,8.261997451196292,2.6342930793762207,3.0998876094818115,True
MCQA_0128_1,MCQA,PNT1,replace,2,và,ví,1,1,False,none,Connectives/Aspect markers,,,0.4655945301055908,8.261997451196292,2.6342930793762207,3.0998876094818115,True
MCQA_0128_1,MCQA,PNT1,replace,3,không,nỏ,1,1,False,none,Negation/Function words,,,0.4655945301055908,8.261997451196292,2.6342930793762207,3.0998876094818115,True
MCQA_0128_1,MCQA,PNT1,replace,4,và,ví,1,1,False,none,Connectives/Aspect markers,,,0.4655945301055908,8.261997451196292,2.6342930793762207,3.0998876094818115,True
MCQA_0128_1,MCQA,PNT2,replace,0,nào,mô,1,1,True,dialect_phrase,Interrogatives; Negation/Function words,đâu (phủ định); đâu / nào,HaTinh_QB_QT; NgheAn,0.1117401123046875,1.6472443409830235,2.6342930793762207,2.746033191680908,False
MCQA_0128_1,MCQA,PNT3,replace,0,nào,mô,1,1,True,dialect_phrase,Interrogatives; Negation/Function words,đâu (phủ định); đâu / nào,HaTinh_QB_QT; Hue,0.221992015838623,3.463320235407428,2.6342930793762207,2.856285095214844,False
MCQA_0128_1,MCQA,PNT3,replace,1,nhìn,nhòm,1,1,True,dialect_phrase,Predicate vocabulary,nhìn,HaTinh_QB_QT,0.221992015838623,3.463320235407428,2.6342930793762207,2.856285095214844,True
MCQA_0128_1,MCQA,PNT3,replace,2,bố,cha,1,1,True,standard_word,Kinship/Honorific terms,bọ; ôn,HaTinh_QB_QT; Hue,0.221992015838623,3.463320235407428,2.6342930793762207,2.856285095214844,True
MCQA_0128_1,MCQA,PNT4,replace,0,nào,mô,1,1,True,dialect_phrase,Interrogatives,đâu / nào,QuangNam,0.1469955444335937,2.2063465600023715,2.6342930793762207,2.7812886238098145,True
MCQA_0128_1,MCQA,PNT4,replace,1,bố,ba,1,1,True,dialect_phrase,Kinship/Honorific terms,bố,QuangNam; QuangNgai,0.1469955444335937,2.2063465600023715,2.6342930793762207,2.7812886238098145,True
MCQA_0128_2,MCQA,PNB,delete,0,bố,,1,0,True,standard_word,Kinship/Honorific terms,bố,BacBo,0.0373828411102294,1.0494297576714118,3.3160407543182373,3.353423595428467,False
MCQA_0128_2,MCQA,PNB,replace,1,rất,thật,1,1,True,standard_word,Predicate vocabulary,rất,BacBo,0.0373828411102294,1.0494297576714118,3.3160407543182373,3.353423595428467,True
MCQA_0128_2,MCQA,PNN,replace,0,bố,ba,1,1,False,none,Kinship/Honorific terms,,,0.3690645694732666,12.29826636440341,3.3160407543182373,3.685105323791504,True
MCQA_0128_2,MCQA,PNN,replace,1,và bảo,rồi kêu,2,2,False,none,Connectives/Aspect markers,,,0.3690645694732666,12.29826636440341,3.3160407543182373,3.685105323791504,True
MCQA_0128_2,MCQA,PNN,replace,2,ngừa,hờ,1,1,False,none,Predicate vocabulary,,,0.3690645694732666,12.29826636440341,3.3160407543182373,3.685105323791504,True
MCQA_0128_2,MCQA,PNN,delete,3,rất,,1,0,True,standard_word,Predicate vocabulary,dữ,NamBo,0.3690645694732666,12.29826636440341,3.3160407543182373,3.685105323791504,False
MCQA_0128_2,MCQA,PNN,insert,4,,lắm,0,1,False,none,Unknown,,,0.3690645694732666,12.29826636440341,3.3160407543182373,3.685105323791504,False
MCQA_0128_2,MCQA,PNT1,replace,0,gì,cấy chi,1,2,False,none,Interrogatives,,,0.2760031223297119,8.757156696562546,3.3160407543182373,3.592043876647949,True
MCQA_0128_2,MCQA,PNT2,replace,0,làm gì,mần chi,2,2,True,dialect_phrase,Interrogatives,làm gì,HaTinh_QB_QT; NgheAn,0.3206562995910644,10.415176048336278,3.3160407543182373,3.6366970539093018,True
MCQA_0128_2,MCQA,PNT3,replace,0,làm gì,mần chi,2,2,True,dialect_phrase,Interrogatives,làm gì,HaTinh_QB_QT; Hue,0.3334157466888428,10.902707842452138,3.3160407543182373,3.64945650100708,True
MCQA_0128_2,MCQA,PNT3,replace,1,bảo,nói,1,1,False,none,Predicate vocabulary,,,0.3334157466888428,10.902707842452138,3.3160407543182373,3.64945650100708,True
MCQA_0128_2,MCQA,PNT4,replace,0,gì,chi,1,1,True,dialect_phrase,Interrogatives,gì,QuangNam,0.1928844451904297,5.861283936192855,3.3160407543182373,3.508925199508667,True
MCQA_0128_2,MCQA,PNT4,replace,1,bảo,kêu,1,1,True,dialect_phrase,Predicate vocabulary,gọi,PhuYen; QuangNgai,0.1928844451904297,5.861283936192855,3.3160407543182373,3.508925199508667,True
MCQA_0137_1,MCQA,PNN,replace,0,bố,ba,1,1,False,none,Kinship/Honorific terms,,,0.0535430908203125,1.1523512847585735,3.042181968688965,3.0957250595092773,True
MCQA_0137_1,MCQA,PNN,replace,1,nẻo,con,1,1,False,none,Predicate vocabulary,,,0.0535430908203125,1.1523512847585735,3.042181968688965,3.0957250595092773,True
MCQA_0137_1,MCQA,PNN,replace,2,trẻ em,con nít,2,2,False,none,Predicate vocabulary,,,0.0535430908203125,1.1523512847585735,3.042181968688965,3.0957250595092773,True
MCQA_0137_1,MCQA,PNT1,replace,0,điểm,đỉm,1,1,False,none,Orthographic variant,,,0.697242021560669,21.122840672357,3.042181968688965,3.739423990249634,False
MCQA_0137_1,MCQA,PNT1,insert,1,,cuôn,0,1,False,none,Unknown,,,0.697242021560669,21.122840672357,3.042181968688965,3.739423990249634,False
MCQA_0137_1,MCQA,PNT1,replace,2,dưới,dứi,1,1,False,none,Orthographic variant,,,0.697242021560669,21.122840672357,3.042181968688965,3.739423990249634,False
MCQA_0137_1,MCQA,PNT1,replace,3,gì,chi,1,1,False,none,Interrogatives,,,0.697242021560669,21.122840672357,3.042181968688965,3.739423990249634,True
MCQA_0137_1,MCQA,PNT1,replace,4,khó,khúa,1,1,False,none,Orthographic variant,,,0.697242021560669,21.122840672357,3.042181968688965,3.739423990249634,False
MCQA_0137_1,MCQA,PNT1,replace,5,có,cúa,1,1,False,none,Orthographic variant,,,0.697242021560669,21.122840672357,3.042181968688965,3.739423990249634,False
MCQA_0137_1,MCQA,PNT1,replace,6,con,cuôn,1,1,False,none,Orthographic variant,,,0.697242021560669,21.122840672357,3.042181968688965,3.739423990249634,False
MCQA_0137_1,MCQA,PNT2,replace,0,gì,chi,1,1,True,dialect_phrase,Interrogatives,gì,HaTinh_QB_QT; NgheAn,0.1138570308685302,2.5265098277074003,3.042181968688965,3.156038999557495,True
MCQA_0137_1,MCQA,PNT3,replace,0,các nẻo đường,mấy lộ,3,2,False,none,Predicate vocabulary,,,0.3485643863677978,8.737194246282485,3.042181968688965,3.3907463550567627,True
MCQA_0137_1,MCQA,PNT3,replace,1,các,mấy,1,1,False,none,Negation/Function words,,,0.3485643863677978,8.737194246282485,3.042181968688965,3.3907463550567627,True
MCQA_0137_1,MCQA,PNT3,replace,2,những,mấy,1,1,False,none,Negation/Function words,,,0.3485643863677978,8.737194246282485,3.042181968688965,3.3907463550567627,True
MCQA_0137_1,MCQA,PNT3,replace,3,các,mấy,1,1,False,none,Negation/Function words,,,0.3485643863677978,8.737194246282485,3.042181968688965,3.3907463550567627,True
MCQA_0137_1,MCQA,PNT3,replace,4,gì,chi,1,1,True,dialect_phrase,Interrogatives,gì; sao / thế nào,HaTinh_QB_QT; Hue,0.3485643863677978,8.737194246282485,3.042181968688965,3.3907463550567627,True
MCQA_0137_1,MCQA,PNT3,replace,5,chỗ,lộ,1,1,False,none,Predicate vocabulary,,,0.3485643863677978,8.737194246282485,3.042181968688965,3.3907463550567627,True
MCQA_0137_1,MCQA,PNT3,replace,6,để,mà,1,1,False,none,Connectives/Aspect markers,,,0.3485643863677978,8.737194246282485,3.042181968688965,3.3907463550567627,True
MCQA_0137_1,MCQA,PNT4,replace,0,bố,ba,1,1,True,dialect_phrase,Kinship/Honorific terms,bố,QuangNam; QuangNgai,0.3534293174743652,8.88197670935816,3.042181968688965,3.39561128616333,True
MCQA_0137_1,MCQA,PNT4,replace,1,rất nhiều,quá trời,2,2,False,none,Idiomatic expressions,,,0.3534293174743652,8.88197670935816,3.042181968688965,3.39561128616333,True
MCQA_0137_1,MCQA,PNT4,replace,2,các,mấy,1,1,False,none,Negation/Function words,,,0.3534293174743652,8.88197670935816,3.042181968688965,3.39561128616333,True
MCQA_0137_1,MCQA,PNT4,replace,3,các,mấy,1,1,False,none,Negation/Function words,,,0.3534293174743652,8.88197670935816,3.042181968688965,3.39561128616333,True
MCQA_0137_1,MCQA,PNT4,replace,4,những,mấy,1,1,False,none,Negation/Function words,,,0.3534293174743652,8.88197670935816,3.042181968688965,3.39561128616333,True
MCQA_0137_1,MCQA,PNT4,replace,5,đến,tới,1,1,False,none,Predicate vocabulary,,,0.3534293174743652,8.88197670935816,3.042181968688965,3.39561128616333,True
MCQA_0137_1,MCQA,PNT4,replace,6,nhằm,để,1,1,False,none,Connectives/Aspect markers,,,0.3534293174743652,8.88197670935816,3.042181968688965,3.39561128616333,True
MCQA_0137_1,MCQA,PNT4,replace,7,gì,chi,1,1,True,dialect_phrase,Interrogatives,gì,QuangNam,0.3534293174743652,8.88197670935816,3.042181968688965,3.39561128616333,True
MCQA_0137_3,MCQA,PNN,replace,0,người bố,ba,2,1,False,none,Kinship/Honorific terms,,,0.3247370719909668,6.355427985187259,2.8072900772094727,3.1320271492004395,True
MCQA_0137_3,MCQA,PNN,replace,1,những,mấy,1,1,False,none,Negation/Function words,,,0.3247370719909668,6.355427985187259,2.8072900772094727,3.1320271492004395,True
MCQA_0137_3,MCQA,PNN,replace,2,để,đặng,1,1,False,none,Connectives/Aspect markers,,,0.3247370719909668,6.355427985187259,2.8072900772094727,3.1320271492004395,True
MCQA_0137_3,MCQA,PNN,replace,3,tập,hành,1,1,False,none,Predicate vocabulary,,,0.3247370719909668,6.355427985187259,2.8072900772094727,3.1320271492004395,True
MCQA_0137_3,MCQA,PNN,replace,4,tập,hành,1,1,False,none,Predicate vocabulary,,,0.3247370719909668,6.355427985187259,2.8072900772094727,3.1320271492004395,True
MCQA_0137_3,MCQA,PNT1,replace,0,điều,việc,1,1,False,none,Predicate vocabulary,,,-0.0545053482055664,-0.8787144734636065,2.8072900772094727,2.7527847290039062,True
MCQA_0137_3,MCQA,PNT1,replace,1,khuyên,dặn,1,1,False,none,Predicate vocabulary,,,-0.0545053482055664,-0.8787144734636065,2.8072900772094727,2.7527847290039062,True
MCQA_0137_3,MCQA,PNT1,replace,2,thôi thúc,giục,2,1,False,none,Predicate vocabulary,,,-0.0545053482055664,-0.8787144734636065,2.8072900772094727,2.7527847290039062,True
MCQA_0137_3,MCQA,PNT2,replace,0,gì,chi,1,1,True,dialect_phrase,Interrogatives,gì,HaTinh_QB_QT; NgheAn,0.2565484046936035,4.8446123681887485,2.8072900772094727,3.063838481903076,True
MCQA_0137_3,MCQA,PNT2,replace,1,những,nhửng,1,1,False,none,Orthographic variant,,,0.2565484046936035,4.8446123681887485,2.8072900772094727,3.063838481903076,False
MCQA_0137_3,MCQA,PNT3,replace,0,bố,cha,1,1,True,standard_word,Kinship/Honorific terms,bọ; ôn,HaTinh_QB_QT; Hue,0.2920334339141845,5.617972135703965,2.8072900772094727,3.0993235111236572,True
MCQA_0137_3,MCQA,PNT3,replace,1,điều gì qua,cấy chi trong,3,3,False,none,Interrogatives,,,0.2920334339141845,5.617972135703965,2.8072900772094727,3.0993235111236572,True
MCQA_0137_3,MCQA,PNT3,replace,2,khuyên,kêu,1,1,True,dialect_phrase,Predicate vocabulary,gọi,Hue,0.2920334339141845,5.617972135703965,2.8072900772094727,3.0993235111236572,True
MCQA_0137_3,MCQA,PNT4,replace,0,gì,chi,1,1,True,dialect_phrase,Interrogatives,gì,QuangNam,0.1249768733978271,2.205165710862683,2.8072900772094727,2.9322669506073,True
MCQA_0138_3,MCQA,PNB,replace,0,mát,lát,1,1,False,none,Noise/Non-linguistic,,,-0.0924417972564697,-4.548953690683192,3.941938161849976,3.849496364593506,False
MCQA_0138_3,MCQA,PNN,replace,0,như thế nào,sao,3,1,True,dialect_phrase,Interrogatives,sao / thế nào,NamBo,0.1685869693756103,9.460375488383107,3.941938161849976,4.110525131225586,True
MCQA_0138_3,MCQA,PNN,replace,1,thế,vậy,1,1,True,dialect_phrase,Demonstratives/Deixis,thế này / vậy; vậy / thế,NamBo,0.1685869693756103,9.460375488383107,3.941938161849976,4.110525131225586,True
MCQA_0138_3,MCQA,PNN,replace,2,tôi,tui,1,1,True,dialect_phrase,Pronouns,tôi,NamBo,0.1685869693756103,9.460375488383107,3.941938161849976,4.110525131225586,True
MCQA_0138_3,MCQA,PNN,replace,3,tôi,tui,1,1,True,dialect_phrase,Pronouns,tôi,NamBo,0.1685869693756103,9.460375488383107,3.941938161849976,4.110525131225586,True
MCQA_0138_3,MCQA,PNN,replace,4,nhé,nhen,1,1,True,dialect_phrase,Discourse particles,nha; nhé,NamBo,0.1685869693756103,9.460375488383107,3.941938161849976,4.110525131225586,True
MCQA_0138_3,MCQA,PNN,replace,5,tôi không,tui hông,2,2,False,none,Pronouns,,,0.1685869693756103,9.460375488383107,3.941938161849976,4.110525131225586,True
MCQA_0138_3,MCQA,PNN,replace,6,tôi,tui,1,1,True,dialect_phrase,Pronouns,tôi,NamBo,0.1685869693756103,9.460375488383107,3.941938161849976,4.110525131225586,True
MCQA_0138_3,MCQA,PNT1,replace,0,cho,chua,1,1,False,none,Predicate vocabulary,,,0.2793362140655517,16.60188428044537,3.941938161849976,4.221274375915527,True
MCQA_0138_3,MCQA,PNT1,replace,1,cho,chua,1,1,False,none,Predicate vocabulary,,,0.2793362140655517,16.60188428044537,3.941938161849976,4.221274375915527,True
MCQA_0138_3,MCQA,PNT1,replace,2,đâu,mô,1,1,True,dialect_phrase,Negation/Function words,đâu (phủ định),ThanhHoa,0.2793362140655517,16.60188428044537,3.941938161849976,4.221274375915527,True
MCQA_0138_3,MCQA,PNT1,replace,3,cho,chua,1,1,False,none,Predicate vocabulary,,,0.2793362140655517,16.60188428044537,3.941938161849976,4.221274375915527,True
MCQA_0138_3,MCQA,PNT2,replace,0,như thế nào,a răng,3,2,False,none,Interrogatives,,,0.4940903186798095,32.92056852372706,3.941938161849976,4.436028480529785,True
MCQA_0138_3,MCQA,PNT2,replace,1,thế,rứa,1,1,True,dialect_phrase,Demonstratives/Deixis,vậy / thế,NgheAn,0.4940903186798095,32.92056852372706,3.941938161849976,4.436028480529785,True
MCQA_0138_3,MCQA,PNT2,replace,2,tôi,tui,1,1,True,dialect_phrase,Pronouns,tôi,HaTinh_QB_QT,0.4940903186798095,32.92056852372706,3.941938161849976,4.436028480529785,True
MCQA_0138_3,MCQA,PNT2,replace,3,tôi,tui,1,1,True,dialect_phrase,Pronouns,tôi,HaTinh_QB_QT,0.4940903186798095,32.92056852372706,3.941938161849976,4.436028480529785,True
MCQA_0138_3,MCQA,PNT2,replace,4,nhé,hè,1,1,True,dialect_phrase,Discourse particles,nhỉ,HaTinh_QB_QT,0.4940903186798095,32.92056852372706,3.941938161849976,4.436028480529785,True
MCQA_0138_3,MCQA,PNT2,replace,5,người nấy,ngài nớ,2,2,False,none,Demonstratives/Deixis,,,0.4940903186798095,32.92056852372706,3.941938161849976,4.436028480529785,True
MCQA_0138_3,MCQA,PNT2,replace,6,tôi không,tui nỏ,2,2,False,none,Pronouns,,,0.4940903186798095,32.92056852372706,3.941938161849976,4.436028480529785,True
MCQA_0138_3,MCQA,PNT2,replace,7,đâu,mô,1,1,True,dialect_phrase,Interrogatives; Negation/Function words,đâu (phủ định); đâu / nào,HaTinh_QB_QT; NgheAn,0.4940903186798095,32.92056852372706,3.941938161849976,4.436028480529785,False
MCQA_0138_3,MCQA,PNT2,replace,8,tôi,tui,1,1,True,dialect_phrase,Pronouns,tôi,HaTinh_QB_QT,0.4940903186798095,32.92056852372706,3.941938161849976,4.436028480529785,True
MCQA_0138_3,MCQA,PNT3,replace,0,như thế nào,chi,3,1,True,dialect_phrase,Interrogatives,gì; sao / thế nào,HaTinh_QB_QT; Hue,0.3920223712921142,24.72730733389393,3.941938161849976,4.33396053314209,True
MCQA_0138_3,MCQA,PNT3,replace,1,thế,rứa,1,1,True,standard_word,Demonstratives/Deixis,a rứa; như rứa,HaTinh_QB_QT; Hue,0.3920223712921142,24.72730733389393,3.941938161849976,4.33396053314209,True
MCQA_0138_3,MCQA,PNT3,replace,2,tôi,em,1,1,True,standard_word,Pronouns,tau; tui,HaTinh_QB_QT; Hue,0.3920223712921142,24.72730733389393,3.941938161849976,4.33396053314209,True
MCQA_0138_3,MCQA,PNT3,replace,3,tôi,em,1,1,True,standard_word,Pronouns,tau; tui,HaTinh_QB_QT; Hue,0.3920223712921142,24.72730733389393,3.941938161849976,4.33396053314209,True
MCQA_0138_3,MCQA,PNT3,replace,4,nhé,nghe,1,1,True,dialect_phrase,Discourse particles,nha; nhé,HaTinh_QB_QT; Hue,0.3920223712921142,24.72730733389393,3.941938161849976,4.33396053314209,True
MCQA_0138_3,MCQA,PNT3,replace,5,tôi,em,1,1,True,standard_word,Pronouns,tau; tui,HaTinh_QB_QT; Hue,0.3920223712921142,24.72730733389393,3.941938161849976,4.33396053314209,True
MCQA_0138_3,MCQA,PNT3,replace,6,đâu,mô,1,1,True,dialect_phrase,Interrogatives; Negation/Function words,đâu (phủ định); đâu / nào,HaTinh_QB_QT; Hue,0.3920223712921142,24.72730733389393,3.941938161849976,4.33396053314209,False
MCQA_0138_3,MCQA,PNT3,replace,7,tôi,em,1,1,True,standard_word,Pronouns,tau; tui,HaTinh_QB_QT; Hue,0.3920223712921142,24.72730733389393,3.941938161849976,4.33396053314209,True
MCQA_0138_3,MCQA,PNT4,replace,0,như thế nào,chi,3,1,True,dialect_phrase,Interrogatives,gì,QuangNam,0.3612520694732666,22.41693302111529,3.941938161849976,4.303190231323242,True
MCQA_0138_3,MCQA,PNT4,replace,1,thế,rứa,1,1,True,standard_word,Demonstratives/Deixis,như dậy; như rứa; như vậy,PhuYen; QuangNam; QuangNgai,0.3612520694732666,22.41693302111529,3.941938161849976,4.303190231323242,True
MCQA_0138_3,MCQA,PNT4,replace,2,nhé,nghe,1,1,False,none,Discourse particles,,,0.3612520694732666,22.41693302111529,3.941938161849976,4.303190231323242,True
MCQA_0138_3,MCQA,PNT4,replace,3,đâu,mô,1,1,True,dialect_phrase,Interrogatives,đâu / nào,QuangNam,0.3612520694732666,22.41693302111529,3.941938161849976,4.303190231323242,True
MCQA_0138_5,MCQA,PNN,replace,0,điều,chuyện,1,1,False,none,Predicate vocabulary,,,0.3542108535766601,8.740012156725001,3.023446798324585,3.377657651901245,True
MCQA_0138_5,MCQA,PNN,replace,1,khi,lúc,1,1,False,none,Connectives/Aspect markers,,,0.3542108535766601,8.740012156725001,3.023446798324585,3.377657651901245,True
MCQA_0138_5,MCQA,PNN,replace,2,mang,chở,1,1,False,none,Predicate vocabulary,,,0.3542108535766601,8.740012156725001,3.023446798324585,3.377657651901245,True
MCQA_0138_5,MCQA,PNN,replace,3,và không,rồi hông,2,2,False,none,Negation/Function words,,,0.3542108535766601,8.740012156725001,3.023446798324585,3.377657651901245,True
MCQA_0138_5,MCQA,PNN,replace,4,trút,quăng,1,1,False,none,Predicate vocabulary,,,0.3542108535766601,8.740012156725001,3.023446798324585,3.377657651901245,True
MCQA_0138_5,MCQA,PNN,replace,5,và,rồi,1,1,False,none,Connectives/Aspect markers,,,0.3542108535766601,8.740012156725001,3.023446798324585,3.377657651901245,True
MCQA_0138_5,MCQA,PNN,replace,6,và không,với hông,2,2,False,none,Negation/Function words,,,0.3542108535766601,8.740012156725001,3.023446798324585,3.377657651901245,True
MCQA_0138_5,MCQA,PNN,replace,7,ngã,té,1,1,True,dialect_phrase,Predicate vocabulary,ngã,NamBo,0.3542108535766601,8.740012156725001,3.023446798324585,3.377657651901245,True
MCQA_0138_5,MCQA,PNN,replace,8,và,rồi,1,1,False,none,Connectives/Aspect markers,,,0.3542108535766601,8.740012156725001,3.023446798324585,3.377657651901245,True
MCQA_0138_5,MCQA,PNN,replace,9,vệ,lề,1,1,False,none,Predicate vocabulary,,,0.3542108535766601,8.740012156725001,3.023446798324585,3.377657651901245,True
MCQA_0138_5,MCQA,PNT1,replace,0,gì,chi,1,1,False,none,Interrogatives,,,0.2660796642303467,6.268112667368211,3.023446798324585,3.2895264625549316,True
MCQA_0138_5,MCQA,PNT1,replace,1,với,ví,1,1,False,none,Orthographic variant,,,0.2660796642303467,6.268112667368211,3.023446798324585,3.2895264625549316,False
MCQA_0138_5,MCQA,PNT2,replace,0,gì đã,chi đạ,2,2,False,none,Interrogatives,,,0.3818488121032715,9.56115624309516,3.023446798324585,3.4052956104278564,True
MCQA_0138_5,MCQA,PNT2,replace,1,không,nỏ,1,1,True,dialect_phrase,Negation/Function words,không,HaTinh_QB_QT; NgheAn,0.3818488121032715,9.56115624309516,3.023446798324585,3.4052956104278564,True
MCQA_0138_5,MCQA,PNT3,replace,0,gì,chi,1,1,True,dialect_phrase,Interrogatives,gì; sao / thế nào,HaTinh_QB_QT; Hue,0.1925230026245117,4.365411965456371,3.023446798324585,3.2159698009490967,True
MCQA_0138_5,MCQA,PNT3,replace,1,và,rồi,1,1,False,none,Connectives/Aspect markers,,,0.1925230026245117,4.365411965456371,3.023446798324585,3.2159698009490967,True
MCQA_0138_5,MCQA,PNT3,replace,2,và,rồi,1,1,False,none,Connectives/Aspect markers,,,0.1925230026245117,4.365411965456371,3.023446798324585,3.2159698009490967,True
MCQA_0138_5,MCQA,PNT3,replace,3,và,nên,1,1,False,none,Connectives/Aspect markers,,,0.1925230026245117,4.365411965456371,3.023446798324585,3.2159698009490967,True
MCQA_0138_5,MCQA,PNT3,replace,4,và,rồi,1,1,False,none,Connectives/Aspect markers,,,0.1925230026245117,4.365411965456371,3.023446798324585,3.2159698009490967,True
MCQA_0138_5,MCQA,PNT4,replace,0,gì,chi,1,1,True,dialect_phrase,Interrogatives,gì,QuangNam,0.0909309387207031,1.9573700996638728,3.023446798324585,3.114377737045288,True
MCQA_0138_5,MCQA,PNT4,replace,1,vẫn,cứ,1,1,False,none,Connectives/Aspect markers,,,0.0909309387207031,1.9573700996638728,3.023446798324585,3.114377737045288,True
MCQA_0138_5,MCQA,PNT4,replace,2,đó,nớ,1,1,True,dialect_phrase,Demonstratives/Deixis,ấy / đó,QuangNam,0.0909309387207031,1.9573700996638728,3.023446798324585,3.114377737045288,True
MCQA_0138_5,MCQA,PNT4,replace,3,vệ,lề,1,1,False,none,Predicate vocabulary,,,0.0909309387207031,1.9573700996638728,3.023446798324585,3.114377737045288,True
MCQA_0140_3,MCQA,PNN,replace,0,ông,ổng,1,1,True,dialect_phrase,Pronouns,ông ấy,NamBo,0.252896785736084,4.327738817899174,2.710707187652588,2.963603973388672,True
MCQA_0140_3,MCQA,PNN,replace,1,như thế nào,ra sao,3,2,False,none,Interrogatives,,,0.252896785736084,4.327738817899174,2.710707187652588,2.963603973388672,True
MCQA_0140_3,MCQA,PNN,replace,2,ông,ổng,1,1,True,dialect_phrase,Pronouns,ông ấy,NamBo,0.252896785736084,4.327738817899174,2.710707187652588,2.963603973388672,True
MCQA_0140_3,MCQA,PNN,replace,3,và rất,với,2,1,False,none,Predicate vocabulary,,,0.252896785736084,4.327738817899174,2.710707187652588,2.963603973388672,True
MCQA_0140_3,MCQA,PNN,insert,4,,lắm,0,1,False,none,Unknown,,,0.252896785736084,4.327738817899174,2.710707187652588,2.963603973388672,False
MCQA_0140_3,MCQA,PNN,replace,5,ông,ổng,1,1,True,dialect_phrase,Pronouns,ông ấy,NamBo,0.252896785736084,4.327738817899174,2.710707187652588,2.963603973388672,True
MCQA_0140_3,MCQA,PNN,replace,6,và,với,1,1,False,none,Connectives/Aspect markers,,,0.252896785736084,4.327738817899174,2.710707187652588,2.963603973388672,True
MCQA_0140_3,MCQA,PNN,replace,7,ông,ổng,1,1,True,dialect_phrase,Pronouns,ông ấy,NamBo,0.252896785736084,4.327738817899174,2.710707187652588,2.963603973388672,True
MCQA_0140_3,MCQA,PNN,delete,8,rất,,1,0,True,standard_word,Predicate vocabulary,dữ,NamBo,0.252896785736084,4.327738817899174,2.710707187652588,2.963603973388672,False
MCQA_0140_3,MCQA,PNN,replace,9,và,lắm với,1,2,False,none,Noise/Non-linguistic,,,0.252896785736084,4.327738817899174,2.710707187652588,2.963603973388672,False
MCQA_0140_3,MCQA,PNN,replace,10,ông,ổng,1,1,True,dialect_phrase,Pronouns,ông ấy,NamBo,0.252896785736084,4.327738817899174,2.710707187652588,2.963603973388672,True
MCQA_0140_3,MCQA,PNN,replace,11,và,với,1,1,False,none,Connectives/Aspect markers,,,0.252896785736084,4.327738817899174,2.710707187652588,2.963603973388672,True
MCQA_0140_3,MCQA,PNT1,replace,0,cho,chua,1,1,False,none,Predicate vocabulary,,,0.1614642143249511,2.635449073286175,2.710707187652588,2.872171401977539,True
MCQA_0140_3,MCQA,PNT2,replace,0,như thế nào,a răng,3,2,False,none,Interrogatives,,,0.2636244297027588,4.536626468103339,2.710707187652588,2.9743316173553467,True
MCQA_0140_3,MCQA,PNT3,replace,0,thế nào,răng,2,1,True,dialect_phrase,Interrogatives,sao / thế nào,HaTinh_QB_QT; Hue,0.5556025505065918,11.174514753859487,2.710707187652588,3.2663097381591797,True
MCQA_0140_3,MCQA,PNT3,replace,1,và,với,1,1,False,none,Connectives/Aspect markers,,,0.5556025505065918,11.174514753859487,2.710707187652588,3.2663097381591797,True
MCQA_0140_3,MCQA,PNT3,replace,2,và,với,1,1,False,none,Connectives/Aspect markers,,,0.5556025505065918,11.174514753859487,2.710707187652588,3.2663097381591797,True
MCQA_0140_3,MCQA,PNT3,replace,3,và,với,1,1,False,none,Connectives/Aspect markers,,,0.5556025505065918,11.174514753859487,2.710707187652588,3.2663097381591797,True
MCQA_0140_3,MCQA,PNT4,replace,0,thế nào,răn,2,1,True,standard_word,Interrogatives,ren; sao; sô,PhuYen; QuangNam; QuangNgai,0.1035487651824951,1.6408520977840624,2.710707187652588,2.814255952835083,True
MCQA_0140_3,MCQA,PNT4,replace,1,ông,ổng,1,1,True,dialect_phrase,Pronouns,ông ấy,PhuYen; QuangNgai,0.1035487651824951,1.6408520977840624,2.710707187652588,2.814255952835083,True
MCQA_0140_3,MCQA,PNT4,delete,2,rất,,1,0,True,standard_word,Predicate vocabulary,"dữ; dữ, quá chừng, ghê",PhuYen; QuangNam; QuangNgai,0.1035487651824951,1.6408520977840624,2.710707187652588,2.814255952835083,False
MCQA_0140_3,MCQA,PNT4,insert,3,,dữ,0,1,True,dialect_phrase,Predicate vocabulary,rất,QuangNam; QuangNgai,0.1035487651824951,1.6408520977840624,2.710707187652588,2.814255952835083,False
MCQA_0140_3,MCQA,PNT4,replace,4,ông,ổng,1,1,True,dialect_phrase,Pronouns,ông ấy,PhuYen; QuangNgai,0.1035487651824951,1.6408520977840624,2.710707187652588,2.814255952835083,True
MCQA_0140_3,MCQA,PNT4,replace,5,ông,ổng,1,1,True,dialect_phrase,Pronouns,ông ấy,PhuYen; QuangNgai,0.1035487651824951,1.6408520977840624,2.710707187652588,2.814255952835083,True
MCQA_0140_3,MCQA,PNT4,replace,6,ông,ổng,1,1,True,dialect_phrase,Pronouns,ông ấy,PhuYen; QuangNgai,0.1035487651824951,1.6408520977840624,2.710707187652588,2.814255952835083,True
MCQA_0141_2,MCQA,PNN,delete,0,tại,,1,0,False,none,Unknown,,,0.4461839199066162,8.853154848776148,2.75642466545105,3.202608585357666,False
MCQA_0141_2,MCQA,PNN,insert,1,,cái,0,1,True,dialect_phrase,Negation/Function words,cái,NamBo,0.4461839199066162,8.853154848776148,2.75642466545105,3.202608585357666,False
MCQA_0141_2,MCQA,PNN,replace,2,vì,tại,1,1,False,none,Connectives/Aspect markers,,,0.4461839199066162,8.853154848776148,2.75642466545105,3.202608585357666,True
MCQA_0141_2,MCQA,PNN,replace,3,vì,tại,1,1,False,none,Connectives/Aspect markers,,,0.4461839199066162,8.853154848776148,2.75642466545105,3.202608585357666,True
MCQA_0141_2,MCQA,PNN,replace,4,vì,tại,1,1,False,none,Connectives/Aspect markers,,,0.4461839199066162,8.853154848776148,2.75642466545105,3.202608585357666,True
MCQA_0141_2,MCQA,PNN,replace,5,quả,trái,1,1,False,none,Predicate vocabulary,,,0.4461839199066162,8.853154848776148,2.75642466545105,3.202608585357666,True
MCQA_0141_2,MCQA,PNN,replace,6,vì,tại cái,1,2,False,none,Connectives/Aspect markers,,,0.4461839199066162,8.853154848776148,2.75642466545105,3.202608585357666,True
MCQA_0141_2,MCQA,PNN,replace,7,những,mấy cái,1,2,False,none,Negation/Function words,,,0.4461839199066162,8.853154848776148,2.75642466545105,3.202608585357666,True
MCQA_0141_2,MCQA,PNT2,replace,0,tại sao,vì răng mà,2,3,False,none,Interrogatives,,,0.4270544052124023,8.387105517471566,2.75642466545105,3.183479070663452,True
MCQA_0141_2,MCQA,PNT2,replace,1,cũng,còn,1,1,False,none,Negation/Function words,,,0.4270544052124023,8.387105517471566,2.75642466545105,3.183479070663452,True
MCQA_0141_2,MCQA,PNT3,replace,0,sao,răng,1,1,True,dialect_phrase,Interrogatives,sao / thế nào,HaTinh_QB_QT; Hue,0.5608255863189697,11.840941945808444,2.75642466545105,3.3172502517700195,True
MCQA_0141_2,MCQA,PNT3,replace,1,những,mấy,1,1,False,none,Negation/Function words,,,0.5608255863189697,11.840941945808444,2.75642466545105,3.3172502517700195,True
MCQA_0141_2,MCQA,PNT4,replace,0,sao,răng,1,1,True,standard_word,Interrogatives,ren; sao; sô,PhuYen; QuangNam; QuangNgai,0.5608255863189697,11.840941945808444,2.75642466545105,3.3172502517700195,True
MCQA_0141_2,MCQA,PNT4,replace,1,những,mấy,1,1,False,none,Negation/Function words,,,0.5608255863189697,11.840941945808444,2.75642466545105,3.3172502517700195,True
MCQA_0141_3,MCQA,PNN,replace,0,quả,trái,1,1,False,none,Predicate vocabulary,,,-0.0545816421508789,-0.8887832582540636,2.8173224925994873,2.7627408504486084,True
MCQA_0141_3,MCQA,PNT2,replace,0,nào,mô,1,1,True,dialect_phrase,Interrogatives; Negation/Function words,đâu (phủ định); đâu / nào,HaTinh_QB_QT; NgheAn,0.4168791770935058,8.654106582572393,2.8173224925994873,3.234201669692993,False
MCQA_0141_3,MCQA,PNT3,replace,0,cái,kì,1,1,True,dialect_phrase,Negation/Function words,cái,HaTinh_QB_QT,0.7893760204315186,20.112220499547767,2.8173224925994873,3.606698513031006,True
MCQA_0141_3,MCQA,PNT3,replace,1,nào,mô,1,1,True,dialect_phrase,Interrogatives; Negation/Function words,đâu (phủ định); đâu / nào,HaTinh_QB_QT; Hue,0.7893760204315186,20.112220499547767,2.8173224925994873,3.606698513031006,False
MCQA_0141_3,MCQA,PNT4,replace,0,nào khác,mô nữa,2,2,False,none,Interrogatives,,,0.3742654323577881,7.595035667445437,2.8173224925994873,3.1915879249572754,True
MCQA_0142_1,MCQA,PNN,replace,0,những,mấy,1,1,False,none,Negation/Function words,,,0.3414061069488525,6.11972301417863,2.710644483566284,3.0520505905151367,True
MCQA_0142_1,MCQA,PNN,replace,1,những,mấy,1,1,False,none,Negation/Function words,,,0.3414061069488525,6.11972301417863,2.710644483566284,3.0520505905151367,True
MCQA_0142_1,MCQA,PNN,replace,2,vào,vô,1,1,False,none,Connectives/Aspect markers,,,0.3414061069488525,6.11972301417863,2.710644483566284,3.0520505905151367,True
MCQA_0142_1,MCQA,PNN,replace,3,vào,vô,1,1,False,none,Connectives/Aspect markers,,,0.3414061069488525,6.11972301417863,2.710644483566284,3.0520505905151367,True
MCQA_0142_1,MCQA,PNN,delete,4,nhìn,,1,0,False,none,Unknown,,,0.3414061069488525,6.11972301417863,2.710644483566284,3.0520505905151367,False
MCQA_0142_1,MCQA,PNN,replace,5,những,mấy,1,1,False,none,Negation/Function words,,,0.3414061069488525,6.11972301417863,2.710644483566284,3.0520505905151367,True
MCQA_0142_1,MCQA,PNT1,replace,0,cho,chua,1,1,False,none,Predicate vocabulary,,,0.3430008888244629,6.153493427012963,2.710644483566284,3.053645372390747,True
MCQA_0142_1,MCQA,PNT1,replace,1,với,ví,1,1,False,none,Orthographic variant,,,0.3430008888244629,6.153493427012963,2.710644483566284,3.053645372390747,False
MCQA_0142_1,MCQA,PNT2,replace,0,nào,mô,1,1,True,dialect_phrase,Interrogatives; Negation/Function words,đâu (phủ định); đâu / nào,HaTinh_QB_QT; NgheAn,0.5198407173156738,10.25296090106776,2.710644483566284,3.230485200881958,False
MCQA_0142_1,MCQA,PNT2,replace,1,vào,vô,1,1,False,none,Connectives/Aspect markers,,,0.5198407173156738,10.25296090106776,2.710644483566284,3.230485200881958,True
MCQA_0142_1,MCQA,PNT2,replace,2,đó,chỗ nớ,1,2,True,standard_word,Demonstratives/Deixis,nớ,HaTinh_QB_QT; NgheAn,0.5198407173156738,10.25296090106776,2.710644483566284,3.230485200881958,True
MCQA_0142_1,MCQA,PNT2,replace,3,vào,vô,1,1,False,none,Connectives/Aspect markers,,,0.5198407173156738,10.25296090106776,2.710644483566284,3.230485200881958,True
MCQA_0142_1,MCQA,PNT3,replace,0,nào,nớ,1,1,True,dialect_phrase,Demonstratives/Deixis,kia; ấy / đó,HaTinh_QB_QT; Hue,0.341463565826416,6.120938803557342,2.710644483566284,3.0521080493927,True
MCQA_0142_1,MCQA,PNT3,replace,1,vào,vô,1,1,False,none,Connectives/Aspect markers,,,0.341463565826416,6.120938803557342,2.710644483566284,3.0521080493927,True
MCQA_0142_1,MCQA,PNT3,replace,2,vào,vô,1,1,False,none,Connectives/Aspect markers,,,0.341463565826416,6.120938803557342,2.710644483566284,3.0521080493927,True
MCQA_0142_1,MCQA,PNT4,replace,0,nào,mô,1,1,True,dialect_phrase,Interrogatives,đâu / nào,QuangNam,0.1245248317718505,1.9943192946049972,2.710644483566284,2.8351693153381348,True
MCQA_0144_0,MCQA,PNB,replace,0,cha,bố,1,1,True,dialect_phrase,Kinship/Honorific terms,bố,BacBo,-0.0485460758209228,-2.0684469910332695,3.776214838027954,3.7276687622070312,True
MCQA_0144_0,MCQA,PNN,replace,0,mẹ,má,1,1,False,none,Kinship/Honorific terms,,,-0.0284905433654785,-1.2260778429150676,3.776214838027954,3.747724294662475,True
MCQA_0144_0,MCQA,PNN,delete,1,thế,,1,0,True,standard_word,Demonstratives/Deixis,vậy,NamBo,-0.0284905433654785,-1.2260778429150676,3.776214838027954,3.747724294662475,False
MCQA_0144_0,MCQA,PNN,replace,2,chiếc,cái,1,1,True,dialect_phrase,Negation/Function words,cái,NamBo,-0.0284905433654785,-1.2260778429150676,3.776214838027954,3.747724294662475,True
MCQA_0144_0,MCQA,PNN,replace,3,chiếc,cái,1,1,True,dialect_phrase,Negation/Function words,cái,NamBo,-0.0284905433654785,-1.2260778429150676,3.776214838027954,3.747724294662475,True
MCQA_0144_0,MCQA,PNN,replace,4,bố,cha,1,1,False,none,Kinship/Honorific terms,,,-0.0284905433654785,-1.2260778429150676,3.776214838027954,3.747724294662475,True
MCQA_0144_0,MCQA,PNN,replace,5,ngan bố,vịt xiêm ba,2,3,False,none,Kinship/Honorific terms,,,-0.0284905433654785,-1.2260778429150676,3.776214838027954,3.747724294662475,True
MCQA_0144_0,MCQA,PNN,replace,6,và,với,1,1,False,none,Connectives/Aspect markers,,,-0.0284905433654785,-1.2260778429150676,3.776214838027954,3.747724294662475,True
MCQA_0144_0,MCQA,PNT1,replace,0,cha,bố,1,1,False,none,Kinship/Honorific terms,,,0.244647741317749,12.098668767118852,3.776214838027954,4.020862579345703,True
MCQA_0144_0,MCQA,PNT1,replace,1,có,cúa,1,1,False,none,Orthographic variant,,,0.244647741317749,12.098668767118852,3.776214838027954,4.020862579345703,False
MCQA_0144_0,MCQA,PNT1,replace,2,cho,chua,1,1,False,none,Predicate vocabulary,,,0.244647741317749,12.098668767118852,3.776214838027954,4.020862579345703,True
MCQA_0144_0,MCQA,PNT2,replace,0,thế nào,răng,2,1,True,dialect_phrase,Interrogatives,sao / thế nào,HaTinh_QB_QT; NgheAn,0.2634580135345459,13.157250785763026,3.776214838027954,4.0396728515625,True
MCQA_0144_0,MCQA,PNT3,replace,0,bão vắng mẹ,bạo thiếu mạ,3,3,False,none,Kinship/Honorific terms,,,0.3729951381683349,19.73340130741618,3.776214838027954,4.149209976196289,True
MCQA_0144_0,MCQA,PNT3,replace,1,cha,bọ,1,1,True,dialect_phrase,Kinship/Honorific terms,bố,HaTinh_QB_QT,0.3729951381683349,19.73340130741618,3.776214838027954,4.149209976196289,True
MCQA_0144_0,MCQA,PNT3,replace,2,vất vả,khổ,2,1,False,none,Predicate vocabulary,,,0.3729951381683349,19.73340130741618,3.776214838027954,4.149209976196289,True
MCQA_0144_0,MCQA,PNT3,replace,3,thế nào,răng,2,1,True,dialect_phrase,Interrogatives,sao / thế nào,HaTinh_QB_QT; Hue,0.3729951381683349,19.73340130741618,3.776214838027954,4.149209976196289,True
MCQA_0144_0,MCQA,PNT3,replace,4,chiếc,cấy,1,1,True,dialect_phrase,Negation/Function words,cái,HaTinh_QB_QT,0.3729951381683349,19.73340130741618,3.776214838027954,4.149209976196289,True
MCQA_0144_0,MCQA,PNT3,replace,5,chiếc,cấy,1,1,True,dialect_phrase,Negation/Function words,cái,HaTinh_QB_QT,0.3729951381683349,19.73340130741618,3.776214838027954,4.149209976196289,True
MCQA_0144_0,MCQA,PNT3,replace,6,bố,bọ,1,1,True,dialect_phrase,Kinship/Honorific terms,bố,HaTinh_QB_QT,0.3729951381683349,19.73340130741618,3.776214838027954,4.149209976196289,True
MCQA_0144_0,MCQA,PNT3,replace,7,bố,bọ,1,1,True,dialect_phrase,Kinship/Honorific terms,bố,HaTinh_QB_QT,0.3729951381683349,19.73340130741618,3.776214838027954,4.149209976196289,True
MCQA_0144_0,MCQA,PNT4,replace,0,cha,ba,1,1,True,dialect_phrase,Kinship/Honorific terms,bố,QuangNam; QuangNgai,0.219766616821289,10.72868074580795,3.776214838027954,3.995981454849243,True
MCQA_0144_0,MCQA,PNT4,replace,1,thế nào,ren,2,1,True,dialect_phrase,Interrogatives,sao / thế nào,QuangNam,0.219766616821289,10.72868074580795,3.776214838027954,3.995981454849243,True
MCQA_0144_0,MCQA,PNT4,replace,2,chiếc,cái,1,1,True,dialect_phrase,Negation/Function words,cái,QuangNam; QuangNgai,0.219766616821289,10.72868074580795,3.776214838027954,3.995981454849243,True
MCQA_0144_0,MCQA,PNT4,replace,3,chiếc,cái,1,1,True,dialect_phrase,Negation/Function words,cái,QuangNam; QuangNgai,0.219766616821289,10.72868074580795,3.776214838027954,3.995981454849243,True
MCQA_0144_0,MCQA,PNT4,replace,4,bố,ba,1,1,True,dialect_phrase,Kinship/Honorific terms,bố,QuangNam; QuangNgai,0.219766616821289,10.72868074580795,3.776214838027954,3.995981454849243,True
MCQA_0144_0,MCQA,PNT4,replace,5,chăm,lo,1,1,False,none,Predicate vocabulary,,,0.219766616821289,10.72868074580795,3.776214838027954,3.995981454849243,True
MCQA_0144_0,MCQA,PNT4,replace,6,bố,ba,1,1,True,dialect_phrase,Kinship/Honorific terms,bố,QuangNam; QuangNgai,0.219766616821289,10.72868074580795,3.776214838027954,3.995981454849243,True
MCQA_0144_3,MCQA,PNB,replace,0,chi,chị,1,1,True,dialect_phrase,Kinship/Honorific terms,chị,BacBo,-0.0946216583251953,-2.1833207534499195,3.1856536865234375,3.091032028198242,True
MCQA_0144_3,MCQA,PNN,replace,0,khi mẹ,lúc má,2,2,False,none,Kinship/Honorific terms,,,0.2343811988830566,6.387390064997266,3.1856536865234375,3.420034885406494,True
MCQA_0144_3,MCQA,PNN,delete,1,đã,,1,0,False,none,Unknown,,,0.2343811988830566,6.387390064997266,3.1856536865234375,3.420034885406494,False
MCQA_0144_3,MCQA,PNN,replace,2,những,mấy,1,1,False,none,Negation/Function words,,,0.2343811988830566,6.387390064997266,3.1856536865234375,3.420034885406494,True
MCQA_0144_3,MCQA,PNN,replace,3,giúp bố,phụ ba,2,2,False,none,Kinship/Honorific terms,,,0.2343811988830566,6.387390064997266,3.1856536865234375,3.420034885406494,True
MCQA_0144_3,MCQA,PNN,replace,4,giúp bố,phụ ba,2,2,False,none,Kinship/Honorific terms,,,0.2343811988830566,6.387390064997266,3.1856536865234375,3.420034885406494,True
MCQA_0144_3,MCQA,PNN,replace,5,và,với,1,1,False,none,Connectives/Aspect markers,,,0.2343811988830566,6.387390064997266,3.1856536865234375,3.420034885406494,True
MCQA_0144_3,MCQA,PNN,replace,6,đàn ngan,bầy vịt xiêm,2,3,False,none,Predicate vocabulary,,,0.2343811988830566,6.387390064997266,3.1856536865234375,3.420034885406494,True
MCQA_0144_3,MCQA,PNN,replace,7,đàn ngan,bầy vịt xiêm,2,3,False,none,Predicate vocabulary,,,0.2343811988830566,6.387390064997266,3.1856536865234375,3.420034885406494,True
MCQA_0144_3,MCQA,PNN,replace,8,và,với,1,1,False,none,Connectives/Aspect markers,,,0.2343811988830566,6.387390064997266,3.1856536865234375,3.420034885406494,True
MCQA_0144_3,MCQA,PNT2,replace,0,đã làm,đạ mần,2,2,False,none,Connectives/Aspect markers,,,0.376011848449707,11.038720077156746,3.1856536865234375,3.5616655349731445,True
MCQA_0144_3,MCQA,PNT2,replace,1,gì,chi,1,1,True,dialect_phrase,Interrogatives,gì,HaTinh_QB_QT; NgheAn,0.376011848449707,11.038720077156746,3.1856536865234375,3.5616655349731445,True
MCQA_0144_3,MCQA,PNT3,replace,0,những việc gì,chi,3,1,True,dialect_phrase,Interrogatives,gì; sao / thế nào,HaTinh_QB_QT; Hue,0.4750776290893554,14.706681771479056,3.1856536865234375,3.660731315612793,True
MCQA_0144_3,MCQA,PNT3,replace,1,bố,bọ,1,1,True,dialect_phrase,Kinship/Honorific terms,bố,HaTinh_QB_QT,0.4750776290893554,14.706681771479056,3.1856536865234375,3.660731315612793,True
MCQA_0144_3,MCQA,PNT3,replace,2,bố,bọ,1,1,True,dialect_phrase,Kinship/Honorific terms,bố,HaTinh_QB_QT,0.4750776290893554,14.706681771479056,3.1856536865234375,3.660731315612793,True
MCQA_0144_3,MCQA,PNT3,replace,3,và,với,1,1,False,none,Connectives/Aspect markers,,,0.4750776290893554,14.706681771479056,3.1856536865234375,3.660731315612793,True
MCQA_0144_3,MCQA,PNT3,replace,4,và,với,1,1,False,none,Connectives/Aspect markers,,,0.4750776290893554,14.706681771479056,3.1856536865234375,3.660731315612793,True
MCQA_0144_3,MCQA,PNT4,replace,0,gì,chi,1,1,True,dialect_phrase,Interrogatives,gì,QuangNam,0.2341439723968505,6.380138797227826,3.1856536865234375,3.419797658920288,True
MCQA_0144_3,MCQA,PNT4,replace,1,bố,ba,1,1,True,dialect_phrase,Kinship/Honorific terms,bố,QuangNam; QuangNgai,0.2341439723968505,6.380138797227826,3.1856536865234375,3.419797658920288,True
MCQA_0144_3,MCQA,PNT4,replace,2,bố,ba,1,1,True,dialect_phrase,Kinship/Honorific terms,bố,QuangNam; QuangNgai,0.2341439723968505,6.380138797227826,3.1856536865234375,3.419797658920288,True
MCQA_0144_3,MCQA,PNT4,replace,3,chăm,giữ,1,1,False,none,Predicate vocabulary,,,0.2341439723968505,6.380138797227826,3.1856536865234375,3.419797658920288,True
MCQA_0144_3,MCQA,PNT4,replace,4,chăm,giữ,1,1,False,none,Predicate vocabulary,,,0.2341439723968505,6.380138797227826,3.1856536865234375,3.419797658920288,True
MCQA_0147_4,MCQA,PNN,replace,0,những,mấy,1,1,False,none,Negation/Function words,,,0.1506237983703613,1.7152561050832205,2.3562753200531006,2.506899118423462,True
MCQA_0147_4,MCQA,PNT1,replace,0,nào,mô,1,1,True,dialect_phrase,Negation/Function words,đâu (phủ định),ThanhHoa,0.9579496383666992,16.949494326691607,2.3562753200531006,3.3142249584198,True
MCQA_0147_4,MCQA,PNT1,replace,1,có,cúa,1,1,False,none,Orthographic variant,,,0.9579496383666992,16.949494326691607,2.3562753200531006,3.3142249584198,False
MCQA_0147_4,MCQA,PNT1,replace,2,với,ví,1,1,False,none,Orthographic variant,,,0.9579496383666992,16.949494326691607,2.3562753200531006,3.3142249584198,False
MCQA_0147_4,MCQA,PNT2,replace,0,nào,mô,1,1,True,dialect_phrase,Interrogatives; Negation/Function words,đâu (phủ định); đâu / nào,HaTinh_QB_QT; NgheAn,0.5034210681915283,6.904649294233623,2.3562753200531006,2.859696388244629,False
MCQA_0147_4,MCQA,PNT2,replace,1,những,mấy,1,1,False,none,Negation/Function words,,,0.5034210681915283,6.904649294233623,2.3562753200531006,2.859696388244629,True
MCQA_0147_4,MCQA,PNT3,replace,0,nào,mô,1,1,True,dialect_phrase,Interrogatives; Negation/Function words,đâu (phủ định); đâu / nào,HaTinh_QB_QT; Hue,0.5034210681915283,6.904649294233623,2.3562753200531006,2.859696388244629,False
MCQA_0147_4,MCQA,PNT3,replace,1,những,mấy,1,1,False,none,Negation/Function words,,,0.5034210681915283,6.904649294233623,2.3562753200531006,2.859696388244629,True
MCQA_0147_4,MCQA,PNT4,replace,0,nào,mô,1,1,True,dialect_phrase,Interrogatives,đâu / nào,QuangNam,0.3665101528167724,4.671088644208879,2.3562753200531006,2.722785472869873,True
MCQA_0148_3,MCQA,PNN,replace,0,việc,chuyện,1,1,False,none,Predicate vocabulary,,,-0.0071120262145996,-0.1014586412145917,2.6614179611206055,2.654305934906006,True
MCQA_0148_3,MCQA,PNN,replace,1,như thế nào,ra sao,3,2,False,none,Interrogatives,,,-0.0071120262145996,-0.1014586412145917,2.6614179611206055,2.654305934906006,True
MCQA_0148_3,MCQA,PNN,replace,2,chúng,tụi,1,1,False,none,Pronouns,,,-0.0071120262145996,-0.1014586412145917,2.6614179611206055,2.654305934906006,True
MCQA_0148_3,MCQA,PNN,replace,3,đến,tới,1,1,False,none,Predicate vocabulary,,,-0.0071120262145996,-0.1014586412145917,2.6614179611206055,2.654305934906006,True
MCQA_0148_3,MCQA,PNN,replace,4,chúng,tụi,1,1,False,none,Pronouns,,,-0.0071120262145996,-0.1014586412145917,2.6614179611206055,2.654305934906006,True
MCQA_0148_3,MCQA,PNN,replace,5,đến,tới,1,1,False,none,Predicate vocabulary,,,-0.0071120262145996,-0.1014586412145917,2.6614179611206055,2.654305934906006,True
MCQA_0148_3,MCQA,PNN,replace,6,chúng,tụi,1,1,False,none,Pronouns,,,-0.0071120262145996,-0.1014586412145917,2.6614179611206055,2.654305934906006,True
MCQA_0148_3,MCQA,PNN,replace,7,đến,tới,1,1,False,none,Predicate vocabulary,,,-0.0071120262145996,-0.1014586412145917,2.6614179611206055,2.654305934906006,True
MCQA_0148_3,MCQA,PNT1,replace,0,cho,chua,1,1,False,none,Predicate vocabulary,,,0.175074815750122,2.739266812893121,2.6614179611206055,2.8364927768707275,True
MCQA_0148_3,MCQA,PNT1,replace,1,về,viền,1,1,True,dialect_phrase,Predicate vocabulary,về,ThanhHoa,0.175074815750122,2.739266812893121,2.6614179611206055,2.8364927768707275,True
MCQA_0148_3,MCQA,PNT1,replace,2,về,viền,1,1,True,dialect_phrase,Predicate vocabulary,về,ThanhHoa,0.175074815750122,2.739266812893121,2.6614179611206055,2.8364927768707275,True
MCQA_0148_3,MCQA,PNT1,replace,3,về,viền,1,1,True,dialect_phrase,Predicate vocabulary,về,ThanhHoa,0.175074815750122,2.739266812893121,2.6614179611206055,2.8364927768707275,True
MCQA_0148_3,MCQA,PNT2,replace,0,như thế nào,à răng,3,2,False,none,Interrogatives,,,0.2431447505950927,3.9406831615035394,2.6614179611206055,2.9045627117156982,True
MCQA_0148_3,MCQA,PNT2,replace,1,chúng,nhà,1,1,False,none,Pronouns,,,0.2431447505950927,3.9406831615035394,2.6614179611206055,2.9045627117156982,True
MCQA_0148_3,MCQA,PNT2,replace,2,chúng,nhà,1,1,False,none,Pronouns,,,0.2431447505950927,3.9406831615035394,2.6614179611206055,2.9045627117156982,True
MCQA_0148_3,MCQA,PNT2,replace,3,chúng,nhà,1,1,False,none,Pronouns,,,0.2431447505950927,3.9406831615035394,2.6614179611206055,2.9045627117156982,True
MCQA_0148_3,MCQA,PNT3,replace,0,thế nào,răng,2,1,True,dialect_phrase,Interrogatives,sao / thế nào,HaTinh_QB_QT; Hue,0.3486688137054443,5.972585377481835,2.6614179611206055,3.01008677482605,True
MCQA_0148_3,MCQA,PNT3,replace,1,chúng,bọn,1,1,False,none,Pronouns,,,0.3486688137054443,5.972585377481835,2.6614179611206055,3.01008677482605,True
MCQA_0148_3,MCQA,PNT3,replace,2,chúng,bọn,1,1,False,none,Pronouns,,,0.3486688137054443,5.972585377481835,2.6614179611206055,3.01008677482605,True
MCQA_0148_3,MCQA,PNT3,replace,3,chúng,bọn,1,1,False,none,Pronouns,,,0.3486688137054443,5.972585377481835,2.6614179611206055,3.01008677482605,True
MCQA_0148_3,MCQA,PNT3,replace,4,tối,túi,1,1,False,none,Orthographic variant,,,0.3486688137054443,5.972585377481835,2.6614179611206055,3.01008677482605,False
MCQA_0148_3,MCQA,PNT4,replace,0,như thế nào,ra ren,3,2,False,none,Interrogatives,,,0.2368605136871338,3.826309976046531,2.6614179611206055,2.8982784748077393,True
MCQA_0151_1,MCQA,PNN,replace,0,gọi,kêu,1,1,True,dialect_phrase,Predicate vocabulary,gọi,NamBo,-0.180370807647705,-6.817268048130664,3.72102952003479,3.540658712387085,True
MCQA_0151_1,MCQA,PNN,replace,1,gọi,kêu,1,1,True,dialect_phrase,Predicate vocabulary,gọi,NamBo,-0.180370807647705,-6.817268048130664,3.72102952003479,3.540658712387085,True
MCQA_0151_1,MCQA,PNT1,replace,0,con,cuôn,1,1,False,none,Orthographic variant,,,0.3295176029205322,16.121970599239887,3.72102952003479,4.050547122955322,False
MCQA_0151_1,MCQA,PNT1,replace,1,muốn,mún,1,1,False,none,Orthographic variant,,,0.3295176029205322,16.121970599239887,3.72102952003479,4.050547122955322,False
MCQA_0151_1,MCQA,PNT1,replace,2,xuống suối,xún súi,2,2,False,none,Orthographic variant,,,0.3295176029205322,16.121970599239887,3.72102952003479,4.050547122955322,False
MCQA_0151_1,MCQA,PNT2,replace,0,nó làm gì,hấn mần chi,3,3,False,none,Interrogatives,,,0.5675842761993408,31.558493673711624,3.72102952003479,4.288613796234131,True
MCQA_0151_1,MCQA,PNT2,replace,1,vào,vô,1,1,False,none,Connectives/Aspect markers,,,0.5675842761993408,31.558493673711624,3.72102952003479,4.288613796234131,True
MCQA_0151_1,MCQA,PNT2,insert,2,,cái,0,1,False,none,Unknown,,,0.5675842761993408,31.558493673711624,3.72102952003479,4.288613796234131,False
MCQA_0151_1,MCQA,PNT3,replace,0,muốn gọi,ưng kêu,2,2,False,none,Predicate vocabulary,,,0.3052327632904053,14.74411790422088,3.72102952003479,4.026262283325195,True
MCQA_0151_1,MCQA,PNT3,replace,1,đàn,bầy,1,1,False,none,Predicate vocabulary,,,0.3052327632904053,14.74411790422088,3.72102952003479,4.026262283325195,True
MCQA_0151_1,MCQA,PNT3,replace,2,làm gì,mần chi,2,2,True,dialect_phrase,Interrogatives,làm gì,HaTinh_QB_QT; Hue,0.3052327632904053,14.74411790422088,3.72102952003479,4.026262283325195,True
MCQA_0151_1,MCQA,PNT3,replace,3,vào,vô,1,1,False,none,Connectives/Aspect markers,,,0.3052327632904053,14.74411790422088,3.72102952003479,4.026262283325195,True
MCQA_0151_1,MCQA,PNT3,replace,4,nước,nác,1,1,False,none,Orthographic variant,,,0.3052327632904053,14.74411790422088,3.72102952003479,4.026262283325195,False
MCQA_0151_1,MCQA,PNT3,replace,5,gọi,kêu,1,1,True,dialect_phrase,Predicate vocabulary,gọi,Hue,0.3052327632904053,14.74411790422088,3.72102952003479,4.026262283325195,True
MCQA_0151_1,MCQA,PNT3,replace,6,đàn,bầy,1,1,False,none,Predicate vocabulary,,,0.3052327632904053,14.74411790422088,3.72102952003479,4.026262283325195,True
MCQA_0151_1,MCQA,PNT4,replace,0,gì,chi,1,1,True,dialect_phrase,Interrogatives,gì,QuangNam,0.1979360580444336,9.04143790395772,3.72102952003479,3.918965578079224,True
MCQA_0151_3,MCQA,PNN,delete,0,như,,1,0,False,none,Unknown,,,0.2601199150085449,2.6644212405347414,2.1937217712402344,2.4538416862487793,False
MCQA_0151_3,MCQA,PNN,replace,1,gọi,kêu,1,1,True,dialect_phrase,Predicate vocabulary,gọi,NamBo,0.2601199150085449,2.6644212405347414,2.1937217712402344,2.4538416862487793,True
MCQA_0151_3,MCQA,PNN,replace,2,cạnh,kế bên,1,2,False,none,Predicate vocabulary,,,0.2601199150085449,2.6644212405347414,2.1937217712402344,2.4538416862487793,True
MCQA_0151_3,MCQA,PNT1,delete,0,thế,,1,0,False,none,Unknown,,,0.1029763221740722,0.972773054329446,2.1937217712402344,2.296698093414306,False
MCQA_0151_3,MCQA,PNT2,replace,0,như thế nào,a răng,3,2,False,none,Interrogatives,,,0.7626287937164307,10.259143519597812,2.1937217712402344,2.956350564956665,True
MCQA_0151_3,MCQA,PNT2,replace,1,giữa,trửa,1,1,False,none,Orthographic variant,,,0.7626287937164307,10.259143519597812,2.1937217712402344,2.956350564956665,False
MCQA_0151_3,MCQA,PNT3,replace,0,như thế nào,dư răng,3,2,False,none,Interrogatives,,,0.8408629894256592,11.8238124141539,2.1937217712402344,3.0345847606658936,True
MCQA_0151_3,MCQA,PNT3,replace,1,nước,nác,1,1,False,none,Orthographic variant,,,0.8408629894256592,11.8238124141539,2.1937217712402344,3.0345847606658936,False
MCQA_0151_3,MCQA,PNT4,replace,0,thế nào,răng,2,1,True,standard_word,Interrogatives,ren; sao; sô,PhuYen; QuangNam; QuangNgai,0.5133166313171387,6.016300803108081,2.1937217712402344,2.707038402557373,True
MCQA_0152_0,MCQA,PNN,replace,0,như thế nào,sao,3,1,True,dialect_phrase,Interrogatives,sao / thế nào,NamBo,0.1016216278076171,3.651862601043632,3.5304951667785645,3.6321167945861816,True
MCQA_0152_0,MCQA,PNN,replace,1,không,hông,1,1,True,dialect_phrase,Negation/Function words,không,NamBo,0.1016216278076171,3.651862601043632,3.5304951667785645,3.6321167945861816,True
MCQA_0152_0,MCQA,PNN,replace,2,đi,hai,1,1,False,none,Noise/Non-linguistic,,,0.1016216278076171,3.651862601043632,3.5304951667785645,3.6321167945861816,False
MCQA_0152_0,MCQA,PNN,insert,3,,cầm gì,0,2,False,none,Unknown,,,0.1016216278076171,3.651862601043632,3.5304951667785645,3.6321167945861816,False
MCQA_0152_0,MCQA,PNT1,replace,0,khỏi,khuổi,1,1,False,none,Orthographic variant,,,0.2630438804626465,10.27243439304312,3.5304951667785645,3.793539047241211,False
MCQA_0152_0,MCQA,PNT1,replace,1,có,cúa,1,1,False,none,Orthographic variant,,,0.2630438804626465,10.27243439304312,3.5304951667785645,3.793539047241211,False
MCQA_0152_0,MCQA,PNT1,replace,2,có,cúa,1,1,False,none,Orthographic variant,,,0.2630438804626465,10.27243439304312,3.5304951667785645,3.793539047241211,False
MCQA_0152_0,MCQA,PNT1,replace,3,gì,chi cả,1,2,False,none,Interrogatives,,,0.2630438804626465,10.27243439304312,3.5304951667785645,3.793539047241211,True
MCQA_0152_0,MCQA,PNT2,replace,0,đã,đạ,1,1,True,dialect_phrase,Connectives/Aspect markers,đã,HaTinh_QB_QT,0.2322428226470947,8.925310591261457,3.5304951667785645,3.762737989425659,True
MCQA_0152_0,MCQA,PNT2,replace,1,như thế nào,a răng,3,2,False,none,Interrogatives,,,0.2322428226470947,8.925310591261457,3.5304951667785645,3.762737989425659,True
MCQA_0152_0,MCQA,PNT2,replace,2,toòng teng,hoa tai,2,2,False,none,Predicate vocabulary,,,0.2322428226470947,8.925310591261457,3.5304951667785645,3.762737989425659,True
MCQA_0152_0,MCQA,PNT2,replace,3,không,nỏ,1,1,True,dialect_phrase,Negation/Function words,không,HaTinh_QB_QT; NgheAn,0.2322428226470947,8.925310591261457,3.5304951667785645,3.762737989425659,True
MCQA_0152_0,MCQA,PNT2,replace,4,gì,chi,1,1,True,dialect_phrase,Interrogatives,gì,HaTinh_QB_QT; NgheAn,0.2322428226470947,8.925310591261457,3.5304951667785645,3.762737989425659,True
MCQA_0152_0,MCQA,PNT3,replace,0,thế nào,răng,2,1,True,dialect_phrase,Interrogatives,sao / thế nào,HaTinh_QB_QT; Hue,0.4096598625183105,17.285704454073468,3.5304951667785645,3.940155029296875,True
MCQA_0152_0,MCQA,PNT3,replace,1,lớn,bà lả,1,2,True,dialect_phrase,Predicate vocabulary,to,HaTinh_QB_QT,0.4096598625183105,17.285704454073468,3.5304951667785645,3.940155029296875,True
MCQA_0152_0,MCQA,PNT3,replace,2,bận,mắc,1,1,False,none,Predicate vocabulary,,,0.4096598625183105,17.285704454073468,3.5304951667785645,3.940155029296875,True
MCQA_0152_0,MCQA,PNT3,replace,3,không,nỏ,1,1,True,dialect_phrase,Negation/Function words,không,HaTinh_QB_QT,0.4096598625183105,17.285704454073468,3.5304951667785645,3.940155029296875,True
MCQA_0152_0,MCQA,PNT3,replace,4,gì,chi,1,1,True,dialect_phrase,Interrogatives,gì; sao / thế nào,HaTinh_QB_QT; Hue,0.4096598625183105,17.285704454073468,3.5304951667785645,3.940155029296875,True
MCQA_0152_0,MCQA,PNT4,replace,0,hiệu,hàng,1,1,False,none,Predicate vocabulary,,,0.1677217483520507,6.234378790375921,3.5304951667785645,3.6982169151306152,True
MCQA_0152_0,MCQA,PNT4,replace,1,cậu,anh,1,1,False,none,Pronouns,,,0.1677217483520507,6.234378790375921,3.5304951667785645,3.6982169151306152,True
MCQA_0152_0,MCQA,PNT4,replace,2,thế nào,ren,2,1,True,dialect_phrase,Interrogatives,sao / thế nào,QuangNam,0.1677217483520507,6.234378790375921,3.5304951667785645,3.6982169151306152,True
MCQA_0152_0,MCQA,PNT4,replace,3,bóng,bong,1,1,False,none,Orthographic variant,,,0.1677217483520507,6.234378790375921,3.5304951667785645,3.6982169151306152,False
MCQA_0152_0,MCQA,PNT4,replace,4,bận,mắc,1,1,False,none,Predicate vocabulary,,,0.1677217483520507,6.234378790375921,3.5304951667785645,3.6982169151306152,True
MCQA_0152_0,MCQA,PNT4,replace,5,bóng,bong,1,1,False,none,Orthographic variant,,,0.1677217483520507,6.234378790375921,3.5304951667785645,3.6982169151306152,False
MCQA_0152_0,MCQA,PNT4,replace,6,mang,đem,1,1,False,none,Predicate vocabulary,,,0.1677217483520507,6.234378790375921,3.5304951667785645,3.6982169151306152,True
MCQA_0152_0,MCQA,PNT4,replace,7,gì,chi,1,1,True,dialect_phrase,Interrogatives,gì,QuangNam,0.1677217483520507,6.234378790375921,3.5304951667785645,3.6982169151306152,True
MCQA_0152_3,MCQA,PNN,replace,0,“tôi,“tui,1,1,False,none,Pronouns,,,0.2197377681732177,6.810117361434347,3.321849822998047,3.5415875911712646,True
MCQA_0152_3,MCQA,PNN,replace,1,và,với,1,1,False,none,Connectives/Aspect markers,,,0.2197377681732177,6.810117361434347,3.321849822998047,3.5415875911712646,True
MCQA_0152_3,MCQA,PNN,replace,2,không,hông,1,1,True,dialect_phrase,Negation/Function words,không,NamBo,0.2197377681732177,6.810117361434347,3.321849822998047,3.5415875911712646,True
MCQA_0152_3,MCQA,PNN,replace,3,không,hông,1,1,True,dialect_phrase,Negation/Function words,không,NamBo,0.2197377681732177,6.810117361434347,3.321849822998047,3.5415875911712646,True
MCQA_0152_3,MCQA,PNN,replace,4,nhìn,ngó,1,1,False,none,Predicate vocabulary,,,0.2197377681732177,6.810117361434347,3.321849822998047,3.5415875911712646,True
MCQA_0152_3,MCQA,PNT1,replace,0,“tôi,“tau,1,1,False,none,Pronouns,,,0.2411043643951416,7.555664743532024,3.321849822998047,3.5629541873931885,True
MCQA_0152_3,MCQA,PNT1,replace,1,có,cúa,1,1,False,none,Orthographic variant,,,0.2411043643951416,7.555664743532024,3.321849822998047,3.5629541873931885,False
MCQA_0152_3,MCQA,PNT1,replace,2,có,cúa,1,1,False,none,Orthographic variant,,,0.2411043643951416,7.555664743532024,3.321849822998047,3.5629541873931885,False
MCQA_0152_3,MCQA,PNT2,replace,0,“tôi,“tui,1,1,False,none,Pronouns,,,0.2355515956878662,7.360376672205643,3.321849822998047,3.557401418685913,True
MCQA_0152_3,MCQA,PNT2,replace,1,gì,chi,1,1,True,dialect_phrase,Interrogatives,gì,HaTinh_QB_QT; NgheAn,0.2355515956878662,7.360376672205643,3.321849822998047,3.557401418685913,True
MCQA_0152_3,MCQA,PNT2,replace,2,không thấy,nỏ chộ,2,2,False,none,Negation/Function words,,,0.2355515956878662,7.360376672205643,3.321849822998047,3.557401418685913,True
MCQA_0152_3,MCQA,PNT3,replace,0,“tôi mong mình,“tau trông mềng,3,3,False,none,Pronouns,,,0.6342101097106934,24.539482532852382,3.321849822998047,3.95605993270874,True
MCQA_0152_3,MCQA,PNT3,replace,1,mình,mềng,1,1,False,none,Pronouns,,,0.6342101097106934,24.539482532852382,3.321849822998047,3.95605993270874,True
MCQA_0152_3,MCQA,PNT3,replace,2,gì,chi,1,1,True,dialect_phrase,Interrogatives,gì; sao / thế nào,HaTinh_QB_QT; Hue,0.6342101097106934,24.539482532852382,3.321849822998047,3.95605993270874,True
MCQA_0152_3,MCQA,PNT3,replace,3,bà mong mình,mệ trông mềng,3,3,False,none,Pronouns,,,0.6342101097106934,24.539482532852382,3.321849822998047,3.95605993270874,True
MCQA_0152_3,MCQA,PNT3,replace,4,không,nỏ,1,1,True,dialect_phrase,Negation/Function words,không,HaTinh_QB_QT,0.6342101097106934,24.539482532852382,3.321849822998047,3.95605993270874,True
MCQA_0152_3,MCQA,PNT3,replace,5,bà mong mình,mệ trông mềng,3,3,False,none,Pronouns,,,0.6342101097106934,24.539482532852382,3.321849822998047,3.95605993270874,True
MCQA_0152_3,MCQA,PNT3,replace,6,không thấy cái đầu,nỏ chộ kì trốc,4,4,False,none,Negation/Function words,,,0.6342101097106934,24.539482532852382,3.321849822998047,3.95605993270874,True
MCQA_0152_3,MCQA,PNT3,replace,7,cậu,cu,1,1,False,none,Pronouns,,,0.6342101097106934,24.539482532852382,3.321849822998047,3.95605993270874,True
MCQA_0152_3,MCQA,PNT3,replace,8,bà mong mình,mệ trông mềng,3,3,False,none,Pronouns,,,0.6342101097106934,24.539482532852382,3.321849822998047,3.95605993270874,True
MCQA_0152_3,MCQA,PNT4,replace,0,gì,chi,1,1,True,dialect_phrase,Interrogatives,gì,QuangNam,0.0719249248504638,2.0665807119759982,3.321849822998047,3.3937747478485107,True
NLI_0521,NLI,PNN,replace,0,cô,cổ,1,1,True,dialect_phrase,Pronouns,cô ấy,NamBo,0.8069534301757812,75.0327403155701,4.101950645446777,4.908904075622559,True
NLI_0521,NLI,PNN,replace,1,cô ấy,cổ,2,1,True,dialect_phrase,Pronouns,cô ấy,NamBo,0.8069534301757812,75.0327403155701,4.101950645446777,4.908904075622559,True
NLI_0647,NLI,PNN,replace,0,vào,vô,1,1,False,none,Connectives/Aspect markers,,,0.8289649486541748,47.16411220728494,3.5982577800750732,4.427222728729248,True
NLI_0647,NLI,PNT2,replace,0,đã,đạ,1,1,True,dialect_phrase,Connectives/Aspect markers,đã,HaTinh_QB_QT,0.6048758029937744,30.361098166992328,3.5982577800750732,4.203133583068848,True
NLI_0716,NLI,PNN,replace,0,không,hông,1,1,True,dialect_phrase,Negation/Function words,không,NamBo,0.5417518615722656,51.43692527373004,4.270228385925293,4.811980247497559,True
NLI_0716,NLI,PNN,replace,1,cô gái cưới,cổ lấy,3,2,False,none,Pronouns,,,0.5417518615722656,51.43692527373004,4.270228385925293,4.811980247497559,True
NLI_0729,NLI,PNB,insert,0,,vẫn,0,1,False,none,Unknown,,,-0.1427557468414306,-2.6168534630854943,2.979121685028076,2.8363659381866455,False
NLI_0729,NLI,PNB,delete,1,biết,,1,0,False,none,Unknown,,,-0.1427557468414306,-2.6168534630854943,2.979121685028076,2.8363659381866455,False
NLI_0729,NLI,PNB,replace,2,ông ấy,mình,2,1,True,standard_word,Pronouns,ông ấy,BacBo,-0.1427557468414306,-2.6168534630854943,2.979121685028076,2.8363659381866455,True
NLI_0729,NLI,PNN,delete,0,rất,,1,0,True,standard_word,Predicate vocabulary,dữ,NamBo,1.5218119621276855,70.43068265280259,2.979121685028076,4.500933647155762,False
NLI_0729,NLI,PNN,insert,1,,dữ lắm,0,2,False,none,Unknown,,,1.5218119621276855,70.43068265280259,2.979121685028076,4.500933647155762,False
NLI_0729,NLI,PNN,replace,2,không,hông,1,1,True,dialect_phrase,Negation/Function words,không,NamBo,1.5218119621276855,70.43068265280259,2.979121685028076,4.500933647155762,True
NLI_0729,NLI,PNN,replace,3,ông ấy,ổng,2,1,True,dialect_phrase,Pronouns,ông ấy,NamBo,1.5218119621276855,70.43068265280259,2.979121685028076,4.500933647155762,True
NLI_0729,NLI,PNN,delete,4,thế,,1,0,True,standard_word,Demonstratives/Deixis,vậy,NamBo,1.5218119621276855,70.43068265280259,2.979121685028076,4.500933647155762,False
NLI_0830,NLI,PNN,delete,0,đều,,1,0,False,none,Unknown,,,-0.0687663555145263,-2.3212127104566633,3.553316593170166,3.4845502376556396,False
NLI_0830,NLI,PNT1,replace,0,cho,chua,1,1,False,none,Predicate vocabulary,,,0.1961228847503662,7.568283893195442,3.553316593170166,3.749439477920532,True
NLI_0830,NLI,PNT2,replace,0,hôm,vào bựa,1,2,False,none,Noise/Non-linguistic,,,0.6136364936828613,29.5895990594073,3.553316593170166,4.166953086853027,False
NLI_0830,NLI,PNT2,replace,1,cũng đều,cụng,2,1,False,none,Negation/Function words,,,0.6136364936828613,29.5895990594073,3.553316593170166,4.166953086853027,True
NLI_0830,NLI,PNT2,insert,2,,cả,0,1,False,none,Unknown,,,0.6136364936828613,29.5895990594073,3.553316593170166,4.166953086853027,False
NLI_0959,NLI,PNB,replace,0,ngưới,người,1,1,False,none,Orthographic variant,,,-0.3020291328430176,-7.50957820377328,3.3606276512145996,3.058598518371582,False
NLI_0959,NLI,PNN,replace,0,trong tương lai,sau này,3,2,False,none,Predicate vocabulary,,,0.4460780620574951,16.194678977870637,3.3606276512145996,3.8067057132720943,True
NLI_0959,NLI,PNN,replace,1,những,mấy,1,1,False,none,Negation/Function words,,,0.4460780620574951,16.194678977870637,3.3606276512145996,3.8067057132720943,True
NLI_0959,NLI,PNN,replace,2,đến,tới,1,1,False,none,Predicate vocabulary,,,0.4460780620574951,16.194678977870637,3.3606276512145996,3.8067057132720943,True
NLI_0959,NLI,PNN,replace,3,số,phần,1,1,False,none,Predicate vocabulary,,,0.4460780620574951,16.194678977870637,3.3606276512145996,3.8067057132720943,True
NLI_0959,NLI,PNN,replace,4,nữ,con gái,1,2,False,none,Predicate vocabulary,,,0.4460780620574951,16.194678977870637,3.3606276512145996,3.8067057132720943,True
NLI_0959,NLI,PNT1,replace,0,có điểm,cúa đỉm,2,2,False,none,Orthographic variant,,,0.6475615501403809,26.23983492174223,3.3606276512145996,4.0081892013549805,False
NLI_0959,NLI,PNT1,replace,1,có,cúa,1,1,False,none,Orthographic variant,,,0.6475615501403809,26.23983492174223,3.3606276512145996,4.0081892013549805,False
NLI_0959,NLI,PNT3,replace,0,trong tương lai,sau ni,3,2,False,none,Idiomatic expressions,,,0.3967270851135254,14.02770007768796,3.3606276512145996,3.757354736328125,True
NLI_0959,NLI,PNT3,replace,1,ngưới,người,1,1,False,none,Orthographic variant,,,0.3967270851135254,14.02770007768796,3.3606276512145996,3.757354736328125,False
NLI_0959,NLI,PNT3,replace,2,đến,tới,1,1,False,none,Predicate vocabulary,,,0.3967270851135254,14.02770007768796,3.3606276512145996,3.757354736328125,True
NLI_1019,NLI,PNN,replace,0,không,hông,1,1,True,dialect_phrase,Negation/Function words,không,NamBo,0.6404170989990234,49.817559844941854,4.016763687133789,4.6571807861328125,True
NLI_1019,NLI,PNN,replace,1,các,mấy,1,1,False,none,Negation/Function words,,,0.6404170989990234,49.817559844941854,4.016763687133789,4.6571807861328125,True
NLI_1019,NLI,PNT3,replace,0,các,mấy cái,1,2,False,none,Negation/Function words,,,0.3298678398132324,21.696786870713,4.016763687133789,4.3466315269470215,True
NLI_1069,NLI,PNT1,replace,0,có,cúa,1,1,False,none,Orthographic variant,,,0.7697970867156982,26.300164442972576,3.121734619140625,3.8915317058563232,False
NLI_1069,NLI,PNT3,replace,0,chiến,ni,1,1,True,dialect_phrase,Demonstratives/Deixis,này,HaTinh_QB_QT; Hue,1.4755711555480957,76.53094665060448,3.121734619140625,4.597305774688721,True
NLI_1069,NLI,PNT3,replace,1,thể sẽ,khi đã,2,2,False,none,Connectives/Aspect markers,,,1.4755711555480957,76.53094665060448,3.121734619140625,4.597305774688721,True
NLI_1069,NLI,PNT3,replace,2,như vậy,rứa,2,1,True,standard_word,Demonstratives/Deixis,như rứa,HaTinh_QB_QT; Hue,1.4755711555480957,76.53094665060448,3.121734619140625,4.597305774688721,True
NLI_1069,NLI,PNT3,replace,3,chúng tôi,bọn tui,2,2,True,standard_word,Pronouns,choa; tụi mền; tụi tau,HaTinh_QB_QT; Hue,1.4755711555480957,76.53094665060448,3.121734619140625,4.597305774688721,True
NLI_1077,NLI,PNB,replace,0,đức,bức,1,1,False,none,Noise/Non-linguistic,,,-0.9315977096557616,-717.441007142959,7.076440334320068,6.144842624664307,False
NLI_1077,NLI,PNN,replace,0,ví,bóp,1,1,False,none,Predicate vocabulary,,,-0.1135368347167968,-127.05003793933838,7.076440334320068,6.9629034996032715,True
NLI_1077,NLI,PNT1,replace,0,cái,cấy,1,1,True,dialect_phrase,Negation/Function words,cái,ThanhHoa,-0.3677282333374023,-364.2327577553102,7.076440334320068,6.708712100982666,True
NLI_1077,NLI,PNT2,replace,0,đã,đạ,1,1,True,dialect_phrase,Connectives/Aspect markers,đã,HaTinh_QB_QT,-0.3612890243530273,-358.9387061153261,7.076440334320068,6.715151309967041,True
NLI_1077,NLI,PNT2,replace,1,đức,bức,1,1,False,none,Noise/Non-linguistic,,,-0.3612890243530273,-358.9387061153261,7.076440334320068,6.715151309967041,False
NLI_1114,NLI,PNN,replace,0,chúng tôi,tụi tui,2,2,True,dialect_phrase,Pronouns,chúng tôi,NamBo,1.2431247234344482,52.91255241529419,3.0658695697784424,4.308994293212891,True
NLI_1114,NLI,PNN,replace,1,không,hông,1,1,True,dialect_phrase,Negation/Function words,không,NamBo,1.2431247234344482,52.91255241529419,3.0658695697784424,4.308994293212891,True
NLI_1114,NLI,PNT1,replace,0,chúng tôi,bọn tau,2,2,False,none,Pronouns,,,1.622734308242798,87.24820467347868,3.0658695697784424,4.68860387802124,True
NLI_1405,NLI,PNT3,replace,0,gia đình,kì nhà,2,2,False,none,Kinship/Honorific terms,,,1.7507328987121582,135.7929190327229,3.351130962371826,5.101863861083984,True
NLI_1405,NLI,PNT3,insert,1,,kì,0,1,True,dialect_phrase,Negation/Function words,cái,HaTinh_QB_QT,1.7507328987121582,135.7929190327229,3.351130962371826,5.101863861083984,False
NLI_1420,NLI,PNN,replace,0,không,hổng,1,1,True,standard_word,Negation/Function words,hông,NamBo,-0.1653122901916504,-15.05114521174538,4.592890739440918,4.427578449249268,True
NLI_1420,NLI,PNN,replace,1,buồn,sầu,1,1,False,none,Predicate vocabulary,,,-0.1653122901916504,-15.05114521174538,4.592890739440918,4.427578449249268,True
NLI_1420,NLI,PNT1,replace,0,ngày,ngay,1,1,False,none,Orthographic variant,,,0.8559179306030273,133.70147541860075,4.592890739440918,5.448808670043945,False
NLI_1420,NLI,PNT1,replace,1,đó,đứa,1,1,True,standard_word,Demonstratives/Deixis,nứ,ThanhHoa,0.8559179306030273,133.70147541860075,4.592890739440918,5.448808670043945,True
NLI_1420,NLI,PNT2,replace,0,không,nọ,1,1,True,standard_word,Negation/Function words,nỏ,HaTinh_QB_QT; NgheAn,1.4018969535827637,302.5519056537092,4.592890739440918,5.994787693023682,True
NLI_1420,NLI,PNT2,replace,1,đó,nớ,1,1,True,dialect_phrase,Demonstratives/Deixis,ấy / đó,HaTinh_QB_QT; NgheAn,1.4018969535827637,302.5519056537092,4.592890739440918,5.994787693023682,True
NLI_1420,NLI,PNT3,replace,0,không cảm thấy,nỏ chộ,3,2,False,none,Negation/Function words,,,0.8596291542053223,134.56586752258266,4.592890739440918,5.45251989364624,True
NLI_1420,NLI,PNT3,replace,1,ngày,ngay,1,1,False,none,Orthographic variant,,,0.8596291542053223,134.56586752258266,4.592890739440918,5.45251989364624,False
NLI_1420,NLI,PNT3,replace,2,đó,nớ,1,1,True,dialect_phrase,Demonstratives/Deixis,kia; ấy / đó,HaTinh_QB_QT; Hue,0.8596291542053223,134.56586752258266,4.592890739440918,5.45251989364624,True
NLI_1420,NLI,PNT4,replace,0,đó,nớ,1,1,True,dialect_phrase,Demonstratives/Deixis,ấy / đó,QuangNam,0.5653996467590332,75.08739220455793,4.592890739440918,5.158290386199951,True
NLI_1465,NLI,PNT1,replace,0,cái,cấy,1,1,True,dialect_phrase,Negation/Function words,cái,ThanhHoa,0.7120456695556641,110.30375299813822,4.6657915115356445,5.377837181091309,True
NLI_1465,NLI,PNT1,replace,1,ấy,nứ,1,1,True,dialect_phrase,Demonstratives/Deixis,ấy / đó,ThanhHoa,0.7120456695556641,110.30375299813822,4.6657915115356445,5.377837181091309,True
NLI_1465,NLI,PNT3,replace,0,cô ấy,chị nớ,2,2,True,standard_word,Pronouns,o nớ,HaTinh_QB_QT; Hue,0.6949410438537598,106.63118657554168,4.6657915115356445,5.360732555389404,True
NLI_1465,NLI,PNT4,replace,0,ví,bóp,1,1,False,none,Predicate vocabulary,,,0.4387965202331543,58.52652422603949,4.6657915115356445,5.104588031768799,True
NLI_1465,NLI,PNT4,replace,1,cô ấy,cổ,2,1,True,dialect_phrase,Pronouns,cô ấy,PhuYen; QuangNgai,0.4387965202331543,58.52652422603949,4.6657915115356445,5.104588031768799,True
NLI_1639,NLI,PNB,replace,0,rễ,rể,1,1,False,none,Orthographic variant,,,-0.7047367095947266,-24.299017308365126,3.872126340866089,3.1673896312713623,False
NLI_1639,NLI,PNN,delete,0,rất,,1,0,True,standard_word,Predicate vocabulary,dữ,NamBo,0.2320969104766845,12.55122227253684,3.872126340866089,4.104223251342773,False
NLI_1639,NLI,PNN,insert,1,,dữ lắm,0,2,False,none,Unknown,,,0.2320969104766845,12.55122227253684,3.872126340866089,4.104223251342773,False
NLI_1639,NLI,PNT1,replace,0,có,cúa,1,1,False,none,Orthographic variant,,,1.8558361530303955,259.2979815420712,3.872126340866089,5.727962493896484,False
NLI_1639,NLI,PNT1,replace,1,giỏi,giuổi,1,1,False,none,Orthographic variant,,,1.8558361530303955,259.2979815420712,3.872126340866089,5.727962493896484,False
NLI_1639,NLI,PNT4,delete,0,rất,,1,0,True,standard_word,Predicate vocabulary,"dữ; dữ, quá chừng, ghê",PhuYen; QuangNam; QuangNgai,0.2320969104766845,12.55122227253684,3.872126340866089,4.104223251342773,False
NLI_1639,NLI,PNT4,insert,1,,dữ lắm,0,2,False,none,Unknown,,,0.2320969104766845,12.55122227253684,3.872126340866089,4.104223251342773,False
NLI_1677,NLI,PNT3,replace,0,bãi,bại,1,1,False,none,Orthographic variant,,,1.0198183059692385,168.60836053943137,4.555079936981201,5.5748982429504395,False
NLI_1749,NLI,PNN,replace,0,không,hông,1,1,True,dialect_phrase,Negation/Function words,không,NamBo,1.327010154724121,5514.674483218669,7.596408843994141,8.923418998718262,True
NLI_1749,NLI,PNT1,replace,0,không,chả,1,1,False,none,Negation/Function words,,,1.0344057083129885,3610.606291865509,7.596408843994141,8.630814552307129,True
NLI_1749,NLI,PNT2,replace,0,không,nỏ,1,1,True,dialect_phrase,Negation/Function words,không,HaTinh_QB_QT; NgheAn,2.1310901641845703,14781.518874726771,7.596408843994141,9.727499008178713,True
NLI_1749,NLI,PNT2,delete,1,lặng,,1,0,False,none,Unknown,,,2.1310901641845703,14781.518874726771,7.596408843994141,9.727499008178713,False
NLI_1767,NLI,PNT1,replace,0,miệt,kì,1,1,False,none,Predicate vocabulary,,,0.5930581092834473,182.19800797460852,5.416415691375732,6.00947380065918,True
NLI_1767,NLI,PNT3,insert,0,,người ta,0,2,False,none,Unknown,,,-0.2705035209655761,-53.34289274528027,5.416415691375732,5.145912170410156,False
NLI_1775,NLI,PNN,replace,0,những,mấy,1,1,False,none,Negation/Function words,,,1.2442584037780762,54.13480724352247,3.087113380432129,4.331371784210205,True
NLI_1775,NLI,PNN,replace,1,không,hông,1,1,True,dialect_phrase,Negation/Function words,không,NamBo,1.2442584037780762,54.13480724352247,3.087113380432129,4.331371784210205,True
NLI_1775,NLI,PNN,replace,2,và,với,1,1,False,none,Connectives/Aspect markers,,,1.2442584037780762,54.13480724352247,3.087113380432129,4.331371784210205,True
NLI_1775,NLI,PNN,replace,3,những gì,mấy cái,2,2,False,none,Predicate vocabulary,,,1.2442584037780762,54.13480724352247,3.087113380432129,4.331371784210205,True
NLI_1775,NLI,PNN,replace,4,vào,vô,1,1,False,none,Connectives/Aspect markers,,,1.2442584037780762,54.13480724352247,3.087113380432129,4.331371784210205,True
NLI_1775,NLI,PNN,delete,5,rất,,1,0,True,standard_word,Predicate vocabulary,dữ,NamBo,1.2442584037780762,54.13480724352247,3.087113380432129,4.331371784210205,False
NLI_1775,NLI,PNN,insert,6,,dữ lắm,0,2,False,none,Unknown,,,1.2442584037780762,54.13480724352247,3.087113380432129,4.331371784210205,False
NLI_1775,NLI,PNT1,replace,0,có,cúa,1,1,False,none,Orthographic variant,,,0.6515603065490723,20.128462076436215,3.087113380432129,3.738673686981201,False
NLI_1775,NLI,PNT1,replace,1,có,cúa,1,1,False,none,Orthographic variant,,,0.6515603065490723,20.128462076436215,3.087113380432129,3.738673686981201,False
NLI_1775,NLI,PNT2,replace,0,không,nỏ,1,1,True,dialect_phrase,Negation/Function words,không,HaTinh_QB_QT; NgheAn,0.0955586433410644,2.1973629819760774,3.087113380432129,3.182672023773194,True
NLI_1775,NLI,PNT3,replace,0,và,với,1,1,False,none,Connectives/Aspect markers,,,0.4720964431762695,13.221693004361375,3.087113380432129,3.5592098236083984,True
NLI_1775,NLI,PNT3,replace,1,gì,chi,1,1,True,dialect_phrase,Interrogatives,gì; sao / thế nào,HaTinh_QB_QT; Hue,0.4720964431762695,13.221693004361375,3.087113380432129,3.5592098236083984,True
NLI_1775,NLI,PNT4,replace,0,gì,chi,1,1,True,dialect_phrase,Interrogatives,gì,QuangNam,0.6391897201538086,19.61157917117776,3.087113380432129,3.7263031005859375,True
NLI_1775,NLI,PNT4,replace,1,vào,vô,1,1,False,none,Connectives/Aspect markers,,,0.6391897201538086,19.61157917117776,3.087113380432129,3.7263031005859375,True
NLI_1921,NLI,PNN,replace,0,nói rằng,kêu là,2,2,False,none,Predicate vocabulary,,,0.9063265323638916,51.29597485358886,3.548809766769409,4.455136299133301,True
NLI_1921,NLI,PNN,replace,1,cạnh nơi,kế bên chỗ,2,3,False,none,Predicate vocabulary,,,0.9063265323638916,51.29597485358886,3.548809766769409,4.455136299133301,True
NLI_1921,NLI,PNN,replace,2,và các,với mấy,2,2,False,none,Connectives/Aspect markers,,,0.9063265323638916,51.29597485358886,3.548809766769409,4.455136299133301,True
NLI_1921,NLI,PNN,replace,3,rất to,bự chảng,2,2,False,none,Predicate vocabulary,,,0.9063265323638916,51.29597485358886,3.548809766769409,4.455136299133301,True
NLI_1921,NLI,PNT1,insert,0,,nứ,0,1,True,dialect_phrase,Demonstratives/Deixis,ấy / đó,ThanhHoa,0.1747040748596191,6.637739530805362,3.548809766769409,3.723513841629028,False
NLI_1921,NLI,PNT2,replace,0,đã,đạ,1,1,True,dialect_phrase,Connectives/Aspect markers,đã,HaTinh_QB_QT,1.4180443286895752,108.8025983119825,3.548809766769409,4.966854095458984,True
NLI_1921,NLI,PNT2,replace,1,rằng,là,1,1,False,none,Connectives/Aspect markers,,,1.4180443286895752,108.8025983119825,3.548809766769409,4.966854095458984,True
NLI_1921,NLI,PNT2,replace,2,nơi,chộ,1,1,True,dialect_phrase,Predicate vocabulary,thấy,HaTinh_QB_QT,1.4180443286895752,108.8025983119825,3.548809766769409,4.966854095458984,True
NLI_1921,NLI,PNT2,replace,3,các,mấy,1,1,False,none,Negation/Function words,,,1.4180443286895752,108.8025983119825,3.548809766769409,4.966854095458984,True
NLI_1921,NLI,PNT2,replace,4,làm việc,mần,2,1,True,dialect_phrase,Predicate vocabulary,làm,HaTinh_QB_QT,1.4180443286895752,108.8025983119825,3.548809766769409,4.966854095458984,True
NLI_1921,NLI,PNT2,replace,5,rất,ràng,1,1,True,standard_word,Predicate vocabulary,bất; dữ,HaTinh_QB_QT,1.4180443286895752,108.8025983119825,3.548809766769409,4.966854095458984,True
NLI_1921,NLI,PNT3,replace,0,đã,đạ,1,1,True,dialect_phrase,Connectives/Aspect markers,đã,HaTinh_QB_QT,0.9951326847076416,59.28899445535002,3.548809766769409,4.543942451477051,True
NLI_1921,NLI,PNT3,replace,1,rằng,là,1,1,False,none,Connectives/Aspect markers,,,0.9951326847076416,59.28899445535002,3.548809766769409,4.543942451477051,True
NLI_1921,NLI,PNT3,replace,2,làm,mần,1,1,True,dialect_phrase,Predicate vocabulary,làm,HaTinh_QB_QT; Hue,0.9951326847076416,59.28899445535002,3.548809766769409,4.543942451477051,True
NLI_1921,NLI,PNT3,delete,3,rất,,1,0,True,standard_word,Predicate vocabulary,bất; dệ sợ; dữ,HaTinh_QB_QT; Hue,0.9951326847076416,59.28899445535002,3.548809766769409,4.543942451477051,False
NLI_1921,NLI,PNT3,insert,4,,bà lả,0,2,True,dialect_phrase,Predicate vocabulary,to,HaTinh_QB_QT,0.9951326847076416,59.28899445535002,3.548809766769409,4.543942451477051,False
NLI_1921,NLI,PNT4,replace,0,rằng,là,1,1,False,none,Connectives/Aspect markers,,,0.7650454044342041,39.95611749164617,3.548809766769409,4.313855171203613,True
NLI_1921,NLI,PNT4,replace,1,nơi,chỗ,1,1,False,none,Predicate vocabulary,,,0.7650454044342041,39.95611749164617,3.548809766769409,4.313855171203613,True
NLI_1921,NLI,PNT4,replace,2,và các,với mấy,2,2,False,none,Connectives/Aspect markers,,,0.7650454044342041,39.95611749164617,3.548809766769409,4.313855171203613,True
NLI_1921,NLI,PNT4,replace,3,có kích thước rất to,bự quá chừng,5,3,False,none,Predicate vocabulary,,,0.7650454044342041,39.95611749164617,3.548809766769409,4.313855171203613,True
NLI_2198,NLI,PNB,replace,0,nóng,sốt,1,1,False,none,Predicate vocabulary,,,-0.1374211311340332,-12.011421718350649,4.538486957550049,4.401065826416016,True
NLI_2198,NLI,PNB,replace,1,vì,tại,1,1,False,none,Connectives/Aspect markers,,,-0.1374211311340332,-12.011421718350649,4.538486957550049,4.401065826416016,True
NLI_2198,NLI,PNN,replace,0,vì,tại,1,1,False,none,Connectives/Aspect markers,,,0.2583470344543457,27.577173758746454,4.538486957550049,4.7968339920043945,True
NLI_2198,NLI,PNT1,replace,0,nóng,sốt,1,1,False,none,Predicate vocabulary,,,0.1793074607849121,18.37197990145188,4.538486957550049,4.717794418334961,True
NLI_2198,NLI,PNT1,replace,1,cái,cấy,1,1,True,dialect_phrase,Negation/Function words,cái,ThanhHoa,0.1793074607849121,18.37197990145188,4.538486957550049,4.717794418334961,True
NLI_2198,NLI,PNT1,replace,2,cái,cấy,1,1,True,dialect_phrase,Negation/Function words,cái,ThanhHoa,0.1793074607849121,18.37197990145188,4.538486957550049,4.717794418334961,True
NLI_2198,NLI,PNT2,replace,0,ruột,rọt,1,1,False,none,Orthographic variant,,,0.5297503471374512,65.34484949153521,4.538486957550049,5.0682373046875,False
NLI_2198,NLI,PNT2,replace,1,cái,cấy,1,1,True,dialect_phrase,Negation/Function words,cái,HaTinh_QB_QT; NgheAn,0.5297503471374512,65.34484949153521,4.538486957550049,5.0682373046875,True
NLI_2198,NLI,PNT2,replace,2,cái,cấy,1,1,True,dialect_phrase,Negation/Function words,cái,HaTinh_QB_QT; NgheAn,0.5297503471374512,65.34484949153521,4.538486957550049,5.0682373046875,True
NLI_2198,NLI,PNT3,replace,0,rất,đại,1,1,True,standard_word,Predicate vocabulary,bất; dệ sợ; dữ,HaTinh_QB_QT; Hue,1.2892451286315918,246.03850041428672,4.538486957550049,5.827732086181641,True
NLI_2198,NLI,PNT3,replace,1,ruột,rọt,1,1,False,none,Orthographic variant,,,1.2892451286315918,246.03850041428672,4.538486957550049,5.827732086181641,False
NLI_2198,NLI,PNT3,replace,2,cái,kì,1,1,True,dialect_phrase,Negation/Function words,cái,HaTinh_QB_QT,1.2892451286315918,246.03850041428672,4.538486957550049,5.827732086181641,True
NLI_2198,NLI,PNT3,replace,3,cái,kì,1,1,True,dialect_phrase,Negation/Function words,cái,HaTinh_QB_QT,1.2892451286315918,246.03850041428672,4.538486957550049,5.827732086181641,True
NLI_2313,NLI,PNB,replace,0,thắng,thắn,1,1,False,none,Noise/Non-linguistic,,,-0.2947325706481933,-15.495901383085965,4.106011867523193,3.811279296875,False
NLI_2313,NLI,PNT1,replace,0,biết,bítt,1,1,False,none,Orthographic variant,,,1.060041904449463,114.51786733071688,4.106011867523193,5.166053771972656,False
NLI_2313,NLI,PNT1,replace,1,có,cúa cấy,1,2,False,none,Orthographic variant,,,1.060041904449463,114.51786733071688,4.106011867523193,5.166053771972656,False
NLI_2313,NLI,PNT1,replace,2,"biết""","bít""",1,1,False,none,Orthographic variant,,,1.060041904449463,114.51786733071688,4.106011867523193,5.166053771972656,False
NLI_2313,NLI,PNT1,replace,3,điểm,đỉm,1,1,False,none,Orthographic variant,,,1.060041904449463,114.51786733071688,4.106011867523193,5.166053771972656,False
NLI_2313,NLI,PNT2,replace,0,tôi,tui,1,1,True,dialect_phrase,Pronouns,tôi,HaTinh_QB_QT,1.279310703277588,157.47633337989126,4.106011867523193,5.385322570800781,True
NLI_2313,NLI,PNT2,replace,1,ấy,nớ,1,1,True,dialect_phrase,Demonstratives/Deixis,ấy / đó,HaTinh_QB_QT; NgheAn,1.279310703277588,157.47633337989126,4.106011867523193,5.385322570800781,True
NLI_2313,NLI,PNT2,replace,2,chúng,nhà,1,1,False,none,Pronouns,,,1.279310703277588,157.47633337989126,4.106011867523193,5.385322570800781,True
NLI_2313,NLI,PNT4,replace,0,tôi,ta,1,1,True,dialect_phrase,Pronouns,tao; tôi,QuangNam,0.8569893836975098,82.31826052426254,4.106011867523193,4.963001251220703,True
NLI_2313,NLI,PNT4,replace,1,khá,rất,1,1,False,none,Predicate vocabulary,,,0.8569893836975098,82.31826052426254,4.106011867523193,4.963001251220703,True
NLI_2313,NLI,PNT4,replace,2,ấy,nớ,1,1,True,dialect_phrase,Demonstratives/Deixis,ấy / đó,QuangNam,0.8569893836975098,82.31826052426254,4.106011867523193,4.963001251220703,True
NLI_2354,NLI,PNB,replace,0,sau,từ,1,1,False,none,Connectives/Aspect markers,,,0.7008576393127441,209.04418568523005,5.327183723449707,6.028041362762451,True
NLI_2354,NLI,PNB,insert,1,,nữa,0,1,False,none,Unknown,,,0.7008576393127441,209.04418568523005,5.327183723449707,6.028041362762451,False
NLI_2354,NLI,PNB,delete,2,trở,,1,0,False,none,Unknown,,,0.7008576393127441,209.04418568523005,5.327183723449707,6.028041362762451,False
NLI_2354,NLI,PNN,replace,0,không,hông,1,1,True,dialect_phrase,Negation/Function words,không,NamBo,0.7705774307250977,239.0032742223825,5.327183723449707,6.097761154174805,True
NLI_2354,NLI,PNN,delete,1,trở,,1,0,False,none,Unknown,,,0.7705774307250977,239.0032742223825,5.327183723449707,6.097761154174805,False
NLI_2354,NLI,PNT3,replace,0,không,nỏ,1,1,True,dialect_phrase,Negation/Function words,không,HaTinh_QB_QT,0.224794864654541,51.88962128921196,5.327183723449707,5.551978588104248,True
NLI_2354,NLI,PNT4,replace,0,không,hông,1,1,True,dialect_phrase,Negation/Function words,không,QuangNgai,0.2707338333129883,64.00644010242519,5.327183723449707,5.597917556762695,True
NLI_2559,NLI,PNN,replace,0,không,hổng,1,1,True,standard_word,Negation/Function words,hông,NamBo,0.4017035961151123,19.778963431334013,3.689093351364136,4.090796947479248,True
NLI_2559,NLI,PNT1,replace,0,hỏa,hoã,1,1,False,none,Orthographic variant,,,1.6394274234771729,166.12427484898654,3.689093351364136,5.328520774841309,False
NLI_2559,NLI,PNT1,replace,1,không,chả,1,1,False,none,Negation/Function words,,,1.6394274234771729,166.12427484898654,3.689093351364136,5.328520774841309,True
NLI_2559,NLI,PNT1,replace,2,gì,chi,1,1,False,none,Interrogatives,,,1.6394274234771729,166.12427484898654,3.689093351364136,5.328520774841309,True
NLI_2559,NLI,PNT2,replace,0,không,nỏ,1,1,True,dialect_phrase,Negation/Function words,không,HaTinh_QB_QT; NgheAn,1.030917406082153,72.16090251313895,3.689093351364136,4.720010757446289,True
NLI_2559,NLI,PNT2,replace,1,gì,chi,1,1,True,dialect_phrase,Interrogatives,gì,HaTinh_QB_QT; NgheAn,1.030917406082153,72.16090251313895,3.689093351364136,4.720010757446289,True
NLI_2559,NLI,PNT3,replace,0,không,nỏ,1,1,True,dialect_phrase,Negation/Function words,không,HaTinh_QB_QT,1.030917406082153,72.16090251313895,3.689093351364136,4.720010757446289,True
NLI_2559,NLI,PNT3,replace,1,gì,chi,1,1,True,dialect_phrase,Interrogatives,gì; sao / thế nào,HaTinh_QB_QT; Hue,1.030917406082153,72.16090251313895,3.689093351364136,4.720010757446289,True
NLI_2559,NLI,PNT4,replace,0,gì,chi,1,1,True,dialect_phrase,Interrogatives,gì,QuangNam,0.5854804515838623,31.84095392844192,3.689093351364136,4.274573802947998,True
NLI_2615,NLI,PNB,replace,0,lí,lý,1,1,False,none,Orthographic variant,,,-0.0822296142578125,-6.146628978240614,4.354976654052734,4.272747039794922,False
NLI_2615,NLI,PNN,replace,0,không,hông,1,1,True,dialect_phrase,Negation/Function words,không,NamBo,0.0554361343383789,4.43842291051601,4.354976654052734,4.410412788391113,True
NLI_2615,NLI,PNT1,replace,0,chui,bò,1,1,False,none,Predicate vocabulary,,,0.9892797470092772,131.53710801723165,4.354976654052734,5.344256401062012,True
NLI_2615,NLI,PNT1,replace,1,không,chả,1,1,False,none,Negation/Function words,,,0.9892797470092772,131.53710801723165,4.354976654052734,5.344256401062012,True
NLI_2615,NLI,PNT1,replace,2,gì,chi,1,1,False,none,Interrogatives,,,0.9892797470092772,131.53710801723165,4.354976654052734,5.344256401062012,True
NLI_2615,NLI,PNT2,replace,0,nó,hấn,1,1,True,standard_word,Pronouns,hắn; nghị,HaTinh_QB_QT,1.2174558639526367,185.2082444887553,4.354976654052734,5.572432518005371,True
NLI_2615,NLI,PNT2,replace,1,không,nỏ,1,1,True,dialect_phrase,Negation/Function words,không,HaTinh_QB_QT; NgheAn,1.2174558639526367,185.2082444887553,4.354976654052734,5.572432518005371,True
NLI_2615,NLI,PNT2,replace,2,gì,chi,1,1,True,dialect_phrase,Interrogatives,gì,HaTinh_QB_QT; NgheAn,1.2174558639526367,185.2082444887553,4.354976654052734,5.572432518005371,True
NLI_2615,NLI,PNT2,replace,3,nó,hấn,1,1,True,standard_word,Pronouns,hắn; nghị,HaTinh_QB_QT,1.2174558639526367,185.2082444887553,4.354976654052734,5.572432518005371,True
NLI_2615,NLI,PNT3,replace,0,gì,chi,1,1,True,dialect_phrase,Interrogatives,gì; sao / thế nào,HaTinh_QB_QT; Hue,0.6275033950805664,67.97060553511375,4.354976654052734,4.982480049133301,True
NLI_2615,NLI,PNT4,replace,0,gì,chi,1,1,True,dialect_phrase,Interrogatives,gì,QuangNam,0.6275033950805664,67.97060553511375,4.354976654052734,4.982480049133301,True
NLI_2837,NLI,PNT1,replace,0,có,cúa,1,1,False,none,Orthographic variant,,,1.1857995986938477,160.2133355487349,4.255272388458252,5.4410719871521,False
NLI_2837,NLI,PNT1,replace,1,chiếm,chím,1,1,False,none,Orthographic variant,,,1.1857995986938477,160.2133355487349,4.255272388458252,5.4410719871521,False
NLI_2899,NLI,PNN,replace,0,mẹ,mã,1,1,False,none,Noise/Non-linguistic,,,1.592470407485962,116.87467699464798,3.3960626125335693,4.988533020019531,False
NLI_2899,NLI,PNN,replace,1,không,hông,1,1,True,dialect_phrase,Negation/Function words,không,NamBo,1.592470407485962,116.87467699464798,3.3960626125335693,4.988533020019531,True
NLI_2899,NLI,PNN,replace,2,khi xem những,lúc coi mấy,3,3,False,none,Predicate vocabulary,,,1.592470407485962,116.87467699464798,3.3960626125335693,4.988533020019531,True
NLI_2899,NLI,PNT1,replace,0,xem,coi,1,1,False,none,Predicate vocabulary,,,0.1314513683319091,4.192888401110281,3.3960626125335693,3.5275139808654785,True
NLI_2899,NLI,PNT2,replace,0,đã,đạ,1,1,True,dialect_phrase,Connectives/Aspect markers,đã,HaTinh_QB_QT,1.2983911037445068,79.49271043629341,3.3960626125335693,4.694453716278076,True
NLI_2899,NLI,PNT2,replace,1,những,mấy cấy,1,2,False,none,Negation/Function words,,,1.2983911037445068,79.49271043629341,3.3960626125335693,4.694453716278076,True
NLI_2899,NLI,PNT3,replace,0,mẹ,mạ,1,1,True,dialect_phrase,Kinship/Honorific terms,mẹ,HaTinh_QB_QT,2.130173921585083,221.3504076835766,3.3960626125335693,5.526236534118652,True
NLI_2899,NLI,PNT3,replace,1,không,nỏ,1,1,True,dialect_phrase,Negation/Function words,không,HaTinh_QB_QT,2.130173921585083,221.3504076835766,3.3960626125335693,5.526236534118652,True
NLI_2899,NLI,PNT3,replace,2,xem những,coi mấy,2,2,False,none,Predicate vocabulary,,,2.130173921585083,221.3504076835766,3.3960626125335693,5.526236534118652,True
NLI_2899,NLI,PNT4,replace,0,ảnh,hình,1,1,False,none,Predicate vocabulary,,,0.1375682353973388,4.401740015630082,3.3960626125335693,3.533630847930908,True
NLI_2948,NLI,PNN,replace,0,chúng tôi,tụi tui,2,2,True,dialect_phrase,Pronouns,chúng tôi,NamBo,0.6285400390625,28.44436220616555,3.48162841796875,4.11016845703125,True
NLI_2948,NLI,PNT1,replace,0,những,nhửng,1,1,False,none,Orthographic variant,,,0.6759748458862305,31.405520811984175,3.48162841796875,4.1576032638549805,False
NLI_2948,NLI,PNT2,replace,0,gì,chi,1,1,True,dialect_phrase,Interrogatives,gì,HaTinh_QB_QT; NgheAn,1.2084636688232422,76.35058107771556,3.48162841796875,4.690092086791992,True
NLI_2948,NLI,PNT2,replace,1,làm,mần,1,1,True,dialect_phrase,Predicate vocabulary,làm,HaTinh_QB_QT,1.2084636688232422,76.35058107771556,3.48162841796875,4.690092086791992,True
NLI_2948,NLI,PNT3,replace,0,gì chúng tôi,chi choa,3,2,False,none,Interrogatives,,,1.2192349433898926,77.52951444964573,3.48162841796875,4.700863361358643,True
NLI_2948,NLI,PNT3,replace,1,làm,mần,1,1,True,dialect_phrase,Predicate vocabulary,làm,HaTinh_QB_QT; Hue,1.2192349433898926,77.52951444964573,3.48162841796875,4.700863361358643,True
NLI_2948,NLI,PNT4,replace,0,gì,chi,1,1,True,dialect_phrase,Interrogatives,gì,QuangNam,0.9463257789611816,51.247262148295505,3.48162841796875,4.427954196929932,True
NLI_3048,NLI,PNN,replace,0,giai đoạn,lúc,2,1,False,none,Predicate vocabulary,,,0.6516554355621338,15.84075040876695,2.847365617752075,3.499021053314209,True
NLI_3048,NLI,PNN,replace,1,không,hhông,1,1,True,standard_word,Negation/Function words,hông,NamBo,0.6516554355621338,15.84075040876695,2.847365617752075,3.499021053314209,True
NLI_3048,NLI,PNN,replace,2,hoặc,hay,1,1,False,none,Connectives/Aspect markers,,,0.6516554355621338,15.84075040876695,2.847365617752075,3.499021053314209,True
NLI_3048,NLI,PNT2,replace,0,này không,ni nỏ,2,2,False,none,Demonstratives/Deixis,,,0.6006035804748535,14.194187017829275,2.847365617752075,3.4479691982269287,True
NLI_3048,NLI,PNT3,replace,0,đã,đạ,1,1,True,dialect_phrase,Connectives/Aspect markers,đã,HaTinh_QB_QT,1.0413100719451904,31.603857053087467,2.847365617752075,3.8886756896972656,True
NLI_3048,NLI,PNT3,replace,1,nên,bơ,1,1,True,dialect_phrase,Connectives/Aspect markers,thì / nên,HaTinh_QB_QT,1.0413100719451904,31.603857053087467,2.847365617752075,3.8886756896972656,True
NLI_3048,NLI,PNT3,replace,2,này không,ni khung,2,2,False,none,Demonstratives/Deixis,,,1.0413100719451904,31.603857053087467,2.847365617752075,3.8886756896972656,True
NLI_3048,NLI,PNT3,replace,3,sang,qua,1,1,False,none,Predicate vocabulary,,,1.0413100719451904,31.603857053087467,2.847365617752075,3.8886756896972656,True
NLI_3048,NLI,PNT4,replace,0,một số,mấy,2,1,False,none,Negation/Function words,,,0.9756715297698976,28.500626424213436,2.847365617752075,3.8230371475219727,True
NLI_3048,NLI,PNT4,replace,1,giai đoạn này,đợt ni,3,2,False,none,Demonstratives/Deixis,,,0.9756715297698976,28.500626424213436,2.847365617752075,3.8230371475219727,True
NLI_3048,NLI,PNT4,replace,2,di chuyển,đi,2,1,False,none,Predicate vocabulary,,,0.9756715297698976,28.500626424213436,2.847365617752075,3.8230371475219727,True
NLI_3048,NLI,PNT4,replace,3,hoặc sang,hay qua,2,2,False,none,Predicate vocabulary,,,0.9756715297698976,28.500626424213436,2.847365617752075,3.8230371475219727,True
NLI_3107,NLI,PNB,replace,0,đển,đến,1,1,False,none,Orthographic variant,,,-0.9504265785217284,-78.36382296379786,4.850061416625977,3.899634838104248,False
NLI_3107,NLI,PNN,replace,0,đển,tới,1,1,False,none,Noise/Non-linguistic,,,-0.9172635078430176,-76.6986252782142,4.850061416625977,3.932797908782959,False
NLI_3107,NLI,PNT3,replace,0,đển,đến,1,1,False,none,Orthographic variant,,,-0.9504265785217284,-78.36382296379786,4.850061416625977,3.899634838104248,False
NLI_3107,NLI,PNT4,insert,0,,mô,0,1,True,dialect_phrase,Interrogatives,đâu / nào,QuangNam,0.6231956481933594,110.48664144370404,4.850061416625977,5.473257064819336,False
NLI_3107,NLI,PNT4,replace,1,nhắc,nói,1,1,False,none,Predicate vocabulary,,,0.6231956481933594,110.48664144370404,4.850061416625977,5.473257064819336,True
NLI_3108,NLI,PNN,replace,0,vào,hồi,1,1,False,none,Connectives/Aspect markers,,,0.4344282150268554,24.4461046093028,3.805130004882813,4.239558219909668,True
NLI_3108,NLI,PNT1,replace,0,mong muốn,ưng,2,1,False,none,Predicate vocabulary,,,0.657071590423584,41.747038353195144,3.805130004882813,4.4622015953063965,True
NLI_3108,NLI,PNT2,replace,0,đã,đạ,1,1,True,dialect_phrase,Connectives/Aspect markers,đã,HaTinh_QB_QT,1.3092584609985352,121.46790020754636,3.805130004882813,5.114388465881348,True
NLI_3108,NLI,PNT2,replace,1,mong muốn,ưng,2,1,False,none,Predicate vocabulary,,,1.3092584609985352,121.46790020754636,3.805130004882813,5.114388465881348,True
NLI_3108,NLI,PNT3,replace,0,vào,hồi,1,1,False,none,Connectives/Aspect markers,,,1.629784107208252,184.34206464361495,3.805130004882813,5.4349141120910645,True
NLI_3108,NLI,PNT3,replace,1,đã,đạ,1,1,True,dialect_phrase,Connectives/Aspect markers,đã,HaTinh_QB_QT,1.629784107208252,184.34206464361495,3.805130004882813,5.4349141120910645,True
NLI_3108,NLI,PNT3,replace,2,mong muốn,ưng,2,1,False,none,Predicate vocabulary,,,1.629784107208252,184.34206464361495,3.805130004882813,5.4349141120910645,True
NLI_3108,NLI,PNT4,replace,0,vào,hồi,1,1,False,none,Connectives/Aspect markers,,,0.4344282150268554,24.4461046093028,3.805130004882813,4.239558219909668,True
NLI_3171,NLI,PNB,delete,0,ra,,1,0,False,none,Unknown,,,0.0970182418823242,6.492901727398213,4.154664516448975,4.251682758331299,False
NLI_3171,NLI,PNB,delete,1,cho,,1,0,False,none,Unknown,,,0.0970182418823242,6.492901727398213,4.154664516448975,4.251682758331299,False
NLI_3171,NLI,PNN,replace,0,vỡ vụn,banh,2,1,False,none,Predicate vocabulary,,,0.7413840293884277,70.02960639652852,4.154664516448975,4.896048545837402,True
NLI_3171,NLI,PNT1,replace,0,làm,mần,1,1,True,dialect_phrase,Predicate vocabulary,làm,ThanhHoa,0.4299259185791015,34.23247628851639,4.154664516448975,4.584590435028076,True
NLI_3171,NLI,PNT2,replace,0,làm,mần,1,1,True,dialect_phrase,Predicate vocabulary,làm,HaTinh_QB_QT,0.4299259185791015,34.23247628851639,4.154664516448975,4.584590435028076,True
NLI_3171,NLI,PNT3,delete,0,ấy,,1,0,True,standard_word,Demonstratives/Deixis; Discourse particles,nớ; tê; đỏ,HaTinh_QB_QT; Hue,0.0910482406616211,6.074916381338845,4.154664516448975,4.245712757110596,False
NLI_3171,NLI,PNT4,replace,0,quả,trái,1,1,False,none,Predicate vocabulary,,,0.8914813995361328,91.69171768924028,4.154664516448975,5.046145915985107,True
NLI_3171,NLI,PNT4,replace,1,cô ấy vỡ vụn,cổ nát bét,4,3,False,none,Pronouns,,,0.8914813995361328,91.69171768924028,4.154664516448975,5.046145915985107,True
NLI_3172,NLI,PNN,replace,0,có vẻ điều,coi bộ chuyện,3,3,False,none,Predicate vocabulary,,,0.4415555000305176,71.25708692193575,4.854857444763184,5.296412944793701,True
NLI_3172,NLI,PNN,replace,1,không,hông,1,1,True,dialect_phrase,Negation/Function words,không,NamBo,0.4415555000305176,71.25708692193575,4.854857444763184,5.296412944793701,True
NLI_3172,NLI,PNT2,replace,0,đó không,nớ nỏ,2,2,False,none,Demonstratives/Deixis,,,0.7401614189147949,140.72033475498822,4.854857444763184,5.5950188636779785,True
NLI_3172,NLI,PNT3,replace,0,đó không,nớ nỏ,2,2,False,none,Demonstratives/Deixis,,,1.4738121032714844,432.0481072126863,4.854857444763184,6.328669548034668,True
NLI_3172,NLI,PNT3,replace,1,xem,chộ,1,1,True,dialect_phrase,Predicate vocabulary,thấy,HaTinh_QB_QT; Hue,1.4738121032714844,432.0481072126863,4.854857444763184,6.328669548034668,True
NLI_3201,NLI,PNB,delete,0,bởi,,1,0,False,none,Unknown,,,-0.0253543853759765,-10.42839876326684,6.031986713409424,6.006632328033447,False
NLI_3201,NLI,PNN,replace,0,bởi,tại,1,1,False,none,Connectives/Aspect markers,,,0.1867003440856933,85.50188770563636,6.031986713409424,6.218687057495117,True
NLI_3201,NLI,PNT2,replace,0,bởi vì,do cấy,2,2,False,none,Connectives/Aspect markers,,,1.285520076751709,1089.9016472857952,6.031986713409424,7.317506790161133,True
NLI_3201,NLI,PNT3,replace,0,bởi vì,tại,2,1,False,none,Connectives/Aspect markers,,,1.1674904823303225,922.1889303332432,6.031986713409424,7.199477195739746,True
NLI_3201,NLI,PNT3,replace,1,nên,bơ,1,1,True,dialect_phrase,Connectives/Aspect markers,thì / nên,HaTinh_QB_QT,1.1674904823303225,922.1889303332432,6.031986713409424,7.199477195739746,True
NLI_3201,NLI,PNT3,replace,2,mới muốn giành,mì ưng treng,3,3,False,none,Predicate vocabulary,,,1.1674904823303225,922.1889303332432,6.031986713409424,7.199477195739746,True
NLI_3201,NLI,PNT4,replace,0,bởi,tại,1,1,False,none,Connectives/Aspect markers,,,0.1867003440856933,85.50188770563636,6.031986713409424,6.218687057495117,True
NLI_3211,NLI,PNN,replace,0,khổng lồ,bự chảng,2,2,False,none,Predicate vocabulary,,,0.777674674987793,68.62956967111526,4.066259860992432,4.843934535980225,True
NLI_3211,NLI,PNT1,replace,0,khổng,không,1,1,False,none,Orthographic variant,,,0.6344738006591797,51.68950560561101,4.066259860992432,4.700733661651611,False
NLI_3211,NLI,PNT1,replace,1,vậy,rứa,1,1,False,none,Demonstratives/Deixis,,,0.6344738006591797,51.68950560561101,4.066259860992432,4.700733661651611,True
NLI_3211,NLI,PNT2,replace,0,vậy,rứa,1,1,True,dialect_phrase,Demonstratives/Deixis,vậy / thế,NgheAn,0.2656564712524414,17.75160012175286,4.066259860992432,4.331916332244873,True
NLI_3211,NLI,PNT3,replace,0,khổng lồ như vậy,bà lả in rứa,4,4,False,none,Demonstratives/Deixis,,,0.8769130706787109,81.87607485647014,4.066259860992432,4.943172931671143,True
NLI_3211,NLI,PNT4,replace,0,vậy,rứa,1,1,True,standard_word,Demonstratives/Deixis,như dậy; như ri; như rứa; như vầy; như vậy,PhuYen; QuangNam; QuangNgai,0.2656564712524414,17.75160012175286,4.066259860992432,4.331916332244873,True
NLI_3269,NLI,PNB,replace,0,do,vì,1,1,False,none,Connectives/Aspect markers,,,-1.0718820095062256,-80.54703064414896,4.807944297790527,3.7360622882843018,True
NLI_3269,NLI,PNN,replace,0,do,tại,1,1,False,none,Connectives/Aspect markers,,,-0.5817556381225586,-54.02375112287636,4.807944297790527,4.226188659667969,True
NLI_3269,NLI,PNN,replace,1,chú,con,1,1,False,none,Kinship/Honorific terms,,,-0.5817556381225586,-54.02375112287636,4.807944297790527,4.226188659667969,True
NLI_3269,NLI,PNN,delete,2,như,,1,0,False,none,Unknown,,,-0.5817556381225586,-54.02375112287636,4.807944297790527,4.226188659667969,False
NLI_3269,NLI,PNT1,replace,0,vậy nên,di niên,2,2,False,none,Connectives/Aspect markers,,,0.9011492729187012,179.1179904689224,4.807944297790527,5.7090935707092285,True
NLI_3269,NLI,PNT2,replace,0,nào làm,mô mần,2,2,False,none,Interrogatives,,,0.707855224609375,126.10907300043748,4.807944297790527,5.515799522399902,True
NLI_3269,NLI,PNT2,replace,1,vậy,rứa,1,1,True,dialect_phrase,Demonstratives/Deixis,vậy / thế,NgheAn,0.707855224609375,126.10907300043748,4.807944297790527,5.515799522399902,True
NLI_3269,NLI,PNT3,replace,0,chú,kì con,1,2,False,none,Kinship/Honorific terms,,,1.6891655921936035,540.7424987419021,4.807944297790527,6.497109889984131,True
NLI_3269,NLI,PNT3,replace,1,nào làm,mô mần,2,2,False,none,Interrogatives,,,1.6891655921936035,540.7424987419021,4.807944297790527,6.497109889984131,True
NLI_3269,NLI,PNT3,replace,2,như vậy,in ri,2,2,True,standard_word,Demonstratives/Deixis,như rứa,HaTinh_QB_QT; Hue,1.6891655921936035,540.7424987419021,4.807944297790527,6.497109889984131,True
NLI_3269,NLI,PNT3,replace,3,mới,mì,1,1,False,none,Orthographic variant,,,1.6891655921936035,540.7424987419021,4.807944297790527,6.497109889984131,False
NLI_3269,NLI,PNT4,replace,0,chú,con,1,1,False,none,Kinship/Honorific terms,,,1.0743675231933594,236.15781250913153,4.807944297790527,5.882311820983887,True
NLI_3269,NLI,PNT4,replace,1,nào,mô,1,1,True,dialect_phrase,Interrogatives,đâu / nào,QuangNam,1.0743675231933594,236.15781250913153,4.807944297790527,5.882311820983887,True
NLI_3269,NLI,PNT4,replace,2,vậy,ri,1,1,True,standard_word,Demonstratives/Deixis,như dậy; như ri; như rứa; như vầy; như vậy,PhuYen; QuangNam; QuangNgai,1.0743675231933594,236.15781250913153,4.807944297790527,5.882311820983887,True
NLI_3276,NLI,PNN,replace,0,không,hông,1,1,True,dialect_phrase,Negation/Function words,không,NamBo,0.0460457801818847,3.8092085066827366,4.392429351806641,4.438475131988525,True
NLI_3276,NLI,PNT2,replace,0,không,nỏ,1,1,True,dialect_phrase,Negation/Function words,không,HaTinh_QB_QT; NgheAn,0.3399586677551269,32.729876586230915,4.392429351806641,4.732388019561768,True
NLI_3276,NLI,PNT3,replace,0,không,nỏ,1,1,True,dialect_phrase,Negation/Function words,không,HaTinh_QB_QT,0.8097567558288574,100.83239489845754,4.392429351806641,5.202186107635498,True
NLI_3276,NLI,PNT3,replace,1,của,cụa,1,1,False,none,Orthographic variant,,,0.8097567558288574,100.83239489845754,4.392429351806641,5.202186107635498,False
NLI_3340,NLI,PNN,replace,0,ông ấy,ổng,2,1,True,dialect_phrase,Pronouns,ông ấy,NamBo,0.647334098815918,50.569952978116014,4.017183780670166,4.664517879486084,True
NLI_3340,NLI,PNN,delete,1,rất,,1,0,True,standard_word,Predicate vocabulary,dữ,NamBo,0.647334098815918,50.569952978116014,4.017183780670166,4.664517879486084,False
NLI_3340,NLI,PNN,insert,2,,lắc,0,1,False,none,Unknown,,,0.647334098815918,50.569952978116014,4.017183780670166,4.664517879486084,False
NLI_3340,NLI,PNT3,replace,0,từng,khi mô,1,2,True,dialect_phrase,Interrogatives,khi nào,HaTinh_QB_QT; Hue,1.5513572692871094,206.5070401903702,4.017183780670166,5.568541049957275,True
NLI_3340,NLI,PNT3,replace,1,ấy đã,nớ đạ,2,2,False,none,Demonstratives/Deixis,,,1.5513572692871094,206.5070401903702,4.017183780670166,5.568541049957275,True
NLI_3340,NLI,PNT3,replace,2,rất lâu,khi mô đến chừ,2,4,False,none,Idiomatic expressions,,,1.5513572692871094,206.5070401903702,4.017183780670166,5.568541049957275,True
NLI_3340,NLI,PNT4,replace,0,ông ấy,ổng,2,1,True,dialect_phrase,Pronouns,ông ấy,PhuYen; QuangNgai,0.2827253341674804,18.148635812311603,4.017183780670166,4.2999091148376465,True
NLI_3719,NLI,PNN,replace,0,do,tại,1,1,False,none,Connectives/Aspect markers,,,-0.7167696952819824,-261.5763124450465,6.236795902252197,5.520026206970215,True
NLI_3719,NLI,PNN,insert,1,,cú,0,1,False,none,Unknown,,,-0.7167696952819824,-261.5763124450465,6.236795902252197,5.520026206970215,False
NLI_3719,NLI,PNT2,replace,0,số lượng lớn,vơ trời,3,2,False,none,Idiomatic expressions,,,0.6948685646057129,512.9794122360305,6.236795902252197,6.93166446685791,True
NLI_3719,NLI,PNT3,replace,0,nên,bưa,1,1,True,dialect_phrase,Connectives/Aspect markers,thì / nên,HaTinh_QB_QT,1.0142569541931152,898.37026929215,6.236795902252197,7.251052856445312,True
NLI_3719,NLI,PNT3,replace,1,mới,mì,1,1,False,none,Orthographic variant,,,1.0142569541931152,898.37026929215,6.236795902252197,7.251052856445312,False
NLI_3719,NLI,PNT3,replace,2,giành,treng,1,1,False,none,Predicate vocabulary,,,1.0142569541931152,898.37026929215,6.236795902252197,7.251052856445312,True
NLI_3739,NLI,PNB,replace,0,khi,1h,1,1,False,none,Noise/Non-linguistic,,,-0.0571246147155761,-3.962984255144562,4.267943859100342,4.210819244384766,False
NLI_3739,NLI,PNB,delete,1,1h,,1,0,False,none,Unknown,,,-0.0571246147155761,-3.962984255144562,4.267943859100342,4.210819244384766,False
NLI_3739,NLI,PNB,insert,2,,được biết,0,2,False,none,Unknown,,,-0.0571246147155761,-3.962984255144562,4.267943859100342,4.210819244384766,False
NLI_3739,NLI,PNN,replace,0,anh ấy,ảnh,2,1,True,dialect_phrase,Kinship/Honorific terms; Pronouns,anh; anh ấy,NamBo,0.9289236068725586,109.33056073070424,4.267943859100342,5.1968674659729,False
NLI_3739,NLI,PNT1,replace,0,giải,giãi,1,1,False,none,Orthographic variant,,,0.7289252281188965,76.57448896385445,4.267943859100342,4.996869087219238,False
NLI_3739,NLI,PNT2,replace,0,ấy,nớ,1,1,True,dialect_phrase,Demonstratives/Deixis,ấy / đó,HaTinh_QB_QT; NgheAn,0.5273833274841309,49.56921840494954,4.267943859100342,4.795327186584473,True
NLI_3739,NLI,PNT3,replace,0,anh ấy,hấn,2,1,True,standard_word,Pronouns,anh (eng) nớ; anh tê; tê,HaTinh_QB_QT; Hue,0.5670585632324219,54.46415988815989,4.267943859100342,4.835002422332764,True
NLI_3739,NLI,PNT4,replace,0,anh ấy,ảnh,2,1,True,dialect_phrase,Kinship/Honorific terms; Pronouns,anh; anh ấy,PhuYen; QuangNam; QuangNgai,0.9289236068725586,109.33056073070424,4.267943859100342,5.1968674659729,False
NLI_3915,NLI,PNN,replace,0,ôtô cá,xe hơi cá,2,3,False,none,Predicate vocabulary,,,0.0893802642822265,14.453770230978536,5.040787696838379,5.1301679611206055,True
NLI_3915,NLI,PNT1,replace,0,thể gắn,thễ lắp,2,2,False,none,Noise/Non-linguistic,,,0.4503593444824219,87.94350681214044,5.040787696838379,5.491147041320801,False
NLI_3915,NLI,PNT4,replace,0,ôtô cá nhân,xe hơi riêng,3,3,False,none,Predicate vocabulary,,,0.5698785781860352,118.73454932683676,5.040787696838379,5.610666275024414,True
NLI_3951,NLI,PNT1,replace,0,có,cúa,1,1,False,none,Orthographic variant,,,1.1635093688964844,129.65035706548971,4.075862407684326,5.2393717765808105,False
NLI_3951,NLI,PNT2,replace,0,các,mấy,1,1,False,none,Negation/Function words,,,0.704953670501709,60.300332592050246,4.075862407684326,4.780816078186035,True
NLI_3951,NLI,PNT2,insert,1,,cả,0,1,False,none,Unknown,,,0.704953670501709,60.300332592050246,4.075862407684326,4.780816078186035,False
NLI_3951,NLI,PNT3,replace,0,các,mấy,1,1,False,none,Negation/Function words,,,2.2051444053649902,475.4251042658851,4.075862407684326,6.281006813049316,True
NLI_3951,NLI,PNT3,delete,1,có thể,,2,0,False,none,Unknown,,,2.2051444053649902,475.4251042658851,4.075862407684326,6.281006813049316,False
NLI_3951,NLI,PNT4,replace,0,các,mấy,1,1,False,none,Negation/Function words,,,0.5643110275268555,44.66105179019578,4.075862407684326,4.640173435211182,True
NLI_3951,NLI,PNT4,replace,1,gắn,lắp,1,1,False,none,Predicate vocabulary,,,0.5643110275268555,44.66105179019578,4.075862407684326,4.640173435211182,True
NLI_4015,NLI,PNN,replace,0,do,tại,1,1,False,none,Connectives/Aspect markers,,,0.7368223667144775,52.582870891373574,3.8768680095672607,4.613690376281738,True
NLI_4015,NLI,PNN,replace,1,không,hông,1,1,True,dialect_phrase,Negation/Function words,không,NamBo,0.7368223667144775,52.582870891373574,3.8768680095672607,4.613690376281738,True
NLI_4015,NLI,PNN,replace,2,vào,vô,1,1,False,none,Connectives/Aspect markers,,,0.7368223667144775,52.582870891373574,3.8768680095672607,4.613690376281738,True
NLI_4015,NLI,PNT1,replace,0,vào,vô,1,1,False,none,Connectives/Aspect markers,,,0.4926793575286865,30.735073896227263,3.8768680095672607,4.369547367095947,True
NLI_4015,NLI,PNT2,replace,0,không,nỏ,1,1,True,dialect_phrase,Negation/Function words,không,HaTinh_QB_QT; NgheAn,1.2276413440704346,116.4904220759711,3.8768680095672607,5.104509353637695,True
NLI_4015,NLI,PNT2,replace,1,vào,vô,1,1,False,none,Connectives/Aspect markers,,,1.2276413440704346,116.4904220759711,3.8768680095672607,5.104509353637695,True
NLI_4015,NLI,PNT3,replace,0,vào,vô,1,1,False,none,Connectives/Aspect markers,,,0.4926793575286865,30.735073896227263,3.8768680095672607,4.369547367095947,True
NLI_4015,NLI,PNT4,replace,0,vào,vô,1,1,False,none,Connectives/Aspect markers,,,0.4926793575286865,30.735073896227263,3.8768680095672607,4.369547367095947,True
NLI_4176,NLI,PNN,replace,0,không,hổng,1,1,True,standard_word,Negation/Function words,hông,NamBo,0.28228759765625,13.572324205456056,3.7283997535705566,4.010687351226807,True
NLI_4176,NLI,PNN,replace,1,không,hổng,1,1,True,standard_word,Negation/Function words,hông,NamBo,0.28228759765625,13.572324205456056,3.7283997535705566,4.010687351226807,True
NLI_4176,NLI,PNT1,replace,0,đủ,đũ,1,1,False,none,Orthographic variant,,,1.7767019271850586,204.33099746728473,3.7283997535705566,5.505101680755615,False
NLI_4176,NLI,PNT1,replace,1,triển,triễn,1,1,False,none,Orthographic variant,,,1.7767019271850586,204.33099746728473,3.7283997535705566,5.505101680755615,False
NLI_4176,NLI,PNT2,replace,0,không,nỏ,1,1,True,dialect_phrase,Negation/Function words,không,HaTinh_QB_QT; NgheAn,0.9693813323974608,68.09101493788341,3.7283997535705566,4.697781085968018,True
NLI_4176,NLI,PNT2,replace,1,không,nỏ,1,1,True,dialect_phrase,Negation/Function words,không,HaTinh_QB_QT; NgheAn,0.9693813323974608,68.09101493788341,3.7283997535705566,4.697781085968018,True
NLI_4176,NLI,PNT3,replace,0,không,nỏ,1,1,True,dialect_phrase,Negation/Function words,không,HaTinh_QB_QT,0.9693813323974608,68.09101493788341,3.7283997535705566,4.697781085968018,True
NLI_4176,NLI,PNT3,replace,1,không,nỏ,1,1,True,dialect_phrase,Negation/Function words,không,HaTinh_QB_QT,0.9693813323974608,68.09101493788341,3.7283997535705566,4.697781085968018,True
NLI_4176,NLI,PNT4,insert,0,,tại,0,1,False,none,Unknown,,,0.4667863845825195,24.75361903065825,3.7283997535705566,4.195186138153076,False
NLI_4217,NLI,PNN,replace,0,mang thai,có chửa,2,2,False,none,Predicate vocabulary,,,1.2984912395477295,79.98112739277413,3.402050256729126,4.7005414962768555,True
NLI_4217,NLI,PNN,replace,1,cô,cổ,1,1,True,dialect_phrase,Pronouns,cô ấy,NamBo,1.2984912395477295,79.98112739277413,3.402050256729126,4.7005414962768555,True
NLI_4217,NLI,PNN,replace,2,không,hông,1,1,True,dialect_phrase,Negation/Function words,không,NamBo,1.2984912395477295,79.98112739277413,3.402050256729126,4.7005414962768555,True
NLI_4217,NLI,PNN,replace,3,vào,vô,1,1,False,none,Connectives/Aspect markers,,,1.2984912395477295,79.98112739277413,3.402050256729126,4.7005414962768555,True
NLI_4217,NLI,PNT1,replace,0,mang thai,có bầu,2,2,False,none,Predicate vocabulary,,,0.4757804870605469,18.293687227930786,3.402050256729126,3.877830743789673,True
NLI_4217,NLI,PNT1,replace,1,không,chả,1,1,False,none,Negation/Function words,,,0.4757804870605469,18.293687227930786,3.402050256729126,3.877830743789673,True
NLI_4217,NLI,PNT1,replace,2,bắt,tống,1,1,False,none,Predicate vocabulary,,,0.4757804870605469,18.293687227930786,3.402050256729126,3.877830743789673,True
NLI_4217,NLI,PNT2,replace,0,nào,mô,1,1,True,dialect_phrase,Interrogatives; Negation/Function words,đâu (phủ định); đâu / nào,HaTinh_QB_QT; NgheAn,0.9325473308563232,46.26865379176144,3.402050256729126,4.334597587585449,False
NLI_4217,NLI,PNT2,insert,1,,cả,0,1,False,none,Unknown,,,0.9325473308563232,46.26865379176144,3.402050256729126,4.334597587585449,False
NLI_4217,NLI,PNT3,replace,0,thai,bầu,1,1,False,none,Predicate vocabulary,,,1.804577112197876,152.45199246258417,3.402050256729126,5.206627368927002,True
NLI_4217,NLI,PNT3,replace,1,không,nỏ,1,1,True,dialect_phrase,Negation/Function words,không,HaTinh_QB_QT,1.804577112197876,152.45199246258417,3.402050256729126,5.206627368927002,True
NLI_4217,NLI,PNT3,replace,2,nào,mô,1,1,True,dialect_phrase,Interrogatives; Negation/Function words,đâu (phủ định); đâu / nào,HaTinh_QB_QT; Hue,1.804577112197876,152.45199246258417,3.402050256729126,5.206627368927002,False
NLI_4217,NLI,PNT3,replace,3,vào,vô,1,1,False,none,Connectives/Aspect markers,,,1.804577112197876,152.45199246258417,3.402050256729126,5.206627368927002,True
NLI_4221,NLI,PNN,replace,0,chắn,cú,1,1,False,none,Predicate vocabulary,,,0.5009951591491699,27.93800707290309,3.7602128982543945,4.2612080574035645,True
NLI_4221,NLI,PNN,replace,1,những,mấy,1,1,False,none,Negation/Function words,,,0.5009951591491699,27.93800707290309,3.7602128982543945,4.2612080574035645,True
NLI_4221,NLI,PNN,replace,2,không,hông,1,1,True,dialect_phrase,Negation/Function words,không,NamBo,0.5009951591491699,27.93800707290309,3.7602128982543945,4.2612080574035645,True
NLI_4221,NLI,PNT2,replace,0,nào,mô,1,1,True,dialect_phrase,Interrogatives; Negation/Function words,đâu (phủ định); đâu / nào,HaTinh_QB_QT; NgheAn,0.2788524627685547,13.815684906070288,3.7602128982543945,4.039065361022949,False
NLI_4221,NLI,PNT3,replace,0,những,mấy,1,1,False,none,Negation/Function words,,,0.8301362991333008,55.57125956842255,3.7602128982543945,4.590349197387695,True
NLI_4221,NLI,PNT3,replace,1,không,nỏ,1,1,True,dialect_phrase,Negation/Function words,không,HaTinh_QB_QT,0.8301362991333008,55.57125956842255,3.7602128982543945,4.590349197387695,True
NLI_4221,NLI,PNT3,replace,2,gì,chi,1,1,True,dialect_phrase,Interrogatives,gì; sao / thế nào,HaTinh_QB_QT; Hue,0.8301362991333008,55.57125956842255,3.7602128982543945,4.590349197387695,True
NLI_4221,NLI,PNT3,replace,3,nào,mô,1,1,True,dialect_phrase,Interrogatives; Negation/Function words,đâu (phủ định); đâu / nào,HaTinh_QB_QT; Hue,0.8301362991333008,55.57125956842255,3.7602128982543945,4.590349197387695,False
NLI_4233,NLI,PNN,replace,0,tự do,thả giàn,2,2,False,none,Idiomatic expressions,,,1.0238832235336304,12.88879800744606,1.9775091409683228,3.001392364501953,True
NLI_4233,NLI,PNT1,replace,0,đi,đẫy,1,1,False,none,Orthographic variant,,,0.7628136873245239,8.267260757299955,1.9775091409683228,2.7403228282928467,False
NLI_4233,NLI,PNT2,replace,0,người dân,bà con,2,2,False,none,Predicate vocabulary,,,0.4918555021286011,4.590212981056852,1.9775091409683228,2.469364643096924,True
NLI_4233,NLI,PNT4,replace,0,trong giai đoạn,hồi,3,1,False,none,Connectives/Aspect markers,,,0.6043394804000854,5.9968324520213825,1.9775091409683228,2.581848621368408,True
NLI_4266,NLI,PNB,replace,0,chúng,bọn,1,1,False,none,Pronouns,,,0.1363143920898437,8.860650214753932,4.105480194091797,4.241794586181641,True
NLI_4266,NLI,PNB,replace,1,mỏi,nhọc,1,1,False,none,Predicate vocabulary,,,0.1363143920898437,8.860650214753932,4.105480194091797,4.241794586181641,True
NLI_4266,NLI,PNN,replace,0,chúng tôi,tụi tui,2,2,True,dialect_phrase,Pronouns,chúng tôi,NamBo,0.5580229759216309,45.334920435089685,4.105480194091797,4.663503170013428,True
NLI_4266,NLI,PNN,replace,1,mệt mỏi,oải,2,1,False,none,Predicate vocabulary,,,0.5580229759216309,45.334920435089685,4.105480194091797,4.663503170013428,True
NLI_4266,NLI,PNT1,replace,0,nên,niên,1,1,False,none,Orthographic variant,,,0.948516845703125,95.97546865296016,4.105480194091797,5.053997039794922,False
NLI_4266,NLI,PNT1,replace,1,mỏi gì,mõi chi,2,2,False,none,Interrogatives,,,0.948516845703125,95.97546865296016,4.105480194091797,5.053997039794922,True
NLI_4266,NLI,PNT2,replace,0,chúng tôi,nhà choa,2,2,True,standard_word,Pronouns,choa,HaTinh_QB_QT; NgheAn,1.923720359802246,354.7109486017662,4.105480194091797,6.029200553894043,True
NLI_4266,NLI,PNT2,replace,1,này,ni,1,1,True,dialect_phrase,Demonstratives/Deixis,này,HaTinh_QB_QT; NgheAn,1.923720359802246,354.7109486017662,4.105480194091797,6.029200553894043,True
NLI_4266,NLI,PNT2,replace,2,không,nỏ,1,1,True,dialect_phrase,Negation/Function words,không,HaTinh_QB_QT; NgheAn,1.923720359802246,354.7109486017662,4.105480194091797,6.029200553894043,True
NLI_4266,NLI,PNT2,replace,3,gì,chi,1,1,True,dialect_phrase,Interrogatives,gì,HaTinh_QB_QT; NgheAn,1.923720359802246,354.7109486017662,4.105480194091797,6.029200553894043,True
NLI_4266,NLI,PNT3,replace,0,chúng tôi,choa,2,1,True,dialect_phrase,Pronouns,chúng tôi,HaTinh_QB_QT,2.125102996826172,447.3798164178197,4.105480194091797,6.230583190917969,True
NLI_4266,NLI,PNT3,replace,1,này nên không mệt mỏi gì,ni bơ nỏ dọc chi,6,5,False,none,Interrogatives,,,2.125102996826172,447.3798164178197,4.105480194091797,6.230583190917969,True
NLI_4266,NLI,PNT4,replace,0,này,ni,1,1,True,dialect_phrase,Demonstratives/Deixis,này,QuangNam,0.7038288116455078,61.97496813942054,4.105480194091797,4.809309005737305,True
NLI_4266,NLI,PNT4,replace,1,gì,chi,1,1,True,dialect_phrase,Interrogatives,gì,QuangNam,0.7038288116455078,61.97496813942054,4.105480194091797,4.809309005737305,True
NLI_4394,NLI,PNN,replace,0,khiến các,làm mấy,2,2,False,none,Predicate vocabulary,,,0.9128944873809814,27.311675322487584,2.9075160026550293,3.8204104900360103,True
NLI_4394,NLI,PNN,replace,1,không,hông,1,1,True,dialect_phrase,Negation/Function words,không,NamBo,0.9128944873809814,27.311675322487584,2.9075160026550293,3.8204104900360103,True
NLI_4394,NLI,PNN,replace,2,và bật,với té,2,2,False,none,Predicate vocabulary,,,0.9128944873809814,27.311675322487584,2.9075160026550293,3.8204104900360103,True
NLI_4394,NLI,PNT1,replace,0,ngỡ,ngở,1,1,False,none,Orthographic variant,,,0.7341992855072021,19.845974357018637,2.9075160026550293,3.641715288162231,False
NLI_4394,NLI,PNT1,replace,1,ngửa,ngữa,1,1,False,none,Orthographic variant,,,0.7341992855072021,19.845974357018637,2.9075160026550293,3.641715288162231,False
NLI_4394,NLI,PNT2,insert,0,,nớ,0,1,True,dialect_phrase,Demonstratives/Deixis,ấy / đó,HaTinh_QB_QT; NgheAn,0.6282885074615479,16.011359587780067,2.9075160026550293,3.535804510116577,False
NLI_4394,NLI,PNT2,insert,1,,cấy,0,1,True,dialect_phrase,Negation/Function words,cái,HaTinh_QB_QT; NgheAn,0.6282885074615479,16.011359587780067,2.9075160026550293,3.535804510116577,False
NLI_4394,NLI,PNT2,replace,2,bật,bổ,1,1,True,dialect_phrase,Predicate vocabulary,ngã,HaTinh_QB_QT,0.6282885074615479,16.011359587780067,2.9075160026550293,3.535804510116577,True
NLI_4394,NLI,PNT3,replace,0,khiến các,mần mấy,2,2,False,none,Predicate vocabulary,,,1.07308030128479,35.23769924828582,2.9075160026550293,3.9805963039398193,True
NLI_4394,NLI,PNT3,replace,1,không,khung,1,1,True,standard_word,Negation/Function words,nỏ,HaTinh_QB_QT,1.07308030128479,35.23769924828582,2.9075160026550293,3.9805963039398193,True
NLI_4394,NLI,PNT4,replace,0,khiến,làm,1,1,True,dialect_phrase,Predicate vocabulary,làm,PhuYen; QuangNam; QuangNgai,0.222161054611206,4.555336835409005,2.9075160026550293,3.1296770572662354,True
NLI_4572,NLI,PNB,replace,0,soán,soát,1,1,False,none,Orthographic variant,,,-0.7440745830535889,-21.779871421111633,3.7256743907928462,2.981599807739258,False
NLI_4572,NLI,PNB,insert,1,,được,0,1,False,none,Unknown,,,-0.7440745830535889,-21.779871421111633,3.7256743907928462,2.981599807739258,False
NLI_4572,NLI,PNN,replace,0,tình hình kinh doanh,vụ làm ăn,4,3,False,none,Idiomatic expressions,,,1.1266591548919678,86.53961595814795,3.7256743907928462,4.8523335456848145,True
NLI_4572,NLI,PNN,replace,1,những gì,mấy cái,2,2,False,none,Predicate vocabulary,,,1.1266591548919678,86.53961595814795,3.7256743907928462,4.8523335456848145,True
NLI_4572,NLI,PNT2,replace,0,gì,chi,1,1,True,dialect_phrase,Interrogatives,gì,HaTinh_QB_QT; NgheAn,0.3207747936248779,15.694800679515794,3.7256743907928462,4.046449184417725,True
NLI_4572,NLI,PNT3,replace,0,soán,soát,1,1,False,none,Orthographic variant,,,0.1104617118835449,4.846841647380693,3.7256743907928462,3.836136102676392,False
NLI_4572,NLI,PNT3,replace,1,những gì,mấy cấy,2,2,False,none,Interrogatives,,,0.1104617118835449,4.846841647380693,3.7256743907928462,3.836136102676392,True
NLI_4616,NLI,PNN,replace,0,nói rằng ông,kêu là ổng,3,3,False,none,Predicate vocabulary,,,1.198840856552124,61.08405057081189,3.272292375564575,4.471133232116699,True
NLI_4616,NLI,PNN,replace,1,không,hông,1,1,True,dialect_phrase,Negation/Function words,không,NamBo,1.198840856552124,61.08405057081189,3.272292375564575,4.471133232116699,True
NLI_4616,NLI,PNN,replace,2,cả,hết,1,1,False,none,Negation/Function words,,,1.198840856552124,61.08405057081189,3.272292375564575,4.471133232116699,True
NLI_4616,NLI,PNT1,replace,0,vậy,rứa,1,1,False,none,Demonstratives/Deixis,,,0.5293536186218262,18.403098970368752,3.272292375564575,3.801645994186402,True
NLI_4616,NLI,PNT2,replace,0,vậy,rứa,1,1,True,dialect_phrase,Demonstratives/Deixis,vậy / thế,NgheAn,1.096165418624878,52.55010010144496,3.272292375564575,4.368457794189453,True
NLI_4616,NLI,PNT2,replace,1,không,khung,1,1,True,standard_word,Negation/Function words,nỏ,HaTinh_QB_QT; NgheAn,1.096165418624878,52.55010010144496,3.272292375564575,4.368457794189453,True
NLI_4616,NLI,PNT3,replace,0,đã,đạ,1,1,True,dialect_phrase,Connectives/Aspect markers,đã,HaTinh_QB_QT,1.2335422039031982,64.1721545863382,3.272292375564575,4.505834579467773,True
NLI_4616,NLI,PNT3,replace,1,như vậy,in rứa,2,2,True,standard_word,Demonstratives/Deixis,như rứa,HaTinh_QB_QT; Hue,1.2335422039031982,64.1721545863382,3.272292375564575,4.505834579467773,True
NLI_4616,NLI,PNT3,replace,2,không,nỏ,1,1,True,dialect_phrase,Negation/Function words,không,HaTinh_QB_QT,1.2335422039031982,64.1721545863382,3.272292375564575,4.505834579467773,True
NLI_4616,NLI,PNT4,replace,0,vậy,rứa,1,1,True,standard_word,Demonstratives/Deixis,như dậy; như ri; như rứa; như vầy; như vậy,PhuYen; QuangNam; QuangNgai,1.054468870162964,49.32699556647774,3.272292375564575,4.326761245727539,True
NLI_4616,NLI,PNT4,replace,1,gì,chi,1,1,True,dialect_phrase,Interrogatives,gì,QuangNam,1.054468870162964,49.32699556647774,3.272292375564575,4.326761245727539,True
NLI_4654,NLI,PNB,replace,0,lại,cản,1,1,False,none,Predicate vocabulary,,,-0.2157578468322754,-15.281074558352865,4.366153717041016,4.15039587020874,True
NLI_4654,NLI,PNB,replace,1,ấy,ta,1,1,True,standard_word,Demonstratives/Deixis,ấy,BacBo,-0.2157578468322754,-15.281074558352865,4.366153717041016,4.15039587020874,True
NLI_4654,NLI,PNT1,replace,0,đã,đả,1,1,False,none,Orthographic variant,,,1.046699047088623,145.5302752458914,4.366153717041016,5.412852764129639,False
NLI_4654,NLI,PNT2,replace,0,ấy,nớ,1,1,True,dialect_phrase,Demonstratives/Deixis,ấy / đó,HaTinh_QB_QT; NgheAn,0.8407645225524902,103.79048326828136,4.366153717041016,5.206918239593506,True
NLI_4654,NLI,PNT3,replace,0,đã,đạ,1,1,True,dialect_phrase,Connectives/Aspect markers,đã,HaTinh_QB_QT,1.4032139778137207,241.59492759476728,4.366153717041016,5.769367694854736,True
NLI_4654,NLI,PNT3,replace,1,cậu bé,thằng cu,2,2,False,none,Pronouns,,,1.4032139778137207,241.59492759476728,4.366153717041016,5.769367694854736,True
NLI_4654,NLI,PNT3,replace,2,cậu ấy,thằng cu nớ,2,3,False,none,Pronouns,,,1.4032139778137207,241.59492759476728,4.366153717041016,5.769367694854736,True
NLI_4746,NLI,PNB,replace,0,nói rằng,bảo là,2,2,False,none,Idiomatic expressions,,,0.1216506958007812,3.5385006366253755,3.3088626861572266,3.430513381958008,True
NLI_4746,NLI,PNB,replace,1,gì,sao,1,1,True,dialect_phrase,Interrogatives,sao / thế nào,BacBo,0.1216506958007812,3.5385006366253755,3.3088626861572266,3.430513381958008,True
NLI_4746,NLI,PNN,replace,0,nói rằng,kêu là,2,2,False,none,Predicate vocabulary,,,0.3952088356018066,13.258324454660286,3.3088626861572266,3.704071521759033,True
NLI_4746,NLI,PNN,replace,1,không,hông,1,1,True,dialect_phrase,Negation/Function words,không,NamBo,0.3952088356018066,13.258324454660286,3.3088626861572266,3.704071521759033,True
NLI_4746,NLI,PNT1,replace,0,không,chả,1,1,False,none,Negation/Function words,,,0.0424466133117675,1.186079005078977,3.3088626861572266,3.351309299468994,True
NLI_4746,NLI,PNT2,replace,0,gì,chi,1,1,True,dialect_phrase,Interrogatives,gì,HaTinh_QB_QT; NgheAn,0.8511991500854492,36.721486970655505,3.3088626861572266,4.160061836242676,True
NLI_4746,NLI,PNT2,replace,1,nó,hấn,1,1,True,standard_word,Pronouns,hắn; nghị,HaTinh_QB_QT,0.8511991500854492,36.721486970655505,3.3088626861572266,4.160061836242676,True
NLI_4746,NLI,PNT3,replace,0,không,nỏ,1,1,True,dialect_phrase,Negation/Function words,không,HaTinh_QB_QT,0.6144473552703857,23.213551052208945,3.3088626861572266,3.923310041427612,True
NLI_4746,NLI,PNT3,replace,1,gì,chi,1,1,True,dialect_phrase,Interrogatives,gì; sao / thế nào,HaTinh_QB_QT; Hue,0.6144473552703857,23.213551052208945,3.3088626861572266,3.923310041427612,True
NLI_4746,NLI,PNT3,replace,2,nó,hắn,1,1,True,dialect_phrase,Pronouns,nó,HaTinh_QB_QT; Hue,0.6144473552703857,23.213551052208945,3.3088626861572266,3.923310041427612,True
NLI_4746,NLI,PNT4,replace,0,rằng,là,1,1,False,none,Connectives/Aspect markers,,,1.3252863883972168,75.58628851355152,3.3088626861572266,4.634149074554443,True
NLI_4746,NLI,PNT4,replace,1,không,hông,1,1,True,dialect_phrase,Negation/Function words,không,QuangNgai,1.3252863883972168,75.58628851355152,3.3088626861572266,4.634149074554443,True
NLI_4746,NLI,PNT4,replace,2,gì nhưng mọi người đều,chi chớ ai cũng,5,4,False,none,Interrogatives,,,1.3252863883972168,75.58628851355152,3.3088626861572266,4.634149074554443,True
NLI_4746,NLI,PNT4,replace,3,nó,hén,1,1,True,dialect_phrase,Pronouns,nó,QuangNam,1.3252863883972168,75.58628851355152,3.3088626861572266,4.634149074554443,True
NLI_4801,NLI,PNB,replace,0,trả,mượn,1,1,False,none,Predicate vocabulary,,,-1.3722522258758545,-100.72777708035386,4.9048285484313965,3.532576322555542,True
NLI_4801,NLI,PNN,replace,0,tôi không,tui hông,2,2,False,none,Pronouns,,,0.5103611946105957,89.85542256866833,4.9048285484313965,5.415189743041992,True
NLI_4801,NLI,PNT2,replace,0,không,nỏ,1,1,True,dialect_phrase,Negation/Function words,không,HaTinh_QB_QT; NgheAn,0.9171266555786132,202.6917748650501,4.9048285484313965,5.82195520401001,True
NLI_4801,NLI,PNT2,insert,1,,chi,0,1,True,dialect_phrase,Interrogatives,gì,HaTinh_QB_QT; NgheAn,0.9171266555786132,202.6917748650501,4.9048285484313965,5.82195520401001,False
NLI_4801,NLI,PNT3,replace,0,vợ chồng tôi không hiểu,cấy dông tau nỏ khỏi nghi ngờ,5,7,False,none,Pronouns,,,1.132584571838379,283.86845345834615,4.9048285484313965,6.037413120269775,True
NLI_4801,NLI,PNT3,replace,1,vay,sự xác đáng của mạn tiền,1,6,False,none,Noise/Non-linguistic,,,1.132584571838379,283.86845345834615,4.9048285484313965,6.037413120269775,False
NLI_4801,NLI,PNT3,insert,2,,từng đợt,0,2,False,none,Unknown,,,1.132584571838379,283.86845345834615,4.9048285484313965,6.037413120269775,False
NLI_4856,NLI,PNB,replace,0,ngườ,người,1,1,False,none,Orthographic variant,,,-0.925264835357666,-32.666865872521186,3.991248607635498,3.065983772277832,False
NLI_4856,NLI,PNB,replace,1,kì,kỳ,1,1,False,none,Orthographic variant,,,-0.925264835357666,-32.666865872521186,3.991248607635498,3.065983772277832,False
NLI_4856,NLI,PNB,insert,2,,được,0,1,False,none,Unknown,,,-0.925264835357666,-32.666865872521186,3.991248607635498,3.065983772277832,False
NLI_4856,NLI,PNB,insert,3,,của,0,1,False,none,Unknown,,,-0.925264835357666,-32.666865872521186,3.991248607635498,3.065983772277832,False
NLI_4856,NLI,PNB,insert,4,,giữ,0,1,False,none,Unknown,,,-0.925264835357666,-32.666865872521186,3.991248607635498,3.065983772277832,False
NLI_4856,NLI,PNN,replace,0,rằng,là,1,1,False,none,Connectives/Aspect markers,,,-0.001028299331665,-0.0556254486092484,3.991248607635498,3.990220308303833,True
NLI_4856,NLI,PNT3,replace,0,ngườ dân,ngài,2,1,False,none,Noise/Non-linguistic,,,-0.1984200477600097,-9.740665501519745,3.991248607635498,3.792828559875488,False
NLI_4856,NLI,PNT4,replace,0,rằng,là,1,1,False,none,Connectives/Aspect markers,,,0.4698882102966308,32.46346069022272,3.991248607635498,4.461136817932129,True
NLI_4856,NLI,PNT4,insert,1,,nớ,0,1,True,dialect_phrase,Demonstratives/Deixis,ấy / đó,QuangNam,0.4698882102966308,32.46346069022272,3.991248607635498,4.461136817932129,False
NLI_4856,NLI,PNT4,replace,2,trở thành,làm,2,1,True,dialect_phrase,Predicate vocabulary,làm,PhuYen; QuangNam; QuangNgai,0.4698882102966308,32.46346069022272,3.991248607635498,4.461136817932129,True
NLI_4916,NLI,PNN,replace,0,đồng ý,chịu,2,1,False,none,Predicate vocabulary,,,0.3331694602966308,67.69452561468586,5.142903804779053,5.476073265075684,True
NLI_4916,NLI,PNN,replace,1,đồng ý,chịu,2,1,False,none,Predicate vocabulary,,,0.3331694602966308,67.69452561468586,5.142903804779053,5.476073265075684,True
NLI_4916,NLI,PNT1,replace,0,nên,niên,1,1,False,none,Orthographic variant,,,0.8223886489868164,218.45475695450867,5.142903804779053,5.965292453765869,False
NLI_4916,NLI,PNT1,replace,1,diễn,diển,1,1,False,none,Orthographic variant,,,0.8223886489868164,218.45475695450867,5.142903804779053,5.965292453765869,False
NLI_4916,NLI,PNT2,replace,0,này,ni,1,1,True,dialect_phrase,Demonstratives/Deixis,này,HaTinh_QB_QT; NgheAn,0.3553194999694824,73.04536121728009,5.142903804779053,5.498223304748535,True
NLI_4916,NLI,PNT3,replace,0,này,ni,1,1,True,dialect_phrase,Demonstratives/Deixis,này,HaTinh_QB_QT; Hue,0.3553194999694824,73.04536121728009,5.142903804779053,5.498223304748535,True
NLI_5143,NLI,PNB,replace,0,sự,tính,1,1,False,none,Predicate vocabulary,,,-0.1766939163208007,-6.421788735927365,3.680079460144043,3.503385543823242,True
NLI_5143,NLI,PNB,insert,1,,việc,0,1,False,none,Unknown,,,-0.1766939163208007,-6.421788735927365,3.680079460144043,3.503385543823242,False
NLI_5143,NLI,PNN,replace,0,tôi không,tui hông,2,2,False,none,Pronouns,,,0.8537912368774414,53.46875262778027,3.680079460144043,4.533870697021484,True
NLI_5143,NLI,PNN,replace,1,mượn,mướn,1,1,False,none,Orthographic variant,,,0.8537912368774414,53.46875262778027,3.680079460144043,4.533870697021484,False
NLI_5143,NLI,PNT1,replace,0,khỏi,thể không,1,2,False,none,Negation/Function words,,,-0.4692127704620361,-14.848973193866636,3.680079460144043,3.210866689682007,True
NLI_5143,NLI,PNT1,replace,1,xác đáng,minh bạch,2,2,False,none,Predicate vocabulary,,,-0.4692127704620361,-14.848973193866636,3.680079460144043,3.210866689682007,True
NLI_5143,NLI,PNT2,replace,0,tôi,tau,1,1,True,dialect_phrase,Pronouns,tao,HaTinh_QB_QT,0.878669261932373,55.81440862213088,3.680079460144043,4.558748722076416,True
NLI_5143,NLI,PNT2,replace,1,xác,chính,1,1,False,none,Predicate vocabulary,,,0.878669261932373,55.81440862213088,3.680079460144043,4.558748722076416,True
NLI_5143,NLI,PNT2,insert,2,,ni,0,1,True,dialect_phrase,Demonstratives/Deixis,này,HaTinh_QB_QT; NgheAn,0.878669261932373,55.81440862213088,3.680079460144043,4.558748722076416,False
NLI_5143,NLI,PNT3,replace,0,tôi không,tau khung,2,2,False,none,Pronouns,,,1.6659321784973145,170.120444214884,3.680079460144043,5.346011638641357,True
NLI_5143,NLI,PNT3,replace,1,ngờ,ngại,1,1,False,none,Predicate vocabulary,,,1.6659321784973145,170.120444214884,3.680079460144043,5.346011638641357,True
NLI_5143,NLI,PNT3,replace,2,mượn,mạn,1,1,False,none,Orthographic variant,,,1.6659321784973145,170.120444214884,3.680079460144043,5.346011638641357,False
NLI_5167,NLI,PNB,insert,0,,với,0,1,False,none,Unknown,,,-0.4807896614074707,-10.302214202350475,3.2954659461975098,2.814676284790039,False
NLI_5167,NLI,PNT1,replace,0,mắc,bị,1,1,False,none,Predicate vocabulary,,,-0.0395874977111816,-1.0475934385378345,3.2954659461975098,3.255878448486328,True
NLI_5167,NLI,PNT3,replace,0,mắc,dính,1,1,False,none,Predicate vocabulary,,,-0.1540784835815429,-3.854042163696761,3.2954659461975098,3.141387462615967,True
NLI_5263,NLI,PNB,replace,0,thành công,được,2,1,False,none,Predicate vocabulary,,,0.3232631683349609,25.374359740533464,4.197045803070068,4.520308971405029,True
NLI_5263,NLI,PNN,replace,0,và các,với mấy,2,2,False,none,Connectives/Aspect markers,,,0.6542973518371582,61.422463059817815,4.197045803070068,4.851343154907227,True
NLI_5263,NLI,PNN,replace,1,tại,ở,1,1,False,none,Predicate vocabulary,,,0.6542973518371582,61.422463059817815,4.197045803070068,4.851343154907227,True
NLI_5263,NLI,PNN,replace,2,không,hông,1,1,True,dialect_phrase,Negation/Function words,không,NamBo,0.6542973518371582,61.422463059817815,4.197045803070068,4.851343154907227,True
NLI_5263,NLI,PNT2,replace,0,tại,lộ,1,1,False,none,Noise/Non-linguistic,,,0.7704863548278809,77.18227277808882,4.197045803070068,4.967532157897949,False
NLI_5263,NLI,PNT2,replace,1,không,nỏ,1,1,True,dialect_phrase,Negation/Function words,không,HaTinh_QB_QT; NgheAn,0.7704863548278809,77.18227277808882,4.197045803070068,4.967532157897949,True
NLI_5263,NLI,PNT3,replace,0,đã,đạ,1,1,True,dialect_phrase,Connectives/Aspect markers,đã,HaTinh_QB_QT,1.0095877647399902,115.9891035940988,4.197045803070068,5.206633567810059,True
NLI_5263,NLI,PNT3,replace,1,cô,ả,1,1,False,none,Pronouns,,,1.0095877647399902,115.9891035940988,4.197045803070068,5.206633567810059,True
NLI_5263,NLI,PNT3,replace,2,nhưng không,mà nỏ,2,2,False,none,Negation/Function words,,,1.0095877647399902,115.9891035940988,4.197045803070068,5.206633567810059,True
NLI_5263,NLI,PNT4,replace,0,và các,với mấy,2,2,False,none,Connectives/Aspect markers,,,0.9368185997009276,103.18191471390465,4.197045803070068,5.133864402770996,True
NLI_5263,NLI,PNT4,replace,1,cô tại,cổ ở,2,2,False,none,Pronouns,,,0.9368185997009276,103.18191471390465,4.197045803070068,5.133864402770996,True
NLI_5263,NLI,PNT4,replace,2,không thành công,hông được,3,2,False,none,Negation/Function words,,,0.9368185997009276,103.18191471390465,4.197045803070068,5.133864402770996,True
NLI_5366,NLI,PNT1,replace,0,sẽ,sẻ,1,1,False,none,Orthographic variant,,,0.6233484745025635,34.055372508817506,3.67282509803772,4.296173572540283,False
NLI_5366,NLI,PNT3,replace,0,không,nỏ,1,1,True,dialect_phrase,Negation/Function words,không,HaTinh_QB_QT,0.3974983692169189,19.21295378721152,3.67282509803772,4.070323467254639,True
NLI_5366,NLI,PNT4,replace,0,các,mấy,1,1,False,none,Negation/Function words,,,0.8893148899078369,56.42529321711003,3.67282509803772,4.562139987945557,True
NLI_5366,NLI,PNT4,replace,1,sử dụng,dùng,2,1,False,none,Predicate vocabulary,,,0.8893148899078369,56.42529321711003,3.67282509803772,4.562139987945557,True
NLI_5368,NLI,PNB,replace,0,tính thân,tinh thần,2,2,False,none,Noise/Non-linguistic,,,-1.09875750541687,-24.572984765046996,3.6070401668548584,2.5082826614379883,False
NLI_5368,NLI,PNB,replace,1,anh ấy,mình,2,1,False,none,Pronouns,,,-1.09875750541687,-24.572984765046996,3.6070401668548584,2.5082826614379883,True
NLI_5368,NLI,PNN,replace,0,không,hông,1,1,True,dialect_phrase,Negation/Function words,không,NamBo,0.963585615158081,59.74774301818007,3.6070401668548584,4.5706257820129395,True
NLI_5368,NLI,PNN,replace,1,anh ấy,ảnh,2,1,True,dialect_phrase,Kinship/Honorific terms; Pronouns,anh; anh ấy,NamBo,0.963585615158081,59.74774301818007,3.6070401668548584,4.5706257820129395,False
NLI_5368,NLI,PNT1,replace,0,không,chả,1,1,False,none,Negation/Function words,,,-0.8242969512939453,-20.69350162714883,3.6070401668548584,2.782743215560913,True
NLI_5368,NLI,PNT1,replace,1,tính thân,tinh thần,2,2,False,none,Noise/Non-linguistic,,,-0.8242969512939453,-20.69350162714883,3.6070401668548584,2.782743215560913,False
NLI_5368,NLI,PNT2,replace,0,không,nỏ,1,1,True,dialect_phrase,Negation/Function words,không,HaTinh_QB_QT; NgheAn,0.7505199909210205,41.20963086912628,3.6070401668548584,4.357560157775879,True
NLI_5368,NLI,PNT2,replace,1,ấy,nớ,1,1,True,dialect_phrase,Demonstratives/Deixis,ấy / đó,HaTinh_QB_QT; NgheAn,0.7505199909210205,41.20963086912628,3.6070401668548584,4.357560157775879,True
NLI_5368,NLI,PNT3,replace,0,không,nỏ,1,1,True,dialect_phrase,Negation/Function words,không,HaTinh_QB_QT,1.5659468173980713,139.58427664866193,3.6070401668548584,5.17298698425293,True
NLI_5368,NLI,PNT3,replace,1,anh ấy,eng nớ,2,2,True,standard_word,Pronouns,anh (eng) nớ; anh tê; tê,HaTinh_QB_QT; Hue,1.5659468173980713,139.58427664866193,3.6070401668548584,5.17298698425293,True
NLI_5368,NLI,PNT4,replace,0,anh ấy,ảnh,2,1,True,dialect_phrase,Kinship/Honorific terms; Pronouns,anh; anh ấy,PhuYen; QuangNam; QuangNgai,0.8241822719573975,47.17727943971749,3.6070401668548584,4.431222438812256,False
NLI_5451,NLI,PNB,replace,0,chiếc,cái,1,1,True,dialect_phrase,Negation/Function words,cái,BacBo,-0.3249728679656982,-20.144553237437876,4.285037517547607,3.960064649581909,True
NLI_5451,NLI,PNB,replace,1,cậu,nó,1,1,True,dialect_phrase,Pronouns,nó,BacBo,-0.3249728679656982,-20.144553237437876,4.285037517547607,3.960064649581909,True
NLI_5451,NLI,PNN,replace,0,nhiều,nhóc,1,1,False,none,Predicate vocabulary,,,0.4629802703857422,42.75012824820975,4.285037517547607,4.74801778793335,True
NLI_5451,NLI,PNT1,replace,0,có,cúa,1,1,False,none,Orthographic variant,,,0.5293393135070801,50.66469971213665,4.285037517547607,4.8143768310546875,False
NLI_5451,NLI,PNT2,replace,0,đó,nớ,1,1,True,dialect_phrase,Demonstratives/Deixis,ấy / đó,HaTinh_QB_QT; NgheAn,0.7473964691162109,80.70043234622412,4.285037517547607,5.032433986663818,True
NLI_5451,NLI,PNT2,replace,1,nhiều,một mớ,1,2,True,standard_word,Predicate vocabulary,diều,HaTinh_QB_QT,0.7473964691162109,80.70043234622412,4.285037517547607,5.032433986663818,True
NLI_5451,NLI,PNT2,replace,2,cùng cậu,với cu nớ,2,3,False,none,Demonstratives/Deixis,,,0.7473964691162109,80.70043234622412,4.285037517547607,5.032433986663818,True
NLI_5451,NLI,PNT3,replace,0,chiếc,kì,1,1,True,dialect_phrase,Negation/Function words,cái,HaTinh_QB_QT,0.4370064735412597,39.792487409935674,4.285037517547607,4.722043991088867,True
NLI_5451,NLI,PNT3,replace,1,đó,nớ,1,1,True,dialect_phrase,Demonstratives/Deixis,kia; ấy / đó,HaTinh_QB_QT; Hue,0.4370064735412597,39.792487409935674,4.285037517547607,4.722043991088867,True
NLI_5451,NLI,PNT3,replace,2,cậu,cu nớ,1,2,False,none,Pronouns,,,0.4370064735412597,39.792487409935674,4.285037517547607,4.722043991088867,True
NLI_5518,NLI,PNB,insert,0,,đó,0,1,False,none,Unknown,,,-0.2288336753845214,-8.445620228736416,3.720643758773804,3.4918100833892822,False
NLI_5518,NLI,PNB,delete,1,dẫn đến phán đoán của,,5,0,False,none,Unknown,,,-0.2288336753845214,-8.445620228736416,3.720643758773804,3.4918100833892822,False
NLI_5518,NLI,PNB,insert,2,,đưa ra phán đoán,0,4,False,none,Unknown,,,-0.2288336753845214,-8.445620228736416,3.720643758773804,3.4918100833892822,False
NLI_5518,NLI,PNN,replace,0,không,hông,1,1,True,dialect_phrase,Negation/Function words,không,NamBo,0.2277424335479736,10.56065375758294,3.720643758773804,3.948386192321778,True
NLI_5518,NLI,PNN,replace,1,không,hông,1,1,True,dialect_phrase,Negation/Function words,không,NamBo,0.2277424335479736,10.56065375758294,3.720643758773804,3.948386192321778,True
NLI_5518,NLI,PNN,replace,2,đến,tới,1,1,False,none,Predicate vocabulary,,,0.2277424335479736,10.56065375758294,3.720643758773804,3.948386192321778,True
NLI_5518,NLI,PNN,replace,3,các,mấy,1,1,False,none,Negation/Function words,,,0.2277424335479736,10.56065375758294,3.720643758773804,3.948386192321778,True
NLI_5518,NLI,PNT2,replace,0,không,nỏ,1,1,True,dialect_phrase,Negation/Function words,không,HaTinh_QB_QT; NgheAn,0.3324658870697021,16.285253634107598,3.720643758773804,4.053109645843506,True
NLI_5518,NLI,PNT2,replace,1,không,nỏ,1,1,True,dialect_phrase,Negation/Function words,không,HaTinh_QB_QT; NgheAn,0.3324658870697021,16.285253634107598,3.720643758773804,4.053109645843506,True
NLI_5518,NLI,PNT3,replace,0,không,nỏ,1,1,True,dialect_phrase,Negation/Function words,không,HaTinh_QB_QT,0.5826919078826904,32.65507514031587,3.720643758773804,4.303335666656494,True
NLI_5518,NLI,PNT3,replace,1,nhưng,mà,1,1,False,none,Connectives/Aspect markers,,,0.5826919078826904,32.65507514031587,3.720643758773804,4.303335666656494,True
NLI_5518,NLI,PNT3,replace,2,nên,bơ,1,1,True,dialect_phrase,Connectives/Aspect markers,thì / nên,HaTinh_QB_QT,0.5826919078826904,32.65507514031587,3.720643758773804,4.303335666656494,True
NLI_5518,NLI,PNT3,replace,3,không,nỏ,1,1,True,dialect_phrase,Negation/Function words,không,HaTinh_QB_QT,0.5826919078826904,32.65507514031587,3.720643758773804,4.303335666656494,True
NLI_5586,NLI,PNB,insert,0,,đã,0,1,False,none,Unknown,,,-0.4394888877868652,-71.41876996125089,5.302412986755371,4.862924098968506,False
NLI_5586,NLI,PNB,insert,1,,được,0,1,False,none,Unknown,,,-0.4394888877868652,-71.41876996125089,5.302412986755371,4.862924098968506,False
NLI_5586,NLI,PNB,insert,2,,vai,0,1,False,none,Unknown,,,-0.4394888877868652,-71.41876996125089,5.302412986755371,4.862924098968506,False
NLI_5586,NLI,PNN,replace,0,cô ấy,cổ,2,1,True,dialect_phrase,Pronouns,cô ấy,NamBo,0.7648768424987793,230.68882689544063,5.302412986755371,6.06728982925415,True
NLI_5586,NLI,PNT2,insert,0,,đạ,0,1,True,dialect_phrase,Connectives/Aspect markers,đã,HaTinh_QB_QT,-0.0155091285705566,-3.090528019112668,5.302412986755371,5.2869038581848145,False
NLI_5586,NLI,PNT3,replace,0,cô ấy,ả nớ,2,2,True,standard_word,Pronouns,o nớ,HaTinh_QB_QT; Hue,1.0018391609191897,346.0716366852437,5.302412986755371,6.3042521476745605,True
NLI_5586,NLI,PNT4,replace,0,cô ấy,cổ,2,1,True,dialect_phrase,Pronouns,cô ấy,PhuYen; QuangNgai,0.7648768424987793,230.68882689544063,5.302412986755371,6.06728982925415,True
NLI_5704,NLI,PNN,replace,0,do,tại,1,1,False,none,Connectives/Aspect markers,,,-0.2850770950317383,-23.409188660285537,4.547278881072998,4.26220178604126,True
NLI_5704,NLI,PNN,replace,1,có vẻ ngoài không,nhìn hông,4,2,False,none,Negation/Function words,,,-0.2850770950317383,-23.409188660285537,4.547278881072998,4.26220178604126,True
NLI_5704,NLI,PNN,replace,2,gọi,kêu,1,1,True,dialect_phrase,Predicate vocabulary,gọi,NamBo,-0.2850770950317383,-23.409188660285537,4.547278881072998,4.26220178604126,True
NLI_5704,NLI,PNT1,replace,0,con,cuôn,1,1,False,none,Orthographic variant,,,0.6356186866760254,83.82315328820795,4.547278881072998,5.182897567749023,False
NLI_5704,NLI,PNT1,replace,1,nó,hấn,1,1,False,none,Pronouns,,,0.6356186866760254,83.82315328820795,4.547278881072998,5.182897567749023,True
NLI_5704,NLI,PNT2,replace,0,này,ni,1,1,True,dialect_phrase,Demonstratives/Deixis,này,HaTinh_QB_QT; NgheAn,2.019597053527832,616.7694543225745,4.547278881072998,6.56687593460083,True
NLI_5704,NLI,PNT2,replace,1,không,nỏ,1,1,True,dialect_phrase,Negation/Function words,không,HaTinh_QB_QT; NgheAn,2.019597053527832,616.7694543225745,4.547278881072998,6.56687593460083,True
NLI_5704,NLI,PNT2,replace,2,nên người ta mới gọi nó,bơ họ mì kêu hắn,6,5,False,none,Pronouns,,,2.019597053527832,616.7694543225745,4.547278881072998,6.56687593460083,True
NLI_5704,NLI,PNT3,replace,0,này có vẻ ngoài không được,ni trông nỏ,6,3,False,none,Demonstratives/Deixis,,,2.3582205772399902,903.371469469907,4.547278881072998,6.905499458312988,True
NLI_5704,NLI,PNT3,replace,1,mới,mì,1,1,False,none,Orthographic variant,,,2.3582205772399902,903.371469469907,4.547278881072998,6.905499458312988,False
NLI_5704,NLI,PNT3,replace,2,nó,hấn,1,1,True,standard_word,Pronouns,hắn; nghị,HaTinh_QB_QT; Hue,2.3582205772399902,903.371469469907,4.547278881072998,6.905499458312988,True
NLI_5704,NLI,PNT4,replace,0,do,tại,1,1,False,none,Connectives/Aspect markers,,,0.5752153396606445,73.37800959838492,4.547278881072998,5.122494220733643,True
NLI_5704,NLI,PNT4,replace,1,này có vẻ ngoài,ni nhìn,4,2,False,none,Demonstratives/Deixis,,,0.5752153396606445,73.37800959838492,4.547278881072998,5.122494220733643,True
NLI_5704,NLI,PNT4,replace,2,nó,hén,1,1,True,dialect_phrase,Pronouns,nó,QuangNam,0.5752153396606445,73.37800959838492,4.547278881072998,5.122494220733643,True
NLI_5715,NLI,PNT1,replace,0,nay,ni,1,1,True,dialect_phrase,Demonstratives/Deixis,này,ThanhHoa,1.0635223388671875,71.0879220590086,3.623878002166748,4.6874003410339355,True
NLI_5715,NLI,PNT2,replace,0,nay,ni,1,1,True,dialect_phrase,Demonstratives/Deixis,này,HaTinh_QB_QT; NgheAn,1.0635223388671875,71.0879220590086,3.623878002166748,4.6874003410339355,True
NLI_5715,NLI,PNT3,replace,0,đã,đạ,1,1,True,dialect_phrase,Connectives/Aspect markers,đã,HaTinh_QB_QT,2.2053632736206055,302.61789452979633,3.623878002166748,5.8292412757873535,True
NLI_5715,NLI,PNT3,replace,1,nay,ni đỏ,1,2,False,none,Demonstratives/Deixis,,,2.2053632736206055,302.61789452979633,3.623878002166748,5.8292412757873535,True
NLI_5715,NLI,PNT4,replace,0,nay,ni,1,1,True,dialect_phrase,Demonstratives/Deixis,này,QuangNam,1.0635223388671875,71.0879220590086,3.623878002166748,4.6874003410339355,True
NLI_5733,NLI,PNT1,replace,0,đã,đả,1,1,False,none,Orthographic variant,,,2.0417370796203613,496.2240004924144,4.304326057434082,6.346063137054443,False
NLI_5733,NLI,PNT1,replace,1,đó,nứ,1,1,True,dialect_phrase,Demonstratives/Deixis,ấy / đó,ThanhHoa,2.0417370796203613,496.2240004924144,4.304326057434082,6.346063137054443,True
NLI_5733,NLI,PNT2,replace,0,đó,nớ,1,1,True,dialect_phrase,Demonstratives/Deixis,ấy / đó,HaTinh_QB_QT; NgheAn,0.945216178894043,116.4597402341298,4.304326057434082,5.249542236328125,True
NLI_5733,NLI,PNT3,replace,0,đã,đạ,1,1,True,dialect_phrase,Connectives/Aspect markers,đã,HaTinh_QB_QT,1.6362690925598145,306.1418012366131,4.304326057434082,5.9405951499938965,True
NLI_5733,NLI,PNT3,replace,1,đó,nớ,1,1,True,dialect_phrase,Demonstratives/Deixis,kia; ấy / đó,HaTinh_QB_QT; Hue,1.6362690925598145,306.1418012366131,4.304326057434082,5.9405951499938965,True
NLI_5735,NLI,PNB,replace,0,mọi,tất cả,1,2,False,none,Negation/Function words,,,-0.0737142562866211,-1.5024443206373554,3.051283121109009,2.9775688648223877,True
NLI_5735,NLI,PNB,replace,1,cha,bố,1,1,True,dialect_phrase,Kinship/Honorific terms,bố,BacBo,-0.0737142562866211,-1.5024443206373554,3.051283121109009,2.9775688648223877,True
NLI_5735,NLI,PNN,replace,0,mọi,hết thảy,1,2,False,none,Negation/Function words,,,1.329162359237671,58.73115224681952,3.051283121109009,4.38044548034668,True
NLI_5735,NLI,PNN,replace,1,khi,lúc,1,1,False,none,Connectives/Aspect markers,,,1.329162359237671,58.73115224681952,3.051283121109009,4.38044548034668,True
NLI_5735,NLI,PNN,replace,2,cha,ba,1,1,False,none,Kinship/Honorific terms,,,1.329162359237671,58.73115224681952,3.051283121109009,4.38044548034668,True
NLI_5735,NLI,PNN,replace,3,tôi,tui,1,1,True,dialect_phrase,Pronouns,tôi,NamBo,1.329162359237671,58.73115224681952,3.051283121109009,4.38044548034668,True
NLI_5735,NLI,PNT1,replace,0,sản của,sãn cũa,2,2,False,none,Orthographic variant,,,1.934349775314331,125.15368067726708,3.051283121109009,4.98563289642334,False
NLI_5735,NLI,PNT3,replace,0,bà cha,mệ bọ,2,2,False,none,Kinship/Honorific terms,,,1.9394824504852295,125.90650156210243,3.051283121109009,4.990765571594238,True
NLI_5735,NLI,PNT3,replace,1,tôi,tau,1,1,True,dialect_phrase,Pronouns,tao; tôi,HaTinh_QB_QT; Hue,1.9394824504852295,125.90650156210243,3.051283121109009,4.990765571594238,True
NLI_5735,NLI,PNT4,replace,0,cha,ba,1,1,True,dialect_phrase,Kinship/Honorific terms,bố,QuangNam; QuangNgai,0.7696390151977539,24.50382565620025,3.051283121109009,3.8209221363067623,True
NLI_5735,NLI,PNT4,replace,1,tôi,tui,1,1,True,dialect_phrase,Pronouns,tôi,PhuYen; QuangNgai,0.7696390151977539,24.50382565620025,3.051283121109009,3.8209221363067623,True
NLI_5746,NLI,PNN,replace,0,tôi,tui,1,1,True,dialect_phrase,Pronouns,tôi,NamBo,0.384108304977417,18.031924955486275,3.650780439376831,4.034888744354248,True
NLI_5746,NLI,PNT1,replace,0,tôi,tau,1,1,True,standard_word,Pronouns,choa,ThanhHoa,1.7120540142059326,174.8240558600722,3.650780439376831,5.362834453582764,True
NLI_5746,NLI,PNT2,replace,0,vậy,rứa,1,1,True,dialect_phrase,Demonstratives/Deixis,vậy / thế,NgheAn,0.766895055770874,44.398647050340806,3.650780439376831,4.417675495147705,True
NLI_5746,NLI,PNT3,replace,0,vậy tôi,rứa tau,2,2,False,none,Pronouns,,,2.3056442737579346,347.72207633568206,3.650780439376831,5.956424713134766,True
NLI_5746,NLI,PNT3,replace,1,gặp,chộ,1,1,True,dialect_phrase,Predicate vocabulary,thấy,HaTinh_QB_QT; Hue,2.3056442737579346,347.72207633568206,3.650780439376831,5.956424713134766,True
NLI_5746,NLI,PNT4,replace,0,vậy,rứa,1,1,True,standard_word,Demonstratives/Deixis,như dậy; như ri; như rứa; như vầy; như vậy,PhuYen; QuangNam; QuangNgai,0.766895055770874,44.398647050340806,3.650780439376831,4.417675495147705,True
NLI_6110,NLI,PNN,replace,0,những việc,mấy vụ,2,2,False,none,Negation/Function words,,,1.1054973602294922,110.54931554768945,4.002004623413086,5.107501983642578,True
NLI_6110,NLI,PNN,delete,1,một,,1,0,False,none,Unknown,,,1.1054973602294922,110.54931554768945,4.002004623413086,5.107501983642578,False
NLI_6110,NLI,PNN,insert,2,,ên,0,1,False,none,Unknown,,,1.1054973602294922,110.54931554768945,4.002004623413086,5.107501983642578,False
NLI_6110,NLI,PNN,replace,3,không,hông,1,1,True,dialect_phrase,Negation/Function words,không,NamBo,1.1054973602294922,110.54931554768945,4.002004623413086,5.107501983642578,True
NLI_6110,NLI,PNN,replace,4,những,mấy,1,1,False,none,Negation/Function words,,,1.1054973602294922,110.54931554768945,4.002004623413086,5.107501983642578,True
NLI_6110,NLI,PNT1,replace,0,làm,mần,1,1,True,dialect_phrase,Predicate vocabulary,làm,ThanhHoa,0.5947408676147461,44.453360795311504,4.002004623413086,4.596745491027832,True
NLI_6110,NLI,PNT1,replace,1,đó,nứ,1,1,True,dialect_phrase,Demonstratives/Deixis,ấy / đó,ThanhHoa,0.5947408676147461,44.453360795311504,4.002004623413086,4.596745491027832,True
NLI_6110,NLI,PNT2,replace,0,làm,mần,1,1,True,dialect_phrase,Predicate vocabulary,làm,HaTinh_QB_QT,1.594803810119629,214.85699086491647,4.002004623413086,5.596808433532715,True
NLI_6110,NLI,PNT2,replace,1,đó,nớ,1,1,True,dialect_phrase,Demonstratives/Deixis,ấy / đó,HaTinh_QB_QT; NgheAn,1.594803810119629,214.85699086491647,4.002004623413086,5.596808433532715,True
NLI_6110,NLI,PNT2,replace,2,không,nỏ,1,1,True,dialect_phrase,Negation/Function words,không,HaTinh_QB_QT; NgheAn,1.594803810119629,214.85699086491647,4.002004623413086,5.596808433532715,True
NLI_6110,NLI,PNT2,replace,3,sợ hãi,sình hại,2,2,True,standard_word,Predicate vocabulary,hại; tởn,HaTinh_QB_QT; NgheAn,1.594803810119629,214.85699086491647,4.002004623413086,5.596808433532715,True
NLI_6110,NLI,PNT3,delete,0,dạ,,1,0,False,none,Unknown,,,1.9310483932495115,322.59696612178055,4.002004623413086,5.933053016662598,False
NLI_6110,NLI,PNT3,replace,1,làm,mần,1,1,True,dialect_phrase,Predicate vocabulary,làm,HaTinh_QB_QT; Hue,1.9310483932495115,322.59696612178055,4.002004623413086,5.933053016662598,True
NLI_6110,NLI,PNT3,replace,2,đó,nớ,1,1,True,dialect_phrase,Demonstratives/Deixis,kia; ấy / đó,HaTinh_QB_QT; Hue,1.9310483932495115,322.59696612178055,4.002004623413086,5.933053016662598,True
NLI_6110,NLI,PNT3,replace,3,mình,chắc,1,1,False,none,Noise/Non-linguistic,,,1.9310483932495115,322.59696612178055,4.002004623413086,5.933053016662598,False
NLI_6110,NLI,PNT3,replace,4,không,nọ,1,1,True,standard_word,Negation/Function words,nỏ,HaTinh_QB_QT,1.9310483932495115,322.59696612178055,4.002004623413086,5.933053016662598,True
NLI_6110,NLI,PNT3,replace,5,sợ hãi,tởn,2,1,True,dialect_phrase,Predicate vocabulary,sợ hãi / e dè,HaTinh_QB_QT; Hue,1.9310483932495115,322.59696612178055,4.002004623413086,5.933053016662598,True
NLI_6110,NLI,PNT3,replace,6,gặp,chộ,1,1,True,dialect_phrase,Predicate vocabulary,thấy,HaTinh_QB_QT; Hue,1.9310483932495115,322.59696612178055,4.002004623413086,5.933053016662598,True
NLI_6110,NLI,PNT4,replace,0,những việc đó,mấy chuyện nớ,3,3,False,none,Demonstratives/Deixis,,,1.54838228225708,202.6293932928386,4.002004623413086,5.550386905670166,True
NLI_6110,NLI,PNT4,replace,1,và,với,1,1,False,none,Connectives/Aspect markers,,,1.54838228225708,202.6293932928386,4.002004623413086,5.550386905670166,True
NLI_6110,NLI,PNT4,replace,2,sợ hãi,hại,2,1,False,none,Noise/Non-linguistic,,,1.54838228225708,202.6293932928386,4.002004623413086,5.550386905670166,False
NLI_6110,NLI,PNT4,replace,3,những,mấy,1,1,False,none,Negation/Function words,,,1.54838228225708,202.6293932928386,4.002004623413086,5.550386905670166,True
NLI_6129,NLI,PNN,replace,0,đột,tự,1,1,False,none,Noise/Non-linguistic,,,0.8685469627380371,98.75714434250148,4.268086910247803,5.13663387298584,False
NLI_6129,NLI,PNN,replace,1,và,rồi,1,1,False,none,Connectives/Aspect markers,,,0.8685469627380371,98.75714434250148,4.268086910247803,5.13663387298584,True
NLI_6129,NLI,PNN,replace,2,không,hông,1,1,True,dialect_phrase,Negation/Function words,không,NamBo,0.8685469627380371,98.75714434250148,4.268086910247803,5.13663387298584,True
NLI_6129,NLI,PNT1,replace,0,nào,mô,1,1,True,dialect_phrase,Negation/Function words,đâu (phủ định),ThanhHoa,0.7599983215332031,81.25552248733281,4.268086910247803,5.028085231781006,True
NLI_6129,NLI,PNT2,replace,0,đột,tự,1,1,False,none,Noise/Non-linguistic,,,1.596604824066162,280.988575591017,4.268086910247803,5.864691734313965,False
NLI_6129,NLI,PNT2,replace,1,không,nỏ,1,1,True,dialect_phrase,Negation/Function words,không,HaTinh_QB_QT; NgheAn,1.596604824066162,280.988575591017,4.268086910247803,5.864691734313965,True
NLI_6129,NLI,PNT2,replace,2,nào,mô cả,1,2,True,standard_word,Interrogatives,mô,HaTinh_QB_QT; NgheAn,1.596604824066162,280.988575591017,4.268086910247803,5.864691734313965,True
NLI_6129,NLI,PNT3,replace,0,đột,tự,1,1,False,none,Noise/Non-linguistic,,,2.0172414779663086,465.2555490077465,4.268086910247803,6.285328388214111,False
NLI_6129,NLI,PNT3,replace,1,đó không,nớ nỏ,2,2,False,none,Demonstratives/Deixis,,,2.0172414779663086,465.2555490077465,4.268086910247803,6.285328388214111,True
NLI_6129,NLI,PNT3,replace,2,nào,mô,1,1,True,dialect_phrase,Interrogatives; Negation/Function words,đâu (phủ định); đâu / nào,HaTinh_QB_QT; Hue,2.0172414779663086,465.2555490077465,4.268086910247803,6.285328388214111,False
NLI_6129,NLI,PNT4,replace,0,đột,tự,1,1,False,none,Noise/Non-linguistic,,,1.1756601333618164,159.9223410277706,4.268086910247803,5.443747043609619,False
NLI_6129,NLI,PNT4,replace,1,nào,mô,1,1,True,dialect_phrase,Interrogatives,đâu / nào,QuangNam,1.1756601333618164,159.9223410277706,4.268086910247803,5.443747043609619,True
NLI_6155,NLI,PNB,replace,0,làm,khiến,1,1,True,standard_word,Predicate vocabulary,làm,BacBo,-0.016822338104248,-1.0590111344141135,4.150782585144043,4.133960247039795,True
NLI_6155,NLI,PNN,insert,0,,bằng,0,1,False,none,Unknown,,,0.2594265937805176,18.803012107915215,4.150782585144043,4.4102091789245605,False
NLI_6155,NLI,PNN,delete,1,cứ,,1,0,False,none,Unknown,,,0.2594265937805176,18.803012107915215,4.150782585144043,4.4102091789245605,False
NLI_6155,NLI,PNN,replace,2,điều,chuyện,1,1,False,none,Predicate vocabulary,,,0.2594265937805176,18.803012107915215,4.150782585144043,4.4102091789245605,True
NLI_6155,NLI,PNT1,insert,0,,bằng,0,1,False,none,Unknown,,,1.327631950378418,175.98307799726,4.150782585144043,5.478414535522461,False
NLI_6155,NLI,PNT1,replace,1,cứ nào,mô,2,1,True,dialect_phrase,Negation/Function words,đâu (phủ định),ThanhHoa,1.327631950378418,175.98307799726,4.150782585144043,5.478414535522461,True
NLI_6155,NLI,PNT2,replace,0,nào làm,mô mần,2,2,False,none,Interrogatives,,,2.1432604789733887,477.85391087300815,4.150782585144043,6.294043064117432,True
NLI_6155,NLI,PNT2,replace,1,đó,nớ,1,1,True,dialect_phrase,Demonstratives/Deixis,ấy / đó,HaTinh_QB_QT; NgheAn,2.1432604789733887,477.85391087300815,4.150782585144043,6.294043064117432,True
NLI_6155,NLI,PNT3,replace,0,nào làm,mô mần,2,2,False,none,Interrogatives,,,2.121870994567871,466.39793477134543,4.150782585144043,6.272653579711914,True
NLI_6155,NLI,PNT3,replace,1,điều đó,cấy nớ,2,2,False,none,Demonstratives/Deixis,,,2.121870994567871,466.39793477134543,4.150782585144043,6.272653579711914,True
NLI_6155,NLI,PNT4,replace,0,nào,mô,1,1,True,dialect_phrase,Interrogatives,đâu / nào,QuangNam,2.352865695953369,604.0890263476495,4.150782585144043,6.503648281097412,True
NLI_6155,NLI,PNT4,replace,1,điều đó,chuyện nớ,2,2,False,none,Demonstratives/Deixis,,,2.352865695953369,604.0890263476495,4.150782585144043,6.503648281097412,True
NLI_6169,NLI,PNN,replace,0,khi,lúc,1,1,False,none,Connectives/Aspect markers,,,0.8300361633300781,72.10267019114153,4.020815372467041,4.850851535797119,True
NLI_6169,NLI,PNN,replace,1,cô ấy,cổ,2,1,True,dialect_phrase,Pronouns,cô ấy,NamBo,0.8300361633300781,72.10267019114153,4.020815372467041,4.850851535797119,True
NLI_6169,NLI,PNT1,replace,0,ấy,nứ,1,1,True,dialect_phrase,Demonstratives/Deixis,ấy / đó,ThanhHoa,0.6895327568054199,55.34428564769049,4.020815372467041,4.710348129272461,True
NLI_6169,NLI,PNT2,replace,0,sợ hãi,hại,2,1,True,dialect_phrase,Predicate vocabulary,sợ; sợ hãi / e dè,NgheAn,0.9612259864807128,90.02510890129207,4.020815372467041,4.982041358947754,True
NLI_6169,NLI,PNT2,replace,1,người,ngài,1,1,False,none,Orthographic variant,,,0.9612259864807128,90.02510890129207,4.020815372467041,4.982041358947754,False
NLI_6169,NLI,PNT2,delete,2,ấy,,1,0,True,standard_word,Demonstratives/Deixis; Discourse particles,nớ; đỏ,HaTinh_QB_QT; NgheAn,0.9612259864807128,90.02510890129207,4.020815372467041,4.982041358947754,False
NLI_6169,NLI,PNT3,replace,0,sợ hãi,hại,2,1,True,standard_word,Predicate vocabulary,tởn,HaTinh_QB_QT; Hue,1.5382142066955566,203.8242796328752,4.020815372467041,5.559029579162598,True
NLI_6169,NLI,PNT3,replace,1,cô ấy,ả nớ,2,2,True,standard_word,Pronouns,o nớ,HaTinh_QB_QT; Hue,1.5382142066955566,203.8242796328752,4.020815372467041,5.559029579162598,True
NLI_6169,NLI,PNT4,replace,0,cô ấy,cổ,2,1,True,dialect_phrase,Pronouns,cô ấy,PhuYen; QuangNgai,0.5185885429382324,37.888427622658035,4.020815372467041,4.539403915405273,True
NLI_6280,NLI,PNN,replace,0,tiêm,chích,1,1,False,none,Predicate vocabulary,,,0.3390157222747803,10.779532499709244,3.2850658893585205,3.624081611633301,True
NLI_6280,NLI,PNT2,insert,0,,kì,0,1,True,dialect_phrase,Negation/Function words,cái,HaTinh_QB_QT,0.563493013381958,20.21464621948714,3.2850658893585205,3.8485589027404785,False
NLI_6280,NLI,PNT3,insert,0,,kì,0,1,True,dialect_phrase,Negation/Function words,cái,HaTinh_QB_QT,0.563493013381958,20.21464621948714,3.2850658893585205,3.8485589027404785,False
NLI_6280,NLI,PNT4,replace,0,em,con,1,1,False,none,Kinship/Honorific terms,,,0.1204650402069091,3.4195443283046103,3.2850658893585205,3.4055309295654297,True
NLI_6323,NLI,PNB,insert,0,,đúng,0,1,False,none,Unknown,,,-0.0618815422058105,-8.92777662183562,5.002481937408447,4.940600395202637,False
NLI_6323,NLI,PNB,delete,1,chính xác,,2,0,False,none,Unknown,,,-0.0618815422058105,-8.92777662183562,5.002481937408447,4.940600395202637,False
NLI_6323,NLI,PNT1,replace,0,giữa,giửa,1,1,False,none,Orthographic variant,,,0.1788601875305175,29.139474860821053,5.002481937408447,5.181342124938965,False
NLI_6323,NLI,PNT2,replace,0,đã,đạ,1,1,True,dialect_phrase,Connectives/Aspect markers,đã,HaTinh_QB_QT,0.4074726104736328,74.8394546162618,5.002481937408447,5.40995454788208,True
NLI_6323,NLI,PNT3,replace,0,vào,vô,1,1,False,none,Connectives/Aspect markers,,,0.3623967170715332,64.98332488035157,5.002481937408447,5.3648786544799805,True
NLI_6323,NLI,PNT4,delete,0,đã,,1,0,False,none,Unknown,,,0.0927906036376953,14.466361666778454,5.002481937408447,5.095272541046143,False
NLI_6323,NLI,PNT4,replace,1,1,một,1,1,False,none,Out-of-scope,,,0.0927906036376953,14.466361666778454,5.002481937408447,5.095272541046143,False
NLI_6350,NLI,PNT1,replace,0,người,ngừi,1,1,False,none,Orthographic variant,,,0.5591835975646973,82.56551490171789,4.702282905578613,5.2614665031433105,False
NLI_6350,NLI,PNT2,replace,0,gái,gấy,1,1,False,none,Orthographic variant,,,0.865959644317627,151.77483126191686,4.702282905578613,5.56824254989624,False
NLI_6350,NLI,PNT3,replace,0,người,đứa,1,1,False,none,Predicate vocabulary,,,0.5967869758605957,89.95210143317196,4.702282905578613,5.299069881439209,True
NLI_6350,NLI,PNT3,replace,1,gái,cấy,1,1,True,dialect_phrase,Negation/Function words,cái,HaTinh_QB_QT,0.5967869758605957,89.95210143317196,4.702282905578613,5.299069881439209,True
NLI_6350,NLI,PNT4,replace,0,người,đứa,1,1,False,none,Predicate vocabulary,,,-0.0807957649230957,-8.55337786900482,4.702282905578613,4.621487140655518,True
NLI_6594,NLI,PNN,replace,0,không,hông,1,1,True,dialect_phrase,Negation/Function words,không,NamBo,0.9117021560668944,33.59394014109411,3.11653995513916,4.028242111206055,True
NLI_6594,NLI,PNT1,replace,0,có,cúa,1,1,False,none,Orthographic variant,,,1.449594020843506,73.60343092017115,3.11653995513916,4.566133975982666,False
NLI_6594,NLI,PNT2,replace,0,không,nỏ,1,1,True,dialect_phrase,Negation/Function words,không,HaTinh_QB_QT; NgheAn,2.5596470832824707,269.26639428854696,3.11653995513916,5.676187038421631,True
NLI_6594,NLI,PNT2,replace,1,này,ni,1,1,True,dialect_phrase,Demonstratives/Deixis,này,HaTinh_QB_QT; NgheAn,2.5596470832824707,269.26639428854696,3.11653995513916,5.676187038421631,True
NLI_6594,NLI,PNT3,replace,0,không,nỏ có,1,2,True,standard_word,Negation/Function words,nỏ,HaTinh_QB_QT,3.0901122093200684,473.4696577999978,3.11653995513916,6.2066521644592285,True
NLI_6594,NLI,PNT3,insert,1,,kì,0,1,True,dialect_phrase,Negation/Function words,cái,HaTinh_QB_QT,3.0901122093200684,473.4696577999978,3.11653995513916,6.2066521644592285,False
NLI_6594,NLI,PNT3,replace,2,này,ni,1,1,True,dialect_phrase,Demonstratives/Deixis,này,HaTinh_QB_QT; Hue,3.0901122093200684,473.4696577999978,3.11653995513916,6.2066521644592285,True
NLI_6637,NLI,PNB,replace,0,câu hỏi,thắc mắc,2,2,False,none,Predicate vocabulary,,,-0.404390811920166,-32.107171598969956,4.569843769073486,4.16545295715332,True
NLI_6637,NLI,PNB,delete,1,vấn đề,,2,0,False,none,Unknown,,,-0.404390811920166,-32.107171598969956,4.569843769073486,4.16545295715332,False
NLI_6637,NLI,PNB,replace,2,trả lời,giải đáp,2,2,False,none,Idiomatic expressions,,,-0.404390811920166,-32.107171598969956,4.569843769073486,4.16545295715332,True
NLI_6637,NLI,PNN,replace,0,cô,cổ,1,1,True,dialect_phrase,Pronouns,cô ấy,NamBo,0.9980087280273438,165.3420981857593,4.569843769073486,5.56785249710083,True
NLI_6637,NLI,PNN,replace,1,mặc,bận,1,1,False,none,Predicate vocabulary,,,0.9980087280273438,165.3420981857593,4.569843769073486,5.56785249710083,True
NLI_6637,NLI,PNT2,insert,0,,cấy,0,1,True,dialect_phrase,Negation/Function words,cái,HaTinh_QB_QT; NgheAn,0.875828742980957,135.22405628349236,4.569843769073486,5.445672512054443,False
NLI_6637,NLI,PNT2,replace,1,đã,đạ,1,1,True,dialect_phrase,Connectives/Aspect markers,đã,HaTinh_QB_QT,0.875828742980957,135.22405628349236,4.569843769073486,5.445672512054443,True
NLI_6637,NLI,PNT3,replace,0,vấn đề,chuyện,2,1,False,none,Predicate vocabulary,,,1.6557645797729492,409.0014600441408,4.569843769073486,6.2256083488464355,True
NLI_6637,NLI,PNT3,replace,1,cô,lạo,1,1,False,none,Pronouns,,,1.6557645797729492,409.0014600441408,4.569843769073486,6.2256083488464355,True
NLI_6637,NLI,PNT3,replace,2,đã,đạ,1,1,True,dialect_phrase,Connectives/Aspect markers,đã,HaTinh_QB_QT,1.6557645797729492,409.0014600441408,4.569843769073486,6.2256083488464355,True
NLI_6854,NLI,PNB,delete,0,điều,,1,0,False,none,Unknown,,,0.1564369201660156,13.579491641931725,4.384425163269043,4.540862083435059,False
NLI_6854,NLI,PNN,replace,0,điên rồ,tửng,2,1,False,none,Predicate vocabulary,,,0.8134407997131348,100.6937000851677,4.384425163269043,5.197865962982178,True
NLI_6854,NLI,PNT1,replace,0,gì,chi,1,1,False,none,Interrogatives,,,0.5580830574035645,59.929151627167926,4.384425163269043,4.942508220672607,True
NLI_6854,NLI,PNT2,replace,0,gì,chi,1,1,True,dialect_phrase,Interrogatives,gì,HaTinh_QB_QT; NgheAn,0.5580830574035645,59.929151627167926,4.384425163269043,4.942508220672607,True
NLI_6854,NLI,PNT3,replace,0,mong,trông,1,1,False,none,Predicate vocabulary,,,0.4763021469116211,48.92596426773403,4.384425163269043,4.860727310180664,True
NLI_6854,NLI,PNT3,replace,1,điều gì,cấy chi,2,2,False,none,Interrogatives,,,0.4763021469116211,48.92596426773403,4.384425163269043,4.860727310180664,True
NLI_6854,NLI,PNT3,replace,2,thật,thiệt,1,1,True,dialect_phrase,Connectives/Aspect markers,thật,HaTinh_QB_QT,0.4763021469116211,48.92596426773403,4.384425163269043,4.860727310180664,True
NLI_6960,NLI,PNN,replace,0,ngay lập tức,liền,3,1,False,none,Predicate vocabulary,,,1.0386674404144287,76.6489973144373,3.737410306930542,4.776077747344971,True
NLI_6960,NLI,PNN,replace,1,cô ấy,cổ,2,1,True,dialect_phrase,Pronouns,cô ấy,NamBo,1.0386674404144287,76.6489973144373,3.737410306930542,4.776077747344971,True
NLI_6960,NLI,PNT1,replace,0,lập tức,luôn,2,1,False,none,Predicate vocabulary,,,0.3970320224761963,20.46564184320711,3.737410306930542,4.134442329406738,True
NLI_6960,NLI,PNT2,replace,0,ngay lập,tắp lự,2,2,False,none,Predicate vocabulary,,,1.8141028881073,215.63799081840637,3.737410306930542,5.551513195037842,True
NLI_6960,NLI,PNT2,replace,1,chồng,nhông,1,1,False,none,Orthographic variant,,,1.8141028881073,215.63799081840637,3.737410306930542,5.551513195037842,False
NLI_6960,NLI,PNT2,replace,2,cô ấy,o nớ,2,2,True,dialect_phrase,Pronouns,cô ấy,HaTinh_QB_QT,1.8141028881073,215.63799081840637,3.737410306930542,5.551513195037842,True
NLI_6960,NLI,PNT3,replace,0,đã,đạ,1,1,True,dialect_phrase,Connectives/Aspect markers,đã,HaTinh_QB_QT,1.665536642074585,180.07074163504254,3.737410306930542,5.402946949005127,True
NLI_6960,NLI,PNT3,replace,1,người phụ nữ đã,ả nớ đạ,4,3,False,none,Kinship/Honorific terms,,,1.665536642074585,180.07074163504254,3.737410306930542,5.402946949005127,True
NLI_6960,NLI,PNT3,replace,2,ngay lập tức,liền,3,1,False,none,Predicate vocabulary,,,1.665536642074585,180.07074163504254,3.737410306930542,5.402946949005127,True
NLI_6960,NLI,PNT3,replace,3,chồng,dông,1,1,False,none,Kinship/Honorific terms,,,1.665536642074585,180.07074163504254,3.737410306930542,5.402946949005127,True
NLI_7176,NLI,PNN,replace,0,tôi,tui,1,1,True,dialect_phrase,Pronouns,tôi,NamBo,1.055527687072754,90.60605008822117,3.878717422485352,4.9342451095581055,True
NLI_7176,NLI,PNN,replace,1,không chạm,hông đụng,2,2,False,none,Negation/Function words,,,1.055527687072754,90.60605008822117,3.878717422485352,4.9342451095581055,True
NLI_7176,NLI,PNN,replace,2,vào,vô,1,1,False,none,Connectives/Aspect markers,,,1.055527687072754,90.60605008822117,3.878717422485352,4.9342451095581055,True
NLI_7176,NLI,PNT1,replace,0,tôi,tau,1,1,True,standard_word,Pronouns,choa,ThanhHoa,1.4687294960021973,161.7091364534637,3.878717422485352,5.347446918487549,True
NLI_7176,NLI,PNT1,replace,1,đâu,mô,1,1,True,dialect_phrase,Negation/Function words,đâu (phủ định),ThanhHoa,1.4687294960021973,161.7091364534637,3.878717422485352,5.347446918487549,True
NLI_7176,NLI,PNT1,replace,2,cho,chua,1,1,False,none,Predicate vocabulary,,,1.4687294960021973,161.7091364534637,3.878717422485352,5.347446918487549,True
NLI_7176,NLI,PNT2,replace,0,tôi,tui,1,1,True,dialect_phrase,Pronouns,tôi,HaTinh_QB_QT,1.886042594909668,270.5003663230603,3.878717422485352,5.7647600173950195,True
NLI_7176,NLI,PNT2,replace,1,không,nỏ,1,1,True,dialect_phrase,Negation/Function words,không,HaTinh_QB_QT; NgheAn,1.886042594909668,270.5003663230603,3.878717422485352,5.7647600173950195,True
NLI_7176,NLI,PNT2,replace,2,vào,vô,1,1,False,none,Connectives/Aspect markers,,,1.886042594909668,270.5003663230603,3.878717422485352,5.7647600173950195,True
NLI_7176,NLI,PNT2,replace,3,đâu,mô,1,1,True,dialect_phrase,Interrogatives; Negation/Function words,đâu (phủ định); đâu / nào,HaTinh_QB_QT; NgheAn,1.886042594909668,270.5003663230603,3.878717422485352,5.7647600173950195,False
NLI_7176,NLI,PNT3,replace,0,tôi,tau,1,1,True,dialect_phrase,Pronouns,tao; tôi,HaTinh_QB_QT; Hue,2.5757718086242676,587.1868775920314,3.878717422485352,6.454489231109619,True
NLI_7176,NLI,PNT3,replace,1,không,nỏ,1,1,True,dialect_phrase,Negation/Function words,không,HaTinh_QB_QT,2.5757718086242676,587.1868775920314,3.878717422485352,6.454489231109619,True
NLI_7176,NLI,PNT3,replace,2,vào,vô,1,1,False,none,Connectives/Aspect markers,,,2.5757718086242676,587.1868775920314,3.878717422485352,6.454489231109619,True
NLI_7176,NLI,PNT3,replace,3,đâu,mô,1,1,True,dialect_phrase,Interrogatives; Negation/Function words,đâu (phủ định); đâu / nào,HaTinh_QB_QT; Hue,2.5757718086242676,587.1868775920314,3.878717422485352,6.454489231109619,False
NLI_7176,NLI,PNT3,replace,4,"thân""","thân tau""",1,2,False,none,Pronouns,,,2.5757718086242676,587.1868775920314,3.878717422485352,6.454489231109619,True
NLI_7176,NLI,PNT4,replace,0,tôi,tui,1,1,True,dialect_phrase,Pronouns,tôi,PhuYen; QuangNgai,0.5449943542480469,35.04314627257737,3.878717422485352,4.423711776733398,True
NLI_7469,NLI,PNB,delete,0,rằng,,1,0,False,none,Unknown,,,0.0738654136657714,2.143680345507999,3.3308746814727783,3.40474009513855,False
NLI_7469,NLI,PNB,insert,1,,suy giảm,0,2,False,none,Unknown,,,0.0738654136657714,2.143680345507999,3.3308746814727783,3.40474009513855,False
NLI_7469,NLI,PNB,delete,2,suy giảm,,2,0,False,none,Unknown,,,0.0738654136657714,2.143680345507999,3.3308746814727783,3.40474009513855,False
NLI_7469,NLI,PNN,replace,0,những gì,mấy chuyện,2,2,False,none,Predicate vocabulary,,,0.8118641376495361,35.01227323519627,3.3308746814727783,4.1427388191223145,True
NLI_7469,NLI,PNN,replace,1,các,mấy,1,1,False,none,Negation/Function words,,,0.8118641376495361,35.01227323519627,3.3308746814727783,4.1427388191223145,True
NLI_7469,NLI,PNT1,replace,0,gì,chi,1,1,False,none,Interrogatives,,,0.5915699005126953,22.56101397268965,3.3308746814727783,3.9224445819854736,True
NLI_7469,NLI,PNT2,replace,0,gì,chi,1,1,True,dialect_phrase,Interrogatives,gì,HaTinh_QB_QT; NgheAn,0.5915699005126953,22.56101397268965,3.3308746814727783,3.9224445819854736,True
NLI_7469,NLI,PNT3,replace,0,gì đã,chi đạ,2,2,False,none,Interrogatives,,,0.9194176197052002,42.16311769291147,3.3308746814727783,4.2502923011779785,True
NLI_7469,NLI,PNT4,replace,0,những gì đã,mấy chuyện,3,2,False,none,Predicate vocabulary,,,0.9455187320709229,44.017578339422755,3.3308746814727783,4.276393413543701,True
NLI_7469,NLI,PNT4,replace,1,các,mấy,1,1,False,none,Negation/Function words,,,0.9455187320709229,44.017578339422755,3.3308746814727783,4.276393413543701,True
NLI_7469,NLI,PNT4,replace,2,rằng,là,1,1,False,none,Connectives/Aspect markers,,,0.9455187320709229,44.017578339422755,3.3308746814727783,4.276393413543701,True
NLI_7524,NLI,PNB,insert,0,,cả,0,1,False,none,Unknown,,,-0.3502249717712402,-136.86775803819205,6.138201713562012,5.7879767417907715,False
NLI_7524,NLI,PNN,replace,0,không,hông,1,1,True,dialect_phrase,Negation/Function words,không,NamBo,0.2245364189147949,116.61202166199172,6.138201713562012,6.362738132476807,True
NLI_7524,NLI,PNT1,replace,0,gì,chi,1,1,False,none,Interrogatives,,,0.8011889457702637,568.9212782579589,6.138201713562012,6.939390659332275,True
NLI_7524,NLI,PNT2,replace,0,không,nỏ,1,1,True,dialect_phrase,Negation/Function words,không,HaTinh_QB_QT; NgheAn,1.3363494873046875,1299.390633100658,6.138201713562012,7.474551200866699,True
NLI_7524,NLI,PNT2,replace,1,làm gì,mần chi,2,2,True,dialect_phrase,Interrogatives,làm gì,HaTinh_QB_QT; NgheAn,1.3363494873046875,1299.390633100658,6.138201713562012,7.474551200866699,True
NLI_7524,NLI,PNT3,replace,0,không,nỏ,1,1,True,dialect_phrase,Negation/Function words,không,HaTinh_QB_QT,0.94718599319458,731.166397835616,6.138201713562012,7.085387706756592,True
NLI_7524,NLI,PNT3,replace,1,làm gì,mần cấy chi,2,3,True,standard_word,Interrogatives,mần chi,HaTinh_QB_QT; Hue,0.94718599319458,731.166397835616,6.138201713562012,7.085387706756592,True
NLI_7524,NLI,PNT4,replace,0,gì,chi,1,1,True,dialect_phrase,Interrogatives,gì,QuangNam,0.8011889457702637,568.9212782579589,6.138201713562012,6.939390659332275,True
NLI_7530,NLI,PNN,replace,0,chọn,lựa,1,1,False,none,Predicate vocabulary,,,0.3263773918151855,23.799124089951817,4.1217265129089355,4.448103904724121,True
NLI_7681,NLI,PNB,replace,0,là,rằng,1,1,False,none,Connectives/Aspect markers,,,-0.5097036361694336,-29.99301623318477,4.31894063949585,3.809237003326416,True
NLI_7681,NLI,PNB,replace,1,tháng,thắng,1,1,False,none,Noise/Non-linguistic,,,-0.5097036361694336,-29.99301623318477,4.31894063949585,3.809237003326416,False
NLI_7681,NLI,PNN,replace,0,ngày,bữa,1,1,False,none,Predicate vocabulary,,,1.5204644203186035,268.4658547452125,4.31894063949585,5.839405059814453,True
NLI_7681,NLI,PNN,replace,1,cô ấy,cổ,2,1,True,dialect_phrase,Pronouns,cô ấy,NamBo,1.5204644203186035,268.4658547452125,4.31894063949585,5.839405059814453,True
NLI_7681,NLI,PNT1,replace,0,cho,chua,1,1,False,none,Predicate vocabulary,,,0.6194415092468262,64.43528630374472,4.31894063949585,4.938382148742676,True
NLI_7681,NLI,PNT1,replace,1,ấy,nứ,1,1,True,dialect_phrase,Demonstratives/Deixis,ấy / đó,ThanhHoa,0.6194415092468262,64.43528630374472,4.31894063949585,4.938382148742676,True
NLI_7681,NLI,PNT2,replace,0,ấy,nớ,1,1,True,dialect_phrase,Demonstratives/Deixis,ấy / đó,HaTinh_QB_QT; NgheAn,0.4214916229248047,39.374659373810246,4.31894063949585,4.740432262420654,True
NLI_7681,NLI,PNT3,replace,0,tháng,thắng,1,1,False,none,Noise/Non-linguistic,,,-0.4057588577270508,-25.0510462049061,4.31894063949585,3.913181781768799,False
NLI_7681,NLI,PNT4,replace,0,đã,nớ,1,1,True,dialect_phrase,Demonstratives/Deixis,ấy / đó,QuangNam,0.6022114753723145,62.05152829154191,4.31894063949585,4.921152114868164,True
NLI_7681,NLI,PNT4,replace,1,cô ấy,bả mới,2,2,True,standard_word,Pronouns,bả; cổ,PhuYen; QuangNam; QuangNgai,0.6022114753723145,62.05152829154191,4.31894063949585,4.921152114868164,True
NLI_7681,NLI,PNT4,replace,2,mới tháng,thắng,2,1,False,none,Noise/Non-linguistic,,,0.6022114753723145,62.05152829154191,4.31894063949585,4.921152114868164,False
NLI_7691,NLI,PNN,replace,0,tôi,tui,1,1,True,dialect_phrase,Pronouns,tôi,NamBo,1.082777976989746,15.52987823396684,2.07346510887146,3.156243085861206,True
NLI_7691,NLI,PNT1,replace,0,tôi,tau,1,1,True,standard_word,Pronouns,choa,ThanhHoa,0.673048734664917,7.635863041936661,2.07346510887146,2.746513843536377,True
NLI_7691,NLI,PNT2,replace,0,tôi đã,tau đạ,2,2,False,none,Pronouns,,,1.574862003326416,30.45802493187254,2.07346510887146,3.648327112197876,True
NLI_7691,NLI,PNT3,replace,0,tôi đã,tui đạ,2,2,False,none,Pronouns,,,3.77004599571228,337.0361762726612,2.07346510887146,5.84351110458374,True
NLI_7691,NLI,PNT3,insert,1,,nhiều,0,1,False,none,Unknown,,,3.77004599571228,337.0361762726612,2.07346510887146,5.84351110458374,False
NLI_7691,NLI,PNT3,delete,2,dày dặn,,2,0,False,none,Unknown,,,3.77004599571228,337.0361762726612,2.07346510887146,5.84351110458374,False
NLI_7691,NLI,PNT3,replace,3,qua,ni,1,1,True,dialect_phrase,Demonstratives/Deixis,này,HaTinh_QB_QT; Hue,3.77004599571228,337.0361762726612,2.07346510887146,5.84351110458374,True
NLI_7691,NLI,PNT4,replace,0,tôi,tui,1,1,True,dialect_phrase,Pronouns,tôi,PhuYen; QuangNgai,1.082777976989746,15.52987823396684,2.07346510887146,3.156243085861206,True
NLI_7826,NLI,PNB,replace,0,cô,bà,1,1,True,dialect_phrase,Kinship/Honorific terms,bà,BacBo,0.1115210056304931,3.6400244375308546,3.429254055023194,3.5407750606536865,True
NLI_7826,NLI,PNB,delete,1,được,,1,0,False,none,Unknown,,,0.1115210056304931,3.6400244375308546,3.429254055023194,3.5407750606536865,False
NLI_7826,NLI,PNN,replace,0,mẹ,má,1,1,False,none,Kinship/Honorific terms,,,1.7150874137878418,140.60491762984762,3.429254055023194,5.144341468811035,True
NLI_7826,NLI,PNN,replace,1,cô ấy,cổ,2,1,True,dialect_phrase,Pronouns,cô ấy,NamBo,1.7150874137878418,140.60491762984762,3.429254055023194,5.144341468811035,True
NLI_7826,NLI,PNN,delete,2,được,,1,0,False,none,Unknown,,,1.7150874137878418,140.60491762984762,3.429254055023194,5.144341468811035,False
NLI_7826,NLI,PNT1,replace,0,giải thưởng,giãi thưỡng,2,2,False,none,Orthographic variant,,,1.6191325187683103,124.91731765700143,3.429254055023194,5.048386573791504,False
NLI_7826,NLI,PNT3,replace,0,mẹ,mạ,1,1,True,dialect_phrase,Kinship/Honorific terms,mẹ,HaTinh_QB_QT,0.9371614456176758,47.907187986224486,3.429254055023194,4.366415500640869,True
NLI_7826,NLI,PNT3,replace,1,rằng,là,1,1,False,none,Connectives/Aspect markers,,,0.9371614456176758,47.907187986224486,3.429254055023194,4.366415500640869,True
NLI_7826,NLI,PNT3,replace,2,ấy đã,đạ,2,1,True,dialect_phrase,Connectives/Aspect markers,đã,HaTinh_QB_QT,0.9371614456176758,47.907187986224486,3.429254055023194,4.366415500640869,True
NLI_7858,NLI,PNN,replace,0,việc,chuyện,1,1,False,none,Predicate vocabulary,,,-0.0043001174926757,-0.1825922492275822,3.750762462615967,3.746462345123291,True
NLI_7858,NLI,PNT1,replace,0,hỏi,hõi,1,1,False,none,Orthographic variant,,,1.061152458190918,80.41334891421056,3.750762462615967,4.811914920806885,False
NLI_7858,NLI,PNT3,replace,0,đã,đạ,1,1,True,dialect_phrase,Connectives/Aspect markers,đã,HaTinh_QB_QT,0.2759928703308105,13.525144057172582,3.750762462615967,4.026755332946777,True
NLI_7858,NLI,PNT4,replace,0,việc,chuyện,1,1,False,none,Predicate vocabulary,,,-0.0043001174926757,-0.1825922492275822,3.750762462615967,3.746462345123291,True
NLI_7901,NLI,PNN,replace,0,cô,con,1,1,False,none,Kinship/Honorific terms,,,1.1424050331115725,122.13371325829978,4.046978950500488,5.1893839836120605,True
NLI_7901,NLI,PNT2,replace,0,cô,con,1,1,False,none,Kinship/Honorific terms,,,1.5189056396484375,204.13197653910152,4.046978950500488,5.565884590148926,True
NLI_7901,NLI,PNT2,insert,1,,nớ,0,1,True,dialect_phrase,Demonstratives/Deixis,ấy / đó,HaTinh_QB_QT; NgheAn,1.5189056396484375,204.13197653910152,4.046978950500488,5.565884590148926,False
NLI_7901,NLI,PNT3,replace,0,cô bé,ả nớ,2,2,False,none,Pronouns,,,1.1937079429626465,131.57542503646505,4.046978950500488,5.240686893463135,True
QA_0268,QA,PNT3,replace,0,các,mấy,1,1,False,none,Negation/Function words,,,1.3755888938903809,307.0801386116116,4.642796039581299,6.01838493347168,True
QA_0268,QA,PNT3,replace,1,chứa,bỏ,1,1,False,none,Predicate vocabulary,,,1.3755888938903809,307.0801386116116,4.642796039581299,6.01838493347168,True
QA_0268,QA,PNT3,replace,2,thế nào,răng,2,1,True,dialect_phrase,Interrogatives,sao / thế nào,HaTinh_QB_QT; Hue,1.3755888938903809,307.0801386116116,4.642796039581299,6.01838493347168,True
QA_0572,QA,PNB,replace,0,tác động,ảnh hưởng,2,2,False,none,Predicate vocabulary,,,-0.2117426395416259,-7.047726705385799,3.609092712402344,3.3973500728607178,True
QA_0572,QA,PNB,replace,1,bởi,từ,1,1,False,none,Connectives/Aspect markers,,,-0.2117426395416259,-7.047726705385799,3.609092712402344,3.3973500728607178,True
QA_0572,QA,PNT2,replace,0,thế nào,răng,2,1,True,dialect_phrase,Interrogatives,sao / thế nào,HaTinh_QB_QT; NgheAn,1.1858105659484863,83.96015909371675,3.609092712402344,4.79490327835083,True
QA_0572,QA,PNT3,replace,0,thế nào,răng,2,1,True,dialect_phrase,Interrogatives,sao / thế nào,HaTinh_QB_QT; Hue,1.1858105659484863,83.96015909371675,3.609092712402344,4.79490327835083,True
QA_10410,QA,PNN,replace,0,trrong gia đoạn,hồi lúc,3,2,False,none,Noise/Non-linguistic,,,-0.2403500080108642,-11.140523130150186,3.954017400741577,3.713667392730713,False
QA_10410,QA,PNN,delete,1,đã,,1,0,False,none,Unknown,,,-0.2403500080108642,-11.140523130150186,3.954017400741577,3.713667392730713,False
QA_10410,QA,PNN,delete,2,vào,,1,0,False,none,Unknown,,,-0.2403500080108642,-11.140523130150186,3.954017400741577,3.713667392730713,False
QA_10410,QA,PNN,replace,3,những việc,mấy chuyện,2,2,False,none,Negation/Function words,,,-0.2403500080108642,-11.140523130150186,3.954017400741577,3.713667392730713,True
QA_11800,QA,PNN,replace,0,như thế nào,ra sao,3,2,False,none,Interrogatives,,,0.3693649768829345,11.23482523091965,3.224627733230591,3.5939927101135254,True
QA_11800,QA,PNN,replace,1,sự việc,vụ,2,1,False,none,Predicate vocabulary,,,0.3693649768829345,11.23482523091965,3.224627733230591,3.5939927101135254,True
QA_11800,QA,PNT1,replace,0,thế nào,răng,2,1,False,none,Interrogatives,,,1.1869065761566162,57.251575140635495,3.224627733230591,4.411534309387207,True
QA_12019,QA,PNT1,replace,0,đã,đả,1,1,False,none,Orthographic variant,,,1.5608439445495603,73.41593798294268,2.9709672927856445,4.531811237335205,False
QA_12019,QA,PNT1,replace,1,nào,mô,1,1,True,dialect_phrase,Negation/Function words,đâu (phủ định),ThanhHoa,1.5608439445495603,73.41593798294268,2.9709672927856445,4.531811237335205,True
QA_1203,QA,PNB,replace,0,tại,rằng ở,1,2,False,none,Noise/Non-linguistic,,,-0.3238706588745117,-84.39441615535563,5.720480918884277,5.396610260009766,False
QA_1203,QA,PNT2,replace,0,như thế nào,a răng,3,2,False,none,Interrogatives,,,1.2189698219299316,727.1515194329013,5.720480918884277,6.939450740814209,True
QA_1203,QA,PNT3,replace,0,thế nào,răng,2,1,True,dialect_phrase,Interrogatives,sao / thế nào,HaTinh_QB_QT; Hue,0.9764418601989746,504.8581227220397,5.720480918884277,6.696922779083252,True
QA_12099,QA,PNN,replace,0,và,với,1,1,False,none,Connectives/Aspect markers,,,0.7533552646636963,41.52733082551086,3.6093556880950928,4.362710952758789,True
QA_12099,QA,PNN,replace,1,như thế nào đến,ra sao tới,4,3,False,none,Interrogatives,,,0.7533552646636963,41.52733082551086,3.6093556880950928,4.362710952758789,True
QA_12099,QA,PNT4,replace,0,như thế nào đến,ra ren tới,4,3,False,none,Interrogatives,,,0.9347851276397704,57.13731797822702,3.6093556880950928,4.544140815734863,True
QA_1224,QA,PNB,insert,0,,đó,0,1,False,none,Unknown,,,-1.014228582382202,-49.20217784950455,4.346424579620361,3.332195997238159,False
QA_1224,QA,PNB,delete,1,lực đó,,2,0,False,none,Unknown,,,-1.014228582382202,-49.20217784950455,4.346424579620361,3.332195997238159,False
QA_1224,QA,PNB,replace,2,hiểu,biết được,1,2,False,none,Predicate vocabulary,,,-1.014228582382202,-49.20217784950455,4.346424579620361,3.332195997238159,True
QA_1224,QA,PNB,insert,3,,hay không,0,2,False,none,Unknown,,,-1.014228582382202,-49.20217784950455,4.346424579620361,3.332195997238159,False
QA_1224,QA,PNT2,replace,0,đâu,mô,1,1,True,dialect_phrase,Interrogatives; Negation/Function words,đâu (phủ định); đâu / nào,HaTinh_QB_QT; NgheAn,1.0122828483581543,135.248222274969,4.346424579620361,5.358707427978516,False
QA_1224,QA,PNT2,replace,1,đó,nớ,1,1,True,dialect_phrase,Demonstratives/Deixis,ấy / đó,HaTinh_QB_QT; NgheAn,1.0122828483581543,135.248222274969,4.346424579620361,5.358707427978516,True
QA_1224,QA,PNT2,replace,2,nó,hấn,1,1,True,standard_word,Pronouns,hắn; nghị,HaTinh_QB_QT,1.0122828483581543,135.248222274969,4.346424579620361,5.358707427978516,True
QA_1224,QA,PNT3,replace,0,đâu,mô,1,1,True,dialect_phrase,Interrogatives; Negation/Function words,đâu (phủ định); đâu / nào,HaTinh_QB_QT; Hue,0.8914079666137695,111.05967204587614,4.346424579620361,5.237832546234131,False
QA_1224,QA,PNT3,replace,1,đó,nớ,1,1,True,dialect_phrase,Demonstratives/Deixis,kia; ấy / đó,HaTinh_QB_QT; Hue,0.8914079666137695,111.05967204587614,4.346424579620361,5.237832546234131,True
QA_1224,QA,PNT3,replace,2,nó,hắn,1,1,True,dialect_phrase,Pronouns,nó,HaTinh_QB_QT; Hue,0.8914079666137695,111.05967204587614,4.346424579620361,5.237832546234131,True
QA_12824,QA,PNN,replace,0,vào,hồi,1,1,False,none,Connectives/Aspect markers,,,0.1129088401794433,2.6886606583862154,3.113232135772705,3.2261409759521484,True
QA_12824,QA,PNN,replace,1,như thế nào,ra sao,3,2,False,none,Interrogatives,,,0.1129088401794433,2.6886606583862154,3.113232135772705,3.2261409759521484,True
QA_12824,QA,PNT1,replace,0,của,cũa,1,1,False,none,Orthographic variant,,,1.3373923301696775,63.18680231172644,3.113232135772705,4.450624465942383,False
QA_12824,QA,PNT1,replace,1,thế nào,răng,2,1,False,none,Interrogatives,,,1.3373923301696775,63.18680231172644,3.113232135772705,4.450624465942383,True
QA_12824,QA,PNT2,replace,0,vào,vô,1,1,False,none,Connectives/Aspect markers,,,1.451097011566162,73.5045422813542,3.113232135772705,4.564329147338867,True
QA_12824,QA,PNT2,replace,1,như thế nào,a răng,3,2,False,none,Interrogatives,,,1.451097011566162,73.5045422813542,3.113232135772705,4.564329147338867,True
QA_12824,QA,PNT4,replace,0,vào,hồi,1,1,False,none,Connectives/Aspect markers,,,1.3392972946166992,63.350176049308,3.113232135772705,4.452529430389404,True
QA_12824,QA,PNT4,replace,1,thế nào,ren,2,1,True,dialect_phrase,Interrogatives,sao / thế nào,QuangNam,1.3392972946166992,63.350176049308,3.113232135772705,4.452529430389404,True
QA_12824,QA,PNT4,replace,2,các,mấy,1,1,False,none,Negation/Function words,,,1.3392972946166992,63.350176049308,3.113232135772705,4.452529430389404,True
QA_12824,QA,PNT4,replace,3,tại,ở,1,1,False,none,Predicate vocabulary,,,1.3392972946166992,63.350176049308,3.113232135772705,4.452529430389404,True
QA_13646,QA,PNN,replace,0,như thế nào,ra sao,3,2,False,none,Interrogatives,,,0.1560034751892089,1.7919535927297865,2.3621678352355957,2.5181713104248047,True
QA_13646,QA,PNT1,replace,0,thế nào,răng,2,1,False,none,Interrogatives,,,0.906944751739502,15.674064880778046,2.3621678352355957,3.2691125869750977,True
QA_13646,QA,PNT2,replace,0,như thế nào,a răng,3,2,False,none,Interrogatives,,,0.9277002811431884,16.225387960965733,2.3621678352355957,3.289868116378784,True
QA_13646,QA,PNT3,replace,0,và,với,1,1,False,none,Connectives/Aspect markers,,,1.4119806289672852,32.9464634845038,2.3621678352355957,3.774148464202881,True
QA_13646,QA,PNT3,replace,1,thế nào,răng,2,1,True,dialect_phrase,Interrogatives,sao / thế nào,HaTinh_QB_QT; Hue,1.4119806289672852,32.9464634845038,2.3621678352355957,3.774148464202881,True
QA_13646,QA,PNT3,replace,2,và,với,1,1,False,none,Connectives/Aspect markers,,,1.4119806289672852,32.9464634845038,2.3621678352355957,3.774148464202881,True
QA_13646,QA,PNT4,replace,0,như thế nào,ra ren,3,2,False,none,Interrogatives,,,0.9901208877563475,17.95410742053778,2.3621678352355957,3.3522887229919434,True
QA_13794,QA,PNB,insert,0,,kể từ,0,2,False,none,Unknown,,,-0.0861349105834961,-1.4882386416738491,2.8921921253204346,2.8060572147369385,False
QA_13794,QA,PNB,delete,1,được,,1,0,False,none,Unknown,,,-0.0861349105834961,-1.4882386416738491,2.8921921253204346,2.8060572147369385,False
QA_13794,QA,PNN,delete,0,thế,,1,0,True,standard_word,Demonstratives/Deixis,vậy,NamBo,0.7816674709320068,21.370898647853796,2.8921921253204346,3.6738595962524414,False
QA_13794,QA,PNN,replace,1,khi,lúc,1,1,False,none,Connectives/Aspect markers,,,0.7816674709320068,21.370898647853796,2.8921921253204346,3.6738595962524414,True
QA_13794,QA,PNT2,replace,0,như thế nào,a răng,3,2,False,none,Interrogatives,,,1.8270318508148191,94.04844473734951,2.8921921253204346,4.719223976135254,True
QA_13794,QA,PNT2,replace,1,nó,hấn,1,1,True,standard_word,Pronouns,hắn; nghị,HaTinh_QB_QT,1.8270318508148191,94.04844473734951,2.8921921253204346,4.719223976135254,True
QA_13794,QA,PNT4,replace,0,thế nào,ren,2,1,True,dialect_phrase,Interrogatives,sao / thế nào,QuangNam,1.304541826248169,48.43608908571257,2.8921921253204346,4.1967339515686035,True
QA_13818,QA,PNN,delete,0,đã,,1,0,False,none,Unknown,,,0.2341408729553222,7.043927666817947,3.284644603729248,3.5187854766845703,False
QA_13818,QA,PNN,delete,1,rằng,,1,0,False,none,Unknown,,,0.2341408729553222,7.043927666817947,3.284644603729248,3.5187854766845703,False
QA_13818,QA,PNN,replace,2,như thế nào,làm sao,3,2,False,none,Interrogatives,,,0.2341408729553222,7.043927666817947,3.284644603729248,3.5187854766845703,True
QA_13818,QA,PNT2,replace,0,thế nào,răng,2,1,True,dialect_phrase,Interrogatives,sao / thế nào,HaTinh_QB_QT; NgheAn,0.780064582824707,31.548473039260383,3.284644603729248,4.064709186553955,True
QA_13818,QA,PNT3,replace,0,rằng,là,1,1,False,none,Connectives/Aspect markers,,,0.8771324157714844,37.48598643943511,3.284644603729248,4.161777019500732,True
QA_13818,QA,PNT3,replace,1,thế nào,răng,2,1,True,dialect_phrase,Interrogatives,sao / thế nào,HaTinh_QB_QT; Hue,0.8771324157714844,37.48598643943511,3.284644603729248,4.161777019500732,True
QA_13818,QA,PNT4,replace,0,như thế nào,ra ren,3,2,False,none,Interrogatives,,,0.8068032264709473,33.1269538394622,3.284644603729248,4.091447830200195,True
QA_14176,QA,PNT1,replace,0,gì,chi,1,1,False,none,Interrogatives,,,0.5461742877960205,9.734987966788625,2.595057725906372,3.1412320137023926,True
QA_14176,QA,PNT2,replace,0,gì,chi,1,1,True,dialect_phrase,Interrogatives,gì,HaTinh_QB_QT; NgheAn,0.4168519973754883,6.928819549401064,2.595057725906372,3.0119097232818604,True
QA_14176,QA,PNT3,replace,0,vào,ở,1,1,False,none,Predicate vocabulary,,,1.4860832691192627,45.81563233738613,2.595057725906372,4.081140995025635,True
QA_14176,QA,PNT3,replace,1,và,với,1,1,False,none,Connectives/Aspect markers,,,1.4860832691192627,45.81563233738613,2.595057725906372,4.081140995025635,True
QA_14176,QA,PNT3,replace,2,đã,đạ,1,1,True,dialect_phrase,Connectives/Aspect markers,đã,HaTinh_QB_QT,1.4860832691192627,45.81563233738613,2.595057725906372,4.081140995025635,True
QA_14176,QA,PNT3,replace,3,gì,chi,1,1,True,dialect_phrase,Interrogatives,gì; sao / thế nào,HaTinh_QB_QT; Hue,1.4860832691192627,45.81563233738613,2.595057725906372,4.081140995025635,True
QA_14176,QA,PNT4,replace,0,gì,chi,1,1,True,dialect_phrase,Interrogatives,gì,QuangNam,0.4168519973754883,6.928819549401064,2.595057725906372,3.0119097232818604,True
QA_14184,QA,PNB,replace,0,tại,ở,1,1,False,none,Predicate vocabulary,,,-0.0019261837005615,-0.0477330243593421,3.211045742034912,3.2091195583343506,True
QA_14184,QA,PNN,replace,0,các,mấy,1,1,False,none,Negation/Function words,,,0.1670477390289306,4.509816216462202,3.211045742034912,3.3780934810638428,True
QA_14184,QA,PNN,replace,1,tại,ở,1,1,False,none,Predicate vocabulary,,,0.1670477390289306,4.509816216462202,3.211045742034912,3.3780934810638428,True
QA_14184,QA,PNN,replace,2,và,với,1,1,False,none,Connectives/Aspect markers,,,0.1670477390289306,4.509816216462202,3.211045742034912,3.3780934810638428,True
QA_14184,QA,PNT1,replace,0,đã,đả,1,1,False,none,Orthographic variant,,,0.890131950378418,35.6063794472047,3.211045742034912,4.10117769241333,False
QA_14184,QA,PNT1,replace,1,gì,chi,1,1,False,none,Interrogatives,,,0.890131950378418,35.6063794472047,3.211045742034912,4.10117769241333,True
QA_14184,QA,PNT2,insert,0,,mà,0,1,False,none,Unknown,,,0.9089198112487792,36.752109476920424,3.211045742034912,4.119965553283691,False
QA_14184,QA,PNT2,replace,1,đã,đạ,1,1,True,dialect_phrase,Connectives/Aspect markers,đã,HaTinh_QB_QT,0.9089198112487792,36.752109476920424,3.211045742034912,4.119965553283691,True
QA_14184,QA,PNT2,replace,2,gì,chi,1,1,True,dialect_phrase,Interrogatives,gì,HaTinh_QB_QT; NgheAn,0.9089198112487792,36.752109476920424,3.211045742034912,4.119965553283691,True
QA_14184,QA,PNT3,replace,0,các,mấy,1,1,False,none,Negation/Function words,,,0.6109068393707275,20.888328931082143,3.211045742034912,3.82195258140564,True
QA_14184,QA,PNT3,replace,1,tại,ở,1,1,False,none,Predicate vocabulary,,,0.6109068393707275,20.888328931082143,3.211045742034912,3.82195258140564,True
QA_14184,QA,PNT3,replace,2,và,với,1,1,False,none,Connectives/Aspect markers,,,0.6109068393707275,20.888328931082143,3.211045742034912,3.82195258140564,True
QA_14184,QA,PNT3,replace,3,gì,chi,1,1,True,dialect_phrase,Interrogatives,gì; sao / thế nào,HaTinh_QB_QT; Hue,0.6109068393707275,20.888328931082143,3.211045742034912,3.82195258140564,True
QA_14184,QA,PNT4,replace,0,các,mấy,1,1,False,none,Negation/Function words,,,0.4989032745361328,16.046711402667025,3.211045742034912,3.709949016571045,True
QA_14184,QA,PNT4,replace,1,gì,chi,1,1,True,dialect_phrase,Interrogatives,gì,QuangNam,0.4989032745361328,16.046711402667025,3.211045742034912,3.709949016571045,True
QA_14257,QA,PNB,delete,0,thì,,1,0,False,none,Unknown,,,-0.007556676864624,-0.1447245562886614,2.9561767578125,2.948620080947876,False
QA_14257,QA,PNB,replace,1,xem,coi,1,1,False,none,Predicate vocabulary,,,-0.007556676864624,-0.1447245562886614,2.9561767578125,2.948620080947876,True
QA_14257,QA,PNN,replace,0,xem,coi,1,1,False,none,Predicate vocabulary,,,0.7474997043609619,21.371949233157768,2.9561767578125,3.703676462173462,True
QA_14257,QA,PNN,delete,1,thế,,1,0,True,standard_word,Demonstratives/Deixis,vậy,NamBo,0.7474997043609619,21.371949233157768,2.9561767578125,3.703676462173462,False
QA_14257,QA,PNT2,replace,0,thế nào,răng,2,1,True,dialect_phrase,Interrogatives,sao / thế nào,HaTinh_QB_QT; NgheAn,0.96012544631958,30.990086580271576,2.9561767578125,3.91630220413208,True
QA_14257,QA,PNT3,replace,0,xem,coi,1,1,True,dialect_phrase,Predicate vocabulary,xem,HaTinh_QB_QT,1.0216033458709717,34.174031930022366,2.9561767578125,3.977780103683472,True
QA_14257,QA,PNT3,replace,1,thế nào,răng,2,1,True,dialect_phrase,Interrogatives,sao / thế nào,HaTinh_QB_QT; Hue,1.0216033458709717,34.174031930022366,2.9561767578125,3.977780103683472,True
QA_14257,QA,PNT4,replace,0,xem,coi,1,1,True,dialect_phrase,Predicate vocabulary,thấy,PhuYen; QuangNgai,1.0928068161010742,38.114814614902954,2.9561767578125,4.048983573913574,True
QA_14257,QA,PNT4,replace,1,thế nào,ren,2,1,True,dialect_phrase,Interrogatives,sao / thế nào,QuangNam,1.0928068161010742,38.114814614902954,2.9561767578125,4.048983573913574,True
QA_14728,QA,PNB,replace,0,trải,rải,1,1,False,none,Predicate vocabulary,,,-0.4988682270050049,-13.614572519016995,3.545639991760254,3.046771764755249,True
QA_14728,QA,PNB,replace,1,trải,rải,1,1,False,none,Predicate vocabulary,,,-0.4988682270050049,-13.614572519016995,3.545639991760254,3.046771764755249,True
QA_14728,QA,PNN,replace,0,vào,hồi,1,1,False,none,Connectives/Aspect markers,,,-0.0535526275634765,-1.807406155991032,3.545639991760254,3.4920873641967773,True
QA_14728,QA,PNN,replace,1,và,với,1,1,False,none,Connectives/Aspect markers,,,-0.0535526275634765,-1.807406155991032,3.545639991760254,3.4920873641967773,True
QA_14728,QA,PNN,replace,2,như thế nào,ra sao,3,2,False,none,Interrogatives,,,-0.0535526275634765,-1.807406155991032,3.545639991760254,3.4920873641967773,True
QA_14728,QA,PNT2,replace,0,vào,vô,1,1,False,none,Connectives/Aspect markers,,,1.4154787063598633,108.0915430177181,3.545639991760254,4.961118698120117,True
QA_14728,QA,PNT2,replace,1,không,nỏ,1,1,True,dialect_phrase,Negation/Function words,không,HaTinh_QB_QT; NgheAn,1.4154787063598633,108.0915430177181,3.545639991760254,4.961118698120117,True
QA_14728,QA,PNT2,replace,2,như thế nào,a răng,3,2,False,none,Interrogatives,,,1.4154787063598633,108.0915430177181,3.545639991760254,4.961118698120117,True
QA_14728,QA,PNT3,replace,0,vào,vô,1,1,False,none,Connectives/Aspect markers,,,1.489759922027588,119.09920993942372,3.545639991760254,5.035399913787842,True
QA_14728,QA,PNT3,replace,1,và,với,1,1,False,none,Connectives/Aspect markers,,,1.489759922027588,119.09920993942372,3.545639991760254,5.035399913787842,True
QA_14728,QA,PNT3,replace,2,thế nào,răng,2,1,True,dialect_phrase,Interrogatives,sao / thế nào,HaTinh_QB_QT; Hue,1.489759922027588,119.09920993942372,3.545639991760254,5.035399913787842,True
QA_14728,QA,PNT4,replace,0,thế nào,răng,2,1,True,standard_word,Interrogatives,ren; sao; sô,PhuYen; QuangNam; QuangNgai,0.7662062644958496,39.9161905571168,3.545639991760254,4.3118462562561035,True
QA_1521,QA,PNB,delete,0,thì,,1,0,False,none,Unknown,,,-0.1131911277770996,-1.8856041802310095,2.868987560272217,2.755796432495117,False
QA_1521,QA,PNB,delete,1,là,,1,0,False,none,Unknown,,,-0.1131911277770996,-1.8856041802310095,2.868987560272217,2.755796432495117,False
QA_1521,QA,PNT1,replace,0,thế nào,răng,2,1,False,none,Interrogatives,,,1.0243523120880127,31.455344921835845,2.868987560272217,3.8933398723602295,True
QA_1521,QA,PNT2,replace,0,như thế nào,a răng,3,2,False,none,Interrogatives,,,0.9522662162780762,28.042250848561252,2.868987560272217,3.821253776550293,True
QA_1521,QA,PNT3,replace,0,vào,vô,1,1,False,none,Connectives/Aspect markers,,,1.4701242446899414,59.020267512300094,2.868987560272217,4.339111804962158,True
QA_1521,QA,PNT3,replace,1,như thế nào,a răng,3,2,False,none,Interrogatives,,,1.4701242446899414,59.020267512300094,2.868987560272217,4.339111804962158,True
QA_15627,QA,PNN,replace,0,rằng,là,1,1,False,none,Connectives/Aspect markers,,,-0.0821278095245361,-4.249192562317148,3.986990451812744,3.904862642288208,True
QA_15627,QA,PNN,replace,1,như thế nào,ra sao,3,2,False,none,Interrogatives,,,-0.0821278095245361,-4.249192562317148,3.986990451812744,3.904862642288208,True
QA_15627,QA,PNT1,replace,0,đã,đả,1,1,False,none,Orthographic variant,,,1.4971094131469729,186.9396119004548,3.986990451812744,5.484099864959717,False
QA_15627,QA,PNT1,replace,1,thế nào,răng,2,1,False,none,Interrogatives,,,1.4971094131469729,186.9396119004548,3.986990451812744,5.484099864959717,True
QA_15627,QA,PNT2,replace,0,như thế nào,ra răng,3,2,False,none,Interrogatives,,,0.6867966651916504,53.210132255600506,3.986990451812744,4.6737871170043945,True
QA_15627,QA,PNT3,delete,0,dù,,1,0,False,none,Unknown,,,1.3390703201293943,151.7339143761909,3.986990451812744,5.326060771942139,False
QA_15627,QA,PNT3,replace,1,đã,đạ,1,1,True,dialect_phrase,Connectives/Aspect markers,đã,HaTinh_QB_QT,1.3390703201293943,151.7339143761909,3.986990451812744,5.326060771942139,True
QA_15627,QA,PNT3,replace,2,rằng,là,1,1,False,none,Connectives/Aspect markers,,,1.3390703201293943,151.7339143761909,3.986990451812744,5.326060771942139,True
QA_15627,QA,PNT3,replace,3,thế nào,răng,2,1,True,dialect_phrase,Interrogatives,sao / thế nào,HaTinh_QB_QT; Hue,1.3390703201293943,151.7339143761909,3.986990451812744,5.326060771942139,True
QA_15627,QA,PNT4,replace,0,thế nào,ren,2,1,True,dialect_phrase,Interrogatives,sao / thế nào,QuangNam,0.8447580337524414,71.53762859977584,3.986990451812744,4.8317484855651855,True
QA_15710,QA,PNN,replace,0,các,mấy,1,1,False,none,Negation/Function words,,,1.095980167388916,80.65973669172106,3.701043128967285,4.797023296356201,True
QA_15710,QA,PNN,replace,1,như thế nào,sao,3,1,True,dialect_phrase,Interrogatives,sao / thế nào,NamBo,1.095980167388916,80.65973669172106,3.701043128967285,4.797023296356201,True
QA_15710,QA,PNT2,replace,0,như thế nào,ơ răng,3,2,False,none,Interrogatives,,,1.4740581512451172,136.32500305360216,3.701043128967285,5.175101280212402,True
QA_15710,QA,PNT3,replace,0,các,mấy,1,1,False,none,Negation/Function words,,,1.7854247093200684,200.9135065418954,3.701043128967285,5.4864678382873535,True
QA_15710,QA,PNT3,replace,1,thế nào,răng,2,1,True,dialect_phrase,Interrogatives,sao / thế nào,HaTinh_QB_QT; Hue,1.7854247093200684,200.9135065418954,3.701043128967285,5.4864678382873535,True
QA_15710,QA,PNT4,replace,0,như thế nào,ra ren,3,2,False,none,Interrogatives,,,1.631345272064209,166.44210197603476,3.701043128967285,5.332388401031494,True
QA_16173,QA,PNN,replace,0,không,hông,1,1,True,dialect_phrase,Negation/Function words,không,NamBo,0.828711986541748,21.26039077644149,2.801919221878052,3.6306312084198,True
QA_16173,QA,PNN,delete,1,thế,,1,0,True,standard_word,Demonstratives/Deixis,vậy,NamBo,0.828711986541748,21.26039077644149,2.801919221878052,3.6306312084198,False
QA_16173,QA,PNT2,replace,0,không,mà nỏ,1,2,True,standard_word,Negation/Function words,nỏ,HaTinh_QB_QT; NgheAn,1.966247797012329,101.22705818786524,2.801919221878052,4.768167018890381,True
QA_16173,QA,PNT2,replace,1,thế nào,răng,2,1,True,dialect_phrase,Interrogatives,sao / thế nào,HaTinh_QB_QT; NgheAn,1.966247797012329,101.22705818786524,2.801919221878052,4.768167018890381,True
QA_16173,QA,PNT3,replace,0,không,nỏ,1,1,True,dialect_phrase,Negation/Function words,không,HaTinh_QB_QT,1.8103177547454832,84.23294392976356,2.801919221878052,4.612236976623535,True
QA_16173,QA,PNT3,replace,1,thế nào,răng rựa,2,2,True,standard_word,Interrogatives,chi; răng,HaTinh_QB_QT; Hue,1.8103177547454832,84.23294392976356,2.801919221878052,4.612236976623535,True
QA_16173,QA,PNT4,replace,0,thế nào,răng,2,1,True,standard_word,Interrogatives,ren; sao; sô,PhuYen; QuangNam; QuangNgai,1.2348716259002686,40.168032723420986,2.801919221878052,4.03679084777832,True
QA_17724,QA,PNB,replace,0,nào,gì,1,1,True,dialect_phrase,Interrogatives,gì,BacBo,0.016730785369873,0.7777129327561809,3.830729961395264,3.8474607467651367,True
QA_17724,QA,PNN,replace,0,đến,tới,1,1,False,none,Predicate vocabulary,,,0.4238357543945312,24.33005116449508,3.830729961395264,4.254565715789795,True
QA_17724,QA,PNN,replace,1,vào,hồi,1,1,False,none,Connectives/Aspect markers,,,0.4238357543945312,24.33005116449508,3.830729961395264,4.254565715789795,True
QA_17724,QA,PNN,replace,2,xây,gầy,1,1,False,none,Noise/Non-linguistic,,,0.4238357543945312,24.33005116449508,3.830729961395264,4.254565715789795,False
QA_17724,QA,PNT1,replace,0,nên đã,niên đả,2,2,False,none,Connectives/Aspect markers,,,0.6479177474975586,42.01925996913479,3.830729961395264,4.478647708892822,True
QA_17724,QA,PNT2,replace,0,vào,vô,1,1,False,none,Connectives/Aspect markers,,,1.741187572479248,216.84163391670495,3.830729961395264,5.571917533874512,True
QA_17724,QA,PNT2,replace,1,vào,vô,1,1,False,none,Connectives/Aspect markers,,,1.741187572479248,216.84163391670495,3.830729961395264,5.571917533874512,True
QA_17724,QA,PNT2,replace,2,nào,mô,1,1,True,dialect_phrase,Interrogatives; Negation/Function words,đâu (phủ định); đâu / nào,HaTinh_QB_QT; NgheAn,1.741187572479248,216.84163391670495,3.830729961395264,5.571917533874512,False
QA_17724,QA,PNT3,replace,0,nào,mô,1,1,True,dialect_phrase,Interrogatives; Negation/Function words,đâu (phủ định); đâu / nào,HaTinh_QB_QT; Hue,0.3531422615051269,19.52328066832876,3.830729961395264,4.183872222900391,False
QA_17724,QA,PNT4,replace,0,đến,tới,1,1,False,none,Predicate vocabulary,,,1.1538352966308594,100.04385362569585,3.830729961395264,4.984565258026123,True
QA_17724,QA,PNT4,replace,1,vào,vô,1,1,False,none,Connectives/Aspect markers,,,1.1538352966308594,100.04385362569585,3.830729961395264,4.984565258026123,True
QA_17724,QA,PNT4,replace,2,nào,mô,1,1,True,dialect_phrase,Interrogatives,đâu / nào,QuangNam,1.1538352966308594,100.04385362569585,3.830729961395264,4.984565258026123,True
QA_17758,QA,PNT1,replace,0,nào đã,mô đả,2,2,False,none,Interrogatives,,,0.8575432300567627,35.47294848758223,3.2632272243499756,4.120770454406738,True
QA_17758,QA,PNT2,replace,0,vào,vô,1,1,False,none,Connectives/Aspect markers,,,1.320979356765747,71.79171975991969,3.2632272243499756,4.584206581115723,True
QA_17758,QA,PNT2,replace,1,nào,mô,1,1,True,dialect_phrase,Interrogatives; Negation/Function words,đâu (phủ định); đâu / nào,HaTinh_QB_QT; NgheAn,1.320979356765747,71.79171975991969,3.2632272243499756,4.584206581115723,False
QA_17758,QA,PNT2,replace,2,vào,vô,1,1,False,none,Connectives/Aspect markers,,,1.320979356765747,71.79171975991969,3.2632272243499756,4.584206581115723,True
QA_17758,QA,PNT3,replace,0,vào,vô,1,1,False,none,Connectives/Aspect markers,,,1.320979356765747,71.79171975991969,3.2632272243499756,4.584206581115723,True
QA_17758,QA,PNT3,replace,1,nào,mô,1,1,True,dialect_phrase,Interrogatives; Negation/Function words,đâu (phủ định); đâu / nào,HaTinh_QB_QT; Hue,1.320979356765747,71.79171975991969,3.2632272243499756,4.584206581115723,False
QA_17758,QA,PNT3,replace,2,vào,vô,1,1,False,none,Connectives/Aspect markers,,,1.320979356765747,71.79171975991969,3.2632272243499756,4.584206581115723,True
QA_17758,QA,PNT4,replace,0,vào,vô,1,1,False,none,Connectives/Aspect markers,,,0.2920389175415039,8.86339228970801,3.2632272243499756,3.5552661418914795,True
QA_17769,QA,PNB,replace,0,vi,xâm,1,1,False,none,Noise/Non-linguistic,,,-0.4123575687408447,-9.587866040514829,3.3454666137695312,2.9331090450286865,False
QA_17769,QA,PNB,delete,1,đến,,1,0,False,none,Unknown,,,-0.4123575687408447,-9.587866040514829,3.3454666137695312,2.9331090450286865,False
QA_17769,QA,PNN,replace,0,những,mấy,1,1,False,none,Negation/Function words,,,0.7631387710571289,32.48796740449246,3.3454666137695312,4.10860538482666,True
QA_17769,QA,PNN,replace,1,khi,lúc,1,1,False,none,Connectives/Aspect markers,,,0.7631387710571289,32.48796740449246,3.3454666137695312,4.10860538482666,True
QA_17769,QA,PNN,replace,2,tình,ý,1,1,False,none,Predicate vocabulary,,,0.7631387710571289,32.48796740449246,3.3454666137695312,4.10860538482666,True
QA_17769,QA,PNN,replace,3,đến,tới,1,1,False,none,Predicate vocabulary,,,0.7631387710571289,32.48796740449246,3.3454666137695312,4.10860538482666,True
QA_17769,QA,PNT1,replace,0,gì,cấy chi,1,2,False,none,Interrogatives,,,0.924738883972168,43.1625224743769,3.3454666137695312,4.270205497741699,True
QA_17769,QA,PNT2,replace,0,gì,chi,1,1,True,dialect_phrase,Interrogatives,gì,HaTinh_QB_QT; NgheAn,0.6668930053710938,26.903337629352823,3.3454666137695312,4.012359619140625,True
QA_17769,QA,PNT3,replace,0,những,mấy,1,1,False,none,Negation/Function words,,,2.071383476257324,196.79493081472924,3.3454666137695312,5.4168500900268555,True
QA_17769,QA,PNT3,replace,1,đã làm gì khi,mần chi lúc,4,3,False,none,Interrogatives,,,2.071383476257324,196.79493081472924,3.3454666137695312,5.4168500900268555,True
QA_17769,QA,PNT3,replace,2,họ,mấy người nớ,1,3,False,none,Pronouns,,,2.071383476257324,196.79493081472924,3.3454666137695312,5.4168500900268555,True
QA_17769,QA,PNT4,replace,0,gì,chi,1,1,True,dialect_phrase,Interrogatives,gì,QuangNam,0.6865401268005371,28.000113467908655,3.3454666137695312,4.032006740570068,True
QA_17769,QA,PNT4,replace,1,đến,tới,1,1,False,none,Predicate vocabulary,,,0.6865401268005371,28.000113467908655,3.3454666137695312,4.032006740570068,True
QA_17771,QA,PNT2,replace,0,khi,cấy đoạn,1,2,False,none,Noise/Non-linguistic,,,0.844365119934082,52.35681872668932,3.675538063049317,4.519903182983398,False
QA_17771,QA,PNT2,replace,1,điều gì,cấy chi,2,2,False,none,Interrogatives,,,0.844365119934082,52.35681872668932,3.675538063049317,4.519903182983398,True
QA_17771,QA,PNT3,replace,0,nhìn thấy,ngó chộ,2,2,False,none,Predicate vocabulary,,,0.9218630790710448,59.756217281857666,3.675538063049317,4.597401142120361,True
QA_17771,QA,PNT3,replace,1,gì,chi,1,1,True,dialect_phrase,Interrogatives,gì; sao / thế nào,HaTinh_QB_QT; Hue,0.9218630790710448,59.756217281857666,3.675538063049317,4.597401142120361,True
QA_17771,QA,PNT4,replace,0,gì,chi,1,1,True,dialect_phrase,Interrogatives,gì,QuangNam,0.4094176292419433,19.969415640273994,3.675538063049317,4.08495569229126,True
QA_17926,QA,PNN,replace,0,một số,mấy,2,1,False,none,Negation/Function words,,,0.2512762546539306,11.077032061572323,3.657808542251587,3.9090847969055176,True
QA_17926,QA,PNN,insert,1,,cái,0,1,True,dialect_phrase,Negation/Function words,cái,NamBo,0.2512762546539306,11.077032061572323,3.657808542251587,3.9090847969055176,False
QA_17926,QA,PNT1,replace,0,nào,mô,1,1,True,dialect_phrase,Negation/Function words,đâu (phủ định),ThanhHoa,0.3960673809051513,18.844083742792463,3.657808542251587,4.053875923156738,True
QA_17926,QA,PNT2,replace,0,nào,mô,1,1,True,dialect_phrase,Interrogatives; Negation/Function words,đâu (phủ định); đâu / nào,HaTinh_QB_QT; NgheAn,0.3960673809051513,18.844083742792463,3.657808542251587,4.053875923156738,False
QA_17926,QA,PNT3,replace,0,nào,mô,1,1,True,dialect_phrase,Interrogatives; Negation/Function words,đâu (phủ định); đâu / nào,HaTinh_QB_QT; Hue,0.3960673809051513,18.844083742792463,3.657808542251587,4.053875923156738,False
QA_17926,QA,PNT4,replace,0,một số,mấy,2,1,False,none,Negation/Function words,,,0.6896469593048096,38.50529657261528,3.657808542251587,4.3474555015563965,True
QA_17926,QA,PNT4,replace,1,nào,mô,1,1,True,dialect_phrase,Interrogatives,đâu / nào,QuangNam,0.6896469593048096,38.50529657261528,3.657808542251587,4.3474555015563965,True
QA_17995,QA,PNN,replace,0,những,mấy,1,1,False,none,Negation/Function words,,,0.9487874507904052,52.34245752151115,3.498753786087036,4.447541236877441,True
QA_17995,QA,PNN,replace,1,như thế nào,sao,3,1,True,dialect_phrase,Interrogatives,sao / thế nào,NamBo,0.9487874507904052,52.34245752151115,3.498753786087036,4.447541236877441,True
QA_17995,QA,PNT1,replace,0,đã,đả,1,1,False,none,Orthographic variant,,,0.5518386363983154,24.357261937813064,3.498753786087036,4.050592422485352,False
QA_17995,QA,PNT2,replace,0,đã,đạ,1,1,True,dialect_phrase,Connectives/Aspect markers,đã,HaTinh_QB_QT,1.140010118484497,70.3422272343524,3.498753786087036,4.638763904571533,True
QA_17995,QA,PNT2,replace,1,như thế nào,chi,3,1,True,dialect_phrase,Interrogatives,gì,HaTinh_QB_QT; NgheAn,1.140010118484497,70.3422272343524,3.498753786087036,4.638763904571533,True
QA_17995,QA,PNT2,replace,2,các,mấy,1,1,False,none,Negation/Function words,,,1.140010118484497,70.3422272343524,3.498753786087036,4.638763904571533,True
QA_17995,QA,PNT3,replace,0,như thế nào,chi,3,1,True,dialect_phrase,Interrogatives,gì; sao / thế nào,HaTinh_QB_QT; Hue,0.758887529373169,37.56895313213063,3.498753786087036,4.257641315460205,True
QA_17995,QA,PNT3,replace,1,các,mấy,1,1,False,none,Negation/Function words,,,0.758887529373169,37.56895313213063,3.498753786087036,4.257641315460205,True
QA_17995,QA,PNT4,replace,0,như thế nào,răng,3,1,False,none,Interrogatives,,,1.0073635578155518,57.49527606943488,3.498753786087036,4.506117343902588,True
QA_18023,QA,PNN,replace,0,cuộc,vụ,1,1,False,none,Predicate vocabulary,,,0.3950846195220947,6.802351651798329,2.641885995864868,3.036970615386963,True
QA_18023,QA,PNN,replace,1,như thế nào,ra sao,3,2,False,none,Interrogatives,,,0.3950846195220947,6.802351651798329,2.641885995864868,3.036970615386963,True
QA_18023,QA,PNT1,replace,0,cho,chua,1,1,False,none,Predicate vocabulary,,,0.5844902992248535,11.148559340340285,2.641885995864868,3.2263762950897217,True
QA_18023,QA,PNT2,replace,0,thế nào,răng,2,1,True,dialect_phrase,Interrogatives,sao / thế nào,HaTinh_QB_QT; NgheAn,0.6221237182617188,12.11454063966994,2.641885995864868,3.264009714126587,True
QA_18023,QA,PNT3,replace,0,làm,mần,1,1,True,dialect_phrase,Predicate vocabulary,làm,HaTinh_QB_QT; Hue,1.119554042816162,28.970660536353595,2.641885995864868,3.7614400386810303,True
QA_18023,QA,PNT3,replace,1,thế nào,răng,2,1,True,dialect_phrase,Interrogatives,sao / thế nào,HaTinh_QB_QT; Hue,1.119554042816162,28.970660536353595,2.641885995864868,3.7614400386810303,True
QA_18023,QA,PNT4,replace,0,như thế nào,ra ren,3,2,False,none,Interrogatives,,,0.6798202991485596,13.66793017560656,2.641885995864868,3.3217062950134277,True
QA_18041,QA,PNN,replace,0,vào,hồi,1,1,False,none,Connectives/Aspect markers,,,0.6324288845062256,19.954155347692925,3.118800401687622,3.751229286193848,True
QA_18041,QA,PNN,replace,1,điều,chuyện,1,1,False,none,Predicate vocabulary,,,0.6324288845062256,19.954155347692925,3.118800401687622,3.751229286193848,True
QA_18041,QA,PNN,replace,2,các,mấy,1,1,False,none,Negation/Function words,,,0.6324288845062256,19.954155347692925,3.118800401687622,3.751229286193848,True
QA_18041,QA,PNT2,replace,0,vào,vô,1,1,False,none,Connectives/Aspect markers,,,1.6826789379119873,99.07107634385676,3.118800401687622,4.801479339599609,True
QA_18041,QA,PNT2,replace,1,này,ni,1,1,True,dialect_phrase,Demonstratives/Deixis,này,HaTinh_QB_QT; NgheAn,1.6826789379119873,99.07107634385676,3.118800401687622,4.801479339599609,True
QA_18041,QA,PNT2,replace,2,nào,mô,1,1,True,dialect_phrase,Interrogatives; Negation/Function words,đâu (phủ định); đâu / nào,HaTinh_QB_QT; NgheAn,1.6826789379119873,99.07107634385676,3.118800401687622,4.801479339599609,False
QA_18041,QA,PNT3,replace,0,vào,đoạn,1,1,False,none,Connectives/Aspect markers,,,1.7151715755462646,103.09005537840687,3.118800401687622,4.833971977233887,True
QA_18041,QA,PNT3,replace,1,đã,đạ,1,1,True,dialect_phrase,Connectives/Aspect markers,đã,HaTinh_QB_QT,1.7151715755462646,103.09005537840687,3.118800401687622,4.833971977233887,True
QA_18041,QA,PNT3,replace,2,điều này đã,chuyện ni đạ,3,3,False,none,Demonstratives/Deixis,,,1.7151715755462646,103.09005537840687,3.118800401687622,4.833971977233887,True
QA_18041,QA,PNT3,replace,3,các,những,1,1,False,none,Pronouns,,,1.7151715755462646,103.09005537840687,3.118800401687622,4.833971977233887,True
QA_18041,QA,PNT3,replace,4,nào,mô,1,1,True,dialect_phrase,Interrogatives; Negation/Function words,đâu (phủ định); đâu / nào,HaTinh_QB_QT; Hue,1.7151715755462646,103.09005537840687,3.118800401687622,4.833971977233887,False
QA_18041,QA,PNT4,replace,0,này,ni,1,1,True,dialect_phrase,Demonstratives/Deixis,này,QuangNam,1.1305277347564695,47.43909752199177,3.118800401687622,4.249328136444092,True
QA_18041,QA,PNT4,replace,1,nào,mô,1,1,True,dialect_phrase,Interrogatives,đâu / nào,QuangNam,1.1305277347564695,47.43909752199177,3.118800401687622,4.249328136444092,True
QA_18170,QA,PNN,replace,0,điều,chuyện,1,1,False,none,Predicate vocabulary,,,0.195300817489624,6.052115779473244,3.334383010864258,3.529683828353882,True
QA_18170,QA,PNT1,replace,0,đã,đả,1,1,False,none,Orthographic variant,,,1.384310245513916,83.960708735752,3.334383010864258,4.718693256378174,False
QA_18170,QA,PNT1,replace,1,gì,chi,1,1,False,none,Interrogatives,,,1.384310245513916,83.960708735752,3.334383010864258,4.718693256378174,True
QA_18170,QA,PNT2,replace,0,gì,chi,1,1,True,dialect_phrase,Interrogatives,gì,HaTinh_QB_QT; NgheAn,0.6452503204345703,25.436350293513232,3.334383010864258,3.979633331298828,True
QA_18170,QA,PNT3,replace,0,gì,chi,1,1,True,dialect_phrase,Interrogatives,gì; sao / thế nào,HaTinh_QB_QT; Hue,1.5400896072387695,102.84403351459068,3.334383010864258,4.874472618103027,True
QA_18170,QA,PNT3,replace,1,này,ni,1,1,True,dialect_phrase,Demonstratives/Deixis,này,HaTinh_QB_QT; Hue,1.5400896072387695,102.84403351459068,3.334383010864258,4.874472618103027,True
QA_18170,QA,PNT4,replace,0,gì,ren,1,1,True,dialect_phrase,Interrogatives,sao / thế nào,QuangNam,1.4579529762268066,92.5216550859013,3.334383010864258,4.7923359870910645,True
QA_18170,QA,PNT4,replace,1,điều này,chuyện ni,2,2,False,none,Demonstratives/Deixis,,,1.4579529762268066,92.5216550859013,3.334383010864258,4.7923359870910645,True
QA_18375,QA,PNT1,replace,0,nào,mô,1,1,True,dialect_phrase,Negation/Function words,đâu (phủ định),ThanhHoa,0.8436455726623535,118.0973176947524,4.490227222442627,5.3338727951049805,True
QA_18375,QA,PNT2,replace,0,nào,mô đoạn,1,2,True,standard_word,Interrogatives,mô,HaTinh_QB_QT; NgheAn,1.0635700225830078,169.07450827599192,4.490227222442627,5.553797245025635,True
QA_18375,QA,PNT2,replace,1,đó,nớ,1,1,True,dialect_phrase,Demonstratives/Deixis,ấy / đó,HaTinh_QB_QT; NgheAn,1.0635700225830078,169.07450827599192,4.490227222442627,5.553797245025635,True
QA_18375,QA,PNT3,replace,0,vào,vô,1,1,False,none,Connectives/Aspect markers,,,1.09409761428833,177.07878118658354,4.490227222442627,5.584324836730957,True
QA_18375,QA,PNT3,replace,1,nào,mô,1,1,True,dialect_phrase,Interrogatives; Negation/Function words,đâu (phủ định); đâu / nào,HaTinh_QB_QT; Hue,1.09409761428833,177.07878118658354,4.490227222442627,5.584324836730957,False
QA_18375,QA,PNT4,replace,0,nào,mô,1,1,True,dialect_phrase,Interrogatives,đâu / nào,QuangNam,0.8436455726623535,118.0973176947524,4.490227222442627,5.3338727951049805,True
QA_18652,QA,PNT1,replace,0,gì,cấy chi,1,2,False,none,Interrogatives,,,0.2863540649414062,18.63350675565097,4.028896331787109,4.315250396728516,True
QA_18652,QA,PNT2,replace,0,là gì,cái chi,2,2,False,none,Interrogatives,,,0.4405069351196289,31.105757795852952,4.028896331787109,4.469403266906738,True
QA_18652,QA,PNT3,replace,0,nữa sẽ,nựa là,2,2,False,none,Connectives/Aspect markers,,,0.7949934005737305,68.2493686987736,4.028896331787109,4.82388973236084,True
QA_18652,QA,PNT3,replace,1,đó,nớ,1,1,True,dialect_phrase,Demonstratives/Deixis,kia; ấy / đó,HaTinh_QB_QT; Hue,0.7949934005737305,68.2493686987736,4.028896331787109,4.82388973236084,True
QA_18652,QA,PNT3,replace,2,gì,cấy chi,1,2,True,standard_word,Interrogatives,chi,HaTinh_QB_QT; Hue,0.7949934005737305,68.2493686987736,4.028896331787109,4.82388973236084,True
QA_18652,QA,PNT4,replace,0,đó,nớ,1,1,True,dialect_phrase,Demonstratives/Deixis,ấy / đó,QuangNam,0.7067017555236816,57.73272725665416,4.028896331787109,4.735598087310791,True
QA_18652,QA,PNT4,replace,1,gọi,kêu,1,1,True,dialect_phrase,Predicate vocabulary,gọi,PhuYen; QuangNgai,0.7067017555236816,57.73272725665416,4.028896331787109,4.735598087310791,True
QA_18652,QA,PNT4,replace,2,gì,chi,1,1,True,dialect_phrase,Interrogatives,gì,QuangNam,0.7067017555236816,57.73272725665416,4.028896331787109,4.735598087310791,True
QA_18786,QA,PNB,replace,0,đưa,làm cho,1,2,False,none,Predicate vocabulary,,,-0.3609867095947265,-41.044629073945174,4.90864372253418,4.547657012939453,True
QA_18786,QA,PNN,replace,0,việc,vụ,1,1,False,none,Predicate vocabulary,,,0.4961276054382324,87.0097686414287,4.90864372253418,5.404771327972412,True
QA_18786,QA,PNN,replace,1,không,hông,1,1,True,dialect_phrase,Negation/Function words,không,NamBo,0.4961276054382324,87.0097686414287,4.90864372253418,5.404771327972412,True
QA_18786,QA,PNN,replace,2,như thế nào,ra sao,3,2,False,none,Interrogatives,,,0.4961276054382324,87.0097686414287,4.90864372253418,5.404771327972412,True
QA_18786,QA,PNT2,replace,0,không,nỏ,1,1,True,dialect_phrase,Negation/Function words,không,HaTinh_QB_QT; NgheAn,1.107348918914795,274.4769786416118,4.90864372253418,6.015992641448975,True
QA_18786,QA,PNT2,replace,1,thế nào,răng,2,1,True,dialect_phrase,Interrogatives,sao / thế nào,HaTinh_QB_QT; NgheAn,1.107348918914795,274.4769786416118,4.90864372253418,6.015992641448975,True
QA_18786,QA,PNT3,replace,0,như thế nào,chi,3,1,True,dialect_phrase,Interrogatives,gì; sao / thế nào,HaTinh_QB_QT; Hue,0.9911274909973145,229.49838736065763,4.90864372253418,5.899771213531494,True
QA_18786,QA,PNT4,replace,0,thế nào,răng,2,1,True,standard_word,Interrogatives,ren; sao; sô,PhuYen; QuangNam; QuangNgai,1.0256357192993164,242.31212005710128,4.90864372253418,5.934279441833496,True
QA_18828,QA,PNB,delete,0,mà,,1,0,False,none,Unknown,,,-0.3486721515655517,-13.348548053969653,3.814306497573853,3.465634346008301,False
QA_18828,QA,PNB,insert,1,,của,0,1,False,none,Unknown,,,-0.3486721515655517,-13.348548053969653,3.814306497573853,3.465634346008301,False
QA_18828,QA,PNB,delete,2,mà,,1,0,False,none,Unknown,,,-0.3486721515655517,-13.348548053969653,3.814306497573853,3.465634346008301,False
QA_18828,QA,PNN,replace,0,những khu vực,mấy vùng,3,2,False,none,Negation/Function words,,,1.0324032306671145,81.97548154103309,3.814306497573853,4.846709728240967,True
QA_18828,QA,PNN,replace,1,chịu,bị,1,1,False,none,Predicate vocabulary,,,1.0324032306671145,81.97548154103309,3.814306497573853,4.846709728240967,True
QA_18828,QA,PNN,replace,2,từ,do,1,1,False,none,Connectives/Aspect markers,,,1.0324032306671145,81.97548154103309,3.814306497573853,4.846709728240967,True
QA_18828,QA,PNN,replace,3,vào,vô,1,1,False,none,Connectives/Aspect markers,,,1.0324032306671145,81.97548154103309,3.814306497573853,4.846709728240967,True
QA_18828,QA,PNN,replace,4,như thế nào,ra sao,3,2,False,none,Interrogatives,,,1.0324032306671145,81.97548154103309,3.814306497573853,4.846709728240967,True
QA_18828,QA,PNT1,replace,0,đã,đả,1,1,False,none,Orthographic variant,,,1.2901604175567627,119.41091966866352,3.814306497573853,5.104466915130615,False
QA_18828,QA,PNT1,replace,1,thế nào,răng,2,1,False,none,Interrogatives,,,1.2901604175567627,119.41091966866352,3.814306497573853,5.104466915130615,True
QA_18828,QA,PNT2,replace,0,vào,vô,1,1,False,none,Connectives/Aspect markers,,,1.1544315814971924,98.49995305493964,3.814306497573853,4.968738079071045,True
QA_18828,QA,PNT2,replace,1,thế nào,răng,2,1,True,dialect_phrase,Interrogatives,sao / thế nào,HaTinh_QB_QT; NgheAn,1.1544315814971924,98.49995305493964,3.814306497573853,4.968738079071045,True
QA_18828,QA,PNT3,replace,0,nhờ vào,do,2,1,False,none,Connectives/Aspect markers,,,0.6075284481048584,37.90360410568693,3.814306497573853,4.421834945678711,True
QA_18828,QA,PNT3,replace,1,thế nào,răng,2,1,True,dialect_phrase,Interrogatives,sao / thế nào,HaTinh_QB_QT; Hue,0.6075284481048584,37.90360410568693,3.814306497573853,4.421834945678711,True
QA_18828,QA,PNT4,replace,0,vào các,vô mấy,2,2,False,none,Connectives/Aspect markers,,,1.304626226425171,121.81157346546208,3.814306497573853,5.118932723999023,True
QA_18828,QA,PNT4,replace,1,như thế nào,ra ren,3,2,False,none,Interrogatives,,,1.304626226425171,121.81157346546208,3.814306497573853,5.118932723999023,True
QA_19250,QA,PNN,delete,0,thế,,1,0,True,standard_word,Demonstratives/Deixis,vậy,NamBo,0.2874002456665039,17.16338201174178,3.9425182342529297,4.229918479919434,False
QA_19250,QA,PNT1,replace,0,đã,đả,1,1,False,none,Orthographic variant,,,1.444263935089111,166.9509112706865,3.9425182342529297,5.386782169342041,False
QA_19250,QA,PNT1,replace,1,thế nào,cái chi,2,2,False,none,Interrogatives,,,1.444263935089111,166.9509112706865,3.9425182342529297,5.386782169342041,True
QA_19250,QA,PNT2,replace,0,vào,vô,1,1,False,none,Connectives/Aspect markers,,,0.7649240493774414,59.22023435958902,3.9425182342529297,4.707442283630371,True
QA_19250,QA,PNT2,replace,1,như thế nào,a răng,3,2,False,none,Interrogatives,,,0.7649240493774414,59.22023435958902,3.9425182342529297,4.707442283630371,True
QA_19250,QA,PNT3,replace,0,thế nào,răng,2,1,True,dialect_phrase,Interrogatives,sao / thế nào,HaTinh_QB_QT; Hue,0.8092513084411621,64.24074836754332,3.9425182342529297,4.751769542694092,True
QA_19250,QA,PNT4,replace,0,vào,vô,1,1,False,none,Connectives/Aspect markers,,,0.8861517906188965,73.49629532480861,3.9425182342529297,4.828670024871826,True
QA_19250,QA,PNT4,replace,1,như thế nào,kiểu ren,3,2,False,none,Interrogatives,,,0.8861517906188965,73.49629532480861,3.9425182342529297,4.828670024871826,True
QA_19280,QA,PNB,delete,0,thì,,1,0,False,none,Unknown,,,-0.57315993309021,-32.27845805644634,4.303919792175293,3.730759859085083,False
QA_19280,QA,PNB,replace,1,nữa,nửa,1,1,False,none,Orthographic variant,,,-0.57315993309021,-32.27845805644634,4.303919792175293,3.730759859085083,False
QA_19280,QA,PNN,replace,0,tại,ở,1,1,False,none,Predicate vocabulary,,,-0.3581509590148926,-22.273164633556934,4.303919792175293,3.9457688331604,True
QA_19280,QA,PNN,replace,1,một nữa,phân nửa,2,2,False,none,Predicate vocabulary,,,-0.3581509590148926,-22.273164633556934,4.303919792175293,3.9457688331604,True
QA_19280,QA,PNT1,replace,0,có,cúa,1,1,False,none,Orthographic variant,,,0.4961285591125488,47.5270443409631,4.303919792175293,4.800048351287842,False
QA_19280,QA,PNT2,replace,0,nữa,nửa,1,1,False,none,Orthographic variant,,,0.1015076637268066,7.9048929915906285,4.303919792175293,4.4054274559021,False
QA_19280,QA,PNT2,replace,1,nào,mô,1,1,True,dialect_phrase,Interrogatives; Negation/Function words,đâu (phủ định); đâu / nào,HaTinh_QB_QT; NgheAn,0.1015076637268066,7.9048929915906285,4.303919792175293,4.4054274559021,False
QA_19280,QA,PNT3,replace,0,một nữa số,nửa,3,1,False,none,Predicate vocabulary,,,0.5567264556884766,55.11836216578108,4.303919792175293,4.8606462478637695,True
QA_19280,QA,PNT3,replace,1,nào,mô,1,1,True,dialect_phrase,Interrogatives; Negation/Function words,đâu (phủ định); đâu / nào,HaTinh_QB_QT; Hue,0.5567264556884766,55.11836216578108,4.303919792175293,4.8606462478637695,False
QA_19280,QA,PNT4,replace,0,nào,mô,1,1,True,dialect_phrase,Interrogatives,đâu / nào,QuangNam,0.5060896873474121,48.743532454950824,4.303919792175293,4.810009479522705,True
QA_19281,QA,PNN,replace,0,vào,hồi,1,1,False,none,Connectives/Aspect markers,,,0.285569429397583,10.958309513679788,3.501187801361084,3.786757230758667,True
QA_19281,QA,PNN,delete,1,như,,1,0,False,none,Unknown,,,0.285569429397583,10.958309513679788,3.501187801361084,3.786757230758667,False
QA_19281,QA,PNT2,replace,0,vào,cấy đoạn,1,2,False,none,Noise/Non-linguistic,,,1.1248679161071775,68.95570614742925,3.501187801361084,4.626055717468262,False
QA_19281,QA,PNT2,replace,1,thế nào,răng,2,1,True,dialect_phrase,Interrogatives,sao / thế nào,HaTinh_QB_QT; NgheAn,1.1248679161071775,68.95570614742925,3.501187801361084,4.626055717468262,True
QA_19281,QA,PNT3,replace,0,vào,vô,1,1,False,none,Connectives/Aspect markers,,,1.1105012893676758,67.49920999700106,3.501187801361084,4.61168909072876,True
QA_19281,QA,PNT3,replace,1,thế nào,răng,2,1,True,dialect_phrase,Interrogatives,sao / thế nào,HaTinh_QB_QT; Hue,1.1105012893676758,67.49920999700106,3.501187801361084,4.61168909072876,True
QA_19281,QA,PNT4,replace,0,thế nào,ren,2,1,True,dialect_phrase,Interrogatives,sao / thế nào,QuangNam,0.6410117149353027,29.78629939819683,3.501187801361084,4.142199516296387,True
QA_19329,QA,PNN,replace,0,như thế nào,ra sao,3,2,False,none,Interrogatives,,,0.2390005588531494,7.494737225932837,3.323611259460449,3.562611818313598,True
QA_19329,QA,PNN,replace,1,khi,lúc,1,1,False,none,Connectives/Aspect markers,,,0.2390005588531494,7.494737225932837,3.323611259460449,3.562611818313598,True
QA_19329,QA,PNT1,replace,0,đã,đả,1,1,False,none,Orthographic variant,,,1.2615818977355957,70.26169915082392,3.323611259460449,4.585193157196045,False
QA_19329,QA,PNT1,replace,1,thế nào,răng,2,1,False,none,Interrogatives,,,1.2615818977355957,70.26169915082392,3.323611259460449,4.585193157196045,True
QA_19329,QA,PNT2,replace,0,như thế nào,ơ răng,3,2,False,none,Interrogatives,,,1.0672430992126465,52.948924420628934,3.323611259460449,4.390854358673096,True
QA_19329,QA,PNT3,replace,0,thế nào,răng,2,1,True,dialect_phrase,Interrogatives,sao / thế nào,HaTinh_QB_QT; Hue,1.0123090744018557,48.634815827592696,3.323611259460449,4.335920333862305,True
QA_19329,QA,PNT4,replace,0,như thế nào,ra ren,3,2,False,none,Interrogatives,,,0.9839186668395996,46.49642250961255,3.323611259460449,4.307529926300049,True
QA_19358,QA,PNB,replace,0,quốc-cộng,quốc - cộng,1,3,False,none,Orthographic variant,,,0.0134248733520507,1.2521862837909623,4.528817176818848,4.542242050170898,False
QA_19358,QA,PNB,insert,1,,còn,0,1,False,none,Unknown,,,0.0134248733520507,1.2521862837909623,4.528817176818848,4.542242050170898,False
QA_19358,QA,PNN,replace,0,không,hông,1,1,True,dialect_phrase,Negation/Function words,không,NamBo,0.7600979804992676,105.4794616990698,4.528817176818848,5.288915157318115,True
QA_19358,QA,PNT1,replace,0,gì,chi,1,1,False,none,Interrogatives,,,0.4768886566162109,56.613491410463226,4.528817176818848,5.005705833435059,True
QA_19358,QA,PNT2,replace,0,không,nỏ,1,1,True,dialect_phrase,Negation/Function words,không,HaTinh_QB_QT; NgheAn,0.852170467376709,124.58781312852214,4.528817176818848,5.380987644195557,True
QA_19358,QA,PNT2,replace,1,gì,chi,1,1,True,dialect_phrase,Interrogatives,gì,HaTinh_QB_QT; NgheAn,0.852170467376709,124.58781312852214,4.528817176818848,5.380987644195557,True
QA_19358,QA,PNT3,replace,0,gì,chi,1,1,True,dialect_phrase,Interrogatives,gì; sao / thế nào,HaTinh_QB_QT; Hue,0.4768886566162109,56.613491410463226,4.528817176818848,5.005705833435059,True
QA_19358,QA,PNT4,replace,0,gì,chi,1,1,True,dialect_phrase,Interrogatives,gì,QuangNam,0.4768886566162109,56.613491410463226,4.528817176818848,5.005705833435059,True
QA_19406,QA,PNN,replace,0,vào,hồi,1,1,False,none,Connectives/Aspect markers,,,0.1980082988739013,5.503366154806667,3.2241690158843994,3.422177314758301,True
QA_19406,QA,PNT1,replace,0,có,cúa,1,1,False,none,Orthographic variant,,,0.8196442127227783,31.91076769734763,3.2241690158843994,4.043813228607178,False
QA_19406,QA,PNT1,replace,1,gì,cái chi,1,2,False,none,Interrogatives,,,0.8196442127227783,31.91076769734763,3.2241690158843994,4.043813228607178,True
QA_19406,QA,PNT2,replace,0,gì,chi,1,1,True,dialect_phrase,Interrogatives,gì,HaTinh_QB_QT; NgheAn,0.2244024276733398,6.322743730118415,3.2241690158843994,3.4485714435577393,True
QA_19406,QA,PNT3,replace,0,vào,vô,1,1,False,none,Connectives/Aspect markers,,,0.9392707347869872,39.159611523683054,3.2241690158843994,4.163439750671387,True
QA_19406,QA,PNT3,replace,1,gì,chi,1,1,True,dialect_phrase,Interrogatives,gì; sao / thế nào,HaTinh_QB_QT; Hue,0.9392707347869872,39.159611523683054,3.2241690158843994,4.163439750671387,True
QA_19406,QA,PNT4,replace,0,gì,chi,1,1,True,dialect_phrase,Interrogatives,gì,QuangNam,0.2244024276733398,6.322743730118415,3.2241690158843994,3.4485714435577393,True
QA_19877,QA,PNB,delete,0,bằng tự nhiên,,3,0,False,none,Unknown,,,-0.1290116310119629,-2.9788920178893363,3.203216552734375,3.074204921722412,False
QA_19877,QA,PNB,insert,1,,bằng biện pháp tự nhiên,0,5,False,none,Unknown,,,-0.1290116310119629,-2.9788920178893363,3.203216552734375,3.074204921722412,False
QA_19877,QA,PNN,replace,0,vì không,tại hông,2,2,False,none,Negation/Function words,,,0.8903179168701172,35.33984670538115,3.203216552734375,4.093534469604492,True
QA_19877,QA,PNN,replace,1,các,mấy,1,1,False,none,Negation/Function words,,,0.8903179168701172,35.33984670538115,3.203216552734375,4.093534469604492,True
QA_19877,QA,PNT2,replace,0,không,nỏ,1,1,True,dialect_phrase,Negation/Function words,không,HaTinh_QB_QT; NgheAn,1.2236566543579102,59.05782319585285,3.203216552734375,4.426873207092285,True
QA_19877,QA,PNT2,replace,1,làm gì,mần chi,2,2,True,dialect_phrase,Interrogatives,làm gì,HaTinh_QB_QT; NgheAn,1.2236566543579102,59.05782319585285,3.203216552734375,4.426873207092285,True
QA_19877,QA,PNT3,replace,0,các,mấy,1,1,False,none,Negation/Function words,,,0.6186425685882568,21.077503517698343,3.203216552734375,3.821859121322632,True
QA_19877,QA,PNT3,replace,1,gì,chi,1,1,True,dialect_phrase,Interrogatives,gì; sao / thế nào,HaTinh_QB_QT; Hue,0.6186425685882568,21.077503517698343,3.203216552734375,3.821859121322632,True
QA_19877,QA,PNT4,replace,0,vì,do,1,1,False,none,Connectives/Aspect markers,,,0.7587862014770508,27.950922933890713,3.203216552734375,3.962002754211426,True
QA_19877,QA,PNT4,replace,1,gì,chi,1,1,True,dialect_phrase,Interrogatives,gì,QuangNam,0.7587862014770508,27.950922933890713,3.203216552734375,3.962002754211426,True
QA_20004,QA,PNB,delete,0,nên,,1,0,False,none,Unknown,,,-0.0792772769927978,-3.5685553618291124,3.846341371536255,3.767064094543457,False
QA_20004,QA,PNN,replace,0,vì nguyên nhân,tại lí do,3,3,False,none,Predicate vocabulary,,,0.6936023235321045,46.86407780997167,3.846341371536255,4.539943695068359,True
QA_20004,QA,PNN,replace,1,và,với,1,1,False,none,Connectives/Aspect markers,,,0.6936023235321045,46.86407780997167,3.846341371536255,4.539943695068359,True
QA_20004,QA,PNN,replace,2,những,mấy,1,1,False,none,Negation/Function words,,,0.6936023235321045,46.86407780997167,3.846341371536255,4.539943695068359,True
QA_20004,QA,PNN,replace,3,khi,lúc,1,1,False,none,Connectives/Aspect markers,,,0.6936023235321045,46.86407780997167,3.846341371536255,4.539943695068359,True
QA_20004,QA,PNT1,replace,0,đã,đả,1,1,False,none,Orthographic variant,,,1.0531489849090576,87.39990999736366,3.846341371536255,4.8994903564453125,False
QA_20004,QA,PNT1,replace,1,gì,chi,1,1,False,none,Interrogatives,,,1.0531489849090576,87.39990999736366,3.846341371536255,4.8994903564453125,True
QA_20004,QA,PNT2,replace,0,gì,chi,1,1,True,dialect_phrase,Interrogatives,gì,HaTinh_QB_QT; NgheAn,0.5055439472198486,30.803225103030336,3.846341371536255,4.3518853187561035,True
QA_20004,QA,PNT3,insert,0,,kì,0,1,True,dialect_phrase,Negation/Function words,cái,HaTinh_QB_QT,1.7275073528289795,216.6246347204042,3.846341371536255,5.573848724365234,False
QA_20004,QA,PNT3,replace,1,nên,bơ,1,1,True,dialect_phrase,Connectives/Aspect markers,thì / nên,HaTinh_QB_QT,1.7275073528289795,216.6246347204042,3.846341371536255,5.573848724365234,True
QA_20004,QA,PNT3,replace,2,khi đó,chầu nớ,2,2,False,none,Demonstratives/Deixis,,,1.7275073528289795,216.6246347204042,3.846341371536255,5.573848724365234,True
QA_20004,QA,PNT3,replace,3,làm gì,mần chi,2,2,True,dialect_phrase,Interrogatives,làm gì,HaTinh_QB_QT; Hue,1.7275073528289795,216.6246347204042,3.846341371536255,5.573848724365234,True
QA_20004,QA,PNT4,replace,0,vì,tại,1,1,False,none,Connectives/Aspect markers,,,1.6291725635528564,191.9517020984206,3.846341371536255,5.475513935089111,True
QA_20004,QA,PNT4,replace,1,và,với,1,1,False,none,Connectives/Aspect markers,,,1.6291725635528564,191.9517020984206,3.846341371536255,5.475513935089111,True
QA_20004,QA,PNT4,replace,2,khi đó,hồi nớ,2,2,False,none,Demonstratives/Deixis,,,1.6291725635528564,191.9517020984206,3.846341371536255,5.475513935089111,True
QA_20004,QA,PNT4,replace,3,gì,chi,1,1,True,dialect_phrase,Interrogatives,gì,QuangNam,1.6291725635528564,191.9517020984206,3.846341371536255,5.475513935089111,True
QA_20495,QA,PNN,replace,0,như thế nào,ra sao,3,2,False,none,Interrogatives,,,0.0636770725250244,1.913897369190401,3.3710649013519287,3.434741973876953,True
QA_20495,QA,PNT1,replace,0,thế nào,răng,2,1,False,none,Interrogatives,,,0.8654773235321045,40.05876023120001,3.3710649013519287,4.236542224884033,True
QA_20495,QA,PNT2,replace,0,các,mấy,1,1,False,none,Negation/Function words,,,1.2401669025421145,71.4984933546958,3.3710649013519287,4.611231803894043,True
QA_20495,QA,PNT2,replace,1,như thế nào,ra răng,3,2,False,none,Interrogatives,,,1.2401669025421145,71.4984933546958,3.3710649013519287,4.611231803894043,True
QA_20495,QA,PNT3,replace,0,vào,vô,1,1,False,none,Connectives/Aspect markers,,,1.351196050643921,83.31263730123794,3.3710649013519287,4.72226095199585,True
QA_20495,QA,PNT3,replace,1,như thế nào,chi,3,1,True,dialect_phrase,Interrogatives,gì; sao / thế nào,HaTinh_QB_QT; Hue,1.351196050643921,83.31263730123794,3.3710649013519287,4.72226095199585,True
QA_20495,QA,PNT4,replace,0,như thế nào,ra ren,3,2,False,none,Interrogatives,,,1.1987836360931396,67.4199787484951,3.3710649013519287,4.569848537445068,True
QA_20639,QA,PNN,replace,0,việc,chuyện,1,1,False,none,Predicate vocabulary,,,0.2017548084259033,5.516133854814051,3.2058064937591553,3.4075613021850586,True
QA_20639,QA,PNT2,replace,0,làm,mần,1,1,True,dialect_phrase,Predicate vocabulary,làm,HaTinh_QB_QT,0.8613588809967041,33.715818037042894,3.2058064937591553,4.067165374755859,True
QA_20639,QA,PNT2,replace,1,gì,chi,1,1,True,dialect_phrase,Interrogatives,gì,HaTinh_QB_QT; NgheAn,0.8613588809967041,33.715818037042894,3.2058064937591553,4.067165374755859,True
QA_20639,QA,PNT3,replace,0,đã,đạ,1,1,True,dialect_phrase,Connectives/Aspect markers,đã,HaTinh_QB_QT,1.4656760692596436,82.18065333412198,3.2058064937591553,4.671482563018799,True
QA_20639,QA,PNT3,delete,1,trở,,1,0,False,none,Unknown,,,1.4656760692596436,82.18065333412198,3.2058064937591553,4.671482563018799,False
QA_20639,QA,PNT3,replace,2,gì,chi,1,1,True,dialect_phrase,Interrogatives,gì; sao / thế nào,HaTinh_QB_QT; Hue,1.4656760692596436,82.18065333412198,3.2058064937591553,4.671482563018799,True
QA_20639,QA,PNT4,replace,0,vào,vô,1,1,False,none,Connectives/Aspect markers,,,0.9839355945587158,41.33037256314235,3.2058064937591553,4.189742088317871,True
QA_20639,QA,PNT4,replace,1,việc gì,chuyện chi,2,2,True,dialect_phrase,Interrogatives,chuyện gì,QuangNam,0.9839355945587158,41.33037256314235,3.2058064937591553,4.189742088317871,True
QA_21117,QA,PNB,delete,0,này,,1,0,True,standard_word,Demonstratives/Deixis,này,BacBo,0.0513892173767089,1.8907271339565528,3.5794837474823,3.630872964859009,False
QA_21117,QA,PNT2,replace,0,này,ni,1,1,True,dialect_phrase,Demonstratives/Deixis,này,HaTinh_QB_QT; NgheAn,1.1018407344818115,72.05788083759052,3.5794837474823,4.681324481964111,True
QA_21117,QA,PNT2,replace,1,này,ni,1,1,True,dialect_phrase,Demonstratives/Deixis,này,HaTinh_QB_QT; NgheAn,1.1018407344818115,72.05788083759052,3.5794837474823,4.681324481964111,True
QA_21117,QA,PNT2,replace,2,gì,chi,1,1,True,dialect_phrase,Interrogatives,gì,HaTinh_QB_QT; NgheAn,1.1018407344818115,72.05788083759052,3.5794837474823,4.681324481964111,True
QA_21117,QA,PNT3,replace,0,này,ni,1,1,True,dialect_phrase,Demonstratives/Deixis,này,HaTinh_QB_QT; Hue,1.9723336696624756,221.850463115208,3.5794837474823,5.551817417144775,True
QA_21117,QA,PNT3,replace,1,đó,nớ,1,1,True,dialect_phrase,Demonstratives/Deixis,kia; ấy / đó,HaTinh_QB_QT; Hue,1.9723336696624756,221.850463115208,3.5794837474823,5.551817417144775,True
QA_21117,QA,PNT3,replace,2,này,ni,1,1,True,dialect_phrase,Demonstratives/Deixis,này,HaTinh_QB_QT; Hue,1.9723336696624756,221.850463115208,3.5794837474823,5.551817417144775,True
QA_21117,QA,PNT3,replace,3,làm gì,mần chi,2,2,True,dialect_phrase,Interrogatives,làm gì,HaTinh_QB_QT; Hue,1.9723336696624756,221.850463115208,3.5794837474823,5.551817417144775,True
QA_21117,QA,PNT4,replace,0,này,ni,1,1,True,dialect_phrase,Demonstratives/Deixis,này,QuangNam,1.1018407344818115,72.05788083759052,3.5794837474823,4.681324481964111,True
QA_21117,QA,PNT4,replace,1,này,ni,1,1,True,dialect_phrase,Demonstratives/Deixis,này,QuangNam,1.1018407344818115,72.05788083759052,3.5794837474823,4.681324481964111,True
QA_21117,QA,PNT4,replace,2,gì,chi,1,1,True,dialect_phrase,Interrogatives,gì,QuangNam,1.1018407344818115,72.05788083759052,3.5794837474823,4.681324481964111,True
QA_21489,QA,PNN,replace,0,khi,lúc,1,1,False,none,Connectives/Aspect markers,,,0.9541492462158204,144.06050431681064,4.502444267272949,5.4565935134887695,True
QA_21489,QA,PNN,replace,1,ông,ổng,1,1,True,dialect_phrase,Pronouns,ông ấy,NamBo,0.9541492462158204,144.06050431681064,4.502444267272949,5.4565935134887695,True
QA_21489,QA,PNN,replace,2,nhằm,đặng,1,1,False,none,Connectives/Aspect markers,,,0.9541492462158204,144.06050431681064,4.502444267272949,5.4565935134887695,True
QA_21489,QA,PNN,replace,3,các,mấy cái,1,2,False,none,Negation/Function words,,,0.9541492462158204,144.06050431681064,4.502444267272949,5.4565935134887695,True
QA_21489,QA,PNT1,replace,0,đã,đả,1,1,False,none,Orthographic variant,,,1.08795166015625,177.60421822808158,4.502444267272949,5.590395927429199,False
QA_21489,QA,PNT1,replace,1,gì,chi,1,1,False,none,Interrogatives,,,1.08795166015625,177.60421822808158,4.502444267272949,5.590395927429199,True
QA_21489,QA,PNT2,replace,0,làm gì,mần chi,2,2,True,dialect_phrase,Interrogatives,làm gì,HaTinh_QB_QT; NgheAn,0.6534371376037598,83.21119151353398,4.502444267272949,5.155881404876709,True
QA_21489,QA,PNT3,replace,0,gì,chi,1,1,True,dialect_phrase,Interrogatives,gì; sao / thế nào,HaTinh_QB_QT; Hue,0.3480181694030761,37.56204899902738,4.502444267272949,4.850462436676025,True
QA_21489,QA,PNT3,replace,1,nhằm,để,1,1,False,none,Connectives/Aspect markers,,,0.3480181694030761,37.56204899902738,4.502444267272949,4.850462436676025,True
QA_21489,QA,PNT4,replace,0,gì,chi,1,1,True,dialect_phrase,Interrogatives,gì,QuangNam,0.466275691986084,53.60521868242279,4.502444267272949,4.968719959259033,True
QA_22617,QA,PNB,replace,0,nào,gì,1,1,True,dialect_phrase,Interrogatives,gì,BacBo,-0.0420670509338378,-1.7948403998049187,3.77436637878418,3.732299327850342,True
QA_22617,QA,PNN,replace,0,các,mấy,1,1,False,none,Negation/Function words,,,0.1306896209716797,6.082967623059851,3.77436637878418,3.9050559997558594,True
QA_22617,QA,PNN,replace,1,nào,gì,1,1,True,dialect_phrase,Interrogatives,gì,NamBo,0.1306896209716797,6.082967623059851,3.77436637878418,3.9050559997558594,True
QA_22617,QA,PNT1,replace,0,nào,mô,1,1,True,dialect_phrase,Negation/Function words,đâu (phủ định),ThanhHoa,0.4255213737487793,23.10895332994796,3.77436637878418,4.199887752532959,True
QA_22617,QA,PNT2,replace,0,tại,lộ,1,1,False,none,Noise/Non-linguistic,,,0.6978936195373535,43.98447956092797,3.77436637878418,4.472259998321533,False
QA_22617,QA,PNT2,replace,1,nào vào,mô vô,2,2,False,none,Interrogatives,,,0.6978936195373535,43.98447956092797,3.77436637878418,4.472259998321533,True
QA_22617,QA,PNT3,delete,0,ngoại,,1,0,False,none,Unknown,,,1.0349183082580566,79.07396463332412,3.77436637878418,4.809284687042236,False
QA_22617,QA,PNT3,insert,1,,ra,0,1,False,none,Unknown,,,1.0349183082580566,79.07396463332412,3.77436637878418,4.809284687042236,False
QA_22617,QA,PNT3,replace,2,các,mấy,1,1,False,none,Negation/Function words,,,1.0349183082580566,79.07396463332412,3.77436637878418,4.809284687042236,True
QA_22617,QA,PNT3,replace,3,nào vào,chi vô,2,2,False,none,Interrogatives,,,1.0349183082580566,79.07396463332412,3.77436637878418,4.809284687042236,True
QA_22617,QA,PNT4,replace,0,các vùng,mấy khu,2,2,False,none,Predicate vocabulary,,,0.5190215110778809,29.644197319683563,3.77436637878418,4.2933878898620605,True
QA_22617,QA,PNT4,replace,1,nào vào,chi ở,2,2,False,none,Interrogatives,,,0.5190215110778809,29.644197319683563,3.77436637878418,4.2933878898620605,True
QA_22620,QA,PNB,replace,0,tại,ở,1,1,False,none,Predicate vocabulary,,,0.0001399517059326,0.0050339613208407,3.582595109939575,3.582735061645508,True
QA_22620,QA,PNB,delete,1,như,,1,0,False,none,Unknown,,,0.0001399517059326,0.0050339613208407,3.582595109939575,3.582735061645508,False
QA_22620,QA,PNN,replace,0,tại,ở,1,1,False,none,Predicate vocabulary,,,0.206200361251831,8.236366728636597,3.582595109939575,3.7887954711914062,True
QA_22620,QA,PNN,replace,1,trở nên,đâm ra,2,2,False,none,Predicate vocabulary,,,0.206200361251831,8.236366728636597,3.582595109939575,3.7887954711914062,True
QA_22620,QA,PNN,replace,2,như,mà,1,1,False,none,Connectives/Aspect markers,,,0.206200361251831,8.236366728636597,3.582595109939575,3.7887954711914062,True
QA_22620,QA,PNT1,replace,0,nào,mô,1,1,True,dialect_phrase,Negation/Function words,đâu (phủ định),ThanhHoa,1.1419260501861572,76.70977390725372,3.582595109939575,4.724521160125732,True
QA_22620,QA,PNT1,replace,1,cho,chua,1,1,False,none,Predicate vocabulary,,,1.1419260501861572,76.70977390725372,3.582595109939575,4.724521160125732,True
QA_22620,QA,PNT2,replace,0,nào,mô,1,1,True,dialect_phrase,Interrogatives; Negation/Function words,đâu (phủ định); đâu / nào,HaTinh_QB_QT; NgheAn,0.7049305438995361,36.8193898479238,3.582595109939575,4.287525653839111,False
QA_22620,QA,PNT3,replace,0,tại,ở,1,1,False,none,Predicate vocabulary,,,0.6706488132476807,34.36644064853445,3.582595109939575,4.253243923187256,True
QA_22620,QA,PNT3,replace,1,nào,mô,1,1,True,dialect_phrase,Interrogatives; Negation/Function words,đâu (phủ định); đâu / nào,HaTinh_QB_QT; Hue,0.6706488132476807,34.36644064853445,3.582595109939575,4.253243923187256,False
QA_22620,QA,PNT4,replace,0,tại,ở,1,1,False,none,Predicate vocabulary,,,0.6706488132476807,34.36644064853445,3.582595109939575,4.253243923187256,True
QA_22620,QA,PNT4,replace,1,nào,mô,1,1,True,dialect_phrase,Interrogatives,đâu / nào,QuangNam,0.6706488132476807,34.36644064853445,3.582595109939575,4.253243923187256,True
QA_22836,QA,PNN,replace,0,như thế nào,ra sao,3,2,False,none,Interrogatives,,,0.073392629623413,1.66482352593734,3.0847301483154297,3.1581227779388428,True
QA_22836,QA,PNT2,replace,0,như thế nào,ra răng,3,2,False,none,Interrogatives,,,1.0900616645812988,43.16473394914428,3.0847301483154297,4.1747918128967285,True
QA_22836,QA,PNT2,insert,1,,đoạn,0,1,False,none,Unknown,,,1.0900616645812988,43.16473394914428,3.0847301483154297,4.1747918128967285,False
QA_22836,QA,PNT3,replace,0,thế nào vào,răng vô,3,2,False,none,Interrogatives,,,1.4410152435302734,70.50318144032497,3.0847301483154297,4.525745391845703,True
QA_22836,QA,PNT4,replace,0,thế nào,ren,2,1,True,dialect_phrase,Interrogatives,sao / thế nào,QuangNam,0.9012086391448976,31.97423947626405,3.0847301483154297,3.985938787460327,True
QA_2325,QA,PNN,replace,0,vấn đề,vụ,2,1,False,none,Predicate vocabulary,,,0.917715549468994,47.409570100816026,3.4509854316711426,4.368700981140137,True
QA_2325,QA,PNN,replace,1,và,với,1,1,False,none,Connectives/Aspect markers,,,0.917715549468994,47.409570100816026,3.4509854316711426,4.368700981140137,True
QA_2325,QA,PNT1,replace,0,đã,đả,1,1,False,none,Orthographic variant,,,1.196073055267334,72.7463504007941,3.4509854316711426,4.647058486938477,False
QA_2325,QA,PNT1,replace,1,gì,chi,1,1,False,none,Interrogatives,,,1.196073055267334,72.7463504007941,3.4509854316711426,4.647058486938477,True
QA_2325,QA,PNT2,replace,0,làm gì,mần chi,2,2,True,dialect_phrase,Interrogatives,làm gì,HaTinh_QB_QT; NgheAn,0.7841835021972656,37.54189748294608,3.4509854316711426,4.235168933868408,True
QA_2325,QA,PNT3,replace,0,làm gì,mần chi,2,2,True,dialect_phrase,Interrogatives,làm gì,HaTinh_QB_QT; Hue,0.7841835021972656,37.54189748294608,3.4509854316711426,4.235168933868408,True
QA_23452,QA,PNB,replace,0,thủ,thử,1,1,False,none,Orthographic variant,,,-0.5274057388305664,-33.19745908719183,4.394398212432861,3.866992473602295,False
QA_23452,QA,PNB,insert,1,,chữa,0,1,False,none,Unknown,,,-0.5274057388305664,-33.19745908719183,4.394398212432861,3.866992473602295,False
QA_23452,QA,PNN,replace,0,như thế nào,sao,3,1,True,dialect_phrase,Interrogatives,sao / thế nào,NamBo,-0.0314259529113769,-2.505792830419722,4.394398212432861,4.362972259521484,True
QA_23452,QA,PNN,replace,1,thủ,thử,1,1,False,none,Orthographic variant,,,-0.0314259529113769,-2.505792830419722,4.394398212432861,4.362972259521484,False
QA_23452,QA,PNT1,replace,0,đã,đả,1,1,False,none,Orthographic variant,,,0.649228572845459,74.03538796410871,4.394398212432861,5.04362678527832,False
QA_23452,QA,PNT2,replace,0,đã,đạ,1,1,True,dialect_phrase,Connectives/Aspect markers,đã,HaTinh_QB_QT,0.9128251075744628,120.79327210753928,4.394398212432861,5.307223320007324,True
QA_23452,QA,PNT2,replace,1,thế nào,răng,2,1,True,dialect_phrase,Interrogatives,sao / thế nào,HaTinh_QB_QT; NgheAn,0.9128251075744628,120.79327210753928,4.394398212432861,5.307223320007324,True
QA_23452,QA,PNT2,insert,2,,cấy,0,1,True,dialect_phrase,Negation/Function words,cái,HaTinh_QB_QT; NgheAn,0.9128251075744628,120.79327210753928,4.394398212432861,5.307223320007324,False
QA_23452,QA,PNT2,replace,3,thủ,thử,1,1,False,none,Orthographic variant,,,0.9128251075744628,120.79327210753928,4.394398212432861,5.307223320007324,False
QA_23452,QA,PNT3,replace,0,thế nào,răng,2,1,True,dialect_phrase,Interrogatives,sao / thế nào,HaTinh_QB_QT; Hue,0.8796830177307129,114.2151662957254,4.394398212432861,5.274081230163574,True
QA_23452,QA,PNT4,replace,0,thế nào,răng,2,1,True,standard_word,Interrogatives,ren; sao; sô,PhuYen; QuangNam; QuangNgai,0.8796830177307129,114.2151662957254,4.394398212432861,5.274081230163574,True
QA_23724,QA,PNB,replace,0,truang,trung,1,1,False,none,Orthographic variant,,,-1.4220662117004397,-63.613130820246774,4.42885684967041,3.0067906379699707,False
QA_23724,QA,PNB,replace,1,háo,hóa,1,1,False,none,Orthographic variant,,,-1.4220662117004397,-63.613130820246774,4.42885684967041,3.0067906379699707,False
QA_23724,QA,PNT1,replace,0,cho,chua,1,1,False,none,Predicate vocabulary,,,-0.6935582160949707,-41.93498890099448,4.42885684967041,3.735298633575439,True
QA_23724,QA,PNT1,replace,1,truang,trung,1,1,False,none,Orthographic variant,,,-0.6935582160949707,-41.93498890099448,4.42885684967041,3.735298633575439,False
QA_23724,QA,PNT1,replace,2,háo,hoá,1,1,False,none,Orthographic variant,,,-0.6935582160949707,-41.93498890099448,4.42885684967041,3.735298633575439,False
QA_23724,QA,PNT2,replace,0,vào,vô,1,1,False,none,Connectives/Aspect markers,,,1.1750121116638184,187.6391778378152,4.42885684967041,5.6038689613342285,True
QA_23724,QA,PNT2,replace,1,nào,mô,1,1,True,dialect_phrase,Interrogatives; Negation/Function words,đâu (phủ định); đâu / nào,HaTinh_QB_QT; NgheAn,1.1750121116638184,187.6391778378152,4.42885684967041,5.6038689613342285,False
QA_23724,QA,PNT3,replace,0,ngày nào,hôm mô,2,2,False,none,Interrogatives,,,1.2618064880371094,212.2544376470105,4.42885684967041,5.6906633377075195,True
QA_23724,QA,PNT3,replace,1,đã,đạ,1,1,True,dialect_phrase,Connectives/Aspect markers,đã,HaTinh_QB_QT,1.2618064880371094,212.2544376470105,4.42885684967041,5.6906633377075195,True
QA_23724,QA,PNT4,replace,0,nào,mô,1,1,True,dialect_phrase,Interrogatives,đâu / nào,QuangNam,-0.6417715549468994,-39.70793178261041,4.42885684967041,3.7870852947235103,True
QA_23724,QA,PNT4,replace,1,truang,trung,1,1,False,none,Orthographic variant,,,-0.6417715549468994,-39.70793178261041,4.42885684967041,3.7870852947235103,False
QA_23724,QA,PNT4,replace,2,háo,hóa,1,1,False,none,Orthographic variant,,,-0.6417715549468994,-39.70793178261041,4.42885684967041,3.7870852947235103,False
QA_23978,QA,PNB,delete,0,tại,,1,0,False,none,Unknown,,,-0.1580169200897216,-3.584165254078961,3.199547052383423,3.041530132293701,False
QA_23978,QA,PNN,replace,0,và,với,1,1,False,none,Connectives/Aspect markers,,,0.2588987350463867,7.24614381588221,3.199547052383423,3.4584457874298096,True
QA_23978,QA,PNN,replace,1,tại,ở,1,1,False,none,Predicate vocabulary,,,0.2588987350463867,7.24614381588221,3.199547052383423,3.4584457874298096,True
QA_23978,QA,PNN,delete,2,như,,1,0,False,none,Unknown,,,0.2588987350463867,7.24614381588221,3.199547052383423,3.4584457874298096,False
QA_23978,QA,PNT2,replace,0,làm,mần,1,1,True,dialect_phrase,Predicate vocabulary,làm,HaTinh_QB_QT,1.978736162185669,152.85660866704694,3.199547052383423,5.178283214569092,True
QA_23978,QA,PNT2,replace,1,tại,lộ,1,1,False,none,Noise/Non-linguistic,,,1.978736162185669,152.85660866704694,3.199547052383423,5.178283214569092,False
QA_23978,QA,PNT2,replace,2,ngày nay,bữa ni,2,2,False,none,Demonstratives/Deixis,,,1.978736162185669,152.85660866704694,3.199547052383423,5.178283214569092,True
QA_23978,QA,PNT2,replace,3,nơi như thế nào,chỗ a răng,4,3,False,none,Interrogatives,,,1.978736162185669,152.85660866704694,3.199547052383423,5.178283214569092,True
QA_23978,QA,PNT3,replace,0,và,với,1,1,False,none,Connectives/Aspect markers,,,1.3452975749969482,69.62437763144013,3.199547052383423,4.544844627380371,True
QA_23978,QA,PNT3,replace,1,nay,ni,1,1,True,dialect_phrase,Demonstratives/Deixis,này,HaTinh_QB_QT; Hue,1.3452975749969482,69.62437763144013,3.199547052383423,4.544844627380371,True
QA_23978,QA,PNT3,replace,2,thế nào,răng,2,1,True,dialect_phrase,Interrogatives,sao / thế nào,HaTinh_QB_QT; Hue,1.3452975749969482,69.62437763144013,3.199547052383423,4.544844627380371,True
QA_23978,QA,PNT4,replace,0,nay,ni,1,1,True,dialect_phrase,Demonstratives/Deixis,này,QuangNam,1.343662977218628,69.47061282459065,3.199547052383423,4.543210029602051,True
QA_23978,QA,PNT4,replace,1,thế nào,ren,2,1,True,dialect_phrase,Interrogatives,sao / thế nào,QuangNam,1.343662977218628,69.47061282459065,3.199547052383423,4.543210029602051,True
QA_24045,QA,PNB,replace,0,dàn,dần,1,1,False,none,Noise/Non-linguistic,,,-0.228123664855957,-14.304222748801642,4.250316619873047,4.02219295501709,False
QA_24045,QA,PNN,replace,0,dàn,từ từ,1,2,False,none,Predicate vocabulary,,,0.4974427223205566,45.19797700158409,4.250316619873047,4.7477593421936035,True
QA_24045,QA,PNN,replace,1,điều,cái,1,1,True,dialect_phrase,Negation/Function words,cái,NamBo,0.4974427223205566,45.19797700158409,4.250316619873047,4.7477593421936035,True
QA_24045,QA,PNN,replace,2,vào,vô,1,1,False,none,Connectives/Aspect markers,,,0.4974427223205566,45.19797700158409,4.250316619873047,4.7477593421936035,True
QA_24045,QA,PNT1,replace,0,dàn,dần,1,1,False,none,Noise/Non-linguistic,,,-0.228123664855957,-14.304222748801642,4.250316619873047,4.02219295501709,False
QA_24045,QA,PNT2,replace,0,dàn,dần,1,1,False,none,Noise/Non-linguistic,,,0.8049712181091309,86.72205851230035,4.250316619873047,5.055287837982178,False
QA_24045,QA,PNT2,replace,1,gì,chi,1,1,True,dialect_phrase,Interrogatives,gì,HaTinh_QB_QT; NgheAn,0.8049712181091309,86.72205851230035,4.250316619873047,5.055287837982178,True
QA_24045,QA,PNT2,replace,2,vào,vô,1,1,False,none,Connectives/Aspect markers,,,0.8049712181091309,86.72205851230035,4.250316619873047,5.055287837982178,True
QA_24045,QA,PNT3,replace,0,dàn,dần,1,1,False,none,Noise/Non-linguistic,,,0.8049712181091309,86.72205851230035,4.250316619873047,5.055287837982178,False
QA_24045,QA,PNT3,replace,1,gì,chi,1,1,True,dialect_phrase,Interrogatives,gì; sao / thế nào,HaTinh_QB_QT; Hue,0.8049712181091309,86.72205851230035,4.250316619873047,5.055287837982178,True
QA_24045,QA,PNT3,replace,2,vào,vô,1,1,False,none,Connectives/Aspect markers,,,0.8049712181091309,86.72205851230035,4.250316619873047,5.055287837982178,True
QA_24045,QA,PNT4,replace,0,dàn,lần lần,1,2,False,none,Predicate vocabulary,,,1.0101814270019531,122.44976735124403,4.250316619873047,5.260498046875,True
QA_24045,QA,PNT4,replace,1,gì,chi,1,1,True,dialect_phrase,Interrogatives,gì,QuangNam,1.0101814270019531,122.44976735124403,4.250316619873047,5.260498046875,True
QA_24045,QA,PNT4,replace,2,vào,vô,1,1,False,none,Connectives/Aspect markers,,,1.0101814270019531,122.44976735124403,4.250316619873047,5.260498046875,True
QA_25984,QA,PNT1,replace,0,nào,mô,1,1,True,dialect_phrase,Negation/Function words,đâu (phủ định),ThanhHoa,0.7023367881774902,67.22308008693983,4.18972110748291,4.8920578956604,True
QA_25984,QA,PNT2,replace,0,nhỏ,bé,1,1,True,standard_word,Predicate vocabulary,dỏ,HaTinh_QB_QT,1.6528964042663574,278.6759855703848,4.18972110748291,5.842617511749268,True
QA_25984,QA,PNT2,replace,1,gia đình,nhà,2,1,False,none,Predicate vocabulary,,,1.6528964042663574,278.6759855703848,4.18972110748291,5.842617511749268,True
QA_25984,QA,PNT2,replace,2,vào,vô,1,1,False,none,Connectives/Aspect markers,,,1.6528964042663574,278.6759855703848,4.18972110748291,5.842617511749268,True
QA_25984,QA,PNT2,replace,3,nào,mô,1,1,True,dialect_phrase,Interrogatives; Negation/Function words,đâu (phủ định); đâu / nào,HaTinh_QB_QT; NgheAn,1.6528964042663574,278.6759855703848,4.18972110748291,5.842617511749268,False
QA_25984,QA,PNT3,replace,0,vào,vô kì,1,2,False,none,Predicate vocabulary,,,1.4586400985717771,217.82157197015775,4.18972110748291,5.6483612060546875,True
QA_25984,QA,PNT3,replace,1,nào,mô,1,1,True,dialect_phrase,Interrogatives; Negation/Function words,đâu (phủ định); đâu / nào,HaTinh_QB_QT; Hue,1.4586400985717771,217.82157197015775,4.18972110748291,5.6483612060546875,False
QA_25984,QA,PNT4,replace,0,nổi bật,trội,2,1,False,none,Predicate vocabulary,,,1.6166977882385254,266.42215719661283,4.18972110748291,5.8064188957214355,True
QA_25984,QA,PNT4,replace,1,vào,vô,1,1,False,none,Connectives/Aspect markers,,,1.6166977882385254,266.42215719661283,4.18972110748291,5.8064188957214355,True
QA_25984,QA,PNT4,replace,2,nào,mô,1,1,True,dialect_phrase,Interrogatives,đâu / nào,QuangNam,1.6166977882385254,266.42215719661283,4.18972110748291,5.8064188957214355,True
QA_26154,QA,PNN,replace,0,không,hông,1,1,True,dialect_phrase,Negation/Function words,không,NamBo,0.6022439002990723,101.7307915693628,4.813233852386475,5.415477752685547,True
QA_26154,QA,PNN,replace,1,như thế nào,ra sao,3,2,False,none,Interrogatives,,,0.6022439002990723,101.7307915693628,4.813233852386475,5.415477752685547,True
QA_26154,QA,PNT2,replace,0,không,nỏ,1,1,True,dialect_phrase,Negation/Function words,không,HaTinh_QB_QT; NgheAn,1.3694467544555664,361.15924885830606,4.813233852386475,6.182680606842041,True
QA_26154,QA,PNT2,replace,1,thế nào,răng,2,1,True,dialect_phrase,Interrogatives,sao / thế nào,HaTinh_QB_QT; NgheAn,1.3694467544555664,361.15924885830606,4.813233852386475,6.182680606842041,True
QA_26154,QA,PNT3,replace,0,không,nỏ,1,1,True,dialect_phrase,Negation/Function words,không,HaTinh_QB_QT,1.2559504508972168,309.1987333733923,4.813233852386475,6.069184303283691,True
QA_26154,QA,PNT3,replace,1,thế nào,răng,2,1,True,dialect_phrase,Interrogatives,sao / thế nào,HaTinh_QB_QT; Hue,1.2559504508972168,309.1987333733923,4.813233852386475,6.069184303283691,True
QA_26154,QA,PNT4,replace,0,như thế nào,ra ren,3,2,False,none,Interrogatives,,,1.0887303352355957,242.62601867062847,4.813233852386475,5.90196418762207,True
QA_26357,QA,PNT2,delete,0,vào năm nào thì,,4,0,False,none,Unknown,,,1.3583526611328125,68.76203115180188,3.169471263885498,4.5278239250183105,False
QA_26357,QA,PNT2,replace,1,đã,đạ,1,1,True,dialect_phrase,Connectives/Aspect markers,đã,HaTinh_QB_QT,1.3583526611328125,68.76203115180188,3.169471263885498,4.5278239250183105,True
QA_26357,QA,PNT2,insert,2,,vào năm mô,0,3,False,none,Unknown,,,1.3583526611328125,68.76203115180188,3.169471263885498,4.5278239250183105,False
QA_26357,QA,PNT3,replace,0,vào,vô,1,1,False,none,Connectives/Aspect markers,,,1.1650443077087402,52.49309405888954,3.169471263885498,4.334515571594238,True
QA_26357,QA,PNT3,replace,1,nào,mô,1,1,True,dialect_phrase,Interrogatives; Negation/Function words,đâu (phủ định); đâu / nào,HaTinh_QB_QT; Hue,1.1650443077087402,52.49309405888954,3.169471263885498,4.334515571594238,False
QA_26357,QA,PNT4,replace,0,nào,mô,1,1,True,dialect_phrase,Interrogatives,đâu / nào,QuangNam,0.8707780838012695,33.04561428240995,3.169471263885498,4.040249347686768,True
QA_26456,QA,PNN,delete,0,sẽ,,1,0,False,none,Unknown,,,0.0178873538970947,0.4332424420008998,3.17824649810791,3.196133852005005,False
QA_26456,QA,PNN,replace,1,vào,hồi,1,1,False,none,Connectives/Aspect markers,,,0.0178873538970947,0.4332424420008998,3.17824649810791,3.196133852005005,True
QA_26456,QA,PNN,insert,2,,cái,0,1,True,dialect_phrase,Negation/Function words,cái,NamBo,0.0178873538970947,0.4332424420008998,3.17824649810791,3.196133852005005,False
QA_26456,QA,PNT1,replace,0,đã,đả,1,1,False,none,Orthographic variant,,,0.5985300540924072,19.670405933962545,3.17824649810791,3.7767765522003174,False
QA_26456,QA,PNT2,replace,0,vào,vô,1,1,False,none,Connectives/Aspect markers,,,1.2291674613952637,58.05236172408527,3.17824649810791,4.407413959503174,True
QA_26456,QA,PNT2,replace,1,làm gì,mần chi,2,2,True,dialect_phrase,Interrogatives,làm gì,HaTinh_QB_QT; NgheAn,1.2291674613952637,58.05236172408527,3.17824649810791,4.407413959503174,True
QA_26456,QA,PNT3,replace,0,vào,vô,1,1,False,none,Connectives/Aspect markers,,,1.2709827423095703,61.55634717055119,3.17824649810791,4.4492292404174805,True
QA_26456,QA,PNT3,replace,1,làm gì,mần cấy chi,2,3,True,standard_word,Interrogatives,mần chi,HaTinh_QB_QT; Hue,1.2709827423095703,61.55634717055119,3.17824649810791,4.4492292404174805,True
QA_26456,QA,PNT4,replace,0,gì,chi,1,1,True,dialect_phrase,Interrogatives,gì,QuangNam,0.4485650062561035,13.588136494430838,3.17824649810791,3.6268115043640137,True
QA_26462,QA,PNN,replace,0,bà,bả,1,1,True,dialect_phrase,Pronouns,bà ấy,NamBo,0.2397079467773437,34.00001654107659,4.8324480056762695,5.072155952453613,True
QA_26462,QA,PNT1,replace,0,thuẫn,thuẩn,1,1,False,none,Orthographic variant,,,0.3285808563232422,48.825885726908936,4.8324480056762695,5.161028861999512,False
QA_26462,QA,PNT2,replace,0,vào,vô,1,1,False,none,Connectives/Aspect markers,,,1.1344218254089355,264.7642545662918,4.8324480056762695,5.966869831085205,True
QA_26462,QA,PNT2,replace,1,nào,mô,1,1,True,dialect_phrase,Interrogatives; Negation/Function words,đâu (phủ định); đâu / nào,HaTinh_QB_QT; NgheAn,1.1344218254089355,264.7642545662918,4.8324480056762695,5.966869831085205,False
QA_26462,QA,PNT3,delete,0,vào,,1,0,False,none,Unknown,,,0.7713284492492676,145.93173807107604,4.8324480056762695,5.603776454925537,False
QA_26462,QA,PNT3,replace,1,nào,mô,1,1,True,dialect_phrase,Interrogatives; Negation/Function words,đâu (phủ định); đâu / nào,HaTinh_QB_QT; Hue,0.7713284492492676,145.93173807107604,4.8324480056762695,5.603776454925537,False
QA_26462,QA,PNT3,replace,2,bà đã tuyên bố,lạo xưng,4,2,False,none,Kinship/Honorific terms,,,0.7713284492492676,145.93173807107604,4.8324480056762695,5.603776454925537,True
QA_26462,QA,PNT3,insert,3,,rứa,0,1,False,none,Unknown,,,0.7713284492492676,145.93173807107604,4.8324480056762695,5.603776454925537,False
QA_26558,QA,PNB,delete,0,đã,,1,0,False,none,Unknown,,,-0.166105031967163,-7.781687240066169,3.9288113117218018,3.7627062797546382,False
QA_26558,QA,PNB,replace,1,trở thành,là,2,1,False,none,Predicate vocabulary,,,-0.166105031967163,-7.781687240066169,3.9288113117218018,3.7627062797546382,True
QA_26558,QA,PNT1,replace,0,nào,mô,1,1,True,dialect_phrase,Negation/Function words,đâu (phủ định),ThanhHoa,1.2215979099273682,121.65556636296478,3.9288113117218018,5.15040922164917,True
QA_26558,QA,PNT2,replace,0,vào,vô,1,1,False,none,Connectives/Aspect markers,,,1.8789288997650144,282.01956710978175,3.9288113117218018,5.807740211486816,True
QA_26558,QA,PNT2,replace,1,nào,mô,1,1,True,dialect_phrase,Interrogatives; Negation/Function words,đâu (phủ định); đâu / nào,HaTinh_QB_QT; NgheAn,1.8789288997650144,282.01956710978175,3.9288113117218018,5.807740211486816,False
QA_26558,QA,PNT3,replace,0,nào,mô,1,1,True,dialect_phrase,Interrogatives; Negation/Function words,đâu (phủ định); đâu / nào,HaTinh_QB_QT; Hue,1.3828651905059814,151.84325243204503,3.9288113117218018,5.311676502227783,False
QA_26558,QA,PNT3,delete,1,đã,,1,0,True,standard_word,Connectives/Aspect markers,đạ,HaTinh_QB_QT,1.3828651905059814,151.84325243204503,3.9288113117218018,5.311676502227783,False
QA_26558,QA,PNT4,replace,0,nào,mô,1,1,True,dialect_phrase,Interrogatives,đâu / nào,QuangNam,1.2215979099273682,121.65556636296478,3.9288113117218018,5.15040922164917,True
QA_26719,QA,PNN,replace,0,và,với,1,1,False,none,Connectives/Aspect markers,,,0.1099100112915039,10.546112450501523,4.508392333984375,4.618302345275879,True
QA_26719,QA,PNN,replace,1,thì như thế nào,ra sao,4,2,False,none,Interrogatives,,,0.1099100112915039,10.546112450501523,4.508392333984375,4.618302345275879,True
QA_26719,QA,PNT2,replace,0,và,với,1,1,False,none,Connectives/Aspect markers,,,0.6382436752319336,81.07664290658448,4.508392333984375,5.146636009216309,True
QA_26719,QA,PNT2,replace,1,thế nào,răng,2,1,True,dialect_phrase,Interrogatives,sao / thế nào,HaTinh_QB_QT; NgheAn,0.6382436752319336,81.07664290658448,4.508392333984375,5.146636009216309,True
QA_26719,QA,PNT3,replace,0,và,với,1,1,False,none,Connectives/Aspect markers,,,0.6438150405883789,82.03676757211952,4.508392333984375,5.152207374572754,True
QA_26719,QA,PNT3,replace,1,thế nào,răng,2,1,True,dialect_phrase,Interrogatives,sao / thế nào,HaTinh_QB_QT; Hue,0.6438150405883789,82.03676757211952,4.508392333984375,5.152207374572754,True
QA_26719,QA,PNT4,replace,0,thế nào,ren,2,1,True,dialect_phrase,Interrogatives,sao / thế nào,QuangNam,0.8441953659057617,120.3782306535088,4.508392333984375,5.352587699890137,True
QA_26901,QA,PNB,delete,0,một,,1,0,False,none,Unknown,,,-0.4434430599212646,-10.963735529818234,3.4213204383850098,2.977877378463745,False
QA_26901,QA,PNB,insert,1,,biểu,0,1,False,none,Unknown,,,-0.4434430599212646,-10.963735529818234,3.4213204383850098,2.977877378463745,False
QA_26901,QA,PNN,replace,0,các quốc gia,mấy nước,3,2,False,none,Negation/Function words,,,1.220489501953125,73.12211966521132,3.4213204383850098,4.641809940338135,True
QA_26901,QA,PNN,delete,1,bày,,1,0,False,none,Unknown,,,1.220489501953125,73.12211966521132,3.4213204383850098,4.641809940338135,False
QA_26901,QA,PNN,delete,2,một,,1,0,False,none,Unknown,,,1.220489501953125,73.12211966521132,3.4213204383850098,4.641809940338135,False
QA_26901,QA,PNN,replace,3,như thế nào,ra sao,3,2,False,none,Interrogatives,,,1.220489501953125,73.12211966521132,3.4213204383850098,4.641809940338135,True
QA_26901,QA,PNT2,replace,0,như thế nào,ơ răng,3,2,False,none,Interrogatives,,,1.1195039749145508,63.15826519715595,3.4213204383850098,4.5408244132995605,True
QA_26901,QA,PNT3,replace,0,đã,đạ,1,1,True,dialect_phrase,Connectives/Aspect markers,đã,HaTinh_QB_QT,3.0851693153381348,638.8624689247932,3.4213204383850098,6.5064897537231445,True
QA_26901,QA,PNT3,replace,1,một,kì,1,1,True,dialect_phrase,Negation/Function words,cái,HaTinh_QB_QT,3.0851693153381348,638.8624689247932,3.4213204383850098,6.5064897537231445,True
QA_26901,QA,PNT3,replace,2,thế nào,răng,2,1,True,dialect_phrase,Interrogatives,sao / thế nào,HaTinh_QB_QT; Hue,3.0851693153381348,638.8624689247932,3.4213204383850098,6.5064897537231445,True
QA_26901,QA,PNT4,replace,0,như thế nào,ra ren,3,2,False,none,Interrogatives,,,1.0874061584472656,60.19630535338369,3.4213204383850098,4.508726596832275,True
QA_27000,QA,PNB,replace,0,cha,bố,1,1,True,dialect_phrase,Kinship/Honorific terms,bố,BacBo,0.1137990951538086,16.72218094193991,4.932617664337158,5.046416759490967,True
QA_27000,QA,PNN,replace,0,cha,ba,1,1,False,none,Kinship/Honorific terms,,,0.2318487167358398,36.201862219331616,4.932617664337158,5.164466381072998,True
QA_27000,QA,PNN,replace,1,thế,như,1,1,True,standard_word,Demonstratives/Deixis,vậy,NamBo,0.2318487167358398,36.201862219331616,4.932617664337158,5.164466381072998,True
QA_27000,QA,PNT1,replace,0,thế nào,như răng,2,2,False,none,Interrogatives,,,0.5776214599609375,108.46801600598424,4.932617664337158,5.510239124298096,True
QA_27000,QA,PNT2,replace,0,trái,ngược lại,1,2,False,none,Predicate vocabulary,,,0.292539119720459,47.14809491080083,4.932617664337158,5.225156784057617,True
QA_27000,QA,PNT2,replace,1,thế nào,như răng,2,2,True,standard_word,Interrogatives,răng,HaTinh_QB_QT; NgheAn,0.292539119720459,47.14809491080083,4.932617664337158,5.225156784057617,True
QA_27000,QA,PNT3,replace,0,thế nào,như răng,2,2,True,standard_word,Interrogatives,chi; răng,HaTinh_QB_QT; Hue,0.5776214599609375,108.46801600598424,4.932617664337158,5.510239124298096,True
QA_27000,QA,PNT4,replace,0,trái,ngược,1,1,False,none,Predicate vocabulary,,,0.61138916015625,116.9582786519776,4.932617664337158,5.544006824493408,True
QA_27000,QA,PNT4,replace,1,thế nào,ra ren,2,2,True,standard_word,Interrogatives,ren; sao; sô,PhuYen; QuangNam; QuangNgai,0.61138916015625,116.9582786519776,4.932617664337158,5.544006824493408,True
QA_27033,QA,PNN,replace,0,các,mấy,1,1,False,none,Negation/Function words,,,0.3443670272827148,36.77589875128547,4.493770122528076,4.838137149810791,True
QA_27033,QA,PNN,replace,1,như thế nào,ra sao,3,2,False,none,Interrogatives,,,0.3443670272827148,36.77589875128547,4.493770122528076,4.838137149810791,True
QA_27033,QA,PNN,replace,2,việc,vụ,1,1,False,none,Predicate vocabulary,,,0.3443670272827148,36.77589875128547,4.493770122528076,4.838137149810791,True
QA_27033,QA,PNT1,replace,0,nói,nuối,1,1,False,none,Orthographic variant,,,0.3287692070007324,34.822200184915374,4.493770122528076,4.822539329528809,False
QA_27033,QA,PNT2,replace,0,như thế nào,à răng,3,2,False,none,Interrogatives,,,1.1796517372131348,201.57061302767636,4.493770122528076,5.673421859741211,True
QA_27033,QA,PNT3,replace,0,chuyên,hay,1,1,False,none,Predicate vocabulary,,,0.9941754341125488,152.30193522568166,4.493770122528076,5.487945556640625,True
QA_27033,QA,PNT3,replace,1,như thế nào,chi,3,1,True,dialect_phrase,Interrogatives,gì; sao / thế nào,HaTinh_QB_QT; Hue,0.9941754341125488,152.30193522568166,4.493770122528076,5.487945556640625,True
QA_27033,QA,PNT3,replace,2,việc,chuyện,1,1,False,none,Predicate vocabulary,,,0.9941754341125488,152.30193522568166,4.493770122528076,5.487945556640625,True
QA_27033,QA,PNT4,replace,0,thế nào,răn,2,1,True,standard_word,Interrogatives,ren; sao; sô,PhuYen; QuangNam; QuangNgai,0.8670005798339844,123.43087843739636,4.493770122528076,5.3607707023620605,True
QA_27033,QA,PNT4,replace,1,thân,cơ,1,1,False,none,Predicate vocabulary,,,0.8670005798339844,123.43087843739636,4.493770122528076,5.3607707023620605,True
QA_2707,QA,PNN,replace,0,vào,vô,1,1,False,none,Connectives/Aspect markers,,,0.8494791984558105,10.20780437373316,2.031656265258789,2.8811354637145996,True
QA_2707,QA,PNT2,replace,0,nào,mô,1,1,True,dialect_phrase,Interrogatives; Negation/Function words,đâu (phủ định); đâu / nào,HaTinh_QB_QT; NgheAn,1.6173601150512695,30.810132461311085,2.031656265258789,3.6490163803100586,False
QA_2707,QA,PNT2,replace,1,vào,vô,1,1,False,none,Connectives/Aspect markers,,,1.6173601150512695,30.810132461311085,2.031656265258789,3.6490163803100586,True
QA_2707,QA,PNT3,replace,0,nào,mô,1,1,True,dialect_phrase,Interrogatives; Negation/Function words,đâu (phủ định); đâu / nào,HaTinh_QB_QT; Hue,1.6173601150512695,30.810132461311085,2.031656265258789,3.6490163803100586,False
QA_2707,QA,PNT3,replace,1,vào,vô,1,1,False,none,Connectives/Aspect markers,,,1.6173601150512695,30.810132461311085,2.031656265258789,3.6490163803100586,True
QA_27538,QA,PNN,replace,0,như thế nào,ra sao,3,2,False,none,Interrogatives,,,0.3338992595672607,17.30246612598239,3.776174306869507,4.110073566436768,True
QA_27538,QA,PNN,replace,1,việc,cái vụ,1,2,False,none,Predicate vocabulary,,,0.3338992595672607,17.30246612598239,3.776174306869507,4.110073566436768,True
QA_27538,QA,PNT2,replace,0,như thế nào,a răng,3,2,False,none,Interrogatives,,,1.1539433002471924,94.74705247103768,3.776174306869507,4.930117607116699,True
QA_27538,QA,PNT3,replace,0,thế nào,răng,2,1,True,dialect_phrase,Interrogatives,sao / thế nào,HaTinh_QB_QT; Hue,1.1406548023223877,92.92014564052296,3.776174306869507,4.9168291091918945,True
QA_27538,QA,PNT4,replace,0,như thế nào,ra ren,3,2,False,none,Interrogatives,,,0.934546709060669,67.48352391360834,3.776174306869507,4.710721015930176,True
QA_3137,QA,PNN,replace,0,không,hông,1,1,True,dialect_phrase,Negation/Function words,không,NamBo,0.4696266651153564,22.200105634160373,3.611928224563598,4.081554889678955,True
QA_3137,QA,PNT1,replace,0,nào,mô,1,1,True,dialect_phrase,Negation/Function words,đâu (phủ định),ThanhHoa,1.558109998703003,138.88416122142056,3.611928224563598,5.170038223266602,True
QA_3137,QA,PNT2,replace,0,nào,mô,1,1,True,dialect_phrase,Interrogatives; Negation/Function words,đâu (phủ định); đâu / nào,HaTinh_QB_QT; NgheAn,2.9281156063079834,655.2795217947066,3.611928224563598,6.540043830871582,False
QA_3137,QA,PNT2,replace,1,không thể,nỏ,2,1,True,dialect_phrase,Negation/Function words,không,HaTinh_QB_QT; NgheAn,2.9281156063079834,655.2795217947066,3.611928224563598,6.540043830871582,True
QA_3137,QA,PNT2,replace,2,khu vực,mấy đoạn,2,2,False,none,Predicate vocabulary,,,2.9281156063079834,655.2795217947066,3.611928224563598,6.540043830871582,True
QA_3137,QA,PNT3,replace,0,vào,vô,1,1,False,none,Connectives/Aspect markers,,,1.7043569087982178,166.58863122549232,3.611928224563598,5.316285133361816,True
QA_3137,QA,PNT3,replace,1,nào thì,mô là,2,2,False,none,Interrogatives,,,1.7043569087982178,166.58863122549232,3.611928224563598,5.316285133361816,True
QA_3137,QA,PNT4,replace,0,nào,mô,1,1,True,dialect_phrase,Interrogatives,đâu / nào,QuangNam,1.558109998703003,138.88416122142056,3.611928224563598,5.170038223266602,True
QA_3368,QA,PNN,replace,0,rơi vào,lọt vô,2,2,False,none,Predicate vocabulary,,,0.7777040004730225,26.806800677368404,3.1261377334594727,3.903841733932495,True
QA_3368,QA,PNN,replace,1,vào,hồi,1,1,False,none,Connectives/Aspect markers,,,0.7777040004730225,26.806800677368404,3.1261377334594727,3.903841733932495,True
QA_3368,QA,PNT2,replace,0,nào,mô,1,1,True,dialect_phrase,Interrogatives; Negation/Function words,đâu (phủ định); đâu / nào,HaTinh_QB_QT; NgheAn,1.5204830169677734,81.44635875840328,3.1261377334594727,4.646620750427246,False
QA_3368,QA,PNT2,replace,1,vào,vô,1,1,False,none,Connectives/Aspect markers,,,1.5204830169677734,81.44635875840328,3.1261377334594727,4.646620750427246,True
QA_3368,QA,PNT3,replace,0,nào,mô,1,1,True,dialect_phrase,Interrogatives; Negation/Function words,đâu (phủ định); đâu / nào,HaTinh_QB_QT; Hue,2.3894710540771484,225.7554354846878,3.1261377334594727,5.515608787536621,False
QA_3368,QA,PNT3,replace,1,vào,vô,1,1,False,none,Connectives/Aspect markers,,,2.3894710540771484,225.7554354846878,3.1261377334594727,5.515608787536621,True
QA_3368,QA,PNT3,replace,2,vào,vô,1,1,False,none,Connectives/Aspect markers,,,2.3894710540771484,225.7554354846878,3.1261377334594727,5.515608787536621,True
QA_3410,QA,PNB,replace,0,vị,vi,1,1,False,none,Noise/Non-linguistic,,,-0.8034021854400635,-55.78272997000154,4.615314483642578,3.811912298202514,False
QA_3410,QA,PNB,replace,1,nữa,nửa,1,1,False,none,Orthographic variant,,,-0.8034021854400635,-55.78272997000154,4.615314483642578,3.811912298202514,False
QA_3410,QA,PNN,replace,0,đến nơi nào,tới đâu,3,2,False,none,Interrogatives,,,-0.011932373046875,-1.198240320820375,4.615314483642578,4.603382110595703,True
QA_3410,QA,PNT2,replace,0,đã,đạ,1,1,True,dialect_phrase,Connectives/Aspect markers,đã,HaTinh_QB_QT,0.4841690063476562,62.917617671265106,4.615314483642578,5.099483489990234,True
QA_3410,QA,PNT2,replace,1,nơi nào,mô,2,1,True,dialect_phrase,Interrogatives; Negation/Function words,đâu (phủ định); đâu / nào,HaTinh_QB_QT; NgheAn,0.4841690063476562,62.917617671265106,4.615314483642578,5.099483489990234,False
QA_3410,QA,PNT2,replace,2,nữa,nửa,1,1,False,none,Orthographic variant,,,0.4841690063476562,62.917617671265106,4.615314483642578,5.099483489990234,False
QA_3410,QA,PNT3,replace,0,nơi nào,từng mô,2,2,False,none,Interrogatives,,,0.5790696144104004,79.23749536262807,4.615314483642578,5.1943840980529785,True
QA_3410,QA,PNT4,replace,0,nào,mô,1,1,True,dialect_phrase,Interrogatives,đâu / nào,QuangNam,0.6123566627502441,85.33870402678755,4.615314483642578,5.227671146392822,True
QA_3982,QA,PNN,replace,0,khi không,lúc hông,2,2,False,none,Negation/Function words,,,0.6086459159851074,43.77185466048133,3.955798625946045,4.564444541931152,True
QA_3982,QA,PNN,insert,1,,thì,0,1,False,none,Unknown,,,0.6086459159851074,43.77185466048133,3.955798625946045,4.564444541931152,False
QA_3982,QA,PNN,replace,2,sử dụng vào,xài vô,3,2,False,none,Predicate vocabulary,,,0.6086459159851074,43.77185466048133,3.955798625946045,4.564444541931152,True
QA_3982,QA,PNT2,replace,0,không,nỏ,1,1,True,dialect_phrase,Negation/Function words,không,HaTinh_QB_QT; NgheAn,0.6623959541320801,49.07356266485558,3.955798625946045,4.618194580078125,True
QA_3982,QA,PNT2,replace,1,vào,vô,1,1,False,none,Connectives/Aspect markers,,,0.6623959541320801,49.07356266485558,3.955798625946045,4.618194580078125,True
QA_3982,QA,PNT2,replace,2,gì,chi,1,1,True,dialect_phrase,Interrogatives,gì,HaTinh_QB_QT; NgheAn,0.6623959541320801,49.07356266485558,3.955798625946045,4.618194580078125,True
QA_3982,QA,PNT3,replace,0,không,nọ,1,1,True,standard_word,Negation/Function words,nỏ,HaTinh_QB_QT,0.9068403244018556,77.12774480233375,3.955798625946045,4.8626389503479,True
QA_3982,QA,PNT3,replace,1,đã,đạ,1,1,True,dialect_phrase,Connectives/Aspect markers,đã,HaTinh_QB_QT,0.9068403244018556,77.12774480233375,3.955798625946045,4.8626389503479,True
QA_3982,QA,PNT3,replace,2,vào,vô,1,1,False,none,Connectives/Aspect markers,,,0.9068403244018556,77.12774480233375,3.955798625946045,4.8626389503479,True
QA_3982,QA,PNT3,replace,3,gì,chi rứa,1,2,True,standard_word,Interrogatives,chi,HaTinh_QB_QT; Hue,0.9068403244018556,77.12774480233375,3.955798625946045,4.8626389503479,True
QA_3982,QA,PNT4,replace,0,gì,chi,1,1,True,dialect_phrase,Interrogatives,gì,QuangNam,0.256838321685791,15.296994436227486,3.955798625946045,4.212636947631836,True
QA_4111,QA,PNN,replace,0,khi,lúc,1,1,False,none,Connectives/Aspect markers,,,0.5185105800628662,12.435114031941062,2.906886577606201,3.4253971576690674,True
QA_4111,QA,PNN,replace,1,vào,hồi,1,1,False,none,Connectives/Aspect markers,,,0.5185105800628662,12.435114031941062,2.906886577606201,3.4253971576690674,True
QA_4111,QA,PNN,delete,2,thế,,1,0,True,standard_word,Demonstratives/Deixis,vậy,NamBo,0.5185105800628662,12.435114031941062,2.906886577606201,3.4253971576690674,False
QA_4111,QA,PNT1,replace,0,thế nào,răng,2,1,False,none,Interrogatives,,,0.8034839630126953,22.56921234980688,2.906886577606201,3.710370540618897,True
QA_4111,QA,PNT2,replace,0,vào,vô,1,1,False,none,Connectives/Aspect markers,,,1.5335369110107422,66.51111552267614,2.906886577606201,4.440423488616943,True
QA_4111,QA,PNT2,replace,1,như thế nào,a răng,3,2,False,none,Interrogatives,,,1.5335369110107422,66.51111552267614,2.906886577606201,4.440423488616943,True
QA_4111,QA,PNT3,replace,0,vào,vô,1,1,False,none,Connectives/Aspect markers,,,1.5177106857299805,65.1794453476157,2.906886577606201,4.424597263336182,True
QA_4111,QA,PNT3,replace,1,thế nào,răng,2,1,True,dialect_phrase,Interrogatives,sao / thế nào,HaTinh_QB_QT; Hue,1.5177106857299805,65.1794453476157,2.906886577606201,4.424597263336182,True
QA_4111,QA,PNT4,replace,0,thế nào,ren,2,1,True,dialect_phrase,Interrogatives,sao / thế nào,QuangNam,0.8038208484649658,22.58298282301668,2.906886577606201,3.710707426071167,True
QA_4230,QA,PNN,replace,0,khi,lúc,1,1,False,none,Connectives/Aspect markers,,,0.9681589603424072,54.25228709950339,3.5031697750091553,4.4713287353515625,True
QA_4230,QA,PNN,replace,1,không,hông,1,1,True,dialect_phrase,Negation/Function words,không,NamBo,0.9681589603424072,54.25228709950339,3.5031697750091553,4.4713287353515625,True
QA_4230,QA,PNN,replace,2,các,mấy,1,1,False,none,Negation/Function words,,,0.9681589603424072,54.25228709950339,3.5031697750091553,4.4713287353515625,True
QA_4230,QA,PNT1,replace,0,có,cúa,1,1,False,none,Orthographic variant,,,0.2364587783813476,8.86176888314803,3.5031697750091553,3.739628553390503,False
QA_4230,QA,PNT2,replace,0,gì,chi,1,1,True,dialect_phrase,Interrogatives,gì,HaTinh_QB_QT; NgheAn,0.4221861362457275,17.4505222380189,3.5031697750091553,3.925355911254883,True
QA_4230,QA,PNT3,replace,0,không,khung,1,1,True,standard_word,Negation/Function words,nỏ,HaTinh_QB_QT,0.9499123096466064,52.67067357631024,3.5031697750091553,4.453082084655762,True
QA_4230,QA,PNT3,replace,1,làm gì,mần cấy chi,2,3,True,standard_word,Interrogatives,mần chi,HaTinh_QB_QT; Hue,0.9499123096466064,52.67067357631024,3.5031697750091553,4.453082084655762,True
QA_4230,QA,PNT4,replace,0,phủ quyết,bác bỏ,2,2,False,none,Predicate vocabulary,,,0.3086442947387695,12.011832218194726,3.5031697750091553,3.811814069747925,True
QA_4230,QA,PNT4,replace,1,gì,chi,1,1,True,dialect_phrase,Interrogatives,gì,QuangNam,0.3086442947387695,12.011832218194726,3.5031697750091553,3.811814069747925,True
QA_4380,QA,PNN,replace,0,việc,vụ,1,1,False,none,Predicate vocabulary,,,0.785620927810669,23.42347686670388,2.97662353515625,3.762244462966919,True
QA_4380,QA,PNN,replace,1,vào,vô,1,1,False,none,Connectives/Aspect markers,,,0.785620927810669,23.42347686670388,2.97662353515625,3.762244462966919,True
QA_4380,QA,PNN,replace,2,như thế nào,ra sao,3,2,False,none,Interrogatives,,,0.785620927810669,23.42347686670388,2.97662353515625,3.762244462966919,True
QA_4380,QA,PNT2,replace,0,vào,vô,1,1,False,none,Connectives/Aspect markers,,,2.131208896636963,145.69018846403668,2.97662353515625,5.107832431793213,True
QA_4380,QA,PNT2,replace,1,đã,đạ,1,1,True,dialect_phrase,Connectives/Aspect markers,đã,HaTinh_QB_QT,2.131208896636963,145.69018846403668,2.97662353515625,5.107832431793213,True
QA_4380,QA,PNT2,replace,2,như thế nào,chi,3,1,True,dialect_phrase,Interrogatives,gì,HaTinh_QB_QT; NgheAn,2.131208896636963,145.69018846403668,2.97662353515625,5.107832431793213,True
QA_4380,QA,PNT3,replace,0,vào,vô,1,1,False,none,Connectives/Aspect markers,,,1.6970291137695312,87.46673094303476,2.97662353515625,4.673652648925781,True
QA_4380,QA,PNT3,replace,1,như thế nào đối với,chi tới,5,2,False,none,Interrogatives,,,1.6970291137695312,87.46673094303476,2.97662353515625,4.673652648925781,True
QA_4380,QA,PNT4,replace,0,thế nào,răn,2,1,True,standard_word,Interrogatives,ren; sao; sô,PhuYen; QuangNam; QuangNgai,1.144613265991211,42.013972384763626,2.97662353515625,4.121236801147461,True
QA_4814,QA,PNN,replace,0,việc,chuyện,1,1,False,none,Predicate vocabulary,,,0.671405553817749,29.641756283841698,3.43315052986145,4.104556083679199,True
QA_4814,QA,PNN,replace,1,không,hông,1,1,True,dialect_phrase,Negation/Function words,không,NamBo,0.671405553817749,29.641756283841698,3.43315052986145,4.104556083679199,True
QA_4814,QA,PNN,insert,2,,cái,0,1,True,dialect_phrase,Negation/Function words,cái,NamBo,0.671405553817749,29.641756283841698,3.43315052986145,4.104556083679199,False
QA_4814,QA,PNT2,replace,0,nào,mô,1,1,True,dialect_phrase,Interrogatives; Negation/Function words,đâu (phủ định); đâu / nào,HaTinh_QB_QT; NgheAn,1.624330759048462,126.22001685845638,3.43315052986145,5.057481288909912,False
QA_4814,QA,PNT2,replace,1,không,nỏ,1,1,True,dialect_phrase,Negation/Function words,không,HaTinh_QB_QT; NgheAn,1.624330759048462,126.22001685845638,3.43315052986145,5.057481288909912,True
QA_4814,QA,PNT2,replace,2,nó,hấn,1,1,True,standard_word,Pronouns,hắn; nghị,HaTinh_QB_QT,1.624330759048462,126.22001685845638,3.43315052986145,5.057481288909912,True
QA_4814,QA,PNT3,replace,0,nào,mô,1,1,True,dialect_phrase,Interrogatives; Negation/Function words,đâu (phủ định); đâu / nào,HaTinh_QB_QT; Hue,1.0870559215545654,60.88048559063314,3.43315052986145,4.520206451416016,False
QA_4814,QA,PNT3,replace,1,nó,hắn,1,1,True,dialect_phrase,Pronouns,nó,HaTinh_QB_QT; Hue,1.0870559215545654,60.88048559063314,3.43315052986145,4.520206451416016,True
QA_4814,QA,PNT4,replace,0,nào,mô,1,1,True,dialect_phrase,Interrogatives,đâu / nào,QuangNam,0.8476860523223877,41.32682642486981,3.43315052986145,4.280836582183838,True
QA_4833,QA,PNN,delete,0,thế,,1,0,True,standard_word,Demonstratives/Deixis,vậy,NamBo,0.3764703273773193,18.394742978886597,3.694847345352173,4.071317672729492,False
QA_4833,QA,PNT1,replace,0,thế nào,răng,2,1,False,none,Interrogatives,,,0.9555323123931884,64.38527023216318,3.694847345352173,4.650379657745361,True
QA_4833,QA,PNT2,replace,0,nó như thế nào,răng,4,1,True,dialect_phrase,Interrogatives,sao / thế nào,HaTinh_QB_QT; NgheAn,1.0240929126739502,71.81001684235841,3.694847345352173,4.718940258026123,True
QA_4833,QA,PNT3,replace,0,người ta,họ,2,1,False,none,Pronouns,,,1.56579327583313,152.3654091403861,3.694847345352173,5.260640621185303,True
QA_4833,QA,PNT3,replace,1,nó,hắn,1,1,True,dialect_phrase,Pronouns,nó,HaTinh_QB_QT; Hue,1.56579327583313,152.3654091403861,3.694847345352173,5.260640621185303,True
QA_4833,QA,PNT3,replace,2,thế nào,răng,2,1,True,dialect_phrase,Interrogatives,sao / thế nào,HaTinh_QB_QT; Hue,1.56579327583313,152.3654091403861,3.694847345352173,5.260640621185303,True
QA_4833,QA,PNT4,replace,0,thế nào,ren,2,1,True,dialect_phrase,Interrogatives,sao / thế nào,QuangNam,1.0558345317840576,75.42369630188304,3.694847345352173,4.7506818771362305,True
QA_4887,QA,PNB,replace,0,tại,ở,1,1,False,none,Predicate vocabulary,,,0.0889239311218261,3.665446023016372,3.6741325855255127,3.763056516647339,True
QA_4887,QA,PNN,replace,0,tại,ở,1,1,False,none,Predicate vocabulary,,,0.7199413776397705,41.55516183064512,3.6741325855255127,4.394073963165283,True
QA_4887,QA,PNN,replace,1,vào,vô,1,1,False,none,Connectives/Aspect markers,,,0.7199413776397705,41.55516183064512,3.6741325855255127,4.394073963165283,True
QA_4887,QA,PNT1,replace,0,cho,chua,1,1,False,none,Predicate vocabulary,,,0.5393502712249756,28.17708863370345,3.6741325855255127,4.213482856750488,True
QA_4887,QA,PNT2,replace,0,tại,lộ,1,1,False,none,Noise/Non-linguistic,,,1.642854928970337,164.35465162183806,3.6741325855255127,5.31698751449585,False
QA_4887,QA,PNT2,replace,1,vào,vô,1,1,False,none,Connectives/Aspect markers,,,1.642854928970337,164.35465162183806,3.6741325855255127,5.31698751449585,True
QA_4887,QA,PNT2,replace,2,nào,mô,1,1,True,dialect_phrase,Interrogatives; Negation/Function words,đâu (phủ định); đâu / nào,HaTinh_QB_QT; NgheAn,1.642854928970337,164.35465162183806,3.6741325855255127,5.31698751449585,False
QA_4887,QA,PNT3,replace,0,vào,vô,1,1,False,none,Connectives/Aspect markers,,,1.0217111110687256,70.07669363368238,3.6741325855255127,4.695843696594238,True
QA_4887,QA,PNT3,replace,1,nào,mô,1,1,True,dialect_phrase,Interrogatives; Negation/Function words,đâu (phủ định); đâu / nào,HaTinh_QB_QT; Hue,1.0217111110687256,70.07669363368238,3.6741325855255127,4.695843696594238,False
QA_4887,QA,PNT4,replace,0,nào,mô,1,1,True,dialect_phrase,Interrogatives,đâu / nào,QuangNam,0.4704186916351318,23.6748525790238,3.6741325855255127,4.1445512771606445,True
QA_5051,QA,PNT2,replace,0,vào,vô,1,1,False,none,Connectives/Aspect markers,,,1.081299066543579,81.17954797719506,3.729599714279175,4.810898780822754,True
QA_5051,QA,PNT2,replace,1,nào,mô,1,1,True,dialect_phrase,Interrogatives; Negation/Function words,đâu (phủ định); đâu / nào,HaTinh_QB_QT; NgheAn,1.081299066543579,81.17954797719506,3.729599714279175,4.810898780822754,False
QA_5051,QA,PNT3,replace,0,vào,ở,1,1,False,none,Predicate vocabulary,,,1.0178401470184326,73.6263232407417,3.729599714279175,4.747439861297607,True
QA_5051,QA,PNT3,replace,1,nào,mô,1,1,True,dialect_phrase,Interrogatives; Negation/Function words,đâu (phủ định); đâu / nào,HaTinh_QB_QT; Hue,1.0178401470184326,73.6263232407417,3.729599714279175,4.747439861297607,False
QA_5051,QA,PNT3,delete,2,đã,,1,0,True,standard_word,Connectives/Aspect markers,đạ,HaTinh_QB_QT,1.0178401470184326,73.6263232407417,3.729599714279175,4.747439861297607,False
QA_5750,QA,PNN,replace,0,mẹ,má,1,1,False,none,Kinship/Honorific terms,,,0.9705770015716552,48.39128226596898,3.384948492050171,4.355525493621826,True
QA_5750,QA,PNN,replace,1,thế nào khi,ra sao lúc,3,3,False,none,Predicate vocabulary,,,0.9705770015716552,48.39128226596898,3.384948492050171,4.355525493621826,True
QA_5750,QA,PNN,replace,2,không,hông,1,1,True,dialect_phrase,Negation/Function words,không,NamBo,0.9705770015716552,48.39128226596898,3.384948492050171,4.355525493621826,True
QA_5750,QA,PNT2,replace,0,thế nào,a răng,2,2,True,standard_word,Interrogatives,răng,HaTinh_QB_QT; NgheAn,1.0492866039276123,54.771155934664165,3.384948492050171,4.434235095977783,True
QA_5750,QA,PNT3,replace,0,thế nào,ra răng,2,2,True,standard_word,Interrogatives,chi; răng,HaTinh_QB_QT; Hue,1.5302035808563232,106.82356950852954,3.384948492050171,4.915152072906494,True
QA_5750,QA,PNT3,replace,1,không,nỏ,1,1,True,dialect_phrase,Negation/Function words,không,HaTinh_QB_QT,1.5302035808563232,106.82356950852954,3.384948492050171,4.915152072906494,True
QA_5750,QA,PNT3,replace,2,mình,miềng,1,1,False,none,Pronouns,,,1.5302035808563232,106.82356950852954,3.384948492050171,4.915152072906494,True
QA_5750,QA,PNT4,replace,0,thế nào,như răn,2,2,True,standard_word,Interrogatives,ren; sao; sô,PhuYen; QuangNam; QuangNgai,0.7854359149932861,35.22386162106834,3.384948492050171,4.170384407043457,True
QA_6624,QA,PNT1,replace,0,gì,chi,1,1,False,none,Interrogatives,,,0.9018747806549072,39.07890258591563,3.2842609882354736,4.186135768890381,True
QA_6624,QA,PNT2,replace,0,đã,đạ,1,1,True,dialect_phrase,Connectives/Aspect markers,đã,HaTinh_QB_QT,2.5564053058624268,317.319221784764,3.2842609882354736,5.8406662940979,True
QA_6624,QA,PNT2,replace,1,làm gì,mần chi,2,2,True,dialect_phrase,Interrogatives,làm gì,HaTinh_QB_QT; NgheAn,2.5564053058624268,317.319221784764,3.2842609882354736,5.8406662940979,True
QA_6624,QA,PNT3,replace,0,gì,chi,1,1,True,dialect_phrase,Interrogatives,gì; sao / thế nào,HaTinh_QB_QT; Hue,1.1515333652496338,57.729903559844175,3.2842609882354736,4.435794353485107,True
QA_6624,QA,PNT4,replace,0,gì,chi,1,1,True,dialect_phrase,Interrogatives,gì,QuangNam,1.1515333652496338,57.729903559844175,3.2842609882354736,4.435794353485107,True
QA_6664,QA,PNB,replace,0,đã,từng,1,1,False,none,Connectives/Aspect markers,,,0.15248703956604,3.579036103419927,3.078557014465332,3.231044054031372,True
QA_6664,QA,PNB,replace,1,với,bằng,1,1,False,none,Connectives/Aspect markers,,,0.15248703956604,3.579036103419927,3.078557014465332,3.231044054031372,True
QA_6664,QA,PNN,replace,0,những,mấy,1,1,False,none,Negation/Function words,,,0.4842581748962402,13.535299695621784,3.078557014465332,3.5628151893615723,True
QA_6664,QA,PNN,replace,1,như thế nào,ra sao,3,2,False,none,Interrogatives,,,0.4842581748962402,13.535299695621784,3.078557014465332,3.5628151893615723,True
QA_6664,QA,PNT1,replace,0,con,cuôn,1,1,False,none,Orthographic variant,,,0.6806609630584717,21.187824495517606,3.078557014465332,3.759217977523804,False
QA_6664,QA,PNT2,replace,0,như thế nào,ơ răng,3,2,False,none,Interrogatives,,,0.8556020259857178,29.39211476616246,3.078557014465332,3.93415904045105,True
QA_6664,QA,PNT3,replace,0,đã,đạ,1,1,True,dialect_phrase,Connectives/Aspect markers,đã,HaTinh_QB_QT,2.2253384590148926,179.39171072954576,3.078557014465332,5.303895473480225,True
QA_6664,QA,PNT3,replace,1,đã,đạ,1,1,True,dialect_phrase,Connectives/Aspect markers,đã,HaTinh_QB_QT,2.2253384590148926,179.39171072954576,3.078557014465332,5.303895473480225,True
QA_6664,QA,PNT3,replace,2,đường,đàng,1,1,False,none,Orthographic variant,,,2.2253384590148926,179.39171072954576,3.078557014465332,5.303895473480225,False
QA_6664,QA,PNT3,replace,3,thế nào,răng he,2,2,True,standard_word,Interrogatives,chi; răng,HaTinh_QB_QT; Hue,2.2253384590148926,179.39171072954576,3.078557014465332,5.303895473480225,True
QA_6664,QA,PNT4,replace,0,thế nào,răn,2,1,True,standard_word,Interrogatives,ren; sao; sô,PhuYen; QuangNam; QuangNgai,0.7020683288574219,22.11642239557246,3.078557014465332,3.780625343322754,True
QA_6673,QA,PNN,replace,0,không,hông,1,1,True,dialect_phrase,Negation/Function words,không,NamBo,0.6619668006896973,18.30197614277821,2.9703733921051025,3.6323401927948,True
QA_6673,QA,PNT1,replace,0,làm gì,mần chi,2,2,True,dialect_phrase,Interrogatives,làm gì,ThanhHoa,0.969167947769165,31.89582396211673,2.9703733921051025,3.939541339874267,True
QA_6673,QA,PNT2,replace,0,đã không,đạ nỏ,2,2,False,none,Negation/Function words,,,2.769183397293091,291.42737540026735,2.9703733921051025,5.739556789398193,True
QA_6673,QA,PNT2,replace,1,nào,mô,1,1,True,dialect_phrase,Interrogatives; Negation/Function words,đâu (phủ định); đâu / nào,HaTinh_QB_QT; NgheAn,2.769183397293091,291.42737540026735,2.9703733921051025,5.739556789398193,False
QA_6673,QA,PNT2,replace,2,làm gì,mần cấy chi,2,3,True,standard_word,Interrogatives,mần chi,HaTinh_QB_QT; NgheAn,2.769183397293091,291.42737540026735,2.9703733921051025,5.739556789398193,True
QA_6673,QA,PNT3,replace,0,kỳ,cứ,1,1,False,none,Orthographic variant,,,1.9681289196014404,120.0618748885887,2.9703733921051025,4.938502311706543,False
QA_6673,QA,PNT3,replace,1,nào,mô,1,1,True,dialect_phrase,Interrogatives; Negation/Function words,đâu (phủ định); đâu / nào,HaTinh_QB_QT; Hue,1.9681289196014404,120.0618748885887,2.9703733921051025,4.938502311706543,False
QA_6673,QA,PNT3,replace,2,gì,chi,1,1,True,dialect_phrase,Interrogatives,gì; sao / thế nào,HaTinh_QB_QT; Hue,1.9681289196014404,120.0618748885887,2.9703733921051025,4.938502311706543,True
QA_6673,QA,PNT4,replace,0,nào,mô,1,1,True,dialect_phrase,Interrogatives,đâu / nào,QuangNam,2.03460955619812,129.65534071482938,2.9703733921051025,5.004982948303223,True
QA_6673,QA,PNT4,replace,1,gì,chi,1,1,True,dialect_phrase,Interrogatives,gì,QuangNam,2.03460955619812,129.65534071482938,2.9703733921051025,5.004982948303223,True
QA_6720,QA,PNN,replace,0,các,mấy,1,1,False,none,Negation/Function words,,,0.3690304756164551,21.474968655852017,3.873580932617187,4.242611408233643,True
QA_6720,QA,PNN,replace,1,vào,hồi,1,1,False,none,Connectives/Aspect markers,,,0.3690304756164551,21.474968655852017,3.873580932617187,4.242611408233643,True
QA_6720,QA,PNT2,replace,0,vào,vô,1,1,False,none,Connectives/Aspect markers,,,0.8550057411193848,65.02117956840803,3.873580932617187,4.728586673736572,True
QA_6720,QA,PNT2,replace,1,nào,mô,1,1,True,dialect_phrase,Interrogatives; Negation/Function words,đâu (phủ định); đâu / nào,HaTinh_QB_QT; NgheAn,0.8550057411193848,65.02117956840803,3.873580932617187,4.728586673736572,False
QA_6720,QA,PNT3,replace,0,các,mấy,1,1,False,none,Negation/Function words,,,1.1375751495361328,101.9637662670002,3.873580932617187,5.01115608215332,True
QA_6720,QA,PNT3,replace,1,vào,vô,1,1,False,none,Connectives/Aspect markers,,,1.1375751495361328,101.9637662670002,3.873580932617187,5.01115608215332,True
QA_6720,QA,PNT3,replace,2,nào,mô,1,1,True,dialect_phrase,Interrogatives; Negation/Function words,đâu (phủ định); đâu / nào,HaTinh_QB_QT; Hue,1.1375751495361328,101.9637662670002,3.873580932617187,5.01115608215332,False
QA_6720,QA,PNT4,replace,0,nào,mô,1,1,True,dialect_phrase,Interrogatives,đâu / nào,QuangNam,0.6030993461608887,39.827871533354006,3.873580932617187,4.476680278778076,True
QA_7436,QA,PNT1,replace,0,nào,mô,1,1,True,dialect_phrase,Negation/Function words,đâu (phủ định),ThanhHoa,1.2206833362579346,58.126081913992365,3.1915290355682373,4.412212371826172,True
QA_7436,QA,PNT2,replace,0,vào,vô,1,1,False,none,Connectives/Aspect markers,,,1.5098741054534912,85.77595840332015,3.1915290355682373,4.7014031410217285,True
QA_7436,QA,PNT2,replace,1,nào,mô,1,1,True,dialect_phrase,Interrogatives; Negation/Function words,đâu (phủ định); đâu / nào,HaTinh_QB_QT; NgheAn,1.5098741054534912,85.77595840332015,3.1915290355682373,4.7014031410217285,False
QA_7436,QA,PNT3,replace,0,nào,mô,1,1,True,dialect_phrase,Interrogatives; Negation/Function words,đâu (phủ định); đâu / nào,HaTinh_QB_QT; Hue,1.2206833362579346,58.126081913992365,3.1915290355682373,4.412212371826172,False
QA_7436,QA,PNT4,replace,0,vào,ở,1,1,False,none,Predicate vocabulary,,,1.1251308917999268,50.61231803166238,3.1915290355682373,4.316659927368164,True
QA_7436,QA,PNT4,replace,1,nào,mô,1,1,True,dialect_phrase,Interrogatives,đâu / nào,QuangNam,1.1251308917999268,50.61231803166238,3.1915290355682373,4.316659927368164,True
QA_7442,QA,PNB,replace,0,xvii-xx thì,xvii - xx,2,3,False,none,Out-of-scope,,,-0.2431190013885498,-3.9635097576874343,2.9104321002960205,2.6673130989074707,False
QA_7442,QA,PNB,replace,1,làm,đã khiến,1,2,True,standard_word,Predicate vocabulary,làm,BacBo,-0.2431190013885498,-3.9635097576874343,2.9104321002960205,2.6673130989074707,True
QA_7442,QA,PNB,insert,2,,trở nên,0,2,False,none,Unknown,,,-0.2431190013885498,-3.9635097576874343,2.9104321002960205,2.6673130989074707,False
QA_7442,QA,PNT1,replace,0,cho,chua,1,1,False,none,Predicate vocabulary,,,0.5571024417877197,13.692875990723676,2.9104321002960205,3.46753454208374,True
QA_7442,QA,PNT2,replace,0,nào,mô,1,1,True,dialect_phrase,Interrogatives; Negation/Function words,đâu (phủ định); đâu / nào,HaTinh_QB_QT; NgheAn,0.8454535007476807,24.40734978409554,2.9104321002960205,3.755885601043701,False
QA_7442,QA,PNT3,replace,0,trong giai,ở kì,2,2,False,none,Predicate vocabulary,,,1.4534695148468018,60.19832779868112,2.9104321002960205,4.363901615142822,True
QA_7442,QA,PNT3,replace,1,nào,chi,1,1,True,dialect_phrase,Interrogatives,gì; sao / thế nào,HaTinh_QB_QT; Hue,1.4534695148468018,60.19832779868112,2.9104321002960205,4.363901615142822,True
QA_7442,QA,PNT4,replace,0,nào,mô,1,1,True,dialect_phrase,Interrogatives,đâu / nào,QuangNam,0.8454535007476807,24.40734978409554,2.9104321002960205,3.755885601043701,True
QA_7517,QA,PNN,replace,0,thời gian,lúc,2,1,False,none,Predicate vocabulary,,,0.6859357357025146,17.053879144728555,2.8508529663085938,3.5367887020111084,True
QA_7517,QA,PNN,replace,1,sử dụng,xài,2,1,False,none,Predicate vocabulary,,,0.6859357357025146,17.053879144728555,2.8508529663085938,3.5367887020111084,True
QA_7517,QA,PNT1,replace,0,nào,mô,1,1,True,dialect_phrase,Negation/Function words,đâu (phủ định),ThanhHoa,1.3442583084106443,49.05858145426739,2.8508529663085938,4.195111274719238,True
QA_7517,QA,PNT1,replace,1,nào,chi,1,1,False,none,Interrogatives,,,1.3442583084106443,49.05858145426739,2.8508529663085938,4.195111274719238,True
QA_7517,QA,PNT2,replace,0,nào,mô,1,1,True,dialect_phrase,Interrogatives; Negation/Function words,đâu (phủ định); đâu / nào,HaTinh_QB_QT; NgheAn,2.035984992980957,115.23129937907636,2.8508529663085938,4.886837959289551,False
QA_7517,QA,PNT2,insert,1,,cấy,0,1,True,dialect_phrase,Negation/Function words,cái,HaTinh_QB_QT; NgheAn,2.035984992980957,115.23129937907636,2.8508529663085938,4.886837959289551,False
QA_7517,QA,PNT2,replace,2,nào,mô,1,1,True,dialect_phrase,Interrogatives; Negation/Function words,đâu (phủ định); đâu / nào,HaTinh_QB_QT; NgheAn,2.035984992980957,115.23129937907636,2.8508529663085938,4.886837959289551,False
QA_7517,QA,PNT3,replace,0,nào,mô,1,1,True,dialect_phrase,Interrogatives; Negation/Function words,đâu (phủ định); đâu / nào,HaTinh_QB_QT; Hue,1.5077505111694336,60.84538882162625,2.8508529663085938,4.358603477478027,False
QA_7517,QA,PNT3,replace,1,sử dụng,dùng,2,1,False,none,Predicate vocabulary,,,1.5077505111694336,60.84538882162625,2.8508529663085938,4.358603477478027,True
QA_7517,QA,PNT3,replace,2,nào,mô khác,1,2,True,standard_word,Interrogatives,mô,HaTinh_QB_QT; Hue,1.5077505111694336,60.84538882162625,2.8508529663085938,4.358603477478027,True
QA_7713,QA,PNN,replace,0,khi,lúc,1,1,False,none,Connectives/Aspect markers,,,1.001190423965454,80.2471965616631,3.841904401779175,4.843094825744629,True
QA_7713,QA,PNN,delete,1,trở,,1,0,False,none,Unknown,,,1.001190423965454,80.2471965616631,3.841904401779175,4.843094825744629,False
QA_7713,QA,PNN,delete,2,đã,,1,0,False,none,Unknown,,,1.001190423965454,80.2471965616631,3.841904401779175,4.843094825744629,False
QA_7713,QA,PNN,insert,3,,cái,0,1,True,dialect_phrase,Negation/Function words,cái,NamBo,1.001190423965454,80.2471965616631,3.841904401779175,4.843094825744629,False
QA_7713,QA,PNN,delete,4,gọi,,1,0,True,standard_word,Predicate vocabulary,kêu,NamBo,1.001190423965454,80.2471965616631,3.841904401779175,4.843094825744629,False
QA_7713,QA,PNT2,replace,0,nó,hấn,1,1,True,standard_word,Pronouns,hắn; nghị,HaTinh_QB_QT,0.9859225749969482,78.32500768259939,3.841904401779175,4.827826976776123,True
QA_7713,QA,PNT2,replace,1,gì,chi,1,1,True,dialect_phrase,Interrogatives,gì,HaTinh_QB_QT; NgheAn,0.9859225749969482,78.32500768259939,3.841904401779175,4.827826976776123,True
QA_7713,QA,PNT3,replace,0,nó đã,hắn đạ,2,2,False,none,Pronouns,,,1.103428602218628,93.90347393802811,3.841904401779175,4.945333003997803,True
QA_7713,QA,PNT3,replace,1,gì,chi,1,1,True,dialect_phrase,Interrogatives,gì; sao / thế nào,HaTinh_QB_QT; Hue,1.103428602218628,93.90347393802811,3.841904401779175,4.945333003997803,True
QA_7713,QA,PNT4,replace,0,nó,hén,1,1,True,dialect_phrase,Pronouns,nó,QuangNam,0.9627730846405028,75.46595011963896,3.841904401779175,4.804677486419678,True
QA_7713,QA,PNT4,replace,1,gì,chi,1,1,True,dialect_phrase,Interrogatives,gì,QuangNam,0.9627730846405028,75.46595011963896,3.841904401779175,4.804677486419678,True
QA_7747,QA,PNN,delete,0,thế,,1,0,True,standard_word,Demonstratives/Deixis,vậy,NamBo,0.4033162593841553,11.75073797283406,3.1635236740112305,3.5668399333953857,False
QA_7747,QA,PNT1,replace,0,đã,đả,1,1,False,none,Orthographic variant,,,1.850851058959961,126.90816836800902,3.1635236740112305,5.014374732971191,False
QA_7747,QA,PNT1,replace,1,thế nào,răng,2,1,False,none,Interrogatives,,,1.850851058959961,126.90816836800902,3.1635236740112305,5.014374732971191,True
QA_7747,QA,PNT2,replace,0,đã,đạ,1,1,True,dialect_phrase,Connectives/Aspect markers,đã,HaTinh_QB_QT,1.4496116638183594,77.1458982785062,3.1635236740112305,4.61313533782959,True
QA_7747,QA,PNT2,replace,1,như thế nào,a răng,3,2,False,none,Interrogatives,,,1.4496116638183594,77.1458982785062,3.1635236740112305,4.61313533782959,True
QA_7747,QA,PNT3,replace,0,vào,vô,1,1,False,none,Connectives/Aspect markers,,,2.071895122528076,164.15394558257742,3.1635236740112305,5.235418796539307,True
QA_7747,QA,PNT3,replace,1,thế nào,răng,2,1,True,dialect_phrase,Interrogatives,sao / thế nào,HaTinh_QB_QT; Hue,2.071895122528076,164.15394558257742,3.1635236740112305,5.235418796539307,True
QA_7747,QA,PNT4,replace,0,như thế nào,ra ren,3,2,False,none,Interrogatives,,,1.0171661376953125,41.757161373252885,3.1635236740112305,4.180689811706543,True
QA_8086,QA,PNN,replace,0,tại,ở,1,1,False,none,Predicate vocabulary,,,1.119084358215332,35.18768190874137,2.836995840072632,3.956080198287964,True
QA_8086,QA,PNN,replace,1,nơi,chỗ,1,1,False,none,Predicate vocabulary,,,1.119084358215332,35.18768190874137,2.836995840072632,3.956080198287964,True
QA_8086,QA,PNN,replace,2,vào,vô,1,1,False,none,Connectives/Aspect markers,,,1.119084358215332,35.18768190874137,2.836995840072632,3.956080198287964,True
QA_8086,QA,PNN,replace,3,vào,hồi,1,1,False,none,Connectives/Aspect markers,,,1.119084358215332,35.18768190874137,2.836995840072632,3.956080198287964,True
QA_8086,QA,PNT2,replace,0,vào,vô,1,1,False,none,Connectives/Aspect markers,,,1.2066457271575928,39.969232800825786,2.836995840072632,4.043641567230225,True
QA_8086,QA,PNT2,replace,1,vào,vô,1,1,False,none,Connectives/Aspect markers,,,1.2066457271575928,39.969232800825786,2.836995840072632,4.043641567230225,True
QA_8086,QA,PNT3,replace,0,nơi nào đã,lộ mô đạ,3,3,False,none,Interrogatives,,,1.5078551769256592,60.01612873406979,2.836995840072632,4.344851016998291,True
QA_8086,QA,PNT3,replace,1,vào,vô,1,1,False,none,Connectives/Aspect markers,,,1.5078551769256592,60.01612873406979,2.836995840072632,4.344851016998291,True
QA_8086,QA,PNT4,replace,0,nơi nào,chỗ mô,2,2,False,none,Interrogatives,,,1.506925344467163,59.944490045185695,2.836995840072632,4.343921184539795,True
QA_8086,QA,PNT4,replace,1,vào,vô,1,1,False,none,Connectives/Aspect markers,,,1.506925344467163,59.944490045185695,2.836995840072632,4.343921184539795,True
QA_8137,QA,PNB,replace,0,tại,ở,1,1,False,none,Predicate vocabulary,,,-0.0792665481567382,-1.0973548857422737,2.667213201522827,2.587946653366089,True
QA_8137,QA,PNB,delete,1,nó,,1,0,True,standard_word,Pronouns,nó,BacBo,-0.0792665481567382,-1.0973548857422737,2.667213201522827,2.587946653366089,False
QA_8137,QA,PNN,replace,0,tại,ở,1,1,False,none,Predicate vocabulary,,,0.0493428707122802,0.7283483038250402,2.667213201522827,2.7165560722351074,True
QA_8137,QA,PNN,delete,1,có vị trí,,3,0,False,none,Unknown,,,0.0493428707122802,0.7283483038250402,2.667213201522827,2.7165560722351074,False
QA_8137,QA,PNT1,replace,0,đâu,mô,1,1,True,dialect_phrase,Negation/Function words,đâu (phủ định),ThanhHoa,0.5854055881500244,11.458183977347664,2.667213201522827,3.2526187896728516,True
QA_8137,QA,PNT2,replace,0,nó,hấn,1,1,True,standard_word,Pronouns,hắn; nghị,HaTinh_QB_QT,0.8556399345397949,19.48117374628992,2.667213201522827,3.522853136062622,True
QA_8137,QA,PNT2,replace,1,đâu,mô,1,1,True,dialect_phrase,Interrogatives; Negation/Function words,đâu (phủ định); đâu / nào,HaTinh_QB_QT; NgheAn,0.8556399345397949,19.48117374628992,2.667213201522827,3.522853136062622,False
QA_8137,QA,PNT3,replace,0,tại,ở,1,1,False,none,Predicate vocabulary,,,0.7530868053436279,16.178803502514626,2.667213201522827,3.420300006866455,True
QA_8137,QA,PNT3,replace,1,nó,hắn,1,1,True,dialect_phrase,Pronouns,nó,HaTinh_QB_QT; Hue,0.7530868053436279,16.178803502514626,2.667213201522827,3.420300006866455,True
QA_8137,QA,PNT3,replace,2,đâu,mô,1,1,True,dialect_phrase,Interrogatives; Negation/Function words,đâu (phủ định); đâu / nào,HaTinh_QB_QT; Hue,0.7530868053436279,16.178803502514626,2.667213201522827,3.420300006866455,False
QA_8137,QA,PNT4,replace,0,nó có vị trí,hén nằm,4,2,False,none,Predicate vocabulary,,,0.9003539085388184,21.03050628607746,2.667213201522827,3.5675671100616455,True
QA_8137,QA,PNT4,replace,1,đâu,mô,1,1,True,dialect_phrase,Interrogatives,đâu / nào,QuangNam,0.9003539085388184,21.03050628607746,2.667213201522827,3.5675671100616455,True
QA_8904,QA,PNB,delete,0,bị,,1,0,False,none,Unknown,,,-0.3648829460144043,-11.656486592183452,3.640941619873047,3.2760586738586426,False
QA_8904,QA,PNB,replace,1,lên,đến,1,1,False,none,Predicate vocabulary,,,-0.3648829460144043,-11.656486592183452,3.640941619873047,3.2760586738586426,True
QA_8904,QA,PNN,replace,0,và,với,1,1,False,none,Connectives/Aspect markers,,,0.4616308212280273,22.36798760586165,3.640941619873047,4.102572441101074,True
QA_8904,QA,PNN,replace,1,như thế nào lên,ra sao đến,4,3,False,none,Interrogatives,,,0.4616308212280273,22.36798760586165,3.640941619873047,4.102572441101074,True
QA_8904,QA,PNN,replace,2,và,với,1,1,False,none,Connectives/Aspect markers,,,0.4616308212280273,22.36798760586165,3.640941619873047,4.102572441101074,True
QA_8904,QA,PNT2,replace,0,như thế nào,a răng,3,2,False,none,Interrogatives,,,1.2213730812072754,91.19547883162564,3.640941619873047,4.862314701080322,True
QA_8904,QA,PNT3,insert,0,,kì,0,1,True,dialect_phrase,Negation/Function words,cái,HaTinh_QB_QT,1.6806330680847168,166.57825471502252,3.640941619873047,5.321574687957764,False
QA_8904,QA,PNT3,replace,1,đã,đạ,1,1,True,dialect_phrase,Connectives/Aspect markers,đã,HaTinh_QB_QT,1.6806330680847168,166.57825471502252,3.640941619873047,5.321574687957764,True
QA_8904,QA,PNT3,replace,2,thế nào,răng,2,1,True,dialect_phrase,Interrogatives,sao / thế nào,HaTinh_QB_QT; Hue,1.6806330680847168,166.57825471502252,3.640941619873047,5.321574687957764,True
QA_8904,QA,PNT4,replace,0,như thế nào,ra ren,3,2,False,none,Interrogatives,,,1.6061863899230957,151.89202752891106,3.640941619873047,5.247128009796143,True
QA_8904,QA,PNT4,replace,1,và sự,với,2,1,False,none,Connectives/Aspect markers,,,1.6061863899230957,151.89202752891106,3.640941619873047,5.247128009796143,True
QA_9223,QA,PNN,replace,0,không,hông,1,1,True,dialect_phrase,Negation/Function words,không,NamBo,0.1732177734375,17.425890724563985,4.523303985595703,4.696521759033203,True
QA_9223,QA,PNT2,replace,0,đã,đạ,1,1,True,dialect_phrase,Connectives/Aspect markers,đã,HaTinh_QB_QT,1.0642542839050293,174.94315568535535,4.523303985595703,5.587558269500732,True
QA_9223,QA,PNT2,replace,1,không,nỏ,1,1,True,dialect_phrase,Negation/Function words,không,HaTinh_QB_QT; NgheAn,1.0642542839050293,174.94315568535535,4.523303985595703,5.587558269500732,True
QA_9223,QA,PNT2,replace,2,nào,mô,1,1,True,dialect_phrase,Interrogatives; Negation/Function words,đâu (phủ định); đâu / nào,HaTinh_QB_QT; NgheAn,1.0642542839050293,174.94315568535535,4.523303985595703,5.587558269500732,False
QA_9223,QA,PNT3,replace,0,nào,mô,1,1,True,dialect_phrase,Interrogatives; Negation/Function words,đâu (phủ định); đâu / nào,HaTinh_QB_QT; Hue,0.2251958847045898,23.271499821972995,4.523303985595703,4.748499870300293,False
QA_9223,QA,PNT4,replace,0,phần lớn,đa số,2,2,False,none,Predicate vocabulary,,,0.3564810752868652,39.46285107050544,4.523303985595703,4.879785060882568,True
QA_9223,QA,PNT4,replace,1,nào,mô,1,1,True,dialect_phrase,Interrogatives,đâu / nào,QuangNam,0.3564810752868652,39.46285107050544,4.523303985595703,4.879785060882568,True
QA_9483,QA,PNN,replace,0,sự việc,vụ,2,1,False,none,Predicate vocabulary,,,0.7159767150878906,25.269959835613008,3.18446683883667,3.900443553924561,True
QA_9483,QA,PNN,replace,1,vào,hồi,1,1,False,none,Connectives/Aspect markers,,,0.7159767150878906,25.269959835613008,3.18446683883667,3.900443553924561,True
QA_9483,QA,PNN,replace,2,không,hông,1,1,True,dialect_phrase,Negation/Function words,không,NamBo,0.7159767150878906,25.269959835613008,3.18446683883667,3.900443553924561,True
QA_9483,QA,PNT2,replace,0,không,nỏ,1,1,True,dialect_phrase,Negation/Function words,không,HaTinh_QB_QT; NgheAn,0.5308289527893066,16.916326886426468,3.18446683883667,3.715295791625977,True
QA_9483,QA,PNT3,replace,0,sự việc gì,kì vụ chi đạ,3,4,False,none,Interrogatives,,,2.1629228591918945,185.90485671550715,3.18446683883667,5.3473896980285645,True
QA_9483,QA,PNT3,replace,1,vào,vô,1,1,False,none,Connectives/Aspect markers,,,2.1629228591918945,185.90485671550715,3.18446683883667,5.3473896980285645,True
QA_9483,QA,PNT3,replace,2,đã không,đạ khung,2,2,False,none,Negation/Function words,,,2.1629228591918945,185.90485671550715,3.18446683883667,5.3473896980285645,True
QA_9483,QA,PNT4,replace,0,gì,chi,1,1,True,dialect_phrase,Interrogatives,gì,QuangNam,0.4321951866149902,13.05873696814986,3.18446683883667,3.61666202545166,True
QA_9520,QA,PNB,delete,0,tại,,1,0,False,none,Unknown,,,-0.1885237693786621,-10.967657665637413,4.15626335144043,3.967739582061768,False
QA_9520,QA,PNN,replace,0,các,mấy,1,1,False,none,Negation/Function words,,,0.4313254356384277,34.42466862866019,4.15626335144043,4.587588787078857,True
QA_9520,QA,PNN,replace,1,và,với,1,1,False,none,Connectives/Aspect markers,,,0.4313254356384277,34.42466862866019,4.15626335144043,4.587588787078857,True
QA_9520,QA,PNN,replace,2,tại,ở,1,1,False,none,Predicate vocabulary,,,0.4313254356384277,34.42466862866019,4.15626335144043,4.587588787078857,True
QA_9520,QA,PNT2,replace,0,đâu,mô,1,1,True,dialect_phrase,Interrogatives; Negation/Function words,đâu (phủ định); đâu / nào,HaTinh_QB_QT; NgheAn,0.3663058280944824,28.23928688427971,4.15626335144043,4.522569179534912,False
QA_9520,QA,PNT3,replace,0,tại đâu,chỗ mô,2,2,False,none,Interrogatives,,,0.3422508239746094,26.050924367478693,4.15626335144043,4.498514175415039,True
QA_9601,QA,PNN,replace,0,nhằm,để,1,1,False,none,Connectives/Aspect markers,,,-0.0348320007324218,-0.6608332665519328,2.9603304862976074,2.9254984855651855,True
QA_9601,QA,PNN,replace,1,và,với,1,1,False,none,Connectives/Aspect markers,,,-0.0348320007324218,-0.6608332665519328,2.9603304862976074,2.9254984855651855,True
QA_9601,QA,PNN,replace,2,khi,lúc,1,1,False,none,Connectives/Aspect markers,,,-0.0348320007324218,-0.6608332665519328,2.9603304862976074,2.9254984855651855,True
QA_9601,QA,PNT2,replace,0,nào,mô,1,1,True,dialect_phrase,Interrogatives; Negation/Function words,đâu (phủ định); đâu / nào,HaTinh_QB_QT; NgheAn,0.5865049362182617,15.398971658331604,2.9603304862976074,3.546835422515869,False
QA_9601,QA,PNT3,replace,0,nào,mô rựa,1,2,True,standard_word,Interrogatives,mô,HaTinh_QB_QT; Hue,0.7764191627502441,22.657028535141137,2.9603304862976074,3.736749649047851,True
QA_9601,QA,PNT4,replace,0,nào,mô,1,1,True,dialect_phrase,Interrogatives,đâu / nào,QuangNam,0.5865049362182617,15.398971658331604,2.9603304862976074,3.546835422515869,True
QA_9637,QA,PNN,replace,0,như thế nào,ra sao,3,2,False,none,Interrogatives,,,0.096132755279541,7.459103768064992,4.303009033203125,4.399141788482666,True
QA_9637,QA,PNT1,replace,0,đã,đả,1,1,False,none,Orthographic variant,,,1.5866308212280271,287.3532564856321,4.303009033203125,5.889639854431152,False
QA_9637,QA,PNT1,replace,1,thế nào,răng,2,1,False,none,Interrogatives,,,1.5866308212280271,287.3532564856321,4.303009033203125,5.889639854431152,True
QA_9637,QA,PNT2,replace,0,người,ngài,1,1,False,none,Orthographic variant,,,1.1608500480651855,162.08454447094798,4.303009033203125,5.4638590812683105,False
QA_9637,QA,PNT2,replace,1,vào,vô,1,1,False,none,Connectives/Aspect markers,,,1.1608500480651855,162.08454447094798,4.303009033203125,5.4638590812683105,True
QA_9637,QA,PNT2,replace,2,như thế nào,a răng,3,2,False,none,Interrogatives,,,1.1608500480651855,162.08454447094798,4.303009033203125,5.4638590812683105,True
QA_9637,QA,PNT3,replace,0,vào,vô,1,1,False,none,Connectives/Aspect markers,,,1.3744101524353027,218.27246378761456,4.303009033203125,5.677419185638428,True
QA_9637,QA,PNT3,replace,1,thế nào,răng,2,1,True,dialect_phrase,Interrogatives,sao / thế nào,HaTinh_QB_QT; Hue,1.3744101524353027,218.27246378761456,4.303009033203125,5.677419185638428,True
QA_9637,QA,PNT4,replace,0,như thế nào,ra ren,3,2,False,none,Interrogatives,,,0.8893060684204102,105.96262937974028,4.303009033203125,5.192315101623535,True
QA_9767,QA,PNN,replace,0,như thế nào,ra sao,3,2,False,none,Interrogatives,,,0.6060471534729004,29.974562869678103,3.5828657150268555,4.188912868499756,True
QA_9767,QA,PNN,replace,1,ông đến,ổng tới,2,2,False,none,Kinship/Honorific terms,,,0.6060471534729004,29.974562869678103,3.5828657150268555,4.188912868499756,True
QA_9767,QA,PNT1,replace,0,có,cúa,1,1,False,none,Orthographic variant,,,0.5292935371398926,25.10196744648797,3.5828657150268555,4.112159252166748,False
QA_9767,QA,PNT2,replace,0,như thế nào,a răng,3,2,False,none,Interrogatives,,,1.420867919921875,112.99182375531558,3.5828657150268555,5.0037336349487305,True
QA_9767,QA,PNT3,delete,0,có,,1,0,False,none,Unknown,,,1.5840845108032229,139.40266259279335,3.5828657150268555,5.166950225830078,False
QA_9767,QA,PNT3,replace,1,thế nào,răng,2,1,True,dialect_phrase,Interrogatives,sao / thế nào,HaTinh_QB_QT; Hue,1.5840845108032229,139.40266259279335,3.5828657150268555,5.166950225830078,True
QA_9767,QA,PNT4,replace,0,như thế nào,ra ren,3,2,False,none,Interrogatives,,,1.2954940795898438,95.43844789131784,3.5828657150268555,4.878359794616699,True
QA_9767,QA,PNT4,replace,1,đến,tới,1,1,False,none,Predicate vocabulary,,,1.2954940795898438,95.43844789131784,3.5828657150268555,4.878359794616699,True
QA_9774,QA,PNN,replace,0,không,hông,1,1,True,dialect_phrase,Negation/Function words,không,NamBo,0.3513355255126953,32.621085543093486,4.3501667976379395,4.701502323150635,True
QA_9774,QA,PNT2,replace,0,không,nỏ,1,1,True,dialect_phrase,Negation/Function words,không,HaTinh_QB_QT; NgheAn,1.1086430549621582,157.326402985134,4.3501667976379395,5.458809852600098,True
QA_9774,QA,PNT2,replace,1,nào,mô,1,1,True,dialect_phrase,Interrogatives; Negation/Function words,đâu (phủ định); đâu / nào,HaTinh_QB_QT; NgheAn,1.1086430549621582,157.326402985134,4.3501667976379395,5.458809852600098,False
QA_9774,QA,PNT3,replace,0,không,nỏ,1,1,True,dialect_phrase,Negation/Function words,không,HaTinh_QB_QT,1.1086430549621582,157.326402985134,4.3501667976379395,5.458809852600098,True
QA_9774,QA,PNT3,replace,1,nào,mô,1,1,True,dialect_phrase,Interrogatives; Negation/Function words,đâu (phủ định); đâu / nào,HaTinh_QB_QT; Hue,1.1086430549621582,157.326402985134,4.3501667976379395,5.458809852600098,False
QA_9774,QA,PNT4,replace,0,nào,mô,1,1,True,dialect_phrase,Interrogatives,đâu / nào,QuangNam,0.8449478149414062,102.89742921208506,4.3501667976379395,5.195114612579346,True
SENT_0534,SENT,PNB,replace,0,dã man,khinh khủng,2,2,False,none,Idiomatic expressions,,,0.0254898071289062,2.3886338489142105,4.527426242828369,4.552916049957275,True
SENT_0534,SENT,PNB,replace,1,nhỉ,nghĩ,1,1,True,standard_word,Discourse particles,nhể,BacBo,0.0254898071289062,2.3886338489142105,4.527426242828369,4.552916049957275,True
SENT_0696,SENT,PNT1,replace,0,tao,tau,1,1,True,standard_word,Pronouns,choa,ThanhHoa,0.0521330833435058,5.1995400461775745,4.576345920562744,4.62847900390625,True
SENT_0696,SENT,PNT1,replace,1,ù,cố,1,1,False,none,Predicate vocabulary,,,0.0521330833435058,5.1995400461775745,4.576345920562744,4.62847900390625,True
SENT_0696,SENT,PNT2,replace,0,tôi,tui,1,1,True,dialect_phrase,Pronouns,tôi,HaTinh_QB_QT,0.2529139518737793,27.959603764994583,4.576345920562744,4.829259872436523,True
SENT_0696,SENT,PNT2,replace,1,này,ni,1,1,True,dialect_phrase,Demonstratives/Deixis,này,HaTinh_QB_QT; NgheAn,0.2529139518737793,27.959603764994583,4.576345920562744,4.829259872436523,True
SENT_0696,SENT,PNT2,replace,2,nó,hấn,1,1,True,standard_word,Pronouns,hắn; nghị,HaTinh_QB_QT,0.2529139518737793,27.959603764994583,4.576345920562744,4.829259872436523,True
SENT_0696,SENT,PNT2,replace,3,tao,tau,1,1,True,dialect_phrase,Pronouns,tao,HaTinh_QB_QT,0.2529139518737793,27.959603764994583,4.576345920562744,4.829259872436523,True
SENT_0696,SENT,PNT2,replace,4,chúng nó,bọn hấn,2,2,True,standard_word,Pronouns,bọn hắn; bọn nớ,HaTinh_QB_QT,0.2529139518737793,27.959603764994583,4.576345920562744,4.829259872436523,True
SENT_0696,SENT,PNT2,replace,5,tôi,tui,1,1,True,dialect_phrase,Pronouns,tôi,HaTinh_QB_QT,0.2529139518737793,27.959603764994583,4.576345920562744,4.829259872436523,True
SENT_0814,SENT,PNT1,replace,0,này,ni,1,1,True,dialect_phrase,Demonstratives/Deixis,này,ThanhHoa,0.5437474250793457,142.80328915991797,5.286575794219971,5.830323219299316,True
SENT_0814,SENT,PNT1,replace,1,mẹ,moẹ,1,1,False,none,Orthographic variant,,,0.5437474250793457,142.80328915991797,5.286575794219971,5.830323219299316,False
SENT_0814,SENT,PNT1,replace,2,kia,di,1,1,False,none,Demonstratives/Deixis,,,0.5437474250793457,142.80328915991797,5.286575794219971,5.830323219299316,True
SENT_0835,SENT,PNT1,replace,0,tại sao,răng mà,2,2,False,none,Interrogatives,,,0.3878421783447265,57.121835728778805,4.7921624183654785,5.180004596710205,True
SENT_0835,SENT,PNT1,replace,1,kia,tê,1,1,False,none,Demonstratives/Deixis,,,0.3878421783447265,57.121835728778805,4.7921624183654785,5.180004596710205,True
SENT_0895,SENT,PNT1,replace,0,làm,mần,1,1,True,dialect_phrase,Predicate vocabulary,làm,ThanhHoa,-0.1553301811218261,-71.00797720297902,6.201654434204102,6.046324253082275,True
SENT_0895,SENT,PNT2,replace,0,làm,mần,1,1,True,dialect_phrase,Predicate vocabulary,làm,HaTinh_QB_QT,-0.3291378021240234,-138.423319333277,6.201654434204102,5.872516632080078,True
SENT_0895,SENT,PNT2,replace,1,người vậy,ngài rứa,2,2,False,none,Demonstratives/Deixis,,,-0.3291378021240234,-138.423319333277,6.201654434204102,5.872516632080078,True
SENT_0895,SENT,PNT2,replace,2,hôm nó,bữa hấn,2,2,False,none,Demonstratives/Deixis,,,-0.3291378021240234,-138.423319333277,6.201654434204102,5.872516632080078,True
SENT_0958,SENT,PNN,replace,0,tao,tui,1,1,True,dialect_phrase,Pronouns,tôi,NamBo,-0.3269639015197754,-36.75010986513439,4.881078243255615,4.55411434173584,True
SENT_0958,SENT,PNN,replace,1,bọn,tụi,1,1,False,none,Pronouns,,,-0.3269639015197754,-36.75010986513439,4.881078243255615,4.55411434173584,True
SENT_0958,SENT,PNN,replace,2,tao,tui,1,1,True,dialect_phrase,Pronouns,tôi,NamBo,-0.3269639015197754,-36.75010986513439,4.881078243255615,4.55411434173584,True
SENT_0958,SENT,PNT1,replace,0,tao,tau,1,1,True,standard_word,Pronouns,choa,ThanhHoa,0.5117573738098145,88.05317421901552,4.881078243255615,5.39283561706543,True
SENT_0958,SENT,PNT1,replace,1,tao,tau,1,1,True,standard_word,Pronouns,choa,ThanhHoa,0.5117573738098145,88.05317421901552,4.881078243255615,5.39283561706543,True
SENT_1093,SENT,PNB,replace,0,có,còn,1,1,False,none,Negation/Function words,,,0.0863809585571289,21.74826503498244,5.485020637512207,5.571401596069336,True
SENT_1093,SENT,PNN,replace,0,không,hông,1,1,True,dialect_phrase,Negation/Function words,không,NamBo,0.3777728080749511,110.65132381709824,5.485020637512207,5.862793445587158,True
SENT_1093,SENT,PNN,replace,1,không,hông,1,1,True,dialect_phrase,Negation/Function words,không,NamBo,0.3777728080749511,110.65132381709824,5.485020637512207,5.862793445587158,True
SENT_1093,SENT,PNN,replace,2,quả,cú,1,1,False,none,Predicate vocabulary,,,0.3777728080749511,110.65132381709824,5.485020637512207,5.862793445587158,True
SENT_1093,SENT,PNN,replace,3,thật đấy,thiệt đó,2,2,False,none,Predicate vocabulary,,,0.3777728080749511,110.65132381709824,5.485020637512207,5.862793445587158,True
SENT_1093,SENT,PNT1,replace,0,không,chả,1,1,False,none,Negation/Function words,,,0.5220355987548828,165.23163079608187,5.485020637512207,6.00705623626709,True
SENT_1093,SENT,PNT1,insert,1,,thì,0,1,False,none,Unknown,,,0.5220355987548828,165.23163079608187,5.485020637512207,6.00705623626709,False
SENT_1093,SENT,PNT1,replace,2,thật đấy,vải luôn ấy,2,3,False,none,Idiomatic expressions,,,0.5220355987548828,165.23163079608187,5.485020637512207,6.00705623626709,True
SENT_1098,SENT,PNB,replace,0,vậy,thế,1,1,True,standard_word,Demonstratives/Deixis,thế (ấy); thế này,BacBo,0.2213706970214843,129.44461738547352,6.258443355560303,6.479814052581787,True
SENT_1098,SENT,PNN,replace,0,giống,y chang,1,2,False,none,Predicate vocabulary,,,0.2042827606201172,118.40048023131033,6.258443355560303,6.46272611618042,True
SENT_1098,SENT,PNT1,replace,0,sao,răng mà,1,2,False,none,Interrogatives,,,1.569748878479004,1987.981968803831,6.258443355560303,7.828192234039307,True
SENT_1098,SENT,PNT1,replace,1,tao vậy,tau ri,2,2,False,none,Pronouns,,,1.569748878479004,1987.981968803831,6.258443355560303,7.828192234039307,True
SENT_1098,SENT,PNT2,replace,0,sao,răng,1,1,True,dialect_phrase,Interrogatives,sao / thế nào,HaTinh_QB_QT; NgheAn,0.7896451950073242,628.2521084752345,6.258443355560303,7.048088550567627,True
SENT_1098,SENT,PNT2,replace,1,tao vậy,tau rứa,2,2,False,none,Pronouns,,,0.7896451950073242,628.2521084752345,6.258443355560303,7.048088550567627,True
SENT_1146,SENT,PNB,replace,0,thẹo,sẹo,1,1,False,none,Orthographic variant,,,-0.2633743286132812,-29.104377188588217,4.833866119384766,4.570491790771484,False
SENT_1146,SENT,PNB,replace,1,thẹo,sẹo,1,1,False,none,Orthographic variant,,,-0.2633743286132812,-29.104377188588217,4.833866119384766,4.570491790771484,False
SENT_1146,SENT,PNB,replace,2,kêu,bảo,1,1,False,none,Predicate vocabulary,,,-0.2633743286132812,-29.104377188588217,4.833866119384766,4.570491790771484,True
SENT_1146,SENT,PNB,replace,3,liền,ngay,1,1,False,none,Demonstratives/Deixis,,,-0.2633743286132812,-29.104377188588217,4.833866119384766,4.570491790771484,True
SENT_1146,SENT,PNB,replace,4,không được,chịu,2,1,False,none,Negation/Function words,,,-0.2633743286132812,-29.104377188588217,4.833866119384766,4.570491790771484,True
SENT_1146,SENT,PNN,replace,0,do mẹ,tại má,2,2,False,none,Kinship/Honorific terms,,,0.4633502960205078,74.08395279575464,4.833866119384766,5.297216415405273,True
SENT_1146,SENT,PNN,insert,1,,hồi,0,1,False,none,Unknown,,,0.4633502960205078,74.08395279575464,4.833866119384766,5.297216415405273,False
SENT_1146,SENT,PNN,replace,2,để,đặng,1,1,False,none,Connectives/Aspect markers,,,0.4633502960205078,74.08395279575464,4.833866119384766,5.297216415405273,True
SENT_1146,SENT,PNN,replace,3,không,hông,1,1,True,dialect_phrase,Negation/Function words,không,NamBo,0.4633502960205078,74.08395279575464,4.833866119384766,5.297216415405273,True
SENT_1146,SENT,PNT1,replace,0,thẹo,sẹo,1,1,False,none,Orthographic variant,,,-0.3114748001098633,-33.64050914071075,4.833866119384766,4.522391319274902,False
SENT_1146,SENT,PNT1,replace,1,thẹo,sẹo,1,1,False,none,Orthographic variant,,,-0.3114748001098633,-33.64050914071075,4.833866119384766,4.522391319274902,False
SENT_1146,SENT,PNT1,replace,2,phân biệt,nhận biết,2,2,False,none,Predicate vocabulary,,,-0.3114748001098633,-33.64050914071075,4.833866119384766,4.522391319274902,True
SENT_1146,SENT,PNT2,replace,0,tao,tau,1,1,True,dialect_phrase,Pronouns,tao,HaTinh_QB_QT,0.5850410461425781,99.93643070289414,4.833866119384766,5.418907165527344,True
SENT_1146,SENT,PNT2,replace,1,tao,tau,1,1,True,dialect_phrase,Pronouns,tao,HaTinh_QB_QT,0.5850410461425781,99.93643070289414,4.833866119384766,5.418907165527344,True
SENT_1146,SENT,PNT2,replace,2,thẹo,sẹo,1,1,False,none,Orthographic variant,,,0.5850410461425781,99.93643070289414,4.833866119384766,5.418907165527344,False
SENT_1146,SENT,PNT2,replace,3,tao,tau,1,1,True,dialect_phrase,Pronouns,tao,HaTinh_QB_QT,0.5850410461425781,99.93643070289414,4.833866119384766,5.418907165527344,True
SENT_1146,SENT,PNT2,replace,4,thẹo,sẹo,1,1,False,none,Orthographic variant,,,0.5850410461425781,99.93643070289414,4.833866119384766,5.418907165527344,False
SENT_1146,SENT,PNT2,replace,5,không,nỏ,1,1,True,dialect_phrase,Negation/Function words,không,HaTinh_QB_QT; NgheAn,0.5850410461425781,99.93643070289414,4.833866119384766,5.418907165527344,True
SENT_1161,SENT,PNB,replace,0,tới,đến,1,1,False,none,Predicate vocabulary,,,-0.3185596466064453,-32.669868441861226,4.785453796386719,4.466894149780273,True
SENT_1161,SENT,PNB,replace,1,tới,đến,1,1,False,none,Predicate vocabulary,,,-0.3185596466064453,-32.669868441861226,4.785453796386719,4.466894149780273,True
SENT_1161,SENT,PNB,delete,2,xem,,1,0,False,none,Unknown,,,-0.3185596466064453,-32.669868441861226,4.785453796386719,4.466894149780273,False
SENT_1161,SENT,PNN,replace,0,không,hông,1,1,True,dialect_phrase,Negation/Function words,không,NamBo,-0.1123743057250976,-12.728871881919789,4.785453796386719,4.673079490661621,True
SENT_1161,SENT,PNN,replace,1,xem,coi,1,1,False,none,Predicate vocabulary,,,-0.1123743057250976,-12.728871881919789,4.785453796386719,4.673079490661621,True
SENT_1161,SENT,PNT1,replace,0,tao,tau,1,1,True,standard_word,Pronouns,choa,ThanhHoa,0.2846946716308594,39.442265937637515,4.785453796386719,5.070148468017578,True
SENT_1172,SENT,PNB,delete,0,ta,,1,0,False,none,Unknown,,,-0.1252226829528808,-14.8875300642202,4.84014368057251,4.714920997619629,False
SENT_1172,SENT,PNN,replace,0,nhỉ,ghê,1,1,True,standard_word,Discourse particles,nhỉ,NamBo,0.719123363494873,133.14494318371158,4.84014368057251,5.559267044067383,True
SENT_1172,SENT,PNN,replace,1,mức,cỡ,1,1,False,none,Predicate vocabulary,,,0.719123363494873,133.14494318371158,4.84014368057251,5.559267044067383,True
SENT_1172,SENT,PNT1,replace,0,ta,cơ,1,1,False,none,Discourse particles,,,0.1040291786193847,13.867185493052702,4.84014368057251,4.9441728591918945,True
SENT_1172,SENT,PNT2,replace,0,nhỉ sao,rứa răng,2,2,False,none,Interrogatives,,,1.082528591156006,246.92070583407684,4.84014368057251,5.922672271728516,True
SENT_1172,SENT,PNT2,replace,1,đó vậy,nớ rứa,2,2,False,none,Demonstratives/Deixis,,,1.082528591156006,246.92070583407684,4.84014368057251,5.922672271728516,True
SENT_1192,SENT,PNB,replace,0,xơi,ăn,1,1,False,none,Predicate vocabulary,,,0.0433783531188964,5.904391955203039,4.8917236328125,4.9351019859313965,True
SENT_1192,SENT,PNN,replace,0,gấu,bồ,1,1,False,none,Predicate vocabulary,,,0.0568404197692871,7.789454770248653,4.8917236328125,4.948564052581787,True
SENT_1192,SENT,PNN,replace,1,nhé,nha,1,1,True,standard_word,Discourse particles,nhen,NamBo,0.0568404197692871,7.789454770248653,4.8917236328125,4.948564052581787,True
SENT_1192,SENT,PNN,replace,2,bố láo,cà chớn,2,2,False,none,Idiomatic expressions,,,0.0568404197692871,7.789454770248653,4.8917236328125,4.948564052581787,True
SENT_1192,SENT,PNN,replace,3,xơi,ăn,1,1,False,none,Predicate vocabulary,,,0.0568404197692871,7.789454770248653,4.8917236328125,4.948564052581787,True
SENT_1192,SENT,PNN,replace,4,đấy,đó,1,1,True,dialect_phrase,Demonstratives/Deixis,kia; ấy / đó,NamBo,0.0568404197692871,7.789454770248653,4.8917236328125,4.948564052581787,True
SENT_1192,SENT,PNT1,insert,0,,mầ,0,1,False,none,Unknown,,,0.6080217361450195,111.44669923015732,4.8917236328125,5.4997453689575195,False
SENT_1192,SENT,PNT1,replace,1,tao,tau,1,1,True,standard_word,Pronouns,choa,ThanhHoa,0.6080217361450195,111.44669923015732,4.8917236328125,5.4997453689575195,True
SENT_1192,SENT,PNT1,replace,2,đấy,đấ,1,1,False,none,Orthographic variant,,,0.6080217361450195,111.44669923015732,4.8917236328125,5.4997453689575195,False
SENT_1192,SENT,PNT2,replace,0,nhé,nha,1,1,True,standard_word,Discourse particles,nghe,HaTinh_QB_QT,0.3524432182312011,56.27496799825252,4.8917236328125,5.244166851043701,True
SENT_1192,SENT,PNT2,replace,1,tao,tau,1,1,True,dialect_phrase,Pronouns,tao,HaTinh_QB_QT,0.3524432182312011,56.27496799825252,4.8917236328125,5.244166851043701,True
SENT_1192,SENT,PNT2,replace,2,đấy,đó,1,1,True,standard_word,Discourse particles,đỏ,HaTinh_QB_QT,0.3524432182312011,56.27496799825252,4.8917236328125,5.244166851043701,True
SENT_1222,SENT,PNB,replace,0,chay,chạy,1,1,False,none,Orthographic variant,,,-0.5089006423950195,-54.29830437779799,4.913678169250488,4.404777526855469,False
SENT_1222,SENT,PNB,replace,1,vương,vươn,1,1,False,none,Noise/Non-linguistic,,,-0.5089006423950195,-54.29830437779799,4.913678169250488,4.404777526855469,False
SENT_1222,SENT,PNB,replace,2,hút,húc,1,1,False,none,Noise/Non-linguistic,,,-0.5089006423950195,-54.29830437779799,4.913678169250488,4.404777526855469,False
SENT_1222,SENT,PNB,replace,3,""" nghìn mét ""","""nghìn mét""",4,2,False,none,Noise/Non-linguistic,,,-0.5089006423950195,-54.29830437779799,4.913678169250488,4.404777526855469,False
SENT_1222,SENT,PNN,insert,0,,cái,0,1,True,dialect_phrase,Negation/Function words,cái,NamBo,0.0437564849853515,6.089224524849556,4.913678169250488,4.95743465423584,False
SENT_1222,SENT,PNN,replace,1,không,hông,1,1,True,dialect_phrase,Negation/Function words,không,NamBo,0.0437564849853515,6.089224524849556,4.913678169250488,4.95743465423584,True
SENT_1222,SENT,PNN,replace,2,nghìn,ngàn,1,1,False,none,Orthographic variant,,,0.0437564849853515,6.089224524849556,4.913678169250488,4.95743465423584,False
SENT_1222,SENT,PNN,replace,3,ngang,vịt xiêm,1,2,False,none,Noise/Non-linguistic,,,0.0437564849853515,6.089224524849556,4.913678169250488,4.95743465423584,False
SENT_1222,SENT,PNT1,replace,0,làm,mần,1,1,True,dialect_phrase,Predicate vocabulary,làm,ThanhHoa,-0.0057864189147949,-0.7854838994503837,4.913678169250488,4.907891750335693,True
SENT_1222,SENT,PNT1,replace,1,làm,mần,1,1,True,dialect_phrase,Predicate vocabulary,làm,ThanhHoa,-0.0057864189147949,-0.7854838994503837,4.913678169250488,4.907891750335693,True
SENT_1222,SENT,PNT2,replace,0,tao,tau,1,1,True,dialect_phrase,Pronouns,tao,HaTinh_QB_QT,0.5040574073791504,89.22897742599946,4.913678169250488,5.417735576629639,True
SENT_1222,SENT,PNT2,replace,1,nó,hấn,1,1,True,standard_word,Pronouns,hắn; nghị,HaTinh_QB_QT,0.5040574073791504,89.22897742599946,4.913678169250488,5.417735576629639,True
SENT_1222,SENT,PNT2,replace,2,tao,tau,1,1,True,dialect_phrase,Pronouns,tao,HaTinh_QB_QT,0.5040574073791504,89.22897742599946,4.913678169250488,5.417735576629639,True
SENT_1222,SENT,PNT2,replace,3,tao,tau,1,1,True,dialect_phrase,Pronouns,tao,HaTinh_QB_QT,0.5040574073791504,89.22897742599946,4.913678169250488,5.417735576629639,True
SENT_1222,SENT,PNT2,replace,4,gì nó,chi hấn,2,2,False,none,Interrogatives,,,0.5040574073791504,89.22897742599946,4.913678169250488,5.417735576629639,True
SENT_1222,SENT,PNT2,replace,5,tao,tau,1,1,True,dialect_phrase,Pronouns,tao,HaTinh_QB_QT,0.5040574073791504,89.22897742599946,4.913678169250488,5.417735576629639,True
SENT_1222,SENT,PNT2,replace,6,nó,hấn,1,1,True,standard_word,Pronouns,hắn; nghị,HaTinh_QB_QT,0.5040574073791504,89.22897742599946,4.913678169250488,5.417735576629639,True
SENT_1222,SENT,PNT2,replace,7,nó,hấn,1,1,True,standard_word,Pronouns,hắn; nghị,HaTinh_QB_QT,0.5040574073791504,89.22897742599946,4.913678169250488,5.417735576629639,True
SENT_1239,SENT,PNN,replace,0,không,hông,1,1,True,dialect_phrase,Negation/Function words,không,NamBo,0.1574325561523437,8.799784208845153,3.9437365531921382,4.101169109344482,True
SENT_1239,SENT,PNN,replace,1,không,hông,1,1,True,dialect_phrase,Negation/Function words,không,NamBo,0.1574325561523437,8.799784208845153,3.9437365531921382,4.101169109344482,True
SENT_1239,SENT,PNT2,replace,0,không,nỏ,1,1,True,dialect_phrase,Negation/Function words,không,HaTinh_QB_QT; NgheAn,1.7796955108642578,254.34208495127177,3.9437365531921382,5.7234320640563965,True
SENT_1239,SENT,PNT2,replace,1,gì,chi,1,1,True,dialect_phrase,Interrogatives,gì,HaTinh_QB_QT; NgheAn,1.7796955108642578,254.34208495127177,3.9437365531921382,5.7234320640563965,True
SENT_1239,SENT,PNT2,replace,2,không,nỏ,1,1,True,dialect_phrase,Negation/Function words,không,HaTinh_QB_QT; NgheAn,1.7796955108642578,254.34208495127177,3.9437365531921382,5.7234320640563965,True
SENT_1239,SENT,PNT2,replace,3,thấy,chộ,1,1,True,dialect_phrase,Predicate vocabulary,thấy,HaTinh_QB_QT,1.7796955108642578,254.34208495127177,3.9437365531921382,5.7234320640563965,True
SENT_1239,SENT,PNT3,replace,0,này,ni,1,1,True,dialect_phrase,Demonstratives/Deixis,này,HaTinh_QB_QT; Hue,1.9507293701171875,311.41181300984533,3.9437365531921382,5.894465923309326,True
SENT_1239,SENT,PNT3,replace,1,gì,chi,1,1,True,dialect_phrase,Interrogatives,gì; sao / thế nào,HaTinh_QB_QT; Hue,1.9507293701171875,311.41181300984533,3.9437365531921382,5.894465923309326,True
SENT_1239,SENT,PNT3,replace,2,thấy,chộ,1,1,True,dialect_phrase,Predicate vocabulary,thấy,HaTinh_QB_QT; Hue,1.9507293701171875,311.41181300984533,3.9437365531921382,5.894465923309326,True
SENT_1338,SENT,PNN,replace,0,mồm,miệng,1,1,False,none,Predicate vocabulary,,,0.7246041297912598,344.8401451273649,5.781126499176025,6.505730628967285,True
SENT_1338,SENT,PNN,replace,1,rộng toang toác,bô bô,3,2,False,none,Idiomatic expressions,,,0.7246041297912598,344.8401451273649,5.781126499176025,6.505730628967285,True
SENT_1338,SENT,PNN,replace,2,như thế nhỉ,vậy ta,3,2,False,none,Interrogatives,,,0.7246041297912598,344.8401451273649,5.781126499176025,6.505730628967285,True
SENT_1338,SENT,PNT1,replace,0,toác,hoang,1,1,False,none,Predicate vocabulary,,,0.022592544555664,7.406135104845134,5.781126499176025,5.8037190437316895,True
SENT_1338,SENT,PNT1,replace,1,thế nhỉ,rứa nhể,2,2,False,none,Demonstratives/Deixis,,,0.022592544555664,7.406135104845134,5.781126499176025,5.8037190437316895,True
SENT_1338,SENT,PNT2,replace,0,này,ni,1,1,True,dialect_phrase,Demonstratives/Deixis,này,HaTinh_QB_QT; NgheAn,0.7217330932617188,342.92227876243004,5.781126499176025,6.502859592437744,True
SENT_1338,SENT,PNT2,replace,1,nó,hấn,1,1,True,standard_word,Pronouns,hắn; nghị,HaTinh_QB_QT,0.7217330932617188,342.92227876243004,5.781126499176025,6.502859592437744,True
SENT_1338,SENT,PNT2,replace,2,thế nhỉ,rứa hầy,2,2,False,none,Demonstratives/Deixis,,,0.7217330932617188,342.92227876243004,5.781126499176025,6.502859592437744,True
SENT_1338,SENT,PNT3,replace,0,sao,răng,1,1,True,dialect_phrase,Interrogatives,sao / thế nào,HaTinh_QB_QT; Hue,0.6044669151306152,269.11255291027754,5.781126499176025,6.385593414306641,True
SENT_1338,SENT,PNT3,replace,1,này,ni,1,1,True,dialect_phrase,Demonstratives/Deixis,này,HaTinh_QB_QT; Hue,0.6044669151306152,269.11255291027754,5.781126499176025,6.385593414306641,True
SENT_1338,SENT,PNT3,replace,2,nó,hắn,1,1,True,dialect_phrase,Pronouns,nó,HaTinh_QB_QT; Hue,0.6044669151306152,269.11255291027754,5.781126499176025,6.385593414306641,True
SENT_1338,SENT,PNT3,replace,3,thế nhỉ,rứa hè,2,2,True,dialect_phrase,Idiomatic expressions,vậy nhỉ,HaTinh_QB_QT; Hue,0.6044669151306152,269.11255291027754,5.781126499176025,6.385593414306641,True
SENT_1410,SENT,PNB,replace,0,vương nỏ,giương ná,2,2,False,none,Noise/Non-linguistic,,,-0.2301182746887207,-34.856527349793424,5.133255958557129,4.903137683868408,False
SENT_1410,SENT,PNB,replace,1,đame,dame,1,1,False,none,Noise/Non-linguistic,,,-0.2301182746887207,-34.856527349793424,5.133255958557129,4.903137683868408,False
SENT_1410,SENT,PNB,delete,2,còn,,1,0,False,none,Unknown,,,-0.2301182746887207,-34.856527349793424,5.133255958557129,4.903137683868408,False
SENT_1410,SENT,PNN,replace,0,hôm,bữa,1,1,False,none,Predicate vocabulary,,,0.3878741264343261,80.34897781455399,5.133255958557129,5.521130084991455,True
SENT_1410,SENT,PNN,replace,1,vào,vô,1,1,False,none,Connectives/Aspect markers,,,0.3878741264343261,80.34897781455399,5.133255958557129,5.521130084991455,True
SENT_1410,SENT,PNN,replace,2,ngờ,dè,1,1,False,none,Predicate vocabulary,,,0.3878741264343261,80.34897781455399,5.133255958557129,5.521130084991455,True
SENT_1410,SENT,PNN,replace,3,không,hông,1,1,True,dialect_phrase,Negation/Function words,không,NamBo,0.3878741264343261,80.34897781455399,5.133255958557129,5.521130084991455,True
SENT_1410,SENT,PNT1,replace,0,có,cúa,1,1,False,none,Orthographic variant,,,0.9706525802612304,278.0355048904214,5.133255958557129,6.103908538818359,False
SENT_1410,SENT,PNT1,replace,1,tao,tau,1,1,True,standard_word,Pronouns,choa,ThanhHoa,0.9706525802612304,278.0355048904214,5.133255958557129,6.103908538818359,True
SENT_1410,SENT,PNT1,replace,2,con,cuôn,1,1,False,none,Orthographic variant,,,0.9706525802612304,278.0355048904214,5.133255958557129,6.103908538818359,False
SENT_1410,SENT,PNT1,replace,3,nó,hấn,1,1,False,none,Pronouns,,,0.9706525802612304,278.0355048904214,5.133255958557129,6.103908538818359,True
SENT_1410,SENT,PNT1,replace,4,tao,tau,1,1,True,standard_word,Pronouns,choa,ThanhHoa,0.9706525802612304,278.0355048904214,5.133255958557129,6.103908538818359,True
SENT_1410,SENT,PNT2,replace,0,hôm tao,bựa tau,2,2,False,none,Pronouns,,,0.9584364891052246,272.60079868977493,5.133255958557129,6.0916924476623535,True
SENT_1410,SENT,PNT2,replace,1,vào,vô,1,1,False,none,Connectives/Aspect markers,,,0.9584364891052246,272.60079868977493,5.133255958557129,6.0916924476623535,True
SENT_1410,SENT,PNT2,replace,2,vào,vô,1,1,False,none,Connectives/Aspect markers,,,0.9584364891052246,272.60079868977493,5.133255958557129,6.0916924476623535,True
SENT_1410,SENT,PNT2,replace,3,tao không,tau nỏ,2,2,False,none,Pronouns,,,0.9584364891052246,272.60079868977493,5.133255958557129,6.0916924476623535,True
SENT_1410,SENT,PNT3,replace,0,hôm tao,bựa tau,2,2,False,none,Pronouns,,,1.331606388092041,472.6076320414296,5.133255958557129,6.46486234664917,True
SENT_1410,SENT,PNT3,replace,1,vương,dương,1,1,False,none,Orthographic variant,,,1.331606388092041,472.6076320414296,5.133255958557129,6.46486234664917,False
SENT_1410,SENT,PNT3,replace,2,tính,định,1,1,False,none,Predicate vocabulary,,,1.331606388092041,472.6076320414296,5.133255958557129,6.46486234664917,True
SENT_1410,SENT,PNT3,replace,3,vào,vô kì,1,2,False,none,Predicate vocabulary,,,1.331606388092041,472.6076320414296,5.133255958557129,6.46486234664917,True
SENT_1410,SENT,PNT3,replace,4,nó,hắn,1,1,True,dialect_phrase,Pronouns,nó,HaTinh_QB_QT; Hue,1.331606388092041,472.6076320414296,5.133255958557129,6.46486234664917,True
SENT_1410,SENT,PNT3,replace,5,vào,vô,1,1,False,none,Connectives/Aspect markers,,,1.331606388092041,472.6076320414296,5.133255958557129,6.46486234664917,True
SENT_1410,SENT,PNT3,replace,6,tao không,tau nỏ,2,2,False,none,Pronouns,,,1.331606388092041,472.6076320414296,5.133255958557129,6.46486234664917,True
SENT_1410,SENT,PNT3,replace,7,chơi nữa,dởi nựa,2,2,False,none,Predicate vocabulary,,,1.331606388092041,472.6076320414296,5.133255958557129,6.46486234664917,True
SENT_1485,SENT,PNB,replace,0,chôm,trộm,1,1,False,none,Predicate vocabulary,,,-0.406595230102539,-117.70717432234876,5.864555835723877,5.457960605621338,True
SENT_1485,SENT,PNN,replace,0,nhanh thế,lẹ dữ hồi,2,3,False,none,Predicate vocabulary,,,0.7893857955932617,423.5107366046418,5.864555835723877,6.653941631317139,True
SENT_1485,SENT,PNN,insert,1,,tới,0,1,False,none,Unknown,,,0.7893857955932617,423.5107366046418,5.864555835723877,6.653941631317139,False
SENT_1485,SENT,PNT1,replace,0,chôm,trộm,1,1,False,none,Predicate vocabulary,,,-1.1060376167297363,-235.75256878177169,5.864555835723877,4.758518218994141,True
SENT_1485,SENT,PNT1,replace,1,ngàng,hàng mà,1,2,False,none,Noise/Non-linguistic,,,-1.1060376167297363,-235.75256878177169,5.864555835723877,4.758518218994141,False
SENT_1485,SENT,PNT2,replace,0,sao,răng,1,1,True,dialect_phrase,Interrogatives,sao / thế nào,HaTinh_QB_QT; NgheAn,-0.4706296920776367,-132.25992967675586,5.864555835723877,5.39392614364624,True
SENT_1485,SENT,PNT2,replace,1,thế,rứa,1,1,True,dialect_phrase,Demonstratives/Deixis,vậy / thế,NgheAn,-0.4706296920776367,-132.25992967675586,5.864555835723877,5.39392614364624,True
SENT_1485,SENT,PNT2,replace,2,chôm,cướp,1,1,False,none,Predicate vocabulary,,,-0.4706296920776367,-132.25992967675586,5.864555835723877,5.39392614364624,True
SENT_1485,SENT,PNT3,replace,0,sao bắt nhanh thế,răng tóm lẹ rứa,4,4,False,none,Interrogatives,,,0.1221709251403808,45.78373685475617,5.864555835723877,5.986726760864258,True
SENT_1485,SENT,PNT3,replace,1,ngàng,hàng,1,1,False,none,Orthographic variant,,,0.1221709251403808,45.78373685475617,5.864555835723877,5.986726760864258,False
SENT_1485,SENT,PNT3,replace,2,bắt,tóm,1,1,False,none,Predicate vocabulary,,,0.1221709251403808,45.78373685475617,5.864555835723877,5.986726760864258,True
SENT_1485,SENT,PNT4,replace,0,thế,rứa,1,1,True,standard_word,Demonstratives/Deixis,như dậy; như rứa; như vậy,PhuYen; QuangNam; QuangNgai,-0.4375052452087402,-124.84829965231756,5.864555835723877,5.427050590515137,True
SENT_1546,SENT,PNN,replace,0,không,hông,1,1,True,dialect_phrase,Negation/Function words,không,NamBo,0.132049560546875,16.818389744109652,4.780299663543701,4.912349224090576,True
SENT_1546,SENT,PNT2,replace,0,nó,hấn,1,1,True,standard_word,Pronouns,hắn; nghị,HaTinh_QB_QT,1.206632137298584,279.0509578252693,4.780299663543701,5.986931800842285,True
SENT_1546,SENT,PNT2,replace,1,đỗ đâu,đậu mô,2,2,False,none,Interrogatives,,,1.206632137298584,279.0509578252693,4.780299663543701,5.986931800842285,True
SENT_1546,SENT,PNT2,replace,2,nó đỗ,hấn đậu,2,2,False,none,Predicate vocabulary,,,1.206632137298584,279.0509578252693,4.780299663543701,5.986931800842285,True
SENT_1546,SENT,PNT2,replace,3,không,nỏ,1,1,True,dialect_phrase,Negation/Function words,không,HaTinh_QB_QT; NgheAn,1.206632137298584,279.0509578252693,4.780299663543701,5.986931800842285,True
SENT_1546,SENT,PNT3,replace,0,nó thích đỗ đâu,hắn ưng đậu mô,4,4,False,none,Interrogatives,,,0.3531317710876465,50.45803881816653,4.780299663543701,5.133431434631348,True
SENT_1546,SENT,PNT3,replace,1,nó đỗ mình thích,hắn đậu miềng ưng,4,4,False,none,Pronouns,,,0.3531317710876465,50.45803881816653,4.780299663543701,5.133431434631348,True
SENT_1546,SENT,PNT3,replace,2,mình,miềng,1,1,False,none,Pronouns,,,0.3531317710876465,50.45803881816653,4.780299663543701,5.133431434631348,True
SENT_1546,SENT,PNT3,replace,3,chứ mình không,chơ miềng nỏ,3,3,False,none,Pronouns,,,0.3531317710876465,50.45803881816653,4.780299663543701,5.133431434631348,True
SENT_1546,SENT,PNT4,replace,0,nó,hắn,1,1,True,standard_word,Pronouns,hén; nó,PhuYen; QuangNam; QuangNgai,0.2408928871154785,32.45193052922113,4.780299663543701,5.02119255065918,True
SENT_1546,SENT,PNT4,replace,1,nó,hắn,1,1,True,standard_word,Pronouns,hén; nó,PhuYen; QuangNam; QuangNgai,0.2408928871154785,32.45193052922113,4.780299663543701,5.02119255065918,True
SENT_1579,SENT,PNB,replace,0,mắc ói,buồn nôn,2,2,False,none,Idiomatic expressions,,,-0.2078189849853515,-16.47500473889066,4.475042819976807,4.267223834991455,True
SENT_1579,SENT,PNB,replace,1,đó,đấy,1,1,True,standard_word,Demonstratives/Deixis,ấy,BacBo,-0.2078189849853515,-16.47500473889066,4.475042819976807,4.267223834991455,True
SENT_1579,SENT,PNN,replace,0,khi,chừng,1,1,False,none,Connectives/Aspect markers,,,0.0942111015319824,8.67374729923607,4.475042819976807,4.569253921508789,True
SENT_1579,SENT,PNN,replace,1,không,hông,1,1,True,dialect_phrase,Negation/Function words,không,NamBo,0.0942111015319824,8.67374729923607,4.475042819976807,4.569253921508789,True
SENT_1579,SENT,PNN,replace,2,khi,chừng,1,1,False,none,Connectives/Aspect markers,,,0.0942111015319824,8.67374729923607,4.475042819976807,4.569253921508789,True
SENT_1579,SENT,PNT1,replace,0,xò lông,dẩm,2,1,False,none,Idiomatic expressions,,,0.2372632026672363,23.51018434849487,4.475042819976807,4.712306022644043,True
SENT_1579,SENT,PNT2,replace,0,nào tao,mô tau,2,2,False,none,Interrogatives,,,1.8210220336914065,454.63479104363046,4.475042819976807,6.296064853668213,True
SENT_1579,SENT,PNT2,replace,1,tao,tau,1,1,True,dialect_phrase,Pronouns,tao,HaTinh_QB_QT,1.8210220336914065,454.63479104363046,4.475042819976807,6.296064853668213,True
SENT_1579,SENT,PNT2,replace,2,đó tao,nớ tau,2,2,False,none,Pronouns,,,1.8210220336914065,454.63479104363046,4.475042819976807,6.296064853668213,True
SENT_1579,SENT,PNT3,replace,0,nào tao nhìn,mô tau chộ,3,3,False,none,Interrogatives,,,1.973071575164795,543.7120305236726,4.475042819976807,6.448114395141602,True
SENT_1579,SENT,PNT3,replace,1,tao không mắc ói,tau nỏ buồn oẹ,4,4,False,none,Pronouns,,,1.973071575164795,543.7120305236726,4.475042819976807,6.448114395141602,True
SENT_1579,SENT,PNT3,replace,2,đó tao,nớ tau,2,2,False,none,Pronouns,,,1.973071575164795,543.7120305236726,4.475042819976807,6.448114395141602,True
SENT_1626,SENT,PNB,replace,0,vid,video,1,1,False,none,Orthographic variant,,,-0.7027449607849121,-163.77302780949586,5.7821221351623535,5.079377174377441,False
SENT_1626,SENT,PNB,delete,1,về,,1,0,True,standard_word,Predicate vocabulary,về,BacBo,-0.7027449607849121,-163.77302780949586,5.7821221351623535,5.079377174377441,False
SENT_1626,SENT,PNN,replace,0,xem,coi,1,1,False,none,Predicate vocabulary,,,0.586946964263916,259.06740139676475,5.7821221351623535,6.3690690994262695,True
SENT_1626,SENT,PNN,replace,1,và,với,1,1,False,none,Connectives/Aspect markers,,,0.586946964263916,259.06740139676475,5.7821221351623535,6.3690690994262695,True
SENT_1626,SENT,PNN,replace,2,thật,thiệt,1,1,True,dialect_phrase,Connectives/Aspect markers,thật,NamBo,0.586946964263916,259.06740139676475,5.7821221351623535,6.3690690994262695,True
SENT_1626,SENT,PNN,replace,3,thật đấy,thiệt đó,2,2,False,none,Predicate vocabulary,,,0.586946964263916,259.06740139676475,5.7821221351623535,6.3690690994262695,True
SENT_1626,SENT,PNT1,replace,0,xem,cuôi,1,1,False,none,Orthographic variant,,,0.2403912544250488,88.16737345732685,5.7821221351623535,6.022513389587402,False
SENT_1626,SENT,PNT1,replace,1,này,ni,1,1,True,dialect_phrase,Demonstratives/Deixis,này,ThanhHoa,0.2403912544250488,88.16737345732685,5.7821221351623535,6.022513389587402,True
SENT_1626,SENT,PNT1,replace,2,này cơ cực thật đấy,ni khổ kinh,5,3,False,none,Demonstratives/Deixis,,,0.2403912544250488,88.16737345732685,5.7821221351623535,6.022513389587402,True
SENT_1626,SENT,PNT2,replace,0,này,ni,1,1,True,dialect_phrase,Demonstratives/Deixis,này,HaTinh_QB_QT; NgheAn,0.1063208580017089,36.39603100552034,5.7821221351623535,5.8884429931640625,True
SENT_1626,SENT,PNT2,replace,1,này,ni,1,1,True,dialect_phrase,Demonstratives/Deixis,này,HaTinh_QB_QT; NgheAn,0.1063208580017089,36.39603100552034,5.7821221351623535,5.8884429931640625,True
SENT_1626,SENT,PNT3,replace,0,này,ni,1,1,True,dialect_phrase,Demonstratives/Deixis,này,HaTinh_QB_QT; Hue,0.6013913154602051,267.55705421774536,5.7821221351623535,6.383513450622559,True
SENT_1626,SENT,PNT3,replace,1,và,với,1,1,False,none,Connectives/Aspect markers,,,0.6013913154602051,267.55705421774536,5.7821221351623535,6.383513450622559,True
SENT_1626,SENT,PNT3,replace,2,thật giờ,thiệt chừ,2,2,False,none,Demonstratives/Deixis,,,0.6013913154602051,267.55705421774536,5.7821221351623535,6.383513450622559,True
SENT_1626,SENT,PNT3,replace,3,này cơ,ni,2,1,True,dialect_phrase,Demonstratives/Deixis,này,HaTinh_QB_QT; Hue,0.6013913154602051,267.55705421774536,5.7821221351623535,6.383513450622559,True
SENT_1626,SENT,PNT3,replace,4,thật đấy,thiệt á,2,2,False,none,Predicate vocabulary,,,0.6013913154602051,267.55705421774536,5.7821221351623535,6.383513450622559,True
SENT_1626,SENT,PNT4,replace,0,xem,coi,1,1,True,dialect_phrase,Predicate vocabulary,thấy,PhuYen; QuangNgai,0.055032730102539,18.35565150082391,5.7821221351623535,5.837154865264893,True
SENT_1626,SENT,PNT4,replace,1,thật đấy,ghê lắm,2,2,False,none,Discourse particles,,,0.055032730102539,18.35565150082391,5.7821221351623535,5.837154865264893,True
SENT_1655,SENT,PNN,delete,0,rất,,1,0,True,standard_word,Predicate vocabulary,dữ,NamBo,0.3764758110046386,72.03107792133272,5.0598626136779785,5.436338424682617,False
SENT_1655,SENT,PNN,insert,1,,dữ,0,1,True,dialect_phrase,Predicate vocabulary,rất,NamBo,0.3764758110046386,72.03107792133272,5.0598626136779785,5.436338424682617,False
SENT_1655,SENT,PNN,replace,2,không,hông,1,1,True,dialect_phrase,Negation/Function words,không,NamBo,0.3764758110046386,72.03107792133272,5.0598626136779785,5.436338424682617,True
SENT_1655,SENT,PNN,replace,3,đùa,giỡn,1,1,False,none,Predicate vocabulary,,,0.3764758110046386,72.03107792133272,5.0598626136779785,5.436338424682617,True
SENT_1655,SENT,PNT1,replace,0,chừng,khéo lại,1,2,False,none,Predicate vocabulary,,,0.0870909690856933,14.338124350473578,5.0598626136779785,5.146953582763672,True
SENT_1655,SENT,PNT2,replace,0,chứ,chơ,1,1,True,dialect_phrase,Connectives/Aspect markers,chứ,HaTinh_QB_QT,0.1772150993347168,30.55069200603225,5.0598626136779785,5.237077713012695,True
SENT_1655,SENT,PNT3,replace,0,chút nhưng,tí đều,2,2,False,none,Predicate vocabulary,,,0.1678571701049804,28.798493746278268,5.0598626136779785,5.227719783782959,True
SENT_1655,SENT,PNT3,replace,1,không,coi,1,1,True,dialect_phrase,Predicate vocabulary,xem,HaTinh_QB_QT,0.1678571701049804,28.798493746278268,5.0598626136779785,5.227719783782959,True
SENT_1655,SENT,PNT3,replace,2,ấy chứ,đó chơ,2,2,False,none,Predicate vocabulary,,,0.1678571701049804,28.798493746278268,5.0598626136779785,5.227719783782959,True
SENT_1655,SENT,PNT4,replace,0,ấy chứ,đó bớt,2,2,False,none,Demonstratives/Deixis,,,-0.2376022338867187,-33.32325113608455,5.0598626136779785,4.82226037979126,True
SENT_1726,SENT,PNB,replace,0,halo,hãm,1,1,False,none,Noise/Non-linguistic,,,-0.2781057357788086,-33.85344002982656,4.937626838684082,4.659521102905273,False
SENT_1726,SENT,PNB,replace,1,hết,nữa,1,1,False,none,Negation/Function words,,,-0.2781057357788086,-33.85344002982656,4.937626838684082,4.659521102905273,True
SENT_1726,SENT,PNN,replace,0,lâu lâu,thảng thảng,2,2,False,none,Predicate vocabulary,,,0.6719589233398438,133.59216923489996,4.937626838684082,5.609585762023926,True
SENT_1726,SENT,PNN,replace,1,thế này,vậy,2,1,True,dialect_phrase,Demonstratives/Deixis,thế này / vậy; vậy / thế,NamBo,0.6719589233398438,133.59216923489996,4.937626838684082,5.609585762023926,True
SENT_1726,SENT,PNN,replace,2,không,hông,1,1,True,dialect_phrase,Negation/Function words,không,NamBo,0.6719589233398438,133.59216923489996,4.937626838684082,5.609585762023926,True
SENT_1726,SENT,PNN,replace,3,xem,coi,1,1,False,none,Predicate vocabulary,,,0.6719589233398438,133.59216923489996,4.937626838684082,5.609585762023926,True
SENT_1726,SENT,PNT2,replace,0,thế này,như ri,2,2,True,dialect_phrase,Demonstratives/Deixis,như thế này,HaTinh_QB_QT; NgheAn,0.7904090881347656,167.92604233152136,4.937626838684082,5.728035926818848,True
SENT_1726,SENT,PNT2,replace,1,không,nỏ,1,1,True,dialect_phrase,Negation/Function words,không,HaTinh_QB_QT; NgheAn,0.7904090881347656,167.92604233152136,4.937626838684082,5.728035926818848,True
SENT_1726,SENT,PNT2,replace,2,gì,chi,1,1,True,dialect_phrase,Interrogatives,gì,HaTinh_QB_QT; NgheAn,0.7904090881347656,167.92604233152136,4.937626838684082,5.728035926818848,True
SENT_1726,SENT,PNT3,insert,0,,đại,0,1,False,none,Unknown,,,1.2778143882751465,360.97779235738074,4.937626838684082,6.2154412269592285,False
SENT_1726,SENT,PNT3,replace,1,lâu mới,mì,2,1,False,none,Connectives/Aspect markers,,,1.2778143882751465,360.97779235738074,4.937626838684082,6.2154412269592285,True
SENT_1726,SENT,PNT3,replace,2,thế này,như ri,2,2,True,dialect_phrase,Demonstratives/Deixis,như thế này; thế này / vậy,HaTinh_QB_QT; Hue,1.2778143882751465,360.97779235738074,4.937626838684082,6.2154412269592285,True
SENT_1726,SENT,PNT3,replace,3,không,chơ nỏ,1,2,True,standard_word,Negation/Function words,nỏ,HaTinh_QB_QT,1.2778143882751465,360.97779235738074,4.937626838684082,6.2154412269592285,True
SENT_1726,SENT,PNT3,replace,4,gì,chi,1,1,True,dialect_phrase,Interrogatives,gì; sao / thế nào,HaTinh_QB_QT; Hue,1.2778143882751465,360.97779235738074,4.937626838684082,6.2154412269592285,True
SENT_1726,SENT,PNT3,replace,5,xem,nựa coi,1,2,True,standard_word,Predicate vocabulary,coi; ngó,HaTinh_QB_QT,1.2778143882751465,360.97779235738074,4.937626838684082,6.2154412269592285,True
SENT_1726,SENT,PNT4,replace,0,gì,chi,1,1,True,dialect_phrase,Interrogatives,gì,QuangNam,0.2501792907714844,39.6363082562784,4.937626838684082,5.187806129455566,True
SENT_1726,SENT,PNT4,replace,1,xem,coi,1,1,True,dialect_phrase,Predicate vocabulary,thấy,PhuYen; QuangNgai,0.2501792907714844,39.6363082562784,4.937626838684082,5.187806129455566,True
SENT_1726,SENT,PNT4,replace,2,bất hạnh,khổ,2,1,False,none,Predicate vocabulary,,,0.2501792907714844,39.6363082562784,4.937626838684082,5.187806129455566,True
SENT_1771,SENT,PNN,replace,0,thế,vậy,1,1,True,dialect_phrase,Demonstratives/Deixis,thế này / vậy; vậy / thế,NamBo,-0.0690770149230957,-33.106278986501934,6.2065958976745605,6.137518882751465,True
SENT_1771,SENT,PNT1,replace,0,này,ni,1,1,True,dialect_phrase,Demonstratives/Deixis,này,ThanhHoa,0.786217212677002,592.7701248279764,6.2065958976745605,6.9928131103515625,True
SENT_1771,SENT,PNT2,replace,0,gì,chi,1,1,True,dialect_phrase,Interrogatives,gì,HaTinh_QB_QT; NgheAn,0.970034122467041,812.4813249967328,6.2065958976745605,7.176630020141602,True
SENT_1771,SENT,PNT2,replace,1,cái này,cấy ni,2,2,False,none,Demonstratives/Deixis,,,0.970034122467041,812.4813249967328,6.2065958976745605,7.176630020141602,True
SENT_1771,SENT,PNT2,replace,2,thế,rứa,1,1,True,dialect_phrase,Demonstratives/Deixis,vậy / thế,NgheAn,0.970034122467041,812.4813249967328,6.2065958976745605,7.176630020141602,True
SENT_1771,SENT,PNT3,replace,0,mày,mi,1,1,True,dialect_phrase,Pronouns,mày,HaTinh_QB_QT; Hue,0.5297141075134277,346.4364649620699,6.2065958976745605,6.736310005187988,True
SENT_1771,SENT,PNT3,replace,1,gì,chi,1,1,True,dialect_phrase,Interrogatives,gì; sao / thế nào,HaTinh_QB_QT; Hue,0.5297141075134277,346.4364649620699,6.2065958976745605,6.736310005187988,True
SENT_1771,SENT,PNT3,replace,2,cái này luôn thế,cấy ni rứa,4,3,False,none,Demonstratives/Deixis,,,0.5297141075134277,346.4364649620699,6.2065958976745605,6.736310005187988,True
SENT_1771,SENT,PNT4,replace,0,thế,rứa,1,1,True,standard_word,Demonstratives/Deixis,như dậy; như rứa; như vậy,PhuYen; QuangNam; QuangNgai,-0.4437155723571777,-177.74619267673285,6.2065958976745605,5.762880325317383,True
SENT_1894,SENT,PNB,replace,0,thi,thu,1,1,False,none,Noise/Non-linguistic,,,-0.3591246604919433,-40.59367052101744,4.901892185211182,4.542767524719238,False
SENT_1894,SENT,PNB,replace,1,gấu,người yêu,1,2,False,none,Predicate vocabulary,,,-0.3591246604919433,-40.59367052101744,4.901892185211182,4.542767524719238,True
SENT_1894,SENT,PNN,replace,0,đến việc,tới vụ,2,2,False,none,Predicate vocabulary,,,0.0368237495422363,5.046769243998483,4.901892185211182,4.938715934753418,True
SENT_1894,SENT,PNN,replace,1,gấu,bồ,1,1,False,none,Predicate vocabulary,,,0.0368237495422363,5.046769243998483,4.901892185211182,4.938715934753418,True
SENT_1894,SENT,PNN,replace,2,xem,coi,1,1,False,none,Predicate vocabulary,,,0.0368237495422363,5.046769243998483,4.901892185211182,4.938715934753418,True
SENT_1894,SENT,PNT1,replace,0,có,cúa,1,1,False,none,Orthographic variant,,,0.7735376358032227,157.06953191323214,4.901892185211182,5.675429821014404,False
SENT_1894,SENT,PNT1,replace,1,tao,tau,1,1,True,standard_word,Pronouns,choa,ThanhHoa,0.7735376358032227,157.06953191323214,4.901892185211182,5.675429821014404,True
SENT_1894,SENT,PNT1,replace,2,cho,chua,1,1,False,none,Predicate vocabulary,,,0.7735376358032227,157.06953191323214,4.901892185211182,5.675429821014404,True
SENT_1894,SENT,PNT1,replace,3,xem,xiêm,1,1,False,none,Orthographic variant,,,0.7735376358032227,157.06953191323214,4.901892185211182,5.675429821014404,False
SENT_1894,SENT,PNT1,replace,4,đó,nứ,1,1,True,dialect_phrase,Demonstratives/Deixis,ấy / đó,ThanhHoa,0.7735376358032227,157.06953191323214,4.901892185211182,5.675429821014404,True
SENT_1894,SENT,PNT2,replace,0,gì,chi,1,1,True,dialect_phrase,Interrogatives,gì,HaTinh_QB_QT; NgheAn,0.6950182914733887,135.0480866631039,4.901892185211182,5.59691047668457,True
SENT_1894,SENT,PNT2,replace,1,tao,tau,1,1,True,dialect_phrase,Pronouns,tao,HaTinh_QB_QT,0.6950182914733887,135.0480866631039,4.901892185211182,5.59691047668457,True
SENT_1894,SENT,PNT2,replace,2,đó,nớ,1,1,True,dialect_phrase,Demonstratives/Deixis,ấy / đó,HaTinh_QB_QT; NgheAn,0.6950182914733887,135.0480866631039,4.901892185211182,5.59691047668457,True
SENT_1894,SENT,PNT2,replace,3,chơi,nhởi,1,1,False,none,Predicate vocabulary,,,0.6950182914733887,135.0480866631039,4.901892185211182,5.59691047668457,True
SENT_1894,SENT,PNT3,replace,0,gì,chi,1,1,True,dialect_phrase,Interrogatives,gì; sao / thế nào,HaTinh_QB_QT; Hue,0.969151496887207,220.07477521581308,4.901892185211182,5.871043682098389,True
SENT_1894,SENT,PNT3,replace,1,tao,tau,1,1,True,dialect_phrase,Pronouns,tao; tôi,HaTinh_QB_QT; Hue,0.969151496887207,220.07477521581308,4.901892185211182,5.871043682098389,True
SENT_1894,SENT,PNT3,replace,2,xem,ngó,1,1,True,dialect_phrase,Predicate vocabulary,nhìn; xem,HaTinh_QB_QT,0.969151496887207,220.07477521581308,4.901892185211182,5.871043682098389,True
SENT_1894,SENT,PNT3,replace,3,đó dắt,nớ đắc,2,2,False,none,Demonstratives/Deixis,,,0.969151496887207,220.07477521581308,4.901892185211182,5.871043682098389,True
SENT_1894,SENT,PNT3,replace,4,chơi,rượng,1,1,False,none,Predicate vocabulary,,,0.969151496887207,220.07477521581308,4.901892185211182,5.871043682098389,True
SENT_1908,SENT,PNN,replace,0,thế chân,vậy giò,2,2,False,none,Idiomatic expressions,,,0.5476217269897461,116.99329932915884,5.078011989593506,5.625633716583252,True
SENT_1908,SENT,PNN,replace,1,phải,tính,1,1,False,none,Predicate vocabulary,,,0.5476217269897461,116.99329932915884,5.078011989593506,5.625633716583252,True
SENT_1908,SENT,PNT1,replace,0,làm sao,mần răng,2,2,False,none,Interrogatives,,,0.9402403831481934,250.40518498341152,5.078011989593506,6.018252372741699,True
SENT_1908,SENT,PNT2,replace,0,tao,tau,1,1,True,dialect_phrase,Pronouns,tao,HaTinh_QB_QT,1.5552773475646973,599.5231343425123,5.078011989593506,6.633289337158203,True
SENT_1908,SENT,PNT2,replace,1,sao,chi,1,1,True,dialect_phrase,Interrogatives,gì,HaTinh_QB_QT; NgheAn,1.5552773475646973,599.5231343425123,5.078011989593506,6.633289337158203,True
SENT_1908,SENT,PNT3,replace,0,thế chân,rứa cẳng,2,2,False,none,Predicate vocabulary,,,2.0496253967285156,1085.4750830196394,5.078011989593506,7.1276373863220215,True
SENT_1908,SENT,PNT3,replace,1,tao,tau,1,1,True,dialect_phrase,Pronouns,tao; tôi,HaTinh_QB_QT; Hue,2.0496253967285156,1085.4750830196394,5.078011989593506,7.1276373863220215,True
SENT_1908,SENT,PNT3,delete,2,phải,,1,0,False,none,Unknown,,,2.0496253967285156,1085.4750830196394,5.078011989593506,7.1276373863220215,False
SENT_1908,SENT,PNT3,replace,3,sao,răng,1,1,True,dialect_phrase,Interrogatives,sao / thế nào,HaTinh_QB_QT; Hue,2.0496253967285156,1085.4750830196394,5.078011989593506,7.1276373863220215,True
SENT_1908,SENT,PNT3,replace,4,cái,kì,1,1,True,dialect_phrase,Negation/Function words,cái,HaTinh_QB_QT,2.0496253967285156,1085.4750830196394,5.078011989593506,7.1276373863220215,True
SENT_1915,SENT,PNN,replace,0,khi,lúc,1,1,False,none,Connectives/Aspect markers,,,0.4142570495605469,137.4364208458984,5.590161323547363,6.00441837310791,True
SENT_1915,SENT,PNN,replace,1,mẹ,má,1,1,False,none,Kinship/Honorific terms,,,0.4142570495605469,137.4364208458984,5.590161323547363,6.00441837310791,True
SENT_1915,SENT,PNN,replace,2,không,hông,1,1,True,dialect_phrase,Negation/Function words,không,NamBo,0.4142570495605469,137.4364208458984,5.590161323547363,6.00441837310791,True
SENT_1915,SENT,PNT2,replace,0,nào mẹ làm,mô mệ mần,3,3,False,none,Interrogatives,,,0.5893611907958984,214.98257441411891,5.590161323547363,6.179522514343262,True
SENT_1915,SENT,PNT2,replace,1,này,ni,1,1,True,dialect_phrase,Demonstratives/Deixis,này,HaTinh_QB_QT; NgheAn,0.5893611907958984,214.98257441411891,5.590161323547363,6.179522514343262,True
SENT_1915,SENT,PNT3,replace,0,nào mẹ làm,mô mạ mần,3,3,False,none,Interrogatives,,,0.5372061729431152,190.44946868426496,5.590161323547363,6.1273674964904785,True
SENT_1915,SENT,PNT3,replace,1,này không,ni khung,2,2,False,none,Demonstratives/Deixis,,,0.5372061729431152,190.44946868426496,5.590161323547363,6.1273674964904785,True
SENT_1915,SENT,PNT4,replace,0,nào,mô,1,1,True,dialect_phrase,Interrogatives,đâu / nào,QuangNam,0.8907032012939453,384.7560198051376,5.590161323547363,6.480864524841309,True
SENT_1915,SENT,PNT4,replace,1,này,ni,1,1,True,dialect_phrase,Demonstratives/Deixis,này,QuangNam,0.8907032012939453,384.7560198051376,5.590161323547363,6.480864524841309,True
SENT_1971,SENT,PNN,replace,0,ấy đánh không,á uýnh hông,3,3,False,none,Negation/Function words,,,0.1232919692993164,51.593238399157144,5.974311351776123,6.0976033210754395,True
SENT_1971,SENT,PNN,replace,1,đánh,uýnh,1,1,False,none,Predicate vocabulary,,,0.1232919692993164,51.593238399157144,5.974311351776123,6.0976033210754395,True
SENT_1971,SENT,PNT1,replace,0,cức,cứt,1,1,False,none,Orthographic variant,,,0.035135269165039,14.060656658450569,5.974311351776123,6.009446620941162,False
SENT_1971,SENT,PNT1,replace,1,đánh,nhể oánh,1,2,False,none,Predicate vocabulary,,,0.035135269165039,14.060656658450569,5.974311351776123,6.009446620941162,True
SENT_1971,SENT,PNT1,replace,2,đánh,oách,1,1,False,none,Orthographic variant,,,0.035135269165039,14.060656658450569,5.974311351776123,6.009446620941162,False
SENT_1971,SENT,PNT2,replace,0,này,ni,1,1,True,dialect_phrase,Demonstratives/Deixis,này,HaTinh_QB_QT; NgheAn,0.1337013244628906,56.24740178691428,5.974311351776123,6.108012676239014,True
SENT_1971,SENT,PNT2,replace,1,lớn,nậy,1,1,True,dialect_phrase,Predicate vocabulary,lớn,HaTinh_QB_QT; NgheAn,0.1337013244628906,56.24740178691428,5.974311351776123,6.108012676239014,True
SENT_1971,SENT,PNT2,replace,2,sao ấy,răng rứa,2,2,False,none,Interrogatives,,,0.1337013244628906,56.24740178691428,5.974311351776123,6.108012676239014,True
SENT_1971,SENT,PNT2,replace,3,không,nỏ,1,1,True,dialect_phrase,Negation/Function words,không,HaTinh_QB_QT; NgheAn,0.1337013244628906,56.24740178691428,5.974311351776123,6.108012676239014,True
SENT_1971,SENT,PNT2,replace,4,nó,hấn,1,1,True,standard_word,Pronouns,hắn; nghị,HaTinh_QB_QT,0.1337013244628906,56.24740178691428,5.974311351776123,6.108012676239014,True
SENT_1971,SENT,PNT3,replace,0,này,ni,1,1,True,dialect_phrase,Demonstratives/Deixis,này,HaTinh_QB_QT; Hue,0.9550976753234864,628.6926586480243,5.974311351776123,6.929409027099609,True
SENT_1971,SENT,PNT3,replace,1,sao ấy,răng á,2,2,False,none,Interrogatives,,,0.9550976753234864,628.6926586480243,5.974311351776123,6.929409027099609,True
SENT_1971,SENT,PNT3,replace,2,tụi nó,bọn hắn,2,2,True,dialect_phrase,Pronouns,chúng nó,HaTinh_QB_QT,0.9550976753234864,628.6926586480243,5.974311351776123,6.929409027099609,True
SENT_1971,SENT,PNT4,replace,0,này,ni,1,1,True,dialect_phrase,Demonstratives/Deixis,này,QuangNam,0.7381668090820312,429.4094339917235,5.974311351776123,6.712478160858154,True
SENT_1971,SENT,PNT4,replace,1,sao,ren,1,1,True,dialect_phrase,Interrogatives,sao / thế nào,QuangNam,0.7381668090820312,429.4094339917235,5.974311351776123,6.712478160858154,True
SENT_1971,SENT,PNT4,replace,2,nó,hắn,1,1,True,standard_word,Pronouns,hén; nó,PhuYen; QuangNam; QuangNgai,0.7381668090820312,429.4094339917235,5.974311351776123,6.712478160858154,True
SENT_2129,SENT,PNB,replace,0,nào,này,1,1,True,dialect_phrase,Demonstratives/Deixis,này,BacBo,-0.389564037322998,-45.57547557020639,4.950563430786133,4.560999393463135,True
SENT_2129,SENT,PNN,replace,0,và,với,1,1,False,none,Connectives/Aspect markers,,,0.4233512878417969,74.45111525966922,4.950563430786133,5.37391471862793,True
SENT_2129,SENT,PNN,replace,1,nhé,nhen,1,1,True,dialect_phrase,Discourse particles,nha; nhé,NamBo,0.4233512878417969,74.45111525966922,4.950563430786133,5.37391471862793,True
SENT_2129,SENT,PNT1,replace,0,tao,tau,1,1,True,standard_word,Pronouns,choa,ThanhHoa,1.376650333404541,418.3407267403021,4.950563430786133,6.327213764190674,True
SENT_2129,SENT,PNT1,replace,1,thế nào,ri,2,1,False,none,Interrogatives,,,1.376650333404541,418.3407267403021,4.950563430786133,6.327213764190674,True
SENT_2129,SENT,PNT2,replace,0,tao,tau,1,1,True,dialect_phrase,Pronouns,tao,HaTinh_QB_QT,1.000349998474121,242.8495020764768,4.950563430786133,5.950913429260254,True
SENT_2129,SENT,PNT2,replace,1,thế nào,răng,2,1,True,dialect_phrase,Interrogatives,sao / thế nào,HaTinh_QB_QT; NgheAn,1.000349998474121,242.8495020764768,4.950563430786133,5.950913429260254,True
SENT_2129,SENT,PNT3,replace,0,tao,tau,1,1,True,dialect_phrase,Pronouns,tao; tôi,HaTinh_QB_QT; Hue,1.1847305297851562,320.62031840392615,4.950563430786133,6.135293960571289,True
SENT_2129,SENT,PNT3,replace,1,đã,đạ,1,1,True,dialect_phrase,Connectives/Aspect markers,đã,HaTinh_QB_QT,1.1847305297851562,320.62031840392615,4.950563430786133,6.135293960571289,True
SENT_2129,SENT,PNT3,replace,2,thế nào,răng,2,1,True,dialect_phrase,Interrogatives,sao / thế nào,HaTinh_QB_QT; Hue,1.1847305297851562,320.62031840392615,4.950563430786133,6.135293960571289,True
SENT_2129,SENT,PNT3,replace,3,nhé,nghe,1,1,True,dialect_phrase,Discourse particles,nha; nhé,HaTinh_QB_QT; Hue,1.1847305297851562,320.62031840392615,4.950563430786133,6.135293960571289,True
SENT_2129,SENT,PNT4,replace,0,kiểu như thế nào,rứa rồi,4,2,False,none,Interrogatives,,,-0.022010326385498,-3.075092242978087,4.950563430786133,4.928553104400635,True
SENT_2129,SENT,PNT4,replace,1,nhé,nghe,1,1,False,none,Discourse particles,,,-0.022010326385498,-3.075092242978087,4.950563430786133,4.928553104400635,True
SENT_2148,SENT,PNB,replace,0,má,mẹ,1,1,True,dialect_phrase,Kinship/Honorific terms,mẹ,BacBo,-0.4327807426452636,-73.38189952797552,5.341799736022949,4.9090189933776855,True
SENT_2148,SENT,PNB,replace,1,thấy mẹ hà,thế không biết,3,3,False,none,Idiomatic expressions,,,-0.4327807426452636,-73.38189952797552,5.341799736022949,4.9090189933776855,True
SENT_2148,SENT,PNT1,replace,0,má,mẹ,1,1,False,none,Kinship/Honorific terms,,,-0.2371783256530761,-44.10664193122548,5.341799736022949,5.104621410369873,True
SENT_2148,SENT,PNT1,replace,1,dữ,ghê,1,1,False,none,Predicate vocabulary,,,-0.2371783256530761,-44.10664193122548,5.341799736022949,5.104621410369873,True
SENT_2148,SENT,PNT2,replace,0,nào,mô,1,1,True,dialect_phrase,Interrogatives; Negation/Function words,đâu (phủ định); đâu / nào,HaTinh_QB_QT; NgheAn,0.6289048194885254,182.8932894029772,5.341799736022949,5.970704555511475,False
SENT_2148,SENT,PNT2,replace,1,nhìn thấy,chộ,2,1,True,dialect_phrase,Predicate vocabulary,thấy,HaTinh_QB_QT,0.6289048194885254,182.8932894029772,5.341799736022949,5.970704555511475,True
SENT_2148,SENT,PNT2,replace,2,đầu,trốc,1,1,False,none,Predicate vocabulary,,,0.6289048194885254,182.8932894029772,5.341799736022949,5.970704555511475,True
SENT_2148,SENT,PNT2,replace,3,gì,chi,1,1,True,dialect_phrase,Interrogatives,gì,HaTinh_QB_QT; NgheAn,0.6289048194885254,182.8932894029772,5.341799736022949,5.970704555511475,True
SENT_2148,SENT,PNT2,replace,4,dữ thấy,tợn bỏ,2,2,False,none,Predicate vocabulary,,,0.6289048194885254,182.8932894029772,5.341799736022949,5.970704555511475,True
SENT_2148,SENT,PNT2,replace,5,hà,rứa,1,1,True,dialect_phrase,Demonstratives/Deixis,vậy / thế,NgheAn,0.6289048194885254,182.8932894029772,5.341799736022949,5.970704555511475,True
SENT_2148,SENT,PNT3,replace,0,má,vãi,1,1,False,none,Kinship/Honorific terms,,,0.8438153266906738,276.82329883951695,5.341799736022949,6.185615062713623,True
SENT_2148,SENT,PNT3,replace,1,nào,mô,1,1,True,dialect_phrase,Interrogatives; Negation/Function words,đâu (phủ định); đâu / nào,HaTinh_QB_QT; Hue,0.8438153266906738,276.82329883951695,5.341799736022949,6.185615062713623,False
SENT_2148,SENT,PNT3,replace,2,nó,hắn,1,1,True,dialect_phrase,Pronouns,nó,HaTinh_QB_QT; Hue,0.8438153266906738,276.82329883951695,5.341799736022949,6.185615062713623,True
SENT_2148,SENT,PNT3,replace,3,nó,hắn,1,1,True,dialect_phrase,Pronouns,nó,HaTinh_QB_QT; Hue,0.8438153266906738,276.82329883951695,5.341799736022949,6.185615062713623,True
SENT_2148,SENT,PNT3,replace,4,gì,chi,1,1,True,dialect_phrase,Interrogatives,gì; sao / thế nào,HaTinh_QB_QT; Hue,0.8438153266906738,276.82329883951695,5.341799736022949,6.185615062713623,True
SENT_2148,SENT,PNT3,delete,5,hà,,1,0,False,none,Unknown,,,0.8438153266906738,276.82329883951695,5.341799736022949,6.185615062713623,False
SENT_2148,SENT,PNT4,replace,0,má,mẹ,1,1,True,dialect_phrase,Kinship/Honorific terms,mẹ,QuangNgai,0.1885485649108886,43.343432259950816,5.341799736022949,5.530348300933838,True
SENT_2148,SENT,PNT4,replace,1,nào,mô,1,1,True,dialect_phrase,Interrogatives,đâu / nào,QuangNam,0.1885485649108886,43.343432259950816,5.341799736022949,5.530348300933838,True
SENT_2148,SENT,PNT4,replace,2,nhìn,ngó,1,1,False,none,Predicate vocabulary,,,0.1885485649108886,43.343432259950816,5.341799736022949,5.530348300933838,True
SENT_2148,SENT,PNT4,replace,3,dữ,hung,1,1,False,none,Predicate vocabulary,,,0.1885485649108886,43.343432259950816,5.341799736022949,5.530348300933838,True
SENT_2148,SENT,PNT4,replace,4,hà,rứa,1,1,False,none,Discourse particles,,,0.1885485649108886,43.343432259950816,5.341799736022949,5.530348300933838,True
SENT_2217,SENT,PNN,replace,0,không,hông,1,1,True,dialect_phrase,Negation/Function words,không,NamBo,0.8974299430847168,212.1683280083967,4.983550071716309,5.880980014801025,True
SENT_2217,SENT,PNN,replace,1,như thế nào nhỉ,sao ta,4,2,False,none,Interrogatives,,,0.8974299430847168,212.1683280083967,4.983550071716309,5.880980014801025,True
SENT_2217,SENT,PNT1,replace,0,thụt,trượt,1,1,False,none,Predicate vocabulary,,,0.0479121208190918,7.165049836226615,4.983550071716309,5.0314621925354,True
SENT_2217,SENT,PNT2,replace,0,không,nỏ,1,1,True,dialect_phrase,Negation/Function words,không,HaTinh_QB_QT; NgheAn,2.2191009521484375,1196.9945942545282,4.983550071716309,7.202651023864746,True
SENT_2217,SENT,PNT2,replace,1,như thế nào nhỉ,a răng biết,4,3,False,none,Interrogatives,,,2.2191009521484375,1196.9945942545282,4.983550071716309,7.202651023864746,True
SENT_2217,SENT,PNT3,replace,0,không,nọ,1,1,True,standard_word,Negation/Function words,nỏ,HaTinh_QB_QT,2.3358287811279297,1363.2744582042153,4.983550071716309,7.319378852844238,True
SENT_2217,SENT,PNT3,replace,1,chân,cẳng,1,1,False,none,Predicate vocabulary,,,2.3358287811279297,1363.2744582042153,4.983550071716309,7.319378852844238,True
SENT_2217,SENT,PNT3,replace,2,như thế nào nhỉ chắc,a răng hè e,5,4,False,none,Interrogatives,,,2.3358287811279297,1363.2744582042153,4.983550071716309,7.319378852844238,True
SENT_2217,SENT,PNT3,replace,3,đến tận rốn,thấu lộ tún,3,3,False,none,Predicate vocabulary,,,2.3358287811279297,1363.2744582042153,4.983550071716309,7.319378852844238,True
SENT_2217,SENT,PNT4,replace,0,không may,lỡ,2,1,False,none,Predicate vocabulary,,,2.0535788536071777,992.123553410864,4.983550071716309,7.037128925323486,True
SENT_2217,SENT,PNT4,replace,1,như thế nào nhỉ,ren hè,4,2,False,none,Interrogatives,,,2.0535788536071777,992.123553410864,4.983550071716309,7.037128925323486,True
SENT_2308,SENT,PNN,replace,0,chúng ta những,tụi mình mấy,3,3,False,none,Pronouns,,,0.4826359748840332,49.110292814104085,4.371556282043457,4.85419225692749,True
SENT_2308,SENT,PNN,replace,1,ấy,đó,1,1,True,dialect_phrase,Demonstratives/Deixis,kia; ấy / đó,NamBo,0.4826359748840332,49.110292814104085,4.371556282043457,4.85419225692749,True
SENT_2308,SENT,PNN,replace,2,không,hông,1,1,True,dialect_phrase,Negation/Function words,không,NamBo,0.4826359748840332,49.110292814104085,4.371556282043457,4.85419225692749,True
SENT_2308,SENT,PNN,replace,3,những,mấy,1,1,False,none,Negation/Function words,,,0.4826359748840332,49.110292814104085,4.371556282043457,4.85419225692749,True
SENT_2308,SENT,PNN,replace,4,ta,mình,1,1,False,none,Pronouns,,,0.4826359748840332,49.110292814104085,4.371556282043457,4.85419225692749,True
SENT_2308,SENT,PNN,replace,5,ngờ,dè,1,1,False,none,Predicate vocabulary,,,0.4826359748840332,49.110292814104085,4.371556282043457,4.85419225692749,True
SENT_2308,SENT,PNN,replace,6,chúng ta,tụi mình,2,2,False,none,Pronouns,,,0.4826359748840332,49.110292814104085,4.371556282043457,4.85419225692749,True
SENT_2308,SENT,PNT1,replace,0,nữa,nửa,1,1,False,none,Orthographic variant,,,0.3985986709594726,38.77077366074704,4.371556282043457,4.77015495300293,False
SENT_2308,SENT,PNT1,replace,1,lạ,cách,1,1,False,none,Predicate vocabulary,,,0.3985986709594726,38.77077366074704,4.371556282043457,4.77015495300293,True
SENT_2308,SENT,PNT3,replace,0,giờ đây chúng ta,chừ bọn miềng,4,3,False,none,Pronouns,,,1.2555880546569824,198.70074593238175,4.371556282043457,5.6271443367004395,True
SENT_2308,SENT,PNT3,replace,1,ấy giờ,nớ chừ,2,2,False,none,Demonstratives/Deixis,,,1.2555880546569824,198.70074593238175,4.371556282043457,5.6271443367004395,True
SENT_2308,SENT,PNT3,replace,2,những,mấy,1,1,False,none,Negation/Function words,,,1.2555880546569824,198.70074593238175,4.371556282043457,5.6271443367004395,True
SENT_2308,SENT,PNT3,replace,3,đâu,mô,1,1,True,dialect_phrase,Interrogatives; Negation/Function words,đâu (phủ định); đâu / nào,HaTinh_QB_QT; Hue,1.2555880546569824,198.70074593238175,4.371556282043457,5.6271443367004395,False
SENT_2308,SENT,PNT3,replace,4,này chúng ta,ni bọn miềng,3,3,False,none,Pronouns,,,1.2555880546569824,198.70074593238175,4.371556282043457,5.6271443367004395,True
SENT_2308,SENT,PNT3,replace,5,lên,nên,1,1,False,none,Orthographic variant,,,1.2555880546569824,198.70074593238175,4.371556282043457,5.6271443367004395,False
SENT_2308,SENT,PNT4,replace,0,giờ đây,bây chừ,2,2,False,none,Demonstratives/Deixis,,,0.4028224945068359,39.26997444089221,4.371556282043457,4.774378776550293,True
SENT_2308,SENT,PNT4,replace,1,ấy giờ,đó chừ,2,2,False,none,Demonstratives/Deixis,,,0.4028224945068359,39.26997444089221,4.371556282043457,4.774378776550293,True
SENT_2308,SENT,PNT4,replace,2,những,mấy,1,1,False,none,Negation/Function words,,,0.4028224945068359,39.26997444089221,4.371556282043457,4.774378776550293,True
SENT_2308,SENT,PNT4,replace,3,đâu,có,1,1,True,standard_word,Interrogatives,mô; đâu,PhuYen; QuangNam; QuangNgai,0.4028224945068359,39.26997444089221,4.371556282043457,4.774378776550293,True
SENT_2473,SENT,PNN,replace,0,không,hông,1,1,True,dialect_phrase,Negation/Function words,không,NamBo,-0.1356458663940429,-33.64695171257628,5.580686569213867,5.445040702819824,True
SENT_2473,SENT,PNN,replace,1,nhé,nhá,1,1,True,standard_word,Discourse particles,nhen,NamBo,-0.1356458663940429,-33.64695171257628,5.580686569213867,5.445040702819824,True
SENT_2473,SENT,PNN,replace,2,to,bự,1,1,False,none,Predicate vocabulary,,,-0.1356458663940429,-33.64695171257628,5.580686569213867,5.445040702819824,True
SENT_2473,SENT,PNN,replace,3,như thế nào,sao,3,1,True,dialect_phrase,Interrogatives,sao / thế nào,NamBo,-0.1356458663940429,-33.64695171257628,5.580686569213867,5.445040702819824,True
SENT_2473,SENT,PNT1,replace,0,như thế nào,răng,3,1,False,none,Interrogatives,,,0.5423583984375,190.99819535668465,5.580686569213867,6.123044967651367,True
SENT_2473,SENT,PNT2,replace,0,không,nỏ,1,1,True,dialect_phrase,Negation/Function words,không,HaTinh_QB_QT; NgheAn,0.514981746673584,178.6769736746233,5.580686569213867,6.095668315887451,True
SENT_2473,SENT,PNT2,replace,1,vậy,rứa,1,1,True,dialect_phrase,Demonstratives/Deixis,vậy / thế,NgheAn,0.514981746673584,178.6769736746233,5.580686569213867,6.095668315887451,True
SENT_2473,SENT,PNT2,replace,2,thế nào,răng,2,1,True,dialect_phrase,Interrogatives,sao / thế nào,HaTinh_QB_QT; NgheAn,0.514981746673584,178.6769736746233,5.580686569213867,6.095668315887451,True
SENT_2473,SENT,PNT3,replace,0,đường không,đàng nỏ,2,2,False,none,Negation/Function words,,,0.2109632492065429,62.29932350176375,5.580686569213867,5.79164981842041,True
SENT_2473,SENT,PNT3,replace,1,nên,bơ,1,1,True,dialect_phrase,Connectives/Aspect markers,thì / nên,HaTinh_QB_QT,0.2109632492065429,62.29932350176375,5.580686569213867,5.79164981842041,True
SENT_2473,SENT,PNT3,replace,2,nhé,nghe,1,1,True,dialect_phrase,Discourse particles,nha; nhé,HaTinh_QB_QT; Hue,0.2109632492065429,62.29932350176375,5.580686569213867,5.79164981842041,True
SENT_2473,SENT,PNT3,replace,3,to vậy,bà là rứa,2,3,False,none,Demonstratives/Deixis,,,0.2109632492065429,62.29932350176375,5.580686569213867,5.79164981842041,True
SENT_2473,SENT,PNT3,replace,4,muốn như thế nào,ưng chi nựa,4,3,False,none,Interrogatives,,,0.2109632492065429,62.29932350176375,5.580686569213867,5.79164981842041,True
SENT_2473,SENT,PNT4,replace,0,nhé,nghe,1,1,False,none,Discourse particles,,,0.5193581581115723,180.62405427518536,5.580686569213867,6.1000447273254395,True
SENT_2473,SENT,PNT4,replace,1,như thế nào,ren,3,1,True,dialect_phrase,Interrogatives,sao / thế nào,QuangNam,0.5193581581115723,180.62405427518536,5.580686569213867,6.1000447273254395,True
SENT_2507,SENT,PNN,replace,0,thế này,vậy,2,1,True,dialect_phrase,Demonstratives/Deixis,thế này / vậy; vậy / thế,NamBo,0.0800690650939941,11.957210150410589,4.965898513793945,5.0459675788879395,True
SENT_2507,SENT,PNT1,replace,0,thấy cảm,thấybiết,2,1,False,none,Noise/Non-linguistic,,,0.2008876800537109,31.91301594891135,4.965898513793945,5.166786193847656,False
SENT_2507,SENT,PNT2,replace,0,đánh chứ,đập chơ,2,2,False,none,Predicate vocabulary,,,0.4561719894409179,82.90991761192714,4.965898513793945,5.422070503234863,True
SENT_2507,SENT,PNT2,replace,1,thế này,như ri,2,2,True,dialect_phrase,Demonstratives/Deixis,như thế này,HaTinh_QB_QT; NgheAn,0.4561719894409179,82.90991761192714,4.965898513793945,5.422070503234863,True
SENT_2507,SENT,PNT2,replace,2,gì đâu,cây chi mô,2,3,True,standard_word,Interrogatives,chi mô,HaTinh_QB_QT; NgheAn,0.4561719894409179,82.90991761192714,4.965898513793945,5.422070503234863,True
SENT_2507,SENT,PNT2,replace,3,đó,nớ,1,1,True,dialect_phrase,Demonstratives/Deixis,ấy / đó,HaTinh_QB_QT; NgheAn,0.4561719894409179,82.90991761192714,4.965898513793945,5.422070503234863,True
SENT_2507,SENT,PNT2,replace,4,vậy,rứa,1,1,True,dialect_phrase,Demonstratives/Deixis,vậy / thế,NgheAn,0.4561719894409179,82.90991761192714,4.965898513793945,5.422070503234863,True
SENT_2507,SENT,PNT3,replace,0,chứ,chơ,1,1,True,dialect_phrase,Connectives/Aspect markers,chứ,HaTinh_QB_QT,0.7936434745788574,173.76564012575247,4.965898513793945,5.759541988372803,True
SENT_2507,SENT,PNT3,replace,1,thế này,ri,2,1,True,dialect_phrase,Demonstratives/Deixis,thế này / vậy,HaTinh_QB_QT,0.7936434745788574,173.76564012575247,4.965898513793945,5.759541988372803,True
SENT_2507,SENT,PNT3,replace,2,gì đâu giờ,chi mô chừ,3,3,False,none,Interrogatives,,,0.7936434745788574,173.76564012575247,4.965898513793945,5.759541988372803,True
SENT_2507,SENT,PNT3,replace,3,hồi đó đã,thời nớ,3,2,False,none,Demonstratives/Deixis,,,0.7936434745788574,173.76564012575247,4.965898513793945,5.759541988372803,True
SENT_2507,SENT,PNT3,replace,4,vậy,rứa,1,1,True,standard_word,Demonstratives/Deixis,a rứa; như ri; như rứa; ri,HaTinh_QB_QT; Hue,0.7936434745788574,173.76564012575247,4.965898513793945,5.759541988372803,True
SENT_2507,SENT,PNT4,replace,0,vén,kéo,1,1,False,none,Predicate vocabulary,,,0.822359561920166,183.00651543858888,4.965898513793945,5.788258075714111,True
SENT_2507,SENT,PNT4,replace,1,thế này,như ri,2,2,True,dialect_phrase,Demonstratives/Deixis,thế này / vậy,QuangNam,0.822359561920166,183.00651543858888,4.965898513793945,5.788258075714111,True
SENT_2507,SENT,PNT4,replace,2,gì,chi,1,1,True,dialect_phrase,Interrogatives,gì,QuangNam,0.822359561920166,183.00651543858888,4.965898513793945,5.788258075714111,True
SENT_2507,SENT,PNT4,replace,3,giờ,chừ,1,1,True,dialect_phrase,Negation/Function words,bây giờ,QuangNam,0.822359561920166,183.00651543858888,4.965898513793945,5.788258075714111,True
SENT_2507,SENT,PNT4,replace,4,vậy,rứa,1,1,True,standard_word,Demonstratives/Deixis,như dậy; như ri; như rứa; như vầy; như vậy,PhuYen; QuangNam; QuangNgai,0.822359561920166,183.00651543858888,4.965898513793945,5.788258075714111,True
SENT_2515,SENT,PNN,replace,0,thằng chúng mày,đứa tụi bây,3,3,False,none,Pronouns,,,0.7909822463989258,244.74379603341075,5.313266277313232,6.104248523712158,True
SENT_2515,SENT,PNN,replace,1,không,hông,1,1,True,dialect_phrase,Negation/Function words,không,NamBo,0.7909822463989258,244.74379603341075,5.313266277313232,6.104248523712158,True
SENT_2515,SENT,PNN,replace,2,ư,hả,1,1,False,none,Discourse particles,,,0.7909822463989258,244.74379603341075,5.313266277313232,6.104248523712158,True
SENT_2515,SENT,PNT1,replace,0,mày,mi,1,1,False,none,Pronouns,,,0.8029975891113281,250.1561890325734,5.313266277313232,6.1162638664245605,True
SENT_2515,SENT,PNT2,replace,0,chúng mày,nhà bây,2,2,True,standard_word,Pronouns,bây; bọn bay; bọn bây,HaTinh_QB_QT,1.6876654624938965,894.6431704407504,5.313266277313232,7.000931739807129,True
SENT_2515,SENT,PNT2,replace,1,không làm gì,nỏ mần chi,3,3,False,none,Interrogatives,,,1.6876654624938965,894.6431704407504,5.313266277313232,7.000931739807129,True
SENT_2515,SENT,PNT3,replace,0,chúng mày,bọn mi mà,2,3,True,standard_word,Pronouns,bây; bọn bay; bọn bây; tụi bây,HaTinh_QB_QT; Hue,2.356729030609131,1940.059148848674,5.313266277313232,7.669995307922363,True
SENT_2515,SENT,PNT3,replace,1,không,nỏ,1,1,True,dialect_phrase,Negation/Function words,không,HaTinh_QB_QT,2.356729030609131,1940.059148848674,5.313266277313232,7.669995307922363,True
SENT_2515,SENT,PNT3,replace,2,gì,chi,1,1,True,dialect_phrase,Interrogatives,gì; sao / thế nào,HaTinh_QB_QT; Hue,2.356729030609131,1940.059148848674,5.313266277313232,7.669995307922363,True
SENT_2515,SENT,PNT3,replace,3,ư,à,1,1,False,none,Discourse particles,,,2.356729030609131,1940.059148848674,5.313266277313232,7.669995307922363,True
SENT_2515,SENT,PNT4,replace,0,chúng mày,tụi bây,2,2,True,standard_word,Pronouns,tụi mi; tụi mày,PhuYen; QuangNam; QuangNgai,1.229381084442139,491.1094982246392,5.313266277313232,6.542647361755371,True
SENT_2515,SENT,PNT4,replace,1,gì,chi,1,1,True,dialect_phrase,Interrogatives,gì,QuangNam,1.229381084442139,491.1094982246392,5.313266277313232,6.542647361755371,True
SENT_2515,SENT,PNT4,replace,2,ư,hả,1,1,False,none,Discourse particles,,,1.229381084442139,491.1094982246392,5.313266277313232,6.542647361755371,True
SENT_2727,SENT,PNB,replace,0,đem,mang,1,1,False,none,Predicate vocabulary,,,-0.2506089210510254,-26.606379226320417,4.787701606750488,4.537092685699463,True
SENT_2727,SENT,PNN,replace,0,công,mướn,1,1,False,none,Predicate vocabulary,,,0.0758538246154785,9.45856895431436,4.787701606750488,4.863555431365967,True
SENT_2727,SENT,PNN,replace,1,không,hông,1,1,True,dialect_phrase,Negation/Function words,không,NamBo,0.0758538246154785,9.45856895431436,4.787701606750488,4.863555431365967,True
SENT_2727,SENT,PNN,replace,2,vào,vô,1,1,False,none,Connectives/Aspect markers,,,0.0758538246154785,9.45856895431436,4.787701606750488,4.863555431365967,True
SENT_2727,SENT,PNN,replace,3,không,hông,1,1,True,dialect_phrase,Negation/Function words,không,NamBo,0.0758538246154785,9.45856895431436,4.787701606750488,4.863555431365967,True
SENT_2727,SENT,PNT2,replace,0,chứ,chơ,1,1,True,dialect_phrase,Connectives/Aspect markers,chứ,HaTinh_QB_QT,1.0501675605773926,223.02239799695036,4.787701606750488,5.837869167327881,True
SENT_2727,SENT,PNT2,replace,1,gì,chi,1,1,True,dialect_phrase,Interrogatives,gì,HaTinh_QB_QT; NgheAn,1.0501675605773926,223.02239799695036,4.787701606750488,5.837869167327881,True
SENT_2727,SENT,PNT2,replace,2,nó,bọn,1,1,True,standard_word,Pronouns,hắn; nghị,HaTinh_QB_QT,1.0501675605773926,223.02239799695036,4.787701606750488,5.837869167327881,True
SENT_2727,SENT,PNT2,replace,3,cái này vào,cấy ni vô,3,3,False,none,Demonstratives/Deixis,,,1.0501675605773926,223.02239799695036,4.787701606750488,5.837869167327881,True
SENT_2727,SENT,PNT2,replace,4,không,nỏ,1,1,True,dialect_phrase,Negation/Function words,không,HaTinh_QB_QT; NgheAn,1.0501675605773926,223.02239799695036,4.787701606750488,5.837869167327881,True
SENT_2727,SENT,PNT2,replace,5,làm,mần,1,1,True,dialect_phrase,Predicate vocabulary,làm,HaTinh_QB_QT,1.0501675605773926,223.02239799695036,4.787701606750488,5.837869167327881,True
SENT_2727,SENT,PNT2,replace,6,làm,mần,1,1,True,dialect_phrase,Predicate vocabulary,làm,HaTinh_QB_QT,1.0501675605773926,223.02239799695036,4.787701606750488,5.837869167327881,True
SENT_2727,SENT,PNT3,replace,0,không,nỏ,1,1,True,dialect_phrase,Negation/Function words,không,HaTinh_QB_QT,1.0573058128356934,225.47991895750448,4.787701606750488,5.845007419586182,True
SENT_2727,SENT,PNT3,replace,1,chứ,chơ,1,1,True,dialect_phrase,Connectives/Aspect markers,chứ,HaTinh_QB_QT,1.0573058128356934,225.47991895750448,4.787701606750488,5.845007419586182,True
SENT_2727,SENT,PNT3,replace,2,gì,chi,1,1,True,dialect_phrase,Interrogatives,gì; sao / thế nào,HaTinh_QB_QT; Hue,1.0573058128356934,225.47991895750448,4.787701606750488,5.845007419586182,True
SENT_2727,SENT,PNT3,replace,3,nó,hắn,1,1,True,dialect_phrase,Pronouns,nó,HaTinh_QB_QT; Hue,1.0573058128356934,225.47991895750448,4.787701606750488,5.845007419586182,True
SENT_2727,SENT,PNT3,replace,4,này vào,ni vô,2,2,False,none,Demonstratives/Deixis,,,1.0573058128356934,225.47991895750448,4.787701606750488,5.845007419586182,True
SENT_2727,SENT,PNT3,replace,5,không,nỏ,1,1,True,dialect_phrase,Negation/Function words,không,HaTinh_QB_QT,1.0573058128356934,225.47991895750448,4.787701606750488,5.845007419586182,True
SENT_2727,SENT,PNT3,replace,6,làm,mần,1,1,True,dialect_phrase,Predicate vocabulary,làm,HaTinh_QB_QT; Hue,1.0573058128356934,225.47991895750448,4.787701606750488,5.845007419586182,True
SENT_2727,SENT,PNT3,replace,7,làm,mần,1,1,True,dialect_phrase,Predicate vocabulary,làm,HaTinh_QB_QT; Hue,1.0573058128356934,225.47991895750448,4.787701606750488,5.845007419586182,True
SENT_2727,SENT,PNT4,replace,0,gì,chi,1,1,True,dialect_phrase,Interrogatives,gì,QuangNam,0.6261863708496094,104.47756840672326,4.787701606750488,5.413887977600098,True
SENT_2727,SENT,PNT4,replace,1,nó,hắn,1,1,True,standard_word,Pronouns,hén; nó,PhuYen; QuangNam; QuangNgai,0.6261863708496094,104.47756840672326,4.787701606750488,5.413887977600098,True
SENT_2727,SENT,PNT4,replace,2,này vào,ni vô,2,2,False,none,Demonstratives/Deixis,,,0.6261863708496094,104.47756840672326,4.787701606750488,5.413887977600098,True
SENT_2727,SENT,PNT4,replace,3,việc,chuyện,1,1,False,none,Predicate vocabulary,,,0.6261863708496094,104.47756840672326,4.787701606750488,5.413887977600098,True
SENT_2816,SENT,PNN,replace,0,không,hông,1,1,True,dialect_phrase,Negation/Function words,không,NamBo,0.7265558242797852,70.05838611129278,4.183591842651367,4.910147666931152,True
SENT_2816,SENT,PNN,replace,1,không,hông,1,1,True,dialect_phrase,Negation/Function words,không,NamBo,0.7265558242797852,70.05838611129278,4.183591842651367,4.910147666931152,True
SENT_2816,SENT,PNN,replace,2,nhỉ,ta,1,1,True,standard_word,Discourse particles,nhỉ,NamBo,0.7265558242797852,70.05838611129278,4.183591842651367,4.910147666931152,True
SENT_2816,SENT,PNT1,replace,0,mình,tau,1,1,False,none,Pronouns,,,1.2143912315368652,155.35924669319465,4.183591842651367,5.397983074188232,True
SENT_2816,SENT,PNT1,replace,1,nó,hấn,1,1,False,none,Pronouns,,,1.2143912315368652,155.35924669319465,4.183591842651367,5.397983074188232,True
SENT_2816,SENT,PNT2,replace,0,không,nỏ,1,1,True,dialect_phrase,Negation/Function words,không,HaTinh_QB_QT; NgheAn,3.1598191261291504,1480.3753484207064,4.183591842651367,7.343410968780518,True
SENT_2816,SENT,PNT2,replace,1,sao nó không,răng hấn nỏ,3,3,False,none,Interrogatives,,,3.1598191261291504,1480.3753484207064,4.183591842651367,7.343410968780518,True
SENT_2816,SENT,PNT2,replace,2,nhỉ,hè,1,1,True,dialect_phrase,Discourse particles,nhỉ,HaTinh_QB_QT,3.1598191261291504,1480.3753484207064,4.183591842651367,7.343410968780518,True
SENT_2816,SENT,PNT3,replace,0,mình không,mềng nỏ,2,2,False,none,Pronouns,,,3.8354101181030273,2972.542573507899,4.183591842651367,8.019001960754395,True
SENT_2816,SENT,PNT3,replace,1,sao nó không,răng hắn khung,3,3,False,none,Interrogatives,,,3.8354101181030273,2972.542573507899,4.183591842651367,8.019001960754395,True
SENT_2816,SENT,PNT3,replace,2,nhỉ,hè,1,1,True,dialect_phrase,Discourse particles,nhỉ,HaTinh_QB_QT,3.8354101181030273,2972.542573507899,4.183591842651367,8.019001960754395,True
SENT_2816,SENT,PNT4,replace,0,mình,ta,1,1,True,dialect_phrase,Pronouns,tao; tôi,QuangNam,2.6858315467834473,896.7924203127603,4.183591842651367,6.8694233894348145,True
SENT_2816,SENT,PNT4,replace,1,sao,ren,1,1,True,dialect_phrase,Interrogatives,sao / thế nào,QuangNam,2.6858315467834473,896.7924203127603,4.183591842651367,6.8694233894348145,True
SENT_2816,SENT,PNT4,replace,2,nhỉ,hỉ,1,1,False,none,Discourse particles,,,2.6858315467834473,896.7924203127603,4.183591842651367,6.8694233894348145,True
SENT_2938,SENT,PNB,delete,0,là,,1,0,False,none,Unknown,,,-0.5358705520629883,-58.575644279660565,4.950180530548096,4.414309978485107,False
SENT_2938,SENT,PNB,replace,1,rược,đuổi theo,1,2,False,none,Predicate vocabulary,,,-0.5358705520629883,-58.575644279660565,4.950180530548096,4.414309978485107,True
SENT_2938,SENT,PNB,delete,2,thì,,1,0,False,none,Unknown,,,-0.5358705520629883,-58.575644279660565,4.950180530548096,4.414309978485107,False
SENT_2938,SENT,PNN,replace,0,không,hông,1,1,True,dialect_phrase,Negation/Function words,không,NamBo,-0.0291018486022949,-4.049977450238458,4.950180530548096,4.921078681945801,True
SENT_2938,SENT,PNT1,replace,0,tao,tau,1,1,True,standard_word,Pronouns,choa,ThanhHoa,0.6630277633666992,132.82151964749576,4.950180530548096,5.613208293914795,True
SENT_2938,SENT,PNT1,replace,1,làm gì,mần chi,2,2,True,dialect_phrase,Interrogatives,làm gì,ThanhHoa,0.6630277633666992,132.82151964749576,4.950180530548096,5.613208293914795,True
SENT_2938,SENT,PNT1,replace,2,rược,đuổi,1,1,False,none,Predicate vocabulary,,,0.6630277633666992,132.82151964749576,4.950180530548096,5.613208293914795,True
SENT_2938,SENT,PNT2,replace,0,tao,tau,1,1,True,dialect_phrase,Pronouns,tao,HaTinh_QB_QT,0.8832240104675293,200.31896631096103,4.950180530548096,5.833404541015625,True
SENT_2938,SENT,PNT2,replace,1,này,ni,1,1,True,dialect_phrase,Demonstratives/Deixis,này,HaTinh_QB_QT; NgheAn,0.8832240104675293,200.31896631096103,4.950180530548096,5.833404541015625,True
SENT_2938,SENT,PNT2,replace,2,gì,chi,1,1,True,dialect_phrase,Interrogatives,gì,HaTinh_QB_QT; NgheAn,0.8832240104675293,200.31896631096103,4.950180530548096,5.833404541015625,True
SENT_2938,SENT,PNT2,replace,3,nó,hấn,1,1,True,standard_word,Pronouns,hắn; nghị,HaTinh_QB_QT,0.8832240104675293,200.31896631096103,4.950180530548096,5.833404541015625,True
SENT_2938,SENT,PNT3,replace,0,tao,tau,1,1,True,dialect_phrase,Pronouns,tao; tôi,HaTinh_QB_QT; Hue,0.5285682678222656,98.34634582975534,4.950180530548096,5.478748798370361,True
SENT_2938,SENT,PNT3,replace,1,này,ni,1,1,True,dialect_phrase,Demonstratives/Deixis,này,HaTinh_QB_QT; Hue,0.5285682678222656,98.34634582975534,4.950180530548096,5.478748798370361,True
SENT_2938,SENT,PNT3,replace,2,nó,hắn,1,1,True,dialect_phrase,Pronouns,nó,HaTinh_QB_QT; Hue,0.5285682678222656,98.34634582975534,4.950180530548096,5.478748798370361,True
SENT_2938,SENT,PNT3,replace,3,rược suốt,rượt cả,2,2,False,none,Predicate vocabulary,,,0.5285682678222656,98.34634582975534,4.950180530548096,5.478748798370361,True
SENT_2938,SENT,PNT4,replace,0,tao,ta,1,1,True,dialect_phrase,Pronouns,tao; tôi,QuangNam,0.6588711738586426,131.68488668741676,4.950180530548096,5.609051704406738,True
SENT_2938,SENT,PNT4,replace,1,này,ni,1,1,True,dialect_phrase,Demonstratives/Deixis,này,QuangNam,0.6588711738586426,131.68488668741676,4.950180530548096,5.609051704406738,True
SENT_2938,SENT,PNT4,replace,2,gì,chi,1,1,True,dialect_phrase,Interrogatives,gì,QuangNam,0.6588711738586426,131.68488668741676,4.950180530548096,5.609051704406738,True
SENT_2938,SENT,PNT4,replace,3,rược,đuổi,1,1,False,none,Predicate vocabulary,,,0.6588711738586426,131.68488668741676,4.950180530548096,5.609051704406738,True
SENT_3023,SENT,PNN,replace,0,kia,đó,1,1,True,dialect_phrase,Demonstratives/Deixis,kia; ấy / đó,NamBo,0.0273852348327636,1.6254843912555756,4.069833278656006,4.0972185134887695,True
SENT_3023,SENT,PNN,delete,1,trẻ,,1,0,False,none,Unknown,,,0.0273852348327636,1.6254843912555756,4.069833278656006,4.0972185134887695,False
SENT_3023,SENT,PNN,replace,2,ấy chứ,nít đó chớ,2,3,False,none,Discourse particles,,,0.0273852348327636,1.6254843912555756,4.069833278656006,4.0972185134887695,True
SENT_3023,SENT,PNN,replace,3,thế,vậy,1,1,True,dialect_phrase,Demonstratives/Deixis,thế này / vậy; vậy / thế,NamBo,0.0273852348327636,1.6254843912555756,4.069833278656006,4.0972185134887695,True
SENT_3023,SENT,PNT2,replace,0,giờ,dừ,1,1,False,none,Demonstratives/Deixis,,,0.4391508102416992,32.28229621869553,4.069833278656006,4.508984088897705,True
SENT_3023,SENT,PNT2,replace,1,mẹ kia,mệ nớ,2,2,True,dialect_phrase,Pronouns,bà ấy,HaTinh_QB_QT,0.4391508102416992,32.28229621869553,4.069833278656006,4.508984088897705,True
SENT_3023,SENT,PNT2,replace,2,thế,rứa,1,1,True,dialect_phrase,Demonstratives/Deixis,vậy / thế,NgheAn,0.4391508102416992,32.28229621869553,4.069833278656006,4.508984088897705,True
SENT_3023,SENT,PNT3,replace,0,giờ,bựa chừ,1,2,False,none,Demonstratives/Deixis,,,1.2618937492370603,148.24760562656883,4.069833278656006,5.331727027893066,True
SENT_3023,SENT,PNT3,replace,1,quá,quái,1,1,False,none,Orthographic variant,,,1.2618937492370603,148.24760562656883,4.069833278656006,5.331727027893066,False
SENT_3023,SENT,PNT3,replace,2,cái,kì,1,1,True,dialect_phrase,Negation/Function words,cái,HaTinh_QB_QT,1.2618937492370603,148.24760562656883,4.069833278656006,5.331727027893066,True
SENT_3023,SENT,PNT3,replace,3,kia mới,nớ mì,2,2,False,none,Demonstratives/Deixis,,,1.2618937492370603,148.24760562656883,4.069833278656006,5.331727027893066,True
SENT_3023,SENT,PNT3,replace,4,con ấy chứ,em đó chơ,3,3,False,none,Predicate vocabulary,,,1.2618937492370603,148.24760562656883,4.069833278656006,5.331727027893066,True
SENT_3023,SENT,PNT3,replace,5,trêu đùa quái,chọc đại,3,2,False,none,Predicate vocabulary,,,1.2618937492370603,148.24760562656883,4.069833278656006,5.331727027893066,True
SENT_3023,SENT,PNT3,replace,6,thế cũng,rứa cụng,2,2,False,none,Demonstratives/Deixis,,,1.2618937492370603,148.24760562656883,4.069833278656006,5.331727027893066,True
SENT_3023,SENT,PNT3,replace,7,mệt,đoạ,1,1,True,standard_word,Predicate vocabulary,dọoc,HaTinh_QB_QT,1.2618937492370603,148.24760562656883,4.069833278656006,5.331727027893066,True
SENT_3023,SENT,PNT4,replace,0,quá,kinh,1,1,False,none,Discourse particles,,,0.210968017578125,13.751148487796408,4.069833278656006,4.280801296234131,True
SENT_3023,SENT,PNT4,replace,1,ấy chứ,đó chớ,2,2,False,none,Demonstratives/Deixis,,,0.210968017578125,13.751148487796408,4.069833278656006,4.280801296234131,True
SENT_3023,SENT,PNT4,replace,2,thế,rứa,1,1,True,standard_word,Demonstratives/Deixis,như dậy; như rứa; như vậy,PhuYen; QuangNam; QuangNgai,0.210968017578125,13.751148487796408,4.069833278656006,4.280801296234131,True
SENT_3060,SENT,PNN,replace,0,không,hông,1,1,True,dialect_phrase,Negation/Function words,không,NamBo,0.2717409133911133,39.86080214363042,4.849354267120361,5.121095180511475,True
SENT_3060,SENT,PNN,replace,1,được,nổi,1,1,False,none,Predicate vocabulary,,,0.2717409133911133,39.86080214363042,4.849354267120361,5.121095180511475,True
SENT_3060,SENT,PNN,replace,2,không,hông,1,1,True,dialect_phrase,Negation/Function words,không,NamBo,0.2717409133911133,39.86080214363042,4.849354267120361,5.121095180511475,True
SENT_3060,SENT,PNN,replace,3,như,y,1,1,False,none,Predicate vocabulary,,,0.2717409133911133,39.86080214363042,4.849354267120361,5.121095180511475,True
SENT_3060,SENT,PNT1,replace,0,mẹ,moẹ,1,1,False,none,Orthographic variant,,,0.3389434814453125,51.50538189959778,4.849354267120361,5.188297748565674,False
SENT_3060,SENT,PNT1,replace,1,không,chả,1,1,False,none,Negation/Function words,,,0.3389434814453125,51.50538189959778,4.849354267120361,5.188297748565674,True
SENT_3060,SENT,PNT1,replace,2,sao,răng,1,1,False,none,Interrogatives,,,0.3389434814453125,51.50538189959778,4.849354267120361,5.188297748565674,True
SENT_3060,SENT,PNT2,replace,0,cảnh này gặp cũng nhiều,hồi xưa còn bị vén tà áo dài nằm lên bàn,5,11,False,none,Noise/Non-linguistic,,,0.7732124328613281,148.9404877577272,4.849354267120361,5.6225666999816895,False
SENT_3060,SENT,PNT2,replace,1,dọn,đập chơ quỳ như ri có là cây chi mô dừ mới,1,12,False,none,Noise/Non-linguistic,,,0.7732124328613281,148.9404877577272,4.849354267120361,5.6225666999816895,False
SENT_3060,SENT,PNT2,replace,2,mẹ luôn mà vẫn không sạch được tức ghê ức chế lắm 1 lần thì không sao mà cả chục lần,cảm ơn thầy cô vì hồi nớ đã,21,8,False,none,Noise/Non-linguistic,,,0.7732124328613281,148.9404877577272,4.849354267120361,5.6225666999816895,False
SENT_3060,SENT,PNT2,replace,3,vậy,rứa,1,1,True,dialect_phrase,Demonstratives/Deixis,vậy / thế,NgheAn,0.7732124328613281,148.9404877577272,4.849354267120361,5.6225666999816895,True
SENT_3060,SENT,PNT3,replace,0,này,ni,1,1,True,dialect_phrase,Demonstratives/Deixis,này,HaTinh_QB_QT; Hue,0.6066327095031738,106.4979331196222,4.849354267120361,5.455986976623535,True
SENT_3060,SENT,PNT3,replace,1,ghê,thiệt,1,1,True,dialect_phrase,Connectives/Aspect markers,thật,HaTinh_QB_QT,0.6066327095031738,106.4979331196222,4.849354267120361,5.455986976623535,True
SENT_3060,SENT,PNT3,replace,2,sao,răng,1,1,True,dialect_phrase,Interrogatives,sao / thế nào,HaTinh_QB_QT; Hue,0.6066327095031738,106.4979331196222,4.849354267120361,5.455986976623535,True
SENT_3060,SENT,PNT3,replace,3,vậy,rứa,1,1,True,standard_word,Demonstratives/Deixis,a rứa; như ri; như rứa; ri,HaTinh_QB_QT; Hue,0.6066327095031738,106.4979331196222,4.849354267120361,5.455986976623535,True
SENT_3060,SENT,PNT4,replace,0,này,ni,1,1,True,dialect_phrase,Demonstratives/Deixis,này,QuangNam,0.3265700340270996,49.30217283217348,4.849354267120361,5.175924301147461,True
SENT_3060,SENT,PNT4,replace,1,vẫn,cũng,1,1,False,none,Connectives/Aspect markers,,,0.3265700340270996,49.30217283217348,4.849354267120361,5.175924301147461,True
SENT_3060,SENT,PNT4,replace,2,lắm,gớm,1,1,False,none,Discourse particles,,,0.3265700340270996,49.30217283217348,4.849354267120361,5.175924301147461,True
SENT_3060,SENT,PNT4,replace,3,sao,ren,1,1,True,dialect_phrase,Interrogatives,sao / thế nào,QuangNam,0.3265700340270996,49.30217283217348,4.849354267120361,5.175924301147461,True
SENT_3060,SENT,PNT4,replace,4,vậy,rứa,1,1,True,standard_word,Demonstratives/Deixis,như dậy; như ri; như rứa; như vầy; như vậy,PhuYen; QuangNam; QuangNgai,0.3265700340270996,49.30217283217348,4.849354267120361,5.175924301147461,True
SENT_3067,SENT,PNN,replace,0,cha mẹ,ba má,2,2,False,none,Kinship/Honorific terms,,,0.4623818397521972,28.36765875928692,3.876530647277832,4.338912487030029,True
SENT_3067,SENT,PNT1,replace,0,cha,bố,1,1,False,none,Kinship/Honorific terms,,,0.6111702919006348,40.66028012838145,3.876530647277832,4.487700939178467,True
SENT_3067,SENT,PNT1,replace,1,này,ni,1,1,True,dialect_phrase,Demonstratives/Deixis,này,ThanhHoa,0.6111702919006348,40.66028012838145,3.876530647277832,4.487700939178467,True
SENT_3067,SENT,PNT2,replace,0,cha mẹ,ba mạ,2,2,False,none,Kinship/Honorific terms,,,1.0588736534118652,90.872875788384,3.876530647277832,4.935404300689697,True
SENT_3067,SENT,PNT2,replace,1,này,ni,1,1,True,dialect_phrase,Demonstratives/Deixis,này,HaTinh_QB_QT; NgheAn,1.0588736534118652,90.872875788384,3.876530647277832,4.935404300689697,True
SENT_3067,SENT,PNT2,replace,2,làm,mần,1,1,True,dialect_phrase,Predicate vocabulary,làm,HaTinh_QB_QT,1.0588736534118652,90.872875788384,3.876530647277832,4.935404300689697,True
SENT_3067,SENT,PNT3,replace,0,này,ni,1,1,True,dialect_phrase,Demonstratives/Deixis,này,HaTinh_QB_QT; Hue,0.3477940559387207,20.071840573947973,3.876530647277832,4.224324703216553,True
SENT_3094,SENT,PNN,replace,0,thế kia không,vậy hông,3,2,False,none,Negation/Function words,,,-0.0559611320495605,-5.2115796918275805,4.561830997467041,4.5058698654174805,True
SENT_3094,SENT,PNN,replace,1,à,hả,1,1,False,none,Discourse particles,,,-0.0559611320495605,-5.2115796918275805,4.561830997467041,4.5058698654174805,True
SENT_3094,SENT,PNN,replace,2,này,nè,1,1,True,standard_word,Demonstratives/Deixis,ni,NamBo,-0.0559611320495605,-5.2115796918275805,4.561830997467041,4.5058698654174805,True
SENT_3094,SENT,PNT1,replace,0,tao,tau,1,1,True,standard_word,Pronouns,choa,ThanhHoa,1.0652008056640625,182.0775666662115,4.561830997467041,5.6270318031311035,True
SENT_3094,SENT,PNT1,replace,1,tao,tau,1,1,True,standard_word,Pronouns,choa,ThanhHoa,1.0652008056640625,182.0775666662115,4.561830997467041,5.6270318031311035,True
SENT_3094,SENT,PNT2,replace,0,thế kia không,rứa nỏ,3,2,False,none,Demonstratives/Deixis,,,1.3209466934204102,263.0458535468315,4.561830997467041,5.882777690887451,True
SENT_3094,SENT,PNT2,replace,1,tao,tau,1,1,True,dialect_phrase,Pronouns,tao,HaTinh_QB_QT,1.3209466934204102,263.0458535468315,4.561830997467041,5.882777690887451,True
SENT_3094,SENT,PNT2,replace,2,tao,tau,1,1,True,dialect_phrase,Pronouns,tao,HaTinh_QB_QT,1.3209466934204102,263.0458535468315,4.561830997467041,5.882777690887451,True
SENT_3094,SENT,PNT2,replace,3,này,nì,1,1,True,dialect_phrase,Discourse particles,nè,HaTinh_QB_QT,1.3209466934204102,263.0458535468315,4.561830997467041,5.882777690887451,True
SENT_3094,SENT,PNT3,replace,0,thế kia không,in rứa nỏ,3,3,False,none,Demonstratives/Deixis,,,1.494647979736328,331.1111162190847,4.561830997467041,6.056478977203369,True
SENT_3094,SENT,PNT3,replace,1,tao,tau,1,1,True,dialect_phrase,Pronouns,tao; tôi,HaTinh_QB_QT; Hue,1.494647979736328,331.1111162190847,4.561830997467041,6.056478977203369,True
SENT_3094,SENT,PNT3,replace,2,tao,tau,1,1,True,dialect_phrase,Pronouns,tao; tôi,HaTinh_QB_QT; Hue,1.494647979736328,331.1111162190847,4.561830997467041,6.056478977203369,True
SENT_3094,SENT,PNT3,replace,3,này,nì,1,1,True,dialect_phrase,Discourse particles,nè,HaTinh_QB_QT; Hue,1.494647979736328,331.1111162190847,4.561830997467041,6.056478977203369,True
SENT_3094,SENT,PNT4,replace,0,thế kia,rứa,2,1,False,none,Demonstratives/Deixis,,,0.1324543952941894,13.562006125940629,4.561830997467041,4.6942853927612305,True
SENT_3094,SENT,PNT4,replace,1,à tao,hả ta,2,2,False,none,Pronouns,,,0.1324543952941894,13.562006125940629,4.561830997467041,4.6942853927612305,True
SENT_3094,SENT,PNT4,replace,2,này,nè,1,1,True,standard_word,Demonstratives/Deixis,ni; này,PhuYen; QuangNam; QuangNgai,0.1324543952941894,13.562006125940629,4.561830997467041,4.6942853927612305,True
SENT_3169,SENT,PNN,replace,0,vâng,dạ,1,1,False,none,Discourse particles,,,0.4494729042053222,41.441345070282395,4.290818691253662,4.740291595458984,True
SENT_3169,SENT,PNN,delete,1,đây,,1,0,False,none,Unknown,,,0.4494729042053222,41.441345070282395,4.290818691253662,4.740291595458984,False
SENT_3169,SENT,PNN,replace,2,tìm những,kiếm mấy,2,2,False,none,Predicate vocabulary,,,0.4494729042053222,41.441345070282395,4.290818691253662,4.740291595458984,True
SENT_3169,SENT,PNN,replace,3,vào,vô,1,1,False,none,Connectives/Aspect markers,,,0.4494729042053222,41.441345070282395,4.290818691253662,4.740291595458984,True
SENT_3169,SENT,PNN,replace,4,ấy,đó,1,1,True,dialect_phrase,Demonstratives/Deixis,kia; ấy / đó,NamBo,0.4494729042053222,41.441345070282395,4.290818691253662,4.740291595458984,True
SENT_3169,SENT,PNT2,replace,0,vâng,dạ,1,1,False,none,Discourse particles,,,0.5091252326965332,48.47737391659069,4.290818691253662,4.799943923950195,True
SENT_3169,SENT,PNT2,replace,1,đây,dừ,1,1,False,none,Demonstratives/Deixis,,,0.5091252326965332,48.47737391659069,4.290818691253662,4.799943923950195,True
SENT_3169,SENT,PNT2,replace,2,vào,vô,1,1,False,none,Connectives/Aspect markers,,,0.5091252326965332,48.47737391659069,4.290818691253662,4.799943923950195,True
SENT_3169,SENT,PNT2,replace,3,ấy,nớ,1,1,True,dialect_phrase,Demonstratives/Deixis,ấy / đó,HaTinh_QB_QT; NgheAn,0.5091252326965332,48.47737391659069,4.290818691253662,4.799943923950195,True
SENT_3169,SENT,PNT3,replace,0,giờ đây,chừ,2,1,True,dialect_phrase,Negation/Function words,bây giờ,HaTinh_QB_QT; Hue,0.5764069557189941,56.93363177599282,4.290818691253662,4.867225646972656,True
SENT_3169,SENT,PNT3,replace,1,vào,vô,1,1,False,none,Connectives/Aspect markers,,,0.5764069557189941,56.93363177599282,4.290818691253662,4.867225646972656,True
SENT_3169,SENT,PNT3,replace,2,ấy,nớ,1,1,True,dialect_phrase,Demonstratives/Deixis,kia; ấy / đó,HaTinh_QB_QT; Hue,0.5764069557189941,56.93363177599282,4.290818691253662,4.867225646972656,True
SENT_3169,SENT,PNT4,replace,0,vâng,dạ,1,1,False,none,Discourse particles,,,0.4950976371765136,46.78486914646557,4.290818691253662,4.785916328430176,True
SENT_3169,SENT,PNT4,replace,1,đây,chừ,1,1,True,dialect_phrase,Negation/Function words,bây giờ,QuangNam,0.4950976371765136,46.78486914646557,4.290818691253662,4.785916328430176,True
SENT_3169,SENT,PNT4,replace,2,vào,vô,1,1,False,none,Connectives/Aspect markers,,,0.4950976371765136,46.78486914646557,4.290818691253662,4.785916328430176,True
SENT_3169,SENT,PNT4,replace,3,ấy,nớ,1,1,True,dialect_phrase,Demonstratives/Deixis,ấy / đó,QuangNam,0.4950976371765136,46.78486914646557,4.290818691253662,4.785916328430176,True
SENT_3243,SENT,PNN,replace,0,đỗ,đậu,1,1,False,none,Predicate vocabulary,,,-0.0387535095214843,-5.808522233732305,5.029174327850342,4.990420818328857,True
SENT_3243,SENT,PNN,replace,1,đỗ,đậu,1,1,False,none,Predicate vocabulary,,,-0.0387535095214843,-5.808522233732305,5.029174327850342,4.990420818328857,True
SENT_3243,SENT,PNN,replace,2,không,hông,1,1,True,dialect_phrase,Negation/Function words,không,NamBo,-0.0387535095214843,-5.808522233732305,5.029174327850342,4.990420818328857,True
SENT_3243,SENT,PNN,replace,3,các,mấy,1,1,False,none,Negation/Function words,,,-0.0387535095214843,-5.808522233732305,5.029174327850342,4.990420818328857,True
SENT_3243,SENT,PNN,replace,4,thế,vậy,1,1,True,dialect_phrase,Demonstratives/Deixis,thế này / vậy; vậy / thế,NamBo,-0.0387535095214843,-5.808522233732305,5.029174327850342,4.990420818328857,True
SENT_3243,SENT,PNN,replace,5,ko,hông,1,1,True,dialect_phrase,Negation/Function words,không,NamBo,-0.0387535095214843,-5.808522233732305,5.029174327850342,4.990420818328857,True
SENT_3243,SENT,PNT1,replace,0,eo,éo,1,1,False,none,Orthographic variant,,,0.0888428688049316,14.197112931713036,5.029174327850342,5.118017196655273,False
SENT_3243,SENT,PNT1,replace,1,này,ni,1,1,True,dialect_phrase,Demonstratives/Deixis,này,ThanhHoa,0.0888428688049316,14.197112931713036,5.029174327850342,5.118017196655273,True
SENT_3243,SENT,PNT2,replace,0,đâu,mô,1,1,True,dialect_phrase,Interrogatives; Negation/Function words,đâu (phủ định); đâu / nào,HaTinh_QB_QT; NgheAn,0.3491454124450683,63.85113554378887,5.029174327850342,5.37831974029541,False
SENT_3243,SENT,PNT2,replace,1,này đâu,ni cả,2,2,False,none,Demonstratives/Deixis,,,0.3491454124450683,63.85113554378887,5.029174327850342,5.37831974029541,True
SENT_3243,SENT,PNT3,replace,0,đỗ,đậu,1,1,False,none,Predicate vocabulary,,,0.5487251281738281,111.70860331624266,5.029174327850342,5.57789945602417,True
SENT_3243,SENT,PNT3,replace,1,đường,đàng,1,1,False,none,Orthographic variant,,,0.5487251281738281,111.70860331624266,5.029174327850342,5.57789945602417,False
SENT_3243,SENT,PNT3,replace,2,đỗ,đậu,1,1,False,none,Predicate vocabulary,,,0.5487251281738281,111.70860331624266,5.029174327850342,5.57789945602417,True
SENT_3243,SENT,PNT3,replace,3,chứ đường,chơ đàng,2,2,False,none,Predicate vocabulary,,,0.5487251281738281,111.70860331624266,5.029174327850342,5.57789945602417,True
SENT_3243,SENT,PNT3,replace,4,các bà đâu,mấy mệ mô,3,3,False,none,Interrogatives,,,0.5487251281738281,111.70860331624266,5.029174327850342,5.57789945602417,True
SENT_3243,SENT,PNT3,replace,5,thế,rứa,1,1,True,standard_word,Demonstratives/Deixis,a rứa; như rứa,HaTinh_QB_QT; Hue,0.5487251281738281,111.70860331624266,5.029174327850342,5.57789945602417,True
SENT_3243,SENT,PNT3,replace,6,này đâu,ni mô,2,2,False,none,Interrogatives,,,0.5487251281738281,111.70860331624266,5.029174327850342,5.57789945602417,True
SENT_3243,SENT,PNT3,replace,7,nó vừa,hắn bưa bưa,2,3,False,none,Pronouns,,,0.5487251281738281,111.70860331624266,5.029174327850342,5.57789945602417,True
SENT_3243,SENT,PNT4,replace,0,đỗ,đậu,1,1,False,none,Predicate vocabulary,,,0.3233785629272461,58.33985244418986,5.029174327850342,5.352552890777588,True
SENT_3243,SENT,PNT4,replace,1,đỗ lùi,đậu xích,2,2,False,none,Predicate vocabulary,,,0.3233785629272461,58.33985244418986,5.029174327850342,5.352552890777588,True
SENT_3243,SENT,PNT4,delete,2,các,,1,0,False,none,Unknown,,,0.3233785629272461,58.33985244418986,5.029174327850342,5.352552890777588,False
SENT_3249,SENT,PNB,replace,0,nhâu,nhau,1,1,False,none,Orthographic variant,,,-1.0056543350219729,-154.33813402240838,5.494544982910156,4.488890647888184,False
SENT_3249,SENT,PNB,replace,1,chế,bà,1,1,True,dialect_phrase,Kinship/Honorific terms,bà,BacBo,-1.0056543350219729,-154.33813402240838,5.494544982910156,4.488890647888184,True
SENT_3249,SENT,PNB,replace,2,quơ,vơ,1,1,False,none,Orthographic variant,,,-1.0056543350219729,-154.33813402240838,5.494544982910156,4.488890647888184,False
SENT_3249,SENT,PNB,replace,3,quơ,thì vơ,1,2,False,none,Noise/Non-linguistic,,,-1.0056543350219729,-154.33813402240838,5.494544982910156,4.488890647888184,False
SENT_3249,SENT,PNB,replace,4,đó kkkk,đấy,2,1,False,none,Demonstratives/Deixis,,,-1.0056543350219729,-154.33813402240838,5.494544982910156,4.488890647888184,True
SENT_3249,SENT,PNN,replace,0,các,mấy,1,1,False,none,Negation/Function words,,,-0.103583812713623,-23.94658905289569,5.494544982910156,5.390961170196533,True
SENT_3249,SENT,PNN,replace,1,không,hông,1,1,True,dialect_phrase,Negation/Function words,không,NamBo,-0.103583812713623,-23.94658905289569,5.494544982910156,5.390961170196533,True
SENT_3249,SENT,PNT1,replace,0,nó,hấn,1,1,False,none,Pronouns,,,0.4197163581848144,126.9199228785264,5.494544982910156,5.914261341094971,True
SENT_3249,SENT,PNT1,replace,1,các chế,bọn mi,2,2,False,none,Pronouns,,,0.4197163581848144,126.9199228785264,5.494544982910156,5.914261341094971,True
SENT_3249,SENT,PNT1,replace,2,nào,mô,1,1,True,dialect_phrase,Negation/Function words,đâu (phủ định),ThanhHoa,0.4197163581848144,126.9199228785264,5.494544982910156,5.914261341094971,True
SENT_3249,SENT,PNT2,replace,0,nhâu,nhau,1,1,False,none,Orthographic variant,,,-0.0720353126525878,-16.914051099166016,5.494544982910156,5.422509670257568,False
SENT_3249,SENT,PNT2,replace,1,nào,mô,1,1,True,dialect_phrase,Interrogatives; Negation/Function words,đâu (phủ định); đâu / nào,HaTinh_QB_QT; NgheAn,-0.0720353126525878,-16.914051099166016,5.494544982910156,5.422509670257568,False
SENT_3249,SENT,PNT3,replace,0,nó yêu nhâu,hắn ưng chắc,3,3,False,none,Pronouns,,,0.6687607765197754,231.63493617639796,5.494544982910156,6.163305759429932,True
SENT_3249,SENT,PNT3,replace,1,các chế ơi,mấy ả nở,3,3,False,none,Kinship/Honorific terms,,,0.6687607765197754,231.63493617639796,5.494544982910156,6.163305759429932,True
SENT_3249,SENT,PNT3,replace,2,nào,mô,1,1,True,dialect_phrase,Interrogatives; Negation/Function words,đâu (phủ định); đâu / nào,HaTinh_QB_QT; Hue,0.6687607765197754,231.63493617639796,5.494544982910156,6.163305759429932,False
SENT_3249,SENT,PNT3,replace,3,không,khung,1,1,True,standard_word,Negation/Function words,nỏ,HaTinh_QB_QT,0.6687607765197754,231.63493617639796,5.494544982910156,6.163305759429932,True
SENT_3249,SENT,PNT3,replace,4,đó,đỏ,1,1,True,dialect_phrase,Discourse particles,ấy / đấy,HaTinh_QB_QT,0.6687607765197754,231.63493617639796,5.494544982910156,6.163305759429932,True
SENT_3249,SENT,PNT4,replace,0,các chế,tụi bây,2,2,False,none,Pronouns,,,-0.3032588958740234,-63.661254058717816,5.494544982910156,5.191286087036133,True
SENT_3273,SENT,PNB,replace,0,chau,cháu,1,1,False,none,Orthographic variant,,,-0.3201823234558105,-52.1191024059132,5.2482194900512695,4.928037166595459,False
SENT_3273,SENT,PNB,replace,1,nũa,nữa,1,1,False,none,Orthographic variant,,,-0.3201823234558105,-52.1191024059132,5.2482194900512695,4.928037166595459,False
SENT_3273,SENT,PNB,replace,2,tao,tâm,1,1,True,standard_word,Pronouns,tao,BacBo,-0.3201823234558105,-52.1191024059132,5.2482194900512695,4.928037166595459,True
SENT_3273,SENT,PNB,replace,3,cho cắm,chó cắn,2,2,False,none,Noise/Non-linguistic,,,-0.3201823234558105,-52.1191024059132,5.2482194900512695,4.928037166595459,False
SENT_3273,SENT,PNN,replace,0,những,mấy,1,1,False,none,Negation/Function words,,,0.1877174377441406,39.280514579884766,5.2482194900512695,5.43593692779541,True
SENT_3273,SENT,PNN,replace,1,các chau,mấy đứa cháu,2,3,False,none,Negation/Function words,,,0.1877174377441406,39.280514579884766,5.2482194900512695,5.43593692779541,True
SENT_3273,SENT,PNN,replace,2,bẩn,dơ,1,1,False,none,Predicate vocabulary,,,0.1877174377441406,39.280514579884766,5.2482194900512695,5.43593692779541,True
SENT_3273,SENT,PNN,replace,3,không,hông,1,1,True,dialect_phrase,Negation/Function words,không,NamBo,0.1877174377441406,39.280514579884766,5.2482194900512695,5.43593692779541,True
SENT_3273,SENT,PNN,insert,4,,tiêu,0,1,False,none,Unknown,,,0.1877174377441406,39.280514579884766,5.2482194900512695,5.43593692779541,False
SENT_3273,SENT,PNN,replace,5,lũ,tụi,1,1,False,none,Pronouns,,,0.1877174377441406,39.280514579884766,5.2482194900512695,5.43593692779541,True
SENT_3273,SENT,PNT1,replace,0,chau,cháu,1,1,False,none,Orthographic variant,,,-0.4560270309448242,-69.66185136781542,5.2482194900512695,4.792192459106445,False
SENT_3273,SENT,PNT1,replace,1,nũa,nữa,1,1,False,none,Orthographic variant,,,-0.4560270309448242,-69.66185136781542,5.2482194900512695,4.792192459106445,False
SENT_3273,SENT,PNT1,replace,2,tao,tâm,1,1,True,standard_word,Pronouns,choa,ThanhHoa,-0.4560270309448242,-69.66185136781542,5.2482194900512695,4.792192459106445,True
SENT_3273,SENT,PNT2,replace,0,chau,cháu,1,1,False,none,Orthographic variant,,,-0.5930666923522949,-85.10198353771563,5.2482194900512695,4.655152797698975,False
SENT_3273,SENT,PNT2,replace,1,nũa,nữa,1,1,False,none,Orthographic variant,,,-0.5930666923522949,-85.10198353771563,5.2482194900512695,4.655152797698975,False
SENT_3273,SENT,PNT2,replace,2,tao,tâm,1,1,True,standard_word,Pronouns,tau,HaTinh_QB_QT,-0.5930666923522949,-85.10198353771563,5.2482194900512695,4.655152797698975,True
SENT_3273,SENT,PNT2,replace,3,cho cắm,chó cắn,2,2,False,none,Noise/Non-linguistic,,,-0.5930666923522949,-85.10198353771563,5.2482194900512695,4.655152797698975,False
SENT_3273,SENT,PNT3,replace,0,những,mấy,1,1,False,none,Negation/Function words,,,0.3158583641052246,70.65725396807406,5.2482194900512695,5.564077854156494,True
SENT_3273,SENT,PNT3,replace,1,các,mấy,1,1,False,none,Negation/Function words,,,0.3158583641052246,70.65725396807406,5.2482194900512695,5.564077854156494,True
SENT_3273,SENT,PNT3,replace,2,đó,nớ,1,1,True,dialect_phrase,Demonstratives/Deixis,kia; ấy / đó,HaTinh_QB_QT; Hue,0.3158583641052246,70.65725396807406,5.2482194900512695,5.564077854156494,True
SENT_3273,SENT,PNT3,replace,3,nũa,nữa,1,1,False,none,Orthographic variant,,,0.3158583641052246,70.65725396807406,5.2482194900512695,5.564077854156494,False
SENT_3273,SENT,PNT3,replace,4,lũ,bọn,1,1,False,none,Pronouns,,,0.3158583641052246,70.65725396807406,5.2482194900512695,5.564077854156494,True
SENT_3273,SENT,PNT4,replace,0,các chau,mấy cháu,2,2,False,none,Predicate vocabulary,,,-0.2377572059631347,-40.25321446704717,5.2482194900512695,5.010462284088135,True
SENT_3273,SENT,PNT4,replace,1,bẩn,nhớp,1,1,True,dialect_phrase,Predicate vocabulary,bẩn,QuangNam,-0.2377572059631347,-40.25321446704717,5.2482194900512695,5.010462284088135,True
SENT_3273,SENT,PNT4,replace,2,nũa,nữa,1,1,False,none,Orthographic variant,,,-0.2377572059631347,-40.25321446704717,5.2482194900512695,5.010462284088135,False
SENT_3427,SENT,PNB,replace,0,z,vậy,1,1,False,none,Orthographic variant,,,-1.078923225402832,-121.54756515057062,5.215762615203857,4.136839389801025,False
SENT_3427,SENT,PNB,replace,1,vô,vào,1,1,False,none,Predicate vocabulary,,,-1.078923225402832,-121.54756515057062,5.215762615203857,4.136839389801025,True
SENT_3427,SENT,PNB,insert,2,,chuyện,0,1,False,none,Unknown,,,-1.078923225402832,-121.54756515057062,5.215762615203857,4.136839389801025,False
SENT_3427,SENT,PNB,replace,3,z,vậy,1,1,False,none,Orthographic variant,,,-1.078923225402832,-121.54756515057062,5.215762615203857,4.136839389801025,False
SENT_3427,SENT,PNB,replace,4,z,vậy,1,1,False,none,Orthographic variant,,,-1.078923225402832,-121.54756515057062,5.215762615203857,4.136839389801025,False
SENT_3427,SENT,PNN,replace,0,không,hông,1,1,True,dialect_phrase,Negation/Function words,không,NamBo,0.3065433502197265,66.05914646405944,5.215762615203857,5.522305965423584,True
SENT_3427,SENT,PNN,replace,1,không,hhông,1,1,True,standard_word,Negation/Function words,hông,NamBo,0.3065433502197265,66.05914646405944,5.215762615203857,5.522305965423584,True
SENT_3427,SENT,PNT2,replace,0,nào,chi,1,1,True,dialect_phrase,Interrogatives,gì,HaTinh_QB_QT; NgheAn,0.2886571884155273,61.62361134980921,5.215762615203857,5.504419803619385,True
SENT_3427,SENT,PNT2,replace,1,nó,hấn,1,1,True,standard_word,Pronouns,hắn; nghị,HaTinh_QB_QT,0.2886571884155273,61.62361134980921,5.215762615203857,5.504419803619385,True
SENT_3427,SENT,PNT3,replace,0,nào,chi,1,1,True,dialect_phrase,Interrogatives,gì; sao / thế nào,HaTinh_QB_QT; Hue,0.1834402084350586,37.07778186050814,5.215762615203857,5.399202823638916,True
SENT_3427,SENT,PNT3,replace,1,nó,hắn,1,1,True,dialect_phrase,Pronouns,nó,HaTinh_QB_QT; Hue,0.1834402084350586,37.07778186050814,5.215762615203857,5.399202823638916,True
SENT_3427,SENT,PNT4,replace,0,nào,chi,1,1,True,dialect_phrase,Interrogatives,gì,QuangNam,0.1834402084350586,37.07778186050814,5.215762615203857,5.399202823638916,True
SENT_3427,SENT,PNT4,replace,1,nó,hắn,1,1,True,standard_word,Pronouns,hén; nó,PhuYen; QuangNam; QuangNgai,0.1834402084350586,37.07778186050814,5.215762615203857,5.399202823638916,True
SENT_3469,SENT,PNB,delete,0,má nó,,2,0,False,none,Unknown,,,0.1248459815979003,15.001293362308148,4.725738525390625,4.850584506988525,False
SENT_3469,SENT,PNN,replace,0,lúc,hồi,1,1,False,none,Connectives/Aspect markers,,,0.1471352577209472,17.88218613875658,4.725738525390625,4.872873783111572,True
SENT_3469,SENT,PNN,replace,1,không,hông,1,1,True,dialect_phrase,Negation/Function words,không,NamBo,0.1471352577209472,17.88218613875658,4.725738525390625,4.872873783111572,True
SENT_3469,SENT,PNT2,replace,0,giờ mới,dừ mì,2,2,False,none,Predicate vocabulary,,,1.167886734008789,249.90406657471743,4.725738525390625,5.893625259399414,True
SENT_3469,SENT,PNT2,replace,1,sao,răng,1,1,True,dialect_phrase,Interrogatives,sao / thế nào,HaTinh_QB_QT; NgheAn,1.167886734008789,249.90406657471743,4.725738525390625,5.893625259399414,True
SENT_3469,SENT,PNT2,replace,2,không,nỏ,1,1,True,dialect_phrase,Negation/Function words,không,HaTinh_QB_QT; NgheAn,1.167886734008789,249.90406657471743,4.725738525390625,5.893625259399414,True
SENT_3469,SENT,PNT2,replace,3,nó,hấn,1,1,True,standard_word,Pronouns,hắn; nghị,HaTinh_QB_QT,1.167886734008789,249.90406657471743,4.725738525390625,5.893625259399414,True
SENT_3469,SENT,PNT2,replace,4,nào,mô,1,1,True,dialect_phrase,Interrogatives; Negation/Function words,đâu (phủ định); đâu / nào,HaTinh_QB_QT; NgheAn,1.167886734008789,249.90406657471743,4.725738525390625,5.893625259399414,False
SENT_3469,SENT,PNT2,replace,5,nó,hấn,1,1,True,standard_word,Pronouns,hắn; nghị,HaTinh_QB_QT,1.167886734008789,249.90406657471743,4.725738525390625,5.893625259399414,True
SENT_3469,SENT,PNT2,replace,6,bà,mẹ,1,1,True,standard_word,Kinship/Honorific terms,mệ,HaTinh_QB_QT; NgheAn,1.167886734008789,249.90406657471743,4.725738525390625,5.893625259399414,True
SENT_3469,SENT,PNT3,replace,0,giờ mới,chừ mì,2,2,False,none,Demonstratives/Deixis,,,1.631846904754639,464.0380409881872,4.725738525390625,6.357585430145264,True
SENT_3469,SENT,PNT3,replace,1,sao,răng,1,1,True,dialect_phrase,Interrogatives,sao / thế nào,HaTinh_QB_QT; Hue,1.631846904754639,464.0380409881872,4.725738525390625,6.357585430145264,True
SENT_3469,SENT,PNT3,replace,2,không,nỏ,1,1,True,dialect_phrase,Negation/Function words,không,HaTinh_QB_QT,1.631846904754639,464.0380409881872,4.725738525390625,6.357585430145264,True
SENT_3469,SENT,PNT3,replace,3,má nó,mẹ hắn,2,2,False,none,Kinship/Honorific terms,,,1.631846904754639,464.0380409881872,4.725738525390625,6.357585430145264,True
SENT_3469,SENT,PNT3,replace,4,nào cũng,mô cụng,2,2,False,none,Interrogatives,,,1.631846904754639,464.0380409881872,4.725738525390625,6.357585430145264,True
SENT_3469,SENT,PNT3,replace,5,nó,hắn,1,1,True,dialect_phrase,Pronouns,nó,HaTinh_QB_QT; Hue,1.631846904754639,464.0380409881872,4.725738525390625,6.357585430145264,True
SENT_3469,SENT,PNT3,replace,6,nữa chắc,nựa e,2,2,False,none,Predicate vocabulary,,,1.631846904754639,464.0380409881872,4.725738525390625,6.357585430145264,True
SENT_3469,SENT,PNT3,replace,7,bà nó,mẹ kì,2,2,False,none,Kinship/Honorific terms,,,1.631846904754639,464.0380409881872,4.725738525390625,6.357585430145264,True
SENT_3469,SENT,PNT4,replace,0,giờ,chừ,1,1,True,dialect_phrase,Negation/Function words,bây giờ,QuangNam,0.9308686256408693,173.36225799796267,4.725738525390625,5.656607151031494,True
SENT_3469,SENT,PNT4,replace,1,sao,ren,1,1,True,dialect_phrase,Interrogatives,sao / thế nào,QuangNam,0.9308686256408693,173.36225799796267,4.725738525390625,5.656607151031494,True
SENT_3469,SENT,PNT4,replace,2,nào,mô,1,1,True,dialect_phrase,Interrogatives,đâu / nào,QuangNam,0.9308686256408693,173.36225799796267,4.725738525390625,5.656607151031494,True
SENT_3469,SENT,PNT4,replace,3,bà,mẹ,1,1,True,dialect_phrase,Kinship/Honorific terms,mẹ,QuangNgai,0.9308686256408693,173.36225799796267,4.725738525390625,5.656607151031494,True
SENT_3514,SENT,PNN,replace,0,ấy,đó,1,1,True,dialect_phrase,Demonstratives/Deixis,kia; ấy / đó,NamBo,0.0286493301391601,2.9727483788498006,4.627753257751465,4.656402587890625,True
SENT_3514,SENT,PNN,replace,1,chg,hông,1,1,True,dialect_phrase,Negation/Function words,không,NamBo,0.0286493301391601,2.9727483788498006,4.627753257751465,4.656402587890625,True
SENT_3514,SENT,PNN,replace,2,chúng tôi,tụi tui,2,2,True,dialect_phrase,Pronouns,chúng tôi,NamBo,0.0286493301391601,2.9727483788498006,4.627753257751465,4.656402587890625,True
SENT_3514,SENT,PNN,replace,3,ấy,đó,1,1,True,dialect_phrase,Demonstratives/Deixis,kia; ấy / đó,NamBo,0.0286493301391601,2.9727483788498006,4.627753257751465,4.656402587890625,True
SENT_3514,SENT,PNN,replace,4,không,hông,1,1,True,dialect_phrase,Negation/Function words,không,NamBo,0.0286493301391601,2.9727483788498006,4.627753257751465,4.656402587890625,True
SENT_3514,SENT,PNT1,replace,0,chg,chẳng,1,1,False,none,Negation/Function words,,,-0.3381738662719726,-29.34821534110013,4.627753257751465,4.289579391479492,True
SENT_3514,SENT,PNT1,replace,1,bb,bạn bè,1,2,False,none,Noise/Non-linguistic,,,-0.3381738662719726,-29.34821534110013,4.627753257751465,4.289579391479492,False
SENT_3514,SENT,PNT2,replace,0,hôm ấy,bữa nớ,2,2,False,none,Demonstratives/Deixis,,,0.4540023803710937,58.77256493374789,4.627753257751465,5.081755638122559,True
SENT_3514,SENT,PNT2,replace,1,chúng tôi,bọn tui,2,2,True,standard_word,Pronouns,choa,HaTinh_QB_QT; NgheAn,0.4540023803710937,58.77256493374789,4.627753257751465,5.081755638122559,True
SENT_3514,SENT,PNT2,replace,2,không,nỏ,1,1,True,dialect_phrase,Negation/Function words,không,HaTinh_QB_QT; NgheAn,0.4540023803710937,58.77256493374789,4.627753257751465,5.081755638122559,True
SENT_3514,SENT,PNT3,replace,0,hôm ấy,nớ,2,1,True,dialect_phrase,Demonstratives/Deixis,kia; ấy / đó,HaTinh_QB_QT; Hue,0.2599477767944336,30.36426947859708,4.627753257751465,4.887701034545898,True
SENT_3514,SENT,PNT3,replace,1,lũ chúng tôi,bọn tau,3,2,True,dialect_phrase,Pronouns,chúng tao,HaTinh_QB_QT; Hue,0.2599477767944336,30.36426947859708,4.627753257751465,4.887701034545898,True
SENT_3514,SENT,PNT3,replace,2,ấy,nớ,1,1,True,dialect_phrase,Demonstratives/Deixis,kia; ấy / đó,HaTinh_QB_QT; Hue,0.2599477767944336,30.36426947859708,4.627753257751465,4.887701034545898,True
SENT_3514,SENT,PNT3,replace,3,trông thấy,chộ,2,1,True,dialect_phrase,Predicate vocabulary,thấy,HaTinh_QB_QT; Hue,0.2599477767944336,30.36426947859708,4.627753257751465,4.887701034545898,True
SENT_3514,SENT,PNT4,replace,0,ấy,nớ,1,1,True,dialect_phrase,Demonstratives/Deixis,ấy / đó,QuangNam,-0.0128655433654785,-1.3075102870178057,4.627753257751465,4.614887714385986,True
SENT_3514,SENT,PNT4,replace,1,lũ,bọn,1,1,False,none,Pronouns,,,-0.0128655433654785,-1.3075102870178057,4.627753257751465,4.614887714385986,True
SENT_3514,SENT,PNT4,replace,2,ấy,nớ,1,1,True,dialect_phrase,Demonstratives/Deixis,ấy / đó,QuangNam,-0.0128655433654785,-1.3075102870178057,4.627753257751465,4.614887714385986,True
SENT_3514,SENT,PNT4,replace,3,trông,nhìn,1,1,False,none,Predicate vocabulary,,,-0.0128655433654785,-1.3075102870178057,4.627753257751465,4.614887714385986,True
SENT_3520,SENT,PNB,replace,0,thằg,thằng,1,1,False,none,Orthographic variant,,,-0.6499218940734863,-37.642966756218605,4.366471767425537,3.716549873352051,False
SENT_3520,SENT,PNB,replace,1,với thằg,thằng,2,1,False,none,Noise/Non-linguistic,,,-0.6499218940734863,-37.642966756218605,4.366471767425537,3.716549873352051,False
SENT_3520,SENT,PNB,replace,2,bổg m,bổng mày,2,2,False,none,Noise/Non-linguistic,,,-0.6499218940734863,-37.642966756218605,4.366471767425537,3.716549873352051,False
SENT_3520,SENT,PNB,replace,3,hám,ham,1,1,False,none,Orthographic variant,,,-0.6499218940734863,-37.642966756218605,4.366471767425537,3.716549873352051,False
SENT_3520,SENT,PNN,replace,0,đến,tới,1,1,False,none,Predicate vocabulary,,,0.0153827667236328,1.2209943530378666,4.366471767425537,4.38185453414917,True
SENT_3520,SENT,PNN,replace,1,đấy,đó,1,1,True,dialect_phrase,Demonstratives/Deixis,kia; ấy / đó,NamBo,0.0153827667236328,1.2209943530378666,4.366471767425537,4.38185453414917,True
SENT_3520,SENT,PNT1,replace,0,tao,tau,1,1,True,standard_word,Pronouns,choa,ThanhHoa,0.4619932174682617,46.253668589088065,4.366471767425537,4.828464984893799,True
SENT_3520,SENT,PNT1,replace,1,mày,mi,1,1,False,none,Pronouns,,,0.4619932174682617,46.253668589088065,4.366471767425537,4.828464984893799,True
SENT_3520,SENT,PNT1,replace,2,mày,mi,1,1,False,none,Pronouns,,,0.4619932174682617,46.253668589088065,4.366471767425537,4.828464984893799,True
SENT_3520,SENT,PNT1,replace,3,m,mi,1,1,False,none,Pronouns,,,0.4619932174682617,46.253668589088065,4.366471767425537,4.828464984893799,True
SENT_3520,SENT,PNT1,replace,4,mày,mi,1,1,False,none,Pronouns,,,0.4619932174682617,46.253668589088065,4.366471767425537,4.828464984893799,True
SENT_3520,SENT,PNT1,replace,5,hám,tham,1,1,False,none,Predicate vocabulary,,,0.4619932174682617,46.253668589088065,4.366471767425537,4.828464984893799,True
SENT_3520,SENT,PNT1,replace,6,mày,mi,1,1,False,none,Pronouns,,,0.4619932174682617,46.253668589088065,4.366471767425537,4.828464984893799,True
SENT_3520,SENT,PNT2,replace,0,mày,mi,1,1,True,dialect_phrase,Pronouns,mày,HaTinh_QB_QT,0.3480634689331054,32.791712718735454,4.366471767425537,4.714535236358643,True
SENT_3520,SENT,PNT2,replace,1,mày,mi,1,1,True,dialect_phrase,Pronouns,mày,HaTinh_QB_QT,0.3480634689331054,32.791712718735454,4.366471767425537,4.714535236358643,True
SENT_3520,SENT,PNT2,replace,2,mày,mi,1,1,True,dialect_phrase,Pronouns,mày,HaTinh_QB_QT,0.3480634689331054,32.791712718735454,4.366471767425537,4.714535236358643,True
SENT_3520,SENT,PNT2,replace,3,mày,mi,1,1,True,dialect_phrase,Pronouns,mày,HaTinh_QB_QT,0.3480634689331054,32.791712718735454,4.366471767425537,4.714535236358643,True
SENT_3520,SENT,PNT3,replace,0,tao,tau,1,1,True,dialect_phrase,Pronouns,tao; tôi,HaTinh_QB_QT; Hue,0.4203810691833496,41.15811695641071,4.366471767425537,4.786852836608887,True
SENT_3520,SENT,PNT3,replace,1,mày,mi,1,1,True,dialect_phrase,Pronouns,mày,HaTinh_QB_QT; Hue,0.4203810691833496,41.15811695641071,4.366471767425537,4.786852836608887,True
SENT_3520,SENT,PNT3,replace,2,mày,mi,1,1,True,dialect_phrase,Pronouns,mày,HaTinh_QB_QT; Hue,0.4203810691833496,41.15811695641071,4.366471767425537,4.786852836608887,True
SENT_3520,SENT,PNT3,replace,3,vậy,rứa,1,1,True,standard_word,Demonstratives/Deixis,a rứa; như ri; như rứa; ri,HaTinh_QB_QT; Hue,0.4203810691833496,41.15811695641071,4.366471767425537,4.786852836608887,True
SENT_3520,SENT,PNT3,replace,4,mày,mi,1,1,True,dialect_phrase,Pronouns,mày,HaTinh_QB_QT; Hue,0.4203810691833496,41.15811695641071,4.366471767425537,4.786852836608887,True
SENT_3520,SENT,PNT3,replace,5,đấy,đó,1,1,True,standard_word,Discourse particles,đỏ,HaTinh_QB_QT,0.4203810691833496,41.15811695641071,4.366471767425537,4.786852836608887,True
SENT_3520,SENT,PNT3,replace,6,mày,mi,1,1,True,dialect_phrase,Pronouns,mày,HaTinh_QB_QT; Hue,0.4203810691833496,41.15811695641071,4.366471767425537,4.786852836608887,True
SENT_3520,SENT,PNT4,replace,0,mày,mi,1,1,True,dialect_phrase,Pronouns,mày,QuangNam,0.5468049049377441,57.31935048715758,4.366471767425537,4.913276672363281,True
SENT_3520,SENT,PNT4,replace,1,đến,tới,1,1,False,none,Predicate vocabulary,,,0.5468049049377441,57.31935048715758,4.366471767425537,4.913276672363281,True
SENT_3520,SENT,PNT4,replace,2,mày,mi,1,1,True,dialect_phrase,Pronouns,mày,QuangNam,0.5468049049377441,57.31935048715758,4.366471767425537,4.913276672363281,True
SENT_3520,SENT,PNT4,replace,3,vậy,rứa,1,1,True,standard_word,Demonstratives/Deixis,như dậy; như ri; như rứa; như vầy; như vậy,PhuYen; QuangNam; QuangNgai,0.5468049049377441,57.31935048715758,4.366471767425537,4.913276672363281,True
SENT_3520,SENT,PNT4,replace,4,mày,mi,1,1,True,dialect_phrase,Pronouns,mày,QuangNam,0.5468049049377441,57.31935048715758,4.366471767425537,4.913276672363281,True
SENT_3520,SENT,PNT4,replace,5,đấy,nớ,1,1,True,dialect_phrase,Demonstratives/Deixis,ấy / đó,QuangNam,0.5468049049377441,57.31935048715758,4.366471767425537,4.913276672363281,True
SENT_3520,SENT,PNT4,replace,6,mày,mi,1,1,True,dialect_phrase,Pronouns,mày,QuangNam,0.5468049049377441,57.31935048715758,4.366471767425537,4.913276672363281,True
SENT_3555,SENT,PNB,replace,0,ta,mình,1,1,False,none,Pronouns,,,-0.049229621887207,-3.9811908634596302,4.417354583740234,4.368124961853027,True
SENT_3555,SENT,PNB,replace,1,""" tại","""tại",2,1,False,none,Noise/Non-linguistic,,,-0.049229621887207,-3.9811908634596302,4.417354583740234,4.368124961853027,False
SENT_3555,SENT,PNB,replace,2,cha,bố,1,1,True,dialect_phrase,Kinship/Honorific terms,bố,BacBo,-0.049229621887207,-3.9811908634596302,4.417354583740234,4.368124961853027,True
SENT_3555,SENT,PNB,replace,3,"ta ""","mình""",2,1,False,none,Pronouns,,,-0.049229621887207,-3.9811908634596302,4.417354583740234,4.368124961853027,True
SENT_3555,SENT,PNN,replace,0,ngày,hồi,1,1,False,none,Predicate vocabulary,,,0.4461688995361328,46.60286697970517,4.417354583740234,4.863523483276367,True
SENT_3555,SENT,PNN,replace,1,cha mẹ,ba má,2,2,False,none,Kinship/Honorific terms,,,0.4461688995361328,46.60286697970517,4.417354583740234,4.863523483276367,True
SENT_3555,SENT,PNT2,replace,0,sao,răng,1,1,True,dialect_phrase,Interrogatives,sao / thế nào,HaTinh_QB_QT; NgheAn,1.5756263732910156,317.7302725006268,4.417354583740234,5.99298095703125,True
SENT_3555,SENT,PNT2,replace,1,đó,nớ,1,1,True,dialect_phrase,Demonstratives/Deixis,ấy / đó,HaTinh_QB_QT; NgheAn,1.5756263732910156,317.7302725006268,4.417354583740234,5.99298095703125,True
SENT_3555,SENT,PNT2,replace,2,thế này thế kia,như ri như rứa,4,4,False,none,Demonstratives/Deixis,,,1.5756263732910156,317.7302725006268,4.417354583740234,5.99298095703125,True
SENT_3555,SENT,PNT3,replace,0,lớn lên,nậy,2,1,True,dialect_phrase,Predicate vocabulary,lớn,HaTinh_QB_QT,1.747447490692139,392.83022744206056,4.417354583740234,6.164802074432373,True
SENT_3555,SENT,PNT3,replace,1,sao,răng,1,1,True,dialect_phrase,Interrogatives,sao / thế nào,HaTinh_QB_QT; Hue,1.747447490692139,392.83022744206056,4.417354583740234,6.164802074432373,True
SENT_3555,SENT,PNT3,replace,2,đó cha mẹ,nớ bọ mạ,3,3,False,none,Kinship/Honorific terms,,,1.747447490692139,392.83022744206056,4.417354583740234,6.164802074432373,True
SENT_3555,SENT,PNT4,replace,0,đó cha,nớ ba,2,2,False,none,Demonstratives/Deixis,,,0.3111491203308105,30.249413824472228,4.417354583740234,4.728503704071045,True
SENT_3618,SENT,PNB,replace,0,nhìu,nhiều,1,1,True,dialect_phrase,Predicate vocabulary,nhiều,BacBo,0.2165756225585937,39.04463439928196,5.084279537200928,5.3008551597595215,True
SENT_3618,SENT,PNN,replace,0,không,hông,1,1,True,dialect_phrase,Negation/Function words,không,NamBo,0.003066062927246,0.4958171773956223,5.084279537200928,5.087345600128174,True
SENT_3618,SENT,PNN,insert,1,,cù,0,1,False,none,Unknown,,,0.003066062927246,0.4958171773956223,5.084279537200928,5.087345600128174,False
SENT_3618,SENT,PNT1,replace,0,lộn,nhau,1,1,False,none,Predicate vocabulary,,,-0.1091775894165039,-16.699986105171263,5.084279537200928,4.975101947784424,True
SENT_3618,SENT,PNT1,replace,1,người,ngừi,1,1,False,none,Orthographic variant,,,-0.1091775894165039,-16.699986105171263,5.084279537200928,4.975101947784424,False
SENT_3618,SENT,PNT2,replace,0,không,nỏ,1,1,True,dialect_phrase,Negation/Function words,không,HaTinh_QB_QT; NgheAn,0.7723522186279297,188.0812379014767,5.084279537200928,5.856631755828857,True
SENT_3618,SENT,PNT2,replace,1,làm gì nhìu,mần chi nhiều,3,3,False,none,Interrogatives,,,0.7723522186279297,188.0812379014767,5.084279537200928,5.856631755828857,True
SENT_3618,SENT,PNT2,replace,2,nó,hấn,1,1,True,standard_word,Pronouns,hắn; nghị,HaTinh_QB_QT,0.7723522186279297,188.0812379014767,5.084279537200928,5.856631755828857,True
SENT_3618,SENT,PNT3,replace,0,bởi vậy,vì rứa nên,2,3,False,none,Connectives/Aspect markers,,,0.5740795135498047,125.21426377228,5.084279537200928,5.658359050750732,True
SENT_3618,SENT,PNT3,replace,1,làm gì nhìu,mần chi nhiều,3,3,False,none,Interrogatives,,,0.5740795135498047,125.21426377228,5.084279537200928,5.658359050750732,True
SENT_3618,SENT,PNT3,replace,2,nó,hắn,1,1,True,dialect_phrase,Pronouns,nó,HaTinh_QB_QT; Hue,0.5740795135498047,125.21426377228,5.084279537200928,5.658359050750732,True
SENT_3618,SENT,PNT3,replace,3,cãi lộn mệt,cại chắc dọc,3,3,False,none,Predicate vocabulary,,,0.5740795135498047,125.21426377228,5.084279537200928,5.658359050750732,True
SENT_3618,SENT,PNT4,replace,0,vậy,rứa,1,1,True,standard_word,Demonstratives/Deixis,như dậy; như ri; như rứa; như vầy; như vậy,PhuYen; QuangNam; QuangNgai,0.4693813323974609,96.71742607605324,5.084279537200928,5.553660869598389,True
SENT_3618,SENT,PNT4,replace,1,gì,chi,1,1,True,dialect_phrase,Interrogatives,gì,QuangNam,0.4693813323974609,96.71742607605324,5.084279537200928,5.553660869598389,True
SENT_3618,SENT,PNT4,replace,2,nó,hắn,1,1,True,standard_word,Pronouns,hén; nó,PhuYen; QuangNam; QuangNgai,0.4693813323974609,96.71742607605324,5.084279537200928,5.553660869598389,True
SENT_3670,SENT,PNN,replace,0,đến,tới,1,1,False,none,Predicate vocabulary,,,0.016512393951416,4.683072399849152,5.639330863952637,5.655843257904053,True
SENT_3670,SENT,PNN,replace,1,thế nào,sao,2,1,True,dialect_phrase,Interrogatives,sao / thế nào,NamBo,0.016512393951416,4.683072399849152,5.639330863952637,5.655843257904053,True
SENT_3670,SENT,PNN,replace,2,đấy,đó,1,1,True,dialect_phrase,Demonstratives/Deixis,kia; ấy / đó,NamBo,0.016512393951416,4.683072399849152,5.639330863952637,5.655843257904053,True
SENT_3670,SENT,PNT1,replace,0,thế nào,răng,2,1,False,none,Interrogatives,,,0.6026339530944824,232.59273006145415,5.639330863952637,6.241964817047119,True
SENT_3670,SENT,PNT1,replace,1,mày,mi,1,1,False,none,Pronouns,,,0.6026339530944824,232.59273006145415,5.639330863952637,6.241964817047119,True
SENT_3670,SENT,PNT2,replace,0,thế nào,như răng,2,2,True,standard_word,Interrogatives,răng,HaTinh_QB_QT; NgheAn,0.581571102142334,221.88241321635817,5.639330863952637,6.220901966094971,True
SENT_3670,SENT,PNT2,replace,1,mày,mi,1,1,True,dialect_phrase,Pronouns,mày,HaTinh_QB_QT,0.581571102142334,221.88241321635817,5.639330863952637,6.220901966094971,True
SENT_3670,SENT,PNT3,replace,0,thế nào,răng,2,1,True,dialect_phrase,Interrogatives,sao / thế nào,HaTinh_QB_QT; Hue,0.7915449142456055,339.44287611596803,5.639330863952637,6.430875778198242,True
SENT_3670,SENT,PNT3,replace,1,bà,mệ,1,1,True,dialect_phrase,Kinship/Honorific terms,bà,HaTinh_QB_QT; Hue,0.7915449142456055,339.44287611596803,5.639330863952637,6.430875778198242,True
SENT_3670,SENT,PNT3,replace,2,mày,mi,1,1,True,dialect_phrase,Pronouns,mày,HaTinh_QB_QT; Hue,0.7915449142456055,339.44287611596803,5.639330863952637,6.430875778198242,True
SENT_3670,SENT,PNT3,replace,3,đấy,đo,1,1,True,standard_word,Discourse particles,đỏ,HaTinh_QB_QT,0.7915449142456055,339.44287611596803,5.639330863952637,6.430875778198242,True
SENT_3670,SENT,PNT4,replace,0,ủi ui,trời ơi,2,2,False,none,Idiomatic expressions,,,0.1587047576904297,48.376918841035035,5.639330863952637,5.798035621643066,True
SENT_3670,SENT,PNT4,replace,1,đến,tới,1,1,False,none,Predicate vocabulary,,,0.1587047576904297,48.376918841035035,5.639330863952637,5.798035621643066,True
SENT_3670,SENT,PNT4,replace,2,thế nào,ren,2,1,True,dialect_phrase,Interrogatives,sao / thế nào,QuangNam,0.1587047576904297,48.376918841035035,5.639330863952637,5.798035621643066,True
SENT_3670,SENT,PNT4,replace,3,mày,mi,1,1,True,dialect_phrase,Pronouns,mày,QuangNam,0.1587047576904297,48.376918841035035,5.639330863952637,5.798035621643066,True
SENT_3670,SENT,PNT4,replace,4,đấy,đó,1,1,True,dialect_phrase,Demonstratives/Deixis,ấy / đó,PhuYen; QuangNgai,0.1587047576904297,48.376918841035035,5.639330863952637,5.798035621643066,True
SENT_3750,SENT,PNN,replace,0,mẹ,má,1,1,False,none,Kinship/Honorific terms,,,0.1804022789001464,37.568179697490535,5.247166633605957,5.4275689125061035,True
SENT_3750,SENT,PNN,replace,1,tốt thật,giỏi thiệt,2,2,False,none,Predicate vocabulary,,,0.1804022789001464,37.568179697490535,5.247166633605957,5.4275689125061035,True
SENT_3750,SENT,PNT2,replace,0,này,ni,1,1,True,dialect_phrase,Demonstratives/Deixis,này,HaTinh_QB_QT; NgheAn,1.3510818481445312,543.7816949078247,5.247166633605957,6.598248481750488,True
SENT_3750,SENT,PNT2,replace,1,còn,đăng,1,1,False,none,Noise/Non-linguistic,,,1.3510818481445312,543.7816949078247,5.247166633605957,6.598248481750488,False
SENT_3750,SENT,PNT2,replace,2,nữa chứ,nựa chơ,2,2,False,none,Predicate vocabulary,,,1.3510818481445312,543.7816949078247,5.247166633605957,6.598248481750488,True
SENT_3750,SENT,PNT3,replace,0,mẹ,mạ,1,1,True,dialect_phrase,Kinship/Honorific terms,mẹ,HaTinh_QB_QT,1.2942347526550293,503.2303304328642,5.247166633605957,6.541401386260986,True
SENT_3750,SENT,PNT3,replace,1,này,ni,1,1,True,dialect_phrase,Demonstratives/Deixis,này,HaTinh_QB_QT; Hue,1.2942347526550293,503.2303304328642,5.247166633605957,6.541401386260986,True
SENT_3750,SENT,PNT3,replace,2,thật,thiệt,1,1,True,dialect_phrase,Connectives/Aspect markers,thật,HaTinh_QB_QT,1.2942347526550293,503.2303304328642,5.247166633605957,6.541401386260986,True
SENT_3750,SENT,PNT3,replace,3,nữa chứ,nựa chớ,2,2,False,none,Orthographic variant,,,1.2942347526550293,503.2303304328642,5.247166633605957,6.541401386260986,False
SENT_3750,SENT,PNT4,replace,0,này,ni,1,1,True,dialect_phrase,Demonstratives/Deixis,này,QuangNam,0.5795650482177734,149.22100586950668,5.247166633605957,5.8267316818237305,True
SENT_3750,SENT,PNT4,replace,1,thật,thiệt,1,1,False,none,Predicate vocabulary,,,0.5795650482177734,149.22100586950668,5.247166633605957,5.8267316818237305,True
SENT_3750,SENT,PNT4,replace,2,chứ,chớ,1,1,False,none,Discourse particles,,,0.5795650482177734,149.22100586950668,5.247166633605957,5.8267316818237305,True
SENT_3763,SENT,PNB,replace,0,all,tất cả,1,2,False,none,Negation/Function words,,,-0.1920359134674072,-7.228254412964638,3.722552299499512,3.5305163860321045,True
SENT_3763,SENT,PNN,replace,0,ấy,đó,1,1,True,dialect_phrase,Demonstratives/Deixis,kia; ấy / đó,NamBo,0.0733768939971923,3.149736782363398,3.722552299499512,3.795929193496704,True
SENT_3763,SENT,PNN,replace,1,không,hông,1,1,True,dialect_phrase,Negation/Function words,không,NamBo,0.0733768939971923,3.149736782363398,3.722552299499512,3.795929193496704,True
SENT_3763,SENT,PNT1,replace,0,tao,tau,1,1,True,standard_word,Pronouns,choa,ThanhHoa,0.3174872398376465,15.458742007423432,3.722552299499512,4.040039539337158,True
SENT_3763,SENT,PNT1,replace,1,tao,tau,1,1,True,standard_word,Pronouns,choa,ThanhHoa,0.3174872398376465,15.458742007423432,3.722552299499512,4.040039539337158,True
SENT_3763,SENT,PNT2,replace,0,tao,tau,1,1,True,dialect_phrase,Pronouns,tao,HaTinh_QB_QT,0.6910057067871094,41.19285241368535,3.722552299499512,4.413558006286621,True
SENT_3763,SENT,PNT2,replace,1,người,ngài,1,1,False,none,Orthographic variant,,,0.6910057067871094,41.19285241368535,3.722552299499512,4.413558006286621,False
SENT_3763,SENT,PNT2,replace,2,ấy,nớ,1,1,True,dialect_phrase,Demonstratives/Deixis,ấy / đó,HaTinh_QB_QT; NgheAn,0.6910057067871094,41.19285241368535,3.722552299499512,4.413558006286621,True
SENT_3763,SENT,PNT2,replace,3,tao không,tau nỏ,2,2,False,none,Pronouns,,,0.6910057067871094,41.19285241368535,3.722552299499512,4.413558006286621,True
SENT_3763,SENT,PNT2,replace,4,vào,vô,1,1,False,none,Connectives/Aspect markers,,,0.6910057067871094,41.19285241368535,3.722552299499512,4.413558006286621,True
SENT_3763,SENT,PNT3,replace,0,tao,tau,1,1,True,dialect_phrase,Pronouns,tao; tôi,HaTinh_QB_QT; Hue,0.6049785614013672,34.38715315583796,3.722552299499512,4.327530860900879,True
SENT_3763,SENT,PNT3,replace,1,ấy,nớ,1,1,True,dialect_phrase,Demonstratives/Deixis,kia; ấy / đó,HaTinh_QB_QT; Hue,0.6049785614013672,34.38715315583796,3.722552299499512,4.327530860900879,True
SENT_3763,SENT,PNT3,replace,2,nhưng,chơ đều,1,2,False,none,Connectives/Aspect markers,,,0.6049785614013672,34.38715315583796,3.722552299499512,4.327530860900879,True
SENT_3763,SENT,PNT4,replace,0,tao,ta,1,1,True,dialect_phrase,Pronouns,tao; tôi,QuangNam,0.4689869880676269,24.75464956084333,3.722552299499512,4.191539287567139,True
SENT_3763,SENT,PNT4,replace,1,ấy,nớ,1,1,True,dialect_phrase,Demonstratives/Deixis,ấy / đó,QuangNam,0.4689869880676269,24.75464956084333,3.722552299499512,4.191539287567139,True
SENT_3763,SENT,PNT4,replace,2,tao,ta,1,1,True,dialect_phrase,Pronouns,tao; tôi,QuangNam,0.4689869880676269,24.75464956084333,3.722552299499512,4.191539287567139,True
SENT_3763,SENT,PNT4,replace,3,vào,vô,1,1,False,none,Connectives/Aspect markers,,,0.4689869880676269,24.75464956084333,3.722552299499512,4.191539287567139,True
SENT_3814,SENT,PNB,replace,0,chế,chị,1,1,True,dialect_phrase,Kinship/Honorific terms,chị,BacBo,-0.529942512512207,-220.11210775940947,6.282420635223389,5.752478122711182,True
SENT_3814,SENT,PNB,replace,1,hoạng,hoảng,1,1,False,none,Orthographic variant,,,-0.529942512512207,-220.11210775940947,6.282420635223389,5.752478122711182,False
SENT_3814,SENT,PNN,replace,0,thủ,hườm,1,1,False,none,Predicate vocabulary,,,-0.0591707229614257,-30.742705535847733,6.282420635223389,6.223249912261963,True
SENT_3814,SENT,PNT3,replace,0,thấy chế,ngó chộ chị,2,3,False,none,Predicate vocabulary,,,0.4472970962524414,301.82866238749625,6.282420635223389,6.72971773147583,True
SENT_3814,SENT,PNT3,replace,1,phải,phại,1,1,False,none,Orthographic variant,,,0.4472970962524414,301.82866238749625,6.282420635223389,6.72971773147583,False
SENT_3814,SENT,PNT3,insert,2,,cò,0,1,False,none,Unknown,,,0.4472970962524414,301.82866238749625,6.282420635223389,6.72971773147583,False
SENT_3814,SENT,PNT3,replace,3,nhá,nghe,1,1,True,dialect_phrase,Discourse particles,nha; nhé,HaTinh_QB_QT; Hue,0.4472970962524414,301.82866238749625,6.282420635223389,6.72971773147583,True
SENT_3814,SENT,PNT4,replace,0,chế,chị,1,1,True,dialect_phrase,Kinship/Honorific terms,chị,PhuYen; QuangNam; QuangNgai,-0.4681539535522461,-200.03672328681984,6.282420635223389,5.814266681671143,True
SENT_3814,SENT,PNT4,replace,1,hoạng,hoảng,1,1,False,none,Orthographic variant,,,-0.4681539535522461,-200.03672328681984,6.282420635223389,5.814266681671143,False
SENT_3814,SENT,PNT4,replace,2,nhá,nghe,1,1,False,none,Discourse particles,,,-0.4681539535522461,-200.03672328681984,6.282420635223389,5.814266681671143,True
SENT_3906,SENT,PNB,replace,0,la hoài,chửi mãi,2,2,False,none,Idiomatic expressions,,,-0.1547069549560547,-12.444920220744224,4.463891506195068,4.309184551239014,True
SENT_3906,SENT,PNN,replace,0,không,hông,1,1,True,dialect_phrase,Negation/Function words,không,NamBo,0.199711799621582,19.19267637019443,4.463891506195068,4.66360330581665,True
SENT_3906,SENT,PNN,replace,1,không,hông,1,1,True,dialect_phrase,Negation/Function words,không,NamBo,0.199711799621582,19.19267637019443,4.463891506195068,4.66360330581665,True
SENT_3906,SENT,PNT2,replace,0,không,nỏ,1,1,True,dialect_phrase,Negation/Function words,không,HaTinh_QB_QT; NgheAn,0.3548059463500976,36.97899398239379,4.463891506195068,4.818697452545166,True
SENT_3906,SENT,PNT2,replace,1,chứ,chơ,1,1,True,dialect_phrase,Connectives/Aspect markers,chứ,HaTinh_QB_QT,0.3548059463500976,36.97899398239379,4.463891506195068,4.818697452545166,True
SENT_3906,SENT,PNT2,replace,2,sao,răng,1,1,True,dialect_phrase,Interrogatives,sao / thế nào,HaTinh_QB_QT; NgheAn,0.3548059463500976,36.97899398239379,4.463891506195068,4.818697452545166,True
SENT_3906,SENT,PNT2,replace,3,vậy,rứa,1,1,True,dialect_phrase,Demonstratives/Deixis,vậy / thế,NgheAn,0.3548059463500976,36.97899398239379,4.463891506195068,4.818697452545166,True
SENT_3906,SENT,PNT2,replace,4,vậy,rứa,1,1,True,dialect_phrase,Demonstratives/Deixis,vậy / thế,NgheAn,0.3548059463500976,36.97899398239379,4.463891506195068,4.818697452545166,True
SENT_3906,SENT,PNT3,replace,0,không,nỏ,1,1,True,dialect_phrase,Negation/Function words,không,HaTinh_QB_QT,0.5213379859924316,59.4123999549918,4.463891506195068,4.9852294921875,True
SENT_3906,SENT,PNT3,replace,1,mình lúa,miềng ló,2,2,False,none,Pronouns,,,0.5213379859924316,59.4123999549918,4.463891506195068,4.9852294921875,True
SENT_3906,SENT,PNT3,replace,2,chứ,chơ,1,1,True,dialect_phrase,Connectives/Aspect markers,chứ,HaTinh_QB_QT,0.5213379859924316,59.4123999549918,4.463891506195068,4.9852294921875,True
SENT_3906,SENT,PNT3,replace,3,mình,miềng,1,1,False,none,Pronouns,,,0.5213379859924316,59.4123999549918,4.463891506195068,4.9852294921875,True
SENT_3906,SENT,PNT3,replace,4,sao,răng,1,1,True,dialect_phrase,Interrogatives,sao / thế nào,HaTinh_QB_QT; Hue,0.5213379859924316,59.4123999549918,4.463891506195068,4.9852294921875,True
SENT_3906,SENT,PNT3,replace,5,vậy,rứa,1,1,True,standard_word,Demonstratives/Deixis,a rứa; như ri; như rứa; ri,HaTinh_QB_QT; Hue,0.5213379859924316,59.4123999549918,4.463891506195068,4.9852294921875,True
SENT_3906,SENT,PNT3,replace,6,anh chồng la hoài là vậy,eng dông nạt mãi mà rứa tê,6,7,False,none,Kinship/Honorific terms,,,0.5213379859924316,59.4123999549918,4.463891506195068,4.9852294921875,True
SENT_3906,SENT,PNT4,replace,0,sao,ren,1,1,True,dialect_phrase,Interrogatives,sao / thế nào,QuangNam,0.1095209121704101,10.049389915028172,4.463891506195068,4.5734124183654785,True
SENT_3906,SENT,PNT4,replace,1,vậy,rứa,1,1,True,standard_word,Demonstratives/Deixis,như dậy; như ri; như rứa; như vầy; như vậy,PhuYen; QuangNam; QuangNgai,0.1095209121704101,10.049389915028172,4.463891506195068,4.5734124183654785,True
SENT_3906,SENT,PNT4,replace,2,hoài,miết,1,1,False,none,Predicate vocabulary,,,0.1095209121704101,10.049389915028172,4.463891506195068,4.5734124183654785,True
SENT_3906,SENT,PNT4,replace,3,vậy,rứa,1,1,True,standard_word,Demonstratives/Deixis,như dậy; như ri; như rứa; như vầy; như vậy,PhuYen; QuangNam; QuangNgai,0.1095209121704101,10.049389915028172,4.463891506195068,4.5734124183654785,True
SENT_3910,SENT,PNB,replace,0,đúi,đuối,1,1,False,none,Orthographic variant,,,-0.3268280029296875,-57.510473689546274,5.3292555809021,5.002427577972412,False
SENT_3910,SENT,PNN,replace,0,xem,coi,1,1,False,none,Predicate vocabulary,,,0.2996988296508789,72.08654876374234,5.3292555809021,5.6289544105529785,True
SENT_3910,SENT,PNN,replace,1,không,hông,1,1,True,dialect_phrase,Negation/Function words,không,NamBo,0.2996988296508789,72.08654876374234,5.3292555809021,5.6289544105529785,True
SENT_3910,SENT,PNT1,replace,0,tao,tau,1,1,True,standard_word,Pronouns,choa,ThanhHoa,0.6123666763305664,174.2674269654424,5.3292555809021,5.941622257232666,True
SENT_3910,SENT,PNT2,replace,0,này,ni,1,1,True,dialect_phrase,Demonstratives/Deixis,này,HaTinh_QB_QT; NgheAn,0.8006424903869629,253.1049783594482,5.3292555809021,6.1298980712890625,True
SENT_3910,SENT,PNT2,replace,1,vào,vô,1,1,False,none,Connectives/Aspect markers,,,0.8006424903869629,253.1049783594482,5.3292555809021,6.1298980712890625,True
SENT_3910,SENT,PNT2,replace,2,chứ,chơ,1,1,True,dialect_phrase,Connectives/Aspect markers,chứ,HaTinh_QB_QT,0.8006424903869629,253.1049783594482,5.3292555809021,6.1298980712890625,True
SENT_3910,SENT,PNT2,replace,3,không,nỏ,1,1,True,dialect_phrase,Negation/Function words,không,HaTinh_QB_QT; NgheAn,0.8006424903869629,253.1049783594482,5.3292555809021,6.1298980712890625,True
SENT_3910,SENT,PNT3,replace,0,t,tau,1,1,True,dialect_phrase,Pronouns,tao; tôi,HaTinh_QB_QT; Hue,0.9571046829223632,330.91016517352784,5.3292555809021,6.286360263824463,True
SENT_3910,SENT,PNT3,replace,1,này,ni,1,1,True,dialect_phrase,Demonstratives/Deixis,này,HaTinh_QB_QT; Hue,0.9571046829223632,330.91016517352784,5.3292555809021,6.286360263824463,True
SENT_3910,SENT,PNT3,replace,2,vào,vô,1,1,False,none,Connectives/Aspect markers,,,0.9571046829223632,330.91016517352784,5.3292555809021,6.286360263824463,True
SENT_3910,SENT,PNT3,replace,3,chứ,chơ,1,1,True,dialect_phrase,Connectives/Aspect markers,chứ,HaTinh_QB_QT,0.9571046829223632,330.91016517352784,5.3292555809021,6.286360263824463,True
SENT_3910,SENT,PNT3,replace,4,đúi,đuối,1,1,False,none,Orthographic variant,,,0.9571046829223632,330.91016517352784,5.3292555809021,6.286360263824463,False
SENT_3910,SENT,PNT3,replace,5,tao,tau,1,1,True,dialect_phrase,Pronouns,tao; tôi,HaTinh_QB_QT; Hue,0.9571046829223632,330.91016517352784,5.3292555809021,6.286360263824463,True
SENT_3910,SENT,PNT4,replace,0,này,ni,1,1,True,dialect_phrase,Demonstratives/Deixis,này,QuangNam,0.7528843879699707,231.68107001436712,5.3292555809021,6.08213996887207,True
SENT_3910,SENT,PNT4,replace,1,vào,vô,1,1,False,none,Connectives/Aspect markers,,,0.7528843879699707,231.68107001436712,5.3292555809021,6.08213996887207,True
SENT_3910,SENT,PNT4,replace,2,chứ,chớ,1,1,False,none,Discourse particles,,,0.7528843879699707,231.68107001436712,5.3292555809021,6.08213996887207,True
SENT_3910,SENT,PNT4,replace,3,tao,ta,1,1,True,dialect_phrase,Pronouns,tao; tôi,QuangNam,0.7528843879699707,231.68107001436712,5.3292555809021,6.08213996887207,True
SENT_4003,SENT,PNB,replace,0,nghề nghiệp,manh áo của,2,3,False,none,Idiomatic expressions,,,-0.477689266204834,-77.72593384385617,5.321338653564453,4.843649387359619,True
SENT_4003,SENT,PNB,delete,1,như,,1,0,False,none,Unknown,,,-0.477689266204834,-77.72593384385617,5.321338653564453,4.843649387359619,False
SENT_4003,SENT,PNN,replace,0,không,hông,1,1,True,dialect_phrase,Negation/Function words,không,NamBo,0.0942316055297851,20.223084998803643,5.321338653564453,5.415570259094238,True
SENT_4003,SENT,PNN,replace,1,ấy,á,1,1,True,standard_word,Demonstratives/Deixis,đó,NamBo,0.0942316055297851,20.223084998803643,5.321338653564453,5.415570259094238,True
SENT_4003,SENT,PNN,replace,2,bố đời ấy,làm phách đó,3,3,False,none,Idiomatic expressions,,,0.0942316055297851,20.223084998803643,5.321338653564453,5.415570259094238,True
SENT_4003,SENT,PNT2,replace,0,sao,răng,1,1,True,dialect_phrase,Interrogatives,sao / thế nào,HaTinh_QB_QT; NgheAn,0.4921574592590332,130.1298726227303,5.321338653564453,5.813496112823486,True
SENT_4003,SENT,PNT2,replace,1,không,nỏ,1,1,True,dialect_phrase,Negation/Function words,không,HaTinh_QB_QT; NgheAn,0.4921574592590332,130.1298726227303,5.321338653564453,5.813496112823486,True
SENT_4003,SENT,PNT2,replace,2,chứ đâu,chơ mô,2,2,False,none,Interrogatives,,,0.4921574592590332,130.1298726227303,5.321338653564453,5.813496112823486,True
SENT_4003,SENT,PNT2,replace,3,cái,cấy,1,1,True,dialect_phrase,Negation/Function words,cái,HaTinh_QB_QT; NgheAn,0.4921574592590332,130.1298726227303,5.321338653564453,5.813496112823486,True
SENT_4003,SENT,PNT2,replace,4,ấy,nớ,1,1,True,dialect_phrase,Demonstratives/Deixis,ấy / đó,HaTinh_QB_QT; NgheAn,0.4921574592590332,130.1298726227303,5.321338653564453,5.813496112823486,True
SENT_4003,SENT,PNT3,replace,0,đã sao,đạ răng,2,2,False,none,Interrogatives,,,0.7498154640197754,228.52266981679784,5.321338653564453,6.0711541175842285,True
SENT_4003,SENT,PNT3,replace,1,người ta,họ,2,1,False,none,Pronouns,,,0.7498154640197754,228.52266981679784,5.321338653564453,6.0711541175842285,True
SENT_4003,SENT,PNT3,replace,2,không thích,nỏ ưng,2,2,False,none,Negation/Function words,,,0.7498154640197754,228.52266981679784,5.321338653564453,6.0711541175842285,True
SENT_4003,SENT,PNT3,replace,3,ấy,nờ,1,1,True,standard_word,Demonstratives/Deixis; Discourse particles,nớ; tê; đỏ,HaTinh_QB_QT; Hue,0.7498154640197754,228.52266981679784,5.321338653564453,6.0711541175842285,False
SENT_4003,SENT,PNT3,replace,4,chứ đâu,chơ mô,2,2,False,none,Interrogatives,,,0.7498154640197754,228.52266981679784,5.321338653564453,6.0711541175842285,True
SENT_4003,SENT,PNT3,replace,5,cái,kì,1,1,True,dialect_phrase,Negation/Function words,cái,HaTinh_QB_QT,0.7498154640197754,228.52266981679784,5.321338653564453,6.0711541175842285,True
SENT_4003,SENT,PNT3,replace,6,ấy,nớ he,1,2,True,standard_word,Demonstratives/Deixis; Discourse particles,nớ; tê; đỏ,HaTinh_QB_QT; Hue,0.7498154640197754,228.52266981679784,5.321338653564453,6.0711541175842285,False
SENT_4003,SENT,PNT4,replace,0,đã sao,ren,2,1,True,dialect_phrase,Interrogatives,sao / thế nào,QuangNam,0.5467042922973633,148.89870937609496,5.321338653564453,5.868042945861816,True
SENT_4003,SENT,PNT4,replace,1,thích,ưng,1,1,False,none,Predicate vocabulary,,,0.5467042922973633,148.89870937609496,5.321338653564453,5.868042945861816,True
SENT_4003,SENT,PNT4,replace,2,ấy,nớ,1,1,True,dialect_phrase,Demonstratives/Deixis,ấy / đó,QuangNam,0.5467042922973633,148.89870937609496,5.321338653564453,5.868042945861816,True
SENT_4003,SENT,PNT4,replace,3,ấy,nớ,1,1,True,dialect_phrase,Demonstratives/Deixis,ấy / đó,QuangNam,0.5467042922973633,148.89870937609496,5.321338653564453,5.868042945861816,True
SENT_4035,SENT,PNB,replace,0,hên xui,may rủi,2,2,False,none,Idiomatic expressions,,,-0.5188517570495605,-24.732913156752872,4.112505912780762,3.593654155731201,True
SENT_4035,SENT,PNB,replace,1,heo,lợn,1,1,False,none,Predicate vocabulary,,,-0.5188517570495605,-24.732913156752872,4.112505912780762,3.593654155731201,True
SENT_4035,SENT,PNB,replace,2,heo,lợn,1,1,False,none,Predicate vocabulary,,,-0.5188517570495605,-24.732913156752872,4.112505912780762,3.593654155731201,True
SENT_4035,SENT,PNB,replace,3,hay,tốt,1,1,False,none,Predicate vocabulary,,,-0.5188517570495605,-24.732913156752872,4.112505912780762,3.593654155731201,True
SENT_4035,SENT,PNN,replace,0,quá,ghê,1,1,False,none,Predicate vocabulary,,,0.4795660972595215,37.599086937123296,4.112505912780762,4.592072010040283,True
SENT_4035,SENT,PNN,replace,1,cả,nguyên,1,1,False,none,Negation/Function words,,,0.4795660972595215,37.599086937123296,4.112505912780762,4.592072010040283,True
SENT_4035,SENT,PNN,replace,2,không,hông,1,1,True,dialect_phrase,Negation/Function words,không,NamBo,0.4795660972595215,37.599086937123296,4.112505912780762,4.592072010040283,True
SENT_4035,SENT,PNN,replace,3,thời gian,lúc,2,1,False,none,Predicate vocabulary,,,0.4795660972595215,37.599086937123296,4.112505912780762,4.592072010040283,True
SENT_4035,SENT,PNN,replace,4,các,mấy,1,1,False,none,Negation/Function words,,,0.4795660972595215,37.599086937123296,4.112505912780762,4.592072010040283,True
SENT_4035,SENT,PNT1,replace,0,sao,răng,1,1,False,none,Interrogatives,,,0.4618349075317383,35.864465051454154,4.112505912780762,4.5743408203125,True
SENT_4035,SENT,PNT1,replace,1,gì,chi,1,1,False,none,Interrogatives,,,0.4618349075317383,35.864465051454154,4.112505912780762,4.5743408203125,True
SENT_4035,SENT,PNT2,replace,0,giờ,dừ,1,1,False,none,Demonstratives/Deixis,,,0.7183928489685059,64.2239098144023,4.112505912780762,4.830898761749268,True
SENT_4035,SENT,PNT2,replace,1,chứ,chơ,1,1,True,dialect_phrase,Connectives/Aspect markers,chứ,HaTinh_QB_QT,0.7183928489685059,64.2239098144023,4.112505912780762,4.830898761749268,True
SENT_4035,SENT,PNT2,replace,2,làm sao không,mần răng nỏ,3,3,False,none,Interrogatives,,,0.7183928489685059,64.2239098144023,4.112505912780762,4.830898761749268,True
SENT_4035,SENT,PNT2,replace,3,heo,lợn,1,1,False,none,Predicate vocabulary,,,0.7183928489685059,64.2239098144023,4.112505912780762,4.830898761749268,True
SENT_4035,SENT,PNT2,replace,4,gì,chi,1,1,True,dialect_phrase,Interrogatives,gì,HaTinh_QB_QT; NgheAn,0.7183928489685059,64.2239098144023,4.112505912780762,4.830898761749268,True
SENT_4035,SENT,PNT2,replace,5,sao,răng,1,1,True,dialect_phrase,Interrogatives,sao / thế nào,HaTinh_QB_QT; NgheAn,0.7183928489685059,64.2239098144023,4.112505912780762,4.830898761749268,True
SENT_4035,SENT,PNT2,replace,6,heo,lợn,1,1,False,none,Predicate vocabulary,,,0.7183928489685059,64.2239098144023,4.112505912780762,4.830898761749268,True
SENT_4035,SENT,PNT2,replace,7,này,ni,1,1,True,dialect_phrase,Demonstratives/Deixis,này,HaTinh_QB_QT; NgheAn,0.7183928489685059,64.2239098144023,4.112505912780762,4.830898761749268,True
SENT_4035,SENT,PNT3,replace,0,giờ,chừ,1,1,True,dialect_phrase,Negation/Function words,bây giờ,HaTinh_QB_QT; Hue,0.8159089088439941,77.06069364841454,4.112505912780762,4.928414821624756,True
SENT_4035,SENT,PNT3,replace,1,chứ,chơ,1,1,True,dialect_phrase,Connectives/Aspect markers,chứ,HaTinh_QB_QT,0.8159089088439941,77.06069364841454,4.112505912780762,4.928414821624756,True
SENT_4035,SENT,PNT3,replace,2,sao không,răng nỏ,2,2,False,none,Interrogatives,,,0.8159089088439941,77.06069364841454,4.112505912780762,4.928414821624756,True
SENT_4035,SENT,PNT3,replace,3,gì,chi,1,1,True,dialect_phrase,Interrogatives,gì; sao / thế nào,HaTinh_QB_QT; Hue,0.8159089088439941,77.06069364841454,4.112505912780762,4.928414821624756,True
SENT_4035,SENT,PNT3,replace,4,sao,răng,1,1,True,dialect_phrase,Interrogatives,sao / thế nào,HaTinh_QB_QT; Hue,0.8159089088439941,77.06069364841454,4.112505912780762,4.928414821624756,True
SENT_4035,SENT,PNT3,replace,5,này,ni,1,1,True,dialect_phrase,Demonstratives/Deixis,này,HaTinh_QB_QT; Hue,0.8159089088439941,77.06069364841454,4.112505912780762,4.928414821624756,True
SENT_4035,SENT,PNT4,replace,0,sao,ren,1,1,True,dialect_phrase,Interrogatives,sao / thế nào,QuangNam,0.8131189346313477,76.6757671080396,4.112505912780762,4.925624847412109,True
SENT_4035,SENT,PNT4,replace,1,gì,chi,1,1,True,dialect_phrase,Interrogatives,gì,QuangNam,0.8131189346313477,76.6757671080396,4.112505912780762,4.925624847412109,True
SENT_4035,SENT,PNT4,replace,2,sao,ren,1,1,True,dialect_phrase,Interrogatives,sao / thế nào,QuangNam,0.8131189346313477,76.6757671080396,4.112505912780762,4.925624847412109,True
SENT_4035,SENT,PNT4,replace,3,này,ni,1,1,True,dialect_phrase,Demonstratives/Deixis,này,QuangNam,0.8131189346313477,76.6757671080396,4.112505912780762,4.925624847412109,True
SENT_4057,SENT,PNN,replace,0,đến,tới,1,1,False,none,Predicate vocabulary,,,0.6832790374755859,53.952793472820126,4.007944107055664,4.69122314453125,True
SENT_4057,SENT,PNN,replace,1,không,hông,1,1,True,dialect_phrase,Negation/Function words,không,NamBo,0.6832790374755859,53.952793472820126,4.007944107055664,4.69122314453125,True
SENT_4057,SENT,PNN,replace,2,việc ông ấy,vụ ổng,3,2,False,none,Predicate vocabulary,,,0.6832790374755859,53.952793472820126,4.007944107055664,4.69122314453125,True
SENT_4057,SENT,PNN,replace,3,như thế nào,ra sao,3,2,False,none,Interrogatives,,,0.6832790374755859,53.952793472820126,4.007944107055664,4.69122314453125,True
SENT_4057,SENT,PNN,replace,4,nhé,nha,1,1,True,standard_word,Discourse particles,nhen,NamBo,0.6832790374755859,53.952793472820126,4.007944107055664,4.69122314453125,True
SENT_4057,SENT,PNT1,replace,0,mình,tau,1,1,False,none,Pronouns,,,0.6801438331604004,53.61163390924717,4.007944107055664,4.6880879402160645,True
SENT_4057,SENT,PNT1,replace,1,ấy,nứ,1,1,True,dialect_phrase,Demonstratives/Deixis,ấy / đó,ThanhHoa,0.6801438331604004,53.61163390924717,4.007944107055664,4.6880879402160645,True
SENT_4057,SENT,PNT2,replace,0,không,nỏ,1,1,True,dialect_phrase,Negation/Function words,không,HaTinh_QB_QT; NgheAn,1.5390558242797852,201.43337107410036,4.007944107055664,5.546999931335449,True
SENT_4057,SENT,PNT2,replace,1,gì,chi,1,1,True,dialect_phrase,Interrogatives,gì,HaTinh_QB_QT; NgheAn,1.5390558242797852,201.43337107410036,4.007944107055664,5.546999931335449,True
SENT_4057,SENT,PNT2,replace,2,ấy,nớ,1,1,True,dialect_phrase,Demonstratives/Deixis,ấy / đó,HaTinh_QB_QT; NgheAn,1.5390558242797852,201.43337107410036,4.007944107055664,5.546999931335449,True
SENT_4057,SENT,PNT2,replace,3,người như thế nào,ngài a răng,4,3,False,none,Interrogatives,,,1.5390558242797852,201.43337107410036,4.007944107055664,5.546999931335449,True
SENT_4057,SENT,PNT2,replace,4,nhé,nha,1,1,True,standard_word,Discourse particles,nghe,HaTinh_QB_QT,1.5390558242797852,201.43337107410036,4.007944107055664,5.546999931335449,True
SENT_4057,SENT,PNT3,replace,0,mình,miềng,1,1,False,none,Pronouns,,,1.9238519668579104,321.7971112467688,4.007944107055664,5.931796073913574,True
SENT_4057,SENT,PNT3,replace,1,chứ không,chơ khung,2,2,False,none,Negation/Function words,,,1.9238519668579104,321.7971112467688,4.007944107055664,5.931796073913574,True
SENT_4057,SENT,PNT3,replace,2,gì,chi,1,1,True,dialect_phrase,Interrogatives,gì; sao / thế nào,HaTinh_QB_QT; Hue,1.9238519668579104,321.7971112467688,4.007944107055664,5.931796073913574,True
SENT_4057,SENT,PNT3,replace,3,ấy,nớ,1,1,True,dialect_phrase,Demonstratives/Deixis,kia; ấy / đó,HaTinh_QB_QT; Hue,1.9238519668579104,321.7971112467688,4.007944107055664,5.931796073913574,True
SENT_4057,SENT,PNT3,replace,4,thế nào,răng,2,1,True,dialect_phrase,Interrogatives,sao / thế nào,HaTinh_QB_QT; Hue,1.9238519668579104,321.7971112467688,4.007944107055664,5.931796073913574,True
SENT_4057,SENT,PNT3,replace,5,nhé,nghe,1,1,True,dialect_phrase,Discourse particles,nha; nhé,HaTinh_QB_QT; Hue,1.9238519668579104,321.7971112467688,4.007944107055664,5.931796073913574,True
SENT_4057,SENT,PNT4,replace,0,đến,tới,1,1,False,none,Predicate vocabulary,,,1.597402572631836,216.8425520754085,4.007944107055664,5.6053466796875,True
SENT_4057,SENT,PNT4,replace,1,chứ,chớ,1,1,False,none,Discourse particles,,,1.597402572631836,216.8425520754085,4.007944107055664,5.6053466796875,True
SENT_4057,SENT,PNT4,replace,2,gì,chi,1,1,True,dialect_phrase,Interrogatives,gì,QuangNam,1.597402572631836,216.8425520754085,4.007944107055664,5.6053466796875,True
SENT_4057,SENT,PNT4,replace,3,ấy,nớ,1,1,True,dialect_phrase,Demonstratives/Deixis,ấy / đó,QuangNam,1.597402572631836,216.8425520754085,4.007944107055664,5.6053466796875,True
SENT_4057,SENT,PNT4,replace,4,như thế nào,ra ren,3,2,False,none,Interrogatives,,,1.597402572631836,216.8425520754085,4.007944107055664,5.6053466796875,True
SENT_4084,SENT,PNN,replace,0,quá,dữ,1,1,True,dialect_phrase,Predicate vocabulary,rất,NamBo,0.0866312980651855,32.14746551306774,5.872799396514893,5.959430694580078,True
SENT_4084,SENT,PNT1,replace,0,tao,tau,1,1,True,standard_word,Pronouns,choa,ThanhHoa,1.4731664657592771,1194.689209701389,5.872799396514893,7.34596586227417,True
SENT_4084,SENT,PNT2,replace,0,này,ni,1,1,True,dialect_phrase,Demonstratives/Deixis,này,HaTinh_QB_QT; NgheAn,1.811063289642334,1817.7551349421,5.872799396514893,7.683862686157227,True
SENT_4084,SENT,PNT2,replace,1,tao quá vậy,tau rứa,3,2,False,none,Pronouns,,,1.811063289642334,1817.7551349421,5.872799396514893,7.683862686157227,True
SENT_4084,SENT,PNT3,insert,0,,kì,0,1,True,dialect_phrase,Negation/Function words,cái,HaTinh_QB_QT,2.248253345489502,3009.3188429195616,5.872799396514893,8.121052742004395,False
SENT_4084,SENT,PNT3,replace,1,này sao,ni răng,2,2,False,none,Interrogatives,,,2.248253345489502,3009.3188429195616,5.872799396514893,8.121052742004395,True
SENT_4084,SENT,PNT3,replace,2,tao quá vậy,tau rứa he,3,3,False,none,Pronouns,,,2.248253345489502,3009.3188429195616,5.872799396514893,8.121052742004395,True
SENT_4084,SENT,PNT4,replace,0,này sao,ni ren,2,2,False,none,Interrogatives,,,0.787816047668457,425.7894175342877,5.872799396514893,6.66061544418335,True
SENT_4084,SENT,PNT4,replace,1,quá vậy,ghê rứa,2,2,False,none,Discourse particles,,,0.787816047668457,425.7894175342877,5.872799396514893,6.66061544418335,True
SENT_4150,SENT,PNN,replace,0,ném vào,quăng vô,2,2,False,none,Predicate vocabulary,,,0.4516773223876953,89.1854910350703,5.051180839538574,5.5028581619262695,True
SENT_4150,SENT,PNT2,replace,0,nó,hấn,1,1,True,standard_word,Pronouns,hắn; nghị,HaTinh_QB_QT,0.915565013885498,234.02691378237304,5.051180839538574,5.966745853424072,True
SENT_4150,SENT,PNT2,replace,1,vào,vô,1,1,False,none,Connectives/Aspect markers,,,0.915565013885498,234.02691378237304,5.051180839538574,5.966745853424072,True
SENT_4150,SENT,PNT2,replace,2,nó,hấn,1,1,True,standard_word,Pronouns,hắn; nghị,HaTinh_QB_QT,0.915565013885498,234.02691378237304,5.051180839538574,5.966745853424072,True
SENT_4150,SENT,PNT2,replace,3,nó,hấn,1,1,True,standard_word,Pronouns,hắn; nghị,HaTinh_QB_QT,0.915565013885498,234.02691378237304,5.051180839538574,5.966745853424072,True
SENT_4150,SENT,PNT2,replace,4,chứ nó,chơ hấn,2,2,False,none,Predicate vocabulary,,,0.915565013885498,234.02691378237304,5.051180839538574,5.966745853424072,True
SENT_4150,SENT,PNT2,replace,5,gì cái,chi cây,2,2,False,none,Interrogatives,,,0.915565013885498,234.02691378237304,5.051180839538574,5.966745853424072,True
SENT_4150,SENT,PNT2,replace,6,này,ni,1,1,True,dialect_phrase,Demonstratives/Deixis,này,HaTinh_QB_QT; NgheAn,0.915565013885498,234.02691378237304,5.051180839538574,5.966745853424072,True
SENT_4150,SENT,PNT3,replace,0,nó,hắn,1,1,True,dialect_phrase,Pronouns,nó,HaTinh_QB_QT; Hue,0.6328754425048828,137.9333179055927,5.051180839538574,5.684056282043457,True
SENT_4150,SENT,PNT3,replace,1,nó,hắn,1,1,True,dialect_phrase,Pronouns,nó,HaTinh_QB_QT; Hue,0.6328754425048828,137.9333179055927,5.051180839538574,5.684056282043457,True
SENT_4150,SENT,PNT3,replace,2,nó,hắn,1,1,True,dialect_phrase,Pronouns,nó,HaTinh_QB_QT; Hue,0.6328754425048828,137.9333179055927,5.051180839538574,5.684056282043457,True
SENT_4150,SENT,PNT3,replace,3,nó,hắn,1,1,True,dialect_phrase,Pronouns,nó,HaTinh_QB_QT; Hue,0.6328754425048828,137.9333179055927,5.051180839538574,5.684056282043457,True
SENT_4150,SENT,PNT3,replace,4,gì cái,chi cấy,2,2,False,none,Interrogatives,,,0.6328754425048828,137.9333179055927,5.051180839538574,5.684056282043457,True
SENT_4150,SENT,PNT3,replace,5,này,ni,1,1,True,dialect_phrase,Demonstratives/Deixis,này,HaTinh_QB_QT; Hue,0.6328754425048828,137.9333179055927,5.051180839538574,5.684056282043457,True
SENT_4150,SENT,PNT4,replace,0,giờ,chừ,1,1,True,dialect_phrase,Negation/Function words,bây giờ,QuangNam,1.0763249397277832,302.08484260076204,5.051180839538574,6.127505779266357,True
SENT_4150,SENT,PNT4,replace,1,vào,vô,1,1,False,none,Connectives/Aspect markers,,,1.0763249397277832,302.08484260076204,5.051180839538574,6.127505779266357,True
SENT_4150,SENT,PNT4,replace,2,gì,chi,1,1,True,dialect_phrase,Interrogatives,gì,QuangNam,1.0763249397277832,302.08484260076204,5.051180839538574,6.127505779266357,True
SENT_4150,SENT,PNT4,replace,3,này,ni,1,1,True,dialect_phrase,Demonstratives/Deixis,này,QuangNam,1.0763249397277832,302.08484260076204,5.051180839538574,6.127505779266357,True
SENT_4155,SENT,PNN,replace,0,một,tới,1,1,False,none,Noise/Non-linguistic,,,0.7214088439941406,45.1556230815019,3.754368305206299,4.4757771492004395,False
SENT_4155,SENT,PNN,replace,1,chúng ta,tụi mình,2,2,False,none,Pronouns,,,0.7214088439941406,45.1556230815019,3.754368305206299,4.4757771492004395,True
SENT_4155,SENT,PNN,replace,2,không,hông,1,1,True,dialect_phrase,Negation/Function words,không,NamBo,0.7214088439941406,45.1556230815019,3.754368305206299,4.4757771492004395,True
SENT_4155,SENT,PNN,replace,3,có lẽ,hông chừng,2,2,False,none,Predicate vocabulary,,,0.7214088439941406,45.1556230815019,3.754368305206299,4.4757771492004395,True
SENT_4155,SENT,PNN,replace,4,thật,thiệt,1,1,True,dialect_phrase,Connectives/Aspect markers,thật,NamBo,0.7214088439941406,45.1556230815019,3.754368305206299,4.4757771492004395,True
SENT_4155,SENT,PNT1,replace,0,nào đó,môđó,2,1,False,none,Interrogatives,,,1.1494131088256836,92.09131291360222,3.754368305206299,4.903781414031982,True
SENT_4155,SENT,PNT2,replace,0,nào,mô,1,1,True,dialect_phrase,Interrogatives; Negation/Function words,đâu (phủ định); đâu / nào,HaTinh_QB_QT; NgheAn,1.5926499366760254,167.2740168308212,3.754368305206299,5.347018241882324,False
SENT_4155,SENT,PNT2,replace,1,không,nỏ,1,1,True,dialect_phrase,Negation/Function words,không,HaTinh_QB_QT; NgheAn,1.5926499366760254,167.2740168308212,3.754368305206299,5.347018241882324,True
SENT_4155,SENT,PNT2,replace,2,đó,nớ,1,1,True,dialect_phrase,Demonstratives/Deixis,ấy / đó,HaTinh_QB_QT; NgheAn,1.5926499366760254,167.2740168308212,3.754368305206299,5.347018241882324,True
SENT_4155,SENT,PNT3,replace,0,nào,mô,1,1,True,dialect_phrase,Interrogatives; Negation/Function words,đâu (phủ định); đâu / nào,HaTinh_QB_QT; Hue,1.3270211219787598,118.2903616813728,3.754368305206299,5.081389427185059,False
SENT_4155,SENT,PNT3,replace,1,chúng ta,mình,2,1,False,none,Pronouns,,,1.3270211219787598,118.2903616813728,3.754368305206299,5.081389427185059,True
SENT_4155,SENT,PNT3,replace,2,đó,nớ,1,1,True,dialect_phrase,Demonstratives/Deixis,kia; ấy / đó,HaTinh_QB_QT; Hue,1.3270211219787598,118.2903616813728,3.754368305206299,5.081389427185059,True
SENT_4155,SENT,PNT4,replace,0,nào,mô,1,1,True,dialect_phrase,Interrogatives,đâu / nào,QuangNam,1.5640411376953125,161.3518228032847,3.754368305206299,5.318409442901611,True
SENT_4155,SENT,PNT4,replace,1,đó,nớ,1,1,True,dialect_phrase,Demonstratives/Deixis,ấy / đó,QuangNam,1.5640411376953125,161.3518228032847,3.754368305206299,5.318409442901611,True
SENT_4155,SENT,PNT4,replace,2,thật,thiệt,1,1,False,none,Predicate vocabulary,,,1.5640411376953125,161.3518228032847,3.754368305206299,5.318409442901611,True
SENT_4160,SENT,PNB,replace,0,sao,sau,1,1,True,standard_word,Interrogatives,sao; thế nào,BacBo,-0.1438288688659668,-32.836117962847936,5.501712799072266,5.357883930206299,True
SENT_4160,SENT,PNN,replace,0,cô,cổ,1,1,True,dialect_phrase,Pronouns,cô ấy,NamBo,0.1390490531921386,36.56583368078259,5.501712799072266,5.640761852264404,True
SENT_4160,SENT,PNN,replace,1,sinh sao này,trò mai mốt,3,3,False,none,Noise/Non-linguistic,,,0.1390490531921386,36.56583368078259,5.501712799072266,5.640761852264404,False
SENT_4160,SENT,PNT2,replace,0,vậy,rứa,1,1,True,dialect_phrase,Demonstratives/Deixis,vậy / thế,NgheAn,0.6503143310546875,224.5571021014545,5.501712799072266,6.152027130126953,True
SENT_4160,SENT,PNT2,replace,1,sao này,sau ni,2,2,False,none,Demonstratives/Deixis,,,0.6503143310546875,224.5571021014545,5.501712799072266,6.152027130126953,True
SENT_4160,SENT,PNT2,replace,2,cái,cây,1,1,True,standard_word,Negation/Function words,cấy; kì,HaTinh_QB_QT; NgheAn,0.6503143310546875,224.5571021014545,5.501712799072266,6.152027130126953,True
SENT_4160,SENT,PNT3,replace,0,nhỉ,he,1,1,True,standard_word,Discourse particles,hè; hỉ,HaTinh_QB_QT; Hue,0.2448024749755859,67.9862978741898,5.501712799072266,5.746515274047852,True
SENT_4160,SENT,PNT3,replace,1,vậy,rứa,1,1,True,standard_word,Demonstratives/Deixis,a rứa; như ri; như rứa; ri,HaTinh_QB_QT; Hue,0.2448024749755859,67.9862978741898,5.501712799072266,5.746515274047852,True
SENT_4160,SENT,PNT3,replace,2,sao này,mài bựa,2,2,False,none,Idiomatic expressions,,,0.2448024749755859,67.9862978741898,5.501712799072266,5.746515274047852,True
SENT_4160,SENT,PNT4,replace,0,nhỉ,hỉ,1,1,False,none,Discourse particles,,,0.2499246597290039,69.59415648506382,5.501712799072266,5.7516374588012695,True
SENT_4160,SENT,PNT4,replace,1,vậy,rứa,1,1,True,standard_word,Demonstratives/Deixis,như dậy; như ri; như rứa; như vầy; như vậy,PhuYen; QuangNam; QuangNgai,0.2499246597290039,69.59415648506382,5.501712799072266,5.7516374588012695,True
SENT_4160,SENT,PNT4,replace,2,sao này,sau ni,2,2,False,none,Demonstratives/Deixis,,,0.2499246597290039,69.59415648506382,5.501712799072266,5.7516374588012695,True
SENT_4428,SENT,PNB,replace,0,chiện,chuyện,1,1,False,none,Orthographic variant,,,-0.2827596664428711,-13.535862092006605,4.006551265716553,3.7237915992736816,False
SENT_4428,SENT,PNN,replace,0,mình,tui,1,1,True,dialect_phrase,Pronouns,tôi,NamBo,0.1940622329711914,11.770244334106344,4.006551265716553,4.200613498687744,True
SENT_4428,SENT,PNN,replace,1,đến,tới,1,1,False,none,Predicate vocabulary,,,0.1940622329711914,11.770244334106344,4.006551265716553,4.200613498687744,True
SENT_4428,SENT,PNN,replace,2,bố mình,ba tui,2,2,False,none,Pronouns,,,0.1940622329711914,11.770244334106344,4.006551265716553,4.200613498687744,True
SENT_4428,SENT,PNN,replace,3,vào,vô,1,1,False,none,Connectives/Aspect markers,,,0.1940622329711914,11.770244334106344,4.006551265716553,4.200613498687744,True
SENT_4428,SENT,PNN,replace,4,bố mình,ba tui,2,2,False,none,Pronouns,,,0.1940622329711914,11.770244334106344,4.006551265716553,4.200613498687744,True
SENT_4428,SENT,PNN,replace,5,mình,tui,1,1,True,dialect_phrase,Pronouns,tôi,NamBo,0.1940622329711914,11.770244334106344,4.006551265716553,4.200613498687744,True
SENT_4428,SENT,PNT2,replace,0,nhất,nhít,1,1,False,none,Orthographic variant,,,0.5232081413269043,37.779235474412665,4.006551265716553,4.529759407043457,False
SENT_4428,SENT,PNT2,replace,1,cái,cấy,1,1,True,dialect_phrase,Negation/Function words,cái,HaTinh_QB_QT; NgheAn,0.5232081413269043,37.779235474412665,4.006551265716553,4.529759407043457,True
SENT_4428,SENT,PNT2,replace,2,vào,vô,1,1,False,none,Connectives/Aspect markers,,,0.5232081413269043,37.779235474412665,4.006551265716553,4.529759407043457,True
SENT_4428,SENT,PNT2,replace,3,vậy,rứa,1,1,True,dialect_phrase,Demonstratives/Deixis,vậy / thế,NgheAn,0.5232081413269043,37.779235474412665,4.006551265716553,4.529759407043457,True
SENT_4428,SENT,PNT3,replace,0,mình,tau,1,1,True,dialect_phrase,Pronouns,tao; tôi,HaTinh_QB_QT; Hue,0.9436168670654296,86.241690820739,4.006551265716553,4.950168132781982,True
SENT_4428,SENT,PNT3,replace,1,bố mình,bọ tau,2,2,False,none,Kinship/Honorific terms,,,0.9436168670654296,86.241690820739,4.006551265716553,4.950168132781982,True
SENT_4428,SENT,PNT3,replace,2,cái,kì,1,1,True,dialect_phrase,Negation/Function words,cái,HaTinh_QB_QT,0.9436168670654296,86.241690820739,4.006551265716553,4.950168132781982,True
SENT_4428,SENT,PNT3,replace,3,vào,vô,1,1,False,none,Connectives/Aspect markers,,,0.9436168670654296,86.241690820739,4.006551265716553,4.950168132781982,True
SENT_4428,SENT,PNT3,replace,4,bố mình,bọ tau,2,2,False,none,Kinship/Honorific terms,,,0.9436168670654296,86.241690820739,4.006551265716553,4.950168132781982,True
SENT_4428,SENT,PNT3,replace,5,mình,tau,1,1,True,dialect_phrase,Pronouns,tao; tôi,HaTinh_QB_QT; Hue,0.9436168670654296,86.241690820739,4.006551265716553,4.950168132781982,True
SENT_4428,SENT,PNT3,replace,6,vậy nên,rứa bơ,2,2,False,none,Connectives/Aspect markers,,,0.9436168670654296,86.241690820739,4.006551265716553,4.950168132781982,True
SENT_4428,SENT,PNT3,replace,7,chiện,chuyện,1,1,False,none,Orthographic variant,,,0.9436168670654296,86.241690820739,4.006551265716553,4.950168132781982,False
SENT_4428,SENT,PNT4,replace,0,mình,ta,1,1,True,dialect_phrase,Pronouns,tao; tôi,QuangNam,0.6306819915771484,48.30125172290415,4.006551265716553,4.637233257293701,True
SENT_4428,SENT,PNT4,replace,1,đến,tới,1,1,False,none,Predicate vocabulary,,,0.6306819915771484,48.30125172290415,4.006551265716553,4.637233257293701,True
SENT_4428,SENT,PNT4,replace,2,bố,ba,1,1,True,dialect_phrase,Kinship/Honorific terms,bố,QuangNam; QuangNgai,0.6306819915771484,48.30125172290415,4.006551265716553,4.637233257293701,True
SENT_4428,SENT,PNT4,replace,3,vào,vô,1,1,False,none,Connectives/Aspect markers,,,0.6306819915771484,48.30125172290415,4.006551265716553,4.637233257293701,True
SENT_4428,SENT,PNT4,replace,4,bố mình,ba ta,2,2,False,none,Kinship/Honorific terms,,,0.6306819915771484,48.30125172290415,4.006551265716553,4.637233257293701,True
SENT_4428,SENT,PNT4,replace,5,mình,ta,1,1,True,dialect_phrase,Pronouns,tao; tôi,QuangNam,0.6306819915771484,48.30125172290415,4.006551265716553,4.637233257293701,True
SENT_4428,SENT,PNT4,replace,6,vậy,rứa,1,1,True,standard_word,Demonstratives/Deixis,như dậy; như ri; như rứa; như vầy; như vậy,PhuYen; QuangNam; QuangNgai,0.6306819915771484,48.30125172290415,4.006551265716553,4.637233257293701,True
SENT_4445,SENT,PNN,replace,0,không,hông,1,1,True,dialect_phrase,Negation/Function words,không,NamBo,0.0031929016113281,0.2332815468662943,4.289719104766846,4.292912006378174,True
SENT_4445,SENT,PNN,replace,1,mắng,la,1,1,False,none,Predicate vocabulary,,,0.0031929016113281,0.2332815468662943,4.289719104766846,4.292912006378174,True
SENT_4445,SENT,PNN,replace,2,kinh,ghê,1,1,False,none,Predicate vocabulary,,,0.0031929016113281,0.2332815468662943,4.289719104766846,4.292912006378174,True
SENT_4445,SENT,PNN,replace,3,tầng,lầu,1,1,False,none,Predicate vocabulary,,,0.0031929016113281,0.2332815468662943,4.289719104766846,4.292912006378174,True
SENT_4445,SENT,PNN,replace,4,tầng,lầu,1,1,False,none,Predicate vocabulary,,,0.0031929016113281,0.2332815468662943,4.289719104766846,4.292912006378174,True
SENT_4445,SENT,PNN,replace,5,tầng,lầu,1,1,False,none,Predicate vocabulary,,,0.0031929016113281,0.2332815468662943,4.289719104766846,4.292912006378174,True
SENT_4445,SENT,PNN,replace,6,không,xó,1,1,True,standard_word,Negation/Function words,hông,NamBo,0.0031929016113281,0.2332815468662943,4.289719104766846,4.292912006378174,True
SENT_4445,SENT,PNN,insert,7,,trơn,0,1,False,none,Unknown,,,0.0031929016113281,0.2332815468662943,4.289719104766846,4.292912006378174,False
SENT_4445,SENT,PNT2,replace,0,không,nỏ,1,1,True,dialect_phrase,Negation/Function words,không,HaTinh_QB_QT; NgheAn,0.9308199882507324,112.08793223097528,4.289719104766846,5.220539093017578,True
SENT_4445,SENT,PNT2,replace,1,sao,răng,1,1,True,dialect_phrase,Interrogatives,sao / thế nào,HaTinh_QB_QT; NgheAn,0.9308199882507324,112.08793223097528,4.289719104766846,5.220539093017578,True
SENT_4445,SENT,PNT2,replace,2,người,ngài,1,1,False,none,Orthographic variant,,,0.9308199882507324,112.08793223097528,4.289719104766846,5.220539093017578,False
SENT_4445,SENT,PNT2,replace,3,làm,mần,1,1,True,dialect_phrase,Predicate vocabulary,làm,HaTinh_QB_QT,0.9308199882507324,112.08793223097528,4.289719104766846,5.220539093017578,True
SENT_4445,SENT,PNT2,replace,4,nào,mô,1,1,True,dialect_phrase,Interrogatives; Negation/Function words,đâu (phủ định); đâu / nào,HaTinh_QB_QT; NgheAn,0.9308199882507324,112.08793223097528,4.289719104766846,5.220539093017578,False
SENT_4445,SENT,PNT3,replace,0,không,khung,1,1,True,standard_word,Negation/Function words,nỏ,HaTinh_QB_QT,1.0864415168762207,143.24466685161883,4.289719104766846,5.376160621643066,True
SENT_4445,SENT,PNT3,insert,1,,chặp,0,1,False,none,Unknown,,,1.0864415168762207,143.24466685161883,4.289719104766846,5.376160621643066,False
SENT_4445,SENT,PNT3,replace,2,mắng,chưởi,1,1,True,dialect_phrase,Predicate vocabulary,mắng,HaTinh_QB_QT,1.0864415168762207,143.24466685161883,4.289719104766846,5.376160621643066,True
SENT_4445,SENT,PNT3,replace,3,sao,răng,1,1,True,dialect_phrase,Interrogatives,sao / thế nào,HaTinh_QB_QT; Hue,1.0864415168762207,143.24466685161883,4.289719104766846,5.376160621643066,True
SENT_4445,SENT,PNT3,replace,4,kinh,ghê,1,1,False,none,Predicate vocabulary,,,1.0864415168762207,143.24466685161883,4.289719104766846,5.376160621643066,True
SENT_4445,SENT,PNT3,replace,5,trước mẹ,bựa mạ,2,2,False,none,Kinship/Honorific terms,,,1.0864415168762207,143.24466685161883,4.289719104766846,5.376160621643066,True
SENT_4445,SENT,PNT3,replace,6,làm,mần,1,1,True,dialect_phrase,Predicate vocabulary,làm,HaTinh_QB_QT; Hue,1.0864415168762207,143.24466685161883,4.289719104766846,5.376160621643066,True
SENT_4445,SENT,PNT3,replace,7,nào cũng,mô cụng,2,2,False,none,Interrogatives,,,1.0864415168762207,143.24466685161883,4.289719104766846,5.376160621643066,True
SENT_4445,SENT,PNT3,insert,8,,a,0,1,False,none,Unknown,,,1.0864415168762207,143.24466685161883,4.289719104766846,5.376160621643066,False
SENT_4445,SENT,PNT4,replace,0,sao,răng,1,1,True,standard_word,Interrogatives,ren; sao; sô,PhuYen; QuangNam; QuangNgai,0.2860198020935058,24.15378487028353,4.289719104766846,4.575738906860352,True
SENT_4494,SENT,PNN,replace,0,mồm,miệng,1,1,False,none,Predicate vocabulary,,,0.4477567672729492,92.91800068995596,5.103004455566406,5.5507612228393555,True
SENT_4494,SENT,PNN,replace,1,vào,vô,1,1,False,none,Connectives/Aspect markers,,,0.4477567672729492,92.91800068995596,5.103004455566406,5.5507612228393555,True
SENT_4494,SENT,PNN,replace,2,tôi,tui,1,1,True,dialect_phrase,Pronouns,tôi,NamBo,0.4477567672729492,92.91800068995596,5.103004455566406,5.5507612228393555,True
SENT_4494,SENT,PNN,replace,3,cô ấy tôi,cổ tui,3,2,False,none,Pronouns,,,0.4477567672729492,92.91800068995596,5.103004455566406,5.5507612228393555,True
SENT_4494,SENT,PNN,replace,4,không,hông,1,1,True,dialect_phrase,Negation/Function words,không,NamBo,0.4477567672729492,92.91800068995596,5.103004455566406,5.5507612228393555,True
SENT_4494,SENT,PNT1,replace,0,tát,vả,1,1,False,none,Predicate vocabulary,,,0.0603528022766113,10.234708341583769,5.103004455566406,5.163357257843018,True
SENT_4494,SENT,PNT2,replace,0,tôi,tau,1,1,True,dialect_phrase,Pronouns,tao,HaTinh_QB_QT,0.8615193367004395,224.85211920270677,5.103004455566406,5.964523792266846,True
SENT_4494,SENT,PNT2,replace,1,ấy tôi,nớ tau,2,2,False,none,Pronouns,,,0.8615193367004395,224.85211920270677,5.103004455566406,5.964523792266846,True
SENT_4494,SENT,PNT2,replace,2,nào,mô,1,1,True,dialect_phrase,Interrogatives; Negation/Function words,đâu (phủ định); đâu / nào,HaTinh_QB_QT; NgheAn,0.8615193367004395,224.85211920270677,5.103004455566406,5.964523792266846,False
SENT_4494,SENT,PNT3,replace,0,cái,kì,1,1,True,dialect_phrase,Negation/Function words,cái,HaTinh_QB_QT,1.0464515686035156,303.9470403224151,5.103004455566406,6.149456024169922,True
SENT_4494,SENT,PNT3,replace,1,vào,vô,1,1,False,none,Connectives/Aspect markers,,,1.0464515686035156,303.9470403224151,5.103004455566406,6.149456024169922,True
SENT_4494,SENT,PNT3,replace,2,nếu tôi,tau mà,2,2,False,none,Pronouns,,,1.0464515686035156,303.9470403224151,5.103004455566406,6.149456024169922,True
SENT_4494,SENT,PNT3,replace,3,cô ấy tôi,ả tau,3,2,False,none,Pronouns,,,1.0464515686035156,303.9470403224151,5.103004455566406,6.149456024169922,True
SENT_4494,SENT,PNT3,replace,4,không trượt,nỏ lệch,2,2,False,none,Negation/Function words,,,1.0464515686035156,303.9470403224151,5.103004455566406,6.149456024169922,True
SENT_4494,SENT,PNT3,replace,5,nào,mô,1,1,True,dialect_phrase,Interrogatives; Negation/Function words,đâu (phủ định); đâu / nào,HaTinh_QB_QT; Hue,1.0464515686035156,303.9470403224151,5.103004455566406,6.149456024169922,False
SENT_4494,SENT,PNT4,replace,0,mồm,mỏ,1,1,False,none,Predicate vocabulary,,,0.7495489120483398,183.60668552730337,5.103004455566406,5.852553367614746,True
SENT_4494,SENT,PNT4,replace,1,vào,vô,1,1,False,none,Connectives/Aspect markers,,,0.7495489120483398,183.60668552730337,5.103004455566406,5.852553367614746,True
SENT_4494,SENT,PNT4,replace,2,cô ấy,cổ,2,1,True,dialect_phrase,Pronouns,cô ấy,PhuYen; QuangNgai,0.7495489120483398,183.60668552730337,5.103004455566406,5.852553367614746,True
SENT_4494,SENT,PNT4,replace,3,nào,mô,1,1,True,dialect_phrase,Interrogatives,đâu / nào,QuangNam,0.7495489120483398,183.60668552730337,5.103004455566406,5.852553367614746,True
SENT_4519,SENT,PNN,replace,0,lợn,heo,1,1,False,none,Predicate vocabulary,,,0.5376625061035156,45.02443033404995,4.146882057189941,4.684544563293457,True
SENT_4519,SENT,PNN,replace,1,vào,vô,1,1,False,none,Connectives/Aspect markers,,,0.5376625061035156,45.02443033404995,4.146882057189941,4.684544563293457,True
SENT_4519,SENT,PNN,replace,2,đấy,đó,1,1,True,dialect_phrase,Demonstratives/Deixis,kia; ấy / đó,NamBo,0.5376625061035156,45.02443033404995,4.146882057189941,4.684544563293457,True
SENT_4519,SENT,PNN,replace,3,ông bà đấy thế nào,ổng bả ra sao,5,4,False,none,Kinship/Honorific terms,,,0.5376625061035156,45.02443033404995,4.146882057189941,4.684544563293457,True
SENT_4519,SENT,PNT1,replace,0,con,cuôn,1,1,False,none,Orthographic variant,,,0.907261848449707,93.43382358277483,4.146882057189941,5.054143905639648,False
SENT_4519,SENT,PNT1,replace,1,này,ni,1,1,True,dialect_phrase,Demonstratives/Deixis,này,ThanhHoa,0.907261848449707,93.43382358277483,4.146882057189941,5.054143905639648,True
SENT_4519,SENT,PNT1,replace,2,đấy,nứ,1,1,True,dialect_phrase,Demonstratives/Deixis,ấy / đó,ThanhHoa,0.907261848449707,93.43382358277483,4.146882057189941,5.054143905639648,True
SENT_4519,SENT,PNT2,replace,0,này vào,ni vô,2,2,False,none,Demonstratives/Deixis,,,0.8453569412231445,84.0292577625482,4.146882057189941,4.992238998413086,True
SENT_4519,SENT,PNT2,replace,1,đấy,nớ,1,1,True,dialect_phrase,Demonstratives/Deixis,ấy / đó,HaTinh_QB_QT; NgheAn,0.8453569412231445,84.0292577625482,4.146882057189941,4.992238998413086,True
SENT_4519,SENT,PNT2,replace,2,đấy thế nào,nớ như răng,3,3,False,none,Interrogatives,,,0.8453569412231445,84.0292577625482,4.146882057189941,4.992238998413086,True
SENT_4519,SENT,PNT3,replace,0,này vào đĩa,ni vô dịa,3,3,False,none,Demonstratives/Deixis,,,1.0123090744018557,110.78711170718238,4.146882057189941,5.159191131591797,True
SENT_4519,SENT,PNT3,replace,1,bà đấy,mệ nớ,2,2,True,dialect_phrase,Pronouns,bà ấy,HaTinh_QB_QT; Hue,1.0123090744018557,110.78711170718238,4.146882057189941,5.159191131591797,True
SENT_4519,SENT,PNT3,replace,2,xem,coi,1,1,True,dialect_phrase,Predicate vocabulary,xem,HaTinh_QB_QT,1.0123090744018557,110.78711170718238,4.146882057189941,5.159191131591797,True
SENT_4519,SENT,PNT3,replace,3,bà đấy thế nào,mệ nớ ra răng,4,4,False,none,Kinship/Honorific terms,,,1.0123090744018557,110.78711170718238,4.146882057189941,5.159191131591797,True
SENT_4519,SENT,PNT4,replace,0,này vào,ni vô,2,2,False,none,Demonstratives/Deixis,,,0.509641170501709,42.03292254205779,4.146882057189941,4.65652322769165,True
SENT_4550,SENT,PNN,replace,0,không nhầm hôm,hông lầm bữa,3,3,False,none,Demonstratives/Deixis,,,0.9405779838562012,327.02198440244103,5.344405174255371,6.284983158111572,True
SENT_4550,SENT,PNN,replace,1,đến,tới,1,1,False,none,Predicate vocabulary,,,0.9405779838562012,327.02198440244103,5.344405174255371,6.284983158111572,True
SENT_4550,SENT,PNN,replace,2,không,hông,1,1,True,dialect_phrase,Negation/Function words,không,NamBo,0.9405779838562012,327.02198440244103,5.344405174255371,6.284983158111572,True
SENT_4550,SENT,PNN,replace,3,nhỉ,hen,1,1,True,standard_word,Discourse particles,nhỉ,NamBo,0.9405779838562012,327.02198440244103,5.344405174255371,6.284983158111572,True
SENT_4550,SENT,PNT1,replace,0,tao,tau,1,1,True,standard_word,Pronouns,choa,ThanhHoa,0.0462508201599121,9.913957686342428,5.344405174255371,5.390655994415283,True
SENT_4550,SENT,PNT2,replace,0,tao,tau,1,1,True,dialect_phrase,Pronouns,tao,HaTinh_QB_QT,0.7595205307006836,238.1782449935187,5.344405174255371,6.103925704956055,True
SENT_4550,SENT,PNT2,replace,1,không,nỏ,1,1,True,dialect_phrase,Negation/Function words,không,HaTinh_QB_QT; NgheAn,0.7595205307006836,238.1782449935187,5.344405174255371,6.103925704956055,True
SENT_4550,SENT,PNT2,replace,2,hôm nay nó,bựa ni hấn,3,3,False,none,Demonstratives/Deixis,,,0.7595205307006836,238.1782449935187,5.344405174255371,6.103925704956055,True
SENT_4550,SENT,PNT2,replace,3,vậy,rứa,1,1,True,dialect_phrase,Demonstratives/Deixis,vậy / thế,NgheAn,0.7595205307006836,238.1782449935187,5.344405174255371,6.103925704956055,True
SENT_4550,SENT,PNT2,replace,4,không,nỏ,1,1,True,dialect_phrase,Negation/Function words,không,HaTinh_QB_QT; NgheAn,0.7595205307006836,238.1782449935187,5.344405174255371,6.103925704956055,True
SENT_4550,SENT,PNT2,replace,5,đâu nhỉ,mô hầy,2,2,False,none,Interrogatives,,,0.7595205307006836,238.1782449935187,5.344405174255371,6.103925704956055,True
SENT_4550,SENT,PNT3,replace,0,tao,tau,1,1,True,dialect_phrase,Pronouns,tao; tôi,HaTinh_QB_QT; Hue,1.6078510284423828,836.0726712207635,5.344405174255371,6.952256202697754,True
SENT_4550,SENT,PNT3,replace,1,nay nó,ni hắn,2,2,False,none,Pronouns,,,1.6078510284423828,836.0726712207635,5.344405174255371,6.952256202697754,True
SENT_4550,SENT,PNT3,replace,2,vậy,rứa,1,1,True,standard_word,Demonstratives/Deixis,a rứa; như ri; như rứa; ri,HaTinh_QB_QT; Hue,1.6078510284423828,836.0726712207635,5.344405174255371,6.952256202697754,True
SENT_4550,SENT,PNT3,delete,3,sẽ,,1,0,False,none,Unknown,,,1.6078510284423828,836.0726712207635,5.344405174255371,6.952256202697754,False
SENT_4550,SENT,PNT3,replace,4,đâu nhỉ,mô hè,2,2,False,none,Interrogatives,,,1.6078510284423828,836.0726712207635,5.344405174255371,6.952256202697754,True
SENT_4550,SENT,PNT4,replace,0,tao,ta,1,1,True,dialect_phrase,Pronouns,tao; tôi,QuangNam,0.8734612464904785,292.19854697356675,5.344405174255371,6.21786642074585,True
SENT_4550,SENT,PNT4,replace,1,nhầm hôm nay,lầm bữa ni,3,3,False,none,Demonstratives/Deixis,,,0.8734612464904785,292.19854697356675,5.344405174255371,6.21786642074585,True
SENT_4550,SENT,PNT4,replace,2,đến,tới,1,1,False,none,Predicate vocabulary,,,0.8734612464904785,292.19854697356675,5.344405174255371,6.21786642074585,True
SENT_4550,SENT,PNT4,replace,3,vậy,rứa,1,1,True,standard_word,Demonstratives/Deixis,như dậy; như ri; như rứa; như vầy; như vậy,PhuYen; QuangNam; QuangNgai,0.8734612464904785,292.19854697356675,5.344405174255371,6.21786642074585,True
SENT_4733,SENT,PNB,replace,0,tý vào,tí,2,1,False,none,Predicate vocabulary,,,-0.7973074913024902,-104.25250896096578,5.245635986328125,4.448328495025635,True
SENT_4733,SENT,PNB,insert,1,,kêu,0,1,False,none,Unknown,,,-0.7973074913024902,-104.25250896096578,5.245635986328125,4.448328495025635,False
SENT_4733,SENT,PNB,insert,2,,thì,0,1,False,none,Unknown,,,-0.7973074913024902,-104.25250896096578,5.245635986328125,4.448328495025635,False
SENT_4733,SENT,PNB,insert,3,,cho,0,1,False,none,Unknown,,,-0.7973074913024902,-104.25250896096578,5.245635986328125,4.448328495025635,False
SENT_4733,SENT,PNB,replace,4,đó,đấy,1,1,True,standard_word,Demonstratives/Deixis,ấy,BacBo,-0.7973074913024902,-104.25250896096578,5.245635986328125,4.448328495025635,True
SENT_4733,SENT,PNN,replace,0,thật,thiệt,1,1,True,dialect_phrase,Connectives/Aspect markers,thật,NamBo,0.1047406196594238,20.951182498555596,5.245635986328125,5.350376605987549,True
SENT_4733,SENT,PNN,replace,1,vào,vô,1,1,False,none,Connectives/Aspect markers,,,0.1047406196594238,20.951182498555596,5.245635986328125,5.350376605987549,True
SENT_4733,SENT,PNN,replace,2,sau này,mai mốt,2,2,False,none,Predicate vocabulary,,,0.1047406196594238,20.951182498555596,5.245635986328125,5.350376605987549,True
SENT_4733,SENT,PNN,replace,3,không,hông,1,1,True,dialect_phrase,Negation/Function words,không,NamBo,0.1047406196594238,20.951182498555596,5.245635986328125,5.350376605987549,True
SENT_4733,SENT,PNT2,replace,0,chẳng,nỏ,1,1,True,dialect_phrase,Negation/Function words,không,HaTinh_QB_QT; NgheAn,0.6605181694030762,177.55444548864065,5.245635986328125,5.906154155731201,True
SENT_4733,SENT,PNT2,replace,1,nghĩ gì,nghị chi,2,2,False,none,Interrogatives,,,0.6605181694030762,177.55444548864065,5.245635986328125,5.906154155731201,True
SENT_4733,SENT,PNT2,replace,2,vấn đề,chi là,2,2,False,none,Predicate vocabulary,,,0.6605181694030762,177.55444548864065,5.245635986328125,5.906154155731201,True
SENT_4733,SENT,PNT2,replace,3,này,ni,1,1,True,dialect_phrase,Demonstratives/Deixis,này,HaTinh_QB_QT; NgheAn,0.6605181694030762,177.55444548864065,5.245635986328125,5.906154155731201,True
SENT_4733,SENT,PNT2,replace,4,nào,mô,1,1,True,dialect_phrase,Interrogatives; Negation/Function words,đâu (phủ định); đâu / nào,HaTinh_QB_QT; NgheAn,0.6605181694030762,177.55444548864065,5.245635986328125,5.906154155731201,False
SENT_4733,SENT,PNT3,replace,0,thật chẳng,thiệt nỏ,2,2,False,none,Negation/Function words,,,0.6081953048706055,158.83084160151216,5.245635986328125,5.8538312911987305,True
SENT_4733,SENT,PNT3,replace,1,bây giờ,bựa ni,2,2,True,standard_word,Negation/Function words,chừ,HaTinh_QB_QT; Hue,0.6081953048706055,158.83084160151216,5.245635986328125,5.8538312911987305,True
SENT_4733,SENT,PNT3,replace,2,gì,chi,1,1,True,dialect_phrase,Interrogatives,gì; sao / thế nào,HaTinh_QB_QT; Hue,0.6081953048706055,158.83084160151216,5.245635986328125,5.8538312911987305,True
SENT_4733,SENT,PNT3,replace,3,tý vào,một tỉ vô,2,3,False,none,Predicate vocabulary,,,0.6081953048706055,158.83084160151216,5.245635986328125,5.8538312911987305,True
SENT_4733,SENT,PNT3,replace,4,này nọ,ni kêu tê,2,3,False,none,Demonstratives/Deixis,,,0.6081953048706055,158.83084160151216,5.245635986328125,5.8538312911987305,True
SENT_4733,SENT,PNT3,replace,5,vấn đề,cấy chi,2,2,False,none,Interrogatives,,,0.6081953048706055,158.83084160151216,5.245635986328125,5.8538312911987305,True
SENT_4733,SENT,PNT3,replace,6,chứ sau này,chơ mài bựa,3,3,False,none,Demonstratives/Deixis,,,0.6081953048706055,158.83084160151216,5.245635986328125,5.8538312911987305,True
SENT_4733,SENT,PNT3,replace,7,nó vả không,hắn bả nỏ,3,3,False,none,Pronouns,,,0.6081953048706055,158.83084160151216,5.245635986328125,5.8538312911987305,True
SENT_4733,SENT,PNT3,replace,8,nào chứ,mô chơ,2,2,False,none,Interrogatives,,,0.6081953048706055,158.83084160151216,5.245635986328125,5.8538312911987305,True
SENT_4733,SENT,PNT4,replace,0,thật,thiệt,1,1,False,none,Predicate vocabulary,,,0.4323196411132812,102.61469726358165,5.245635986328125,5.677955627441406,True
SENT_4733,SENT,PNT4,replace,1,giờ,chừ,1,1,True,dialect_phrase,Negation/Function words,bây giờ,QuangNam,0.4323196411132812,102.61469726358165,5.245635986328125,5.677955627441406,True
SENT_4733,SENT,PNT4,replace,2,gì,chi,1,1,True,dialect_phrase,Interrogatives,gì,QuangNam,0.4323196411132812,102.61469726358165,5.245635986328125,5.677955627441406,True
SENT_4733,SENT,PNT4,replace,3,vào,vô,1,1,False,none,Connectives/Aspect markers,,,0.4323196411132812,102.61469726358165,5.245635986328125,5.677955627441406,True
SENT_4733,SENT,PNT4,replace,4,chứ,chớ,1,1,False,none,Discourse particles,,,0.4323196411132812,102.61469726358165,5.245635986328125,5.677955627441406,True
SENT_4733,SENT,PNT4,replace,5,này,ni,1,1,True,dialect_phrase,Demonstratives/Deixis,này,QuangNam,0.4323196411132812,102.61469726358165,5.245635986328125,5.677955627441406,True
SENT_4733,SENT,PNT4,replace,6,nào,nô,1,1,True,standard_word,Interrogatives,mô; đâu,PhuYen; QuangNam; QuangNgai,0.4323196411132812,102.61469726358165,5.245635986328125,5.677955627441406,True
SENT_4737,SENT,PNT1,replace,0,tao,tau,1,1,True,standard_word,Pronouns,choa,ThanhHoa,1.5735859870910645,913.9291513387284,5.476478099822998,7.0500640869140625,True
SENT_4737,SENT,PNT1,replace,1,mày,mi,1,1,False,none,Pronouns,,,1.5735859870910645,913.9291513387284,5.476478099822998,7.0500640869140625,True
SENT_4737,SENT,PNT2,replace,0,này tao thấy mày,ni tau chộ mi,4,4,False,none,Pronouns,,,2.7493739128112793,3497.2999481843462,5.476478099822998,8.225852012634277,True
SENT_4737,SENT,PNT3,replace,0,này,ni,1,1,True,dialect_phrase,Demonstratives/Deixis,này,HaTinh_QB_QT; Hue,1.766246318817139,1158.893767998391,5.476478099822998,7.242724418640137,True
SENT_4737,SENT,PNT3,replace,1,mày,mi,1,1,True,dialect_phrase,Pronouns,mày,HaTinh_QB_QT; Hue,1.766246318817139,1158.893767998391,5.476478099822998,7.242724418640137,True
SENT_4737,SENT,PNT4,replace,0,này tao,ni ta,2,2,False,none,Demonstratives/Deixis,,,2.142181873321533,1796.8287543264923,5.476478099822998,7.618659973144531,True
SENT_4737,SENT,PNT4,replace,1,mày,mi,1,1,True,dialect_phrase,Pronouns,mày,QuangNam,2.142181873321533,1796.8287543264923,5.476478099822998,7.618659973144531,True
SENT_4745,SENT,PNN,replace,0,trèo,leo,1,1,False,none,Predicate vocabulary,,,0.1705284118652343,11.943058810830408,4.162528038024902,4.333056449890137,True
SENT_4745,SENT,PNN,replace,1,không,hông,1,1,True,dialect_phrase,Negation/Function words,không,NamBo,0.1705284118652343,11.943058810830408,4.162528038024902,4.333056449890137,True
SENT_4745,SENT,PNN,replace,2,bọn,tụi,1,1,False,none,Pronouns,,,0.1705284118652343,11.943058810830408,4.162528038024902,4.333056449890137,True
SENT_4745,SENT,PNN,replace,3,không,hông,1,1,True,dialect_phrase,Negation/Function words,không,NamBo,0.1705284118652343,11.943058810830408,4.162528038024902,4.333056449890137,True
SENT_4745,SENT,PNT1,replace,0,mình,tau,1,1,False,none,Pronouns,,,1.2364859580993652,156.95451345258385,4.162528038024902,5.399013996124268,True
SENT_4745,SENT,PNT1,replace,1,bạn nhỉ mình,mi nhở tau,3,3,False,none,Pronouns,,,1.2364859580993652,156.95451345258385,4.162528038024902,5.399013996124268,True
SENT_4745,SENT,PNT2,replace,0,mình,tau,1,1,True,dialect_phrase,Pronouns,tao,HaTinh_QB_QT,1.683365821838379,281.57780794491623,4.162528038024902,5.845893859863281,True
SENT_4745,SENT,PNT2,replace,1,bạn,mày,1,1,False,none,Pronouns,,,1.683365821838379,281.57780794491623,4.162528038024902,5.845893859863281,True
SENT_4745,SENT,PNT2,replace,2,không,nỏ,1,1,True,dialect_phrase,Negation/Function words,không,HaTinh_QB_QT; NgheAn,1.683365821838379,281.57780794491623,4.162528038024902,5.845893859863281,True
SENT_4745,SENT,PNT2,replace,3,sao,răng,1,1,True,dialect_phrase,Interrogatives,sao / thế nào,HaTinh_QB_QT; NgheAn,1.683365821838379,281.57780794491623,4.162528038024902,5.845893859863281,True
SENT_4745,SENT,PNT2,replace,4,nó không,hấn nỏ,2,2,False,none,Negation/Function words,,,1.683365821838379,281.57780794491623,4.162528038024902,5.845893859863281,True
SENT_4745,SENT,PNT3,replace,0,mình,mềng,1,1,False,none,Pronouns,,,1.8620243072509768,349.22281206969564,4.162528038024902,6.024552345275879,True
SENT_4745,SENT,PNT3,replace,1,trèo,leo,1,1,False,none,Predicate vocabulary,,,1.8620243072509768,349.22281206969564,4.162528038024902,6.024552345275879,True
SENT_4745,SENT,PNT3,replace,2,bạn nhỉ mình cũng không,mi hè mềng cụng nỏ,5,5,False,none,Pronouns,,,1.8620243072509768,349.22281206969564,4.162528038024902,6.024552345275879,True
SENT_4745,SENT,PNT3,replace,3,sao,răng,1,1,True,dialect_phrase,Interrogatives,sao / thế nào,HaTinh_QB_QT; Hue,1.8620243072509768,349.22281206969564,4.162528038024902,6.024552345275879,True
SENT_4745,SENT,PNT3,replace,4,nó không,hắn nỏ,2,2,False,none,Pronouns,,,1.8620243072509768,349.22281206969564,4.162528038024902,6.024552345275879,True
SENT_4745,SENT,PNT4,replace,0,trèo,leo,1,1,False,none,Predicate vocabulary,,,1.62416410446167,261.69939623284324,4.162528038024902,5.786692142486572,True
SENT_4745,SENT,PNT4,replace,1,phóng,chích,1,1,False,none,Predicate vocabulary,,,1.62416410446167,261.69939623284324,4.162528038024902,5.786692142486572,True
SENT_4745,SENT,PNT4,replace,2,bạn nhỉ mình,mi hỉ ta,3,3,False,none,Pronouns,,,1.62416410446167,261.69939623284324,4.162528038024902,5.786692142486572,True
SENT_4745,SENT,PNT4,replace,3,sao bọn nó,ren tụi hắn,3,3,False,none,Interrogatives,,,1.62416410446167,261.69939623284324,4.162528038024902,5.786692142486572,True
SENT_4768,SENT,PNN,replace,0,bọn,tụi,1,1,False,none,Pronouns,,,-0.0246810913085937,-5.4983069460422485,5.418473243713379,5.393792152404785,True
SENT_4768,SENT,PNN,replace,1,thật,thiệt,1,1,True,dialect_phrase,Connectives/Aspect markers,thật,NamBo,-0.0246810913085937,-5.4983069460422485,5.418473243713379,5.393792152404785,True
SENT_4768,SENT,PNN,replace,2,với ạ,giùm cái,2,2,False,none,Discourse particles,,,-0.0246810913085937,-5.4983069460422485,5.418473243713379,5.393792152404785,True
SENT_4768,SENT,PNN,replace,3,bọn,tụi,1,1,False,none,Pronouns,,,-0.0246810913085937,-5.4983069460422485,5.418473243713379,5.393792152404785,True
SENT_4768,SENT,PNN,replace,4,ấy,á,1,1,True,standard_word,Demonstratives/Deixis,đó,NamBo,-0.0246810913085937,-5.4983069460422485,5.418473243713379,5.393792152404785,True
SENT_4768,SENT,PNN,replace,5,cha,ba,1,1,False,none,Kinship/Honorific terms,,,-0.0246810913085937,-5.4983069460422485,5.418473243713379,5.393792152404785,True
SENT_4768,SENT,PNN,replace,6,mẹ,má,1,1,False,none,Kinship/Honorific terms,,,-0.0246810913085937,-5.4983069460422485,5.418473243713379,5.393792152404785,True
SENT_4768,SENT,PNT1,replace,0,mày,mi,1,1,False,none,Pronouns,,,0.1355624198913574,32.74325447058095,5.418473243713379,5.554035663604736,True
SENT_4768,SENT,PNT1,replace,1,dơ,bẩn,1,1,False,none,Predicate vocabulary,,,0.1355624198913574,32.74325447058095,5.418473243713379,5.554035663604736,True
SENT_4768,SENT,PNT2,replace,0,mày,mi,1,1,True,dialect_phrase,Pronouns,mày,HaTinh_QB_QT,0.2515473365783691,64.50598019028598,5.418473243713379,5.670020580291748,True
SENT_4768,SENT,PNT2,replace,1,nó,nớ,1,1,True,dialect_phrase,Demonstratives/Deixis,ấy / đó,HaTinh_QB_QT; NgheAn,0.2515473365783691,64.50598019028598,5.418473243713379,5.670020580291748,True
SENT_4768,SENT,PNT3,replace,0,mày,bây,1,1,True,dialect_phrase,Pronouns,chúng mày,HaTinh_QB_QT,0.1792287826538086,44.271164885489384,5.418473243713379,5.5977020263671875,True
SENT_4768,SENT,PNT3,replace,1,thật,thiệt,1,1,True,dialect_phrase,Connectives/Aspect markers,thật,HaTinh_QB_QT,0.1792287826538086,44.271164885489384,5.418473243713379,5.5977020263671875,True
SENT_4768,SENT,PNT3,replace,2,nhưng làm,chơ mần,2,2,False,none,Predicate vocabulary,,,0.1792287826538086,44.271164885489384,5.418473243713379,5.5977020263671875,True
SENT_4768,SENT,PNT3,replace,3,ạ,cấy,1,1,True,dialect_phrase,Negation/Function words,cái,HaTinh_QB_QT,0.1792287826538086,44.271164885489384,5.418473243713379,5.5977020263671875,True
SENT_4768,SENT,PNT3,insert,4,,tà la,0,2,False,none,Unknown,,,0.1792287826538086,44.271164885489384,5.418473243713379,5.5977020263671875,False
SENT_4768,SENT,PNT3,replace,5,nó,nớ,1,1,True,dialect_phrase,Demonstratives/Deixis,kia; ấy / đó,HaTinh_QB_QT; Hue,0.1792287826538086,44.271164885489384,5.418473243713379,5.5977020263671875,True
SENT_4768,SENT,PNT3,replace,6,đó,nớ,1,1,True,dialect_phrase,Demonstratives/Deixis,kia; ấy / đó,HaTinh_QB_QT; Hue,0.1792287826538086,44.271164885489384,5.418473243713379,5.5977020263671875,True
SENT_4768,SENT,PNT3,replace,7,ấy,á,1,1,True,standard_word,Demonstratives/Deixis; Discourse particles,nớ; tê; đỏ,HaTinh_QB_QT; Hue,0.1792287826538086,44.271164885489384,5.418473243713379,5.5977020263671875,False
SENT_4768,SENT,PNT3,replace,8,làm cha làm mẹ,mần bọ mần mạ,4,4,False,none,Kinship/Honorific terms,,,0.1792287826538086,44.271164885489384,5.418473243713379,5.5977020263671875,True
SENT_4768,SENT,PNT3,replace,9,z đó,rứa,2,1,False,none,Noise/Non-linguistic,,,0.1792287826538086,44.271164885489384,5.418473243713379,5.5977020263671875,False
SENT_4768,SENT,PNT3,replace,10,dơ,dớp,1,1,False,none,Predicate vocabulary,,,0.1792287826538086,44.271164885489384,5.418473243713379,5.5977020263671875,True
SENT_4768,SENT,PNT4,replace,0,mày,mi,1,1,True,dialect_phrase,Pronouns,mày,QuangNam,0.3808364868164062,104.53711962034572,5.418473243713379,5.799309730529785,True
SENT_4768,SENT,PNT4,replace,1,thật,thiệt,1,1,False,none,Predicate vocabulary,,,0.3808364868164062,104.53711962034572,5.418473243713379,5.799309730529785,True
SENT_4768,SENT,PNT4,replace,2,nó,hắn,1,1,True,standard_word,Pronouns,hén; nó,PhuYen; QuangNam; QuangNgai,0.3808364868164062,104.53711962034572,5.418473243713379,5.799309730529785,True
SENT_4768,SENT,PNT4,replace,3,đó,nớ,1,1,True,dialect_phrase,Demonstratives/Deixis,ấy / đó,QuangNam,0.3808364868164062,104.53711962034572,5.418473243713379,5.799309730529785,True
SENT_4768,SENT,PNT4,replace,4,ấy,á,1,1,True,standard_word,Demonstratives/Deixis,nớ; đó,PhuYen; QuangNam; QuangNgai,0.3808364868164062,104.53711962034572,5.418473243713379,5.799309730529785,True
SENT_4768,SENT,PNT4,replace,5,dơ,nhớp,1,1,True,dialect_phrase,Predicate vocabulary,bẩn,QuangNam,0.3808364868164062,104.53711962034572,5.418473243713379,5.799309730529785,True
SENT_4790,SENT,PNB,delete,0,nè,,1,0,False,none,Unknown,,,0.0270590782165527,3.3108334551037473,4.793372631072998,4.820431709289551,False
SENT_4790,SENT,PNN,replace,0,xem,coi,1,1,False,none,Predicate vocabulary,,,0.0915732383728027,11.575518812380976,4.793372631072998,4.884945869445801,True
SENT_4790,SENT,PNT1,replace,0,tao,tau,1,1,True,standard_word,Pronouns,choa,ThanhHoa,0.4818220138549804,74.72072621984486,4.793372631072998,5.2751946449279785,True
SENT_4790,SENT,PNT2,replace,0,cái này,cấy ni,2,2,False,none,Demonstratives/Deixis,,,1.3585515022277832,348.9123439758313,4.793372631072998,6.151924133300781,True
SENT_4790,SENT,PNT2,replace,1,tao,tau,1,1,True,dialect_phrase,Pronouns,tao,HaTinh_QB_QT,1.3585515022277832,348.9123439758313,4.793372631072998,6.151924133300781,True
SENT_4790,SENT,PNT3,replace,0,xem cái này,ngó cấy ni,3,3,False,none,Demonstratives/Deixis,,,1.4411606788635254,389.35473602375146,4.793372631072998,6.234533309936523,True
SENT_4790,SENT,PNT3,replace,1,tao,tau,1,1,True,dialect_phrase,Pronouns,tao; tôi,HaTinh_QB_QT; Hue,1.4411606788635254,389.35473602375146,4.793372631072998,6.234533309936523,True
SENT_4790,SENT,PNT3,replace,2,này,cấy ni,1,2,True,standard_word,Demonstratives/Deixis,ni,HaTinh_QB_QT; Hue,1.4411606788635254,389.35473602375146,4.793372631072998,6.234533309936523,True
SENT_4790,SENT,PNT3,replace,3,nè,nì,1,1,True,dialect_phrase,Discourse particles,nè,HaTinh_QB_QT; Hue,1.4411606788635254,389.35473602375146,4.793372631072998,6.234533309936523,True
SENT_4790,SENT,PNT4,replace,0,này,ni,1,1,True,dialect_phrase,Demonstratives/Deixis,này,QuangNam,0.2980976104736328,41.921004213750194,4.793372631072998,5.091470241546631,True
SENT_4809,SENT,PNT1,replace,0,kkkkk,kkk hhehehehe,1,2,False,none,Noise/Non-linguistic,,,-0.1701078414916992,-24.603119302359772,5.05804443359375,4.887936592102051,False
SENT_4809,SENT,PNT2,replace,0,cái,cấy,1,1,True,dialect_phrase,Negation/Function words,cái,HaTinh_QB_QT; NgheAn,0.6985735893249512,158.99423823751923,5.05804443359375,5.756618022918701,True
SENT_4809,SENT,PNT2,replace,1,làm sao,mần răng,2,2,False,none,Interrogatives,,,0.6985735893249512,158.99423823751923,5.05804443359375,5.756618022918701,True
SENT_4809,SENT,PNT3,replace,0,muốn,ưng,1,1,False,none,Predicate vocabulary,,,1.0873541831970217,309.282954140432,5.05804443359375,6.1453986167907715,True
SENT_4809,SENT,PNT3,replace,1,làm sao ấy,răng á,3,2,False,none,Interrogatives,,,1.0873541831970217,309.282954140432,5.05804443359375,6.1453986167907715,True
SENT_4809,SENT,PNT4,replace,0,sao ấy,ren á,2,2,False,none,Interrogatives,,,0.929124355316162,241.00274340999792,5.05804443359375,5.987168788909912,True
SENT_4861,SENT,PNN,replace,0,bố,ba,1,1,False,none,Kinship/Honorific terms,,,0.2113895416259765,14.939402172831748,4.150498867034912,4.361888408660889,True
SENT_4861,SENT,PNN,replace,1,em ấy,ẻm,2,1,False,none,Pronouns,,,0.2113895416259765,14.939402172831748,4.150498867034912,4.361888408660889,True
SENT_4861,SENT,PNN,replace,2,chúng ta,tụi mình,2,2,False,none,Pronouns,,,0.2113895416259765,14.939402172831748,4.150498867034912,4.361888408660889,True
SENT_4861,SENT,PNN,replace,3,phát ngôn,nói năng,2,2,False,none,Predicate vocabulary,,,0.2113895416259765,14.939402172831748,4.150498867034912,4.361888408660889,True
SENT_4861,SENT,PNN,replace,4,không,hông,1,1,True,dialect_phrase,Negation/Function words,không,NamBo,0.2113895416259765,14.939402172831748,4.150498867034912,4.361888408660889,True
SENT_4861,SENT,PNN,replace,5,tỏ,ra,1,1,False,none,Predicate vocabulary,,,0.2113895416259765,14.939402172831748,4.150498867034912,4.361888408660889,True
SENT_4861,SENT,PNT1,replace,0,mắng,bới,1,1,False,none,Predicate vocabulary,,,0.1436471939086914,9.80396660833658,4.150498867034912,4.2941460609436035,True
SENT_4861,SENT,PNT1,replace,1,ấy,nứ,1,1,True,dialect_phrase,Demonstratives/Deixis,ấy / đó,ThanhHoa,0.1436471939086914,9.80396660833658,4.150498867034912,4.2941460609436035,True
SENT_4861,SENT,PNT1,replace,2,vậy,rứa,1,1,False,none,Demonstratives/Deixis,,,0.1436471939086914,9.80396660833658,4.150498867034912,4.2941460609436035,True
SENT_4861,SENT,PNT2,replace,0,vậy,như rứa,1,2,True,dialect_phrase,Demonstratives/Deixis,như vậy,HaTinh_QB_QT; NgheAn,0.4135422706604004,32.50487403847758,4.150498867034912,4.5640411376953125,True
SENT_4861,SENT,PNT2,replace,1,không,nỏ,1,1,True,dialect_phrase,Negation/Function words,không,HaTinh_QB_QT; NgheAn,0.4135422706604004,32.50487403847758,4.150498867034912,4.5640411376953125,True
SENT_4861,SENT,PNT2,replace,2,được chả,nổi nỏ,2,2,False,none,Negation/Function words,,,0.4135422706604004,32.50487403847758,4.150498867034912,4.5640411376953125,True
SENT_4861,SENT,PNT2,replace,3,cái,mấy,1,1,True,standard_word,Negation/Function words,cấy; kì,HaTinh_QB_QT; NgheAn,0.4135422706604004,32.50487403847758,4.150498867034912,4.5640411376953125,True
SENT_4861,SENT,PNT3,replace,0,cũng,cụng,1,1,False,none,Orthographic variant,,,1.3345794677734375,177.60217393602315,4.150498867034912,5.48507833480835,False
SENT_4861,SENT,PNT3,replace,1,bố mẹ chửi mắng,bọ mạ chưởi,4,3,False,none,Kinship/Honorific terms,,,1.3345794677734375,177.60217393602315,4.150498867034912,5.48507833480835,True
SENT_4861,SENT,PNT3,replace,2,ấy,nớ,1,1,True,dialect_phrase,Demonstratives/Deixis,kia; ấy / đó,HaTinh_QB_QT; Hue,1.3345794677734375,177.60217393602315,4.150498867034912,5.48507833480835,True
SENT_4861,SENT,PNT3,replace,3,vậy,rứa,1,1,True,standard_word,Demonstratives/Deixis,a rứa; như ri; như rứa; ri,HaTinh_QB_QT; Hue,1.3345794677734375,177.60217393602315,4.150498867034912,5.48507833480835,True
SENT_4861,SENT,PNT3,replace,4,chúng ta,choa,2,1,True,dialect_phrase,Pronouns,chúng tôi,HaTinh_QB_QT,1.3345794677734375,177.60217393602315,4.150498867034912,5.48507833480835,True
SENT_4861,SENT,PNT3,replace,5,già,tra,1,1,True,dialect_phrase,Predicate vocabulary,già,HaTinh_QB_QT,1.3345794677734375,177.60217393602315,4.150498867034912,5.48507833480835,True
SENT_4861,SENT,PNT3,replace,6,không thể,nỏ,2,1,True,dialect_phrase,Negation/Function words,không,HaTinh_QB_QT,1.3345794677734375,177.60217393602315,4.150498867034912,5.48507833480835,True
SENT_4861,SENT,PNT3,replace,7,chả,nỏ,1,1,True,dialect_phrase,Negation/Function words,không,HaTinh_QB_QT,1.3345794677734375,177.60217393602315,4.150498867034912,5.48507833480835,True
SENT_4861,SENT,PNT3,replace,8,cái,kì,1,1,True,dialect_phrase,Negation/Function words,cái,HaTinh_QB_QT,1.3345794677734375,177.60217393602315,4.150498867034912,5.48507833480835,True
SENT_4861,SENT,PNT4,replace,0,bố,ba,1,1,True,dialect_phrase,Kinship/Honorific terms,bố,QuangNam; QuangNgai,0.4022479057312011,31.42704602895641,4.150498867034912,4.552746772766113,True
SENT_4861,SENT,PNT4,replace,1,ấy,nớ,1,1,True,dialect_phrase,Demonstratives/Deixis,ấy / đó,QuangNam,0.4022479057312011,31.42704602895641,4.150498867034912,4.552746772766113,True
SENT_4861,SENT,PNT4,replace,2,vậy,rứa,1,1,True,standard_word,Demonstratives/Deixis,như dậy; như ri; như rứa; như vầy; như vậy,PhuYen; QuangNam; QuangNgai,0.4022479057312011,31.42704602895641,4.150498867034912,4.552746772766113,True
SENT_4861,SENT,PNT4,replace,3,xấc xược,hỗn hào bố,2,3,False,none,Predicate vocabulary,,,0.4022479057312011,31.42704602895641,4.150498867034912,4.552746772766113,True
SENT_4861,SENT,PNT4,delete,4,toét,,1,0,False,none,Unknown,,,0.4022479057312011,31.42704602895641,4.150498867034912,4.552746772766113,False
SENT_4861,SENT,PNT4,replace,5,chả,không,1,1,True,dialect_phrase,Negation/Function words,không,QuangNam,0.4022479057312011,31.42704602895641,4.150498867034912,4.552746772766113,True
SENT_4861,SENT,PNT4,replace,6,tỏ,ra,1,1,False,none,Predicate vocabulary,,,0.4022479057312011,31.42704602895641,4.150498867034912,4.552746772766113,True
SENT_4885,SENT,PNN,delete,0,rất,,1,0,True,standard_word,Predicate vocabulary,dữ,NamBo,0.5141229629516602,40.90644012541763,4.108529567718506,4.622652530670166,False
SENT_4885,SENT,PNN,replace,1,và,ghê với,1,2,False,none,Noise/Non-linguistic,,,0.5141229629516602,40.90644012541763,4.108529567718506,4.622652530670166,False
SENT_4885,SENT,PNN,replace,2,muốn,mắc,1,1,False,none,Predicate vocabulary,,,0.5141229629516602,40.90644012541763,4.108529567718506,4.622652530670166,True
SENT_4885,SENT,PNN,replace,3,mẹ,má,1,1,False,none,Kinship/Honorific terms,,,0.5141229629516602,40.90644012541763,4.108529567718506,4.622652530670166,True
SENT_4885,SENT,PNN,replace,4,thế không,dữ hông,2,2,False,none,Negation/Function words,,,0.5141229629516602,40.90644012541763,4.108529567718506,4.622652530670166,True
SENT_4885,SENT,PNT1,replace,0,chửi,bới,1,1,False,none,Predicate vocabulary,,,0.1739463806152343,11.562359810775206,4.108529567718506,4.28247594833374,True
SENT_4885,SENT,PNT2,replace,0,ba,bố,1,1,False,none,Kinship/Honorific terms,,,0.6638741493225098,57.34586198033733,4.108529567718506,4.772403717041016,True
SENT_4885,SENT,PNT2,replace,1,vậy,ri,1,1,True,dialect_phrase,Demonstratives/Deixis,thế này / vậy,HaTinh_QB_QT; NgheAn,0.6638741493225098,57.34586198033733,4.108529567718506,4.772403717041016,True
SENT_4885,SENT,PNT2,replace,2,sao,răng,1,1,True,dialect_phrase,Interrogatives,sao / thế nào,HaTinh_QB_QT; NgheAn,0.6638741493225098,57.34586198033733,4.108529567718506,4.772403717041016,True
SENT_4885,SENT,PNT2,replace,3,thế không,rứa nỏ,2,2,False,none,Demonstratives/Deixis,,,0.6638741493225098,57.34586198033733,4.108529567718506,4.772403717041016,True
SENT_4885,SENT,PNT3,replace,0,rất,đại,1,1,True,standard_word,Predicate vocabulary,bất; dệ sợ; dữ,HaTinh_QB_QT; Hue,0.5787758827209473,47.70309892947046,4.108529567718506,4.687305450439453,True
SENT_4885,SENT,PNT3,replace,1,nhìn,ngó,1,1,True,dialect_phrase,Predicate vocabulary,nhìn; xem,HaTinh_QB_QT,0.5787758827209473,47.70309892947046,4.108529567718506,4.687305450439453,True
SENT_4885,SENT,PNT3,replace,2,muốn,ưng,1,1,False,none,Predicate vocabulary,,,0.5787758827209473,47.70309892947046,4.108529567718506,4.687305450439453,True
SENT_4885,SENT,PNT3,replace,3,chửi,chưởi,1,1,True,dialect_phrase,Predicate vocabulary,mắng,HaTinh_QB_QT,0.5787758827209473,47.70309892947046,4.108529567718506,4.687305450439453,True
SENT_4885,SENT,PNT3,replace,4,vậy,rứa,1,1,True,standard_word,Demonstratives/Deixis,a rứa; như ri; như rứa; ri,HaTinh_QB_QT; Hue,0.5787758827209473,47.70309892947046,4.108529567718506,4.687305450439453,True
SENT_4885,SENT,PNT3,replace,5,sao,răng,1,1,True,dialect_phrase,Interrogatives,sao / thế nào,HaTinh_QB_QT; Hue,0.5787758827209473,47.70309892947046,4.108529567718506,4.687305450439453,True
SENT_4885,SENT,PNT3,replace,6,thế không,rứa nỏ,2,2,False,none,Demonstratives/Deixis,,,0.5787758827209473,47.70309892947046,4.108529567718506,4.687305450439453,True
SENT_4885,SENT,PNT4,replace,0,vậy,rứa,1,1,True,standard_word,Demonstratives/Deixis,như dậy; như ri; như rứa; như vầy; như vậy,PhuYen; QuangNam; QuangNgai,0.2684125900268554,18.73710876660121,4.108529567718506,4.376942157745361,True
SENT_4885,SENT,PNT4,replace,1,sao,ren,1,1,True,dialect_phrase,Interrogatives,sao / thế nào,QuangNam,0.2684125900268554,18.73710876660121,4.108529567718506,4.376942157745361,True
SENT_4885,SENT,PNT4,replace,2,thế,rứa,1,1,True,standard_word,Demonstratives/Deixis,như dậy; như rứa; như vậy,PhuYen; QuangNam; QuangNgai,0.2684125900268554,18.73710876660121,4.108529567718506,4.376942157745361,True
SENT_4959,SENT,PNB,replace,0,dữ vậy,kinh thế,2,2,False,none,Idiomatic expressions,,,-0.2066712379455566,-37.47496273887021,5.301855564117432,5.095184326171875,True
SENT_4959,SENT,PNB,replace,1,mổ,một,1,1,False,none,Noise/Non-linguistic,,,-0.2066712379455566,-37.47496273887021,5.301855564117432,5.095184326171875,False
SENT_4959,SENT,PNB,replace,2,kiếm,tìm,1,1,False,none,Predicate vocabulary,,,-0.2066712379455566,-37.47496273887021,5.301855564117432,5.095184326171875,True
SENT_4959,SENT,PNN,replace,0,không,hông,1,1,True,dialect_phrase,Negation/Function words,không,NamBo,0.169954776763916,37.181573133066706,5.301855564117432,5.471810340881348,True
SENT_4959,SENT,PNT1,replace,0,mày,mi,1,1,False,none,Pronouns,,,-0.0827264785766601,-15.935700544897628,5.301855564117432,5.2191290855407715,True
SENT_4959,SENT,PNT1,replace,1,dữ,gớm,1,1,False,none,Predicate vocabulary,,,-0.0827264785766601,-15.935700544897628,5.301855564117432,5.2191290855407715,True
SENT_4959,SENT,PNT2,replace,0,gì,chi,1,1,True,dialect_phrase,Interrogatives,gì,HaTinh_QB_QT; NgheAn,0.6191496849060059,172.07737574086397,5.301855564117432,5.9210052490234375,True
SENT_4959,SENT,PNT2,replace,1,mổ,mổi,1,1,False,none,Orthographic variant,,,0.6191496849060059,172.07737574086397,5.301855564117432,5.9210052490234375,False
SENT_4959,SENT,PNT2,replace,2,không,nỏ,1,1,True,dialect_phrase,Negation/Function words,không,HaTinh_QB_QT; NgheAn,0.6191496849060059,172.07737574086397,5.301855564117432,5.9210052490234375,True
SENT_4959,SENT,PNT2,replace,3,làm,mần,1,1,True,dialect_phrase,Predicate vocabulary,làm,HaTinh_QB_QT,0.6191496849060059,172.07737574086397,5.301855564117432,5.9210052490234375,True
SENT_4959,SENT,PNT3,replace,0,mày chửi gì,mi chưởi chi,3,3,False,none,Interrogatives,,,0.4707112312316894,120.65265135844469,5.301855564117432,5.772566795349121,True
SENT_4959,SENT,PNT3,replace,1,vậy,rứa,1,1,True,standard_word,Demonstratives/Deixis,a rứa; như ri; như rứa; ri,HaTinh_QB_QT; Hue,0.4707112312316894,120.65265135844469,5.301855564117432,5.772566795349121,True
SENT_4959,SENT,PNT3,replace,2,mổ,mỗi,1,1,False,none,Orthographic variant,,,0.4707112312316894,120.65265135844469,5.301855564117432,5.772566795349121,False
SENT_4959,SENT,PNT3,replace,3,không thích,nỏ ưng,2,2,False,none,Negation/Function words,,,0.4707112312316894,120.65265135844469,5.301855564117432,5.772566795349121,True
SENT_4959,SENT,PNT3,replace,4,làm,mần,1,1,True,dialect_phrase,Predicate vocabulary,làm,HaTinh_QB_QT; Hue,0.4707112312316894,120.65265135844469,5.301855564117432,5.772566795349121,True
SENT_4959,SENT,PNT4,replace,0,mày,mi,1,1,True,dialect_phrase,Pronouns,mày,QuangNam,0.0300102233886718,6.114610219111,5.301855564117432,5.3318657875061035,True
SENT_4959,SENT,PNT4,replace,1,gì dữ vậy,chi kinh rứa,3,3,False,none,Interrogatives,,,0.0300102233886718,6.114610219111,5.301855564117432,5.3318657875061035,True
SENT_4959,SENT,PNT4,replace,2,việc,chuyện,1,1,False,none,Predicate vocabulary,,,0.0300102233886718,6.114610219111,5.301855564117432,5.3318657875061035,True
SENT_4959,SENT,PNT4,replace,3,việc,chuyện,1,1,False,none,Predicate vocabulary,,,0.0300102233886718,6.114610219111,5.301855564117432,5.3318657875061035,True
SENT_4964,SENT,PNB,replace,0,nặn,nạn,1,1,False,none,Orthographic variant,,,-0.6420135498046875,-77.86110174080525,5.101963520050049,4.459949970245361,False
SENT_4964,SENT,PNB,replace,1,ra,đi,1,1,False,none,Predicate vocabulary,,,-0.6420135498046875,-77.86110174080525,5.101963520050049,4.459949970245361,True
SENT_4964,SENT,PNB,replace,2,1,một,1,1,False,none,Out-of-scope,,,-0.6420135498046875,-77.86110174080525,5.101963520050049,4.459949970245361,False
SENT_4964,SENT,PNN,replace,0,vào,vô,1,1,False,none,Connectives/Aspect markers,,,-0.1345839500427246,-20.69431494130021,5.101963520050049,4.967379570007324,True
SENT_4964,SENT,PNN,replace,1,trẻ em,con nít,2,2,False,none,Predicate vocabulary,,,-0.1345839500427246,-20.69431494130021,5.101963520050049,4.967379570007324,True
SENT_4964,SENT,PNN,replace,2,bọn,tụi,1,1,False,none,Pronouns,,,-0.1345839500427246,-20.69431494130021,5.101963520050049,4.967379570007324,True
SENT_4964,SENT,PNN,insert,3,,ác,0,1,False,none,Unknown,,,-0.1345839500427246,-20.69431494130021,5.101963520050049,4.967379570007324,False
SENT_4964,SENT,PNN,replace,4,là ác,xá,2,1,False,none,Noise/Non-linguistic,,,-0.1345839500427246,-20.69431494130021,5.101963520050049,4.967379570007324,False
SENT_4964,SENT,PNT1,replace,0,nặn,nạn,1,1,False,none,Orthographic variant,,,-0.0483741760253906,-7.760794956760464,5.101963520050049,5.053589344024658,False
SENT_4964,SENT,PNT1,replace,1,vào,vô,1,1,False,none,Connectives/Aspect markers,,,-0.0483741760253906,-7.760794956760464,5.101963520050049,5.053589344024658,True
SENT_4964,SENT,PNT1,replace,2,cmm,chết cụ,1,2,False,none,Noise/Non-linguistic,,,-0.0483741760253906,-7.760794956760464,5.101963520050049,5.053589344024658,False
SENT_4964,SENT,PNT2,replace,0,vào,vô,1,1,False,none,Connectives/Aspect markers,,,0.1858344078063964,33.562855423830285,5.101963520050049,5.287797927856445,True
SENT_4964,SENT,PNT2,replace,1,này,ni,1,1,True,dialect_phrase,Demonstratives/Deixis,này,HaTinh_QB_QT; NgheAn,0.1858344078063964,33.562855423830285,5.101963520050049,5.287797927856445,True
SENT_4964,SENT,PNT3,replace,0,cái lũ,cấy bọn,2,2,False,none,Pronouns,,,0.3575224876403808,70.63233315025377,5.101963520050049,5.45948600769043,True
SENT_4964,SENT,PNT3,replace,1,nặn,nạn,1,1,False,none,Orthographic variant,,,0.3575224876403808,70.63233315025377,5.101963520050049,5.45948600769043,False
SENT_4964,SENT,PNT3,replace,2,vào,vô,1,1,False,none,Connectives/Aspect markers,,,0.3575224876403808,70.63233315025377,5.101963520050049,5.45948600769043,True
SENT_4964,SENT,PNT3,replace,3,này,ni,1,1,True,dialect_phrase,Demonstratives/Deixis,này,HaTinh_QB_QT; Hue,0.3575224876403808,70.63233315025377,5.101963520050049,5.45948600769043,True
SENT_4964,SENT,PNT3,replace,4,nó,hắn,1,1,True,dialect_phrase,Pronouns,nó,HaTinh_QB_QT; Hue,0.3575224876403808,70.63233315025377,5.101963520050049,5.45948600769043,True
SENT_4964,SENT,PNT4,replace,0,vào,vô,1,1,False,none,Connectives/Aspect markers,,,0.2402362823486328,44.627617933096445,5.101963520050049,5.342199802398682,True
SENT_4964,SENT,PNT4,replace,1,này,ni,1,1,True,dialect_phrase,Demonstratives/Deixis,này,QuangNam,0.2402362823486328,44.627617933096445,5.101963520050049,5.342199802398682,True
SENT_4989,SENT,PNN,replace,0,không,hông,1,1,True,dialect_phrase,Negation/Function words,không,NamBo,-0.1500587463378906,-15.430410376533333,4.707159996032715,4.557101249694824,True
SENT_4989,SENT,PNN,replace,1,không,hông,1,1,True,dialect_phrase,Negation/Function words,không,NamBo,-0.1500587463378906,-15.430410376533333,4.707159996032715,4.557101249694824,True
SENT_4989,SENT,PNN,replace,2,không,hông,1,1,True,dialect_phrase,Negation/Function words,không,NamBo,-0.1500587463378906,-15.430410376533333,4.707159996032715,4.557101249694824,True
SENT_4989,SENT,PNN,replace,3,không,hông,1,1,True,dialect_phrase,Negation/Function words,không,NamBo,-0.1500587463378906,-15.430410376533333,4.707159996032715,4.557101249694824,True
SENT_4989,SENT,PNT2,replace,0,chứ,chơ,1,1,True,dialect_phrase,Connectives/Aspect markers,chứ,HaTinh_QB_QT,0.7442808151245117,122.35654942200398,4.707159996032715,5.451440811157227,True
SENT_4989,SENT,PNT2,replace,1,không làm,nỏ mần,2,2,False,none,Negation/Function words,,,0.7442808151245117,122.35654942200398,4.707159996032715,5.451440811157227,True
SENT_4989,SENT,PNT2,replace,2,gì,chi,1,1,True,dialect_phrase,Interrogatives,gì,HaTinh_QB_QT; NgheAn,0.7442808151245117,122.35654942200398,4.707159996032715,5.451440811157227,True
SENT_4989,SENT,PNT2,replace,3,đâu không,mô nỏ,2,2,False,none,Interrogatives,,,0.7442808151245117,122.35654942200398,4.707159996032715,5.451440811157227,True
SENT_4989,SENT,PNT2,replace,4,nó,hấn,1,1,True,standard_word,Pronouns,hắn; nghị,HaTinh_QB_QT,0.7442808151245117,122.35654942200398,4.707159996032715,5.451440811157227,True
SENT_4989,SENT,PNT2,replace,5,không,nỏ,1,1,True,dialect_phrase,Negation/Function words,không,HaTinh_QB_QT; NgheAn,0.7442808151245117,122.35654942200398,4.707159996032715,5.451440811157227,True
SENT_4989,SENT,PNT2,replace,6,không,nỏ,1,1,True,dialect_phrase,Negation/Function words,không,HaTinh_QB_QT; NgheAn,0.7442808151245117,122.35654942200398,4.707159996032715,5.451440811157227,True
SENT_4989,SENT,PNT2,replace,7,sao,răng,1,1,True,dialect_phrase,Interrogatives,sao / thế nào,HaTinh_QB_QT; NgheAn,0.7442808151245117,122.35654942200398,4.707159996032715,5.451440811157227,True
SENT_4989,SENT,PNT3,replace,0,chứ,chơ,1,1,True,dialect_phrase,Connectives/Aspect markers,chứ,HaTinh_QB_QT,0.7834606170654297,131.67038275754416,4.707159996032715,5.4906206130981445,True
SENT_4989,SENT,PNT3,replace,1,không làm,nỏ mần,2,2,False,none,Negation/Function words,,,0.7834606170654297,131.67038275754416,4.707159996032715,5.4906206130981445,True
SENT_4989,SENT,PNT3,replace,2,gì,chi,1,1,True,dialect_phrase,Interrogatives,gì; sao / thế nào,HaTinh_QB_QT; Hue,0.7834606170654297,131.67038275754416,4.707159996032715,5.4906206130981445,True
SENT_4989,SENT,PNT3,replace,3,đâu không,mô ra rựa nỏ,2,4,False,none,Interrogatives,,,0.7834606170654297,131.67038275754416,4.707159996032715,5.4906206130981445,True
SENT_4989,SENT,PNT3,replace,4,không,khung,1,1,True,standard_word,Negation/Function words,nỏ,HaTinh_QB_QT,0.7834606170654297,131.67038275754416,4.707159996032715,5.4906206130981445,True
SENT_4989,SENT,PNT3,replace,5,không,nỏ,1,1,True,dialect_phrase,Negation/Function words,không,HaTinh_QB_QT,0.7834606170654297,131.67038275754416,4.707159996032715,5.4906206130981445,True
SENT_4989,SENT,PNT3,replace,6,sao,răng,1,1,True,dialect_phrase,Interrogatives,sao / thế nào,HaTinh_QB_QT; Hue,0.7834606170654297,131.67038275754416,4.707159996032715,5.4906206130981445,True
SENT_4989,SENT,PNT4,replace,0,chứ,chớ,1,1,False,none,Discourse particles,,,0.537203311920166,78.75790801299596,4.707159996032715,5.244363307952881,True
SENT_4989,SENT,PNT4,replace,1,gì,chi,1,1,True,dialect_phrase,Interrogatives,gì,QuangNam,0.537203311920166,78.75790801299596,4.707159996032715,5.244363307952881,True
SENT_4989,SENT,PNT4,replace,2,đâu,mô,1,1,True,dialect_phrase,Interrogatives,đâu / nào,QuangNam,0.537203311920166,78.75790801299596,4.707159996032715,5.244363307952881,True
SENT_4989,SENT,PNT4,replace,3,bọn,tụi,1,1,False,none,Pronouns,,,0.537203311920166,78.75790801299596,4.707159996032715,5.244363307952881,True
SENT_4989,SENT,PNT4,replace,4,sao,ren,1,1,True,dialect_phrase,Interrogatives,sao / thế nào,QuangNam,0.537203311920166,78.75790801299596,4.707159996032715,5.244363307952881,True
SENT_5008,SENT,PNB,replace,0,hả,à,1,1,False,none,Discourse particles,,,0.2069664001464843,60.7789893319013,5.577175617218018,5.784142017364502,True
SENT_5008,SENT,PNN,replace,0,bọn,tụi,1,1,False,none,Pronouns,,,-0.1473746299743652,-36.22015303702932,5.577175617218018,5.429800987243652,True
SENT_5008,SENT,PNT1,replace,0,ngáo,dở,1,1,False,none,Predicate vocabulary,,,0.1115655899047851,31.197387822011535,5.577175617218018,5.688741207122803,True
SENT_5008,SENT,PNT1,replace,1,người,đứa,1,1,False,none,Predicate vocabulary,,,0.1115655899047851,31.197387822011535,5.577175617218018,5.688741207122803,True
SENT_5008,SENT,PNT2,replace,0,này,ni,1,1,True,dialect_phrase,Demonstratives/Deixis,này,HaTinh_QB_QT; NgheAn,1.020418643951416,469.00486933850505,5.577175617218018,6.597594261169434,True
SENT_5008,SENT,PNT2,replace,1,nó,hấn,1,1,True,standard_word,Pronouns,hắn; nghị,HaTinh_QB_QT,1.020418643951416,469.00486933850505,5.577175617218018,6.597594261169434,True
SENT_5008,SENT,PNT3,replace,0,này,ni,1,1,True,dialect_phrase,Demonstratives/Deixis,này,HaTinh_QB_QT; Hue,1.6530208587646484,1116.169712933229,5.577175617218018,7.230196475982666,True
SENT_5008,SENT,PNT3,replace,1,nó,hắn,1,1,True,dialect_phrase,Pronouns,nó,HaTinh_QB_QT; Hue,1.6530208587646484,1116.169712933229,5.577175617218018,7.230196475982666,True
SENT_5008,SENT,PNT3,replace,2,hả,à,1,1,False,none,Discourse particles,,,1.6530208587646484,1116.169712933229,5.577175617218018,7.230196475982666,True
SENT_5008,SENT,PNT4,replace,0,bọn,tụi,1,1,False,none,Pronouns,,,0.6781420707702637,256.4507940079891,5.577175617218018,6.255317687988281,True
SENT_5008,SENT,PNT4,replace,1,này,ni,1,1,True,dialect_phrase,Demonstratives/Deixis,này,QuangNam,0.6781420707702637,256.4507940079891,5.577175617218018,6.255317687988281,True
SENT_5008,SENT,PNT4,replace,2,người,thằng,1,1,False,none,Predicate vocabulary,,,0.6781420707702637,256.4507940079891,5.577175617218018,6.255317687988281,True
SENT_5008,SENT,PNT4,replace,3,nó,hắn,1,1,True,standard_word,Pronouns,hén; nó,PhuYen; QuangNam; QuangNgai,0.6781420707702637,256.4507940079891,5.577175617218018,6.255317687988281,True
SENT_5017,SENT,PNN,replace,0,bố mẹ,ba má,2,2,False,none,Kinship/Honorific terms,,,0.4151148796081543,54.79502567421679,4.66807222366333,5.083187103271484,True
SENT_5017,SENT,PNN,replace,1,như thế nào,ra sao,3,2,False,none,Interrogatives,,,0.4151148796081543,54.79502567421679,4.66807222366333,5.083187103271484,True
SENT_5017,SENT,PNN,replace,2,chúng,tụi,1,1,False,none,Pronouns,,,0.4151148796081543,54.79502567421679,4.66807222366333,5.083187103271484,True
SENT_5017,SENT,PNN,replace,3,không,hông,1,1,True,dialect_phrase,Negation/Function words,không,NamBo,0.4151148796081543,54.79502567421679,4.66807222366333,5.083187103271484,True
SENT_5017,SENT,PNT1,replace,0,mày,mi,1,1,False,none,Pronouns,,,0.3187694549560547,39.98083193819707,4.66807222366333,4.986841678619385,True
SENT_5017,SENT,PNT1,replace,1,mày,mi,1,1,False,none,Pronouns,,,0.3187694549560547,39.98083193819707,4.66807222366333,4.986841678619385,True
SENT_5017,SENT,PNT2,replace,0,thế nào,răng,2,1,True,dialect_phrase,Interrogatives,sao / thế nào,HaTinh_QB_QT; NgheAn,0.4233975410461426,56.136461242202216,4.66807222366333,5.091469764709473,True
SENT_5017,SENT,PNT2,replace,1,gì,chi,1,1,True,dialect_phrase,Interrogatives,gì,HaTinh_QB_QT; NgheAn,0.4233975410461426,56.136461242202216,4.66807222366333,5.091469764709473,True
SENT_5017,SENT,PNT3,replace,0,ngu,đần,1,1,False,none,Predicate vocabulary,,,1.482868194580078,362.6661333089584,4.66807222366333,6.150940418243408,True
SENT_5017,SENT,PNT3,replace,1,bố mẹ,bọ mạ,2,2,False,none,Kinship/Honorific terms,,,1.482868194580078,362.6661333089584,4.66807222366333,6.150940418243408,True
SENT_5017,SENT,PNT3,replace,2,như thế nào,in răng,3,2,False,none,Interrogatives,,,1.482868194580078,362.6661333089584,4.66807222366333,6.150940418243408,True
SENT_5017,SENT,PNT3,replace,3,chăng nữa,nựa,2,1,False,none,Connectives/Aspect markers,,,1.482868194580078,362.6661333089584,4.66807222366333,6.150940418243408,True
SENT_5017,SENT,PNT3,replace,4,mày,mi,1,1,True,dialect_phrase,Pronouns,mày,HaTinh_QB_QT; Hue,1.482868194580078,362.6661333089584,4.66807222366333,6.150940418243408,True
SENT_5017,SENT,PNT3,replace,5,chúng mày lớn khôn lớn,bây nậy nậy,5,3,False,none,Predicate vocabulary,,,1.482868194580078,362.6661333089584,4.66807222366333,6.150940418243408,True
SENT_5017,SENT,PNT3,replace,6,không,nỏ,1,1,True,dialect_phrase,Negation/Function words,không,HaTinh_QB_QT,1.482868194580078,362.6661333089584,4.66807222366333,6.150940418243408,True
SENT_5017,SENT,PNT3,replace,7,gì,cấy chi,1,2,True,standard_word,Interrogatives,chi,HaTinh_QB_QT; Hue,1.482868194580078,362.6661333089584,4.66807222366333,6.150940418243408,True
SENT_5017,SENT,PNT4,replace,0,bố,ba,1,1,True,dialect_phrase,Kinship/Honorific terms,bố,QuangNam; QuangNgai,0.9665980339050292,173.47433404210736,4.66807222366333,5.634670257568359,True
SENT_5017,SENT,PNT4,replace,1,như thế nào,ra ren,3,2,False,none,Interrogatives,,,0.9665980339050292,173.47433404210736,4.66807222366333,5.634670257568359,True
SENT_5017,SENT,PNT4,replace,2,mày,mi,1,1,True,dialect_phrase,Pronouns,mày,QuangNam,0.9665980339050292,173.47433404210736,4.66807222366333,5.634670257568359,True
SENT_5017,SENT,PNT4,replace,3,chúng mày,tụi bây,2,2,True,standard_word,Pronouns,tụi mi; tụi mày,PhuYen; QuangNam; QuangNgai,0.9665980339050292,173.47433404210736,4.66807222366333,5.634670257568359,True
SENT_5017,SENT,PNT4,replace,4,gì,chi,1,1,True,dialect_phrase,Interrogatives,gì,QuangNam,0.9665980339050292,173.47433404210736,4.66807222366333,5.634670257568359,True
SENT_5154,SENT,PNN,replace,0,đấy,đó,1,1,True,dialect_phrase,Demonstratives/Deixis,kia; ấy / đó,NamBo,0.27254319190979,15.10859237591066,3.87585711479187,4.14840030670166,True
SENT_5154,SENT,PNN,replace,1,không,hông,1,1,True,dialect_phrase,Negation/Function words,không,NamBo,0.27254319190979,15.10859237591066,3.87585711479187,4.14840030670166,True
SENT_5154,SENT,PNN,replace,2,thế,vậy,1,1,True,dialect_phrase,Demonstratives/Deixis,thế này / vậy; vậy / thế,NamBo,0.27254319190979,15.10859237591066,3.87585711479187,4.14840030670166,True
SENT_5154,SENT,PNT1,replace,0,thế,di,1,1,False,none,Demonstratives/Deixis,,,0.3862683773040771,22.73663547934595,3.87585711479187,4.262125492095947,True
SENT_5154,SENT,PNT2,replace,0,sao,răng,1,1,True,dialect_phrase,Interrogatives,sao / thế nào,HaTinh_QB_QT; NgheAn,0.838092565536499,63.267633685900705,3.87585711479187,4.713949680328369,True
SENT_5154,SENT,PNT2,replace,1,làm thế,mần rứa,2,2,False,none,Demonstratives/Deixis,,,0.838092565536499,63.267633685900705,3.87585711479187,4.713949680328369,True
SENT_5154,SENT,PNT3,replace,0,đấy,đó,1,1,True,standard_word,Discourse particles,đỏ,HaTinh_QB_QT,1.7387077808380127,226.16994910734903,3.87585711479187,5.614564895629883,True
SENT_5154,SENT,PNT3,replace,1,không nhỉ,khung hè,2,2,False,none,Negation/Function words,,,1.7387077808380127,226.16994910734903,3.87585711479187,5.614564895629883,True
SENT_5154,SENT,PNT3,replace,2,sao,răng,1,1,True,dialect_phrase,Interrogatives,sao / thế nào,HaTinh_QB_QT; Hue,1.7387077808380127,226.16994910734903,3.87585711479187,5.614564895629883,True
SENT_5154,SENT,PNT3,replace,3,làm thế,mần rứa,2,2,False,none,Demonstratives/Deixis,,,1.7387077808380127,226.16994910734903,3.87585711479187,5.614564895629883,True
SENT_5154,SENT,PNT4,replace,0,đấy,nớ,1,1,True,dialect_phrase,Demonstratives/Deixis,ấy / đó,QuangNam,1.6047194004058838,191.7610084145648,3.87585711479187,5.480576515197754,True
SENT_5154,SENT,PNT4,replace,1,sao,răng,1,1,True,standard_word,Interrogatives,ren; sao; sô,PhuYen; QuangNam; QuangNgai,1.6047194004058838,191.7610084145648,3.87585711479187,5.480576515197754,True
SENT_5251,SENT,PNB,replace,0,ly,cốc,1,1,False,none,Predicate vocabulary,,,-0.5429401397705078,-121.80461575459536,5.672391891479492,5.129451751708984,True
SENT_5251,SENT,PNB,replace,1,phì,béo,1,1,False,none,Predicate vocabulary,,,-0.5429401397705078,-121.80461575459536,5.672391891479492,5.129451751708984,True
SENT_5251,SENT,PNN,replace,0,không khiến,hông làm,2,2,False,none,Negation/Function words,,,-0.29058837890625,-73.31506486077555,5.672391891479492,5.381803512573242,True
SENT_5251,SENT,PNN,replace,1,phì,mập,1,1,False,none,Predicate vocabulary,,,-0.29058837890625,-73.31506486077555,5.672391891479492,5.381803512573242,True
SENT_5251,SENT,PNT1,replace,0,mày phì đâu,mi béo mô,3,3,False,none,Interrogatives,,,0.3146891593933105,107.52134305467392,5.672391891479492,5.987081050872803,True
SENT_5251,SENT,PNT2,replace,0,không,nỏ,1,1,True,dialect_phrase,Negation/Function words,không,HaTinh_QB_QT; NgheAn,0.3686490058898926,129.60123214126844,5.672391891479492,6.041040897369385,True
SENT_5251,SENT,PNT2,replace,1,đâu,mô,1,1,True,dialect_phrase,Interrogatives; Negation/Function words,đâu (phủ định); đâu / nào,HaTinh_QB_QT; NgheAn,0.3686490058898926,129.60123214126844,5.672391891479492,6.041040897369385,False
SENT_5251,SENT,PNT3,replace,0,chứ,chơ,1,1,True,dialect_phrase,Connectives/Aspect markers,chứ,HaTinh_QB_QT,1.2235140800476074,697.491523272216,5.672391891479492,6.8959059715271,True
SENT_5251,SENT,PNT3,replace,1,bữa,bựa,1,1,False,none,Orthographic variant,,,1.2235140800476074,697.491523272216,5.672391891479492,6.8959059715271,False
SENT_5251,SENT,PNT3,replace,2,không,nỏ,1,1,True,dialect_phrase,Negation/Function words,không,HaTinh_QB_QT,1.2235140800476074,697.491523272216,5.672391891479492,6.8959059715271,True
SENT_5251,SENT,PNT3,replace,3,mày,mi,1,1,True,dialect_phrase,Pronouns,mày,HaTinh_QB_QT; Hue,1.2235140800476074,697.491523272216,5.672391891479492,6.8959059715271,True
SENT_5251,SENT,PNT3,replace,4,đâu,mô,1,1,True,dialect_phrase,Interrogatives; Negation/Function words,đâu (phủ định); đâu / nào,HaTinh_QB_QT; Hue,1.2235140800476074,697.491523272216,5.672391891479492,6.8959059715271,False
SENT_5251,SENT,PNT4,replace,0,khiến,làm,1,1,True,dialect_phrase,Predicate vocabulary,làm,PhuYen; QuangNam; QuangNgai,-0.1303496360778808,-35.53044740321704,5.672391891479492,5.542042255401611,True
SENT_5315,SENT,PNB,replace,0,mẹ,mụ,1,1,True,standard_word,Kinship/Honorific terms,mẹ,BacBo,-0.1959223747253418,-55.22174077181279,5.73775577545166,5.541833400726318,True
SENT_5315,SENT,PNB,replace,1,ỉ,ỷ,1,1,False,none,Orthographic variant,,,-0.1959223747253418,-55.22174077181279,5.73775577545166,5.541833400726318,False
SENT_5315,SENT,PNB,replace,2,khoá,khóa,1,1,False,none,Orthographic variant,,,-0.1959223747253418,-55.22174077181279,5.73775577545166,5.541833400726318,False
SENT_5315,SENT,PNB,replace,3,đó,đấy,1,1,True,standard_word,Demonstratives/Deixis,ấy,BacBo,-0.1959223747253418,-55.22174077181279,5.73775577545166,5.541833400726318,True
SENT_5315,SENT,PNB,replace,4,bả,bà,1,1,True,dialect_phrase,Kinship/Honorific terms,bà,BacBo,-0.1959223747253418,-55.22174077181279,5.73775577545166,5.541833400726318,True
SENT_5315,SENT,PNB,replace,5,con mẹ,mụ,2,1,False,none,Kinship/Honorific terms,,,-0.1959223747253418,-55.22174077181279,5.73775577545166,5.541833400726318,True
SENT_5315,SENT,PNB,replace,6,chớ,chứ,1,1,False,none,Discourse particles,,,-0.1959223747253418,-55.22174077181279,5.73775577545166,5.541833400726318,True
SENT_5315,SENT,PNN,replace,0,mẹ,má,1,1,False,none,Kinship/Honorific terms,,,0.1115546226501464,36.62791418240232,5.73775577545166,5.849310398101807,True
SENT_5315,SENT,PNN,replace,1,ném,quăng,1,1,False,none,Predicate vocabulary,,,0.1115546226501464,36.62791418240232,5.73775577545166,5.849310398101807,True
SENT_5315,SENT,PNN,replace,2,thật,thiệt,1,1,True,dialect_phrase,Connectives/Aspect markers,thật,NamBo,0.1115546226501464,36.62791418240232,5.73775577545166,5.849310398101807,True
SENT_5315,SENT,PNN,replace,3,nhặt xem,lượm coi,2,2,False,none,Predicate vocabulary,,,0.1115546226501464,36.62791418240232,5.73775577545166,5.849310398101807,True
SENT_5315,SENT,PNN,replace,4,gọi,kêu,1,1,True,dialect_phrase,Predicate vocabulary,gọi,NamBo,0.1115546226501464,36.62791418240232,5.73775577545166,5.849310398101807,True
SENT_5315,SENT,PNN,replace,5,không,hông,1,1,True,dialect_phrase,Negation/Function words,không,NamBo,0.1115546226501464,36.62791418240232,5.73775577545166,5.849310398101807,True
SENT_5315,SENT,PNN,replace,6,mẹ,má,1,1,False,none,Kinship/Honorific terms,,,0.1115546226501464,36.62791418240232,5.73775577545166,5.849310398101807,True
SENT_5315,SENT,PNN,replace,7,thật,thiệt,1,1,True,dialect_phrase,Connectives/Aspect markers,thật,NamBo,0.1115546226501464,36.62791418240232,5.73775577545166,5.849310398101807,True
SENT_5315,SENT,PNT1,replace,0,tao,tau,1,1,True,standard_word,Pronouns,choa,ThanhHoa,0.2050108909606933,70.62044283038915,5.73775577545166,5.9427666664123535,True
SENT_5315,SENT,PNT1,replace,1,tao tao,tau tau,2,2,False,none,Pronouns,,,0.2050108909606933,70.62044283038915,5.73775577545166,5.9427666664123535,True
SENT_5315,SENT,PNT1,replace,2,moá,mẹ,1,1,False,none,Kinship/Honorific terms,,,0.2050108909606933,70.62044283038915,5.73775577545166,5.9427666664123535,True
SENT_5315,SENT,PNT2,replace,0,tao,tau,1,1,True,dialect_phrase,Pronouns,tao,HaTinh_QB_QT,0.3807730674743652,143.82891372450752,5.73775577545166,6.118528842926025,True
SENT_5315,SENT,PNT2,replace,1,tao tao,tau tau,2,2,False,none,Pronouns,,,0.3807730674743652,143.82891372450752,5.73775577545166,6.118528842926025,True
SENT_5315,SENT,PNT2,replace,2,này,ni,1,1,True,dialect_phrase,Demonstratives/Deixis,này,HaTinh_QB_QT; NgheAn,0.3807730674743652,143.82891372450752,5.73775577545166,6.118528842926025,True
SENT_5315,SENT,PNT3,replace,0,tao ghét,tau két,2,2,False,none,Pronouns,,,0.049631118774414,15.792524903799745,5.73775577545166,5.787386894226074,True
SENT_5315,SENT,PNT3,replace,1,mẹ,mạ,1,1,True,dialect_phrase,Kinship/Honorific terms,mẹ,HaTinh_QB_QT,0.049631118774414,15.792524903799745,5.73775577545166,5.787386894226074,True
SENT_5315,SENT,PNT3,replace,2,mình,mềng,1,1,False,none,Pronouns,,,0.049631118774414,15.792524903799745,5.73775577545166,5.787386894226074,True
SENT_5315,SENT,PNT3,replace,3,thật,đại,1,1,True,standard_word,Connectives/Aspect markers,thiệt,HaTinh_QB_QT,0.049631118774414,15.792524903799745,5.73775577545166,5.787386894226074,True
SENT_5315,SENT,PNT3,replace,4,xem,coi,1,1,True,dialect_phrase,Predicate vocabulary,xem,HaTinh_QB_QT,0.049631118774414,15.792524903799745,5.73775577545166,5.787386894226074,True
SENT_5315,SENT,PNT3,replace,5,đó gọi,nớ kêu,2,2,False,none,Demonstratives/Deixis,,,0.049631118774414,15.792524903799745,5.73775577545166,5.787386894226074,True
SENT_5315,SENT,PNT3,replace,6,bả,mệ,1,1,True,dialect_phrase,Kinship/Honorific terms,bà,HaTinh_QB_QT; Hue,0.049631118774414,15.792524903799745,5.73775577545166,5.787386894226074,True
SENT_5315,SENT,PNT3,replace,7,moá,mạ,1,1,True,dialect_phrase,Kinship/Honorific terms,mẹ,HaTinh_QB_QT,0.049631118774414,15.792524903799745,5.73775577545166,5.787386894226074,True
SENT_5315,SENT,PNT3,replace,8,không muốn,nỏ ưng,2,2,False,none,Negation/Function words,,,0.049631118774414,15.792524903799745,5.73775577545166,5.787386894226074,True
SENT_5315,SENT,PNT3,replace,9,mẹ già,mạ tra,2,2,False,none,Kinship/Honorific terms,,,0.049631118774414,15.792524903799745,5.73775577545166,5.787386894226074,True
SENT_5315,SENT,PNT3,replace,10,này,ni,1,1,True,dialect_phrase,Demonstratives/Deixis,này,HaTinh_QB_QT; Hue,0.049631118774414,15.792524903799745,5.73775577545166,5.787386894226074,True
SENT_5315,SENT,PNT3,replace,11,thật chớ,thiệt chơ,2,2,False,none,Predicate vocabulary,,,0.049631118774414,15.792524903799745,5.73775577545166,5.787386894226074,True
SENT_5315,SENT,PNT4,replace,0,tao,ta,1,1,True,dialect_phrase,Pronouns,tao; tôi,QuangNam,0.3231129646301269,118.38065011437908,5.73775577545166,6.060868740081787,True
SENT_5315,SENT,PNT4,replace,1,toét,lếu,1,1,False,none,Predicate vocabulary,,,0.3231129646301269,118.38065011437908,5.73775577545166,6.060868740081787,True
SENT_5315,SENT,PNT4,replace,2,tao tao,ta ta,2,2,False,none,Pronouns,,,0.3231129646301269,118.38065011437908,5.73775577545166,6.060868740081787,True
SENT_5315,SENT,PNT4,replace,3,ném,quăng,1,1,False,none,Predicate vocabulary,,,0.3231129646301269,118.38065011437908,5.73775577545166,6.060868740081787,True
SENT_5315,SENT,PNT4,replace,4,thật,thiệt,1,1,False,none,Predicate vocabulary,,,0.3231129646301269,118.38065011437908,5.73775577545166,6.060868740081787,True
SENT_5315,SENT,PNT4,replace,5,nhặt xem,lượm coi,2,2,False,none,Predicate vocabulary,,,0.3231129646301269,118.38065011437908,5.73775577545166,6.060868740081787,True
SENT_5315,SENT,PNT4,replace,6,gì,chi,1,1,True,dialect_phrase,Interrogatives,gì,QuangNam,0.3231129646301269,118.38065011437908,5.73775577545166,6.060868740081787,True
SENT_5315,SENT,PNT4,replace,7,này,ni,1,1,True,dialect_phrase,Demonstratives/Deixis,này,QuangNam,0.3231129646301269,118.38065011437908,5.73775577545166,6.060868740081787,True
SENT_5315,SENT,PNT4,replace,8,thật,thiệt,1,1,False,none,Predicate vocabulary,,,0.3231129646301269,118.38065011437908,5.73775577545166,6.060868740081787,True
SENT_5360,SENT,PNB,replace,0,nhỏ,bé,1,1,True,standard_word,Predicate vocabulary,nhỏ,BacBo,-0.5892772674560547,-87.002900512021,5.2750115394592285,4.685734272003174,True
SENT_5360,SENT,PNN,replace,0,không,hông,1,1,True,dialect_phrase,Negation/Function words,không,NamBo,0.2670316696166992,59.80616059727953,5.2750115394592285,5.542043209075928,True
SENT_5360,SENT,PNN,replace,1,lúc,hồi,1,1,False,none,Connectives/Aspect markers,,,0.2670316696166992,59.80616059727953,5.2750115394592285,5.542043209075928,True
SENT_5360,SENT,PNN,replace,2,được,đặng,1,1,False,none,Connectives/Aspect markers,,,0.2670316696166992,59.80616059727953,5.2750115394592285,5.542043209075928,True
SENT_5360,SENT,PNN,replace,3,bố mẹ,ba má,2,2,False,none,Kinship/Honorific terms,,,0.2670316696166992,59.80616059727953,5.2750115394592285,5.542043209075928,True
SENT_5360,SENT,PNN,replace,4,vào,vô,1,1,False,none,Connectives/Aspect markers,,,0.2670316696166992,59.80616059727953,5.2750115394592285,5.542043209075928,True
SENT_5360,SENT,PNT2,replace,0,không,nỏ,1,1,True,dialect_phrase,Negation/Function words,không,HaTinh_QB_QT; NgheAn,0.8155384063720703,246.27150454895536,5.2750115394592285,6.090549945831299,True
SENT_5360,SENT,PNT2,replace,1,cái,cấy,1,1,True,dialect_phrase,Negation/Function words,cái,HaTinh_QB_QT; NgheAn,0.8155384063720703,246.27150454895536,5.2750115394592285,6.090549945831299,True
SENT_5360,SENT,PNT2,replace,2,gì,chi,1,1,True,dialect_phrase,Interrogatives,gì,HaTinh_QB_QT; NgheAn,0.8155384063720703,246.27150454895536,5.2750115394592285,6.090549945831299,True
SENT_5360,SENT,PNT2,replace,3,gì,chi,1,1,True,dialect_phrase,Interrogatives,gì,HaTinh_QB_QT; NgheAn,0.8155384063720703,246.27150454895536,5.2750115394592285,6.090549945831299,True
SENT_5360,SENT,PNT2,replace,4,giờ nó,dừ hấn,2,2,False,none,Predicate vocabulary,,,0.8155384063720703,246.27150454895536,5.2750115394592285,6.090549945831299,True
SENT_5360,SENT,PNT2,replace,5,nó,hấn,1,1,True,standard_word,Pronouns,hắn; nghị,HaTinh_QB_QT,0.8155384063720703,246.27150454895536,5.2750115394592285,6.090549945831299,True
SENT_5360,SENT,PNT2,replace,6,mẹ,mệ,1,1,True,dialect_phrase,Kinship/Honorific terms,bà,HaTinh_QB_QT; NgheAn,0.8155384063720703,246.27150454895536,5.2750115394592285,6.090549945831299,True
SENT_5360,SENT,PNT2,replace,7,nó vào,hấn vô,2,2,False,none,Predicate vocabulary,,,0.8155384063720703,246.27150454895536,5.2750115394592285,6.090549945831299,True
SENT_5360,SENT,PNT3,replace,0,không,khung,1,1,True,standard_word,Negation/Function words,nỏ,HaTinh_QB_QT,0.5427312850952148,140.81957512280138,5.2750115394592285,5.817742824554443,True
SENT_5360,SENT,PNT3,replace,1,cái,kì,1,1,True,dialect_phrase,Negation/Function words,cái,HaTinh_QB_QT,0.5427312850952148,140.81957512280138,5.2750115394592285,5.817742824554443,True
SENT_5360,SENT,PNT3,replace,2,gì,chi,1,1,True,dialect_phrase,Interrogatives,gì; sao / thế nào,HaTinh_QB_QT; Hue,0.5427312850952148,140.81957512280138,5.2750115394592285,5.817742824554443,True
SENT_5360,SENT,PNT3,replace,3,gì,chi,1,1,True,dialect_phrase,Interrogatives,gì; sao / thế nào,HaTinh_QB_QT; Hue,0.5427312850952148,140.81957512280138,5.2750115394592285,5.817742824554443,True
SENT_5360,SENT,PNT3,replace,4,bây giờ nó,bựa chừ hắn,3,3,False,none,Demonstratives/Deixis,,,0.5427312850952148,140.81957512280138,5.2750115394592285,5.817742824554443,True
SENT_5360,SENT,PNT3,replace,5,nó,hắn,1,1,True,dialect_phrase,Pronouns,nó,HaTinh_QB_QT; Hue,0.5427312850952148,140.81957512280138,5.2750115394592285,5.817742824554443,True
SENT_5360,SENT,PNT3,replace,6,đợi lớn,chơ mài bựa nậy,2,4,False,none,Demonstratives/Deixis,,,0.5427312850952148,140.81957512280138,5.2750115394592285,5.817742824554443,True
SENT_5360,SENT,PNT3,replace,7,bố mẹ,bọ mạ,2,2,False,none,Kinship/Honorific terms,,,0.5427312850952148,140.81957512280138,5.2750115394592285,5.817742824554443,True
SENT_5360,SENT,PNT3,replace,8,nhìn nó vào,ngó hắn vô,3,3,False,none,Pronouns,,,0.5427312850952148,140.81957512280138,5.2750115394592285,5.817742824554443,True
SENT_5360,SENT,PNT4,replace,0,gì,chi,1,1,True,dialect_phrase,Interrogatives,gì,QuangNam,0.3869047164916992,92.30668917227509,5.2750115394592285,5.661916255950928,True
SENT_5360,SENT,PNT4,replace,1,gì,chi,1,1,True,dialect_phrase,Interrogatives,gì,QuangNam,0.3869047164916992,92.30668917227509,5.2750115394592285,5.661916255950928,True
SENT_5360,SENT,PNT4,replace,2,giờ,chừ,1,1,True,dialect_phrase,Negation/Function words,bây giờ,QuangNam,0.3869047164916992,92.30668917227509,5.2750115394592285,5.661916255950928,True
SENT_5360,SENT,PNT4,replace,3,lúc,hồi,1,1,False,none,Connectives/Aspect markers,,,0.3869047164916992,92.30668917227509,5.2750115394592285,5.661916255950928,True
SENT_5360,SENT,PNT4,replace,4,vào,vô,1,1,False,none,Connectives/Aspect markers,,,0.3869047164916992,92.30668917227509,5.2750115394592285,5.661916255950928,True
SENT_5407,SENT,PNB,replace,0,dí,đuổi,1,1,False,none,Predicate vocabulary,,,0.0867414474487304,9.307381494311729,4.631947040557861,4.718688488006592,True
SENT_5407,SENT,PNB,replace,1,dí,đuổi,1,1,False,none,Predicate vocabulary,,,0.0867414474487304,9.307381494311729,4.631947040557861,4.718688488006592,True
SENT_5407,SENT,PNN,replace,0,mẹ,má,1,1,False,none,Kinship/Honorific terms,,,0.0196471214294433,2.037986358909336,4.631947040557861,4.651594161987305,True
SENT_5407,SENT,PNN,replace,1,vào,vô,1,1,False,none,Connectives/Aspect markers,,,0.0196471214294433,2.037986358909336,4.631947040557861,4.651594161987305,True
SENT_5407,SENT,PNN,replace,2,cả,nguyên,1,1,False,none,Negation/Function words,,,0.0196471214294433,2.037986358909336,4.631947040557861,4.651594161987305,True
SENT_5407,SENT,PNN,replace,3,lao,nhào,1,1,False,none,Predicate vocabulary,,,0.0196471214294433,2.037986358909336,4.631947040557861,4.651594161987305,True
SENT_5407,SENT,PNN,replace,4,khi,lúc,1,1,False,none,Connectives/Aspect markers,,,0.0196471214294433,2.037986358909336,4.631947040557861,4.651594161987305,True
SENT_5407,SENT,PNN,replace,5,không,hông,1,1,True,dialect_phrase,Negation/Function words,không,NamBo,0.0196471214294433,2.037986358909336,4.631947040557861,4.651594161987305,True
SENT_5407,SENT,PNN,replace,6,dí,rượt,1,1,False,none,Predicate vocabulary,,,0.0196471214294433,2.037986358909336,4.631947040557861,4.651594161987305,True
SENT_5407,SENT,PNN,replace,7,dí,rượt,1,1,False,none,Predicate vocabulary,,,0.0196471214294433,2.037986358909336,4.631947040557861,4.651594161987305,True
SENT_5407,SENT,PNN,replace,8,dí,rượt,1,1,False,none,Predicate vocabulary,,,0.0196471214294433,2.037986358909336,4.631947040557861,4.651594161987305,True
SENT_5407,SENT,PNT1,replace,0,chó,chóa,1,1,False,none,Orthographic variant,,,0.0467972755432128,4.920974762783246,4.631947040557861,4.678744316101074,False
SENT_5407,SENT,PNT1,replace,1,nó,nóa,1,1,False,none,Orthographic variant,,,0.0467972755432128,4.920974762783246,4.631947040557861,4.678744316101074,False
SENT_5407,SENT,PNT2,replace,0,mẹ,mệ,1,1,True,dialect_phrase,Kinship/Honorific terms,bà,HaTinh_QB_QT; NgheAn,0.0712990760803222,7.590796105988403,4.631947040557861,4.703246116638184,True
SENT_5407,SENT,PNT2,replace,1,vào,vô,1,1,False,none,Connectives/Aspect markers,,,0.0712990760803222,7.590796105988403,4.631947040557861,4.703246116638184,True
SENT_5407,SENT,PNT2,replace,2,nó,hấn,1,1,True,standard_word,Pronouns,hắn; nghị,HaTinh_QB_QT,0.0712990760803222,7.590796105988403,4.631947040557861,4.703246116638184,True
SENT_5407,SENT,PNT2,replace,3,nó,hấn,1,1,True,standard_word,Pronouns,hắn; nghị,HaTinh_QB_QT,0.0712990760803222,7.590796105988403,4.631947040557861,4.703246116638184,True
SENT_5407,SENT,PNT3,replace,0,vào,vô,1,1,False,none,Connectives/Aspect markers,,,-0.0911173820495605,-8.945293847847097,4.631947040557861,4.540829658508301,True
SENT_5407,SENT,PNT3,replace,1,nó,hắn,1,1,True,dialect_phrase,Pronouns,nó,HaTinh_QB_QT; Hue,-0.0911173820495605,-8.945293847847097,4.631947040557861,4.540829658508301,True
SENT_5407,SENT,PNT3,replace,2,nó,hắn,1,1,True,dialect_phrase,Pronouns,nó,HaTinh_QB_QT; Hue,-0.0911173820495605,-8.945293847847097,4.631947040557861,4.540829658508301,True
SENT_5407,SENT,PNT3,replace,3,má mấy mẻ,mà bọn hắn,3,3,False,none,Pronouns,,,-0.0911173820495605,-8.945293847847097,4.631947040557861,4.540829658508301,True
SENT_5407,SENT,PNT3,replace,4,không,chả,1,1,True,standard_word,Negation/Function words,nỏ,HaTinh_QB_QT,-0.0911173820495605,-8.945293847847097,4.631947040557861,4.540829658508301,True
SENT_5407,SENT,PNT4,replace,0,vào,vô,1,1,False,none,Connectives/Aspect markers,,,0.000765323638916,0.0786394317282486,4.631947040557861,4.632712364196777,True
SENT_5421,SENT,PNN,replace,0,bố mẹ,ba má,2,2,False,none,Kinship/Honorific terms,,,0.5022659301757812,78.76667196254327,4.793493270874023,5.295759201049805,True
SENT_5421,SENT,PNN,replace,1,xem,coi,1,1,False,none,Predicate vocabulary,,,0.5022659301757812,78.76667196254327,4.793493270874023,5.295759201049805,True
SENT_5421,SENT,PNN,replace,2,không,hông,1,1,True,dialect_phrase,Negation/Function words,không,NamBo,0.5022659301757812,78.76667196254327,4.793493270874023,5.295759201049805,True
SENT_5421,SENT,PNT1,replace,0,tao,tau,1,1,True,standard_word,Pronouns,choa,ThanhHoa,0.934152603149414,186.5227738211367,4.793493270874023,5.7276458740234375,True
SENT_5421,SENT,PNT1,replace,1,này,ni,1,1,True,dialect_phrase,Demonstratives/Deixis,này,ThanhHoa,0.934152603149414,186.5227738211367,4.793493270874023,5.7276458740234375,True
SENT_5421,SENT,PNT1,replace,2,tao,tau,1,1,True,standard_word,Pronouns,choa,ThanhHoa,0.934152603149414,186.5227738211367,4.793493270874023,5.7276458740234375,True
SENT_5421,SENT,PNT2,replace,0,này +,ni với,2,2,False,none,Demonstratives/Deixis,,,0.6930332183837891,120.69483480584655,4.793493270874023,5.4865264892578125,True
SENT_5421,SENT,PNT2,replace,1,nay,ni,1,1,True,dialect_phrase,Demonstratives/Deixis,này,HaTinh_QB_QT; NgheAn,0.6930332183837891,120.69483480584655,4.793493270874023,5.4865264892578125,True
SENT_5421,SENT,PNT2,replace,2,không,nỏ,1,1,True,dialect_phrase,Negation/Function words,không,HaTinh_QB_QT; NgheAn,0.6930332183837891,120.69483480584655,4.793493270874023,5.4865264892578125,True
SENT_5421,SENT,PNT3,replace,0,tao,tau,1,1,True,dialect_phrase,Pronouns,tao; tôi,HaTinh_QB_QT; Hue,1.2001385688781738,280.1455083670099,4.793493270874023,5.993631839752197,True
SENT_5421,SENT,PNT3,replace,1,này,ni,1,1,True,dialect_phrase,Demonstratives/Deixis,này,HaTinh_QB_QT; Hue,1.2001385688781738,280.1455083670099,4.793493270874023,5.993631839752197,True
SENT_5421,SENT,PNT3,replace,2,nay tao,ni tau,2,2,False,none,Pronouns,,,1.2001385688781738,280.1455083670099,4.793493270874023,5.993631839752197,True
SENT_5421,SENT,PNT3,replace,3,mất,luôn,1,1,False,none,Predicate vocabulary,,,1.2001385688781738,280.1455083670099,4.793493270874023,5.993631839752197,True
SENT_5421,SENT,PNT4,replace,0,bố,ba,1,1,True,dialect_phrase,Kinship/Honorific terms,bố,QuangNam; QuangNgai,1.054396629333496,225.78010497411384,4.793493270874023,5.8478899002075195,True
SENT_5421,SENT,PNT4,replace,1,tao,ta,1,1,True,dialect_phrase,Pronouns,tao; tôi,QuangNam,1.054396629333496,225.78010497411384,4.793493270874023,5.8478899002075195,True
SENT_5421,SENT,PNT4,replace,2,này,ni,1,1,True,dialect_phrase,Demonstratives/Deixis,này,QuangNam,1.054396629333496,225.78010497411384,4.793493270874023,5.8478899002075195,True
SENT_5421,SENT,PNT4,replace,3,nay tao,ni ta,2,2,False,none,Demonstratives/Deixis,,,1.054396629333496,225.78010497411384,4.793493270874023,5.8478899002075195,True
SENT_5421,SENT,PNT4,replace,4,mất,quá,1,1,False,none,Discourse particles,,,1.054396629333496,225.78010497411384,4.793493270874023,5.8478899002075195,True
SENT_5441,SENT,PNN,replace,0,mình,tui,1,1,True,dialect_phrase,Pronouns,tôi,NamBo,0.5338401794433594,77.6233276235022,4.700760364532471,5.23460054397583,True
SENT_5441,SENT,PNN,replace,1,vì đến,tại tới,2,2,False,none,Predicate vocabulary,,,0.5338401794433594,77.6233276235022,4.700760364532471,5.23460054397583,True
SENT_5441,SENT,PNN,replace,2,không,hông,1,1,True,dialect_phrase,Negation/Function words,không,NamBo,0.5338401794433594,77.6233276235022,4.700760364532471,5.23460054397583,True
SENT_5441,SENT,PNN,replace,3,bố,ba,1,1,False,none,Kinship/Honorific terms,,,0.5338401794433594,77.6233276235022,4.700760364532471,5.23460054397583,True
SENT_5441,SENT,PNN,replace,4,thế,vậy,1,1,True,dialect_phrase,Demonstratives/Deixis,thế này / vậy; vậy / thế,NamBo,0.5338401794433594,77.6233276235022,4.700760364532471,5.23460054397583,True
SENT_5441,SENT,PNN,replace,5,mắng,la,1,1,False,none,Predicate vocabulary,,,0.5338401794433594,77.6233276235022,4.700760364532471,5.23460054397583,True
SENT_5441,SENT,PNT2,replace,0,gái,gấy,1,1,False,none,Orthographic variant,,,0.5458393096923828,79.88857732683255,4.700760364532471,5.2465996742248535,False
SENT_5441,SENT,PNT2,replace,1,không,nỏ,1,1,True,dialect_phrase,Negation/Function words,không,HaTinh_QB_QT; NgheAn,0.5458393096923828,79.88857732683255,4.700760364532471,5.2465996742248535,True
SENT_5441,SENT,PNT2,replace,2,quát,nạt,1,1,False,none,Predicate vocabulary,,,0.5458393096923828,79.88857732683255,4.700760364532471,5.2465996742248535,True
SENT_5441,SENT,PNT2,replace,3,thế,rứa,1,1,True,dialect_phrase,Demonstratives/Deixis,vậy / thế,NgheAn,0.5458393096923828,79.88857732683255,4.700760364532471,5.2465996742248535,True
SENT_5441,SENT,PNT2,replace,4,nó,hấn,1,1,True,standard_word,Pronouns,hắn; nghị,HaTinh_QB_QT,0.5458393096923828,79.88857732683255,4.700760364532471,5.2465996742248535,True
SENT_5441,SENT,PNT3,replace,0,gái mình,cấy mềng,2,2,False,none,Pronouns,,,0.2744989395141601,34.755559797291255,4.700760364532471,4.975259304046631,True
SENT_5441,SENT,PNT3,replace,1,bữa không,bựa nỏ,2,2,False,none,Demonstratives/Deixis,,,0.2744989395141601,34.755559797291255,4.700760364532471,4.975259304046631,True
SENT_5441,SENT,PNT3,replace,2,du,ru,1,1,False,none,Orthographic variant,,,0.2744989395141601,34.755559797291255,4.700760364532471,4.975259304046631,False
SENT_5441,SENT,PNT3,replace,3,bố quát,bọ nạt,2,2,False,none,Kinship/Honorific terms,,,0.2744989395141601,34.755559797291255,4.700760364532471,4.975259304046631,True
SENT_5441,SENT,PNT3,replace,4,thế,rứa,1,1,True,standard_word,Demonstratives/Deixis,a rứa; như rứa,HaTinh_QB_QT; Hue,0.2744989395141601,34.755559797291255,4.700760364532471,4.975259304046631,True
SENT_5441,SENT,PNT3,replace,5,nó,hắn,1,1,True,dialect_phrase,Pronouns,nó,HaTinh_QB_QT; Hue,0.2744989395141601,34.755559797291255,4.700760364532471,4.975259304046631,True
SENT_5441,SENT,PNT3,replace,6,mắng,chưởi,1,1,True,dialect_phrase,Predicate vocabulary,mắng,HaTinh_QB_QT,0.2744989395141601,34.755559797291255,4.700760364532471,4.975259304046631,True
SENT_5441,SENT,PNT3,replace,7,đấy,đỏ,1,1,True,dialect_phrase,Discourse particles,ấy / đấy,HaTinh_QB_QT,0.2744989395141601,34.755559797291255,4.700760364532471,4.975259304046631,True
SENT_5441,SENT,PNT4,replace,0,mình,ta,1,1,True,dialect_phrase,Pronouns,tao; tôi,QuangNam,0.4022893905639648,54.49209333425793,4.700760364532471,5.1030497550964355,True
SENT_5441,SENT,PNT4,replace,1,du,ru,1,1,False,none,Orthographic variant,,,0.4022893905639648,54.49209333425793,4.700760364532471,5.1030497550964355,False
SENT_5441,SENT,PNT4,replace,2,phòng,buồng,1,1,False,none,Predicate vocabulary,,,0.4022893905639648,54.49209333425793,4.700760364532471,5.1030497550964355,True
SENT_5441,SENT,PNT4,replace,3,bố quát,ba nộ,2,2,False,none,Kinship/Honorific terms,,,0.4022893905639648,54.49209333425793,4.700760364532471,5.1030497550964355,True
SENT_5441,SENT,PNT4,replace,4,thế,rứa,1,1,True,standard_word,Demonstratives/Deixis,như dậy; như rứa; như vậy,PhuYen; QuangNam; QuangNgai,0.4022893905639648,54.49209333425793,4.700760364532471,5.1030497550964355,True
SENT_5441,SENT,PNT4,replace,5,nó,hắn,1,1,True,standard_word,Pronouns,hén; nó,PhuYen; QuangNam; QuangNgai,0.4022893905639648,54.49209333425793,4.700760364532471,5.1030497550964355,True
SENT_5441,SENT,PNT4,replace,6,lầm lì,hầm hầm,2,2,False,none,Predicate vocabulary,,,0.4022893905639648,54.49209333425793,4.700760364532471,5.1030497550964355,True
SENT_5441,SENT,PNT4,replace,7,mắng,la,1,1,True,standard_word,Predicate vocabulary,chử; chửi,QuangNam; QuangNgai,0.4022893905639648,54.49209333425793,4.700760364532471,5.1030497550964355,True
SENT_5441,SENT,PNT4,replace,8,đấy,đó,1,1,True,dialect_phrase,Demonstratives/Deixis,ấy / đó,PhuYen; QuangNgai,0.4022893905639648,54.49209333425793,4.700760364532471,5.1030497550964355,True
SENT_5456,SENT,PNB,replace,0,chạy,phóng,1,1,False,none,Predicate vocabulary,,,-0.1888566017150879,-23.246195080093997,4.905851364135742,4.716994762420654,True
SENT_5456,SENT,PNB,insert,1,,khúc,0,1,False,none,Unknown,,,-0.1888566017150879,-23.246195080093997,4.905851364135742,4.716994762420654,False
SENT_5456,SENT,PNB,replace,2,cảnh sát,công an,2,2,False,none,Predicate vocabulary,,,-0.1888566017150879,-23.246195080093997,4.905851364135742,4.716994762420654,True
SENT_5456,SENT,PNB,replace,3,chetme,chết khiếp,1,2,False,none,Noise/Non-linguistic,,,-0.1888566017150879,-23.246195080093997,4.905851364135742,4.716994762420654,False
SENT_5456,SENT,PNB,replace,4,không,chả,1,1,True,standard_word,Negation/Function words,không,BacBo,-0.1888566017150879,-23.246195080093997,4.905851364135742,4.716994762420654,True
SENT_5456,SENT,PNN,replace,0,trước,bữa,1,1,False,none,Predicate vocabulary,,,0.3964128494262695,65.71306770046982,4.905851364135742,5.302264213562012,True
SENT_5456,SENT,PNN,replace,1,nhanh,lẹ,1,1,True,dialect_phrase,Predicate vocabulary,nhanh,NamBo,0.3964128494262695,65.71306770046982,4.905851364135742,5.302264213562012,True
SENT_5456,SENT,PNN,replace,2,chạy,nhào,1,1,False,none,Predicate vocabulary,,,0.3964128494262695,65.71306770046982,4.905851364135742,5.302264213562012,True
SENT_5456,SENT,PNN,replace,3,vì,tại,1,1,False,none,Connectives/Aspect markers,,,0.3964128494262695,65.71306770046982,4.905851364135742,5.302264213562012,True
SENT_5456,SENT,PNN,replace,4,không,hông,1,1,True,dialect_phrase,Negation/Function words,không,NamBo,0.3964128494262695,65.71306770046982,4.905851364135742,5.302264213562012,True
SENT_5456,SENT,PNT1,replace,0,tao,tau,1,1,True,standard_word,Pronouns,choa,ThanhHoa,0.4375290870666504,74.14090854533711,4.905851364135742,5.343380451202393,True
SENT_5456,SENT,PNT1,replace,1,tao,tau,1,1,True,standard_word,Pronouns,choa,ThanhHoa,0.4375290870666504,74.14090854533711,4.905851364135742,5.343380451202393,True
SENT_5456,SENT,PNT1,replace,2,chetme,bome,1,1,False,none,Noise/Non-linguistic,,,0.4375290870666504,74.14090854533711,4.905851364135742,5.343380451202393,False
SENT_5456,SENT,PNT2,replace,0,không,nỏ,1,1,True,dialect_phrase,Negation/Function words,không,HaTinh_QB_QT; NgheAn,0.1084551811218261,15.473838254852922,4.905851364135742,5.014306545257568,True
SENT_5456,SENT,PNT3,replace,0,trước tao,bựa tau,2,2,False,none,Pronouns,,,1.289339542388916,355.3071922549325,4.905851364135742,6.195190906524658,True
SENT_5456,SENT,PNT3,replace,1,chơi,rượng,1,1,False,none,Predicate vocabulary,,,1.289339542388916,355.3071922549325,4.905851364135742,6.195190906524658,True
SENT_5456,SENT,PNT3,replace,2,đường,đàng,1,1,False,none,Orthographic variant,,,1.289339542388916,355.3071922549325,4.905851364135742,6.195190906524658,False
SENT_5456,SENT,PNT3,replace,3,nhanh vừa,mau bựa,2,2,False,none,Predicate vocabulary,,,1.289339542388916,355.3071922549325,4.905851364135742,6.195190906524658,True
SENT_5456,SENT,PNT3,replace,4,anh,eng,1,1,True,dialect_phrase,Kinship/Honorific terms,anh,HaTinh_QB_QT; Hue,1.289339542388916,355.3071922549325,4.905851364135742,6.195190906524658,True
SENT_5456,SENT,PNT3,replace,5,làm tao sợ chetme,mần tau hại chetma,4,4,False,none,Idiomatic expressions,,,1.289339542388916,355.3071922549325,4.905851364135742,6.195190906524658,True
SENT_5456,SENT,PNT3,replace,6,không,khung,1,1,True,standard_word,Negation/Function words,nỏ,HaTinh_QB_QT,1.289339542388916,355.3071922549325,4.905851364135742,6.195190906524658,True
SENT_5456,SENT,PNT4,replace,0,tao,ta,1,1,True,dialect_phrase,Pronouns,tao; tôi,QuangNam,0.2275772094726562,34.51973870558146,4.905851364135742,5.133428573608398,True
SENT_5521,SENT,PNN,replace,0,dí,rượt,1,1,False,none,Predicate vocabulary,,,0.2051882743835449,52.40086635365731,5.4384026527404785,5.643590927124023,True
SENT_5521,SENT,PNN,replace,1,dí,rượt,1,1,False,none,Predicate vocabulary,,,0.2051882743835449,52.40086635365731,5.4384026527404785,5.643590927124023,True
SENT_5521,SENT,PNT2,replace,0,tao,tau,1,1,True,dialect_phrase,Pronouns,tao,HaTinh_QB_QT,0.2794508934020996,74.17677939270231,5.4384026527404785,5.717853546142578,True
SENT_5521,SENT,PNT3,replace,0,tao,tau,1,1,True,dialect_phrase,Pronouns,tao; tôi,HaTinh_QB_QT; Hue,1.0286226272583008,413.49206560912074,5.4384026527404785,6.467025279998779,True
SENT_5521,SENT,PNT3,replace,1,nó,hắn,1,1,True,dialect_phrase,Pronouns,nó,HaTinh_QB_QT; Hue,1.0286226272583008,413.49206560912074,5.4384026527404785,6.467025279998779,True
SENT_5521,SENT,PNT3,replace,2,nó,hắn,1,1,True,dialect_phrase,Pronouns,nó,HaTinh_QB_QT; Hue,1.0286226272583008,413.49206560912074,5.4384026527404785,6.467025279998779,True
SENT_5521,SENT,PNT3,replace,3,nào,mô,1,1,True,dialect_phrase,Interrogatives; Negation/Function words,đâu (phủ định); đâu / nào,HaTinh_QB_QT; Hue,1.0286226272583008,413.49206560912074,5.4384026527404785,6.467025279998779,False
SENT_5521,SENT,PNT3,replace,4,cái,cấy,1,1,True,dialect_phrase,Negation/Function words,cái,HaTinh_QB_QT,1.0286226272583008,413.49206560912074,5.4384026527404785,6.467025279998779,True
SENT_5521,SENT,PNT4,replace,0,tao,ta,1,1,True,dialect_phrase,Pronouns,tao; tôi,QuangNam,0.5181412696838379,156.19844471129272,5.4384026527404785,5.956543922424316,True
SENT_5521,SENT,PNT4,replace,1,nào,mô,1,1,True,dialect_phrase,Interrogatives,đâu / nào,QuangNam,0.5181412696838379,156.19844471129272,5.4384026527404785,5.956543922424316,True
SENT_5531,SENT,PNN,replace,0,hôm,bữa,1,1,False,none,Predicate vocabulary,,,0.0657234191894531,10.005641125503304,4.992407321929932,5.058130741119385,True
SENT_5531,SENT,PNT1,replace,0,này,ni,1,1,True,dialect_phrase,Demonstratives/Deixis,này,ThanhHoa,2.9402599334716797,2639.559568366211,4.992407321929932,7.932667255401611,True
SENT_5531,SENT,PNT1,replace,1,nào,mô,1,1,True,dialect_phrase,Negation/Function words,đâu (phủ định),ThanhHoa,2.9402599334716797,2639.559568366211,4.992407321929932,7.932667255401611,True
SENT_5531,SENT,PNT1,replace,2,tao,tau,1,1,True,standard_word,Pronouns,choa,ThanhHoa,2.9402599334716797,2639.559568366211,4.992407321929932,7.932667255401611,True
SENT_5531,SENT,PNT2,replace,0,cái này,cấy ni,2,2,False,none,Demonstratives/Deixis,,,2.7033958435058594,2051.80876893221,4.992407321929932,7.695803165435791,True
SENT_5531,SENT,PNT2,replace,1,hôm nào,bựa mô,2,2,False,none,Interrogatives,,,2.7033958435058594,2051.80876893221,4.992407321929932,7.695803165435791,True
SENT_5531,SENT,PNT2,replace,2,tao,tau,1,1,True,dialect_phrase,Pronouns,tao,HaTinh_QB_QT,2.7033958435058594,2051.80876893221,4.992407321929932,7.695803165435791,True
SENT_5531,SENT,PNT3,replace,0,cái này,cấy ni,2,2,False,none,Demonstratives/Deixis,,,3.346065044403076,4034.406186012061,4.992407321929932,8.338472366333008,True
SENT_5531,SENT,PNT3,replace,1,nào,mô,1,1,True,dialect_phrase,Interrogatives; Negation/Function words,đâu (phủ định); đâu / nào,HaTinh_QB_QT; Hue,3.346065044403076,4034.406186012061,4.992407321929932,8.338472366333008,False
SENT_5531,SENT,PNT3,replace,2,tao,tau,1,1,True,dialect_phrase,Pronouns,tao; tôi,HaTinh_QB_QT; Hue,3.346065044403076,4034.406186012061,4.992407321929932,8.338472366333008,True
SENT_5531,SENT,PNT4,replace,0,này,ni,1,1,True,dialect_phrase,Demonstratives/Deixis,này,QuangNam,1.7737479209899902,720.6777702315679,4.992407321929932,6.766155242919922,True
SENT_5531,SENT,PNT4,replace,1,nào,mô,1,1,True,dialect_phrase,Interrogatives,đâu / nào,QuangNam,1.7737479209899902,720.6777702315679,4.992407321929932,6.766155242919922,True
MCQA_0002_4,MCQA,PNB,replace,0,trịu,trụi,1,1,False,none,Orthographic variant,,,-0.382807970046997,-3.9650935009539694,2.523056745529175,2.1402487754821777,False
MCQA_0002_4,MCQA,PNT1,replace,0,nào,mô,1,1,True,dialect_phrase,Negation/Function words,đâu (phủ định),ThanhHoa,-0.1039040088653564,-1.2303106986583128,2.523056745529175,2.4191527366638184,True
MCQA_0002_4,MCQA,PNT1,replace,1,trịu,trọi,1,1,False,none,Orthographic variant,,,-0.1039040088653564,-1.2303106986583128,2.523056745529175,2.4191527366638184,False
MCQA_0002_4,MCQA,PNT2,replace,0,nào chúng,mô mà,2,2,False,none,Noise/Non-linguistic,,,0.2436954975128173,3.440242474777513,2.523056745529175,2.766752243041992,False
MCQA_0002_4,MCQA,PNT2,replace,1,những,mấy cấy,1,2,False,none,Negation/Function words,,,0.2436954975128173,3.440242474777513,2.523056745529175,2.766752243041992,True
MCQA_0002_4,MCQA,PNT2,replace,2,trịu,trọi,1,1,False,none,Orthographic variant,,,0.2436954975128173,3.440242474777513,2.523056745529175,2.766752243041992,False
MCQA_0002_4,MCQA,PNT2,replace,3,hạ,hè,1,1,True,dialect_phrase,Discourse particles,nhỉ,HaTinh_QB_QT,0.2436954975128173,3.440242474777513,2.523056745529175,2.766752243041992,True
MCQA_0002_4,MCQA,PNT3,replace,0,nào,mô,1,1,True,dialect_phrase,Interrogatives; Negation/Function words,đâu (phủ định); đâu / nào,HaTinh_QB_QT; Hue,0.6212615966796875,10.73720714939298,2.523056745529175,3.1443183422088623,False
MCQA_0002_4,MCQA,PNT3,replace,1,thấy những,chộ mấy,2,2,False,none,Predicate vocabulary,,,0.6212615966796875,10.73720714939298,2.523056745529175,3.1443183422088623,True
MCQA_0002_4,MCQA,PNT3,replace,2,trịu,trụi,1,1,False,none,Orthographic variant,,,0.6212615966796875,10.73720714939298,2.523056745529175,3.1443183422088623,False
MCQA_0002_4,MCQA,PNT3,replace,3,xuân,xun,1,1,False,none,Orthographic variant,,,0.6212615966796875,10.73720714939298,2.523056745529175,3.1443183422088623,False
MCQA_0002_4,MCQA,PNT3,replace,4,hạ,hè,1,1,True,dialect_phrase,Discourse particles,nhỉ,HaTinh_QB_QT,0.6212615966796875,10.73720714939298,2.523056745529175,3.1443183422088623,True
MCQA_0002_4,MCQA,PNT4,replace,0,nào chúng ta,mô tụi mình,3,3,False,none,Interrogatives,,,-0.0395641326904296,-0.483602296608975,2.523056745529175,2.483492612838745,True
MCQA_0002_4,MCQA,PNT4,replace,1,những,mấy,1,1,False,none,Negation/Function words,,,-0.0395641326904296,-0.483602296608975,2.523056745529175,2.483492612838745,True
MCQA_0002_4,MCQA,PNT4,replace,2,trịu,trụi,1,1,False,none,Orthographic variant,,,-0.0395641326904296,-0.483602296608975,2.523056745529175,2.483492612838745,False
MCQA_0002_4,MCQA,PNT4,replace,3,hạ,hè,1,1,False,none,Predicate vocabulary,,,-0.0395641326904296,-0.483602296608975,2.523056745529175,2.483492612838745,True
MCQA_0004_3,MCQA,PNB,replace,0,ngưng,ngừng,1,1,False,none,Orthographic variant,,,-0.0816662311553955,-2.1776644345071077,3.323922872543335,3.2422566413879395,False
MCQA_0004_3,MCQA,PNB,replace,1,luyện,liệng,1,1,False,none,Noise/Non-linguistic,,,-0.0816662311553955,-2.1776644345071077,3.323922872543335,3.2422566413879395,False
MCQA_0004_3,MCQA,PNT1,replace,0,đã,đả,1,1,False,none,Orthographic variant,,,0.550304651260376,20.37642097724825,3.323922872543335,3.874227523803711,False
MCQA_0004_3,MCQA,PNT1,replace,1,gì,chi,1,1,False,none,Interrogatives,,,0.550304651260376,20.37642097724825,3.323922872543335,3.874227523803711,True
MCQA_0004_3,MCQA,PNT1,replace,2,luyện,liệng,1,1,False,none,Noise/Non-linguistic,,,0.550304651260376,20.37642097724825,3.323922872543335,3.874227523803711,False
MCQA_0004_3,MCQA,PNT1,replace,3,nữa,nửa,1,1,False,none,Orthographic variant,,,0.550304651260376,20.37642097724825,3.323922872543335,3.874227523803711,False
MCQA_0004_3,MCQA,PNT2,replace,0,đã làm gì,đạ mần chi,3,3,False,none,Interrogatives,,,0.6030638217926025,22.98473857261756,3.323922872543335,3.9269866943359375,True
MCQA_0004_3,MCQA,PNT2,replace,1,luyện,liệng,1,1,False,none,Noise/Non-linguistic,,,0.6030638217926025,22.98473857261756,3.323922872543335,3.9269866943359375,False
MCQA_0004_3,MCQA,PNT2,replace,2,nữa,nựa,1,1,False,none,Orthographic variant,,,0.6030638217926025,22.98473857261756,3.323922872543335,3.9269866943359375,False
MCQA_0004_3,MCQA,PNT3,replace,0,gì,chi,1,1,True,dialect_phrase,Interrogatives,gì; sao / thế nào,HaTinh_QB_QT; Hue,0.0818169116973877,2.3675103494100256,3.323922872543335,3.4057397842407227,True
MCQA_0004_3,MCQA,PNT3,replace,1,luyện,lượn,1,1,False,none,Orthographic variant,,,0.0818169116973877,2.3675103494100256,3.323922872543335,3.4057397842407227,False
MCQA_0004_3,MCQA,PNT4,replace,0,gì,chi,1,1,True,dialect_phrase,Interrogatives,gì,QuangNam,0.1354823112487793,4.028985190334776,3.323922872543335,3.4594051837921143,True
MCQA_0004_3,MCQA,PNT4,replace,1,luyện,liệng,1,1,False,none,Noise/Non-linguistic,,,0.1354823112487793,4.028985190334776,3.323922872543335,3.4594051837921143,False
MCQA_0010_1,MCQA,PNB,replace,0,cha,bố,1,1,True,dialect_phrase,Kinship/Honorific terms,bố,BacBo,-0.1399905681610107,-4.802738447652832,3.604545354843139,3.464554786682129,True
MCQA_0010_1,MCQA,PNB,replace,1,cha,bố,1,1,True,dialect_phrase,Kinship/Honorific terms,bố,BacBo,-0.1399905681610107,-4.802738447652832,3.604545354843139,3.464554786682129,True
MCQA_0010_1,MCQA,PNB,replace,2,xuể,hết,1,1,False,none,Predicate vocabulary,,,-0.1399905681610107,-4.802738447652832,3.604545354843139,3.464554786682129,True
MCQA_0010_1,MCQA,PNN,delete,0,vì,,1,0,False,none,Unknown,,,0.7152807712554932,38.41059104470486,3.604545354843139,4.319826126098633,False
MCQA_0010_1,MCQA,PNN,replace,1,cha,ba,1,1,False,none,Kinship/Honorific terms,,,0.7152807712554932,38.41059104470486,3.604545354843139,4.319826126098633,True
MCQA_0010_1,MCQA,PNN,insert,2,,mấy con,0,2,False,none,Unknown,,,0.7152807712554932,38.41059104470486,3.604545354843139,4.319826126098633,False
MCQA_0010_1,MCQA,PNN,replace,3,vì cha không,tại ba hổng,3,3,False,none,Kinship/Honorific terms,,,0.7152807712554932,38.41059104470486,3.604545354843139,4.319826126098633,True
MCQA_0010_1,MCQA,PNN,replace,4,vì bố,tại ba,2,2,False,none,Kinship/Honorific terms,,,0.7152807712554932,38.41059104470486,3.604545354843139,4.319826126098633,True
MCQA_0010_1,MCQA,PNN,replace,5,khác,ta,1,1,False,none,Noise/Non-linguistic,,,0.7152807712554932,38.41059104470486,3.604545354843139,4.319826126098633,False
MCQA_0010_1,MCQA,PNN,replace,6,vì,tại,1,1,False,none,Connectives/Aspect markers,,,0.7152807712554932,38.41059104470486,3.604545354843139,4.319826126098633,True
MCQA_0010_1,MCQA,PNN,replace,7,từ,hồi,1,1,False,none,Connectives/Aspect markers,,,0.7152807712554932,38.41059104470486,3.604545354843139,4.319826126098633,True
MCQA_0010_1,MCQA,PNN,insert,8,,rồi,0,1,False,none,Unknown,,,0.7152807712554932,38.41059104470486,3.604545354843139,4.319826126098633,False
MCQA_0010_1,MCQA,PNN,replace,9,vì,tại,1,1,False,none,Connectives/Aspect markers,,,0.7152807712554932,38.41059104470486,3.604545354843139,4.319826126098633,True
MCQA_0010_1,MCQA,PNN,insert,10,,chừng,0,1,False,none,Unknown,,,0.7152807712554932,38.41059104470486,3.604545354843139,4.319826126098633,False
MCQA_0010_1,MCQA,PNN,replace,11,không,hổng,1,1,True,standard_word,Negation/Function words,hông,NamBo,0.7152807712554932,38.41059104470486,3.604545354843139,4.319826126098633,True
MCQA_0010_1,MCQA,PNT1,replace,0,sao cha,răng bố,2,2,False,none,Interrogatives,,,0.6564080715179443,34.11256270960169,3.604545354843139,4.260953426361084,True
MCQA_0010_1,MCQA,PNT1,replace,1,chó con,chóa coan,2,2,False,none,Orthographic variant,,,0.6564080715179443,34.11256270960169,3.604545354843139,4.260953426361084,False
MCQA_0010_1,MCQA,PNT1,replace,2,cha,bố,1,1,False,none,Kinship/Honorific terms,,,0.6564080715179443,34.11256270960169,3.604545354843139,4.260953426361084,True
MCQA_0010_1,MCQA,PNT1,replace,3,chó con,chóa coan,2,2,False,none,Orthographic variant,,,0.6564080715179443,34.11256270960169,3.604545354843139,4.260953426361084,False
MCQA_0010_1,MCQA,PNT1,replace,4,trước,tước,1,1,False,none,Orthographic variant,,,0.6564080715179443,34.11256270960169,3.604545354843139,4.260953426361084,False
MCQA_0010_1,MCQA,PNT1,replace,5,quá,quớ,1,1,False,none,Orthographic variant,,,0.6564080715179443,34.11256270960169,3.604545354843139,4.260953426361084,False
MCQA_0010_1,MCQA,PNT2,replace,0,vì sao cha,tại răng bố,3,3,False,none,Interrogatives,,,0.6392877101898193,32.90944214060802,3.604545354843139,4.243833065032959,True
MCQA_0010_1,MCQA,PNT2,replace,1,vì cha không,tại bố nỏ,3,3,False,none,Kinship/Honorific terms,,,0.6392877101898193,32.90944214060802,3.604545354843139,4.243833065032959,True
MCQA_0010_1,MCQA,PNT2,replace,2,vì,tại,1,1,False,none,Connectives/Aspect markers,,,0.6392877101898193,32.90944214060802,3.604545354843139,4.243833065032959,True
MCQA_0010_1,MCQA,PNT2,replace,3,người,ngài,1,1,False,none,Orthographic variant,,,0.6392877101898193,32.90944214060802,3.604545354843139,4.243833065032959,False
MCQA_0010_1,MCQA,PNT2,replace,4,vì,tại,1,1,False,none,Connectives/Aspect markers,,,0.6392877101898193,32.90944214060802,3.604545354843139,4.243833065032959,True
MCQA_0010_1,MCQA,PNT2,replace,5,vì,tại,1,1,False,none,Connectives/Aspect markers,,,0.6392877101898193,32.90944214060802,3.604545354843139,4.243833065032959,True
MCQA_0010_1,MCQA,PNT2,replace,6,không,nỏ,1,1,True,dialect_phrase,Negation/Function words,không,HaTinh_QB_QT; NgheAn,0.6392877101898193,32.90944214060802,3.604545354843139,4.243833065032959,True
MCQA_0010_1,MCQA,PNT3,replace,0,sao cha muốn,răng bọ ưng,3,3,False,none,Interrogatives,,,0.4568097591400146,21.287961089046043,3.604545354843139,4.061355113983154,True
MCQA_0010_1,MCQA,PNT3,replace,1,cha không thích,bọ nỏ ưng,3,3,False,none,Kinship/Honorific terms,,,0.4568097591400146,21.287961089046043,3.604545354843139,4.061355113983154,True
MCQA_0010_1,MCQA,PNT3,replace,2,bố thích,bọ ưng,2,2,False,none,Kinship/Honorific terms,,,0.4568097591400146,21.287961089046043,3.604545354843139,4.061355113983154,True
MCQA_0010_1,MCQA,PNT3,replace,3,người khác,họ,2,1,False,none,Pronouns,,,0.4568097591400146,21.287961089046043,3.604545354843139,4.061355113983154,True
MCQA_0010_1,MCQA,PNT3,replace,4,trước,bựa,1,1,False,none,Demonstratives/Deixis,,,0.4568097591400146,21.287961089046043,3.604545354843139,4.061355113983154,True
MCQA_0010_1,MCQA,PNT3,replace,5,quá,quái,1,1,False,none,Orthographic variant,,,0.4568097591400146,21.287961089046043,3.604545354843139,4.061355113983154,False
MCQA_0010_1,MCQA,PNT3,replace,6,không,nỏ,1,1,True,dialect_phrase,Negation/Function words,không,HaTinh_QB_QT,0.4568097591400146,21.287961089046043,3.604545354843139,4.061355113983154,True
MCQA_0010_1,MCQA,PNT4,replace,0,sao cha,răng ba,2,2,False,none,Interrogatives,,,0.4315950870513916,19.842475893793967,3.604545354843139,4.036140441894531,True
MCQA_0010_1,MCQA,PNT4,replace,1,cha,ba,1,1,True,dialect_phrase,Kinship/Honorific terms,bố,QuangNam; QuangNgai,0.4315950870513916,19.842475893793967,3.604545354843139,4.036140441894531,True
MCQA_0010_1,MCQA,PNT4,replace,2,bố,ba,1,1,True,dialect_phrase,Kinship/Honorific terms,bố,QuangNam; QuangNgai,0.4315950870513916,19.842475893793967,3.604545354843139,4.036140441894531,True
MCQA_0010_3,MCQA,PNN,replace,0,đã đưa ra ý kiến,nói,5,1,False,none,Idiomatic expressions,,,-0.0446674823760986,-2.0138230572338784,3.8307950496673584,3.78612756729126,True
MCQA_0010_3,MCQA,PNN,replace,1,khi bố bảo,lúc ba kêu,3,3,False,none,Kinship/Honorific terms,,,-0.0446674823760986,-2.0138230572338784,3.8307950496673584,3.78612756729126,True
MCQA_0010_3,MCQA,PNT1,replace,0,gì,chi,1,1,False,none,Interrogatives,,,0.3964231014251709,22.42716205873404,3.8307950496673584,4.227218151092529,True
MCQA_0010_3,MCQA,PNT1,replace,1,con,coan,1,1,False,none,Orthographic variant,,,0.3964231014251709,22.42716205873404,3.8307950496673584,4.227218151092529,False
MCQA_0010_3,MCQA,PNT1,replace,2,nuôi,nui,1,1,False,none,Orthographic variant,,,0.3964231014251709,22.42716205873404,3.8307950496673584,4.227218151092529,False
MCQA_0010_3,MCQA,PNT1,replace,3,chó con,chóa coan,2,2,False,none,Orthographic variant,,,0.3964231014251709,22.42716205873404,3.8307950496673584,4.227218151092529,False
MCQA_0010_3,MCQA,PNT1,replace,4,nuôi,nui,1,1,False,none,Orthographic variant,,,0.3964231014251709,22.42716205873404,3.8307950496673584,4.227218151092529,False
MCQA_0010_3,MCQA,PNT1,replace,5,cho chó con,choa chóa coan,3,3,False,none,Orthographic variant,,,0.3964231014251709,22.42716205873404,3.8307950496673584,4.227218151092529,False
MCQA_0010_3,MCQA,PNT2,replace,0,đã,đạ,1,1,True,dialect_phrase,Connectives/Aspect markers,đã,HaTinh_QB_QT,0.5513288974761963,33.908610574443884,3.8307950496673584,4.382123947143555,True
MCQA_0010_3,MCQA,PNT2,replace,1,gì,chi,1,1,True,dialect_phrase,Interrogatives,gì,HaTinh_QB_QT; NgheAn,0.5513288974761963,33.908610574443884,3.8307950496673584,4.382123947143555,True
MCQA_0010_3,MCQA,PNT2,replace,2,giữ,giự,1,1,False,none,Orthographic variant,,,0.5513288974761963,33.908610574443884,3.8307950496673584,4.382123947143555,False
MCQA_0010_3,MCQA,PNT3,replace,0,đưa ra,nói,2,1,False,none,Predicate vocabulary,,,0.1654531955718994,8.294520134410199,3.8307950496673584,3.996248245239258,True
MCQA_0010_3,MCQA,PNT3,replace,1,gì,chi,1,1,True,dialect_phrase,Interrogatives,gì; sao / thế nào,HaTinh_QB_QT; Hue,0.1654531955718994,8.294520134410199,3.8307950496673584,3.996248245239258,True
MCQA_0010_3,MCQA,PNT3,replace,2,bố,ba,1,1,True,standard_word,Kinship/Honorific terms,bọ; ôn,HaTinh_QB_QT; Hue,0.1654531955718994,8.294520134410199,3.8307950496673584,3.996248245239258,True
MCQA_0010_3,MCQA,PNT3,insert,3,,chó con,0,2,False,none,Unknown,,,0.1654531955718994,8.294520134410199,3.8307950496673584,3.996248245239258,False
MCQA_0010_3,MCQA,PNT4,replace,0,gì,chi,1,1,True,dialect_phrase,Interrogatives,gì,QuangNam,0.202101469039917,10.324933464623,3.8307950496673584,4.032896518707275,True
MCQA_0010_3,MCQA,PNT4,replace,1,bố bảo,ba nói,2,2,False,none,Kinship/Honorific terms,,,0.202101469039917,10.324933464623,3.8307950496673584,4.032896518707275,True
MCQA_0012_0,MCQA,PNN,delete,0,hẳn,,1,0,False,none,Unknown,,,0.0218372344970703,0.933922742878316,3.74483871459961,3.76667594909668,False
MCQA_0012_0,MCQA,PNN,replace,1,bố,ba,1,1,False,none,Kinship/Honorific terms,,,0.0218372344970703,0.933922742878316,3.74483871459961,3.76667594909668,True
MCQA_0012_0,MCQA,PNT2,replace,0,làm gì,mần chi,2,2,True,dialect_phrase,Interrogatives,làm gì,HaTinh_QB_QT; NgheAn,0.5982670783996582,34.64396347488594,3.74483871459961,4.343105792999268,True
MCQA_0012_0,MCQA,PNT2,replace,1,ngày,ngay,1,1,False,none,Orthographic variant,,,0.5982670783996582,34.64396347488594,3.74483871459961,4.343105792999268,False
MCQA_0012_0,MCQA,PNT2,replace,2,đỡ,đợ,1,1,False,none,Orthographic variant,,,0.5982670783996582,34.64396347488594,3.74483871459961,4.343105792999268,False
MCQA_0012_0,MCQA,PNT3,delete,0,xin,,1,0,False,none,Unknown,,,0.3485326766967773,17.639454203161904,3.74483871459961,4.093371391296387,False
MCQA_0012_0,MCQA,PNT3,replace,1,gì,chi,1,1,True,dialect_phrase,Interrogatives,gì; sao / thế nào,HaTinh_QB_QT; Hue,0.3485326766967773,17.639454203161904,3.74483871459961,4.093371391296387,True
MCQA_0012_0,MCQA,PNT3,replace,2,bố,ba,1,1,True,standard_word,Kinship/Honorific terms,bọ; ôn,HaTinh_QB_QT; Hue,0.3485326766967773,17.639454203161904,3.74483871459961,4.093371391296387,True
MCQA_0012_5,MCQA,PNN,replace,0,không,hông,1,1,True,dialect_phrase,Negation/Function words,không,NamBo,-0.0197534561157226,-0.4402458738041055,3.113865375518799,3.094111919403076,True
MCQA_0012_5,MCQA,PNN,insert,1,,với,0,1,False,none,Unknown,,,-0.0197534561157226,-0.4402458738041055,3.113865375518799,3.094111919403076,False
MCQA_0012_5,MCQA,PNN,replace,2,thực,thật,1,1,False,none,Orthographic variant,,,-0.0197534561157226,-0.4402458738041055,3.113865375518799,3.094111919403076,False
MCQA_0012_5,MCQA,PNT2,replace,0,sao,răng,1,1,True,dialect_phrase,Interrogatives,sao / thế nào,HaTinh_QB_QT; NgheAn,1.0777454376220703,43.62134917024247,3.113865375518799,4.191610813140869,True
MCQA_0012_5,MCQA,PNT2,replace,1,không,nỏ,1,1,True,dialect_phrase,Negation/Function words,không,HaTinh_QB_QT; NgheAn,1.0777454376220703,43.62134917024247,3.113865375518799,4.191610813140869,True
MCQA_0012_5,MCQA,PNT2,replace,2,bạn,lạo,1,1,False,none,Pronouns,,,1.0777454376220703,43.62134917024247,3.113865375518799,4.191610813140869,True
MCQA_0012_5,MCQA,PNT2,replace,3,làm,mần,1,1,True,dialect_phrase,Predicate vocabulary,làm,HaTinh_QB_QT,1.0777454376220703,43.62134917024247,3.113865375518799,4.191610813140869,True
MCQA_0012_5,MCQA,PNT2,replace,4,vì,tại,1,1,False,none,Connectives/Aspect markers,,,1.0777454376220703,43.62134917024247,3.113865375518799,4.191610813140869,True
MCQA_0012_5,MCQA,PNT2,replace,5,vì,tại,1,1,False,none,Connectives/Aspect markers,,,1.0777454376220703,43.62134917024247,3.113865375518799,4.191610813140869,True
MCQA_0012_5,MCQA,PNT3,replace,0,sao,răng,1,1,True,dialect_phrase,Interrogatives,sao / thế nào,HaTinh_QB_QT; Hue,0.7241241931915283,23.92415426060444,3.113865375518799,3.837989568710327,True
MCQA_0012_5,MCQA,PNT3,delete,1,tiên,,1,0,False,none,Unknown,,,0.7241241931915283,23.92415426060444,3.113865375518799,3.837989568710327,False
MCQA_0012_5,MCQA,PNT3,replace,2,và,với,1,1,False,none,Connectives/Aspect markers,,,0.7241241931915283,23.92415426060444,3.113865375518799,3.837989568710327,True
MCQA_0012_5,MCQA,PNT4,replace,0,vì,tại/do,1,1,False,none,Connectives/Aspect markers,,,0.0556156635284423,1.2872545362835377,3.113865375518799,3.169481039047241,True
MCQA_0012_5,MCQA,PNT4,replace,1,vì,tại/do,1,1,False,none,Connectives/Aspect markers,,,0.0556156635284423,1.2872545362835377,3.113865375518799,3.169481039047241,True
MCQA_0012_5,MCQA,PNT4,replace,2,vì,tại/do,1,1,False,none,Connectives/Aspect markers,,,0.0556156635284423,1.2872545362835377,3.113865375518799,3.169481039047241,True
MCQA_0012_5,MCQA,PNT4,replace,3,vì,tại/do,1,1,False,none,Connectives/Aspect markers,,,0.0556156635284423,1.2872545362835377,3.113865375518799,3.169481039047241,True
MCQA_0013_3,MCQA,PNT4,replace,0,giúp mẹ một số công,phụ má mấy,5,3,False,none,Kinship/Honorific terms,,,0.982689380645752,71.24004800911564,3.7522549629211426,4.7349443435668945,True
MCQA_0013_3,MCQA,PNT4,replace,1,gì,chi,1,1,True,dialect_phrase,Interrogatives,gì,QuangNam,0.982689380645752,71.24004800911564,3.7522549629211426,4.7349443435668945,True
MCQA_0013_3,MCQA,PNT4,replace,2,mẹ,má,1,1,True,dialect_phrase,Kinship/Honorific terms,mẹ,QuangNam; QuangNgai,0.982689380645752,71.24004800911564,3.7522549629211426,4.7349443435668945,True
MCQA_0013_3,MCQA,PNT4,replace,3,về,dìa,1,1,True,dialect_phrase,Predicate vocabulary,về,PhuYen; QuangNgai,0.982689380645752,71.24004800911564,3.7522549629211426,4.7349443435668945,True
MCQA_0013_3,MCQA,PNT4,replace,4,và,với,1,1,False,none,Connectives/Aspect markers,,,0.982689380645752,71.24004800911564,3.7522549629211426,4.7349443435668945,True
MCQA_0013_3,MCQA,PNT4,replace,5,bố,ba,1,1,True,dialect_phrase,Kinship/Honorific terms,bố,QuangNam; QuangNgai,0.982689380645752,71.24004800911564,3.7522549629211426,4.7349443435668945,True
MCQA_0013_3,MCQA,PNT4,replace,6,trông,coi,1,1,True,dialect_phrase,Predicate vocabulary,thấy,PhuYen; QuangNgai,0.982689380645752,71.24004800911564,3.7522549629211426,4.7349443435668945,True
MCQA_0013_3,MCQA,PNT4,replace,7,và,với,1,1,False,none,Connectives/Aspect markers,,,0.982689380645752,71.24004800911564,3.7522549629211426,4.7349443435668945,True
MCQA_0013_4,MCQA,PNT4,replace,0,bố,ba,1,1,True,dialect_phrase,Kinship/Honorific terms,bố,QuangNam; QuangNgai,0.634129524230957,14.800663316903195,2.8164100646972656,3.4505395889282227,True
MCQA_0013_4,MCQA,PNT4,replace,1,ăn,en,1,1,False,none,Orthographic variant,,,0.634129524230957,14.800663316903195,2.8164100646972656,3.4505395889282227,False
MCQA_0013_4,MCQA,PNT4,replace,2,xong,xan,1,1,False,none,Orthographic variant,,,0.634129524230957,14.800663316903195,2.8164100646972656,3.4505395889282227,False
MCQA_0013_4,MCQA,PNT4,replace,3,xong,xan,1,1,False,none,Orthographic variant,,,0.634129524230957,14.800663316903195,2.8164100646972656,3.4505395889282227,False
MCQA_0014_1,MCQA,PNT4,replace,0,bố,ba,1,1,True,dialect_phrase,Kinship/Honorific terms,bố,QuangNam; QuangNgai,0.5531144142150879,16.821298929029435,3.1255640983581543,3.678678512573242,True
MCQA_0014_1,MCQA,PNT4,replace,1,đâu,mô,1,1,True,dialect_phrase,Interrogatives,đâu / nào,QuangNam,0.5531144142150879,16.821298929029435,3.1255640983581543,3.678678512573242,True
MCQA_0016_0,MCQA,PNT3,replace,0,vào,vô,1,1,False,none,Connectives/Aspect markers,,,0.7081148624420166,12.572499273693808,2.5017971992492676,3.209912061691284,True
MCQA_0016_0,MCQA,PNT3,replace,1,làm gì,mần chi,2,2,True,dialect_phrase,Interrogatives,làm gì,HaTinh_QB_QT; Hue,0.7081148624420166,12.572499273693808,2.5017971992492676,3.209912061691284,True
MCQA_0016_0,MCQA,PNT3,delete,2,sáng,,1,0,False,none,Unknown,,,0.7081148624420166,12.572499273693808,2.5017971992492676,3.209912061691284,False
MCQA_0016_0,MCQA,PNT3,insert,3,,mai,0,1,False,none,Unknown,,,0.7081148624420166,12.572499273693808,2.5017971992492676,3.209912061691284,False
MCQA_0016_0,MCQA,PNT3,replace,4,quá,quái,1,1,False,none,Orthographic variant,,,0.7081148624420166,12.572499273693808,2.5017971992492676,3.209912061691284,False
MCQA_0016_0,MCQA,PNT3,replace,5,mẹ,mạ,1,1,True,dialect_phrase,Kinship/Honorific terms,mẹ,HaTinh_QB_QT,0.7081148624420166,12.572499273693808,2.5017971992492676,3.209912061691284,True
MCQA_0016_0,MCQA,PNT3,replace,6,bố,bọ,1,1,True,dialect_phrase,Kinship/Honorific terms,bố,HaTinh_QB_QT,0.7081148624420166,12.572499273693808,2.5017971992492676,3.209912061691284,True
MCQA_0016_0,MCQA,PNT3,replace,7,mong bố,trông bọ,2,2,False,none,Kinship/Honorific terms,,,0.7081148624420166,12.572499273693808,2.5017971992492676,3.209912061691284,True
MCQA_0016_0,MCQA,PNT4,replace,0,vào,vô,1,1,False,none,Connectives/Aspect markers,,,0.5045108795166016,8.008230518406322,2.5017971992492676,3.006308078765869,True
MCQA_0016_0,MCQA,PNT4,replace,1,gì vào lúc,chi hồi,3,2,False,none,Interrogatives,,,0.5045108795166016,8.008230518406322,2.5017971992492676,3.006308078765869,True
MCQA_0016_0,MCQA,PNT4,replace,2,quá,ghê,1,1,False,none,Predicate vocabulary,,,0.5045108795166016,8.008230518406322,2.5017971992492676,3.006308078765869,True
MCQA_0016_0,MCQA,PNT4,replace,3,mẹ,má,1,1,True,dialect_phrase,Kinship/Honorific terms,mẹ,QuangNam; QuangNgai,0.5045108795166016,8.008230518406322,2.5017971992492676,3.006308078765869,True
MCQA_0016_0,MCQA,PNT4,replace,4,bố,ba,1,1,True,dialect_phrase,Kinship/Honorific terms,bố,QuangNam; QuangNgai,0.5045108795166016,8.008230518406322,2.5017971992492676,3.006308078765869,True
MCQA_0016_0,MCQA,PNT4,replace,5,bố,ba,1,1,True,dialect_phrase,Kinship/Honorific terms,bố,QuangNam; QuangNgai,0.5045108795166016,8.008230518406322,2.5017971992492676,3.006308078765869,True
MCQA_0016_5,MCQA,PNT4,insert,0,,ha,0,1,False,none,Unknown,,,0.0839636325836181,1.564952206914178,2.882951259613037,2.9669148921966553,False
MCQA_0016_5,MCQA,PNT4,delete,1,nhỉ,,1,0,False,none,Unknown,,,0.0839636325836181,1.564952206914178,2.882951259613037,2.9669148921966553,False
MCQA_0018_4,MCQA,PNT3,replace,0,làm gì,mần chi,2,2,True,dialect_phrase,Interrogatives,làm gì,HaTinh_QB_QT; Hue,0.2451181411743164,2.701896370166944,2.27490758895874,2.5200257301330566,True
MCQA_0025_10,MCQA,PNN,delete,0,biết,,1,0,False,none,Unknown,,,0.5081181526184082,7.927459389215986,2.482580184936523,2.9906983375549316,False
MCQA_0025_10,MCQA,PNN,replace,1,bút,viết,1,1,False,none,Predicate vocabulary,,,0.5081181526184082,7.927459389215986,2.482580184936523,2.9906983375549316,True
MCQA_0025_10,MCQA,PNN,insert,2,,dạ,0,1,False,none,Unknown,,,0.5081181526184082,7.927459389215986,2.482580184936523,2.9906983375549316,False
MCQA_0025_10,MCQA,PNN,replace,3,ạ em,con,2,1,False,none,Kinship/Honorific terms,,,0.5081181526184082,7.927459389215986,2.482580184936523,2.9906983375549316,True
MCQA_0025_10,MCQA,PNN,replace,4,bút,viết,1,1,False,none,Predicate vocabulary,,,0.5081181526184082,7.927459389215986,2.482580184936523,2.9906983375549316,True
MCQA_0025_10,MCQA,PNN,insert,5,,dạ,0,1,False,none,Unknown,,,0.5081181526184082,7.927459389215986,2.482580184936523,2.9906983375549316,False
MCQA_0025_10,MCQA,PNN,delete,6,ạ cứ,,2,0,False,none,Unknown,,,0.5081181526184082,7.927459389215986,2.482580184936523,2.9906983375549316,False
MCQA_0025_10,MCQA,PNN,insert,7,,dạ,0,1,False,none,Unknown,,,0.5081181526184082,7.927459389215986,2.482580184936523,2.9906983375549316,False
MCQA_0025_10,MCQA,PNN,replace,8,ạ thế thì em,vậy con,4,2,False,none,Kinship/Honorific terms,,,0.5081181526184082,7.927459389215986,2.482580184936523,2.9906983375549316,True
MCQA_0025_10,MCQA,PNN,replace,9,bút,viết,1,1,False,none,Predicate vocabulary,,,0.5081181526184082,7.927459389215986,2.482580184936523,2.9906983375549316,True
MCQA_0025_10,MCQA,PNN,insert,10,,dạ,0,1,False,none,Unknown,,,0.5081181526184082,7.927459389215986,2.482580184936523,2.9906983375549316,False
MCQA_0025_10,MCQA,PNN,replace,11,ạ em,con,2,1,False,none,Kinship/Honorific terms,,,0.5081181526184082,7.927459389215986,2.482580184936523,2.9906983375549316,True
MCQA_0025_10,MCQA,PNN,replace,12,bút,viết,1,1,False,none,Predicate vocabulary,,,0.5081181526184082,7.927459389215986,2.482580184936523,2.9906983375549316,True
MCQA_0025_10,MCQA,PNT2,replace,0,gì,chi,1,1,True,dialect_phrase,Interrogatives,gì,HaTinh_QB_QT; NgheAn,0.1916265487670898,2.528727375232677,2.482580184936523,2.6742067337036133,True
MCQA_0025_10,MCQA,PNT2,replace,1,thế,rứa,1,1,True,dialect_phrase,Demonstratives/Deixis,vậy / thế,NgheAn,0.1916265487670898,2.528727375232677,2.482580184936523,2.6742067337036133,True
MCQA_0025_10,MCQA,PNT2,insert,2,,đó,0,1,False,none,Unknown,,,0.1916265487670898,2.528727375232677,2.482580184936523,2.6742067337036133,False
MCQA_0025_10,MCQA,PNT3,replace,0,gì,chi,1,1,True,dialect_phrase,Interrogatives,gì; sao / thế nào,HaTinh_QB_QT; Hue,0.768470287322998,13.845331317294676,2.482580184936523,3.2510504722595215,True
MCQA_0025_10,MCQA,PNT3,replace,1,mình,miềng,1,1,False,none,Pronouns,,,0.768470287322998,13.845331317294676,2.482580184936523,3.2510504722595215,True
MCQA_0025_10,MCQA,PNT3,insert,2,,dạ,0,1,False,none,Unknown,,,0.768470287322998,13.845331317294676,2.482580184936523,3.2510504722595215,False
MCQA_0025_10,MCQA,PNT3,delete,3,ạ,,1,0,False,none,Unknown,,,0.768470287322998,13.845331317294676,2.482580184936523,3.2510504722595215,False
MCQA_0025_10,MCQA,PNT3,replace,4,không thích,nỏ ưng,2,2,False,none,Negation/Function words,,,0.768470287322998,13.845331317294676,2.482580184936523,3.2510504722595215,True
MCQA_0025_10,MCQA,PNT3,insert,5,,dạ,0,1,False,none,Unknown,,,0.768470287322998,13.845331317294676,2.482580184936523,3.2510504722595215,False
MCQA_0025_10,MCQA,PNT3,delete,6,ạ,,1,0,False,none,Unknown,,,0.768470287322998,13.845331317294676,2.482580184936523,3.2510504722595215,False
MCQA_0025_10,MCQA,PNT3,insert,7,,dạ,0,1,False,none,Unknown,,,0.768470287322998,13.845331317294676,2.482580184936523,3.2510504722595215,False
MCQA_0025_10,MCQA,PNT3,replace,8,ạ thế,rứa,2,1,False,none,Demonstratives/Deixis,,,0.768470287322998,13.845331317294676,2.482580184936523,3.2510504722595215,True
MCQA_0025_10,MCQA,PNT3,replace,9,không,nỏ,1,1,True,dialect_phrase,Negation/Function words,không,HaTinh_QB_QT,0.768470287322998,13.845331317294676,2.482580184936523,3.2510504722595215,True
MCQA_0025_10,MCQA,PNT3,insert,10,,dạ,0,1,False,none,Unknown,,,0.768470287322998,13.845331317294676,2.482580184936523,3.2510504722595215,False
MCQA_0025_10,MCQA,PNT3,delete,11,ạ,,1,0,False,none,Unknown,,,0.768470287322998,13.845331317294676,2.482580184936523,3.2510504722595215,False
MCQA_0090_10,MCQA,PNN,replace,0,như thế nào,ra sao,3,2,False,none,Interrogatives,,,0.7235229015350342,16.79041799599466,2.7609524726867676,3.4844753742218018,True
MCQA_0090_10,MCQA,PNN,replace,1,mẹ,má,1,1,False,none,Kinship/Honorific terms,,,0.7235229015350342,16.79041799599466,2.7609524726867676,3.4844753742218018,True
MCQA_0090_10,MCQA,PNN,delete,2,trai,,1,0,False,none,Unknown,,,0.7235229015350342,16.79041799599466,2.7609524726867676,3.4844753742218018,False
MCQA_0090_10,MCQA,PNN,replace,3,hối hả,tất bật,2,2,False,none,Predicate vocabulary,,,0.7235229015350342,16.79041799599466,2.7609524726867676,3.4844753742218018,True
MCQA_0090_10,MCQA,PNN,replace,4,ghen tị,phân bì,2,2,False,none,Predicate vocabulary,,,0.7235229015350342,16.79041799599466,2.7609524726867676,3.4844753742218018,True
MCQA_0090_10,MCQA,PNN,replace,5,xấu hổ,mắc cỡ,2,2,False,none,Predicate vocabulary,,,0.7235229015350342,16.79041799599466,2.7609524726867676,3.4844753742218018,True
MCQA_0090_10,MCQA,PNT2,replace,0,như thế nào,a răng,3,2,False,none,Interrogatives,,,0.3393008708953857,6.388676666119254,2.7609524726867676,3.1002533435821533,True
MCQA_0090_10,MCQA,PNT3,replace,0,thế nào,răng,2,1,True,dialect_phrase,Interrogatives,sao / thế nào,HaTinh_QB_QT; Hue,2.096592903137207,112.8929855245223,2.7609524726867676,4.857545375823975,True
MCQA_0090_10,MCQA,PNT3,replace,1,mẹ và anh,mạ với eng,3,3,False,none,Kinship/Honorific terms,,,2.096592903137207,112.8929855245223,2.7609524726867676,4.857545375823975,True
MCQA_0090_10,MCQA,PNT3,replace,2,hối hả,tất ta tất tưởi,2,4,False,none,Idiomatic expressions,,,2.096592903137207,112.8929855245223,2.7609524726867676,4.857545375823975,True
MCQA_0090_10,MCQA,PNT3,replace,3,ghen tị,èng neng,2,2,False,none,Predicate vocabulary,,,2.096592903137207,112.8929855245223,2.7609524726867676,4.857545375823975,True
MCQA_0090_10,MCQA,PNT3,replace,4,xấu hổ,ồng ngai,2,2,True,dialect_phrase,Predicate vocabulary,xấu hổ,HaTinh_QB_QT,2.096592903137207,112.8929855245223,2.7609524726867676,4.857545375823975,True
NLI_0028,NLI,PNB,replace,0,thục,thạo,1,1,False,none,Predicate vocabulary,,,-0.1273162364959716,-2.9322101770128235,3.1998205184936523,3.0725042819976807,True
NLI_0028,NLI,PNN,replace,0,thành thục,rành rọt,2,2,False,none,Predicate vocabulary,,,-0.0567364692687988,-1.3528971477199685,3.1998205184936523,3.1430840492248535,True
NLI_0028,NLI,PNT1,replace,0,có,cúa,1,1,False,none,Orthographic variant,,,0.9428386688232422,38.44192070374514,3.1998205184936523,4.1426591873168945,False
NLI_0028,NLI,PNT1,replace,1,không,chả,1,1,False,none,Negation/Function words,,,0.9428386688232422,38.44192070374514,3.1998205184936523,4.1426591873168945,True
NLI_0028,NLI,PNT1,replace,2,có,cúa,1,1,False,none,Orthographic variant,,,0.9428386688232422,38.44192070374514,3.1998205184936523,4.1426591873168945,False
NLI_0028,NLI,PNT2,replace,0,những,nhựng,1,1,False,none,Orthographic variant,,,1.0077433586120603,42.66452325270086,3.1998205184936523,4.207563877105713,False
NLI_0028,NLI,PNT2,insert,1,,mà,0,1,False,none,Unknown,,,1.0077433586120603,42.66452325270086,3.1998205184936523,4.207563877105713,False
NLI_0028,NLI,PNT2,replace,2,thành,thuần,1,1,False,none,Noise/Non-linguistic,,,1.0077433586120603,42.66452325270086,3.1998205184936523,4.207563877105713,False
NLI_0028,NLI,PNT2,insert,3,,mà,0,1,False,none,Unknown,,,1.0077433586120603,42.66452325270086,3.1998205184936523,4.207563877105713,False
NLI_0028,NLI,PNT2,insert,4,,cấy,0,1,True,dialect_phrase,Negation/Function words,cái,HaTinh_QB_QT; NgheAn,1.0077433586120603,42.66452325270086,3.1998205184936523,4.207563877105713,False
NLI_0028,NLI,PNT2,delete,5,thi,,1,0,False,none,Unknown,,,1.0077433586120603,42.66452325270086,3.1998205184936523,4.207563877105713,False
NLI_0028,NLI,PNT2,replace,6,rất,rành,1,1,True,standard_word,Predicate vocabulary,bất; dữ,HaTinh_QB_QT,1.0077433586120603,42.66452325270086,3.1998205184936523,4.207563877105713,True
NLI_0028,NLI,PNT3,replace,0,những,mấy,1,1,False,none,Negation/Function words,,,0.3544061183929443,10.432644681804828,3.1998205184936523,3.5542266368865967,True
NLI_0028,NLI,PNT3,replace,1,thể sử dụng,dùng,3,1,False,none,Predicate vocabulary,,,0.3544061183929443,10.432644681804828,3.1998205184936523,3.5542266368865967,True
NLI_0028,NLI,PNT4,replace,0,thục,thạo,1,1,False,none,Predicate vocabulary,,,-0.1359131336212158,-3.1170722973331983,3.1998205184936523,3.0639073848724365,True
NLI_0064,NLI,PNN,delete,0,thế,,1,0,True,standard_word,Demonstratives/Deixis,vậy,NamBo,0.3733601570129394,15.25317436559,3.5175178050994873,3.890877962112427,False
NLI_0064,NLI,PNT2,insert,0,,cấy,0,1,True,dialect_phrase,Negation/Function words,cái,HaTinh_QB_QT; NgheAn,2.394798517227173,335.86051467228464,3.5175178050994873,5.91231632232666,False
NLI_0064,NLI,PNT2,replace,1,mccarthy,mccartthy,1,1,False,none,Out-of-scope,,,2.394798517227173,335.86051467228464,3.5175178050994873,5.91231632232666,False
NLI_0064,NLI,PNT2,replace,2,và,với,1,1,False,none,Connectives/Aspect markers,,,2.394798517227173,335.86051467228464,3.5175178050994873,5.91231632232666,True
NLI_0064,NLI,PNT2,replace,3,thế nào,răng,2,1,True,dialect_phrase,Interrogatives,sao / thế nào,HaTinh_QB_QT; NgheAn,2.394798517227173,335.86051467228464,3.5175178050994873,5.91231632232666,True
NLI_0064,NLI,PNT3,replace,0,thế nào,răng,2,1,True,dialect_phrase,Interrogatives,sao / thế nào,HaTinh_QB_QT; Hue,0.81900954246521,42.7409497806719,3.5175178050994873,4.336527347564697,True
NLI_0064,NLI,PNT4,replace,0,thế nào,răng,2,1,True,standard_word,Interrogatives,ren; sao; sô,PhuYen; QuangNam; QuangNgai,0.8405940532684326,44.408840358648376,3.5175178050994873,4.35811185836792,True
NLI_0157,NLI,PNN,replace,0,về bệnh,bịnh,2,1,False,none,Orthographic variant,,,1.479936122894287,212.88621234473777,4.139142036437988,5.619078159332275,False
NLI_0157,NLI,PNN,replace,1,anh ấy,ảnh,2,1,True,dialect_phrase,Kinship/Honorific terms; Pronouns,anh; anh ấy,NamBo,1.479936122894287,212.88621234473777,4.139142036437988,5.619078159332275,False
NLI_0157,NLI,PNN,delete,2,vòng,,1,0,False,none,Unknown,,,1.479936122894287,212.88621234473777,4.139142036437988,5.619078159332275,False
NLI_0157,NLI,PNN,replace,3,ngày qua,bữa,2,1,False,none,Predicate vocabulary,,,1.479936122894287,212.88621234473777,4.139142036437988,5.619078159332275,True
NLI_0157,NLI,PNT1,replace,0,có,cúa,1,1,False,none,Orthographic variant,,,0.8729052543640137,87.46298708154538,4.139142036437988,5.012047290802002,False
NLI_0157,NLI,PNT1,replace,1,ấy,nứ,1,1,True,dialect_phrase,Demonstratives/Deixis,ấy / đó,ThanhHoa,0.8729052543640137,87.46298708154538,4.139142036437988,5.012047290802002,True
NLI_0157,NLI,PNT2,replace,0,đã,đạ,1,1,True,dialect_phrase,Connectives/Aspect markers,đã,HaTinh_QB_QT,1.0700602531433103,120.19909837079678,4.139142036437988,5.209202289581299,True
NLI_0157,NLI,PNT2,replace,1,các,mấy,1,1,False,none,Negation/Function words,,,1.0700602531433103,120.19909837079678,4.139142036437988,5.209202289581299,True
NLI_0157,NLI,PNT2,delete,2,anh ấy,,2,0,True,standard_word,Pronouns,anh (eng) nớ; tê,HaTinh_QB_QT,1.0700602531433103,120.19909837079678,4.139142036437988,5.209202289581299,False
NLI_0157,NLI,PNT2,replace,3,qua,vừa rồi,1,2,False,none,Connectives/Aspect markers,,,1.0700602531433103,120.19909837079678,4.139142036437988,5.209202289581299,True
NLI_0157,NLI,PNT3,replace,0,các,mấy cì,1,2,False,none,Pronouns,,,1.378652572631836,186.336138953062,4.139142036437988,5.517794609069824,True
NLI_0157,NLI,PNT3,replace,1,ấy,nớ,1,1,True,dialect_phrase,Demonstratives/Deixis,kia; ấy / đó,HaTinh_QB_QT; Hue,1.378652572631836,186.336138953062,4.139142036437988,5.517794609069824,True
NLI_0157,NLI,PNT4,replace,0,anh ấy,ảnh,2,1,True,dialect_phrase,Kinship/Honorific terms; Pronouns,anh; anh ấy,PhuYen; QuangNam; QuangNgai,0.5668344497680664,47.85727567230098,4.139142036437988,4.705976486206055,False
NLI_0240,NLI,PNT1,replace,0,do chưa đóng,doa chư đuống,3,3,False,none,Predicate vocabulary,,,2.232881546020508,350.62078631514777,3.7402377128601074,5.973119258880615,True
NLI_0240,NLI,PNT1,replace,1,hiểm,hỉm,1,1,False,none,Orthographic variant,,,2.232881546020508,350.62078631514777,3.7402377128601074,5.973119258880615,False
NLI_0240,NLI,PNT1,replace,2,hưởng quyền,hửng quỳn,2,2,False,none,Orthographic variant,,,2.232881546020508,350.62078631514777,3.7402377128601074,5.973119258880615,False
NLI_0240,NLI,PNT2,replace,0,không,nỏ,1,1,True,dialect_phrase,Negation/Function words,không,HaTinh_QB_QT; NgheAn,0.992318630218506,71.47755658980378,3.7402377128601074,4.732556343078613,True
NLI_0240,NLI,PNT2,replace,1,vào,vô,1,1,False,none,Connectives/Aspect markers,,,0.992318630218506,71.47755658980378,3.7402377128601074,4.732556343078613,True
NLI_0240,NLI,PNT3,replace,0,đóng,nộp,1,1,False,none,Predicate vocabulary,,,1.3975157737731934,128.2246849413866,3.7402377128601074,5.137753486633301,True
NLI_0240,NLI,PNT3,replace,1,không,khung,1,1,True,standard_word,Negation/Function words,nỏ,HaTinh_QB_QT,1.3975157737731934,128.2246849413866,3.7402377128601074,5.137753486633301,True
NLI_0240,NLI,PNT3,replace,2,vào,vô,1,1,False,none,Connectives/Aspect markers,,,1.3975157737731934,128.2246849413866,3.7402377128601074,5.137753486633301,True
NLI_0240,NLI,PNT3,replace,3,tới,ni,1,1,True,dialect_phrase,Demonstratives/Deixis,này,HaTinh_QB_QT; Hue,1.3975157737731934,128.2246849413866,3.7402377128601074,5.137753486633301,True
NLI_0337,NLI,PNB,replace,0,tuyết,tuyệt,1,1,False,none,Noise/Non-linguistic,,,-1.109755277633667,-43.93151988558646,4.182571887969971,3.0728166103363037,False
NLI_0337,NLI,PNB,delete,1,đi,,1,0,False,none,Unknown,,,-1.109755277633667,-43.93151988558646,4.182571887969971,3.0728166103363037,False
NLI_0337,NLI,PNB,delete,2,là,,1,0,False,none,Unknown,,,-1.109755277633667,-43.93151988558646,4.182571887969971,3.0728166103363037,False
NLI_0337,NLI,PNN,replace,0,tại thời điểm,lúc,3,1,False,none,Connectives/Aspect markers,,,-0.0506930351257324,-3.2393273180797024,4.182571887969971,4.131878852844238,True
NLI_0337,NLI,PNN,replace,1,tuyết,tuyệt,1,1,False,none,Noise/Non-linguistic,,,-0.0506930351257324,-3.2393273180797024,4.182571887969971,4.131878852844238,False
NLI_0337,NLI,PNN,replace,2,không,hông,1,1,True,dialect_phrase,Negation/Function words,không,NamBo,-0.0506930351257324,-3.2393273180797024,4.182571887969971,4.131878852844238,True
NLI_0337,NLI,PNN,delete,3,đi,,1,0,False,none,Unknown,,,-0.0506930351257324,-3.2393273180797024,4.182571887969971,4.131878852844238,False
NLI_0337,NLI,PNT1,replace,0,điểm,đỉm,1,1,False,none,Orthographic variant,,,1.3415703773498535,185.13705313547132,4.182571887969971,5.524142265319824,False
NLI_0337,NLI,PNT1,replace,1,tuyết,tuỵt,1,1,False,none,Orthographic variant,,,1.3415703773498535,185.13705313547132,4.182571887969971,5.524142265319824,False
NLI_0337,NLI,PNT1,replace,2,khỏi,khuổi,1,1,False,none,Orthographic variant,,,1.3415703773498535,185.13705313547132,4.182571887969971,5.524142265319824,False
NLI_0337,NLI,PNT1,replace,3,hóa,húa,1,1,False,none,Orthographic variant,,,1.3415703773498535,185.13705313547132,4.182571887969971,5.524142265319824,False
NLI_0337,NLI,PNT1,replace,4,gì,chi,1,1,False,none,Interrogatives,,,1.3415703773498535,185.13705313547132,4.182571887969971,5.524142265319824,True
NLI_0337,NLI,PNT2,replace,0,này tuyết,ni tuyệt,2,2,False,none,Noise/Non-linguistic,,,0.9322795867919922,100.9418700158509,4.182571887969971,5.114851474761963,False
NLI_0337,NLI,PNT2,replace,1,không,nỏ,1,1,True,dialect_phrase,Negation/Function words,không,HaTinh_QB_QT; NgheAn,0.9322795867919922,100.9418700158509,4.182571887969971,5.114851474761963,True
NLI_0337,NLI,PNT2,replace,2,gì,chi,1,1,True,dialect_phrase,Interrogatives,gì,HaTinh_QB_QT; NgheAn,0.9322795867919922,100.9418700158509,4.182571887969971,5.114851474761963,True
NLI_0337,NLI,PNT3,replace,0,này tuyết,ni tuyệt,2,2,False,none,Noise/Non-linguistic,,,0.8057379722595215,81.15410691596225,4.182571887969971,4.988309860229492,False
NLI_0337,NLI,PNT3,replace,1,không,khung,1,1,True,standard_word,Negation/Function words,nỏ,HaTinh_QB_QT,0.8057379722595215,81.15410691596225,4.182571887969971,4.988309860229492,True
NLI_0337,NLI,PNT3,delete,2,rời,,1,0,False,none,Unknown,,,0.8057379722595215,81.15410691596225,4.182571887969971,4.988309860229492,False
NLI_0337,NLI,PNT3,insert,3,,ra,0,1,False,none,Unknown,,,0.8057379722595215,81.15410691596225,4.182571887969971,4.988309860229492,False
NLI_0337,NLI,PNT3,replace,4,hóa,hoá,1,1,False,none,Orthographic variant,,,0.8057379722595215,81.15410691596225,4.182571887969971,4.988309860229492,False
NLI_0337,NLI,PNT3,replace,5,gì,chi,1,1,True,dialect_phrase,Interrogatives,gì; sao / thế nào,HaTinh_QB_QT; Hue,0.8057379722595215,81.15410691596225,4.182571887969971,4.988309860229492,True
NLI_0337,NLI,PNT4,replace,0,này,ni,1,1,True,dialect_phrase,Demonstratives/Deixis,này,QuangNam,0.7501225471496582,73.21868648986157,4.182571887969971,4.932694435119629,True
NLI_0337,NLI,PNT4,replace,1,hóa,hoá,1,1,False,none,Orthographic variant,,,0.7501225471496582,73.21868648986157,4.182571887969971,4.932694435119629,False
NLI_0337,NLI,PNT4,replace,2,gì,chi,1,1,True,dialect_phrase,Interrogatives,gì,QuangNam,0.7501225471496582,73.21868648986157,4.182571887969971,4.932694435119629,True
NLI_0448,NLI,PNN,replace,0,lặp,làm,1,1,True,dialect_phrase,Predicate vocabulary,làm,NamBo,0.7266688346862793,46.39377070516041,3.771209239959717,4.497878074645996,True
NLI_0448,NLI,PNN,replace,1,những,mấy cái,1,2,False,none,Negation/Function words,,,0.7266688346862793,46.39377070516041,3.771209239959717,4.497878074645996,True
NLI_0448,NLI,PNT1,replace,0,nhiệm,nhịm,1,1,False,none,Orthographic variant,,,1.2888402938842771,114.16576910776388,3.771209239959717,5.060049533843994,False
NLI_0448,NLI,PNT2,replace,0,những,nhửng,1,1,False,none,Orthographic variant,,,1.009324550628662,75.73539032427708,3.771209239959717,4.780533790588379,False
NLI_0448,NLI,PNT3,replace,0,những,mấy,1,1,False,none,Negation/Function words,,,0.3501310348510742,18.209250408486753,3.771209239959717,4.121340274810791,True
NLI_0459,NLI,PNB,insert,0,,của,0,1,False,none,Unknown,,,-0.2884478569030761,-69.18161341669995,5.6207356452941895,5.332287788391113,False
NLI_0459,NLI,PNN,replace,0,vào,vô,1,1,False,none,Connectives/Aspect markers,,,1.152604103088379,598.1343065331337,5.6207356452941895,6.773339748382568,True
NLI_0459,NLI,PNN,replace,1,và,với,1,1,False,none,Connectives/Aspect markers,,,1.152604103088379,598.1343065331337,5.6207356452941895,6.773339748382568,True
NLI_0459,NLI,PNN,replace,2,chàng trai,ảnh,2,1,True,dialect_phrase,Kinship/Honorific terms; Pronouns,anh; anh ấy,NamBo,1.152604103088379,598.1343065331337,5.6207356452941895,6.773339748382568,False
NLI_0459,NLI,PNT1,replace,0,mắng mỏ và bêu riếu,chửi bới với bếu rếu,5,5,False,none,Predicate vocabulary,,,0.2674951553344726,84.67403701657025,5.6207356452941895,5.888230800628662,True
NLI_0459,NLI,PNT1,replace,1,chàng trai,nó,2,1,False,none,Pronouns,,,0.2674951553344726,84.67403701657025,5.6207356452941895,5.888230800628662,True
NLI_0459,NLI,PNT2,replace,0,chàng trai,của anh nớ,2,3,False,none,Idiomatic expressions,,,0.0915017127990722,26.454803441417425,5.6207356452941895,5.712237358093262,True
NLI_0459,NLI,PNT3,replace,0,vào,vô,1,1,False,none,Connectives/Aspect markers,,,0.9994659423828124,474.003877409228,5.6207356452941895,6.620201587677002,True
NLI_0459,NLI,PNT3,replace,1,và,với,1,1,False,none,Connectives/Aspect markers,,,0.9994659423828124,474.003877409228,5.6207356452941895,6.620201587677002,True
NLI_0459,NLI,PNT3,replace,2,chàng trai,anh nớ,2,2,False,none,Idiomatic expressions,,,0.9994659423828124,474.003877409228,5.6207356452941895,6.620201587677002,True
NLI_0459,NLI,PNT4,replace,0,bêu riếu,trêu chọc,2,2,False,none,Predicate vocabulary,,,-0.8362712860107422,-156.45515130294913,5.6207356452941895,4.784464359283447,True
NLI_0511,NLI,PNB,insert,0,,cô,0,1,False,none,Unknown,,,-0.1474609375,-5.044745842836505,3.6053638458251953,3.4579029083251953,False
NLI_0511,NLI,PNN,replace,0,đến,tới,1,1,False,none,Predicate vocabulary,,,0.280256986618042,11.90209670284073,3.6053638458251953,3.8856208324432377,True
NLI_0511,NLI,PNN,replace,1,lí,lý,1,1,False,none,Orthographic variant,,,0.280256986618042,11.90209670284073,3.6053638458251953,3.8856208324432377,False
NLI_0511,NLI,PNN,replace,2,không,hông,1,1,True,dialect_phrase,Negation/Function words,không,NamBo,0.280256986618042,11.90209670284073,3.6053638458251953,3.8856208324432377,True
NLI_0511,NLI,PNT1,replace,0,lí,lý,1,1,False,none,Orthographic variant,,,1.102061748504639,73.97156512833635,3.6053638458251953,4.707425594329834,False
NLI_0511,NLI,PNT1,replace,1,sao,răng,1,1,False,none,Interrogatives,,,1.102061748504639,73.97156512833635,3.6053638458251953,4.707425594329834,True
NLI_0511,NLI,PNT2,insert,0,,ci,0,1,False,none,Unknown,,,2.386903762817383,363.52628447563393,3.6053638458251953,5.992267608642578,False
NLI_0511,NLI,PNT2,replace,1,sao,răng,1,1,True,dialect_phrase,Interrogatives,sao / thế nào,HaTinh_QB_QT; NgheAn,2.386903762817383,363.52628447563393,3.6053638458251953,5.992267608642578,True
NLI_0511,NLI,PNT2,insert,2,,nớ nựa,0,2,False,none,Unknown,,,2.386903762817383,363.52628447563393,3.6053638458251953,5.992267608642578,False
NLI_0511,NLI,PNT3,replace,0,và,rồi,1,1,False,none,Connectives/Aspect markers,,,1.5183472633361816,131.16245401584945,3.6053638458251953,5.123711109161377,True
NLI_0511,NLI,PNT3,replace,1,sao,răng,1,1,True,dialect_phrase,Interrogatives,sao / thế nào,HaTinh_QB_QT; Hue,1.5183472633361816,131.16245401584945,3.6053638458251953,5.123711109161377,True
NLI_0511,NLI,PNT3,replace,2,tấm,tờ,1,1,False,none,Predicate vocabulary,,,1.5183472633361816,131.16245401584945,3.6053638458251953,5.123711109161377,True
NLI_0515,NLI,PNB,delete,0,xoay xở,,2,0,False,none,Unknown,,,-0.5193984508514404,-11.845033011479453,3.375476360321045,2.8560779094696045,False
NLI_0515,NLI,PNB,replace,1,tốt khi,nhanh trí kêu,2,3,False,none,Noise/Non-linguistic,,,-0.5193984508514404,-11.845033011479453,3.375476360321045,2.8560779094696045,False
NLI_0515,NLI,PNB,insert,2,,sự,0,1,False,none,Unknown,,,-0.5193984508514404,-11.845033011479453,3.375476360321045,2.8560779094696045,False
NLI_0515,NLI,PNB,insert,3,,từ những người,0,3,False,none,Unknown,,,-0.5193984508514404,-11.845033011479453,3.375476360321045,2.8560779094696045,False
NLI_0515,NLI,PNN,replace,0,tốt,giỏi,1,1,False,none,Predicate vocabulary,,,-0.0430676937103271,-1.232491422988737,3.375476360321045,3.3324086666107178,True
NLI_0515,NLI,PNN,replace,1,gọi,kêu,1,1,True,dialect_phrase,Predicate vocabulary,gọi,NamBo,-0.0430676937103271,-1.232491422988737,3.375476360321045,3.3324086666107178,True
NLI_0515,NLI,PNT1,replace,0,đó,đớ,1,1,True,standard_word,Demonstratives/Deixis,nứ,ThanhHoa,0.7526540756225586,32.8235775348201,3.375476360321045,4.1281304359436035,True
NLI_0515,NLI,PNT2,replace,0,người đàn ông,ci anh nớ,3,3,False,none,Idiomatic expressions,,,1.164900302886963,64.48788825710079,3.375476360321045,4.540376663208008,True
NLI_0515,NLI,PNT3,replace,0,đó,nớ,1,1,True,dialect_phrase,Demonstratives/Deixis,kia; ấy / đó,HaTinh_QB_QT; Hue,0.6188137531280518,25.04908073866087,3.375476360321045,3.9942901134490967,True
NLI_0515,NLI,PNT3,replace,1,rất,khá,1,1,True,standard_word,Predicate vocabulary,bất; dệ sợ; dữ,HaTinh_QB_QT; Hue,0.6188137531280518,25.04908073866087,3.375476360321045,3.9942901134490967,True
NLI_0515,NLI,PNT3,replace,2,gọi,hú mấy người xung quanh,1,5,True,standard_word,Predicate vocabulary,hú; kêu,HaTinh_QB_QT; Hue,0.6188137531280518,25.04908073866087,3.375476360321045,3.9942901134490967,True
NLI_0515,NLI,PNT3,delete,3,xung quanh,,2,0,False,none,Unknown,,,0.6188137531280518,25.04908073866087,3.375476360321045,3.9942901134490967,False
NLI_0515,NLI,PNT4,replace,0,lúc đó,hồi nớ,2,2,False,none,Demonstratives/Deixis,,,0.4079084396362304,14.72639316582302,3.375476360321045,3.7833847999572754,True
NLI_0516,NLI,PNN,replace,0,tại,ở,1,1,False,none,Predicate vocabulary,,,-0.0519828796386718,-3.878181763099377,4.338086128234863,4.286103248596191,True
NLI_0516,NLI,PNT1,replace,0,quản,quãn,1,1,False,none,Orthographic variant,,,1.4483909606933594,249.3021421130537,4.338086128234863,5.786477088928223,False
NLI_0516,NLI,PNT1,replace,1,bãi,bải,1,1,False,none,Orthographic variant,,,1.4483909606933594,249.3021421130537,4.338086128234863,5.786477088928223,False
NLI_0516,NLI,PNT3,replace,0,tại 1,ở một,2,2,False,none,Predicate vocabulary,,,0.1422686576843261,11.705111307720102,4.338086128234863,4.4803547859191895,True
NLI_0516,NLI,PNT4,replace,0,lý,lí,1,1,False,none,Orthographic variant,,,0.2298884391784668,19.78789274218265,4.338086128234863,4.56797456741333,False
NLI_0521,NLI,PNB,delete,0,đã,,1,0,False,none,Unknown,,,-0.5495395660400391,-25.56074854518191,4.101950645446777,3.5524110794067383,False
NLI_0521,NLI,PNB,replace,1,phục,phúc,1,1,False,none,Orthographic variant,,,-0.5495395660400391,-25.56074854518191,4.101950645446777,3.5524110794067383,False
NLI_0521,NLI,PNT1,replace,0,đã,đả,1,1,False,none,Orthographic variant,,,1.8313913345336912,316.9556126472329,4.101950645446777,5.933341979980469,False
NLI_0521,NLI,PNT1,replace,1,hạnh phục,hành phúc,2,2,False,none,Orthographic variant,,,1.8313913345336912,316.9556126472329,4.101950645446777,5.933341979980469,False
NLI_0521,NLI,PNT1,replace,2,con,cuân,1,1,False,none,Orthographic variant,,,1.8313913345336912,316.9556126472329,4.101950645446777,5.933341979980469,False
NLI_0521,NLI,PNT1,replace,3,ấy,nứ,1,1,True,dialect_phrase,Demonstratives/Deixis,ấy / đó,ThanhHoa,1.8313913345336912,316.9556126472329,4.101950645446777,5.933341979980469,True
NLI_0521,NLI,PNT2,replace,0,phục,phúc,1,1,False,none,Orthographic variant,,,0.0770039558410644,4.839450563380048,4.101950645446777,4.178954601287842,False
NLI_0521,NLI,PNT2,replace,1,cô ấy,hấn,2,1,True,standard_word,Pronouns,o nớ,HaTinh_QB_QT,0.0770039558410644,4.839450563380048,4.101950645446777,4.178954601287842,True
NLI_0521,NLI,PNT3,replace,0,mẹ cô đã cảm thấy,mạ ả đạ chộ,5,4,False,none,Kinship/Honorific terms,,,1.3352327346801758,169.3359236812392,4.101950645446777,5.437183380126953,True
NLI_0521,NLI,PNT3,replace,1,phục,phúc,1,1,False,none,Orthographic variant,,,1.3352327346801758,169.3359236812392,4.101950645446777,5.437183380126953,False
NLI_0521,NLI,PNT3,replace,2,mình,miềng,1,1,False,none,Pronouns,,,1.3352327346801758,169.3359236812392,4.101950645446777,5.437183380126953,True
NLI_0521,NLI,PNT3,replace,3,cô ấy,ả nớ,2,2,True,standard_word,Pronouns,o nớ,HaTinh_QB_QT; Hue,1.3352327346801758,169.3359236812392,4.101950645446777,5.437183380126953,True
NLI_0521,NLI,PNT4,replace,0,phục,phúc,1,1,False,none,Orthographic variant,,,0.1227970123291015,7.899146973773604,4.101950645446777,4.224747657775879,False
NLI_0521,NLI,PNT4,replace,1,cô ấy,cổ,2,1,True,dialect_phrase,Pronouns,cô ấy,PhuYen; QuangNgai,0.1227970123291015,7.899146973773604,4.101950645446777,4.224747657775879,True
NLI_0647,NLI,PNB,replace,0,tin chuẩn,chính xác,2,2,False,none,Idiomatic expressions,,,-0.6328639984130859,-17.132185758179904,3.5982577800750732,2.9653937816619873,True
NLI_0647,NLI,PNT1,replace,0,đã,đả,1,1,False,none,Orthographic variant,,,1.6584036350250244,155.3054192357726,3.5982577800750732,5.256661415100098,False
NLI_0647,NLI,PNT1,replace,1,thể,thễ,1,1,False,none,Orthographic variant,,,1.6584036350250244,155.3054192357726,3.5982577800750732,5.256661415100098,False
NLI_0647,NLI,PNT3,replace,0,vào nó,vô hắn,2,2,False,none,Pronouns,,,1.1072595119476318,74.02093183348782,3.5982577800750732,4.705517292022705,True
NLI_0647,NLI,PNT4,replace,0,khẳng,khẻng,1,1,False,none,Orthographic variant,,,2.057245969772339,249.3259208374085,3.5982577800750732,5.655503749847412,False
NLI_0647,NLI,PNT4,replace,1,mọi,mụa,1,1,False,none,Orthographic variant,,,2.057245969772339,249.3259208374085,3.5982577800750732,5.655503749847412,False
NLI_0716,NLI,PNT2,replace,0,không,khung,1,1,True,standard_word,Negation/Function words,nỏ,HaTinh_QB_QT; NgheAn,1.3499298095703125,204.3950591252763,4.270228385925293,5.6201581954956055,True
NLI_0716,NLI,PNT2,replace,1,cô gái cưới chồng,ả nớ lấy nhông,4,4,False,none,Kinship/Honorific terms,,,1.3499298095703125,204.3950591252763,4.270228385925293,5.6201581954956055,True
NLI_0716,NLI,PNT3,replace,0,không,nỏ,1,1,True,dialect_phrase,Negation/Function words,không,HaTinh_QB_QT,1.063035011291504,135.57479170136293,4.270228385925293,5.333263397216797,True
NLI_0716,NLI,PNT3,replace,1,cô gái cưới chồng,ả nớ lấy dông,4,4,False,none,Kinship/Honorific terms,,,1.063035011291504,135.57479170136293,4.270228385925293,5.333263397216797,True
NLI_0716,NLI,PNT4,replace,0,gái cưới,nớ lấy,2,2,False,none,Predicate vocabulary,,,0.3223810195922851,27.21380566788541,4.270228385925293,4.592609405517578,True
NLI_0729,NLI,PNT2,replace,0,như thế nào,ra răng,3,2,False,none,Interrogatives,,,1.1996846199035645,45.61734073665245,2.979121685028076,4.178806304931641,True
NLI_0729,NLI,PNT3,replace,0,nhưng không,chơ đều nỏ,2,3,False,none,Negation/Function words,,,2.0499520301818848,133.12088662796526,2.979121685028076,5.029073715209961,True
NLI_0729,NLI,PNT3,delete,1,ấy,,1,0,True,standard_word,Demonstratives/Deixis; Discourse particles,nớ; tê; đỏ,HaTinh_QB_QT; Hue,2.0499520301818848,133.12088662796526,2.979121685028076,5.029073715209961,False
NLI_0729,NLI,PNT3,replace,2,thế nào,răng,2,1,True,dialect_phrase,Interrogatives,sao / thế nào,HaTinh_QB_QT; Hue,2.0499520301818848,133.12088662796526,2.979121685028076,5.029073715209961,True
NLI_0729,NLI,PNT4,replace,0,ông ấy như thế nào,ổng ren hết,5,3,False,none,Interrogatives,,,1.4861140251159668,67.27098799059686,2.979121685028076,4.465235710144043,True
NLI_0830,NLI,PNT3,replace,0,hôm,bữa,1,1,False,none,Predicate vocabulary,,,0.5178799629211426,23.698100438198693,3.553316593170166,4.071196556091309,True
NLI_0830,NLI,PNT3,insert,1,,chừ,0,1,True,dialect_phrase,Negation/Function words,bây giờ,HaTinh_QB_QT; Hue,0.5178799629211426,23.698100438198693,3.553316593170166,4.071196556091309,False
NLI_0830,NLI,PNT3,delete,2,đều,,1,0,False,none,Unknown,,,0.5178799629211426,23.698100438198693,3.553316593170166,4.071196556091309,False
NLI_0830,NLI,PNT3,insert,3,,hết rồi,0,2,False,none,Unknown,,,0.5178799629211426,23.698100438198693,3.553316593170166,4.071196556091309,False
NLI_0830,NLI,PNT4,replace,0,hôm,bữa,1,1,False,none,Predicate vocabulary,,,0.3472373485565185,14.50085198443744,3.553316593170166,3.900553941726685,True
NLI_0959,NLI,PNT2,replace,0,ngưới,người,1,1,False,none,Orthographic variant,,,-0.2548985481262207,-6.4817754948810276,3.3606276512145996,3.105729103088379,False
NLI_0959,NLI,PNT4,replace,0,trong tương lai,sau ni,3,2,False,none,Idiomatic expressions,,,0.6118006706237793,24.306084555975943,3.3606276512145996,3.972428321838379,True
NLI_0959,NLI,PNT4,replace,1,những ngưới,mấy người,2,2,False,none,Predicate vocabulary,,,0.6118006706237793,24.306084555975943,3.3606276512145996,3.972428321838379,True
NLI_0959,NLI,PNT4,replace,2,đến,tới,1,1,False,none,Predicate vocabulary,,,0.6118006706237793,24.306084555975943,3.3606276512145996,3.972428321838379,True
NLI_1019,NLI,PNT2,replace,0,không,nỏ,1,1,True,dialect_phrase,Negation/Function words,không,HaTinh_QB_QT; NgheAn,0.576469898223877,43.29230479129866,4.016763687133789,4.593233585357666,True
NLI_1069,NLI,PNT2,replace,0,không,nỏ,1,1,True,dialect_phrase,Negation/Function words,không,HaTinh_QB_QT; NgheAn,1.0037288665771484,39.21079416569815,3.121734619140625,4.125463485717773,True
NLI_1069,NLI,PNT2,replace,1,vậy,rứa,1,1,True,dialect_phrase,Demonstratives/Deixis,vậy / thế,NgheAn,1.0037288665771484,39.21079416569815,3.121734619140625,4.125463485717773,True
NLI_1069,NLI,PNT2,replace,2,không,nỏ,1,1,True,dialect_phrase,Negation/Function words,không,HaTinh_QB_QT; NgheAn,1.0037288665771484,39.21079416569815,3.121734619140625,4.125463485717773,True
NLI_1077,NLI,PNT3,replace,0,đức,bức,1,1,False,none,Noise/Non-linguistic,,,-0.9794607162475586,-739.2341243268845,7.076440334320068,6.09697961807251,False
NLI_1077,NLI,PNT3,replace,1,cái,cấy,1,1,True,dialect_phrase,Negation/Function words,cái,HaTinh_QB_QT,-0.9794607162475586,-739.2341243268845,7.076440334320068,6.09697961807251,True
NLI_1077,NLI,PNT4,replace,0,đức,bức,1,1,False,none,Noise/Non-linguistic,,,-0.9315977096557616,-717.441007142959,7.076440334320068,6.144842624664307,False
NLI_1114,NLI,PNT3,replace,0,chúng tôi,bọn tau,2,2,True,dialect_phrase,Pronouns,chúng tao,HaTinh_QB_QT; Hue,2.1170146465301514,156.74291755720935,3.0658695697784424,5.182884216308594,True
QA_0268,QA,PNN,replace,0,như thế nào,ra sao,3,2,False,none,Interrogatives,,,0.156069278717041,17.538353262854898,4.642796039581299,4.79886531829834,True
QA_0268,QA,PNT2,replace,0,như thế nào,a răng,3,2,False,none,Interrogatives,,,1.1559405326843262,226.04824699282713,4.642796039581299,5.798736572265625,True
QA_0363,QA,PNT1,replace,0,gì,chi,1,1,False,none,Interrogatives,,,0.9008338451385498,51.31724708846626,3.558457612991333,4.459291458129883,True
QA_0363,QA,PNT1,replace,1,về,viền,1,1,True,dialect_phrase,Predicate vocabulary,về,ThanhHoa,0.9008338451385498,51.31724708846626,3.558457612991333,4.459291458129883,True
QA_0363,QA,PNT2,replace,0,điều gì,cái chi,2,2,False,none,Interrogatives,,,0.8707764148712158,48.75814870798314,3.558457612991333,4.429234027862549,True
QA_0363,QA,PNT3,replace,0,gì,chi,1,1,True,dialect_phrase,Interrogatives,gì; sao / thế nào,HaTinh_QB_QT; Hue,1.2070047855377195,82.27637987818191,3.558457612991333,4.765462398529053,True
QA_0363,QA,PNT3,replace,1,khiến,mần,1,1,True,dialect_phrase,Predicate vocabulary,làm,HaTinh_QB_QT; Hue,1.2070047855377195,82.27637987818191,3.558457612991333,4.765462398529053,True
QA_0572,QA,PNN,replace,0,như thế nào,làm sao,3,2,False,none,Interrogatives,,,0.5329375267028809,25.99792652976614,3.609092712402344,4.142030239105225,True
QA_0572,QA,PNN,replace,1,các,mấy cái,1,2,False,none,Negation/Function words,,,0.5329375267028809,25.99792652976614,3.609092712402344,4.142030239105225,True
QA_0572,QA,PNT1,replace,0,đã,đả,1,1,False,none,Orthographic variant,,,0.6821632385253906,36.12563919300083,3.609092712402344,4.291255950927734,False
QA_10332,QA,PNT1,replace,0,trong,troong,1,1,False,none,Orthographic variant,,,2.269617080688477,561.321743538645,4.169768810272217,6.439385890960693,False
QA_10332,QA,PNT1,replace,1,tiên,tin,1,1,False,none,Orthographic variant,,,2.269617080688477,561.321743538645,4.169768810272217,6.439385890960693,False
QA_10332,QA,PNT1,replace,2,này,ni,1,1,True,dialect_phrase,Demonstratives/Deixis,này,ThanhHoa,2.269617080688477,561.321743538645,4.169768810272217,6.439385890960693,True
QA_10332,QA,PNT1,replace,3,gọi,gọai,1,1,False,none,Orthographic variant,,,2.269617080688477,561.321743538645,4.169768810272217,6.439385890960693,False
QA_10332,QA,PNT1,replace,4,gì,chi,1,1,False,none,Interrogatives,,,2.269617080688477,561.321743538645,4.169768810272217,6.439385890960693,True
QA_10332,QA,PNT2,replace,0,đã,đạ,1,1,True,dialect_phrase,Connectives/Aspect markers,đã,HaTinh_QB_QT,1.0852313041687012,126.82101548328124,4.169768810272217,5.255000114440918,True
QA_10332,QA,PNT2,replace,1,này,ni,1,1,True,dialect_phrase,Demonstratives/Deixis,này,HaTinh_QB_QT; NgheAn,1.0852313041687012,126.82101548328124,4.169768810272217,5.255000114440918,True
QA_10332,QA,PNT2,replace,2,gì,chi,1,1,True,dialect_phrase,Interrogatives,gì,HaTinh_QB_QT; NgheAn,1.0852313041687012,126.82101548328124,4.169768810272217,5.255000114440918,True
QA_10332,QA,PNT3,replace,0,vào,trong,1,1,False,none,Predicate vocabulary,,,0.7889308929443359,77.70800984840017,4.169768810272217,4.958699703216553,True
QA_10332,QA,PNT3,replace,1,này,ni,1,1,True,dialect_phrase,Demonstratives/Deixis,này,HaTinh_QB_QT; Hue,0.7889308929443359,77.70800984840017,4.169768810272217,4.958699703216553,True
QA_10332,QA,PNT3,replace,2,gì,chi,1,1,True,dialect_phrase,Interrogatives,gì; sao / thế nào,HaTinh_QB_QT; Hue,0.7889308929443359,77.70800984840017,4.169768810272217,4.958699703216553,True
QA_10332,QA,PNT4,replace,0,này,ni,1,1,True,dialect_phrase,Demonstratives/Deixis,này,QuangNam,0.8810162544250488,91.4445080192323,4.169768810272217,5.050785064697266,True
QA_10332,QA,PNT4,replace,1,gì,chi,1,1,True,dialect_phrase,Interrogatives,gì,QuangNam,0.8810162544250488,91.4445080192323,4.169768810272217,5.050785064697266,True
QA_10377,QA,PNB,replace,0,cái,thứ,1,1,True,standard_word,Negation/Function words,cái,BacBo,0.0384929180145263,0.9224332315811524,3.1572325229644775,3.195725440979004,True
QA_10377,QA,PNT1,replace,0,chiến,chín,1,1,False,none,Orthographic variant,,,1.2629716396331787,59.60779721808713,3.1572325229644775,4.420204162597656,False
QA_10377,QA,PNT1,replace,1,mươi,mưi,1,1,False,none,Orthographic variant,,,1.2629716396331787,59.60779721808713,3.1572325229644775,4.420204162597656,False
QA_10377,QA,PNT1,replace,2,gì,chi,1,1,False,none,Interrogatives,,,1.2629716396331787,59.60779721808713,3.1572325229644775,4.420204162597656,True
QA_10377,QA,PNT2,replace,0,mươi,mưới,1,1,False,none,Orthographic variant,,,1.4806568622589111,79.82058079462256,3.1572325229644775,4.637889385223389,False
QA_10377,QA,PNT2,replace,1,đã,đạ,1,1,True,dialect_phrase,Connectives/Aspect markers,đã,HaTinh_QB_QT,1.4806568622589111,79.82058079462256,3.1572325229644775,4.637889385223389,True
QA_10377,QA,PNT2,replace,2,gì,chi,1,1,True,dialect_phrase,Interrogatives,gì,HaTinh_QB_QT; NgheAn,1.4806568622589111,79.82058079462256,3.1572325229644775,4.637889385223389,True
QA_10377,QA,PNT2,replace,3,vịnh,vinh,1,1,False,none,Out-of-scope,,,1.4806568622589111,79.82058079462256,3.1572325229644775,4.637889385223389,False
QA_10377,QA,PNT3,replace,0,năm,nam,1,1,False,none,Orthographic variant,,,0.9628422260284424,38.058388902101655,3.1572325229644775,4.12007474899292,False
QA_10377,QA,PNT3,replace,1,gì tại,chi ở cì chỗ,2,4,False,none,Interrogatives,,,0.9628422260284424,38.058388902101655,3.1572325229644775,4.12007474899292,True
QA_10377,QA,PNT4,replace,0,gì,chi,1,1,True,dialect_phrase,Interrogatives,gì,QuangNam,0.3872294425964355,11.115597985781132,3.1572325229644775,3.544461965560913,True
QA_10410,QA,PNB,replace,0,trrong,trong,1,1,False,none,Noise/Non-linguistic,,,-1.062462329864502,-34.123119442828184,3.954017400741577,2.891555070877075,False
QA_10410,QA,PNT1,replace,0,trrong gia,trong giai,2,2,False,none,Noise/Non-linguistic,,,-1.4113147258758545,-39.43044533388289,3.954017400741577,2.5427026748657227,False
QA_10410,QA,PNT2,replace,0,đã,đạ,1,1,True,dialect_phrase,Connectives/Aspect markers,đã,HaTinh_QB_QT,1.4703376293182373,174.72054634394712,3.954017400741577,5.4243550300598145,True
QA_10410,QA,PNT2,replace,1,vào làm những,vô mần nhửng,3,3,False,none,Predicate vocabulary,,,1.4703376293182373,174.72054634394712,3.954017400741577,5.4243550300598145,True
QA_10410,QA,PNT2,replace,2,gì,chi,1,1,True,dialect_phrase,Interrogatives,gì,HaTinh_QB_QT; NgheAn,1.4703376293182373,174.72054634394712,3.954017400741577,5.4243550300598145,True
QA_10410,QA,PNT3,replace,0,trrong gia,trong kì giai,2,3,False,none,Noise/Non-linguistic,,,0.9310953617095948,80.160951889002,3.954017400741577,4.885112762451172,False
QA_10410,QA,PNT3,replace,1,đã,đạ,1,1,True,dialect_phrase,Connectives/Aspect markers,đã,HaTinh_QB_QT,0.9310953617095948,80.160951889002,3.954017400741577,4.885112762451172,True
QA_10410,QA,PNT3,replace,2,vào làm,vô mần,2,2,False,none,Predicate vocabulary,,,0.9310953617095948,80.160951889002,3.954017400741577,4.885112762451172,True
QA_10410,QA,PNT3,insert,3,,kì,0,1,True,dialect_phrase,Negation/Function words,cái,HaTinh_QB_QT,0.9310953617095948,80.160951889002,3.954017400741577,4.885112762451172,False
QA_10410,QA,PNT3,replace,4,gì,chi,1,1,True,dialect_phrase,Interrogatives,gì; sao / thế nào,HaTinh_QB_QT; Hue,0.9310953617095948,80.160951889002,3.954017400741577,4.885112762451172,True
QA_10410,QA,PNT4,replace,0,trrong gia,trong giai,2,2,False,none,Noise/Non-linguistic,,,-0.2467761039733886,-11.403173369692643,3.954017400741577,3.707241296768189,False
QA_10410,QA,PNT4,replace,1,vào,vô,1,1,False,none,Connectives/Aspect markers,,,-0.2467761039733886,-11.403173369692643,3.954017400741577,3.707241296768189,True
QA_10410,QA,PNT4,replace,2,những,mấy,1,1,False,none,Negation/Function words,,,-0.2467761039733886,-11.403173369692643,3.954017400741577,3.707241296768189,True
QA_10410,QA,PNT4,replace,3,gì,chi,1,1,True,dialect_phrase,Interrogatives,gì,QuangNam,-0.2467761039733886,-11.403173369692643,3.954017400741577,3.707241296768189,True
QA_11490,QA,PNT1,replace,0,làm,mằn,1,1,True,standard_word,Predicate vocabulary,mần,ThanhHoa,0.5856575965881348,83.58315648786325,4.653782367706299,5.239439964294434,True
QA_11490,QA,PNT2,replace,0,đã làm gì,đạ mần chi,3,3,False,none,Interrogatives,,,0.5893568992614746,84.2820053655984,4.653782367706299,5.243139266967773,True
QA_11490,QA,PNT3,replace,0,làm gì,mần chi,2,2,True,dialect_phrase,Interrogatives,làm gì,HaTinh_QB_QT; Hue,0.7754945755004883,123.0030266817393,4.653782367706299,5.429276943206787,True
QA_11490,QA,PNT4,replace,0,tin,nói,1,1,False,none,Predicate vocabulary,,,0.1779394149780273,20.4454189158442,4.653782367706299,4.831721782684326,True
QA_11490,QA,PNT4,replace,1,gì,chi,1,1,True,dialect_phrase,Interrogatives,gì,QuangNam,0.1779394149780273,20.4454189158442,4.653782367706299,4.831721782684326,True
QA_11800,QA,PNB,replace,0,người,quân,1,1,False,none,Predicate vocabulary,,,-0.3296196460723877,-7.060564372749095,3.224627733230591,2.895008087158203,True
QA_11800,QA,PNB,replace,1,quân,quay,1,1,False,none,Noise/Non-linguistic,,,-0.3296196460723877,-7.060564372749095,3.224627733230591,2.895008087158203,False
QA_11800,QA,PNB,replace,2,đối với,trước,2,1,False,none,Connectives/Aspect markers,,,-0.3296196460723877,-7.060564372749095,3.224627733230591,2.895008087158203,True
QA_11800,QA,PNT2,replace,0,thế nào,răng,2,1,True,dialect_phrase,Interrogatives,sao / thế nào,HaTinh_QB_QT; NgheAn,1.830261468887329,131.64294563801437,3.224627733230591,5.05488920211792,True
QA_11800,QA,PNT2,replace,1,này,ni,1,1,True,dialect_phrase,Demonstratives/Deixis,này,HaTinh_QB_QT; NgheAn,1.830261468887329,131.64294563801437,3.224627733230591,5.05488920211792,True
QA_11800,QA,PNT3,replace,0,người,quân,1,1,False,none,Predicate vocabulary,,,1.6987407207489014,112.32066624762372,3.224627733230591,4.923368453979492,True
QA_11800,QA,PNT3,delete,1,quân,,1,0,False,none,Unknown,,,1.6987407207489014,112.32066624762372,3.224627733230591,4.923368453979492,False
QA_11800,QA,PNT3,replace,2,thế nào,răng,2,1,True,dialect_phrase,Interrogatives,sao / thế nào,HaTinh_QB_QT; Hue,1.6987407207489014,112.32066624762372,3.224627733230591,4.923368453979492,True
QA_11800,QA,PNT3,replace,3,này,ni,1,1,True,dialect_phrase,Demonstratives/Deixis,này,HaTinh_QB_QT; Hue,1.6987407207489014,112.32066624762372,3.224627733230591,4.923368453979492,True
QA_12019,QA,PNT2,replace,0,vào,vô,1,1,False,none,Connectives/Aspect markers,,,1.052177906036377,36.36578956260527,2.9709672927856445,4.0231451988220215,True
QA_12019,QA,PNT2,replace,1,nào,mô,1,1,True,dialect_phrase,Interrogatives; Negation/Function words,đâu (phủ định); đâu / nào,HaTinh_QB_QT; NgheAn,1.052177906036377,36.36578956260527,2.9709672927856445,4.0231451988220215,False
QA_12019,QA,PNT3,replace,0,nha-kẻ,nha - kẻ,1,3,False,none,Noise/Non-linguistic,,,0.8982694149017334,28.395022877467746,2.9709672927856445,3.869236707687378,False
QA_12019,QA,PNT3,replace,1,vào,vô,1,1,False,none,Connectives/Aspect markers,,,0.8982694149017334,28.395022877467746,2.9709672927856445,3.869236707687378,True
QA_12019,QA,PNT3,replace,2,nào,mô,1,1,True,dialect_phrase,Interrogatives; Negation/Function words,đâu (phủ định); đâu / nào,HaTinh_QB_QT; Hue,0.8982694149017334,28.395022877467746,2.9709672927856445,3.869236707687378,False
QA_1203,QA,PNN,replace,0,chú,để,1,1,False,none,Noise/Non-linguistic,,,0.9530038833618164,486.09620712149336,5.720480918884277,6.673484802246094,False
QA_1203,QA,PNN,delete,1,như thế,,2,0,False,none,Unknown,,,0.9530038833618164,486.09620712149336,5.720480918884277,6.673484802246094,False
QA_1203,QA,PNN,insert,2,,cái,0,1,True,dialect_phrase,Negation/Function words,cái,NamBo,0.9530038833618164,486.09620712149336,5.720480918884277,6.673484802246094,False
QA_1203,QA,PNN,insert,3,,nó,0,1,True,dialect_phrase,Pronouns,nó,NamBo,0.9530038833618164,486.09620712149336,5.720480918884277,6.673484802246094,False
QA_1203,QA,PNT1,replace,0,thế nào,răng,2,1,False,none,Interrogatives,,,1.385270595550537,913.906212231085,5.720480918884277,7.1057515144348145,True
QA_1203,QA,PNT1,replace,1,tử,tữ,1,1,False,none,Orthographic variant,,,1.385270595550537,913.906212231085,5.720480918884277,7.1057515144348145,False
QA_12099,QA,PNT2,replace,0,như thế nào,ra răng,3,2,False,none,Interrogatives,,,1.101872205734253,74.24636110154877,3.6093556880950928,4.711227893829346,True
QA_12099,QA,PNT3,replace,0,thế nào,răng,2,1,True,dialect_phrase,Interrogatives,sao / thế nào,HaTinh_QB_QT; Hue,1.166531324386597,81.67323856594909,3.6093556880950928,4.7758870124816895,True
QA_1224,QA,PNN,insert,0,,đó,0,1,True,dialect_phrase,Demonstratives/Deixis,kia; ấy / đó,NamBo,-0.0287132263183593,-2.1851946368662,4.346424579620361,4.317711353302002,False
QA_1224,QA,PNN,delete,1,lập tức,,2,0,False,none,Unknown,,,-0.0287132263183593,-2.1851946368662,4.346424579620361,4.317711353302002,False
QA_1224,QA,PNN,insert,2,,liền,0,1,False,none,Unknown,,,-0.0287132263183593,-2.1851946368662,4.346424579620361,4.317711353302002,False
QA_12824,QA,PNT3,replace,0,vào,vô,1,1,False,none,Connectives/Aspect markers,,,1.6969985961914062,100.26630939195778,3.113232135772705,4.810230731964111,True
QA_12824,QA,PNT3,replace,1,thế nào,răng,2,1,True,dialect_phrase,Interrogatives,sao / thế nào,HaTinh_QB_QT; Hue,1.6969985961914062,100.26630939195778,3.113232135772705,4.810230731964111,True
QA_13794,QA,PNT3,replace,0,thế,thể,1,1,True,standard_word,Demonstratives/Deixis,a rứa; như rứa,HaTinh_QB_QT; Hue,2.1973555088043213,144.28362257884106,2.8921921253204346,5.089547634124756,True
QA_13794,QA,PNT3,replace,1,thế nào,răng,2,1,True,dialect_phrase,Interrogatives,sao / thế nào,HaTinh_QB_QT; Hue,2.1973555088043213,144.28362257884106,2.8921921253204346,5.089547634124756,True
QA_1521,QA,PNN,insert,0,,vậy,0,1,True,dialect_phrase,Demonstratives/Deixis,thế này / vậy; vậy / thế,NamBo,0.0951089859008789,1.7580181173250544,2.868987560272217,2.9640965461730957,False
QA_1521,QA,PNT4,replace,0,giai đoạn,thời gian,2,2,False,none,Predicate vocabulary,,,1.2821221351623535,45.88526097201988,2.868987560272217,4.15110969543457,True
QA_1521,QA,PNT4,delete,1,là,,1,0,False,none,Unknown,,,1.2821221351623535,45.88526097201988,2.868987560272217,4.15110969543457,False
QA_1521,QA,PNT4,replace,2,thế nào,ren,2,1,True,dialect_phrase,Interrogatives,sao / thế nào,QuangNam,1.2821221351623535,45.88526097201988,2.868987560272217,4.15110969543457,True
SENT_0018,SENT,PNB,replace,0,chừ,giờ,1,1,False,none,Demonstratives/Deixis,,,-0.6072149276733398,-49.845450495653914,4.696091175079346,4.088876247406006,True
SENT_0018,SENT,PNB,delete,1,vậy,,1,0,True,standard_word,Demonstratives/Deixis,thế (ấy); thế này,BacBo,-0.6072149276733398,-49.845450495653914,4.696091175079346,4.088876247406006,False
SENT_0018,SENT,PNB,delete,2,trất,,1,0,False,none,Unknown,,,-0.6072149276733398,-49.845450495653914,4.696091175079346,4.088876247406006,False
SENT_0018,SENT,PNN,replace,0,chừ,giờ,1,1,True,dialect_phrase,Negation/Function words,bây giờ,NamBo,-0.5348682403564453,-45.3683212268556,4.696091175079346,4.1612229347229,True
SENT_0018,SENT,PNN,replace,1,trất,dẹp đi,1,2,False,none,Predicate vocabulary,,,-0.5348682403564453,-45.3683212268556,4.696091175079346,4.1612229347229,True
SENT_0018,SENT,PNT1,replace,0,gì,chi,1,1,False,none,Interrogatives,,,0.2151575088500976,26.290643906967247,4.696091175079346,4.911248683929443,True
SENT_0018,SENT,PNT2,replace,0,bây chừ,ni,2,1,True,dialect_phrase,Demonstratives/Deixis,này,HaTinh_QB_QT; NgheAn,0.7168483734130859,114.77168367078814,4.696091175079346,5.412939548492432,True
SENT_0018,SENT,PNT2,replace,1,gì cũng,chi cụng,2,2,False,none,Interrogatives,,,0.7168483734130859,114.77168367078814,4.696091175079346,5.412939548492432,True
SENT_0018,SENT,PNT2,replace,2,trất,dẹp,1,1,False,none,Predicate vocabulary,,,0.7168483734130859,114.77168367078814,4.696091175079346,5.412939548492432,True
SENT_0018,SENT,PNT3,replace,0,bây chừ,ni,2,1,True,dialect_phrase,Demonstratives/Deixis,này,HaTinh_QB_QT; Hue,0.6457257270812988,99.37365480784918,4.696091175079346,5.3418169021606445,True
SENT_0018,SENT,PNT3,replace,1,gì,chi,1,1,True,dialect_phrase,Interrogatives,gì; sao / thế nào,HaTinh_QB_QT; Hue,0.6457257270812988,99.37365480784918,4.696091175079346,5.3418169021606445,True
SENT_0018,SENT,PNT3,delete,2,có thể,,2,0,False,none,Unknown,,,0.6457257270812988,99.37365480784918,4.696091175079346,5.3418169021606445,False
SENT_0018,SENT,PNT3,insert,3,,được,0,1,False,none,Unknown,,,0.6457257270812988,99.37365480784918,4.696091175079346,5.3418169021606445,False
SENT_0018,SENT,PNT3,replace,4,thôi trất,dẹp đi,2,2,False,none,Idiomatic expressions,,,0.6457257270812988,99.37365480784918,4.696091175079346,5.3418169021606445,True
SENT_0018,SENT,PNT4,replace,0,bây chừ,bi giờ,2,2,True,dialect_phrase,Negation/Function words,bây giờ,PhuYen; QuangNgai,0.4969024658203125,70.48837527574956,4.696091175079346,5.192993640899658,True
SENT_0018,SENT,PNT4,replace,1,gì,chi,1,1,True,dialect_phrase,Interrogatives,gì,QuangNam,0.4969024658203125,70.48837527574956,4.696091175079346,5.192993640899658,True
SENT_0018,SENT,PNT4,replace,2,vậy,rứa,1,1,True,standard_word,Demonstratives/Deixis,như dậy; như ri; như rứa; như vầy; như vậy,PhuYen; QuangNam; QuangNgai,0.4969024658203125,70.48837527574956,4.696091175079346,5.192993640899658,True
SENT_0018,SENT,PNT4,replace,3,trất,tốt nhứt,1,2,False,none,Predicate vocabulary,,,0.4969024658203125,70.48837527574956,4.696091175079346,5.192993640899658,True
SENT_0070,SENT,PNB,replace,0,vốn,trình độ,1,2,False,none,Predicate vocabulary,,,-0.8891201019287109,-144.88705995632438,5.505312919616699,4.616192817687988,True
SENT_0070,SENT,PNT1,replace,0,xem cái này,xiêm cấy ni,3,3,False,none,Demonstratives/Deixis,,,0.725212574005127,262.0269554538256,5.505312919616699,6.230525493621826,True
SENT_0070,SENT,PNT2,replace,0,này,ni,1,1,True,dialect_phrase,Demonstratives/Deixis,này,HaTinh_QB_QT; NgheAn,0.6013917922973633,202.8617413492074,5.505312919616699,6.1067047119140625,True
SENT_0070,SENT,PNT2,replace,1,cũng khá,cụng được,2,2,False,none,Predicate vocabulary,,,0.6013917922973633,202.8617413492074,5.505312919616699,6.1067047119140625,True
SENT_0070,SENT,PNT3,replace,0,xem,coi,1,1,True,dialect_phrase,Predicate vocabulary,xem,HaTinh_QB_QT,1.7945504188537598,1234.1022209259754,5.505312919616699,7.299863338470459,True
SENT_0070,SENT,PNT3,replace,1,này,ni,1,1,True,dialect_phrase,Demonstratives/Deixis,này,HaTinh_QB_QT; Hue,1.7945504188537598,1234.1022209259754,5.505312919616699,7.299863338470459,True
SENT_0070,SENT,PNT3,replace,2,mình,tau,1,1,True,dialect_phrase,Pronouns,tao; tôi,HaTinh_QB_QT; Hue,1.7945504188537598,1234.1022209259754,5.505312919616699,7.299863338470459,True
SENT_0070,SENT,PNT4,replace,0,này,ni,1,1,True,dialect_phrase,Demonstratives/Deixis,này,QuangNam,0.6985564231872559,248.6639290562089,5.505312919616699,6.203869342803955,True
SENT_0192,SENT,PNN,replace,0,phát khổ,mệt,2,1,False,none,Predicate vocabulary,,,-0.0377984046936035,-5.175827647608429,4.938327312469482,4.900528907775879,True
SENT_0192,SENT,PNN,replace,1,bố mẹ,ba má,2,2,False,none,Kinship/Honorific terms,,,-0.0377984046936035,-5.175827647608429,4.938327312469482,4.900528907775879,True
SENT_0192,SENT,PNN,replace,2,mấy,họ,1,1,False,none,Pronouns,,,-0.0377984046936035,-5.175827647608429,4.938327312469482,4.900528907775879,True
SENT_0192,SENT,PNN,replace,3,thế nào,vậy,2,1,True,dialect_phrase,Demonstratives/Deixis,thế này / vậy; vậy / thế,NamBo,-0.0377984046936035,-5.175827647608429,4.938327312469482,4.900528907775879,True
SENT_0192,SENT,PNT1,replace,0,làm,mần,1,1,True,dialect_phrase,Predicate vocabulary,làm,ThanhHoa,0.3067054748535156,50.08537929852508,4.938327312469482,5.245032787322998,True
SENT_0192,SENT,PNT1,replace,1,chứ,chớ,1,1,False,none,Discourse particles,,,0.3067054748535156,50.08537929852508,4.938327312469482,5.245032787322998,True
SENT_0192,SENT,PNT1,replace,2,con,cuôn,1,1,False,none,Orthographic variant,,,0.3067054748535156,50.08537929852508,4.938327312469482,5.245032787322998,False
SENT_0192,SENT,PNT2,replace,0,mình,mà,1,1,False,none,Noise/Non-linguistic,,,0.8215727806091309,177.77997217914304,4.938327312469482,5.759900093078613,False
SENT_0192,SENT,PNT2,replace,1,làm,mần,1,1,True,dialect_phrase,Predicate vocabulary,làm,HaTinh_QB_QT,0.8215727806091309,177.77997217914304,4.938327312469482,5.759900093078613,True
SENT_0192,SENT,PNT2,insert,2,,không,0,1,False,none,Unknown,,,0.8215727806091309,177.77997217914304,4.938327312469482,5.759900093078613,False
SENT_0192,SENT,PNT2,replace,3,sẽ,có lẹ,1,2,False,none,Connectives/Aspect markers,,,0.8215727806091309,177.77997217914304,4.938327312469482,5.759900093078613,True
SENT_0192,SENT,PNT2,delete,4,bố mẹ vì,,3,0,False,none,Unknown,,,0.8215727806091309,177.77997217914304,4.938327312469482,5.759900093078613,False
SENT_0192,SENT,PNT2,insert,5,,cấy,0,1,True,dialect_phrase,Negation/Function words,cái,HaTinh_QB_QT; NgheAn,0.8215727806091309,177.77997217914304,4.938327312469482,5.759900093078613,False
SENT_0192,SENT,PNT2,replace,6,như thế nào,ni,3,1,True,dialect_phrase,Demonstratives/Deixis,này,HaTinh_QB_QT; NgheAn,0.8215727806091309,177.77997217914304,4.938327312469482,5.759900093078613,True
SENT_0192,SENT,PNT3,replace,0,mình,mà tau,1,2,False,none,Pronouns,,,0.3884286880493164,66.23272150210661,4.938327312469482,5.326756000518799,True
SENT_0192,SENT,PNT3,insert,1,,10 năm,0,2,False,none,Unknown,,,0.3884286880493164,66.23272150210661,4.938327312469482,5.326756000518799,False
SENT_0192,SENT,PNT3,replace,2,chứ,chơ,1,1,True,dialect_phrase,Connectives/Aspect markers,chứ,HaTinh_QB_QT,0.3884286880493164,66.23272150210661,4.938327312469482,5.326756000518799,True
SENT_0192,SENT,PNT3,replace,3,phát khổ,phải khổi,2,2,False,none,Predicate vocabulary,,,0.3884286880493164,66.23272150210661,4.938327312469482,5.326756000518799,True
SENT_0192,SENT,PNT3,replace,4,bố,ba,1,1,True,standard_word,Kinship/Honorific terms,bọ; ôn,HaTinh_QB_QT; Hue,0.3884286880493164,66.23272150210661,4.938327312469482,5.326756000518799,True
SENT_0192,SENT,PNT3,insert,5,,cì,0,1,False,none,Unknown,,,0.3884286880493164,66.23272150210661,4.938327312469482,5.326756000518799,False
SENT_0192,SENT,PNT3,replace,6,thế nào,răng,2,1,True,dialect_phrase,Interrogatives,sao / thế nào,HaTinh_QB_QT; Hue,0.3884286880493164,66.23272150210661,4.938327312469482,5.326756000518799,True
SENT_0192,SENT,PNT4,insert,0,,chừ,0,1,True,dialect_phrase,Negation/Function words,bây giờ,QuangNam,0.7267541885375977,149.07484925829942,4.938327312469482,5.66508150100708,False
SENT_0192,SENT,PNT4,delete,1,sẽ,,1,0,False,none,Unknown,,,0.7267541885375977,149.07484925829942,4.938327312469482,5.66508150100708,False
SENT_0192,SENT,PNT4,replace,2,bố mẹ,ba má,2,2,False,none,Kinship/Honorific terms,,,0.7267541885375977,149.07484925829942,4.938327312469482,5.66508150100708,True
SENT_0192,SENT,PNT4,replace,3,thế nào,ri,2,1,True,standard_word,Interrogatives,ren; sao; sô,PhuYen; QuangNam; QuangNgai,0.7267541885375977,149.07484925829942,4.938327312469482,5.66508150100708,True
SENT_0237,SENT,PNN,delete,0,người đàn,,2,0,False,none,Unknown,,,0.7844877243041992,40.47960161319032,3.525766372680664,4.310254096984863,False
SENT_0237,SENT,PNN,delete,1,rất,,1,0,True,standard_word,Predicate vocabulary,dữ,NamBo,0.7844877243041992,40.47960161319032,3.525766372680664,4.310254096984863,False
SENT_0237,SENT,PNN,replace,2,không nhỉ,lắm hông,2,2,False,none,Negation/Function words,,,0.7844877243041992,40.47960161319032,3.525766372680664,4.310254096984863,True
SENT_0237,SENT,PNN,delete,3,nhận,,1,0,False,none,Unknown,,,0.7844877243041992,40.47960161319032,3.525766372680664,4.310254096984863,False
SENT_0237,SENT,PNN,replace,4,ông ấy,ổng,2,1,True,dialect_phrase,Pronouns,ông ấy,NamBo,0.7844877243041992,40.47960161319032,3.525766372680664,4.310254096984863,True
SENT_0237,SENT,PNN,replace,5,không,hông,1,1,True,dialect_phrase,Negation/Function words,không,NamBo,0.7844877243041992,40.47960161319032,3.525766372680664,4.310254096984863,True
SENT_0237,SENT,PNN,replace,6,không,hông,1,1,True,dialect_phrase,Negation/Function words,không,NamBo,0.7844877243041992,40.47960161319032,3.525766372680664,4.310254096984863,True
SENT_0237,SENT,PNN,delete,7,ra,,1,0,False,none,Unknown,,,0.7844877243041992,40.47960161319032,3.525766372680664,4.310254096984863,False
SENT_0237,SENT,PNT1,replace,0,có,cóa,1,1,False,none,Orthographic variant,,,1.0977325439453125,67.86996844309627,3.525766372680664,4.623498916625977,False
SENT_0237,SENT,PNT1,delete,1,hình như,,2,0,False,none,Unknown,,,1.0977325439453125,67.86996844309627,3.525766372680664,4.623498916625977,False
SENT_0237,SENT,PNT1,replace,2,này,ni,1,1,True,dialect_phrase,Demonstratives/Deixis,này,ThanhHoa,1.0977325439453125,67.86996844309627,3.525766372680664,4.623498916625977,True
SENT_0237,SENT,PNT1,replace,3,ấy,nứ,1,1,True,dialect_phrase,Demonstratives/Deixis,ấy / đó,ThanhHoa,1.0977325439453125,67.86996844309627,3.525766372680664,4.623498916625977,True
SENT_0237,SENT,PNT1,replace,4,or,hoặc,1,1,False,none,Connectives/Aspect markers,,,1.0977325439453125,67.86996844309627,3.525766372680664,4.623498916625977,True
SENT_0237,SENT,PNT1,replace,5,nói,nuối,1,1,False,none,Orthographic variant,,,1.0977325439453125,67.86996844309627,3.525766372680664,4.623498916625977,False
SENT_0237,SENT,PNT2,replace,0,nhìn thấy,chộ,2,1,True,dialect_phrase,Predicate vocabulary,thấy,HaTinh_QB_QT,1.1389989852905271,72.16087240172789,3.525766372680664,4.664765357971191,True
SENT_0237,SENT,PNT2,replace,1,người,ngài,1,1,False,none,Orthographic variant,,,1.1389989852905271,72.16087240172789,3.525766372680664,4.664765357971191,False
SENT_0237,SENT,PNT2,replace,2,này,ni,1,1,True,dialect_phrase,Demonstratives/Deixis,này,HaTinh_QB_QT; NgheAn,1.1389989852905271,72.16087240172789,3.525766372680664,4.664765357971191,True
SENT_0237,SENT,PNT2,replace,3,nhỉ mình nhận thấy,hè tui chộ,4,3,False,none,Pronouns,,,1.1389989852905271,72.16087240172789,3.525766372680664,4.664765357971191,True
SENT_0237,SENT,PNT2,replace,4,ấy,ni,1,1,True,dialect_phrase,Demonstratives/Deixis,này,HaTinh_QB_QT; NgheAn,1.1389989852905271,72.16087240172789,3.525766372680664,4.664765357971191,True
SENT_0237,SENT,PNT2,replace,5,không,nỏ,1,1,True,dialect_phrase,Negation/Function words,không,HaTinh_QB_QT; NgheAn,1.1389989852905271,72.16087240172789,3.525766372680664,4.664765357971191,True
SENT_0237,SENT,PNT2,replace,6,or không,hoặc nỏ,2,2,False,none,Negation/Function words,,,1.1389989852905271,72.16087240172789,3.525766372680664,4.664765357971191,True
SENT_0237,SENT,PNT3,replace,0,nhìn thấy,chộ,2,1,True,dialect_phrase,Predicate vocabulary,thấy,HaTinh_QB_QT; Hue,1.265368938446045,86.45822087078315,3.525766372680664,4.791135311126709,True
SENT_0237,SENT,PNT3,delete,1,người đàn,,2,0,False,none,Unknown,,,1.265368938446045,86.45822087078315,3.525766372680664,4.791135311126709,False
SENT_0237,SENT,PNT3,replace,2,này,ni,1,1,True,dialect_phrase,Demonstratives/Deixis,này,HaTinh_QB_QT; Hue,1.265368938446045,86.45822087078315,3.525766372680664,4.791135311126709,True
SENT_0237,SENT,PNT3,replace,3,nhỉ mình nhận,hè tao,3,2,False,none,Predicate vocabulary,,,1.265368938446045,86.45822087078315,3.525766372680664,4.791135311126709,True
SENT_0237,SENT,PNT3,insert,4,,là,0,1,False,none,Unknown,,,1.265368938446045,86.45822087078315,3.525766372680664,4.791135311126709,False
SENT_0237,SENT,PNT3,replace,5,ấy,ơ,1,1,True,standard_word,Demonstratives/Deixis; Discourse particles,nớ; tê; đỏ,HaTinh_QB_QT; Hue,1.265368938446045,86.45822087078315,3.525766372680664,4.791135311126709,False
SENT_0237,SENT,PNT3,delete,6,thể or không muốn,,4,0,False,none,Unknown,,,1.265368938446045,86.45822087078315,3.525766372680664,4.791135311126709,False
SENT_0237,SENT,PNT3,insert,7,,được,0,1,False,none,Unknown,,,1.265368938446045,86.45822087078315,3.525766372680664,4.791135311126709,False
SENT_0237,SENT,PNT4,delete,0,người đàn,,2,0,False,none,Unknown,,,0.0866045951843261,3.073997288143836,3.525766372680664,3.6123709678649902,False
SENT_0237,SENT,PNT4,replace,1,này,nớ,1,1,True,dialect_phrase,Demonstratives/Deixis,ấy / đó,QuangNam,0.0866045951843261,3.073997288143836,3.525766372680664,3.6123709678649902,True
SENT_0237,SENT,PNT4,delete,2,nhỉ,,1,0,False,none,Unknown,,,0.0866045951843261,3.073997288143836,3.525766372680664,3.6123709678649902,False
SENT_0237,SENT,PNT4,delete,3,nhận,,1,0,False,none,Unknown,,,0.0866045951843261,3.073997288143836,3.525766372680664,3.6123709678649902,False
SENT_0237,SENT,PNT4,replace,4,ấy,nớ,1,1,True,dialect_phrase,Demonstratives/Deixis,ấy / đó,QuangNam,0.0866045951843261,3.073997288143836,3.525766372680664,3.6123709678649902,True
SENT_0237,SENT,PNT4,replace,5,or,hay,1,1,False,none,Noise/Non-linguistic,,,0.0866045951843261,3.073997288143836,3.525766372680664,3.6123709678649902,False
SENT_0343,SENT,PNB,replace,0,móa thiệt chứ tụi,mé thật sự bọn,4,4,False,none,Noise/Non-linguistic,,,-0.1668062210083007,-65.51040924268392,6.055375576019287,5.888569355010986,False
SENT_0343,SENT,PNB,insert,1,,để,0,1,False,none,Unknown,,,-0.1668062210083007,-65.51040924268392,6.055375576019287,5.888569355010986,False
SENT_0343,SENT,PNB,delete,2,vậy,,1,0,True,standard_word,Demonstratives/Deixis,thế (ấy); thế này,BacBo,-0.1668062210083007,-65.51040924268392,6.055375576019287,5.888569355010986,False
SENT_0343,SENT,PNN,replace,0,móa,má,1,1,False,none,Noise/Non-linguistic,,,0.7962889671325684,519.0543248722156,6.055375576019287,6.8516645431518555,False
SENT_0343,SENT,PNN,replace,1,nhỉ,ta,1,1,True,standard_word,Discourse particles,nhỉ,NamBo,0.7962889671325684,519.0543248722156,6.055375576019287,6.8516645431518555,True
SENT_0343,SENT,PNT1,replace,0,thiệt,thặc,1,1,False,none,Orthographic variant,,,-0.342111587524414,-123.54103889431389,6.055375576019287,5.713263988494873,False
SENT_0343,SENT,PNT1,replace,1,này,ni,1,1,True,dialect_phrase,Demonstratives/Deixis,này,ThanhHoa,-0.342111587524414,-123.54103889431389,6.055375576019287,5.713263988494873,True
SENT_0343,SENT,PNT1,replace,2,làm gì,mằn chi,2,2,True,standard_word,Interrogatives,mần chi,ThanhHoa,-0.342111587524414,-123.54103889431389,6.055375576019287,5.713263988494873,True
SENT_0343,SENT,PNT2,replace,0,móa thiệt chứ tụi này,moá thật chư bọn ni,5,5,False,none,Demonstratives/Deixis,,,1.3968510627746582,1297.297905382265,6.055375576019287,7.452226638793945,True
SENT_0343,SENT,PNT2,replace,1,làm gì vậy nhỉ,mần chi rứa hè,4,4,False,none,Interrogatives,,,1.3968510627746582,1297.297905382265,6.055375576019287,7.452226638793945,True
SENT_0343,SENT,PNT3,replace,0,móa,mẹ,1,1,False,none,Kinship/Honorific terms,,,0.3284611701965332,165.79643753632575,6.055375576019287,6.38383674621582,True
SENT_0343,SENT,PNT3,replace,1,chứ,chơ,1,1,True,dialect_phrase,Connectives/Aspect markers,chứ,HaTinh_QB_QT,0.3284611701965332,165.79643753632575,6.055375576019287,6.38383674621582,True
SENT_0343,SENT,PNT3,replace,2,này,ni,1,1,True,dialect_phrase,Demonstratives/Deixis,này,HaTinh_QB_QT; Hue,0.3284611701965332,165.79643753632575,6.055375576019287,6.38383674621582,True
SENT_0343,SENT,PNT3,replace,3,gì vậy nhỉ,chi rứa he,3,3,False,none,Interrogatives,,,0.3284611701965332,165.79643753632575,6.055375576019287,6.38383674621582,True
SENT_0343,SENT,PNT4,replace,0,chứ,chớ,1,1,False,none,Discourse particles,,,1.6878547668457031,1879.5102216892024,6.055375576019287,7.74323034286499,True
SENT_0343,SENT,PNT4,replace,1,này,ni,1,1,True,dialect_phrase,Demonstratives/Deixis,này,QuangNam,1.6878547668457031,1879.5102216892024,6.055375576019287,7.74323034286499,True
SENT_0343,SENT,PNT4,replace,2,gì vậy nhỉ,chi ri bây,3,3,False,none,Interrogatives,,,1.6878547668457031,1879.5102216892024,6.055375576019287,7.74323034286499,True
SENT_0462,SENT,PNB,delete,0,như,,1,0,False,none,Unknown,,,0.5954537391662598,109.09918430110773,4.8982319831848145,5.493685722351074,False
SENT_0462,SENT,PNB,delete,1,bây,,1,0,False,none,Unknown,,,0.5954537391662598,109.09918430110773,4.8982319831848145,5.493685722351074,False
SENT_0462,SENT,PNB,replace,2,không,chả,1,1,True,standard_word,Negation/Function words,không,BacBo,0.5954537391662598,109.09918430110773,4.8982319831848145,5.493685722351074,True
SENT_0462,SENT,PNB,insert,3,,đem,0,1,False,none,Unknown,,,0.5954537391662598,109.09918430110773,4.8982319831848145,5.493685722351074,False
SENT_0462,SENT,PNN,replace,0,thế này,vầy,2,1,True,standard_word,Demonstratives/Deixis,vậy,NamBo,0.113588809967041,16.12536744580038,4.8982319831848145,5.0118207931518555,True
SENT_0462,SENT,PNN,replace,1,không,hông,1,1,True,dialect_phrase,Negation/Function words,không,NamBo,0.113588809967041,16.12536744580038,4.8982319831848145,5.0118207931518555,True
SENT_0462,SENT,PNN,replace,2,lười,làm biếng,1,2,False,none,Predicate vocabulary,,,0.113588809967041,16.12536744580038,4.8982319831848145,5.0118207931518555,True
SENT_0462,SENT,PNT1,replace,0,tao,tau,1,1,True,standard_word,Pronouns,choa,ThanhHoa,1.886965274810791,750.6020120634066,4.8982319831848145,6.7851972579956055,True
SENT_0462,SENT,PNT1,replace,1,viết,vít,1,1,False,none,Orthographic variant,,,1.886965274810791,750.6020120634066,4.8982319831848145,6.7851972579956055,False
SENT_0462,SENT,PNT1,replace,2,thế này,ri,2,1,False,none,Demonstratives/Deixis,,,1.886965274810791,750.6020120634066,4.8982319831848145,6.7851972579956055,True
SENT_0462,SENT,PNT1,replace,3,giờ,chừ,1,1,False,none,Demonstratives/Deixis,,,1.886965274810791,750.6020120634066,4.8982319831848145,6.7851972579956055,True
SENT_0462,SENT,PNT1,replace,4,muốn,mún,1,1,False,none,Orthographic variant,,,1.886965274810791,750.6020120634066,4.8982319831848145,6.7851972579956055,False
SENT_0462,SENT,PNT1,replace,5,đọc,đuộc,1,1,False,none,Orthographic variant,,,1.886965274810791,750.6020120634066,4.8982319831848145,6.7851972579956055,False
SENT_0462,SENT,PNT1,replace,6,có,cóa,1,1,False,none,Orthographic variant,,,1.886965274810791,750.6020120634066,4.8982319831848145,6.7851972579956055,False
SENT_0462,SENT,PNT2,replace,0,tao đã,tau đạ,2,2,False,none,Pronouns,,,1.3992071151733398,409.12653635445054,4.8982319831848145,6.297439098358154,True
SENT_0462,SENT,PNT2,replace,1,như thế này bây giờ không,a ri chừ nỏ,6,4,False,none,Demonstratives/Deixis,,,1.3992071151733398,409.12653635445054,4.8982319831848145,6.297439098358154,True
SENT_0462,SENT,PNT2,replace,2,lười,nhác,1,1,True,dialect_phrase,Predicate vocabulary,lười,HaTinh_QB_QT; NgheAn,1.3992071151733398,409.12653635445054,4.8982319831848145,6.297439098358154,True
SENT_0462,SENT,PNT3,replace,0,thế này bây giờ không muốn,ri chừ nỏ ưng,6,4,False,none,Demonstratives/Deixis,,,1.2519235610961914,334.73773590190706,4.8982319831848145,6.150155544281006,True
SENT_0462,SENT,PNT3,replace,1,lười,nhác,1,1,True,dialect_phrase,Predicate vocabulary,lười,HaTinh_QB_QT; Hue,1.2519235610961914,334.73773590190706,4.8982319831848145,6.150155544281006,True
SENT_0462,SENT,PNT4,replace,0,tao,ta,1,1,True,dialect_phrase,Pronouns,tao; tôi,QuangNam,0.6958894729614258,134.78879452873795,4.8982319831848145,5.59412145614624,True
SENT_0462,SENT,PNT4,replace,1,thế này,ri,2,1,True,standard_word,Demonstratives/Deixis,như dậy; như ri; như vầy,PhuYen; QuangNam; QuangNgai,0.6958894729614258,134.78879452873795,4.8982319831848145,5.59412145614624,True
SENT_0462,SENT,PNT4,replace,2,giờ,chừ,1,1,True,dialect_phrase,Negation/Function words,bây giờ,QuangNam,0.6958894729614258,134.78879452873795,4.8982319831848145,5.59412145614624,True
SENT_0462,SENT,PNT4,insert,3,,ta,0,1,True,dialect_phrase,Pronouns,tao; tôi,QuangNam,0.6958894729614258,134.78879452873795,4.8982319831848145,5.59412145614624,False
SENT_0534,SENT,PNN,replace,0,thật quá,thiệt,2,1,True,dialect_phrase,Connectives/Aspect markers,thật,NamBo,-0.3353967666625976,-26.363211334175418,4.527426242828369,4.1920294761657715,True
SENT_0534,SENT,PNN,insert,1,,dữ,0,1,True,dialect_phrase,Predicate vocabulary,rất,NamBo,-0.3353967666625976,-26.363211334175418,4.527426242828369,4.1920294761657715,False
SENT_0534,SENT,PNN,replace,2,các,mấy,1,1,False,none,Negation/Function words,,,-0.3353967666625976,-26.363211334175418,4.527426242828369,4.1920294761657715,True
SENT_0534,SENT,PNN,replace,3,ấy,nấy,1,1,True,standard_word,Demonstratives/Deixis,đó,NamBo,-0.3353967666625976,-26.363211334175418,4.527426242828369,4.1920294761657715,True
SENT_0534,SENT,PNN,replace,4,nhé nhỉ,như,2,1,False,none,Discourse particles,,,-0.3353967666625976,-26.363211334175418,4.527426242828369,4.1920294761657715,True
SENT_0534,SENT,PNT1,replace,0,ảnh hưởng khủng,ãnh hưỡng khũng,3,3,False,none,Orthographic variant,,,0.2101011276245117,21.631467789465717,4.527426242828369,4.737527370452881,False
SENT_0534,SENT,PNT1,replace,1,hoạ,họa,1,1,False,none,Orthographic variant,,,0.2101011276245117,21.631467789465717,4.527426242828369,4.737527370452881,False
SENT_0534,SENT,PNT1,replace,2,này đời,ni đơì,2,2,False,none,Demonstratives/Deixis,,,0.2101011276245117,21.631467789465717,4.527426242828369,4.737527370452881,True
SENT_0534,SENT,PNT1,delete,3,đời,,1,0,False,none,Unknown,,,0.2101011276245117,21.631467789465717,4.527426242828369,4.737527370452881,False
SENT_0534,SENT,PNT1,replace,4,ấy,nấy,1,1,True,standard_word,Demonstratives/Deixis,nứ,ThanhHoa,0.2101011276245117,21.631467789465717,4.527426242828369,4.737527370452881,True
SENT_0534,SENT,PNT1,replace,5,giờ,chừ,1,1,False,none,Demonstratives/Deixis,,,0.2101011276245117,21.631467789465717,4.527426242828369,4.737527370452881,True
SENT_0534,SENT,PNT1,replace,6,nhé nhỉ,như,2,1,False,none,Discourse particles,,,0.2101011276245117,21.631467789465717,4.527426242828369,4.737527370452881,True
SENT_0534,SENT,PNT1,replace,7,sao,răng,1,1,False,none,Interrogatives,,,0.2101011276245117,21.631467789465717,4.527426242828369,4.737527370452881,True
SENT_0534,SENT,PNT2,replace,0,cái,ci,1,1,True,standard_word,Negation/Function words,cấy; kì,HaTinh_QB_QT; NgheAn,0.4301624298095703,49.73023976433616,4.527426242828369,4.9575886726379395,True
SENT_0534,SENT,PNT2,insert,1,,nhà,0,1,False,none,Unknown,,,0.4301624298095703,49.73023976433616,4.527426242828369,4.9575886726379395,False
SENT_0534,SENT,PNT2,insert,2,,ni,0,1,True,dialect_phrase,Demonstratives/Deixis,này,HaTinh_QB_QT; NgheAn,0.4301624298095703,49.73023976433616,4.527426242828369,4.9575886726379395,False
SENT_0534,SENT,PNT2,insert,3,,hấn làm,0,2,False,none,Unknown,,,0.4301624298095703,49.73023976433616,4.527426242828369,4.9575886726379395,False
SENT_0534,SENT,PNT2,replace,4,dã,dạ,1,1,False,none,Orthographic variant,,,0.4301624298095703,49.73023976433616,4.527426242828369,4.9575886726379395,False
SENT_0534,SENT,PNT2,replace,5,hoạ,họa,1,1,False,none,Orthographic variant,,,0.4301624298095703,49.73023976433616,4.527426242828369,4.9575886726379395,False
SENT_0534,SENT,PNT2,replace,6,mai này,sau ni,2,2,False,none,Demonstratives/Deixis,,,0.4301624298095703,49.73023976433616,4.527426242828369,4.9575886726379395,True
SENT_0534,SENT,PNT2,delete,7,đời,,1,0,False,none,Unknown,,,0.4301624298095703,49.73023976433616,4.527426242828369,4.9575886726379395,False
SENT_0534,SENT,PNT2,insert,8,,cũng,0,1,False,none,Unknown,,,0.4301624298095703,49.73023976433616,4.527426242828369,4.9575886726379395,False
SENT_0534,SENT,PNT2,insert,9,,ci,0,1,False,none,Unknown,,,0.4301624298095703,49.73023976433616,4.527426242828369,4.9575886726379395,False
SENT_0534,SENT,PNT2,replace,10,đó,nớ,1,1,True,dialect_phrase,Demonstratives/Deixis,ấy / đó,HaTinh_QB_QT; NgheAn,0.4301624298095703,49.73023976433616,4.527426242828369,4.9575886726379395,True
SENT_0534,SENT,PNT2,replace,11,nào,mô,1,1,True,dialect_phrase,Interrogatives; Negation/Function words,đâu (phủ định); đâu / nào,HaTinh_QB_QT; NgheAn,0.4301624298095703,49.73023976433616,4.527426242828369,4.9575886726379395,False
SENT_0534,SENT,PNT2,replace,12,ấy,nớ,1,1,True,dialect_phrase,Demonstratives/Deixis,ấy / đó,HaTinh_QB_QT; NgheAn,0.4301624298095703,49.73023976433616,4.527426242828369,4.9575886726379395,True
SENT_0534,SENT,PNT2,insert,13,,có mà,0,2,False,none,Unknown,,,0.4301624298095703,49.73023976433616,4.527426242828369,4.9575886726379395,False
SENT_0534,SENT,PNT2,replace,14,bây giờ,giừ,2,1,True,standard_word,Negation/Function words,chừ,HaTinh_QB_QT,0.4301624298095703,49.73023976433616,4.527426242828369,4.9575886726379395,True
SENT_0534,SENT,PNT2,replace,15,thế,rứa,1,1,True,dialect_phrase,Demonstratives/Deixis,vậy / thế,NgheAn,0.4301624298095703,49.73023976433616,4.527426242828369,4.9575886726379395,True
SENT_0534,SENT,PNT2,replace,16,sao,can chi,1,2,True,standard_word,Interrogatives,răng,HaTinh_QB_QT; NgheAn,0.4301624298095703,49.73023976433616,4.527426242828369,4.9575886726379395,True
SENT_0534,SENT,PNT3,replace,0,cái,kì,1,1,True,dialect_phrase,Negation/Function words,cái,HaTinh_QB_QT,0.4674592018127441,55.135899591405106,4.527426242828369,4.994885444641113,True
SENT_0534,SENT,PNT3,replace,1,các,mấy,1,1,False,none,Negation/Function words,,,0.4674592018127441,55.135899591405106,4.527426242828369,4.994885444641113,True
SENT_0534,SENT,PNT3,replace,2,thật,thiệt,1,1,True,dialect_phrase,Connectives/Aspect markers,thật,HaTinh_QB_QT,0.4674592018127441,55.135899591405106,4.527426242828369,4.994885444641113,True
SENT_0534,SENT,PNT3,delete,3,khủng khiếp,,2,0,False,none,Unknown,,,0.4674592018127441,55.135899591405106,4.527426242828369,4.994885444641113,False
SENT_0534,SENT,PNT3,replace,4,các,mấy,1,1,False,none,Negation/Function words,,,0.4674592018127441,55.135899591405106,4.527426242828369,4.994885444641113,True
SENT_0534,SENT,PNT3,replace,5,hoạ,họa,1,1,False,none,Orthographic variant,,,0.4674592018127441,55.135899591405106,4.527426242828369,4.994885444641113,False
SENT_0534,SENT,PNT3,replace,6,này,rồi,1,1,True,standard_word,Demonstratives/Deixis,ni,HaTinh_QB_QT; Hue,0.4674592018127441,55.135899591405106,4.527426242828369,4.994885444641113,True
SENT_0534,SENT,PNT3,replace,7,sẽ,cũng,1,1,False,none,Connectives/Aspect markers,,,0.4674592018127441,55.135899591405106,4.527426242828369,4.994885444641113,True
SENT_0534,SENT,PNT3,replace,8,đó,nớ,1,1,True,dialect_phrase,Demonstratives/Deixis,kia; ấy / đó,HaTinh_QB_QT; Hue,0.4674592018127441,55.135899591405106,4.527426242828369,4.994885444641113,True
SENT_0534,SENT,PNT3,replace,9,nào,mô,1,1,True,dialect_phrase,Interrogatives; Negation/Function words,đâu (phủ định); đâu / nào,HaTinh_QB_QT; Hue,0.4674592018127441,55.135899591405106,4.527426242828369,4.994885444641113,False
SENT_0534,SENT,PNT3,replace,10,ấy,nớ,1,1,True,dialect_phrase,Demonstratives/Deixis,kia; ấy / đó,HaTinh_QB_QT; Hue,0.4674592018127441,55.135899591405106,4.527426242828369,4.994885444641113,True
SENT_0534,SENT,PNT3,replace,11,bây giờ,chừ,2,1,True,dialect_phrase,Negation/Function words,bây giờ,HaTinh_QB_QT; Hue,0.4674592018127441,55.135899591405106,4.527426242828369,4.994885444641113,True
SENT_0534,SENT,PNT3,replace,12,thế,rứa,1,1,True,standard_word,Demonstratives/Deixis,a rứa; như rứa,HaTinh_QB_QT; Hue,0.4674592018127441,55.135899591405106,4.527426242828369,4.994885444641113,True
SENT_0534,SENT,PNT3,replace,13,sao,răng,1,1,True,dialect_phrase,Interrogatives,sao / thế nào,HaTinh_QB_QT; Hue,0.4674592018127441,55.135899591405106,4.527426242828369,4.994885444641113,True
SENT_0534,SENT,PNT4,replace,0,thật quá,thiệt,2,1,False,none,Predicate vocabulary,,,0.2455091476440429,25.745759470351075,4.527426242828369,4.772935390472412,True
SENT_0534,SENT,PNT4,insert,1,,ghê,0,1,False,none,Unknown,,,0.2455091476440429,25.745759470351075,4.527426242828369,4.772935390472412,False
SENT_0534,SENT,PNT4,delete,2,quá,,1,0,False,none,Unknown,,,0.2455091476440429,25.745759470351075,4.527426242828369,4.772935390472412,False
SENT_0534,SENT,PNT4,insert,3,,quá chừng,0,2,False,none,Unknown,,,0.2455091476440429,25.745759470351075,4.527426242828369,4.772935390472412,False
SENT_0534,SENT,PNT4,replace,4,này,ni,1,1,True,dialect_phrase,Demonstratives/Deixis,này,QuangNam,0.2455091476440429,25.745759470351075,4.527426242828369,4.772935390472412,True
SENT_0534,SENT,PNT4,replace,5,đó,nớ,1,1,True,dialect_phrase,Demonstratives/Deixis,ấy / đó,QuangNam,0.2455091476440429,25.745759470351075,4.527426242828369,4.772935390472412,True
SENT_0534,SENT,PNT4,replace,6,nào,mô,1,1,True,dialect_phrase,Interrogatives,đâu / nào,QuangNam,0.2455091476440429,25.745759470351075,4.527426242828369,4.772935390472412,True
SENT_0534,SENT,PNT4,replace,7,ấy,nớ,1,1,True,dialect_phrase,Demonstratives/Deixis,ấy / đó,QuangNam,0.2455091476440429,25.745759470351075,4.527426242828369,4.772935390472412,True
SENT_0534,SENT,PNT4,replace,8,bây,bi,1,1,False,none,Demonstratives/Deixis,,,0.2455091476440429,25.745759470351075,4.527426242828369,4.772935390472412,True
SENT_0534,SENT,PNT4,replace,9,nhé nhỉ thế,nghe như rứa,3,3,False,none,Discourse particles,,,0.2455091476440429,25.745759470351075,4.527426242828369,4.772935390472412,True
SENT_0572,SENT,PNB,replace,0,răng,sao,1,1,True,dialect_phrase,Interrogatives,sao / thế nào,BacBo,-0.6503372192382812,-125.9099540292344,5.573439121246338,4.923101902008057,True
SENT_0572,SENT,PNB,replace,1,rứa,thế,1,1,False,none,Demonstratives/Deixis,,,-0.6503372192382812,-125.9099540292344,5.573439121246338,4.923101902008057,True
SENT_0572,SENT,PNN,replace,0,răng,sao,1,1,True,dialect_phrase,Interrogatives,sao / thế nào,NamBo,-0.5378050804138184,-109.54112035403408,5.573439121246338,5.0356340408325195,True
SENT_0572,SENT,PNN,replace,1,to,bự,1,1,False,none,Predicate vocabulary,,,-0.5378050804138184,-109.54112035403408,5.573439121246338,5.0356340408325195,True
SENT_0572,SENT,PNN,delete,2,nó,,1,0,True,standard_word,Pronouns,nó,NamBo,-0.5378050804138184,-109.54112035403408,5.573439121246338,5.0356340408325195,False
SENT_0572,SENT,PNN,replace,3,rứa,vậy,1,1,True,dialect_phrase,Demonstratives/Deixis,thế này / vậy; vậy / thế,NamBo,-0.5378050804138184,-109.54112035403408,5.573439121246338,5.0356340408325195,True
SENT_0572,SENT,PNT1,replace,0,cũng,củng,1,1,False,none,Orthographic variant,,,-0.1176710128784179,-29.23357593948387,5.573439121246338,5.45576810836792,False
SENT_0572,SENT,PNT1,replace,1,răng,sao,1,1,False,none,Interrogatives,,,-0.1176710128784179,-29.23357593948387,5.573439121246338,5.45576810836792,True
SENT_0572,SENT,PNT1,replace,2,tư tao,tự tạo,2,2,False,none,Noise/Non-linguistic,,,-0.1176710128784179,-29.23357593948387,5.573439121246338,5.45576810836792,False
SENT_0572,SENT,PNT1,replace,3,gì,chi,1,1,False,none,Interrogatives,,,-0.1176710128784179,-29.23357593948387,5.573439121246338,5.45576810836792,True
SENT_0572,SENT,PNT2,replace,0,nhỉ,hè,1,1,True,dialect_phrase,Discourse particles,nhỉ,HaTinh_QB_QT,0.7376184463500977,287.2887705493419,5.573439121246338,6.3110575675964355,True
SENT_0572,SENT,PNT2,replace,1,nó,hấn,1,1,True,standard_word,Pronouns,hắn; nghị,HaTinh_QB_QT,0.7376184463500977,287.2887705493419,5.573439121246338,6.3110575675964355,True
SENT_0572,SENT,PNT2,replace,2,nó,hấn,1,1,True,standard_word,Pronouns,hắn; nghị,HaTinh_QB_QT,0.7376184463500977,287.2887705493419,5.573439121246338,6.3110575675964355,True
SENT_0572,SENT,PNT2,replace,3,gì,chi,1,1,True,dialect_phrase,Interrogatives,gì,HaTinh_QB_QT; NgheAn,0.7376184463500977,287.2887705493419,5.573439121246338,6.3110575675964355,True
SENT_0572,SENT,PNT3,replace,0,tại,vì,1,1,False,none,Connectives/Aspect markers,,,0.896115779876709,381.8582911286945,5.573439121246338,6.469554901123047,True
SENT_0572,SENT,PNT3,replace,1,nhỉ,hè,1,1,True,dialect_phrase,Discourse particles,nhỉ,HaTinh_QB_QT,0.896115779876709,381.8582911286945,5.573439121246338,6.469554901123047,True
SENT_0572,SENT,PNT3,replace,2,nó,hắn,1,1,True,dialect_phrase,Pronouns,nó,HaTinh_QB_QT; Hue,0.896115779876709,381.8582911286945,5.573439121246338,6.469554901123047,True
SENT_0572,SENT,PNT3,delete,3,nó,,1,0,True,standard_word,Pronouns,hắn; nghị,HaTinh_QB_QT; Hue,0.896115779876709,381.8582911286945,5.573439121246338,6.469554901123047,False
SENT_0572,SENT,PNT3,replace,4,gì,chi,1,1,True,dialect_phrase,Interrogatives,gì; sao / thế nào,HaTinh_QB_QT; Hue,0.896115779876709,381.8582911286945,5.573439121246338,6.469554901123047,True
SENT_0572,SENT,PNT4,replace,0,nhỉ,rứa,1,1,False,none,Discourse particles,,,0.0285334587097167,7.622175923128509,5.573439121246338,5.601972579956055,True
SENT_0572,SENT,PNT4,replace,1,to,bự,1,1,True,dialect_phrase,Predicate vocabulary,to,QuangNgai,0.0285334587097167,7.622175923128509,5.573439121246338,5.601972579956055,True
SENT_0572,SENT,PNT4,replace,2,gì,chi,1,1,True,dialect_phrase,Interrogatives,gì,QuangNam,0.0285334587097167,7.622175923128509,5.573439121246338,5.601972579956055,True
SENT_0626,SENT,PNT1,replace,0,nào cũng,mô củng,2,2,False,none,Interrogatives,,,1.1829705238342283,300.6332794037693,4.888733386993408,6.071703910827637,True
SENT_0626,SENT,PNT1,replace,1,không,chả,1,1,False,none,Negation/Function words,,,1.1829705238342283,300.6332794037693,4.888733386993408,6.071703910827637,True
SENT_0626,SENT,PNT1,replace,2,thiếu thiếu,thíu thíu,2,2,False,none,Orthographic variant,,,1.1829705238342283,300.6332794037693,4.888733386993408,6.071703910827637,False
SENT_0626,SENT,PNT1,replace,3,tao,tau,1,1,True,standard_word,Pronouns,choa,ThanhHoa,1.1829705238342283,300.6332794037693,4.888733386993408,6.071703910827637,True
SENT_0626,SENT,PNT2,replace,0,nào,mô,1,1,True,dialect_phrase,Interrogatives; Negation/Function words,đâu (phủ định); đâu / nào,HaTinh_QB_QT; NgheAn,1.8227877616882324,689.0345193056546,4.888733386993408,6.711521148681641,False
SENT_0626,SENT,PNT2,insert,1,,ci,0,1,False,none,Unknown,,,1.8227877616882324,689.0345193056546,4.888733386993408,6.711521148681641,False
SENT_0626,SENT,PNT2,replace,2,vậy không,khung,2,1,False,none,Noise/Non-linguistic,,,1.8227877616882324,689.0345193056546,4.888733386993408,6.711521148681641,False
SENT_0626,SENT,PNT2,replace,3,tao,tau,1,1,True,dialect_phrase,Pronouns,tao,HaTinh_QB_QT,1.8227877616882324,689.0345193056546,4.888733386993408,6.711521148681641,True
SENT_0626,SENT,PNT2,insert,4,,có,0,1,False,none,Unknown,,,1.8227877616882324,689.0345193056546,4.888733386993408,6.711521148681641,False
SENT_0626,SENT,PNT3,replace,0,nào,mô,1,1,True,dialect_phrase,Interrogatives; Negation/Function words,đâu (phủ định); đâu / nào,HaTinh_QB_QT; Hue,1.0473365783691406,245.6594224160114,4.888733386993408,5.936069965362549,False
SENT_0626,SENT,PNT3,replace,1,vậy không,cũng được nỏ,2,3,False,none,Negation/Function words,,,1.0473365783691406,245.6594224160114,4.888733386993408,5.936069965362549,True
SENT_0626,SENT,PNT3,replace,2,tao,tau,1,1,True,dialect_phrase,Pronouns,tao; tôi,HaTinh_QB_QT; Hue,1.0473365783691406,245.6594224160114,4.888733386993408,5.936069965362549,True
SENT_0626,SENT,PNT4,replace,0,tao,ta,1,1,True,dialect_phrase,Pronouns,tao; tôi,QuangNam,-0.0878524780273437,-11.167775634455012,4.888733386993408,4.8008809089660645,True
SENT_0696,SENT,PNN,replace,0,tôi,tui,1,1,True,dialect_phrase,Pronouns,tôi,NamBo,-0.1492853164672851,-13.473647614775343,4.576345920562744,4.427060604095459,True
SENT_0696,SENT,PNN,insert,1,,bởi,0,1,False,none,Unknown,,,-0.1492853164672851,-13.473647614775343,4.576345920562744,4.427060604095459,False
SENT_0696,SENT,PNN,replace,2,đuổi,rượt,1,1,False,none,Predicate vocabulary,,,-0.1492853164672851,-13.473647614775343,4.576345920562744,4.427060604095459,True
SENT_0696,SENT,PNN,replace,3,chúng,tụi,1,1,False,none,Pronouns,,,-0.1492853164672851,-13.473647614775343,4.576345920562744,4.427060604095459,True
SENT_0696,SENT,PNN,replace,4,không,hông,1,1,True,dialect_phrase,Negation/Function words,không,NamBo,-0.1492853164672851,-13.473647614775343,4.576345920562744,4.427060604095459,True
SENT_0696,SENT,PNN,replace,5,đuổi,rượt,1,1,False,none,Predicate vocabulary,,,-0.1492853164672851,-13.473647614775343,4.576345920562744,4.427060604095459,True
SENT_0696,SENT,PNN,replace,6,tôi,tui,1,1,True,dialect_phrase,Pronouns,tôi,NamBo,-0.1492853164672851,-13.473647614775343,4.576345920562744,4.427060604095459,True
SENT_0696,SENT,PNT3,replace,0,tôi,tau,1,1,True,dialect_phrase,Pronouns,tao; tôi,HaTinh_QB_QT; Hue,0.3553304672241211,41.45296552274789,4.576345920562744,4.931676387786865,True
SENT_0696,SENT,PNT3,insert,1,,bởi,0,1,False,none,Unknown,,,0.3553304672241211,41.45296552274789,4.576345920562744,4.931676387786865,False
SENT_0696,SENT,PNT3,replace,2,này,ni,1,1,True,dialect_phrase,Demonstratives/Deixis,này,HaTinh_QB_QT; Hue,0.3553304672241211,41.45296552274789,4.576345920562744,4.931676387786865,True
SENT_0696,SENT,PNT3,delete,3,mỗi,,1,0,False,none,Unknown,,,0.3553304672241211,41.45296552274789,4.576345920562744,4.931676387786865,False
SENT_0696,SENT,PNT3,insert,4,,mô,0,1,True,dialect_phrase,Interrogatives; Negation/Function words,đâu (phủ định); đâu / nào,HaTinh_QB_QT; Hue,0.3553304672241211,41.45296552274789,4.576345920562744,4.931676387786865,False
SENT_0696,SENT,PNT3,replace,5,ngõ,trổng,1,1,False,none,Predicate vocabulary,,,0.3553304672241211,41.45296552274789,4.576345920562744,4.931676387786865,True
SENT_0696,SENT,PNT3,replace,6,nó,hắn,1,1,True,dialect_phrase,Pronouns,nó,HaTinh_QB_QT; Hue,0.3553304672241211,41.45296552274789,4.576345920562744,4.931676387786865,True
SENT_0696,SENT,PNT3,replace,7,tao,tau,1,1,True,dialect_phrase,Pronouns,tao; tôi,HaTinh_QB_QT; Hue,0.3553304672241211,41.45296552274789,4.576345920562744,4.931676387786865,True
SENT_0696,SENT,PNT3,insert,8,,phải,0,1,False,none,Unknown,,,0.3553304672241211,41.45296552274789,4.576345920562744,4.931676387786865,False
SENT_0696,SENT,PNT3,delete,9,cứ phải đắn đo mỗi lần qua đó xem có chúng nó không rồi ù chạy như ma đuổi haizz tuổi thơ tôi,,23,0,False,none,Unknown,,,0.3553304672241211,41.45296552274789,4.576345920562744,4.931676387786865,False
SENT_0696,SENT,PNT4,replace,0,tôi,ta,1,1,True,dialect_phrase,Pronouns,tao; tôi,QuangNam,0.1890826225280761,20.222690410218576,4.576345920562744,4.76542854309082,True
SENT_0696,SENT,PNT4,replace,1,này,ni ak,1,2,True,standard_word,Demonstratives/Deixis,ni; này,PhuYen; QuangNam; QuangNgai,0.1890826225280761,20.222690410218576,4.576345920562744,4.76542854309082,True
SENT_0696,SENT,PNT4,replace,2,nó,hén,1,1,True,dialect_phrase,Pronouns,nó,QuangNam,0.1890826225280761,20.222690410218576,4.576345920562744,4.76542854309082,True
SENT_0696,SENT,PNT4,replace,3,tao lại,ta,2,1,True,dialect_phrase,Pronouns,tao; tôi,QuangNam,0.1890826225280761,20.222690410218576,4.576345920562744,4.76542854309082,True
SENT_0696,SENT,PNT4,replace,4,thục mạng,chết mẹ,2,2,False,none,Idiomatic expressions,,,0.1890826225280761,20.222690410218576,4.576345920562744,4.76542854309082,True
SENT_0696,SENT,PNT4,insert,5,,coi,0,1,True,dialect_phrase,Predicate vocabulary,thấy,PhuYen; QuangNgai,0.1890826225280761,20.222690410218576,4.576345920562744,4.76542854309082,False
SENT_0696,SENT,PNT4,insert,6,,tụi hén,0,2,False,none,Unknown,,,0.1890826225280761,20.222690410218576,4.576345920562744,4.76542854309082,False
SENT_0696,SENT,PNT4,replace,7,chúng nó không,đó hân,3,2,False,none,Noise/Non-linguistic,,,0.1890826225280761,20.222690410218576,4.576345920562744,4.76542854309082,False
SENT_0696,SENT,PNT4,insert,8,,chạy,0,1,False,none,Unknown,,,0.1890826225280761,20.222690410218576,4.576345920562744,4.76542854309082,False
SENT_0696,SENT,PNT4,replace,9,chạy,qua,1,1,False,none,Predicate vocabulary,,,0.1890826225280761,20.222690410218576,4.576345920562744,4.76542854309082,True
SENT_0696,SENT,PNT4,replace,10,tôi,ta,1,1,True,dialect_phrase,Pronouns,tao; tôi,QuangNam,0.1890826225280761,20.222690410218576,4.576345920562744,4.76542854309082,True
SENT_0814,SENT,PNB,replace,0,cứ phải,toàn như,2,2,False,none,Idiomatic expressions,,,-0.2971138954162597,-50.808040086717824,5.286575794219971,4.989461898803711,True
SENT_0814,SENT,PNB,replace,1,gì,sao,1,1,True,dialect_phrase,Interrogatives,sao / thế nào,BacBo,-0.2971138954162597,-50.808040086717824,5.286575794219971,4.989461898803711,True
SENT_0814,SENT,PNN,replace,0,gà,dở,1,1,False,none,Noise/Non-linguistic,,,-0.2944331169128418,-50.413819811912134,5.286575794219971,4.992142677307129,False
SENT_0814,SENT,PNT2,replace,0,thế này cơ,như ri chơ,3,3,False,none,Demonstratives/Deixis,,,0.7129240036010742,205.56162980588311,5.286575794219971,5.999499797821045,True
SENT_0814,SENT,PNT2,replace,1,này,ni,1,1,True,dialect_phrase,Demonstratives/Deixis,này,HaTinh_QB_QT; NgheAn,0.7129240036010742,205.56162980588311,5.286575794219971,5.999499797821045,True
SENT_0814,SENT,PNT2,replace,2,vào,vô,1,1,False,none,Connectives/Aspect markers,,,0.7129240036010742,205.56162980588311,5.286575794219971,5.999499797821045,True
SENT_0814,SENT,PNT2,replace,3,chứ làm gì,chơ mần chi,3,3,False,none,Interrogatives,,,0.7129240036010742,205.56162980588311,5.286575794219971,5.999499797821045,True
SENT_0814,SENT,PNT2,replace,4,dắt,dắc,1,1,False,none,Orthographic variant,,,0.7129240036010742,205.56162980588311,5.286575794219971,5.999499797821045,False
SENT_0814,SENT,PNT2,replace,5,thế kia,rứa tê,2,2,False,none,Demonstratives/Deixis,,,0.7129240036010742,205.56162980588311,5.286575794219971,5.999499797821045,True
SENT_0814,SENT,PNT3,insert,0,,kì,0,1,True,dialect_phrase,Negation/Function words,cái,HaTinh_QB_QT,0.580449104309082,155.53120163499923,5.286575794219971,5.867024898529053,False
SENT_0814,SENT,PNT3,replace,1,không,nỏ,1,1,True,dialect_phrase,Negation/Function words,không,HaTinh_QB_QT,0.580449104309082,155.53120163499923,5.286575794219971,5.867024898529053,True
SENT_0814,SENT,PNT3,insert,2,,thì,0,1,False,none,Unknown,,,0.580449104309082,155.53120163499923,5.286575794219971,5.867024898529053,False
SENT_0814,SENT,PNT3,replace,3,thế này cơ mà,như ri chơ đều,4,4,False,none,Demonstratives/Deixis,,,0.580449104309082,155.53120163499923,5.286575794219971,5.867024898529053,True
SENT_0814,SENT,PNT3,replace,4,này,ni,1,1,True,dialect_phrase,Demonstratives/Deixis,này,HaTinh_QB_QT; Hue,0.580449104309082,155.53120163499923,5.286575794219971,5.867024898529053,True
SENT_0814,SENT,PNT3,replace,5,thật,thiệt,1,1,True,dialect_phrase,Connectives/Aspect markers,thật,HaTinh_QB_QT,0.580449104309082,155.53120163499923,5.286575794219971,5.867024898529053,True
SENT_0814,SENT,PNT3,replace,6,mẹ vào,vô,2,1,False,none,Kinship/Honorific terms,,,0.580449104309082,155.53120163499923,5.286575794219971,5.867024898529053,True
SENT_0814,SENT,PNT3,delete,7,mà,,1,0,False,none,Unknown,,,0.580449104309082,155.53120163499923,5.286575794219971,5.867024898529053,False
SENT_0814,SENT,PNT3,replace,8,chứ làm gì,cho rồi chơ mần chi,3,5,False,none,Interrogatives,,,0.580449104309082,155.53120163499923,5.286575794219971,5.867024898529053,True
SENT_0814,SENT,PNT3,replace,9,dắt,đắc,1,1,False,none,Predicate vocabulary,,,0.580449104309082,155.53120163499923,5.286575794219971,5.867024898529053,True
SENT_0814,SENT,PNT3,replace,10,thế kia,rứa,2,1,False,none,Demonstratives/Deixis,,,0.580449104309082,155.53120163499923,5.286575794219971,5.867024898529053,True
SENT_0814,SENT,PNT4,replace,0,thế này,tri,2,1,True,standard_word,Demonstratives/Deixis,như dậy; như ri; như vầy,PhuYen; QuangNam; QuangNgai,0.5400056838989258,141.5317237948005,5.286575794219971,5.8265814781188965,True
SENT_0814,SENT,PNT4,replace,1,làm gì,mắc chi,2,2,False,none,Predicate vocabulary,,,0.5400056838989258,141.5317237948005,5.286575794219971,5.8265814781188965,True
SENT_0835,SENT,PNN,delete,0,tại,,1,0,False,none,Unknown,,,0.0173368453979492,2.108384710245076,4.7921624183654785,4.809499263763428,False
SENT_0835,SENT,PNN,replace,1,kia,đó,1,1,True,dialect_phrase,Demonstratives/Deixis,kia; ấy / đó,NamBo,0.0173368453979492,2.108384710245076,4.7921624183654785,4.809499263763428,True
SENT_0835,SENT,PNN,replace,2,không,hông,1,1,True,dialect_phrase,Negation/Function words,không,NamBo,0.0173368453979492,2.108384710245076,4.7921624183654785,4.809499263763428,True
SENT_0835,SENT,PNT2,replace,0,nó,hấn,1,1,True,standard_word,Pronouns,hắn; nghị,HaTinh_QB_QT,1.0756025314331057,232.89630814780668,4.7921624183654785,5.867764949798584,True
SENT_0835,SENT,PNT2,replace,1,sao,răng,1,1,True,dialect_phrase,Interrogatives,sao / thế nào,HaTinh_QB_QT; NgheAn,1.0756025314331057,232.89630814780668,4.7921624183654785,5.867764949798584,True
SENT_0835,SENT,PNT2,replace,2,kia,tê,1,1,True,dialect_phrase,Demonstratives/Deixis; Pronouns,anh ấy; kia,HaTinh_QB_QT; NgheAn,1.0756025314331057,232.89630814780668,4.7921624183654785,5.867764949798584,False
SENT_0835,SENT,PNT2,replace,3,nhíp,nhím,1,1,False,none,Orthographic variant,,,1.0756025314331057,232.89630814780668,4.7921624183654785,5.867764949798584,False
SENT_0835,SENT,PNT2,replace,4,cũng không thấy,cụng nỏ chộ,3,3,False,none,Negation/Function words,,,1.0756025314331057,232.89630814780668,4.7921624183654785,5.867764949798584,True
SENT_0835,SENT,PNT3,replace,0,nó,trời,1,1,True,standard_word,Pronouns,hắn; nghị,HaTinh_QB_QT; Hue,0.6993560791015625,122.06356123403368,4.7921624183654785,5.491518497467041,True
SENT_0835,SENT,PNT3,replace,1,sao,răng,1,1,True,dialect_phrase,Interrogatives,sao / thế nào,HaTinh_QB_QT; Hue,0.6993560791015625,122.06356123403368,4.7921624183654785,5.491518497467041,True
SENT_0835,SENT,PNT3,replace,2,nhíp,nhấp,1,1,False,none,Orthographic variant,,,0.6993560791015625,122.06356123403368,4.7921624183654785,5.491518497467041,False
SENT_0835,SENT,PNT3,replace,3,không,nỏ,1,1,True,dialect_phrase,Negation/Function words,không,HaTinh_QB_QT,0.6993560791015625,122.06356123403368,4.7921624183654785,5.491518497467041,True
SENT_0835,SENT,PNT3,insert,4,,chi,0,1,True,dialect_phrase,Interrogatives,gì; sao / thế nào,HaTinh_QB_QT; Hue,0.6993560791015625,122.06356123403368,4.7921624183654785,5.491518497467041,False
SENT_0895,SENT,PNT3,replace,0,làm,mần,1,1,True,dialect_phrase,Predicate vocabulary,làm,HaTinh_QB_QT; Hue,-0.0760793685913086,-36.15725962051914,6.201654434204102,6.125575065612793,True
SENT_0895,SENT,PNT3,replace,1,vậy,rứa,1,1,True,standard_word,Demonstratives/Deixis,a rứa; như ri; như rứa; ri,HaTinh_QB_QT; Hue,-0.0760793685913086,-36.15725962051914,6.201654434204102,6.125575065612793,True
SENT_0895,SENT,PNT3,replace,2,hôm nó gặm,bựa hắn cắm,3,3,False,none,Pronouns,,,-0.0760793685913086,-36.15725962051914,6.201654434204102,6.125575065612793,True
SENT_0895,SENT,PNT3,replace,3,cả,với,1,1,False,none,Connectives/Aspect markers,,,-0.0760793685913086,-36.15725962051914,6.201654434204102,6.125575065612793,True
SENT_0895,SENT,PNT4,replace,0,vậy,rứa,1,1,True,standard_word,Demonstratives/Deixis,như dậy; như ri; như rứa; như vầy; như vậy,PhuYen; QuangNam; QuangNgai,-0.3031597137451172,-129.07653890867414,6.201654434204102,5.898494720458984,True
SENT_0895,SENT,PNT4,replace,1,hôm nó,bữa hén,2,2,False,none,Demonstratives/Deixis,,,-0.3031597137451172,-129.07653890867414,6.201654434204102,5.898494720458984,True
SENT_0958,SENT,PNT2,replace,0,chuẩn tao,ừa tau,2,2,False,none,Idiomatic expressions,,,1.4373102188110352,422.90571623224474,4.881078243255615,6.31838846206665,True
SENT_0958,SENT,PNT2,replace,1,chơi hoặc làm,nhởi hay mần,3,3,False,none,Predicate vocabulary,,,1.4373102188110352,422.90571623224474,4.881078243255615,6.31838846206665,True
SENT_0958,SENT,PNT2,replace,2,cùng,với,1,1,False,none,Connectives/Aspect markers,,,1.4373102188110352,422.90571623224474,4.881078243255615,6.31838846206665,True
SENT_0958,SENT,PNT2,insert,3,,có,0,1,False,none,Unknown,,,1.4373102188110352,422.90571623224474,4.881078243255615,6.31838846206665,False
SENT_0958,SENT,PNT2,replace,4,thì tao,chắc tau,2,2,False,none,Pronouns,,,1.4373102188110352,422.90571623224474,4.881078243255615,6.31838846206665,True
SENT_0958,SENT,PNT2,replace,5,nào,mô,1,1,True,dialect_phrase,Interrogatives; Negation/Function words,đâu (phủ định); đâu / nào,HaTinh_QB_QT; NgheAn,1.4373102188110352,422.90571623224474,4.881078243255615,6.31838846206665,False
SENT_0958,SENT,PNT2,replace,6,sau đó bị,quá mấy nữa,3,3,False,none,Predicate vocabulary,,,1.4373102188110352,422.90571623224474,4.881078243255615,6.31838846206665,True
SENT_0958,SENT,PNT2,insert,7,,luôn,0,1,False,none,Unknown,,,1.4373102188110352,422.90571623224474,4.881078243255615,6.31838846206665,False
SENT_0958,SENT,PNT3,replace,0,tao,tau,1,1,True,dialect_phrase,Pronouns,tao; tôi,HaTinh_QB_QT; Hue,1.6658897399902344,565.3545943330575,4.881078243255615,6.54696798324585,True
SENT_0958,SENT,PNT3,replace,1,chơi hoặc làm,dởi hay mần,3,3,False,none,Predicate vocabulary,,,1.6658897399902344,565.3545943330575,4.881078243255615,6.54696798324585,True
SENT_0958,SENT,PNT3,replace,2,gái,cấy,1,1,True,dialect_phrase,Negation/Function words,cái,HaTinh_QB_QT,1.6658897399902344,565.3545943330575,4.881078243255615,6.54696798324585,True
SENT_0958,SENT,PNT3,replace,3,thời gian,tỉ,2,1,False,none,Predicate vocabulary,,,1.6658897399902344,565.3545943330575,4.881078243255615,6.54696798324585,True
SENT_0958,SENT,PNT3,replace,4,tao,tau,1,1,True,dialect_phrase,Pronouns,tao; tôi,HaTinh_QB_QT; Hue,1.6658897399902344,565.3545943330575,4.881078243255615,6.54696798324585,True
SENT_0958,SENT,PNT3,replace,5,nào,mô,1,1,True,dialect_phrase,Interrogatives; Negation/Function words,đâu (phủ định); đâu / nào,HaTinh_QB_QT; Hue,1.6658897399902344,565.3545943330575,4.881078243255615,6.54696798324585,False
SENT_0958,SENT,PNT4,replace,0,chuẩn tao,đúng dậy ta,2,3,False,none,Pronouns,,,1.4203095436096191,413.5555142160636,4.881078243255615,6.301387786865234,True
SENT_0958,SENT,PNT4,replace,1,hoặc làm,hay lồm,2,2,False,none,Predicate vocabulary,,,1.4203095436096191,413.5555142160636,4.881078243255615,6.301387786865234,True
SENT_0958,SENT,PNT4,replace,2,cùng bọn,với tụi,2,2,False,none,Pronouns,,,1.4203095436096191,413.5555142160636,4.881078243255615,6.301387786865234,True
SENT_0958,SENT,PNT4,replace,3,một thời gian,mấy bữa,3,2,False,none,Predicate vocabulary,,,1.4203095436096191,413.5555142160636,4.881078243255615,6.301387786865234,True
SENT_0958,SENT,PNT4,replace,4,tao ngày nào,ta ngà mô,3,3,False,none,Interrogatives,,,1.4203095436096191,413.5555142160636,4.881078243255615,6.301387786865234,True
SENT_0958,SENT,PNT4,replace,5,sờ,xì,1,1,False,none,Predicate vocabulary,,,1.4203095436096191,413.5555142160636,4.881078243255615,6.301387786865234,True
SENT_0958,SENT,PNT4,replace,6,sau,sa,1,1,False,none,Orthographic variant,,,1.4203095436096191,413.5555142160636,4.881078243255615,6.301387786865234,False
SENT_1093,SENT,PNT2,replace,0,không,nỏ,1,1,True,dialect_phrase,Negation/Function words,không,HaTinh_QB_QT; NgheAn,0.2734346389770508,75.80457322195716,5.485020637512207,5.758455276489258,True
SENT_1093,SENT,PNT2,replace,1,này sợ thật đấy,hết cả hồn,4,3,False,none,Idiomatic expressions,,,0.2734346389770508,75.80457322195716,5.485020637512207,5.758455276489258,True
SENT_1093,SENT,PNT3,replace,0,không,nỏ,1,1,True,dialect_phrase,Negation/Function words,không,HaTinh_QB_QT,1.0207786560058594,427.9562725155406,5.485020637512207,6.505799293518066,True
SENT_1093,SENT,PNT3,replace,1,này,ni,1,1,True,dialect_phrase,Demonstratives/Deixis,này,HaTinh_QB_QT; Hue,1.0207786560058594,427.9562725155406,5.485020637512207,6.505799293518066,True
SENT_1093,SENT,PNT3,replace,2,thật đấy,thiệt,2,1,True,dialect_phrase,Connectives/Aspect markers,thật,HaTinh_QB_QT,1.0207786560058594,427.9562725155406,5.485020637512207,6.505799293518066,True
SENT_1093,SENT,PNT4,replace,0,quả này,cú ni,2,2,False,none,Demonstratives/Deixis,,,0.5973601341247559,197.01698227012756,5.485020637512207,6.082380771636963,True
SENT_1093,SENT,PNT4,replace,1,thật đấy,kinh á,2,2,False,none,Discourse particles,,,0.5973601341247559,197.01698227012756,5.485020637512207,6.082380771636963,True
SENT_1098,SENT,PNT3,replace,0,sao,răng,1,1,True,dialect_phrase,Interrogatives,sao / thế nào,HaTinh_QB_QT; Hue,1.8200392723083496,2701.9318959266543,6.258443355560303,8.078482627868652,True
SENT_1098,SENT,PNT3,replace,1,tao vậy,tau ri,2,2,False,none,Pronouns,,,1.8200392723083496,2701.9318959266543,6.258443355560303,8.078482627868652,True
SENT_1098,SENT,PNT4,replace,0,sao,ren,1,1,True,dialect_phrase,Interrogatives,sao / thế nào,QuangNam,0.3032817840576172,185.08605560909805,6.258443355560303,6.56172513961792,True
SENT_1098,SENT,PNT4,replace,1,tao vậy,ta rứa,2,2,False,none,Demonstratives/Deixis,,,0.3032817840576172,185.08605560909805,6.258443355560303,6.56172513961792,True
SENT_1146,SENT,PNT3,replace,0,giống tao nhưng,y tau mà,3,3,False,none,Pronouns,,,1.2572450637817385,316.2162056654672,4.833866119384766,6.091111183166504,True
SENT_1146,SENT,PNT3,replace,1,tao,tau,1,1,True,dialect_phrase,Pronouns,tao; tôi,HaTinh_QB_QT; Hue,1.2572450637817385,316.2162056654672,4.833866119384766,6.091111183166504,True
SENT_1146,SENT,PNT3,replace,2,mẹ tao xưa,mạ tau hồi ơ,3,4,False,none,Pronouns,,,1.2572450637817385,316.2162056654672,4.833866119384766,6.091111183166504,True
SENT_1146,SENT,PNT3,replace,3,nên,bơ,1,1,True,dialect_phrase,Connectives/Aspect markers,thì / nên,HaTinh_QB_QT,1.2572450637817385,316.2162056654672,4.833866119384766,6.091111183166504,True
SENT_1146,SENT,PNT3,replace,4,chứ,chơ răng,1,2,True,standard_word,Connectives/Aspect markers,chơ,HaTinh_QB_QT,1.2572450637817385,316.2162056654672,4.833866119384766,6.091111183166504,True
SENT_1146,SENT,PNT3,replace,5,liền là không,luôn,3,1,False,none,Predicate vocabulary,,,1.2572450637817385,316.2162056654672,4.833866119384766,6.091111183166504,True
SENT_1146,SENT,PNT4,replace,0,tao,ta,1,1,True,dialect_phrase,Pronouns,tao; tôi,QuangNam,0.0446267127990722,5.736445673090913,4.833866119384766,4.878492832183838,True
SENT_1146,SENT,PNT4,replace,1,tao,ta,1,1,True,dialect_phrase,Pronouns,tao; tôi,QuangNam,0.0446267127990722,5.736445673090913,4.833866119384766,4.878492832183838,True
SENT_1146,SENT,PNT4,replace,2,thẹo,sẹo,1,1,False,none,Orthographic variant,,,0.0446267127990722,5.736445673090913,4.833866119384766,4.878492832183838,False
SENT_1146,SENT,PNT4,replace,3,tao,ta,1,1,True,dialect_phrase,Pronouns,tao; tôi,QuangNam,0.0446267127990722,5.736445673090913,4.833866119384766,4.878492832183838,True
SENT_1146,SENT,PNT4,replace,4,thẹo,sẹo,1,1,False,none,Orthographic variant,,,0.0446267127990722,5.736445673090913,4.833866119384766,4.878492832183838,False
SENT_1146,SENT,PNT4,replace,5,chứ,chớ,1,1,False,none,Discourse particles,,,0.0446267127990722,5.736445673090913,4.833866119384766,4.878492832183838,True
SENT_1161,SENT,PNT2,replace,0,này,ni,1,1,True,dialect_phrase,Demonstratives/Deixis,này,HaTinh_QB_QT; NgheAn,1.183248519897461,271.2422542613152,4.785453796386719,5.96870231628418,True
SENT_1161,SENT,PNT2,replace,1,không,nỏ,1,1,True,dialect_phrase,Negation/Function words,không,HaTinh_QB_QT; NgheAn,1.183248519897461,271.2422542613152,4.785453796386719,5.96870231628418,True
SENT_1161,SENT,PNT2,insert,2,,cho tau,0,2,False,none,Unknown,,,1.183248519897461,271.2422542613152,4.785453796386719,5.96870231628418,False
SENT_1161,SENT,PNT2,replace,3,tao,tau,1,1,True,dialect_phrase,Pronouns,tao,HaTinh_QB_QT,1.183248519897461,271.2422542613152,4.785453796386719,5.96870231628418,True
SENT_1161,SENT,PNT2,replace,4,kkkk,kkk,1,1,False,none,Noise/Non-linguistic,,,1.183248519897461,271.2422542613152,4.785453796386719,5.96870231628418,False
SENT_1161,SENT,PNT3,replace,0,này,ri,1,1,True,dialect_phrase,Demonstratives/Deixis,thế này / vậy,HaTinh_QB_QT,1.8703627586364744,657.5366705517412,4.785453796386719,6.655816555023193,True
SENT_1161,SENT,PNT3,replace,1,không,nỏ,1,1,True,dialect_phrase,Negation/Function words,không,HaTinh_QB_QT,1.8703627586364744,657.5366705517412,4.785453796386719,6.655816555023193,True
SENT_1161,SENT,PNT3,delete,2,cùng,,1,0,False,none,Unknown,,,1.8703627586364744,657.5366705517412,4.785453796386719,6.655816555023193,False
SENT_1161,SENT,PNT3,replace,3,bước,đoạn,1,1,False,none,Predicate vocabulary,,,1.8703627586364744,657.5366705517412,4.785453796386719,6.655816555023193,True
SENT_1161,SENT,PNT3,replace,4,xem,răng,1,1,True,dialect_phrase,Interrogatives,sao / thế nào,HaTinh_QB_QT; Hue,1.8703627586364744,657.5366705517412,4.785453796386719,6.655816555023193,True
SENT_1161,SENT,PNT3,replace,5,tao,tau,1,1,True,dialect_phrase,Pronouns,tao; tôi,HaTinh_QB_QT; Hue,1.8703627586364744,657.5366705517412,4.785453796386719,6.655816555023193,True
SENT_1161,SENT,PNT3,insert,6,,kì,0,1,True,dialect_phrase,Negation/Function words,cái,HaTinh_QB_QT,1.8703627586364744,657.5366705517412,4.785453796386719,6.655816555023193,False
SENT_1161,SENT,PNT4,replace,0,này,ni,1,1,True,dialect_phrase,Demonstratives/Deixis,này,QuangNam,0.8774528503417969,168.2288009390732,4.785453796386719,5.662906646728516,True
SENT_1161,SENT,PNT4,replace,1,xem,coi,1,1,True,dialect_phrase,Predicate vocabulary,thấy,PhuYen; QuangNgai,0.8774528503417969,168.2288009390732,4.785453796386719,5.662906646728516,True
SENT_1161,SENT,PNT4,replace,2,tao,ta,1,1,True,dialect_phrase,Pronouns,tao; tôi,QuangNam,0.8774528503417969,168.2288009390732,4.785453796386719,5.662906646728516,True
SENT_1161,SENT,PNT4,replace,3,ngay,liền,1,1,False,none,Predicate vocabulary,,,0.8774528503417969,168.2288009390732,4.785453796386719,5.662906646728516,True
SENT_1172,SENT,PNT3,replace,0,nhỉ sao,rứa răng,2,2,False,none,Interrogatives,,,1.6951847076416016,562.5725021412762,4.84014368057251,6.535328388214111,True
SENT_1172,SENT,PNT3,replace,1,đó vậy ta,nớ hè,3,2,False,none,Demonstratives/Deixis,,,1.6951847076416016,562.5725021412762,4.84014368057251,6.535328388214111,True
SENT_1172,SENT,PNT4,replace,0,nhỉ,dậy,1,1,False,none,Discourse particles,,,1.4525842666625977,414.13859462660406,4.84014368057251,6.292727947235107,True
SENT_1172,SENT,PNT4,replace,1,tới,xuống,1,1,False,none,Predicate vocabulary,,,1.4525842666625977,414.13859462660406,4.84014368057251,6.292727947235107,True
SENT_1172,SENT,PNT4,replace,2,vậy,dậy,1,1,True,standard_word,Demonstratives/Deixis,như dậy; như ri; như rứa; như vầy; như vậy,PhuYen; QuangNam; QuangNgai,1.4525842666625977,414.13859462660406,4.84014368057251,6.292727947235107,True
SENT_1192,SENT,PNT3,replace,0,dẫn gấu,đắc bồ,2,2,False,none,Predicate vocabulary,,,0.4004402160644531,65.5901404846328,4.8917236328125,5.292163848876953,True
SENT_1192,SENT,PNT3,replace,1,tránh,tréng,1,1,False,none,Orthographic variant,,,0.4004402160644531,65.5901404846328,4.8917236328125,5.292163848876953,False
SENT_1192,SENT,PNT3,replace,2,đám,chỗ,1,1,False,none,Predicate vocabulary,,,0.4004402160644531,65.5901404846328,4.8917236328125,5.292163848876953,True
SENT_1192,SENT,PNT3,insert,3,,người,0,1,False,none,Unknown,,,0.4004402160644531,65.5901404846328,4.8917236328125,5.292163848876953,False
SENT_1192,SENT,PNT3,delete,4,nhé,,1,0,True,standard_word,Discourse particles,nghe,HaTinh_QB_QT; Hue,0.4004402160644531,65.5901404846328,4.8917236328125,5.292163848876953,False
SENT_1192,SENT,PNT3,replace,5,chen,xô,1,1,False,none,Predicate vocabulary,,,0.4004402160644531,65.5901404846328,4.8917236328125,5.292163848876953,True
SENT_1192,SENT,PNT3,replace,6,tao,tau,1,1,True,dialect_phrase,Pronouns,tao; tôi,HaTinh_QB_QT; Hue,0.4004402160644531,65.5901404846328,4.8917236328125,5.292163848876953,True
SENT_1192,SENT,PNT3,replace,7,xơi,ăn,1,1,False,none,Predicate vocabulary,,,0.4004402160644531,65.5901404846328,4.8917236328125,5.292163848876953,True
SENT_1192,SENT,PNT3,replace,8,đấy,đó,1,1,True,standard_word,Discourse particles,đỏ,HaTinh_QB_QT,0.4004402160644531,65.5901404846328,4.8917236328125,5.292163848876953,True
SENT_1192,SENT,PNT4,replace,0,thằng,đứa,1,1,False,none,Predicate vocabulary,,,0.6434335708618164,120.26469259967052,4.8917236328125,5.535157203674316,True
SENT_1192,SENT,PNT4,replace,1,gấu,ghệ,1,1,False,none,Predicate vocabulary,,,0.6434335708618164,120.26469259967052,4.8917236328125,5.535157203674316,True
SENT_1192,SENT,PNT4,replace,2,tránh xa,né,2,1,False,none,Predicate vocabulary,,,0.6434335708618164,120.26469259967052,4.8917236328125,5.535157203674316,True
SENT_1192,SENT,PNT4,replace,3,nhé,nghe,1,1,False,none,Discourse particles,,,0.6434335708618164,120.26469259967052,4.8917236328125,5.535157203674316,True
SENT_1192,SENT,PNT4,insert,4,,có,0,1,False,none,Unknown,,,0.6434335708618164,120.26469259967052,4.8917236328125,5.535157203674316,False
SENT_1192,SENT,PNT4,delete,5,bố,,1,0,True,standard_word,Kinship/Honorific terms,ba,QuangNam; QuangNgai,0.6434335708618164,120.26469259967052,4.8917236328125,5.535157203674316,False
SENT_1192,SENT,PNT4,insert,6,,cá,0,1,False,none,Unknown,,,0.6434335708618164,120.26469259967052,4.8917236328125,5.535157203674316,False
SENT_1192,SENT,PNT4,delete,7,đã,,1,0,False,none,Unknown,,,0.6434335708618164,120.26469259967052,4.8917236328125,5.535157203674316,False
SENT_1192,SENT,PNT4,replace,8,xơi,ăn,1,1,False,none,Predicate vocabulary,,,0.6434335708618164,120.26469259967052,4.8917236328125,5.535157203674316,True
SENT_1192,SENT,PNT4,replace,9,đấy,đó,1,1,True,dialect_phrase,Demonstratives/Deixis,ấy / đó,PhuYen; QuangNgai,0.6434335708618164,120.26469259967052,4.8917236328125,5.535157203674316,True
SENT_1222,SENT,PNT3,replace,0,tao,tau,1,1,True,dialect_phrase,Pronouns,tao; tôi,HaTinh_QB_QT; Hue,0.5092463493347168,90.40143930094784,4.913678169250488,5.422924518585205,True
SENT_1222,SENT,PNT3,replace,1,làm,mần,1,1,True,dialect_phrase,Predicate vocabulary,làm,HaTinh_QB_QT; Hue,0.5092463493347168,90.40143930094784,4.913678169250488,5.422924518585205,True
SENT_1222,SENT,PNT3,replace,2,chay,chạy,1,1,False,none,Orthographic variant,,,0.5092463493347168,90.40143930094784,4.913678169250488,5.422924518585205,False
SENT_1222,SENT,PNT3,replace,3,nó vương,hắn vươn,2,2,False,none,Pronouns,,,0.5092463493347168,90.40143930094784,4.913678169250488,5.422924518585205,True
SENT_1222,SENT,PNT3,replace,4,muốn,ưng,1,1,False,none,Predicate vocabulary,,,0.5092463493347168,90.40143930094784,4.913678169250488,5.422924518585205,True
SENT_1222,SENT,PNT3,replace,5,tao,tau,1,1,True,dialect_phrase,Pronouns,tao; tôi,HaTinh_QB_QT; Hue,0.5092463493347168,90.40143930094784,4.913678169250488,5.422924518585205,True
SENT_1222,SENT,PNT3,replace,6,tao,tau còn,1,2,True,standard_word,Pronouns,tau,HaTinh_QB_QT; Hue,0.5092463493347168,90.40143930094784,4.913678169250488,5.422924518585205,True
SENT_1222,SENT,PNT3,replace,7,làm gì nó,mần chi hắn,3,3,False,none,Interrogatives,,,0.5092463493347168,90.40143930094784,4.913678169250488,5.422924518585205,True
SENT_1222,SENT,PNT3,replace,8,tao,tay,1,1,True,standard_word,Pronouns,tau,HaTinh_QB_QT; Hue,0.5092463493347168,90.40143930094784,4.913678169250488,5.422924518585205,True
SENT_1222,SENT,PNT3,replace,9,ly,xa,1,1,False,none,Predicate vocabulary,,,0.5092463493347168,90.40143930094784,4.913678169250488,5.422924518585205,True
SENT_1222,SENT,PNT3,replace,10,""" nghìn mét ""","""ngàn mét""",4,2,False,none,Orthographic variant,,,0.5092463493347168,90.40143930094784,4.913678169250488,5.422924518585205,False
SENT_1222,SENT,PNT3,replace,11,nó thấy nó,hắn chộ hắn,3,3,False,none,Pronouns,,,0.5092463493347168,90.40143930094784,4.913678169250488,5.422924518585205,True
SENT_1222,SENT,PNT4,replace,0,chay,chạy,1,1,False,none,Orthographic variant,,,0.0430488586425781,5.988615519216012,4.913678169250488,4.956727027893066,False
SENT_1222,SENT,PNT4,replace,1,tao,ta,1,1,True,dialect_phrase,Pronouns,tao; tôi,QuangNam,0.0430488586425781,5.988615519216012,4.913678169250488,4.956727027893066,True
SENT_1222,SENT,PNT4,replace,2,không,chả,1,1,True,standard_word,Negation/Function words,hong; hông; hổng; không,PhuYen; QuangNam; QuangNgai,0.0430488586425781,5.988615519216012,4.913678169250488,4.956727027893066,True
SENT_1222,SENT,PNT4,replace,3,gì,chi,1,1,True,dialect_phrase,Interrogatives,gì,QuangNam,0.0430488586425781,5.988615519216012,4.913678169250488,4.956727027893066,True
SENT_1222,SENT,PNT4,replace,4,""" nghìn mét ""","""nghàn mét""",4,2,False,none,Orthographic variant,,,0.0430488586425781,5.988615519216012,4.913678169250488,4.956727027893066,False
SENT_1222,SENT,PNT4,replace,5,bỏ mẹ,thấy mồ,2,2,False,none,Idiomatic expressions,,,0.0430488586425781,5.988615519216012,4.913678169250488,4.956727027893066,True
SENT_1338,SENT,PNT4,delete,0,mồm,,1,0,False,none,Unknown,,,-0.0419960021972656,-13.33005329086734,5.781126499176025,5.73913049697876,False
SENT_1338,SENT,PNT4,replace,1,rộng toang toác,ngoác mồm,3,2,False,none,Idiomatic expressions,,,-0.0419960021972656,-13.33005329086734,5.781126499176025,5.73913049697876,True
SENT_1338,SENT,PNT4,delete,2,như,,1,0,False,none,Unknown,,,-0.0419960021972656,-13.33005329086734,5.781126499176025,5.73913049697876,False
SENT_1410,SENT,PNT4,replace,0,vương,giương,1,1,False,none,Orthographic variant,,,0.0971665382385253,17.30341190750525,5.133255958557129,5.230422496795654,False
SENT_1410,SENT,PNT4,replace,1,tính,định,1,1,False,none,Predicate vocabulary,,,0.0971665382385253,17.30341190750525,5.133255958557129,5.230422496795654,True
SENT_1410,SENT,PNT4,replace,2,dội,bật,1,1,False,none,Predicate vocabulary,,,0.0971665382385253,17.30341190750525,5.133255958557129,5.230422496795654,True
