sample_id,task,original_text,hypothesis,dialect_text,label,target_dialect,domain,confidence,annotator_id,review_count,final_status,annotation_type,baseline_text,dialect_text_eval,orig_len,para_len,length_ratio,orig_n_tokens,orig_nll,orig_ppl,para_n_tokens,para_nll,para_ppl,delta_nll,delta_ppl,ratio_ppl
MCQA_0012_0,MCQA,"An đã xin làm gì sau khi bà mất?
A. An xin nghỉ học hẳn luôn.
B. Xin bố mẹ cho đi du lịch.
C. Nghỉ học mấy ngày liền.
D. Xin được đi học để đỡ buồn.",Nghỉ học mấy ngày liền.,"An đã xin làm gì sau khi bà mất?
A. An xin nghỉ học hẳn luôn.
B. Xin bố mẹ cho đi du lịch.
C. Nghỉ học mấy ngày liền.
D. Xin được đi học để đỡ buồn.",C,PNB,Daily Conversation,high,7e49e369-5b4e-4441-ba22-55eb0d6e2bdf,2,REVIEW_PASS,rewrite,"An đã xin làm gì sau khi bà mất?
A. An xin nghỉ học hẳn luôn.
B. Xin bố mẹ cho đi du lịch.
C. Nghỉ học mấy ngày liền.
D. Xin được đi học để đỡ buồn.","An đã xin làm gì sau khi bà mất?
A. An xin nghỉ học hẳn luôn.
B. Xin bố mẹ cho đi du lịch.
C. Nghỉ học mấy ngày liền.
D. Xin được đi học để đỡ buồn.",38,38,1.0,50,3.7448387145996094,42.302183943930494,50,3.7448387145996094,42.302183943930494,0.0,0.0,1.0
MCQA_0012_0,MCQA,"An đã xin làm gì sau khi bà mất?
A. An xin nghỉ học hẳn luôn.
B. Xin bố mẹ cho đi du lịch.
C. Nghỉ học mấy ngày liền.
D. Xin được đi học để đỡ buồn.",Nghỉ học mấy ngày liền.,"An đạ xin mần chi sau khi bà mất? 
A. An xin nghỉ học hẳn luôn. 
B. Xin bố mẹ cho đi du lịch. 
C. Nghỉ học mấy ngày liên tục. 
D. Xin được đi học cho đỡ buồn.",C,PNT2,Daily Conversation,high,603effb8-c882-4227-b5de-d83ea8816911,1,EXPERT_REVIEW_PASS,rewrite,"An đã xin làm gì sau khi bà mất?
A. An xin nghỉ học hẳn luôn.
B. Xin bố mẹ cho đi du lịch.
C. Nghỉ học mấy ngày liền.
D. Xin được đi học để đỡ buồn.","An đạ xin mần chi sau khi bà mất? 
A. An xin nghỉ học hẳn luôn. 
B. Xin bố mẹ cho đi du lịch. 
C. Nghỉ học mấy ngày liên tục. 
D. Xin được đi học cho đỡ buồn.",38,39,1.0263157894736843,50,3.7448387145996094,42.302183943930494,57,3.868378162384033,47.86469433440232,0.12353944778442383,5.562510390471829,1.131494638618296
MCQA_0012_5,MCQA,"Tại sao thầy giáo không trách An khi biết bạn chưa làm bài tập?
A. Vì đây là lần đầu tiên An mắc lỗi.
B. Vì cả lớp đã kể cho thầy nghe.
C. Vì thầy hiểu và thông cảm hoàn cảnh của An. An cũng đã thành thực nhận lỗi.
D. Vì An đã mắc lỗi quá nhiều lần.",Vì thầy hiểu và thông cảm hoàn cảnh của An. An cũng đã thành thực nhận lỗi.,"Tại sao thầy giáo không trách An khi biết bạn chưa làm bài tập?
A. Vì đây là lần đầu tiên An mắc lỗi.
B. Vì cả lớp đã kể cho thầy nghe.
C. Vì thầy hiểu và thông cảm hoàn cảnh của An. An cũng đã thành thật nhận lỗi.
D. Vì An đã mắc lỗi quá nhiều lần.",C,PNB,Daily Conversation,high,c6ebf7db-5dbe-4587-9564-a75d61cbc2e3,2,REVIEW_PASS,rewrite,"Tại sao thầy giáo không trách An khi biết bạn chưa làm bài tập?
A. Vì đây là lần đầu tiên An mắc lỗi.
B. Vì cả lớp đã kể cho thầy nghe.
C. Vì thầy hiểu và thông cảm hoàn cảnh của An. An cũng đã thành thực nhận lỗi.
D. Vì An đã mắc lỗi quá nhiều lần.","Tại sao thầy giáo không trách An khi biết bạn chưa làm bài tập?
A. Vì đây là lần đầu tiên An mắc lỗi.
B. Vì cả lớp đã kể cho thầy nghe.
C. Vì thầy hiểu và thông cảm hoàn cảnh của An. An cũng đã thành thật nhận lỗi.
D. Vì An đã mắc lỗi quá nhiều lần.",60,60,1.0,73,3.113865375518799,22.507877870747663,73,3.055426597595215,21.230240364874152,-0.058438777923583984,-1.2776375058735105,0.9432359854975937
MCQA_0012_5,MCQA,"Tại sao thầy giáo không trách An khi biết bạn chưa làm bài tập?
A. Vì đây là lần đầu tiên An mắc lỗi.
B. Vì cả lớp đã kể cho thầy nghe.
C. Vì thầy hiểu và thông cảm hoàn cảnh của An. An cũng đã thành thực nhận lỗi.
D. Vì An đã mắc lỗi quá nhiều lần.",Vì thầy hiểu và thông cảm hoàn cảnh của An. An cũng đã thành thực nhận lỗi.,"Vì răng thầy giáo nỏ trách An khi biết bạn chưa làm bài tập?
A. Vì đây là lần đầu tiên An mắc lỗi.
B. Vì cả lớp đã kể cho thầy nghe.
C. Vì thầy hiểu và thông cảm hoàn cảnh của An. An cũng đã thành thực nhận lỗi.
D. Vì An đã mắc lỗi quá nhiều lần.",C,PNT2,Daily Conversation,high,7fc87026-860f-4cf9-bb3d-46d0d55f71d9,2,REVIEW_PASS,rewrite,"Tại sao thầy giáo không trách An khi biết bạn chưa làm bài tập?
A. Vì đây là lần đầu tiên An mắc lỗi.
B. Vì cả lớp đã kể cho thầy nghe.
C. Vì thầy hiểu và thông cảm hoàn cảnh của An. An cũng đã thành thực nhận lỗi.
D. Vì An đã mắc lỗi quá nhiều lần.","Vì răng thầy giáo nỏ trách An khi biết bạn chưa làm bài tập?
A. Vì đây là lần đầu tiên An mắc lỗi.
B. Vì cả lớp đã kể cho thầy nghe.
C. Vì thầy hiểu và thông cảm hoàn cảnh của An. An cũng đã thành thực nhận lỗi.
D. Vì An đã mắc lỗi quá nhiều lần.",60,60,1.0,73,3.113865375518799,22.507877870747663,73,3.6345510482788086,37.88484061418023,0.5206856727600098,15.376962743432564,1.6831813657304946
MCQA_0013_3,MCQA,"Hoa đã giúp mẹ một số công việc gì?
A. Chờ mẹ đi làm về.
B. Học và tập viết chăm chỉ.
C. Viết thư cho bố.
D. Trông em và hát ru em ngủ.",Trông em và hát ru em ngủ.,"Hoa đã giúp mẹ một số công việc gì?
A. Chờ mẹ đi làm về.
B. Học và tập viết chăm chỉ.
C. Viết thư cho bố.
D. Trông em và hát ru em ngủ.",D,PNB,Daily Conversation,high,7e49e369-5b4e-4441-ba22-55eb0d6e2bdf,2,REVIEW_PASS,rewrite,"Hoa đã giúp mẹ một số công việc gì?
A. Chờ mẹ đi làm về.
B. Học và tập viết chăm chỉ.
C. Viết thư cho bố.
D. Trông em và hát ru em ngủ.","Hoa đã giúp mẹ một số công việc gì?
A. Chờ mẹ đi làm về.
B. Học và tập viết chăm chỉ.
C. Viết thư cho bố.
D. Trông em và hát ru em ngủ.",35,35,1.0,48,3.7522549629211426,42.6170736514718,48,3.7522549629211426,42.6170736514718,0.0,0.0,1.0
MCQA_0013_3,MCQA,"Hoa đã giúp mẹ một số công việc gì?
A. Chờ mẹ đi làm về.
B. Học và tập viết chăm chỉ.
C. Viết thư cho bố.
D. Trông em và hát ru em ngủ.",Trông em và hát ru em ngủ.,"Hoa đã phụ má một số công chuyện gì?
A. Chờ má đi làm về.
B. Học và tập viết chăm chỉ.
C. Viết thư cho ba.
D. Trông em với hát ru em ngủ.",D,PNN,Daily Conversation,high,88759523-55db-4c51-872d-a8b43438fa82,2,REVIEW_PASS,rewrite,"Hoa đã giúp mẹ một số công việc gì?
A. Chờ mẹ đi làm về.
B. Học và tập viết chăm chỉ.
C. Viết thư cho bố.
D. Trông em và hát ru em ngủ.","Hoa đã phụ má một số công chuyện gì?
A. Chờ má đi làm về.
B. Học và tập viết chăm chỉ.
C. Viết thư cho ba.
D. Trông em với hát ru em ngủ.",35,35,1.0,48,3.7522549629211426,42.6170736514718,48,4.358839511871338,78.16637062294565,0.6065845489501953,35.54929697147385,1.8341562178154422
MCQA_0013_3,MCQA,"Hoa đã giúp mẹ một số công việc gì?
A. Chờ mẹ đi làm về.
B. Học và tập viết chăm chỉ.
C. Viết thư cho bố.
D. Trông em và hát ru em ngủ.",Trông em và hát ru em ngủ.,"Hoa đã giúp mẹ một số công việc gì?
A. Chờ mẹ đi làm về.
B. Học và tập viết chăm chỉ.
C. Viết thư cho bố.
D. Trông em và hát ru em ngủ.",D,PNT1,Daily Conversation,high,56164f4c-6810-404e-94aa-34d47c343da0,0,EXPERT_AUTO_PASS,rewrite,"Hoa đã giúp mẹ một số công việc gì?
A. Chờ mẹ đi làm về.
B. Học và tập viết chăm chỉ.
C. Viết thư cho bố.
D. Trông em và hát ru em ngủ.","Hoa đã giúp mẹ một số công việc gì?
A. Chờ mẹ đi làm về.
B. Học và tập viết chăm chỉ.
C. Viết thư cho bố.
D. Trông em và hát ru em ngủ.",35,35,1.0,48,3.7522549629211426,42.6170736514718,48,3.7522549629211426,42.6170736514718,0.0,0.0,1.0
MCQA_0013_3,MCQA,"Hoa đã giúp mẹ một số công việc gì?
A. Chờ mẹ đi làm về.
B. Học và tập viết chăm chỉ.
C. Viết thư cho bố.
D. Trông em và hát ru em ngủ.",Trông em và hát ru em ngủ.,"Hoa đạ giúp mẹ một số công việc chi?
A. Chờ mẹ đi mần về.
B. Học và tập viết chăm chỉ.
C. Viết thư cho bố.
D. Trông em và hát ru em ngủ",D,PNT2,Daily Conversation,high,9bd8c7fb-25fa-4b2d-9c1d-ab9f97e7731e,1,EXPERT_REVIEW_PASS,rewrite,"Hoa đã giúp mẹ một số công việc gì?
A. Chờ mẹ đi làm về.
B. Học và tập viết chăm chỉ.
C. Viết thư cho bố.
D. Trông em và hát ru em ngủ.","Hoa đạ giúp mẹ một số công việc chi?
A. Chờ mẹ đi mần về.
B. Học và tập viết chăm chỉ.
C. Viết thư cho bố.
D. Trông em và hát ru em ngủ",35,35,1.0,48,3.7522549629211426,42.6170736514718,49,4.307772159576416,74.27483200705572,0.5555171966552734,31.657758355583923,1.742842143843225
MCQA_0013_3,MCQA,"Hoa đã giúp mẹ một số công việc gì?
A. Chờ mẹ đi làm về.
B. Học và tập viết chăm chỉ.
C. Viết thư cho bố.
D. Trông em và hát ru em ngủ.",Trông em và hát ru em ngủ.,"Hoa đã giúp mẹ một số công việc chi?
A. Chờ mẹ đi làm về.
B. Học với tập viết chăm chỉ.
C. Viết thư cho ba.
D. Trông em với hát ru em ngủ.",D,PNT3,Daily Conversation,high,88346002-a7b4-4be1-aec6-e1e3625416ee,2,REVIEW_PASS,rewrite,"Hoa đã giúp mẹ một số công việc gì?
A. Chờ mẹ đi làm về.
B. Học và tập viết chăm chỉ.
C. Viết thư cho bố.
D. Trông em và hát ru em ngủ.","Hoa đã giúp mẹ một số công việc chi?
A. Chờ mẹ đi làm về.
B. Học với tập viết chăm chỉ.
C. Viết thư cho ba.
D. Trông em với hát ru em ngủ.",35,35,1.0,48,3.7522549629211426,42.6170736514718,48,4.173837661743164,64.9642852855374,0.4215826988220215,22.3472116340656,1.5243722695937343
MCQA_0013_4,MCQA,"Hoa viết thư cho bố vào thời điểm nào?
A. Khi Hoa và mẹ đã ăn cơm xong.
B. Khi em Nụ đang chơi trong nôi.
C. Khi Hoa làm xong bài tập.
D. Khi em Nụ đã ngủ, mẹ chưa về.","Khi em Nụ đã ngủ, mẹ chưa về.","Hoa viết thư cho bố vào lúc nào?
A. Khi Hoa và mẹ đã ăn cơm xong.
B. Khi em Nụ đang chơi trong nôi.
C. Khi Hoa làm xong bài tập.
D. Khi em Nụ đã ngủ, còn mẹ thì chưa về.",D,PNB,Daily Conversation,high,7e49e369-5b4e-4441-ba22-55eb0d6e2bdf,2,REVIEW_PASS,rewrite,"Hoa viết thư cho bố vào thời điểm nào?
A. Khi Hoa và mẹ đã ăn cơm xong.
B. Khi em Nụ đang chơi trong nôi.
C. Khi Hoa làm xong bài tập.
D. Khi em Nụ đã ngủ, mẹ chưa về.","Hoa viết thư cho bố vào lúc nào?
A. Khi Hoa và mẹ đã ăn cơm xong.
B. Khi em Nụ đang chơi trong nôi.
C. Khi Hoa làm xong bài tập.
D. Khi em Nụ đã ngủ, còn mẹ thì chưa về.",42,43,1.0238095238095237,65,2.8164100646972656,16.716730841361567,66,2.8711013793945312,17.65645394936593,0.054691314697265625,0.9397231080043618,1.056214526447913
MCQA_0013_4,MCQA,"Hoa viết thư cho bố vào thời điểm nào?
A. Khi Hoa và mẹ đã ăn cơm xong.
B. Khi em Nụ đang chơi trong nôi.
C. Khi Hoa làm xong bài tập.
D. Khi em Nụ đã ngủ, mẹ chưa về.","Khi em Nụ đã ngủ, mẹ chưa về.","Hoa viết thư cho ba vào thời điểm nào?
A. Khi Hoa và má đã ăn cơm xong.
B. Khi em Nụ đang chơi trong nôi.
C. Khi Hoa mần xong bài tập.
D. Khi em Nụ đã ngủ, má chưa về.",D,PNN,Daily Conversation,high,d873b729-a53d-4068-8b04-cbab8be13616,0,EXPERT_AUTO_PASS,rewrite,"Hoa viết thư cho bố vào thời điểm nào?
A. Khi Hoa và mẹ đã ăn cơm xong.
B. Khi em Nụ đang chơi trong nôi.
C. Khi Hoa làm xong bài tập.
D. Khi em Nụ đã ngủ, mẹ chưa về.","Hoa viết thư cho ba vào thời điểm nào?
A. Khi Hoa và má đã ăn cơm xong.
B. Khi em Nụ đang chơi trong nôi.
C. Khi Hoa mần xong bài tập.
D. Khi em Nụ đã ngủ, má chưa về.",42,42,1.0,65,2.8164100646972656,16.716730841361567,66,3.0797278881073,21.752482481615026,0.2633178234100342,5.035751640253459,1.301240217841738
MCQA_0013_4,MCQA,"Hoa viết thư cho bố vào thời điểm nào?
A. Khi Hoa và mẹ đã ăn cơm xong.
B. Khi em Nụ đang chơi trong nôi.
C. Khi Hoa làm xong bài tập.
D. Khi em Nụ đã ngủ, mẹ chưa về.","Khi em Nụ đã ngủ, mẹ chưa về.","Hoa viết thư cho bố vào thời điểm nào?
A. Khi Hoa và mẹ đã ăn cơm xong.
B. Khi em Nụ đang chơi trong nôi.
C. Khi Hoa làm xong bài tập.
D. Khi em Nụ đã ngủ, mẹ chưa viền.",D,PNT1,Daily Conversation,high,56164f4c-6810-404e-94aa-34d47c343da0,0,EXPERT_AUTO_PASS,rewrite,"Hoa viết thư cho bố vào thời điểm nào?
A. Khi Hoa và mẹ đã ăn cơm xong.
B. Khi em Nụ đang chơi trong nôi.
C. Khi Hoa làm xong bài tập.
D. Khi em Nụ đã ngủ, mẹ chưa về.","Hoa viết thư cho bố vào thời điểm nào?
A. Khi Hoa và mẹ đã ăn cơm xong.
B. Khi em Nụ đang chơi trong nôi.
C. Khi Hoa làm xong bài tập.
D. Khi em Nụ đã ngủ, mẹ chưa viền.",42,42,1.0,65,2.8164100646972656,16.716730841361567,66,2.9982378482818604,20.050174326069946,0.18182778358459473,3.333443484708379,1.1994076184118827
MCQA_0013_4,MCQA,"Hoa viết thư cho bố vào thời điểm nào?
A. Khi Hoa và mẹ đã ăn cơm xong.
B. Khi em Nụ đang chơi trong nôi.
C. Khi Hoa làm xong bài tập.
D. Khi em Nụ đã ngủ, mẹ chưa về.","Khi em Nụ đã ngủ, mẹ chưa về.","Hoa viết thư cho bố vô thời điểm mô?
A. Khi Hoa và mẹ đạ ăn cơm xong.
B. Khi em Nụ đang chơi trong nôi.
C. Khi Hoa mần xong bài tập.
D. Khi em Nụ dạ ngủ, mẹ chưa về.",D,PNT2,Daily Conversation,high,7d958013-3acc-4719-a459-b3a565d57865,1,EXPERT_REVIEW_PASS,rewrite,"Hoa viết thư cho bố vào thời điểm nào?
A. Khi Hoa và mẹ đã ăn cơm xong.
B. Khi em Nụ đang chơi trong nôi.
C. Khi Hoa làm xong bài tập.
D. Khi em Nụ đã ngủ, mẹ chưa về.","Hoa viết thư cho bố vô thời điểm mô?
A. Khi Hoa và mẹ đạ ăn cơm xong.
B. Khi em Nụ đang chơi trong nôi.
C. Khi Hoa mần xong bài tập.
D. Khi em Nụ dạ ngủ, mẹ chưa về.",42,42,1.0,65,2.8164100646972656,16.716730841361567,67,3.6892950534820557,40.016627429660076,0.87288498878479,23.29989658829851,2.3938070074472018
MCQA_0013_4,MCQA,"Hoa viết thư cho bố vào thời điểm nào?
A. Khi Hoa và mẹ đã ăn cơm xong.
B. Khi em Nụ đang chơi trong nôi.
C. Khi Hoa làm xong bài tập.
D. Khi em Nụ đã ngủ, mẹ chưa về.","Khi em Nụ đã ngủ, mẹ chưa về.","Hoa viết thư cho ba khi mô?
A. Khi Hoa với mẹ đã ăn cơm xong.
B. Khi em Nụ đang chơi trong nôi.
C. Khi Hoa làm xong bài tập.
D. Khi em Nụ đã ngủ, mẹ chưa về.",D,PNT3,Daily Conversation,high,60eb0c6c-808a-4dce-b64c-457d29ee614d,1,EXPERT_REVIEW_PASS,rewrite,"Hoa viết thư cho bố vào thời điểm nào?
A. Khi Hoa và mẹ đã ăn cơm xong.
B. Khi em Nụ đang chơi trong nôi.
C. Khi Hoa làm xong bài tập.
D. Khi em Nụ đã ngủ, mẹ chưa về.","Hoa viết thư cho ba khi mô?
A. Khi Hoa với mẹ đã ăn cơm xong.
B. Khi em Nụ đang chơi trong nôi.
C. Khi Hoa làm xong bài tập.
D. Khi em Nụ đã ngủ, mẹ chưa về.",42,40,0.9523809523809523,65,2.8164100646972656,16.716730841361567,63,3.224736452102661,25.146945857714417,0.4083263874053955,8.43021501635285,1.5042980649957163
MCQA_0014_1,MCQA,"Bé cùng bố đi đâu vào mùa hè?
A. Đi đền chùa.
B. Đi lên rừng.
C. Đi leo núi.
D. Đi biển chơi.",Đi biển chơi.,"Bé cùng bố đi đâu vào mùa hè?
A. Đi đền chùa.
B. Đi lên rừng.
C. Đi leo núi.
D. Đi biển chơi.",D,PNB,Daily Conversation,high,7e49e369-5b4e-4441-ba22-55eb0d6e2bdf,2,REVIEW_PASS,rewrite,"Bé cùng bố đi đâu vào mùa hè?
A. Đi đền chùa.
B. Đi lên rừng.
C. Đi leo núi.
D. Đi biển chơi.","Bé cùng bố đi đâu vào mùa hè?
A. Đi đền chùa.
B. Đi lên rừng.
C. Đi leo núi.
D. Đi biển chơi.",24,24,1.0,35,3.1255640983581543,22.772737534840235,35,3.1255640983581543,22.772737534840235,0.0,0.0,1.0
MCQA_0014_1,MCQA,"Bé cùng bố đi đâu vào mùa hè?
A. Đi đền chùa.
B. Đi lên rừng.
C. Đi leo núi.
D. Đi biển chơi.",Đi biển chơi.,"Bé cùng ba đi đâu vào mùa hè? 
A. Đi đền chùa.
B. Đi lên rừng.
C. Đi leo núi.
D. Đi biển chơi.",D,PNN,Daily Conversation,high,9d0d5c61-1083-4b35-8c02-c2c597f8212f,1,EXPERT_REVIEW_PASS,rewrite,"Bé cùng bố đi đâu vào mùa hè?
A. Đi đền chùa.
B. Đi lên rừng.
C. Đi leo núi.
D. Đi biển chơi.","Bé cùng ba đi đâu vào mùa hè? 
A. Đi đền chùa.
B. Đi lên rừng.
C. Đi leo núi.
D. Đi biển chơi.",24,24,1.0,35,3.1255640983581543,22.772737534840235,36,3.2978267669677734,27.053780817516945,0.17226266860961914,4.281043282676709,1.1879898398744155
MCQA_0014_1,MCQA,"Bé cùng bố đi đâu vào mùa hè?
A. Đi đền chùa.
B. Đi lên rừng.
C. Đi leo núi.
D. Đi biển chơi.",Đi biển chơi.,"Bé cùng bố đi mô vào mù hiè ?
A. Đi đền chù
B. Đi lên rừng
C. Đi lieo núi
D. Đi bỉn chơi",D,PNT1,Daily Conversation,high,a4432712-749b-4d01-8b03-4cb9d0f81348,1,EXPERT_REVIEW_PASS,rewrite,"Bé cùng bố đi đâu vào mùa hè?
A. Đi đền chùa.
B. Đi lên rừng.
C. Đi leo núi.
D. Đi biển chơi.","Bé cùng bố đi mô vào mù hiè ?
A. Đi đền chù
B. Đi lên rừng
C. Đi lieo núi
D. Đi bỉn chơi",24,25,1.0416666666666667,35,3.1255640983581543,22.772737534840235,38,4.818549156188965,123.78536720202759,1.6929850578308105,101.01262966718735,5.435682337823774
MCQA_0014_1,MCQA,"Bé cùng bố đi đâu vào mùa hè?
A. Đi đền chùa.
B. Đi lên rừng.
C. Đi leo núi.
D. Đi biển chơi.",Đi biển chơi.,"Bé cùng bố đi mô vào mùa hè?
A. Đi đền chùa.
B. Đi lên rừng.
C. Đi leo núi.
D. Đi biển chơi.",D,PNT2,Daily Conversation,high,e686d659-713a-4b20-a76a-7bb2177c8cfb,2,REVIEW_PASS,rewrite,"Bé cùng bố đi đâu vào mùa hè?
A. Đi đền chùa.
B. Đi lên rừng.
C. Đi leo núi.
D. Đi biển chơi.","Bé cùng bố đi mô vào mùa hè?
A. Đi đền chùa.
B. Đi lên rừng.
C. Đi leo núi.
D. Đi biển chơi.",24,24,1.0,35,3.1255640983581543,22.772737534840235,35,3.595282554626465,36.42599086618576,0.46971845626831055,13.653253331345521,1.5995437882888377
MCQA_0014_1,MCQA,"Bé cùng bố đi đâu vào mùa hè?
A. Đi đền chùa.
B. Đi lên rừng.
C. Đi leo núi.
D. Đi biển chơi.",Đi biển chơi.,"Bé với bọ đi mô mùa hè?
A. Đi đền chùa.
B. Đi lên rú.
C. Đi leo núi.
D. Đi biển chơi.",D,PNT3,Daily Conversation,high,2fdf203d-4d50-4041-9bef-98014b83a48a,0,EXPERT_AUTO_PASS,rewrite,"Bé cùng bố đi đâu vào mùa hè?
A. Đi đền chùa.
B. Đi lên rừng.
C. Đi leo núi.
D. Đi biển chơi.","Bé với bọ đi mô mùa hè?
A. Đi đền chùa.
B. Đi lên rú.
C. Đi leo núi.
D. Đi biển chơi.",24,23,0.9583333333333334,35,3.1255640983581543,22.772737534840235,36,3.976065158843994,53.30686695724557,0.8505010604858398,30.534129422405332,2.3408194502611233
MCQA_0016_5,MCQA,"Chi đã nói gì với cô khi gặp cô?
A. Xin cô cho em được hái một bông hoa.
B. Cô ơi em muốn trồng bông hoa như vậy.
C. Xin cô đừng hiểu lầm, em chỉ ngắm hoa.
D. Hoa hôm nay đẹp quá cô nhỉ.",Xin cô cho em được hái một bông hoa.,"Chi đã nói gì với cô khi gặp cô?
A. Xin cô cho em được hái một bông hoa ạ.
B. Cô ơi em muốn trồng bông hoa như vậy.
C. Xin cô đừng hiểu lầm, em chỉ ngắm hoa thôi ạ.
D. Hoa hôm nay đẹp quá cô nhỉ.",A,PNB,Daily Conversation,high,7e49e369-5b4e-4441-ba22-55eb0d6e2bdf,2,REVIEW_PASS,rewrite,"Chi đã nói gì với cô khi gặp cô?
A. Xin cô cho em được hái một bông hoa.
B. Cô ơi em muốn trồng bông hoa như vậy.
C. Xin cô đừng hiểu lầm, em chỉ ngắm hoa.
D. Hoa hôm nay đẹp quá cô nhỉ.","Chi đã nói gì với cô khi gặp cô?
A. Xin cô cho em được hái một bông hoa ạ.
B. Cô ơi em muốn trồng bông hoa như vậy.
C. Xin cô đừng hiểu lầm, em chỉ ngắm hoa thôi ạ.
D. Hoa hôm nay đẹp quá cô nhỉ.",47,50,1.0638297872340425,69,2.882951259613037,17.866925381524894,74,2.8276588916778564,16.905836066205783,-0.055292367935180664,-0.9610893153191107,0.946208466493462
MCQA_0016_5,MCQA,"Chi đã nói gì với cô khi gặp cô?
A. Xin cô cho em được hái một bông hoa.
B. Cô ơi em muốn trồng bông hoa như vậy.
C. Xin cô đừng hiểu lầm, em chỉ ngắm hoa.
D. Hoa hôm nay đẹp quá cô nhỉ.",Xin cô cho em được hái một bông hoa.,"Chi đã nói gì với cô khi gặp cô?
A. Xin cô cho em được hái một bông hoa.
B. Cô ơi em muốn trồng bông hoa như vậy.
C. Xin cô đừng hiểu lầm, em chỉ ngắm hoa.
D. Hoa hôm nay đẹp quá cô nhỉ.",A,PNN,Daily Conversation,high,e04e5ca5-c8e8-4484-a0aa-f9dc978b200c,1,EXPERT_REVIEW_PASS,rewrite,"Chi đã nói gì với cô khi gặp cô?
A. Xin cô cho em được hái một bông hoa.
B. Cô ơi em muốn trồng bông hoa như vậy.
C. Xin cô đừng hiểu lầm, em chỉ ngắm hoa.
D. Hoa hôm nay đẹp quá cô nhỉ.","Chi đã nói gì với cô khi gặp cô?
A. Xin cô cho em được hái một bông hoa.
B. Cô ơi em muốn trồng bông hoa như vậy.
C. Xin cô đừng hiểu lầm, em chỉ ngắm hoa.
D. Hoa hôm nay đẹp quá cô nhỉ.",47,47,1.0,69,2.882951259613037,17.866925381524894,69,2.882951259613037,17.866925381524894,0.0,0.0,1.0
MCQA_0016_5,MCQA,"Chi đã nói gì với cô khi gặp cô?
A. Xin cô cho em được hái một bông hoa.
B. Cô ơi em muốn trồng bông hoa như vậy.
C. Xin cô đừng hiểu lầm, em chỉ ngắm hoa.
D. Hoa hôm nay đẹp quá cô nhỉ.",Xin cô cho em được hái một bông hoa.,"Chi đã nói gì với cô khi gặp cô?
A. Xin cô cho em được hái một bông hoa.
B. Cô ơi em muốn trồng bông hoa như rứa.
C. Xin cô đừng hiểu lầm, em chỉ ngắm hoa.
D. Hoa hôm nay đẹp quá cô nhỉ.",A,PNT1,Daily Conversation,high,56164f4c-6810-404e-94aa-34d47c343da0,0,EXPERT_AUTO_PASS,rewrite,"Chi đã nói gì với cô khi gặp cô?
A. Xin cô cho em được hái một bông hoa.
B. Cô ơi em muốn trồng bông hoa như vậy.
C. Xin cô đừng hiểu lầm, em chỉ ngắm hoa.
D. Hoa hôm nay đẹp quá cô nhỉ.","Chi đã nói gì với cô khi gặp cô?
A. Xin cô cho em được hái một bông hoa.
B. Cô ơi em muốn trồng bông hoa như rứa.
C. Xin cô đừng hiểu lầm, em chỉ ngắm hoa.
D. Hoa hôm nay đẹp quá cô nhỉ.",47,47,1.0,69,2.882951259613037,17.866925381524894,71,2.946092367172241,19.03144035650203,0.0631411075592041,1.1645149749771377,1.0651771331726325
MCQA_0016_5,MCQA,"Chi đã nói gì với cô khi gặp cô?
A. Xin cô cho em được hái một bông hoa.
B. Cô ơi em muốn trồng bông hoa như vậy.
C. Xin cô đừng hiểu lầm, em chỉ ngắm hoa.
D. Hoa hôm nay đẹp quá cô nhỉ.",Xin cô cho em được hái một bông hoa.,"Chi đạ nói chi với cô khi gặp cô?
A. Xin cô cho em được hái một bông hoa.
B. Cô ơi em muốn trồng bông hoa a rứa.
C. Xin cô đừng có hiểu nhầm, em chỉ ngắm hoa.
D. Hoa hôm ni đẹp quá cô hè.",A,PNT2,Daily Conversation,high,7d958013-3acc-4719-a459-b3a565d57865,1,EXPERT_REVIEW_PASS,rewrite,"Chi đã nói gì với cô khi gặp cô?
A. Xin cô cho em được hái một bông hoa.
B. Cô ơi em muốn trồng bông hoa như vậy.
C. Xin cô đừng hiểu lầm, em chỉ ngắm hoa.
D. Hoa hôm nay đẹp quá cô nhỉ.","Chi đạ nói chi với cô khi gặp cô?
A. Xin cô cho em được hái một bông hoa.
B. Cô ơi em muốn trồng bông hoa a rứa.
C. Xin cô đừng có hiểu nhầm, em chỉ ngắm hoa.
D. Hoa hôm ni đẹp quá cô hè.",47,48,1.0212765957446808,69,2.882951259613037,17.866925381524894,71,3.7138123512268066,41.009852849118616,0.8308610916137695,23.142927467593722,2.295294348266794
MCQA_0016_5,MCQA,"Chi đã nói gì với cô khi gặp cô?
A. Xin cô cho em được hái một bông hoa.
B. Cô ơi em muốn trồng bông hoa như vậy.
C. Xin cô đừng hiểu lầm, em chỉ ngắm hoa.
D. Hoa hôm nay đẹp quá cô nhỉ.",Xin cô cho em được hái một bông hoa.,"Chi đã nói chi với cô khi gặp cô?
A. Xin cô cho em được hái một bông hoa.
B. Cô ơi em muốn trồng bông hoa như rứa.
C. Xin cô đừng hiểu nhầm, em chỉ ngắm hoa.
D. Hoa hôm ni đẹp quá cô hè.",A,PNT3,Daily Conversation,high,88346002-a7b4-4be1-aec6-e1e3625416ee,1,EXPERT_REVIEW_PASS,rewrite,"Chi đã nói gì với cô khi gặp cô?
A. Xin cô cho em được hái một bông hoa.
B. Cô ơi em muốn trồng bông hoa như vậy.
C. Xin cô đừng hiểu lầm, em chỉ ngắm hoa.
D. Hoa hôm nay đẹp quá cô nhỉ.","Chi đã nói chi với cô khi gặp cô?
A. Xin cô cho em được hái một bông hoa.
B. Cô ơi em muốn trồng bông hoa như rứa.
C. Xin cô đừng hiểu nhầm, em chỉ ngắm hoa.
D. Hoa hôm ni đẹp quá cô hè.",47,47,1.0,69,2.882951259613037,17.866925381524894,69,3.484070301055908,32.59211216788998,0.6011190414428711,14.725186786365086,1.8241589681452137
MCQA_0018_6,MCQA,"Thái độ của các vị khách sau khi nói chuyện với ông chủ khách sạn như thế nào?
A. Khiếp đảm, mặt cắt không còn giọt máu.
B. Lo lắng, lập tức thu dọn hành lí.
C. Tức giận, nổi cáu với ông chủ khách sạn.
D. Cười nói vui vẻ, tiếp tục đi tắm biển.","Khiếp đảm, mặt cắt không còn giọt máu.","Thái độ của các vị khách sau khi nói chuyện với ông chủ khách sạn như thế nào?
A. Khiếp đảm, mặt cắt không còn giọt máu.
B. Lo lắng, lập tức thu dọn hành lí.
C. Tức giận, nổi cáu với ông chủ khách sạn.
D. Cười nói vui vẻ, tiếp tục đi tắm biển.",A,PNB,Daily Conversation,high,7e49e369-5b4e-4441-ba22-55eb0d6e2bdf,2,REVIEW_PASS,rewrite,"Thái độ của các vị khách sau khi nói chuyện với ông chủ khách sạn như thế nào?
A. Khiếp đảm, mặt cắt không còn giọt máu.
B. Lo lắng, lập tức thu dọn hành lí.
C. Tức giận, nổi cáu với ông chủ khách sạn.
D. Cười nói vui vẻ, tiếp tục đi tắm biển.","Thái độ của các vị khách sau khi nói chuyện với ông chủ khách sạn như thế nào?
A. Khiếp đảm, mặt cắt không còn giọt máu.
B. Lo lắng, lập tức thu dọn hành lí.
C. Tức giận, nổi cáu với ông chủ khách sạn.
D. Cười nói vui vẻ, tiếp tục đi tắm biển.",56,56,1.0,79,2.8880574703216553,17.958390989837667,79,2.8880574703216553,17.958390989837667,0.0,0.0,1.0
MCQA_0018_6,MCQA,"Thái độ của các vị khách sau khi nói chuyện với ông chủ khách sạn như thế nào?
A. Khiếp đảm, mặt cắt không còn giọt máu.
B. Lo lắng, lập tức thu dọn hành lí.
C. Tức giận, nổi cáu với ông chủ khách sạn.
D. Cười nói vui vẻ, tiếp tục đi tắm biển.","Khiếp đảm, mặt cắt không còn giọt máu.","Thái độ của mấy vị khách sau khi nói chuyện với ông chủ khách sạn như nào?
A. Khiếp đảm, mặt cắt hông còn giọt máu.
B. Lo lắng, lập tức thu dọn hành lí.
C. Tức giận, nổi quạu với ông chủ khách sạn.
D. Cười nói vui vẻ, tiếp tục đi tắm biển.",A,PNN,Daily Conversation,high,9d0d5c61-1083-4b35-8c02-c2c597f8212f,1,EXPERT_REVIEW_PASS,rewrite,"Thái độ của các vị khách sau khi nói chuyện với ông chủ khách sạn như thế nào?
A. Khiếp đảm, mặt cắt không còn giọt máu.
B. Lo lắng, lập tức thu dọn hành lí.
C. Tức giận, nổi cáu với ông chủ khách sạn.
D. Cười nói vui vẻ, tiếp tục đi tắm biển.","Thái độ của mấy vị khách sau khi nói chuyện với ông chủ khách sạn như nào?
A. Khiếp đảm, mặt cắt hông còn giọt máu.
B. Lo lắng, lập tức thu dọn hành lí.
C. Tức giận, nổi quạu với ông chủ khách sạn.
D. Cười nói vui vẻ, tiếp tục đi tắm biển.",56,55,0.9821428571428571,79,2.8880574703216553,17.958390989837667,80,3.1883084774017334,24.24737774723009,0.3002510070800781,6.288986757392422,1.350197674220995
MCQA_0018_6,MCQA,"Thái độ của các vị khách sau khi nói chuyện với ông chủ khách sạn như thế nào?
A. Khiếp đảm, mặt cắt không còn giọt máu.
B. Lo lắng, lập tức thu dọn hành lí.
C. Tức giận, nổi cáu với ông chủ khách sạn.
D. Cười nói vui vẻ, tiếp tục đi tắm biển.","Khiếp đảm, mặt cắt không còn giọt máu.","Thái độ của các vị khách sau khi nói chuyện với ông chủ khách sạn răng?
A. Khiếp đảm, mặt cắt không còn giọt máu mô.
B. Lo lắng, lập tức thu dọn hành lí.
C. Tức giận, nổi cáu với ông chủ khách sạn.
D. Cười nói vui vẻ, tiếp tục đi tắm biển.",A,PNT1,Daily Conversation,high,56164f4c-6810-404e-94aa-34d47c343da0,0,EXPERT_AUTO_PASS,rewrite,"Thái độ của các vị khách sau khi nói chuyện với ông chủ khách sạn như thế nào?
A. Khiếp đảm, mặt cắt không còn giọt máu.
B. Lo lắng, lập tức thu dọn hành lí.
C. Tức giận, nổi cáu với ông chủ khách sạn.
D. Cười nói vui vẻ, tiếp tục đi tắm biển.","Thái độ của các vị khách sau khi nói chuyện với ông chủ khách sạn răng?
A. Khiếp đảm, mặt cắt không còn giọt máu mô.
B. Lo lắng, lập tức thu dọn hành lí.
C. Tức giận, nổi cáu với ông chủ khách sạn.
D. Cười nói vui vẻ, tiếp tục đi tắm biển.",56,55,0.9821428571428571,79,2.8880574703216553,17.958390989837667,78,3.3124501705169678,27.452305967163422,0.4243927001953125,9.493914977325755,1.5286617817096304
MCQA_0018_6,MCQA,"Thái độ của các vị khách sau khi nói chuyện với ông chủ khách sạn như thế nào?
A. Khiếp đảm, mặt cắt không còn giọt máu.
B. Lo lắng, lập tức thu dọn hành lí.
C. Tức giận, nổi cáu với ông chủ khách sạn.
D. Cười nói vui vẻ, tiếp tục đi tắm biển.","Khiếp đảm, mặt cắt không còn giọt máu.","Thái độ của mấy vị khách sau khi nói chuyện với ông chủ khách sạn a răng?
A. Khiếp đảm, mặt cắt nỏ còn giọt máu.
B. Lo lắng, lập tức thu dọn hành lí.
C. Tức giận, nổi cáu với ông chủ khách sạn.
D. Cười nói vui vẻ, tiếp tục đi tắm biển.",A,PNT2,Daily Conversation,high,7d958013-3acc-4719-a459-b3a565d57865,0,EXPERT_AUTO_PASS,rewrite,"Thái độ của các vị khách sau khi nói chuyện với ông chủ khách sạn như thế nào?
A. Khiếp đảm, mặt cắt không còn giọt máu.
B. Lo lắng, lập tức thu dọn hành lí.
C. Tức giận, nổi cáu với ông chủ khách sạn.
D. Cười nói vui vẻ, tiếp tục đi tắm biển.","Thái độ của mấy vị khách sau khi nói chuyện với ông chủ khách sạn a răng?
A. Khiếp đảm, mặt cắt nỏ còn giọt máu.
B. Lo lắng, lập tức thu dọn hành lí.
C. Tức giận, nổi cáu với ông chủ khách sạn.
D. Cười nói vui vẻ, tiếp tục đi tắm biển.",56,55,0.9821428571428571,79,2.8880574703216553,17.958390989837667,79,3.296705484390259,27.023462885091565,0.4086480140686035,9.065071895253897,1.50478196517626
MCQA_0018_6,MCQA,"Thái độ của các vị khách sau khi nói chuyện với ông chủ khách sạn như thế nào?
A. Khiếp đảm, mặt cắt không còn giọt máu.
B. Lo lắng, lập tức thu dọn hành lí.
C. Tức giận, nổi cáu với ông chủ khách sạn.
D. Cười nói vui vẻ, tiếp tục đi tắm biển.","Khiếp đảm, mặt cắt không còn giọt máu.","Thái độ của mấy người khách sau khi nói chuyện với ông chủ khách sạn như răng?
A. Khiếp đảm, mặt cắt không còn giọt máu.
B. Lo lắng, lập tức thu dọn hành lí.
C. Tức giận, nổi đóa với ông chủ khách sạn.
D. Cười nói vui vẻ, tiếp tục đi tắm biển.",A,PNT3,Daily Conversation,high,88346002-a7b4-4be1-aec6-e1e3625416ee,2,REVIEW_PASS,rewrite,"Thái độ của các vị khách sau khi nói chuyện với ông chủ khách sạn như thế nào?
A. Khiếp đảm, mặt cắt không còn giọt máu.
B. Lo lắng, lập tức thu dọn hành lí.
C. Tức giận, nổi cáu với ông chủ khách sạn.
D. Cười nói vui vẻ, tiếp tục đi tắm biển.","Thái độ của mấy người khách sau khi nói chuyện với ông chủ khách sạn như răng?
A. Khiếp đảm, mặt cắt không còn giọt máu.
B. Lo lắng, lập tức thu dọn hành lí.
C. Tức giận, nổi đóa với ông chủ khách sạn.
D. Cười nói vui vẻ, tiếp tục đi tắm biển.",56,55,0.9821428571428571,79,2.8880574703216553,17.958390989837667,78,3.3607699871063232,28.811366721481836,0.47271251678466797,10.852975731644168,1.6043400958240452
MCQA_0025_10,MCQA,"Mai đã nói gì khi biết cô cũng quyết định cho mình viết bút mực?
A. Thôi cô ạ, em không thích viết bút mực.
B. Thôi cô ạ, cứ để bạn Lan viết trước.
C. Thôi cô ạ, thế thì em không cho Lan mượn bút nữa.
D. Thôi cô ạ, em nhường bạn Lan viết bút mực.","Thôi cô ạ, cứ để bạn Lan viết trước.","Mai đã nói gì khi biết cô cũng quyết định cho mình viết bút mực?
A. Thôi cô ạ, em không thích viết bút mực đâu.
B. Thôi cô ạ, cứ để bạn Lan viết trước đi ạ.
C. Thôi cô ạ, thế thì em không cho Lan mượn bút nữa ạ.
D. Thôi cô ạ, em nhường bạn Lan viết bút mực ạ.",B,PNB,Daily Conversation,high,7e49e369-5b4e-4441-ba22-55eb0d6e2bdf,1,EXPERT_REVIEW_PASS,rewrite,"Mai đã nói gì khi biết cô cũng quyết định cho mình viết bút mực?
A. Thôi cô ạ, em không thích viết bút mực.
B. Thôi cô ạ, cứ để bạn Lan viết trước.
C. Thôi cô ạ, thế thì em không cho Lan mượn bút nữa.
D. Thôi cô ạ, em nhường bạn Lan viết bút mực.","Mai đã nói gì khi biết cô cũng quyết định cho mình viết bút mực?
A. Thôi cô ạ, em không thích viết bút mực đâu.
B. Thôi cô ạ, cứ để bạn Lan viết trước đi ạ.
C. Thôi cô ạ, thế thì em không cho Lan mượn bút nữa ạ.
D. Thôi cô ạ, em nhường bạn Lan viết bút mực ạ.",59,64,1.0847457627118644,91,2.4825801849365234,11.972114871245452,99,2.4083311557769775,11.115395793977234,-0.0742490291595459,-0.8567190772682185,0.9284404563035157
MCQA_0025_10,MCQA,"Mai đã nói gì khi biết cô cũng quyết định cho mình viết bút mực?
A. Thôi cô ạ, em không thích viết bút mực.
B. Thôi cô ạ, cứ để bạn Lan viết trước.
C. Thôi cô ạ, thế thì em không cho Lan mượn bút nữa.
D. Thôi cô ạ, em nhường bạn Lan viết bút mực.","Thôi cô ạ, cứ để bạn Lan viết trước.","Mai đã nuối chi khi biết cô cũng quyết định cho mình viết bút mực?
A. Thôi cô ạ, em không thích vít bút mực.
B. Thôi cô ạ, cứ để bạn Lan vít trước.
C. Thôi cô ạ, thế thì em không cho Lan mượn bút nữa.
D. Thôi cô ạ, em nhường bạn Lan viết bút mực.",B,PNT1,Daily Conversation,high,a4432712-749b-4d01-8b03-4cb9d0f81348,1,EXPERT_REVIEW_PASS,rewrite,"Mai đã nói gì khi biết cô cũng quyết định cho mình viết bút mực?
A. Thôi cô ạ, em không thích viết bút mực.
B. Thôi cô ạ, cứ để bạn Lan viết trước.
C. Thôi cô ạ, thế thì em không cho Lan mượn bút nữa.
D. Thôi cô ạ, em nhường bạn Lan viết bút mực.","Mai đã nuối chi khi biết cô cũng quyết định cho mình viết bút mực?
A. Thôi cô ạ, em không thích vít bút mực.
B. Thôi cô ạ, cứ để bạn Lan vít trước.
C. Thôi cô ạ, thế thì em không cho Lan mượn bút nữa.
D. Thôi cô ạ, em nhường bạn Lan viết bút mực.",59,59,1.0,91,2.4825801849365234,11.972114871245452,92,3.043470859527588,20.977928464893917,0.5608906745910645,9.005813593648465,1.7522324744209203
MCQA_0025_10,MCQA,"Mai đã nói gì khi biết cô cũng quyết định cho mình viết bút mực?
A. Thôi cô ạ, em không thích viết bút mực.
B. Thôi cô ạ, cứ để bạn Lan viết trước.
C. Thôi cô ạ, thế thì em không cho Lan mượn bút nữa.
D. Thôi cô ạ, em nhường bạn Lan viết bút mực.","Thôi cô ạ, cứ để bạn Lan viết trước.","Mai đã nói chi khi biết cô cũng quyết định cho mình viết bút mực?
A. Thôi cô ạ, em không thích viết bút mực.
B. Thôi cô ạ, cứ để bạn Lan viết trước.
C. Thôi cô ạ, rứa thì em không cho Lan mượn bút nữa.
D. Thôi cô ạ, em nhường bạn Lan viết bút mực.",B,PNT4,Daily Conversation,high,5ea76d15-516d-4285-a781-7b1c6a04a627,0,EXPERT_AUTO_PASS,rewrite,"Mai đã nói gì khi biết cô cũng quyết định cho mình viết bút mực?
A. Thôi cô ạ, em không thích viết bút mực.
B. Thôi cô ạ, cứ để bạn Lan viết trước.
C. Thôi cô ạ, thế thì em không cho Lan mượn bút nữa.
D. Thôi cô ạ, em nhường bạn Lan viết bút mực.","Mai đã nói chi khi biết cô cũng quyết định cho mình viết bút mực?
A. Thôi cô ạ, em không thích viết bút mực.
B. Thôi cô ạ, cứ để bạn Lan viết trước.
C. Thôi cô ạ, rứa thì em không cho Lan mượn bút nữa.
D. Thôi cô ạ, em nhường bạn Lan viết bút mực.",59,59,1.0,91,2.4825801849365234,11.972114871245452,93,2.6426048278808594,14.04975317318864,0.16002464294433594,2.077638301943187,1.1735397901112063
MCQA_0025_9,MCQA,"Thái độ của Mai như thế nào khi cô bảo cũng định cho Mai viết bút mực?
A. Ngạc nhiên.
B. Vui mừng.
C. Tiếc nuối.
D. Hối hận.",Tiếc nuối.,"Thái độ của Mai như thế nào khi cô bảo cũng định cho Mai viết bút mực?
A. Ngạc nhiên.
B. Vui mừng.
C. Tiếc nuối.
D. Hối hận.",C,PNB,Daily Conversation,high,7e49e369-5b4e-4441-ba22-55eb0d6e2bdf,2,REVIEW_PASS,rewrite,"Thái độ của Mai như thế nào khi cô bảo cũng định cho Mai viết bút mực?
A. Ngạc nhiên.
B. Vui mừng.
C. Tiếc nuối.
D. Hối hận.","Thái độ của Mai như thế nào khi cô bảo cũng định cho Mai viết bút mực?
A. Ngạc nhiên.
B. Vui mừng.
C. Tiếc nuối.
D. Hối hận.",29,29,1.0,47,3.2294540405273438,25.265859069664284,47,3.2294540405273438,25.265859069664284,0.0,0.0,1.0
MCQA_0025_9,MCQA,"Thái độ của Mai như thế nào khi cô bảo cũng định cho Mai viết bút mực?
A. Ngạc nhiên.
B. Vui mừng.
C. Tiếc nuối.
D. Hối hận.",Tiếc nuối.,"Thái độ của Mai thế nào lúc cô bảo cũng tính cho Mai viết bút mực?
A. Ngạc nhiên.
B. Vui mừng.
C. Tiếc nuối.
D. Hối hận.",C,PNN,Daily Conversation,high,88759523-55db-4c51-872d-a8b43438fa82,1,EXPERT_REVIEW_PASS,rewrite,"Thái độ của Mai như thế nào khi cô bảo cũng định cho Mai viết bút mực?
A. Ngạc nhiên.
B. Vui mừng.
C. Tiếc nuối.
D. Hối hận.","Thái độ của Mai thế nào lúc cô bảo cũng tính cho Mai viết bút mực?
A. Ngạc nhiên.
B. Vui mừng.
C. Tiếc nuối.
D. Hối hận.",29,28,0.9655172413793104,47,3.2294540405273438,25.265859069664284,46,3.4861629009246826,32.66038582734695,0.25670886039733887,7.394526757682666,1.292668724910327
MCQA_0025_9,MCQA,"Thái độ của Mai như thế nào khi cô bảo cũng định cho Mai viết bút mực?
A. Ngạc nhiên.
B. Vui mừng.
C. Tiếc nuối.
D. Hối hận.",Tiếc nuối.,"Thái độ của Mai răng khi cô bảo cũng định cho Mai viết bút mực?
A. Ngạc nhiên.
B. Vui mừng.
C. Tiếc núi.
D. Hối hận.",C,PNT1,Daily Conversation,high,a4432712-749b-4d01-8b03-4cb9d0f81348,1,EXPERT_REVIEW_PASS,rewrite,"Thái độ của Mai như thế nào khi cô bảo cũng định cho Mai viết bút mực?
A. Ngạc nhiên.
B. Vui mừng.
C. Tiếc nuối.
D. Hối hận.","Thái độ của Mai răng khi cô bảo cũng định cho Mai viết bút mực?
A. Ngạc nhiên.
B. Vui mừng.
C. Tiếc núi.
D. Hối hận.",29,27,0.9310344827586207,47,3.2294540405273438,25.265859069664284,44,4.141769886016846,62.91407370756985,0.912315845489502,37.64821463790557,2.4900825075490225
MCQA_0025_9,MCQA,"Thái độ của Mai như thế nào khi cô bảo cũng định cho Mai viết bút mực?
A. Ngạc nhiên.
B. Vui mừng.
C. Tiếc nuối.
D. Hối hận.",Tiếc nuối.,"Thái độ của Mai a răng khi cô bảo cũng định cho Mai viết bút mực?
A. Ngạc nhiên.
B. Vui mừng.
C. Tiếc nuối.
D. Hối hận.",C,PNT2,Daily Conversation,high,7d958013-3acc-4719-a459-b3a565d57865,0,EXPERT_AUTO_PASS,rewrite,"Thái độ của Mai như thế nào khi cô bảo cũng định cho Mai viết bút mực?
A. Ngạc nhiên.
B. Vui mừng.
C. Tiếc nuối.
D. Hối hận.","Thái độ của Mai a răng khi cô bảo cũng định cho Mai viết bút mực?
A. Ngạc nhiên.
B. Vui mừng.
C. Tiếc nuối.
D. Hối hận.",29,28,0.9655172413793104,47,3.2294540405273438,25.265859069664284,46,3.6350207328796387,37.90263871984249,0.4055666923522949,12.636779650178209,1.5001523841059767
MCQA_0025_9,MCQA,"Thái độ của Mai như thế nào khi cô bảo cũng định cho Mai viết bút mực?
A. Ngạc nhiên.
B. Vui mừng.
C. Tiếc nuối.
D. Hối hận.",Tiếc nuối.,"Thái độ của Mai như răng khi cô nói cũng định cho Mai viết bút mực?
A. Ngạc nhiên.
B. Vui mừng.
C. Tiếc nuối.
D. Hối hận.",C,PNT3,Daily Conversation,high,88346002-a7b4-4be1-aec6-e1e3625416ee,2,REVIEW_PASS,rewrite,"Thái độ của Mai như thế nào khi cô bảo cũng định cho Mai viết bút mực?
A. Ngạc nhiên.
B. Vui mừng.
C. Tiếc nuối.
D. Hối hận.","Thái độ của Mai như răng khi cô nói cũng định cho Mai viết bút mực?
A. Ngạc nhiên.
B. Vui mừng.
C. Tiếc nuối.
D. Hối hận.",29,28,0.9655172413793104,47,3.2294540405273438,25.265859069664284,46,3.710075855255127,40.85690562044706,0.4806218147277832,15.591046550782774,1.6170796135525953
MCQA_0025_9,MCQA,"Thái độ của Mai như thế nào khi cô bảo cũng định cho Mai viết bút mực?
A. Ngạc nhiên.
B. Vui mừng.
C. Tiếc nuối.
D. Hối hận.",Tiếc nuối.,"Thái độ của Mai như răn khi cô kêu cũng định cho Mai viết bút mực?
A. Ngạc nhiên.
B. Vui mừng.
C. Tiếc nuối.
D. Hối hận.",C,PNT4,Daily Conversation,high,79761839-4e36-4d46-bc8f-bfd4e0af851a,2,REVIEW_PASS,rewrite,"Thái độ của Mai như thế nào khi cô bảo cũng định cho Mai viết bút mực?
A. Ngạc nhiên.
B. Vui mừng.
C. Tiếc nuối.
D. Hối hận.","Thái độ của Mai như răn khi cô kêu cũng định cho Mai viết bút mực?
A. Ngạc nhiên.
B. Vui mừng.
C. Tiếc nuối.
D. Hối hận.",29,28,0.9655172413793104,47,3.2294540405273438,25.265859069664284,48,3.7858192920684814,44.071763417646565,0.5563652515411377,18.80590434798228,1.7443207965393026
MCQA_0036_5,MCQA,"Lần thứ hai, cậu bé lại quay về hỏi bà điều gì?
A. Bát nào là bát tương, bát nào là bát mắm.
B. Bát nào đựng mắm, bát nào đựng tương.
C. Đồng nào mua mắm, đồng nào mua tương.
D. Chọn mắm và tương như thế nào là ngon.","Đồng nào mua mắm, đồng nào mua tương.","Lần thứ hai, cậu bé lại quay về hỏi bà điều gì?
A. Bát nào là bát tương, bát nào là bát mắm.
B. Bát nào đựng mắm, bát nào đựng tương.
C. Đồng nào mua mắm, đồng nào mua tương.
D. Chọn mắm và tương như thế nào là ngon.",C,PNB,Daily Conversation,high,7e49e369-5b4e-4441-ba22-55eb0d6e2bdf,2,REVIEW_PASS,rewrite,"Lần thứ hai, cậu bé lại quay về hỏi bà điều gì?
A. Bát nào là bát tương, bát nào là bát mắm.
B. Bát nào đựng mắm, bát nào đựng tương.
C. Đồng nào mua mắm, đồng nào mua tương.
D. Chọn mắm và tương như thế nào là ngon.","Lần thứ hai, cậu bé lại quay về hỏi bà điều gì?
A. Bát nào là bát tương, bát nào là bát mắm.
B. Bát nào đựng mắm, bát nào đựng tương.
C. Đồng nào mua mắm, đồng nào mua tương.
D. Chọn mắm và tương như thế nào là ngon.",51,51,1.0,80,2.469477891921997,11.81627586774381,80,2.469477891921997,11.81627586774381,0.0,0.0,1.0
MCQA_0036_5,MCQA,"Lần thứ hai, cậu bé lại quay về hỏi bà điều gì?
A. Bát nào là bát tương, bát nào là bát mắm.
B. Bát nào đựng mắm, bát nào đựng tương.
C. Đồng nào mua mắm, đồng nào mua tương.
D. Chọn mắm và tương như thế nào là ngon.","Đồng nào mua mắm, đồng nào mua tương.","Lần thứ hai, cậu bé lại quay về hỏi bà điều gì?
A. Chén nào là chén tương, chén nào là chén mắm.
B. Chén nào đựng mắm, chén nào đựng tương.
C. Đồng nào mua mắm, đồng nào mua tương.
D. Chọn mắm và tương như thế nào là ngon.",C,PNN,Daily Conversation,high,e04e5ca5-c8e8-4484-a0aa-f9dc978b200c,1,EXPERT_REVIEW_PASS,rewrite,"Lần thứ hai, cậu bé lại quay về hỏi bà điều gì?
A. Bát nào là bát tương, bát nào là bát mắm.
B. Bát nào đựng mắm, bát nào đựng tương.
C. Đồng nào mua mắm, đồng nào mua tương.
D. Chọn mắm và tương như thế nào là ngon.","Lần thứ hai, cậu bé lại quay về hỏi bà điều gì?
A. Chén nào là chén tương, chén nào là chén mắm.
B. Chén nào đựng mắm, chén nào đựng tương.
C. Đồng nào mua mắm, đồng nào mua tương.
D. Chọn mắm và tương như thế nào là ngon.",51,51,1.0,80,2.469477891921997,11.81627586774381,80,2.501481533050537,12.200556104672074,0.03200364112854004,0.3842802369282641,1.0325212648409197
MCQA_0036_5,MCQA,"Lần thứ hai, cậu bé lại quay về hỏi bà điều gì?
A. Bát nào là bát tương, bát nào là bát mắm.
B. Bát nào đựng mắm, bát nào đựng tương.
C. Đồng nào mua mắm, đồng nào mua tương.
D. Chọn mắm và tương như thế nào là ngon.","Đồng nào mua mắm, đồng nào mua tương.","Lần thứ hai, cậu bé lại quay về huổi bà điều chi?
A. Bát mô là bát tương, bát mô là bát mắm.
B. Bát mô đựng mắm, bát mô đựng tương.
C. Đồng mô mua mắm, đồng mô mua tương.
D. Chọn mắm và tương răng là ngon.",C,PNT1,Daily Conversation,high,a4432712-749b-4d01-8b03-4cb9d0f81348,1,EXPERT_REVIEW_PASS,rewrite,"Lần thứ hai, cậu bé lại quay về hỏi bà điều gì?
A. Bát nào là bát tương, bát nào là bát mắm.
B. Bát nào đựng mắm, bát nào đựng tương.
C. Đồng nào mua mắm, đồng nào mua tương.
D. Chọn mắm và tương như thế nào là ngon.","Lần thứ hai, cậu bé lại quay về huổi bà điều chi?
A. Bát mô là bát tương, bát mô là bát mắm.
B. Bát mô đựng mắm, bát mô đựng tương.
C. Đồng mô mua mắm, đồng mô mua tương.
D. Chọn mắm và tương răng là ngon.",51,49,0.9607843137254902,80,2.469477891921997,11.81627586774381,79,3.2018229961395264,24.577293694395934,0.7323451042175293,12.761017826652123,2.0799525983890814
MCQA_0036_5,MCQA,"Lần thứ hai, cậu bé lại quay về hỏi bà điều gì?
A. Bát nào là bát tương, bát nào là bát mắm.
B. Bát nào đựng mắm, bát nào đựng tương.
C. Đồng nào mua mắm, đồng nào mua tương.
D. Chọn mắm và tương như thế nào là ngon.","Đồng nào mua mắm, đồng nào mua tương.","Lần thứ hai, cậu bé lại quay về hỏi bà điều chi?
A. Bát mô là bát tương, bát mô là bát mắm.
B. Bát mô đựng mắm, bát mô đựng tương.
C. Đồng mô mua mắm, đồng mô mua tương.
D. Chọn mắm và tương a răng là ngon.",C,PNT2,Daily Conversation,high,7d958013-3acc-4719-a459-b3a565d57865,0,EXPERT_AUTO_PASS,rewrite,"Lần thứ hai, cậu bé lại quay về hỏi bà điều gì?
A. Bát nào là bát tương, bát nào là bát mắm.
B. Bát nào đựng mắm, bát nào đựng tương.
C. Đồng nào mua mắm, đồng nào mua tương.
D. Chọn mắm và tương như thế nào là ngon.","Lần thứ hai, cậu bé lại quay về hỏi bà điều chi?
A. Bát mô là bát tương, bát mô là bát mắm.
B. Bát mô đựng mắm, bát mô đựng tương.
C. Đồng mô mua mắm, đồng mô mua tương.
D. Chọn mắm và tương a răng là ngon.",51,50,0.9803921568627451,80,2.469477891921997,11.81627586774381,79,3.0542027950286865,21.204274633932414,0.5847249031066895,9.387998766188604,1.794497257110936
MCQA_0036_5,MCQA,"Lần thứ hai, cậu bé lại quay về hỏi bà điều gì?
A. Bát nào là bát tương, bát nào là bát mắm.
B. Bát nào đựng mắm, bát nào đựng tương.
C. Đồng nào mua mắm, đồng nào mua tương.
D. Chọn mắm và tương như thế nào là ngon.","Đồng nào mua mắm, đồng nào mua tương.","Lần thứ hai, thằng bé lại quay về hỏi bà cấy chi?
A. Chén mô là chén tương, chén mô là chén mắm.
B. Chén mô đựng mắm, Chén mô đựng tương.
C. Đồng mô mua mắm, đồng mô mua tương.
D. Chọn mắm với tương như răng là ngon.",C,PNT3,Daily Conversation,high,88346002-a7b4-4be1-aec6-e1e3625416ee,2,REVIEW_PASS,rewrite,"Lần thứ hai, cậu bé lại quay về hỏi bà điều gì?
A. Bát nào là bát tương, bát nào là bát mắm.
B. Bát nào đựng mắm, bát nào đựng tương.
C. Đồng nào mua mắm, đồng nào mua tương.
D. Chọn mắm và tương như thế nào là ngon.","Lần thứ hai, thằng bé lại quay về hỏi bà cấy chi?
A. Chén mô là chén tương, chén mô là chén mắm.
B. Chén mô đựng mắm, Chén mô đựng tương.
C. Đồng mô mua mắm, đồng mô mua tương.
D. Chọn mắm với tương như răng là ngon.",51,50,0.9803921568627451,80,2.469477891921997,11.81627586774381,81,3.1480553150177,23.290727384177035,0.6785774230957031,11.474451516433225,1.9710717357028114
MCQA_0036_5,MCQA,"Lần thứ hai, cậu bé lại quay về hỏi bà điều gì?
A. Bát nào là bát tương, bát nào là bát mắm.
B. Bát nào đựng mắm, bát nào đựng tương.
C. Đồng nào mua mắm, đồng nào mua tương.
D. Chọn mắm và tương như thế nào là ngon.","Đồng nào mua mắm, đồng nào mua tương.","Lần thứ hai, cậu bé lại quay về hỏi bà điều chi?
A. Bát mô là bát tương, bát mô là bát mắm.
B. Bát mô đựng mắm, bát mô đựng tương.
C. Đồng mô mua mắm, đồng mô mua tương.
D. Chọn mắm và tương như răng là ngon.",C,PNT4,Daily Conversation,high,eb3805e3-c095-4a6c-8697-9f6079168a64,1,EXPERT_REVIEW_PASS,rewrite,"Lần thứ hai, cậu bé lại quay về hỏi bà điều gì?
A. Bát nào là bát tương, bát nào là bát mắm.
B. Bát nào đựng mắm, bát nào đựng tương.
C. Đồng nào mua mắm, đồng nào mua tương.
D. Chọn mắm và tương như thế nào là ngon.","Lần thứ hai, cậu bé lại quay về hỏi bà điều chi?
A. Bát mô là bát tương, bát mô là bát mắm.
B. Bát mô đựng mắm, bát mô đựng tương.
C. Đồng mô mua mắm, đồng mô mua tương.
D. Chọn mắm và tương như răng là ngon.",51,50,0.9803921568627451,80,2.469477891921997,11.81627586774381,79,2.991647243499756,19.918466046623212,0.5221693515777588,8.102190178879402,1.6856805197817735
MCQA_0037_2,MCQA,"Sau câu nói của ông bố: ""Con chuyển máy cho mẹ nhé?"", Tường đã làm gì?
A. Tường không chuyển máy cho mẹ.
B. Chuyển máy cho mẹ, quay lại bàn học.
C. Chuyển máy cho mẹ và đứng cạnh để nghe.
D. Tường nói chào bố.","Chuyển máy cho mẹ, quay lại bàn học.","Sau câu nói của ông bố: ""Con chuyển máy cho mẹ nhé?"", Tường đã làm gì?
A. Tường không chuyển máy cho mẹ.
B. Chuyển máy cho mẹ, quay lại bàn học.
C. Chuyển máy cho mẹ và đứng cạnh để nghe.
D. Tường nói chào bố.",B,PNB,Daily Conversation,high,7e49e369-5b4e-4441-ba22-55eb0d6e2bdf,2,REVIEW_PASS,rewrite,"Sau câu nói của ông bố: ""Con chuyển máy cho mẹ nhé?"", Tường đã làm gì?
A. Tường không chuyển máy cho mẹ.
B. Chuyển máy cho mẹ, quay lại bàn học.
C. Chuyển máy cho mẹ và đứng cạnh để nghe.
D. Tường nói chào bố.","Sau câu nói của ông bố: ""Con chuyển máy cho mẹ nhé?"", Tường đã làm gì?
A. Tường không chuyển máy cho mẹ.
B. Chuyển máy cho mẹ, quay lại bàn học.
C. Chuyển máy cho mẹ và đứng cạnh để nghe.
D. Tường nói chào bố.",47,47,1.0,68,2.859607219696045,17.454669739496456,68,2.859607219696045,17.454669739496456,0.0,0.0,1.0
MCQA_0037_2,MCQA,"Sau câu nói của ông bố: ""Con chuyển máy cho mẹ nhé?"", Tường đã làm gì?
A. Tường không chuyển máy cho mẹ.
B. Chuyển máy cho mẹ, quay lại bàn học.
C. Chuyển máy cho mẹ và đứng cạnh để nghe.
D. Tường nói chào bố.","Chuyển máy cho mẹ, quay lại bàn học.","Sau câu nói của ba: ""Con chuyển máy cho má nhen?"", Tường đã làm gì?
A. Tường hông chuyển máy cho má.
B. Chuyển máy cho má, quay về bàn học.
C. Chuyển máy cho má rồi đứng kế bên để nghe.
D. Tường nói chào ba.",B,PNN,Daily Conversation,high,88759523-55db-4c51-872d-a8b43438fa82,1,EXPERT_REVIEW_PASS,rewrite,"Sau câu nói của ông bố: ""Con chuyển máy cho mẹ nhé?"", Tường đã làm gì?
A. Tường không chuyển máy cho mẹ.
B. Chuyển máy cho mẹ, quay lại bàn học.
C. Chuyển máy cho mẹ và đứng cạnh để nghe.
D. Tường nói chào bố.","Sau câu nói của ba: ""Con chuyển máy cho má nhen?"", Tường đã làm gì?
A. Tường hông chuyển máy cho má.
B. Chuyển máy cho má, quay về bàn học.
C. Chuyển máy cho má rồi đứng kế bên để nghe.
D. Tường nói chào ba.",47,47,1.0,68,2.859607219696045,17.454669739496456,70,3.38161301612854,29.41818487009988,0.5220057964324951,11.963515130603422,1.6854048406044808
MCQA_0037_2,MCQA,"Sau câu nói của ông bố: ""Con chuyển máy cho mẹ nhé?"", Tường đã làm gì?
A. Tường không chuyển máy cho mẹ.
B. Chuyển máy cho mẹ, quay lại bàn học.
C. Chuyển máy cho mẹ và đứng cạnh để nghe.
D. Tường nói chào bố.","Chuyển máy cho mẹ, quay lại bàn học.","Sau câu nuối của ông bố: ""Con chuyển máy cho mẹ nhé?"", Tường đã làm chi?
A. Tường không chuyển máy choa mẹ.
B. Chuyển máy choa mẹ, quay lại bàn học.
C. Chuyển máy choa mẹ và đứng cạnh để nghie.
D. Tường nuối chào bố.",B,PNT1,Daily Conversation,high,a4432712-749b-4d01-8b03-4cb9d0f81348,1,EXPERT_REVIEW_PASS,rewrite,"Sau câu nói của ông bố: ""Con chuyển máy cho mẹ nhé?"", Tường đã làm gì?
A. Tường không chuyển máy cho mẹ.
B. Chuyển máy cho mẹ, quay lại bàn học.
C. Chuyển máy cho mẹ và đứng cạnh để nghe.
D. Tường nói chào bố.","Sau câu nuối của ông bố: ""Con chuyển máy cho mẹ nhé?"", Tường đã làm chi?
A. Tường không chuyển máy choa mẹ.
B. Chuyển máy choa mẹ, quay lại bàn học.
C. Chuyển máy choa mẹ và đứng cạnh để nghie.
D. Tường nuối chào bố.",47,47,1.0,68,2.859607219696045,17.454669739496456,73,3.631218910217285,37.75881318182542,0.7716116905212402,20.30414344232896,2.1632499351382575
MCQA_0037_2,MCQA,"Sau câu nói của ông bố: ""Con chuyển máy cho mẹ nhé?"", Tường đã làm gì?
A. Tường không chuyển máy cho mẹ.
B. Chuyển máy cho mẹ, quay lại bàn học.
C. Chuyển máy cho mẹ và đứng cạnh để nghe.
D. Tường nói chào bố.","Chuyển máy cho mẹ, quay lại bàn học.","Sau câu nói của ông bố: ""Con chuyển máy cho mẹ nha?"", Tường đạ mần chi?
A. Tường nỏ chuyển máy cho mẹ.
B. Chuyển máy cho mẹ, quay lại bàn học.
C. Chuyển máy cho mẹ và đứng cạnh để nghe.
D. Tường nói chào bố.",B,PNT2,Daily Conversation,high,7d958013-3acc-4719-a459-b3a565d57865,0,EXPERT_AUTO_PASS,rewrite,"Sau câu nói của ông bố: ""Con chuyển máy cho mẹ nhé?"", Tường đã làm gì?
A. Tường không chuyển máy cho mẹ.
B. Chuyển máy cho mẹ, quay lại bàn học.
C. Chuyển máy cho mẹ và đứng cạnh để nghe.
D. Tường nói chào bố.","Sau câu nói của ông bố: ""Con chuyển máy cho mẹ nha?"", Tường đạ mần chi?
A. Tường nỏ chuyển máy cho mẹ.
B. Chuyển máy cho mẹ, quay lại bàn học.
C. Chuyển máy cho mẹ và đứng cạnh để nghe.
D. Tường nói chào bố.",47,47,1.0,68,2.859607219696045,17.454669739496456,72,3.4559338092803955,31.687865293355518,0.5963265895843506,14.233195553859062,1.8154376889556474
MCQA_0037_2,MCQA,"Sau câu nói của ông bố: ""Con chuyển máy cho mẹ nhé?"", Tường đã làm gì?
A. Tường không chuyển máy cho mẹ.
B. Chuyển máy cho mẹ, quay lại bàn học.
C. Chuyển máy cho mẹ và đứng cạnh để nghe.
D. Tường nói chào bố.","Chuyển máy cho mẹ, quay lại bàn học.","Sau câu nói của bọ: ""Con chuyển máy cho mẹ nghe?"", Tường đã mần cấy chi?
A. Tường nọ chuyển máy cho mẹ.
B. Chuyển máy cho mẹ, quay lại bàn học.
C. Chuyển máy cho mẹ rồi đứng cạnh để nghe.
D. Tường nói chào bọ.",B,PNT3,Daily Conversation,high,e99ab2ee-5e8e-4d70-ac05-869071c9a49c,1,EXPERT_REVIEW_PASS,rewrite,"Sau câu nói của ông bố: ""Con chuyển máy cho mẹ nhé?"", Tường đã làm gì?
A. Tường không chuyển máy cho mẹ.
B. Chuyển máy cho mẹ, quay lại bàn học.
C. Chuyển máy cho mẹ và đứng cạnh để nghe.
D. Tường nói chào bố.","Sau câu nói của bọ: ""Con chuyển máy cho mẹ nghe?"", Tường đã mần cấy chi?
A. Tường nọ chuyển máy cho mẹ.
B. Chuyển máy cho mẹ, quay lại bàn học.
C. Chuyển máy cho mẹ rồi đứng cạnh để nghe.
D. Tường nói chào bọ.",47,47,1.0,68,2.859607219696045,17.454669739496456,74,3.507784128189087,33.37423276658579,0.648176908493042,15.919563027089335,1.912051804169432
MCQA_0037_2,MCQA,"Sau câu nói của ông bố: ""Con chuyển máy cho mẹ nhé?"", Tường đã làm gì?
A. Tường không chuyển máy cho mẹ.
B. Chuyển máy cho mẹ, quay lại bàn học.
C. Chuyển máy cho mẹ và đứng cạnh để nghe.
D. Tường nói chào bố.","Chuyển máy cho mẹ, quay lại bàn học.","Sau câu nói của ông ba: ""Con chuyển máy cho mẹ nghe?"", Tường đã làm chi?
A. Tường không chuyển máy cho mẹ.
B. Chuyển máy cho mẹ, quay lại bàn học.
C. Chuyển máy cho mẹ và đứng cạnh để nghe.
D. Tường nói chào ba.",B,PNT4,Daily Conversation,high,caa27aaf-592f-49ce-b541-02f33da2b90f,0,EXPERT_AUTO_PASS,rewrite,"Sau câu nói của ông bố: ""Con chuyển máy cho mẹ nhé?"", Tường đã làm gì?
A. Tường không chuyển máy cho mẹ.
B. Chuyển máy cho mẹ, quay lại bàn học.
C. Chuyển máy cho mẹ và đứng cạnh để nghe.
D. Tường nói chào bố.","Sau câu nói của ông ba: ""Con chuyển máy cho mẹ nghe?"", Tường đã làm chi?
A. Tường không chuyển máy cho mẹ.
B. Chuyển máy cho mẹ, quay lại bàn học.
C. Chuyển máy cho mẹ và đứng cạnh để nghe.
D. Tường nói chào ba.",47,47,1.0,68,2.859607219696045,17.454669739496456,69,3.1568987369537354,23.49761054287219,0.29729151725769043,6.0429408033757355,1.3462076850243554
MCQA_0037_4,MCQA,"Tại sao không nên nghe người khác khi họ nói chuyện điện thoại?
A. Vì như vậy là mất lịch sự.
B. Vì như vậy là quá lịch sự.
C. Vì không nên quan tâm đến người khác.
D. Vì nên nghe người khác nói chuyện trực tiếp.",Vì như vậy là mất lịch sự.,"Tại sao không nên nghe người khác khi họ nói chuyện điện thoại?
A. Vì như vậy là mất lịch sự.
B. Vì như vậy là quá lịch sự.
C. Vì không nên quan tâm đến người khác.
D. Vì nên nghe người khác nói chuyện trực tiếp.",A,PNB,Daily Conversation,high,7e49e369-5b4e-4441-ba22-55eb0d6e2bdf,2,REVIEW_PASS,rewrite,"Tại sao không nên nghe người khác khi họ nói chuyện điện thoại?
A. Vì như vậy là mất lịch sự.
B. Vì như vậy là quá lịch sự.
C. Vì không nên quan tâm đến người khác.
D. Vì nên nghe người khác nói chuyện trực tiếp.","Tại sao không nên nghe người khác khi họ nói chuyện điện thoại?
A. Vì như vậy là mất lịch sự.
B. Vì như vậy là quá lịch sự.
C. Vì không nên quan tâm đến người khác.
D. Vì nên nghe người khác nói chuyện trực tiếp.",48,48,1.0,62,2.162851333618164,8.695897246925405,62,2.162851333618164,8.695897246925405,0.0,0.0,1.0
MCQA_0037_4,MCQA,"Tại sao không nên nghe người khác khi họ nói chuyện điện thoại?
A. Vì như vậy là mất lịch sự.
B. Vì như vậy là quá lịch sự.
C. Vì không nên quan tâm đến người khác.
D. Vì nên nghe người khác nói chuyện trực tiếp.",Vì như vậy là mất lịch sự.,"Tại sao hông nên nghe người khác khi họ nói chuyện điện thoại?
A. Vì như vậy là mất lịch sự.
B. Vì như vậy là quá lịch sự.
C. Vì hông nên quan tâm tới người khác.
D. Vì nên nghe người khác nói chuyện trực tiếp.",A,PNN,Daily Conversation,high,9d0d5c61-1083-4b35-8c02-c2c597f8212f,1,EXPERT_REVIEW_PASS,rewrite,"Tại sao không nên nghe người khác khi họ nói chuyện điện thoại?
A. Vì như vậy là mất lịch sự.
B. Vì như vậy là quá lịch sự.
C. Vì không nên quan tâm đến người khác.
D. Vì nên nghe người khác nói chuyện trực tiếp.","Tại sao hông nên nghe người khác khi họ nói chuyện điện thoại?
A. Vì như vậy là mất lịch sự.
B. Vì như vậy là quá lịch sự.
C. Vì hông nên quan tâm tới người khác.
D. Vì nên nghe người khác nói chuyện trực tiếp.",48,48,1.0,62,2.162851333618164,8.695897246925405,64,2.4481849670410156,11.56733256444861,0.28533363342285156,2.871435317523204,1.3302057551954691
MCQA_0037_4,MCQA,"Tại sao không nên nghe người khác khi họ nói chuyện điện thoại?
A. Vì như vậy là mất lịch sự.
B. Vì như vậy là quá lịch sự.
C. Vì không nên quan tâm đến người khác.
D. Vì nên nghe người khác nói chuyện trực tiếp.",Vì như vậy là mất lịch sự.,"Tại sao không nên nghie ngừi khác khi họ nuối chuyện địn thoại?
A. Vì như rứ là mất lịch sự.
B. Vì như rứ là quá lịch sự.
C. Vì không nên quan tâm đến người khác.
D. Vì nên nghe người khác nói chuyện trực tiếp.",A,PNT1,Daily Conversation,high,a4432712-749b-4d01-8b03-4cb9d0f81348,1,EXPERT_REVIEW_PASS,rewrite,"Tại sao không nên nghe người khác khi họ nói chuyện điện thoại?
A. Vì như vậy là mất lịch sự.
B. Vì như vậy là quá lịch sự.
C. Vì không nên quan tâm đến người khác.
D. Vì nên nghe người khác nói chuyện trực tiếp.","Tại sao không nên nghie ngừi khác khi họ nuối chuyện địn thoại?
A. Vì như rứ là mất lịch sự.
B. Vì như rứ là quá lịch sự.
C. Vì không nên quan tâm đến người khác.
D. Vì nên nghe người khác nói chuyện trực tiếp.",48,48,1.0,62,2.162851333618164,8.695897246925405,69,3.42185378074646,30.62613657246309,1.259002447128296,21.930239325537684,3.5219064465477126
MCQA_0037_4,MCQA,"Tại sao không nên nghe người khác khi họ nói chuyện điện thoại?
A. Vì như vậy là mất lịch sự.
B. Vì như vậy là quá lịch sự.
C. Vì không nên quan tâm đến người khác.
D. Vì nên nghe người khác nói chuyện trực tiếp.",Vì như vậy là mất lịch sự.,"Tại răng nỏ nên nghe người khác khi họ nói chuyện điện thoại?
A. Vì như rứa là mất lịch sự.
B. Vì như rứa là quá lịch sự.
C. Vì nỏ nên quan tâm đến người khác.
D. Vì nên nghe người khác nói chuyện trực tiếp.",A,PNT2,Daily Conversation,high,e686d659-713a-4b20-a76a-7bb2177c8cfb,0,EXPERT_AUTO_PASS,rewrite,"Tại sao không nên nghe người khác khi họ nói chuyện điện thoại?
A. Vì như vậy là mất lịch sự.
B. Vì như vậy là quá lịch sự.
C. Vì không nên quan tâm đến người khác.
D. Vì nên nghe người khác nói chuyện trực tiếp.","Tại răng nỏ nên nghe người khác khi họ nói chuyện điện thoại?
A. Vì như rứa là mất lịch sự.
B. Vì như rứa là quá lịch sự.
C. Vì nỏ nên quan tâm đến người khác.
D. Vì nên nghe người khác nói chuyện trực tiếp.",48,48,1.0,62,2.162851333618164,8.695897246925405,67,2.825906991958618,16.876244664900106,0.6630556583404541,8.180347417974701,1.9407134405672761
MCQA_0037_4,MCQA,"Tại sao không nên nghe người khác khi họ nói chuyện điện thoại?
A. Vì như vậy là mất lịch sự.
B. Vì như vậy là quá lịch sự.
C. Vì không nên quan tâm đến người khác.
D. Vì nên nghe người khác nói chuyện trực tiếp.",Vì như vậy là mất lịch sự.,"Vì răng không nên nghe người khác khi họ gọi điện thoại?
A. Vì như rứa là bờ hơ.
B. Vì như rứa là quá lịch sự.
C. Vì không nên quan tâm đến người khác.
D. Vì nên nghe người khác nói chuyện trực tiếp.",A,PNT3,Daily Conversation,high,60eb0c6c-808a-4dce-b64c-457d29ee614d,0,EXPERT_AUTO_PASS,rewrite,"Tại sao không nên nghe người khác khi họ nói chuyện điện thoại?
A. Vì như vậy là mất lịch sự.
B. Vì như vậy là quá lịch sự.
C. Vì không nên quan tâm đến người khác.
D. Vì nên nghe người khác nói chuyện trực tiếp.","Vì răng không nên nghe người khác khi họ gọi điện thoại?
A. Vì như rứa là bờ hơ.
B. Vì như rứa là quá lịch sự.
C. Vì không nên quan tâm đến người khác.
D. Vì nên nghe người khác nói chuyện trực tiếp.",48,46,0.9583333333333334,62,2.162851333618164,8.695897246925405,65,2.9212145805358887,18.563821028252512,0.7583632469177246,9.867923781327107,2.134779252919081
MCQA_0037_4,MCQA,"Tại sao không nên nghe người khác khi họ nói chuyện điện thoại?
A. Vì như vậy là mất lịch sự.
B. Vì như vậy là quá lịch sự.
C. Vì không nên quan tâm đến người khác.
D. Vì nên nghe người khác nói chuyện trực tiếp.",Vì như vậy là mất lịch sự.,"Tại ren không nên nghe người khác khi họ nói chuyện điện thoại?
A. Vì như rứa là mất lịch sự.
B. Vì như rứa là quá lịch sự.
C. Vì không nên quan tâm tới người khác.
D. Vì nên nghe người khác nói chuyện trực tiếp.",A,PNT4,Daily Conversation,high,5ea76d15-516d-4285-a781-7b1c6a04a627,0,EXPERT_AUTO_PASS,rewrite,"Tại sao không nên nghe người khác khi họ nói chuyện điện thoại?
A. Vì như vậy là mất lịch sự.
B. Vì như vậy là quá lịch sự.
C. Vì không nên quan tâm đến người khác.
D. Vì nên nghe người khác nói chuyện trực tiếp.","Tại ren không nên nghe người khác khi họ nói chuyện điện thoại?
A. Vì như rứa là mất lịch sự.
B. Vì như rứa là quá lịch sự.
C. Vì không nên quan tâm tới người khác.
D. Vì nên nghe người khác nói chuyện trực tiếp.",48,48,1.0,62,2.162851333618164,8.695897246925405,65,2.803738594055176,16.50624169722415,0.6408872604370117,7.8103444502987465,1.8981642984638805
MCQA_0041_5,MCQA,"Người qua đường đã giúp chàng trai lười biếng này như thế nào?
A. Dùng chân cặp quả sung bỏ vào miệng cho chàng lười.
B. Dùng tay nhặt quả sung bỏ vào miệng cho chàng lười.
C. Rung cây cho quả sung rơi trúng miệng anh chàng lười.
D. Chê trách anh chàng lười rồi bỏ đi.",Dùng chân cặp quả sung bỏ vào miệng cho chàng lười.,"Người qua đường đã giúp chàng trai lười biếng này như thế nào?
A. Dùng chân gắp quả sung bỏ vào miệng cho chàng lười.
B. Dùng tay nhặt quả sung bỏ vào miệng cho chàng lười.
C. Rung cây cho quả sung rơi trúng miệng anh chàng lười.
D. Chê cười anh chàng lười rồi bỏ đi.",A,PNB,Daily Conversation,high,7e49e369-5b4e-4441-ba22-55eb0d6e2bdf,1,EXPERT_REVIEW_PASS,rewrite,"Người qua đường đã giúp chàng trai lười biếng này như thế nào?
A. Dùng chân cặp quả sung bỏ vào miệng cho chàng lười.
B. Dùng tay nhặt quả sung bỏ vào miệng cho chàng lười.
C. Rung cây cho quả sung rơi trúng miệng anh chàng lười.
D. Chê trách anh chàng lười rồi bỏ đi.","Người qua đường đã giúp chàng trai lười biếng này như thế nào?
A. Dùng chân gắp quả sung bỏ vào miệng cho chàng lười.
B. Dùng tay nhặt quả sung bỏ vào miệng cho chàng lười.
C. Rung cây cho quả sung rơi trúng miệng anh chàng lười.
D. Chê cười anh chàng lười rồi bỏ đi.",58,58,1.0,85,2.8756937980651855,17.737726253525942,86,2.7340919971466064,15.395757695426477,-0.1416018009185791,-2.341968558099465,0.8679668112685005
MCQA_0041_5,MCQA,"Người qua đường đã giúp chàng trai lười biếng này như thế nào?
A. Dùng chân cặp quả sung bỏ vào miệng cho chàng lười.
B. Dùng tay nhặt quả sung bỏ vào miệng cho chàng lười.
C. Rung cây cho quả sung rơi trúng miệng anh chàng lười.
D. Chê trách anh chàng lười rồi bỏ đi.",Dùng chân cặp quả sung bỏ vào miệng cho chàng lười.,"Người qua đường đã giúp chàng trai làm biếng này thế nào?
A. Dùng chân cặp trái sung bỏ vào miệng cho chàng lười.
B. Dùng tay luợm trái sung bỏ vào miệng cho chàng lười.
C. Rung cây cho trái sung rơi trúng miệng anh chàng lười.
D. Quở anh chàng lười rồi bỏ đi.",A,PNN,Daily Conversation,high,e04e5ca5-c8e8-4484-a0aa-f9dc978b200c,1,EXPERT_REVIEW_PASS,rewrite,"Người qua đường đã giúp chàng trai lười biếng này như thế nào?
A. Dùng chân cặp quả sung bỏ vào miệng cho chàng lười.
B. Dùng tay nhặt quả sung bỏ vào miệng cho chàng lười.
C. Rung cây cho quả sung rơi trúng miệng anh chàng lười.
D. Chê trách anh chàng lười rồi bỏ đi.","Người qua đường đã giúp chàng trai làm biếng này thế nào?
A. Dùng chân cặp trái sung bỏ vào miệng cho chàng lười.
B. Dùng tay luợm trái sung bỏ vào miệng cho chàng lười.
C. Rung cây cho trái sung rơi trúng miệng anh chàng lười.
D. Quở anh chàng lười rồi bỏ đi.",58,56,0.9655172413793104,85,2.8756937980651855,17.737726253525942,83,3.253382682800293,25.877728176496863,0.3776888847351074,8.14000192297092,1.458908983407771
MCQA_0041_5,MCQA,"Người qua đường đã giúp chàng trai lười biếng này như thế nào?
A. Dùng chân cặp quả sung bỏ vào miệng cho chàng lười.
B. Dùng tay nhặt quả sung bỏ vào miệng cho chàng lười.
C. Rung cây cho quả sung rơi trúng miệng anh chàng lười.
D. Chê trách anh chàng lười rồi bỏ đi.",Dùng chân cặp quả sung bỏ vào miệng cho chàng lười.,"Người qua đường đã giúp chàng trai lừi bíng này răng?
A. Dùng chân cặp quả sung bỏa vô miệng cho chàng lười.
B. Dùng tay nhặt quả sung bỏ vô miệng cho chàng lười.
C. Rung cây cho quả sung rơi trúng miệng anh chàng lười.
D. Chê trách anh chàng lười rồi bỏ đi.",A,PNT1,Daily Conversation,high,a4432712-749b-4d01-8b03-4cb9d0f81348,1,EXPERT_REVIEW_PASS,rewrite,"Người qua đường đã giúp chàng trai lười biếng này như thế nào?
A. Dùng chân cặp quả sung bỏ vào miệng cho chàng lười.
B. Dùng tay nhặt quả sung bỏ vào miệng cho chàng lười.
C. Rung cây cho quả sung rơi trúng miệng anh chàng lười.
D. Chê trách anh chàng lười rồi bỏ đi.","Người qua đường đã giúp chàng trai lừi bíng này răng?
A. Dùng chân cặp quả sung bỏa vô miệng cho chàng lười.
B. Dùng tay nhặt quả sung bỏ vô miệng cho chàng lười.
C. Rung cây cho quả sung rơi trúng miệng anh chàng lười.
D. Chê trách anh chàng lười rồi bỏ đi.",58,56,0.9655172413793104,85,2.8756937980651855,17.737726253525942,84,3.799771547317505,44.690973554195246,0.9240777492523193,26.953247300669304,2.5195435376228947
MCQA_0041_5,MCQA,"Người qua đường đã giúp chàng trai lười biếng này như thế nào?
A. Dùng chân cặp quả sung bỏ vào miệng cho chàng lười.
B. Dùng tay nhặt quả sung bỏ vào miệng cho chàng lười.
C. Rung cây cho quả sung rơi trúng miệng anh chàng lười.
D. Chê trách anh chàng lười rồi bỏ đi.",Dùng chân cặp quả sung bỏ vào miệng cho chàng lười.,"Người qua đường đạ giúp cái chàng trai lười biếng ni a răng?
A. Dùng chân cặp quả sung bỏ vô miệng cho chàng lười.
B. Dùng tay nhặt quả sung bỏ vô miệng cho chàng lười.
C. Rung cây cho quả sung rơi trúng miệng anh chàng lười.
D. Chê trách anh chàng lười rồi bỏ đi.",A,PNT2,Daily Conversation,high,7d958013-3acc-4719-a459-b3a565d57865,0,EXPERT_AUTO_PASS,rewrite,"Người qua đường đã giúp chàng trai lười biếng này như thế nào?
A. Dùng chân cặp quả sung bỏ vào miệng cho chàng lười.
B. Dùng tay nhặt quả sung bỏ vào miệng cho chàng lười.
C. Rung cây cho quả sung rơi trúng miệng anh chàng lười.
D. Chê trách anh chàng lười rồi bỏ đi.","Người qua đường đạ giúp cái chàng trai lười biếng ni a răng?
A. Dùng chân cặp quả sung bỏ vô miệng cho chàng lười.
B. Dùng tay nhặt quả sung bỏ vô miệng cho chàng lười.
C. Rung cây cho quả sung rơi trúng miệng anh chàng lười.
D. Chê trách anh chàng lười rồi bỏ đi.",58,58,1.0,85,2.8756937980651855,17.737726253525942,86,3.419409990310669,30.55138408972577,0.5437161922454834,12.813657836199827,1.7223957373709442
MCQA_0041_5,MCQA,"Người qua đường đã giúp chàng trai lười biếng này như thế nào?
A. Dùng chân cặp quả sung bỏ vào miệng cho chàng lười.
B. Dùng tay nhặt quả sung bỏ vào miệng cho chàng lười.
C. Rung cây cho quả sung rơi trúng miệng anh chàng lười.
D. Chê trách anh chàng lười rồi bỏ đi.",Dùng chân cặp quả sung bỏ vào miệng cho chàng lười.,"Người qua đường đã giúp chàng trai lười biếng ni như răng?
A. Dùng chân cặp quả sung bỏ vô miệng cho chàng lười.
B. Dùng tay nhặt quả sung bỏ vô miệng cho chàng lười.
C. Rung cây cho quả sung rơi trúng miệng anh chàng lười.
D. Chê trách anh chàng lười rồi bỏ đi.",A,PNT3,Daily Conversation,high,e99ab2ee-5e8e-4d70-ac05-869071c9a49c,1,EXPERT_REVIEW_PASS,rewrite,"Người qua đường đã giúp chàng trai lười biếng này như thế nào?
A. Dùng chân cặp quả sung bỏ vào miệng cho chàng lười.
B. Dùng tay nhặt quả sung bỏ vào miệng cho chàng lười.
C. Rung cây cho quả sung rơi trúng miệng anh chàng lười.
D. Chê trách anh chàng lười rồi bỏ đi.","Người qua đường đã giúp chàng trai lười biếng ni như răng?
A. Dùng chân cặp quả sung bỏ vô miệng cho chàng lười.
B. Dùng tay nhặt quả sung bỏ vô miệng cho chàng lười.
C. Rung cây cho quả sung rơi trúng miệng anh chàng lười.
D. Chê trách anh chàng lười rồi bỏ đi.",58,57,0.9827586206896551,85,2.8756937980651855,17.737726253525942,84,3.280518054962158,26.58954397762571,0.40482425689697266,8.851817724099767,1.4990390311351312
MCQA_0041_5,MCQA,"Người qua đường đã giúp chàng trai lười biếng này như thế nào?
A. Dùng chân cặp quả sung bỏ vào miệng cho chàng lười.
B. Dùng tay nhặt quả sung bỏ vào miệng cho chàng lười.
C. Rung cây cho quả sung rơi trúng miệng anh chàng lười.
D. Chê trách anh chàng lười rồi bỏ đi.",Dùng chân cặp quả sung bỏ vào miệng cho chàng lười.,"Người qua đường đã giúp chàng trai lười biếng ni ra ren?
A. Lấy chân gắp quả sung bỏ vào miệng cho chàng lười.
B. Lấy tay nhặt quả sung bỏ vào miệng cho chàng lười.
C. Rung cây cho quả sung rơi trúng miệng anh chàng lười.
D. Chê trách anh chàng lười rồi bỏ đi.",A,PNT4,Daily Conversation,high,caa27aaf-592f-49ce-b541-02f33da2b90f,0,EXPERT_AUTO_PASS,rewrite,"Người qua đường đã giúp chàng trai lười biếng này như thế nào?
A. Dùng chân cặp quả sung bỏ vào miệng cho chàng lười.
B. Dùng tay nhặt quả sung bỏ vào miệng cho chàng lười.
C. Rung cây cho quả sung rơi trúng miệng anh chàng lười.
D. Chê trách anh chàng lười rồi bỏ đi.","Người qua đường đã giúp chàng trai lười biếng ni ra ren?
A. Lấy chân gắp quả sung bỏ vào miệng cho chàng lười.
B. Lấy tay nhặt quả sung bỏ vào miệng cho chàng lười.
C. Rung cây cho quả sung rơi trúng miệng anh chàng lười.
D. Chê trách anh chàng lười rồi bỏ đi.",58,57,0.9827586206896551,85,2.8756937980651855,17.737726253525942,85,3.1551167964935303,23.455776483898536,0.2794229984283447,5.718050230372594,1.3223665845692003
MCQA_0041_7,MCQA,"Câu nói ""Người đâu mà lười thế!"" của anh chàng lười có gì đáng buồn cười?
A. Chàng lười lại đi cảm ơn người khác.
B. Chàng lười lại chịu đi nhờ người khác.
C. Chàng lười lại đi chê người khác lười.
D. Vì chàng lười quá siêng năng so với người khác.",Chàng lười lại đi chê người khác lười.,"Câu nói ""Người đâu mà lười thế!"" của anh chàng lười có gì đáng buồn cười?
A. Chàng lười lại đi cảm ơn người khác.
B. Chàng lười lại chịu đi nhờ người khác.
C. Chàng lười lại đi chê người khác lười.
D. Vì chàng lười quá chăm chỉ so với người khác.",C,PNB,Daily Conversation,high,7e49e369-5b4e-4441-ba22-55eb0d6e2bdf,1,EXPERT_REVIEW_PASS,rewrite,"Câu nói ""Người đâu mà lười thế!"" của anh chàng lười có gì đáng buồn cười?
A. Chàng lười lại đi cảm ơn người khác.
B. Chàng lười lại chịu đi nhờ người khác.
C. Chàng lười lại đi chê người khác lười.
D. Vì chàng lười quá siêng năng so với người khác.","Câu nói ""Người đâu mà lười thế!"" của anh chàng lười có gì đáng buồn cười?
A. Chàng lười lại đi cảm ơn người khác.
B. Chàng lười lại chịu đi nhờ người khác.
C. Chàng lười lại đi chê người khác lười.
D. Vì chàng lười quá chăm chỉ so với người khác.",54,54,1.0,81,2.668083667755127,14.412323911455985,79,2.7128171920776367,15.071675567291825,0.044733524322509766,0.6593516558358399,1.0457491560616217
MCQA_0041_7,MCQA,"Câu nói ""Người đâu mà lười thế!"" của anh chàng lười có gì đáng buồn cười?
A. Chàng lười lại đi cảm ơn người khác.
B. Chàng lười lại chịu đi nhờ người khác.
C. Chàng lười lại đi chê người khác lười.
D. Vì chàng lười quá siêng năng so với người khác.",Chàng lười lại đi chê người khác lười.,"Câu nói ""Người gì mà làm biếng vậy!"" của anh chàng làm biếng có gì mắc cười?
A. Ảnh làm biếng mà lại đi cảm ơn người khác.
B. Ảnh làm biếng mà lại chịu đi nhờ người khác.
C. Ảnh làm biếng mà lại đi chê người khác làm biếng.
D. Tại anh chàng làm biếng quá siêng năng so với người khác.",C,PNN,Daily Conversation,high,88759523-55db-4c51-872d-a8b43438fa82,1,EXPERT_REVIEW_PASS,rewrite,"Câu nói ""Người đâu mà lười thế!"" của anh chàng lười có gì đáng buồn cười?
A. Chàng lười lại đi cảm ơn người khác.
B. Chàng lười lại chịu đi nhờ người khác.
C. Chàng lười lại đi chê người khác lười.
D. Vì chàng lười quá siêng năng so với người khác.","Câu nói ""Người gì mà làm biếng vậy!"" của anh chàng làm biếng có gì mắc cười?
A. Ảnh làm biếng mà lại đi cảm ơn người khác.
B. Ảnh làm biếng mà lại chịu đi nhờ người khác.
C. Ảnh làm biếng mà lại đi chê người khác làm biếng.
D. Tại anh chàng làm biếng quá siêng năng so với người khác.",54,64,1.1851851851851851,81,2.668083667755127,14.412323911455985,102,2.393507957458496,10.951845243554557,-0.27457571029663086,-3.4604786679014286,0.759894470235242
MCQA_0041_7,MCQA,"Câu nói ""Người đâu mà lười thế!"" của anh chàng lười có gì đáng buồn cười?
A. Chàng lười lại đi cảm ơn người khác.
B. Chàng lười lại chịu đi nhờ người khác.
C. Chàng lười lại đi chê người khác lười.
D. Vì chàng lười quá siêng năng so với người khác.",Chàng lười lại đi chê người khác lười.,"Câu nuối ""Người đâu mà nhác thế!"" của anh chàng lười có gì đáng buồn cười?
A. Chàng nhác lại đi cảm ơn người khác.
B. Chàng nhác lại chịu đi nhờ người khác.
C. Chàng nhác lại đi chê người khác lười.
D. Vì chàng lười quá siêng năng so với người khác.",C,PNT1,Daily Conversation,high,a4432712-749b-4d01-8b03-4cb9d0f81348,1,EXPERT_REVIEW_PASS,rewrite,"Câu nói ""Người đâu mà lười thế!"" của anh chàng lười có gì đáng buồn cười?
A. Chàng lười lại đi cảm ơn người khác.
B. Chàng lười lại chịu đi nhờ người khác.
C. Chàng lười lại đi chê người khác lười.
D. Vì chàng lười quá siêng năng so với người khác.","Câu nuối ""Người đâu mà nhác thế!"" của anh chàng lười có gì đáng buồn cười?
A. Chàng nhác lại đi cảm ơn người khác.
B. Chàng nhác lại chịu đi nhờ người khác.
C. Chàng nhác lại đi chê người khác lười.
D. Vì chàng lười quá siêng năng so với người khác.",54,54,1.0,81,2.668083667755127,14.412323911455985,82,3.1383607387542725,23.06602461029395,0.4702770709991455,8.653700698837966,1.6004375666272226
MCQA_0041_7,MCQA,"Câu nói ""Người đâu mà lười thế!"" của anh chàng lười có gì đáng buồn cười?
A. Chàng lười lại đi cảm ơn người khác.
B. Chàng lười lại chịu đi nhờ người khác.
C. Chàng lười lại đi chê người khác lười.
D. Vì chàng lười quá siêng năng so với người khác.",Chàng lười lại đi chê người khác lười.,"Câu nói ""Ngài mô mà nhác rứa!"" của anh chàng lười có chi đáng buồn cười?
A. Chàng lười lại đi cảm ơn người khác.
B. Chàng lười lại chịu đi nhờ người khác.
C. Chàng lười lại đi chê người khác lười.
D. Vì chàng lười quá siêng năng so với người khác.",C,PNT2,Daily Conversation,high,603effb8-c882-4227-b5de-d83ea8816911,1,EXPERT_REVIEW_PASS,rewrite,"Câu nói ""Người đâu mà lười thế!"" của anh chàng lười có gì đáng buồn cười?
A. Chàng lười lại đi cảm ơn người khác.
B. Chàng lười lại chịu đi nhờ người khác.
C. Chàng lười lại đi chê người khác lười.
D. Vì chàng lười quá siêng năng so với người khác.","Câu nói ""Ngài mô mà nhác rứa!"" của anh chàng lười có chi đáng buồn cười?
A. Chàng lười lại đi cảm ơn người khác.
B. Chàng lười lại chịu đi nhờ người khác.
C. Chàng lười lại đi chê người khác lười.
D. Vì chàng lười quá siêng năng so với người khác.",54,54,1.0,81,2.668083667755127,14.412323911455985,83,3.0917651653289795,22.015905410177467,0.42368149757385254,7.603581498721482,1.5275749799570901
MCQA_0041_7,MCQA,"Câu nói ""Người đâu mà lười thế!"" của anh chàng lười có gì đáng buồn cười?
A. Chàng lười lại đi cảm ơn người khác.
B. Chàng lười lại chịu đi nhờ người khác.
C. Chàng lười lại đi chê người khác lười.
D. Vì chàng lười quá siêng năng so với người khác.",Chàng lười lại đi chê người khác lười.,"Câu nói ""Người mô mà lười rứa!"" của anh chàng lười có chi đáng buồn cười?
A. Chàng lười lại đi cảm ơn người khác.
B. Chàng lười lại chịu đi nhờ người khác.
C. Chàng lười lại đi chê người khác lười.
D. Vì chàng lười quá siêng năng so với người khác.",C,PNT3,Daily Conversation,high,e99ab2ee-5e8e-4d70-ac05-869071c9a49c,1,EXPERT_REVIEW_PASS,rewrite,"Câu nói ""Người đâu mà lười thế!"" của anh chàng lười có gì đáng buồn cười?
A. Chàng lười lại đi cảm ơn người khác.
B. Chàng lười lại chịu đi nhờ người khác.
C. Chàng lười lại đi chê người khác lười.
D. Vì chàng lười quá siêng năng so với người khác.","Câu nói ""Người mô mà lười rứa!"" của anh chàng lười có chi đáng buồn cười?
A. Chàng lười lại đi cảm ơn người khác.
B. Chàng lười lại chịu đi nhờ người khác.
C. Chàng lười lại đi chê người khác lười.
D. Vì chàng lười quá siêng năng so với người khác.",54,54,1.0,81,2.668083667755127,14.412323911455985,83,3.11976957321167,22.64116191182254,0.45168590545654297,8.228838000366554,1.570958441603277
MCQA_0041_7,MCQA,"Câu nói ""Người đâu mà lười thế!"" của anh chàng lười có gì đáng buồn cười?
A. Chàng lười lại đi cảm ơn người khác.
B. Chàng lười lại chịu đi nhờ người khác.
C. Chàng lười lại đi chê người khác lười.
D. Vì chàng lười quá siêng năng so với người khác.",Chàng lười lại đi chê người khác lười.,"Câu nói ""Người chi mà lười rứa!"" của anh chàng lười có cái chi đáng buồn cười?
A. Chàng lười lại đi cảm ơn người khác.
B. Chàng lười lại chịu đi nhờ người khác.
C. Chàng lười lại đi chê người khác lười.
D. Vì chàng lười quá siêng năng so với người khác.",C,PNT4,Daily Conversation,high,7f4cabf8-9403-4778-a98e-b3191bcfcaab,1,EXPERT_REVIEW_PASS,rewrite,"Câu nói ""Người đâu mà lười thế!"" của anh chàng lười có gì đáng buồn cười?
A. Chàng lười lại đi cảm ơn người khác.
B. Chàng lười lại chịu đi nhờ người khác.
C. Chàng lười lại đi chê người khác lười.
D. Vì chàng lười quá siêng năng so với người khác.","Câu nói ""Người chi mà lười rứa!"" của anh chàng lười có cái chi đáng buồn cười?
A. Chàng lười lại đi cảm ơn người khác.
B. Chàng lười lại chịu đi nhờ người khác.
C. Chàng lười lại đi chê người khác lười.
D. Vì chàng lười quá siêng năng so với người khác.",54,55,1.0185185185185186,81,2.668083667755127,14.412323911455985,84,3.010802745819092,20.303692089069468,0.34271907806396484,5.891368177613483,1.4087729511082239
MCQA_0042_2,MCQA,"Sau vụ thu hoạch, người anh đã nghĩ điều gì về em?
A. Em sống có 1 mình mà cũng lấy 1 nửa, thật không công bằng.
B. Em sống 1 mình vất vả, phần ta cũng bằng phần em thì thật công bằng.
C. Em mình có một thân một mình thật đáng thương.
D. Không công bằng trong việc phân chia.","Em sống 1 mình vất vả, phần ta cũng bằng phần em thì thật công bằng.","Sau vụ thu hoạch, người anh đã nghĩ điều gì về em?
A. Em sống có 1 mình mà cũng lấy 1 nửa, thật không công bằng.
B. Em sống 1 mình vất vả, phần mình cũng bằng phần em thì thật công bằng.
C. Em mình có một thân một mình thật đáng thương.
D. Không công bằng trong việc phân chia.",B,PNB,Daily Conversation,high,7e49e369-5b4e-4441-ba22-55eb0d6e2bdf,1,EXPERT_REVIEW_PASS,rewrite,"Sau vụ thu hoạch, người anh đã nghĩ điều gì về em?
A. Em sống có 1 mình mà cũng lấy 1 nửa, thật không công bằng.
B. Em sống 1 mình vất vả, phần ta cũng bằng phần em thì thật công bằng.
C. Em mình có một thân một mình thật đáng thương.
D. Không công bằng trong việc phân chia.","Sau vụ thu hoạch, người anh đã nghĩ điều gì về em?
A. Em sống có 1 mình mà cũng lấy 1 nửa, thật không công bằng.
B. Em sống 1 mình vất vả, phần mình cũng bằng phần em thì thật công bằng.
C. Em mình có một thân một mình thật đáng thương.
D. Không công bằng trong việc phân chia.",63,63,1.0,83,3.437124490737915,31.097408593260248,83,3.3629932403564453,28.875492944188473,-0.07413125038146973,-2.221915649071775,0.9285498133258174
MCQA_0042_2,MCQA,"Sau vụ thu hoạch, người anh đã nghĩ điều gì về em?
A. Em sống có 1 mình mà cũng lấy 1 nửa, thật không công bằng.
B. Em sống 1 mình vất vả, phần ta cũng bằng phần em thì thật công bằng.
C. Em mình có một thân một mình thật đáng thương.
D. Không công bằng trong việc phân chia.","Em sống 1 mình vất vả, phần ta cũng bằng phần em thì thật công bằng.","Sau vụ thu hoạch, người anh đã nghĩ cái gì về em?
A. Em sống có mình ên mà cũng lấy phân nửa, thiệt hông công bằng.
B. Em sống mình ên vất vả, phần ta cũng bằng phần em thì thiệt công bằng.
C. Em mình có mình ên thiệt tội nghiệp.
D. Hông công bằng trong việc phân chia.",B,PNN,Daily Conversation,high,88759523-55db-4c51-872d-a8b43438fa82,1,EXPERT_REVIEW_PASS,rewrite,"Sau vụ thu hoạch, người anh đã nghĩ điều gì về em?
A. Em sống có 1 mình mà cũng lấy 1 nửa, thật không công bằng.
B. Em sống 1 mình vất vả, phần ta cũng bằng phần em thì thật công bằng.
C. Em mình có một thân một mình thật đáng thương.
D. Không công bằng trong việc phân chia.","Sau vụ thu hoạch, người anh đã nghĩ cái gì về em?
A. Em sống có mình ên mà cũng lấy phân nửa, thiệt hông công bằng.
B. Em sống mình ên vất vả, phần ta cũng bằng phần em thì thiệt công bằng.
C. Em mình có mình ên thiệt tội nghiệp.
D. Hông công bằng trong việc phân chia.",63,61,0.9682539682539683,83,3.437124490737915,31.097408593260248,83,3.9264957904815674,50.728901144448855,0.48937129974365234,19.631492551188607,1.6312903048597864
MCQA_0042_2,MCQA,"Sau vụ thu hoạch, người anh đã nghĩ điều gì về em?
A. Em sống có 1 mình mà cũng lấy 1 nửa, thật không công bằng.
B. Em sống 1 mình vất vả, phần ta cũng bằng phần em thì thật công bằng.
C. Em mình có một thân một mình thật đáng thương.
D. Không công bằng trong việc phân chia.","Em sống 1 mình vất vả, phần ta cũng bằng phần em thì thật công bằng.","Sau vụ thu hoạch, người anh đã nghĩ điều gì về eim?
A. Em sống cóa 1 mình mà cũng lấy 1 nửa, thật không công bằng.
B. Em sống 1 mình vất vả, phần ta cũng bằng phần em thì thật công bằng.
C. Em mình cóa một thân một mình thật đáng thương.
D. Không công bằng trong việc phân chia.",B,PNT1,Daily Conversation,high,a4432712-749b-4d01-8b03-4cb9d0f81348,1,EXPERT_REVIEW_PASS,rewrite,"Sau vụ thu hoạch, người anh đã nghĩ điều gì về em?
A. Em sống có 1 mình mà cũng lấy 1 nửa, thật không công bằng.
B. Em sống 1 mình vất vả, phần ta cũng bằng phần em thì thật công bằng.
C. Em mình có một thân một mình thật đáng thương.
D. Không công bằng trong việc phân chia.","Sau vụ thu hoạch, người anh đã nghĩ điều gì về eim?
A. Em sống cóa 1 mình mà cũng lấy 1 nửa, thật không công bằng.
B. Em sống 1 mình vất vả, phần ta cũng bằng phần em thì thật công bằng.
C. Em mình cóa một thân một mình thật đáng thương.
D. Không công bằng trong việc phân chia.",63,63,1.0,83,3.437124490737915,31.097408593260248,86,3.808239698410034,45.07103038893418,0.37111520767211914,13.973621795673935,1.4493500400127373
MCQA_0042_2,MCQA,"Sau vụ thu hoạch, người anh đã nghĩ điều gì về em?
A. Em sống có 1 mình mà cũng lấy 1 nửa, thật không công bằng.
B. Em sống 1 mình vất vả, phần ta cũng bằng phần em thì thật công bằng.
C. Em mình có một thân một mình thật đáng thương.
D. Không công bằng trong việc phân chia.","Em sống 1 mình vất vả, phần ta cũng bằng phần em thì thật công bằng.","Sau vụ thu hoạch, người anh đã nghĩ điều chi về em?
A. Em sống có 1 chắc mà cũng lấy 1 nửa, thật nỏ công bằng.
B. Em sống 1 chắc vất vả, phần ta cũng bằng phần em thì thật công bằng.
C. Em mình có một chắc thật đáng thương.
D. Nỏ công bằng trong việc phân chia.",B,PNT2,Daily Conversation,high,7d958013-3acc-4719-a459-b3a565d57865,0,EXPERT_AUTO_PASS,rewrite,"Sau vụ thu hoạch, người anh đã nghĩ điều gì về em?
A. Em sống có 1 mình mà cũng lấy 1 nửa, thật không công bằng.
B. Em sống 1 mình vất vả, phần ta cũng bằng phần em thì thật công bằng.
C. Em mình có một thân một mình thật đáng thương.
D. Không công bằng trong việc phân chia.","Sau vụ thu hoạch, người anh đã nghĩ điều chi về em?
A. Em sống có 1 chắc mà cũng lấy 1 nửa, thật nỏ công bằng.
B. Em sống 1 chắc vất vả, phần ta cũng bằng phần em thì thật công bằng.
C. Em mình có một chắc thật đáng thương.
D. Nỏ công bằng trong việc phân chia.",63,61,0.9682539682539683,83,3.437124490737915,31.097408593260248,83,4.021730899810791,55.797602349146125,0.584606409072876,24.700193755885877,1.794284632489897
MCQA_0042_2,MCQA,"Sau vụ thu hoạch, người anh đã nghĩ điều gì về em?
A. Em sống có 1 mình mà cũng lấy 1 nửa, thật không công bằng.
B. Em sống 1 mình vất vả, phần ta cũng bằng phần em thì thật công bằng.
C. Em mình có một thân một mình thật đáng thương.
D. Không công bằng trong việc phân chia.","Em sống 1 mình vất vả, phần ta cũng bằng phần em thì thật công bằng.","Sau vụ thu hoạch, người anh đã nghĩ chi về em?
A. Em sống có 1 mình mà cũng lấy 1 nửa, thiệt không công bằng.
B. Em sống 1 mình vất vả, phần mình cũng bằng phần em thì thật công bằng.
C. Em mình có một thân một mình thiệt đáng thương.
D. Không công bằng trong việc phân chia.",B,PNT3,Daily Conversation,high,e99ab2ee-5e8e-4d70-ac05-869071c9a49c,1,EXPERT_REVIEW_PASS,rewrite,"Sau vụ thu hoạch, người anh đã nghĩ điều gì về em?
A. Em sống có 1 mình mà cũng lấy 1 nửa, thật không công bằng.
B. Em sống 1 mình vất vả, phần ta cũng bằng phần em thì thật công bằng.
C. Em mình có một thân một mình thật đáng thương.
D. Không công bằng trong việc phân chia.","Sau vụ thu hoạch, người anh đã nghĩ chi về em?
A. Em sống có 1 mình mà cũng lấy 1 nửa, thiệt không công bằng.
B. Em sống 1 mình vất vả, phần mình cũng bằng phần em thì thật công bằng.
C. Em mình có một thân một mình thiệt đáng thương.
D. Không công bằng trong việc phân chia.",63,62,0.9841269841269841,83,3.437124490737915,31.097408593260248,82,3.649339199066162,38.4492503520608,0.21221470832824707,7.351841758800553,1.2364133248194167
MCQA_0042_2,MCQA,"Sau vụ thu hoạch, người anh đã nghĩ điều gì về em?
A. Em sống có 1 mình mà cũng lấy 1 nửa, thật không công bằng.
B. Em sống 1 mình vất vả, phần ta cũng bằng phần em thì thật công bằng.
C. Em mình có một thân một mình thật đáng thương.
D. Không công bằng trong việc phân chia.","Em sống 1 mình vất vả, phần ta cũng bằng phần em thì thật công bằng.","Sau vụ thu hoạch, người anh đã nghĩ điều chi về em?
A. Em sống có 1 mình mà cũng lấy 1 nửa, thật không công bằng.
B. Em sống 1 mình vất vả, phần ta cũng bằng phần em thì thật công bằng.
C. Em mình có một thân một mình thật đáng thương.
D. Không công bằng trong việc phân chia.",B,PNT4,Daily Conversation,high,eb3805e3-c095-4a6c-8697-9f6079168a64,2,REVIEW_PASS,rewrite,"Sau vụ thu hoạch, người anh đã nghĩ điều gì về em?
A. Em sống có 1 mình mà cũng lấy 1 nửa, thật không công bằng.
B. Em sống 1 mình vất vả, phần ta cũng bằng phần em thì thật công bằng.
C. Em mình có một thân một mình thật đáng thương.
D. Không công bằng trong việc phân chia.","Sau vụ thu hoạch, người anh đã nghĩ điều chi về em?
A. Em sống có 1 mình mà cũng lấy 1 nửa, thật không công bằng.
B. Em sống 1 mình vất vả, phần ta cũng bằng phần em thì thật công bằng.
C. Em mình có một thân một mình thật đáng thương.
D. Không công bằng trong việc phân chia.",63,63,1.0,83,3.437124490737915,31.097408593260248,83,3.600339889526367,36.610675914491964,0.16321539878845215,5.513267321231716,1.177290249272623
MCQA_0043_3,MCQA,"Theo lời người cha đã mất, hai người con đã làm gì?
A. Hai người con rời bỏ mảnh đất quê hương, theo đuổi điều hão huyền.
B. Hai người con đào bới cả đám ruộng mà chẳng thấy kho báu đâu.
C. Hai người con thay phiên nhau cấy cày, làm giàu từ mảnh ruộng.
D. Hai người con bán mảnh ruộng, lên thành phố kiếm sống.",Hai người con đào bới cả đám ruộng mà chẳng thấy kho báu đâu.,"Theo lời người cha đã mất, hai người con đã làm gì?
A. Hai người con rời bỏ mảnh đất quê hương, theo đuổi điều viển vông.
B. Hai người con đào bới cả mảnh ruộng mà chẳng thấy kho báu đâu.
C. Hai người con thay phiên nhau cấy cày, làm giàu từ mảnh ruộng.
D. Hai người con bán mảnh ruộng, lên thành phố kiếm sống.",B,PNB,Daily Conversation,high,7e49e369-5b4e-4441-ba22-55eb0d6e2bdf,1,EXPERT_REVIEW_PASS,rewrite,"Theo lời người cha đã mất, hai người con đã làm gì?
A. Hai người con rời bỏ mảnh đất quê hương, theo đuổi điều hão huyền.
B. Hai người con đào bới cả đám ruộng mà chẳng thấy kho báu đâu.
C. Hai người con thay phiên nhau cấy cày, làm giàu từ mảnh ruộng.
D. Hai người con bán mảnh ruộng, lên thành phố kiếm sống.","Theo lời người cha đã mất, hai người con đã làm gì?
A. Hai người con rời bỏ mảnh đất quê hương, theo đuổi điều viển vông.
B. Hai người con đào bới cả mảnh ruộng mà chẳng thấy kho báu đâu.
C. Hai người con thay phiên nhau cấy cày, làm giàu từ mảnh ruộng.
D. Hai người con bán mảnh ruộng, lên thành phố kiếm sống.",68,68,1.0,98,3.020037889480591,20.492068103300454,99,2.9317526817321777,18.760482853984758,-0.08828520774841309,-1.731585249315696,0.915499731867629
MCQA_0043_3,MCQA,"Theo lời người cha đã mất, hai người con đã làm gì?
A. Hai người con rời bỏ mảnh đất quê hương, theo đuổi điều hão huyền.
B. Hai người con đào bới cả đám ruộng mà chẳng thấy kho báu đâu.
C. Hai người con thay phiên nhau cấy cày, làm giàu từ mảnh ruộng.
D. Hai người con bán mảnh ruộng, lên thành phố kiếm sống.",Hai người con đào bới cả đám ruộng mà chẳng thấy kho báu đâu.,"Theo lời ba đã mất, hai người con đã làm gì?
A. Hai người con rời bỏ miếng đất quê hương, theo đuổi điều hão huyền.
B. Hai người con đào bới cả đám ruộng mà chẳng thấy kho báu đâu.
C. Hai người con thay phiên nhau cấy cày, làm giàu từ miếng ruộng.
D. Hai người con bán miếng ruộng, lên thành phố kiếm sống.",B,PNN,Daily Conversation,high,e04e5ca5-c8e8-4484-a0aa-f9dc978b200c,1,EXPERT_REVIEW_PASS,rewrite,"Theo lời người cha đã mất, hai người con đã làm gì?
A. Hai người con rời bỏ mảnh đất quê hương, theo đuổi điều hão huyền.
B. Hai người con đào bới cả đám ruộng mà chẳng thấy kho báu đâu.
C. Hai người con thay phiên nhau cấy cày, làm giàu từ mảnh ruộng.
D. Hai người con bán mảnh ruộng, lên thành phố kiếm sống.","Theo lời ba đã mất, hai người con đã làm gì?
A. Hai người con rời bỏ miếng đất quê hương, theo đuổi điều hão huyền.
B. Hai người con đào bới cả đám ruộng mà chẳng thấy kho báu đâu.
C. Hai người con thay phiên nhau cấy cày, làm giàu từ miếng ruộng.
D. Hai người con bán miếng ruộng, lên thành phố kiếm sống.",68,67,0.9852941176470589,98,3.020037889480591,20.492068103300454,100,3.1290159225463867,22.85148084694383,0.1089780330657959,2.359412743643375,1.1151378539125276
MCQA_0043_3,MCQA,"Theo lời người cha đã mất, hai người con đã làm gì?
A. Hai người con rời bỏ mảnh đất quê hương, theo đuổi điều hão huyền.
B. Hai người con đào bới cả đám ruộng mà chẳng thấy kho báu đâu.
C. Hai người con thay phiên nhau cấy cày, làm giàu từ mảnh ruộng.
D. Hai người con bán mảnh ruộng, lên thành phố kiếm sống.",Hai người con đào bới cả đám ruộng mà chẳng thấy kho báu đâu.,"Theo lời người cha đã mất, hai người coan đã làm chi?
A. Hai người coan rời bỏ mảnh đất quê hưng, theo đủi điều hão huyền.
B. Hai người coan đào bới cả đám ruộng mà chẳng thấy kho báu mô.
C. Hai người coan thay phin nhau cấy cày, làm giàu từ mảnh ruộng.
D. Hai người coan bán mảnh ruộng, lên thành phố kiếm sống.",B,PNT1,Daily Conversation,high,a4432712-749b-4d01-8b03-4cb9d0f81348,1,EXPERT_REVIEW_PASS,rewrite,"Theo lời người cha đã mất, hai người con đã làm gì?
A. Hai người con rời bỏ mảnh đất quê hương, theo đuổi điều hão huyền.
B. Hai người con đào bới cả đám ruộng mà chẳng thấy kho báu đâu.
C. Hai người con thay phiên nhau cấy cày, làm giàu từ mảnh ruộng.
D. Hai người con bán mảnh ruộng, lên thành phố kiếm sống.","Theo lời người cha đã mất, hai người coan đã làm chi?
A. Hai người coan rời bỏ mảnh đất quê hưng, theo đủi điều hão huyền.
B. Hai người coan đào bới cả đám ruộng mà chẳng thấy kho báu mô.
C. Hai người coan thay phin nhau cấy cày, làm giàu từ mảnh ruộng.
D. Hai người coan bán mảnh ruộng, lên thành phố kiếm sống.",68,68,1.0,98,3.020037889480591,20.492068103300454,106,3.672393321990967,39.3459608167897,0.652355432510376,18.853892713489245,1.9200580741019808
MCQA_0043_3,MCQA,"Theo lời người cha đã mất, hai người con đã làm gì?
A. Hai người con rời bỏ mảnh đất quê hương, theo đuổi điều hão huyền.
B. Hai người con đào bới cả đám ruộng mà chẳng thấy kho báu đâu.
C. Hai người con thay phiên nhau cấy cày, làm giàu từ mảnh ruộng.
D. Hai người con bán mảnh ruộng, lên thành phố kiếm sống.",Hai người con đào bới cả đám ruộng mà chẳng thấy kho báu đâu.,"Theo lời người cha đạ mất, hai người con đạ mần chi?
A. Hai người con rời bỏ mảnh đất quê hương, theo đuổi điều hão huyền.
B. Hai người con đào bới cả đám ruộng mà chẳng thấy kho báu mô.
C. Hai người con thay phiên nhau cấy cày, làm giàu từ mảnh ruộng.
D. Hai người con bán mảnh ruộng, lên thành phố kiếm sống.",B,PNT2,Daily Conversation,high,7d958013-3acc-4719-a459-b3a565d57865,0,EXPERT_AUTO_PASS,rewrite,"Theo lời người cha đã mất, hai người con đã làm gì?
A. Hai người con rời bỏ mảnh đất quê hương, theo đuổi điều hão huyền.
B. Hai người con đào bới cả đám ruộng mà chẳng thấy kho báu đâu.
C. Hai người con thay phiên nhau cấy cày, làm giàu từ mảnh ruộng.
D. Hai người con bán mảnh ruộng, lên thành phố kiếm sống.","Theo lời người cha đạ mất, hai người con đạ mần chi?
A. Hai người con rời bỏ mảnh đất quê hương, theo đuổi điều hão huyền.
B. Hai người con đào bới cả đám ruộng mà chẳng thấy kho báu mô.
C. Hai người con thay phiên nhau cấy cày, làm giàu từ mảnh ruộng.
D. Hai người con bán mảnh ruộng, lên thành phố kiếm sống.",68,68,1.0,98,3.020037889480591,20.492068103300454,101,3.4821865558624268,32.53077472344436,0.46214866638183594,12.038706620143905,1.5874812907831861
MCQA_0043_3,MCQA,"Theo lời người cha đã mất, hai người con đã làm gì?
A. Hai người con rời bỏ mảnh đất quê hương, theo đuổi điều hão huyền.
B. Hai người con đào bới cả đám ruộng mà chẳng thấy kho báu đâu.
C. Hai người con thay phiên nhau cấy cày, làm giàu từ mảnh ruộng.
D. Hai người con bán mảnh ruộng, lên thành phố kiếm sống.",Hai người con đào bới cả đám ruộng mà chẳng thấy kho báu đâu.,"Theo lời người bọ đã mất, hai người con đã mần chi?
A. Hai người con rời bỏ mảnh đất quê hương, theo đuổi điều hão huyền.
B. Hai người con đào bới cả đám ruộng mà nọ thấy kho báu mô.
C. Hai người con thay phiên nhau cấy cày, làm giàu từ mảnh ruộng.
D. Hai người con bán mảnh ruộng, lên thành phố kiếm sống.",B,PNT3,Daily Conversation,high,e99ab2ee-5e8e-4d70-ac05-869071c9a49c,1,EXPERT_REVIEW_PASS,rewrite,"Theo lời người cha đã mất, hai người con đã làm gì?
A. Hai người con rời bỏ mảnh đất quê hương, theo đuổi điều hão huyền.
B. Hai người con đào bới cả đám ruộng mà chẳng thấy kho báu đâu.
C. Hai người con thay phiên nhau cấy cày, làm giàu từ mảnh ruộng.
D. Hai người con bán mảnh ruộng, lên thành phố kiếm sống.","Theo lời người bọ đã mất, hai người con đã mần chi?
A. Hai người con rời bỏ mảnh đất quê hương, theo đuổi điều hão huyền.
B. Hai người con đào bới cả đám ruộng mà nọ thấy kho báu mô.
C. Hai người con thay phiên nhau cấy cày, làm giàu từ mảnh ruộng.
D. Hai người con bán mảnh ruộng, lên thành phố kiếm sống.",68,68,1.0,98,3.020037889480591,20.492068103300454,101,3.6190459728240967,37.301963753994,0.5990080833435059,16.809895650693548,1.8203123064960995
MCQA_0043_3,MCQA,"Theo lời người cha đã mất, hai người con đã làm gì?
A. Hai người con rời bỏ mảnh đất quê hương, theo đuổi điều hão huyền.
B. Hai người con đào bới cả đám ruộng mà chẳng thấy kho báu đâu.
C. Hai người con thay phiên nhau cấy cày, làm giàu từ mảnh ruộng.
D. Hai người con bán mảnh ruộng, lên thành phố kiếm sống.",Hai người con đào bới cả đám ruộng mà chẳng thấy kho báu đâu.,"Theo lời người cha đã mất, hai người con đã làm gì?
A. Hai người con rời bỏ mảnh đất quê hương, theo đuổi điều hão huyền.
B. Hai người con đào bới cả đám ruộng mà chẳng thấy kho báu mô.
C. Hai người con thay phiên nhau cấy cày, làm giàu từ mảnh ruộng.
D. Hai người con bán mảnh ruộng, lên thành phố kiếm sống.",B,PNT4,Daily Conversation,high,5ea76d15-516d-4285-a781-7b1c6a04a627,0,EXPERT_AUTO_PASS,rewrite,"Theo lời người cha đã mất, hai người con đã làm gì?
A. Hai người con rời bỏ mảnh đất quê hương, theo đuổi điều hão huyền.
B. Hai người con đào bới cả đám ruộng mà chẳng thấy kho báu đâu.
C. Hai người con thay phiên nhau cấy cày, làm giàu từ mảnh ruộng.
D. Hai người con bán mảnh ruộng, lên thành phố kiếm sống.","Theo lời người cha đã mất, hai người con đã làm gì?
A. Hai người con rời bỏ mảnh đất quê hương, theo đuổi điều hão huyền.
B. Hai người con đào bới cả đám ruộng mà chẳng thấy kho báu mô.
C. Hai người con thay phiên nhau cấy cày, làm giàu từ mảnh ruộng.
D. Hai người con bán mảnh ruộng, lên thành phố kiếm sống.",68,68,1.0,98,3.020037889480591,20.492068103300454,98,3.1300148963928223,22.874320284763392,0.10997700691223145,2.3822521814629383,1.116252404074299
MCQA_0047_2,MCQA,"Cô giáo đã nói gì khi bước vào lớp học?
A. Cô khen lớp học sạch sẽ. .
B. Cô giáo chê lớp học hôm nay bẩn quá.
C. Cô giáo yêu cầu cả lớp hãy dọn sạch những mẩu giấy vụn nằm trên đất. .
D. Cô giáo đã chào lớp.",Cô khen lớp học sạch sẽ. .,"Cô giáo đã nói gì khi bước vào lớp học?
A. Cô khen lớp học sạch sẽ. .
B. Cô giáo chê lớp học hôm nay bẩn quá.
C. Cô giáo yêu cầu cả lớp hãy dọn sạch những mảnh giấy vụn nằm trên đất. .
D. Cô giáo đã chào lớp.",A,PNB,Daily Conversation,high,7e49e369-5b4e-4441-ba22-55eb0d6e2bdf,1,EXPERT_REVIEW_PASS,rewrite,"Cô giáo đã nói gì khi bước vào lớp học?
A. Cô khen lớp học sạch sẽ. .
B. Cô giáo chê lớp học hôm nay bẩn quá.
C. Cô giáo yêu cầu cả lớp hãy dọn sạch những mẩu giấy vụn nằm trên đất. .
D. Cô giáo đã chào lớp.","Cô giáo đã nói gì khi bước vào lớp học?
A. Cô khen lớp học sạch sẽ. .
B. Cô giáo chê lớp học hôm nay bẩn quá.
C. Cô giáo yêu cầu cả lớp hãy dọn sạch những mảnh giấy vụn nằm trên đất. .
D. Cô giáo đã chào lớp.",52,52,1.0,69,2.832665205001831,16.990684189488487,69,2.7895314693450928,16.273393431651748,-0.04313373565673828,-0.7172907578367393,0.9577832917240319
MCQA_0047_2,MCQA,"Cô giáo đã nói gì khi bước vào lớp học?
A. Cô khen lớp học sạch sẽ. .
B. Cô giáo chê lớp học hôm nay bẩn quá.
C. Cô giáo yêu cầu cả lớp hãy dọn sạch những mẩu giấy vụn nằm trên đất. .
D. Cô giáo đã chào lớp.",Cô khen lớp học sạch sẽ. .,"Cô giáo đã nói gì khi bước vô lớp học? 
A. Cô khen lớp học sạch sẽ quá.
B. Cô giáo chê lớp học hôm nay dơ quá. 
C. Cô giáo yêu cầu cả lớp hãy dọn sạch mấy mẩu giấy vụn nằm trên đất. . 
D. Cô giáo đã chào lớp.",A,PNN,Daily Conversation,high,9d0d5c61-1083-4b35-8c02-c2c597f8212f,1,EXPERT_REVIEW_PASS,rewrite,"Cô giáo đã nói gì khi bước vào lớp học?
A. Cô khen lớp học sạch sẽ. .
B. Cô giáo chê lớp học hôm nay bẩn quá.
C. Cô giáo yêu cầu cả lớp hãy dọn sạch những mẩu giấy vụn nằm trên đất. .
D. Cô giáo đã chào lớp.","Cô giáo đã nói gì khi bước vô lớp học? 
A. Cô khen lớp học sạch sẽ quá.
B. Cô giáo chê lớp học hôm nay dơ quá. 
C. Cô giáo yêu cầu cả lớp hãy dọn sạch mấy mẩu giấy vụn nằm trên đất. . 
D. Cô giáo đã chào lớp.",52,52,1.0,69,2.832665205001831,16.990684189488487,72,3.283773899078369,26.67625647252136,0.4511086940765381,9.685572283032872,1.5700519281633745
MCQA_0047_2,MCQA,"Cô giáo đã nói gì khi bước vào lớp học?
A. Cô khen lớp học sạch sẽ. .
B. Cô giáo chê lớp học hôm nay bẩn quá.
C. Cô giáo yêu cầu cả lớp hãy dọn sạch những mẩu giấy vụn nằm trên đất. .
D. Cô giáo đã chào lớp.",Cô khen lớp học sạch sẽ. .,"Cô giáo đã nói gì khi bước vào lớp học?
A. Cô khen lớp học sạch sẽ. .
B. Cô giáo chê lớp học hôm nay bửn quá.
C. Cô giáo yêu cầu cả lớp hãy dọn sạch những mẩu giấy vụn nằm trên đất. .
D. Cô giáo đã chào lớp.",A,PNT1,Daily Conversation,high,a4432712-749b-4d01-8b03-4cb9d0f81348,1,EXPERT_REVIEW_PASS,rewrite,"Cô giáo đã nói gì khi bước vào lớp học?
A. Cô khen lớp học sạch sẽ. .
B. Cô giáo chê lớp học hôm nay bẩn quá.
C. Cô giáo yêu cầu cả lớp hãy dọn sạch những mẩu giấy vụn nằm trên đất. .
D. Cô giáo đã chào lớp.","Cô giáo đã nói gì khi bước vào lớp học?
A. Cô khen lớp học sạch sẽ. .
B. Cô giáo chê lớp học hôm nay bửn quá.
C. Cô giáo yêu cầu cả lớp hãy dọn sạch những mẩu giấy vụn nằm trên đất. .
D. Cô giáo đã chào lớp.",52,52,1.0,69,2.832665205001831,16.990684189488487,70,3.134537696838379,22.97801057923921,0.30187249183654785,5.987326389750724,1.3523887751062351
MCQA_0047_2,MCQA,"Cô giáo đã nói gì khi bước vào lớp học?
A. Cô khen lớp học sạch sẽ. .
B. Cô giáo chê lớp học hôm nay bẩn quá.
C. Cô giáo yêu cầu cả lớp hãy dọn sạch những mẩu giấy vụn nằm trên đất. .
D. Cô giáo đã chào lớp.",Cô khen lớp học sạch sẽ. .,"Cô giáo đạ nói chi khi bước vô lớp học?
A. Cô khen lớp học sạch sẽ. .
B. Cô giáo chê lớp học bữa ni bẩn quá.
C. Cô giáo yêu cầu cả lớp hãy dọn sạch những cái mẩu giấy vụn nằm trên đất. .
D. Cô giáo đạ chào lớp.",A,PNT2,Daily Conversation,high,7d958013-3acc-4719-a459-b3a565d57865,0,EXPERT_AUTO_PASS,rewrite,"Cô giáo đã nói gì khi bước vào lớp học?
A. Cô khen lớp học sạch sẽ. .
B. Cô giáo chê lớp học hôm nay bẩn quá.
C. Cô giáo yêu cầu cả lớp hãy dọn sạch những mẩu giấy vụn nằm trên đất. .
D. Cô giáo đã chào lớp.","Cô giáo đạ nói chi khi bước vô lớp học?
A. Cô khen lớp học sạch sẽ. .
B. Cô giáo chê lớp học bữa ni bẩn quá.
C. Cô giáo yêu cầu cả lớp hãy dọn sạch những cái mẩu giấy vụn nằm trên đất. .
D. Cô giáo đạ chào lớp.",52,53,1.0192307692307692,69,2.832665205001831,16.990684189488487,71,3.7511813640594482,42.57134456145267,0.9185161590576172,25.580660371964182,2.5055697632111835
MCQA_0047_2,MCQA,"Cô giáo đã nói gì khi bước vào lớp học?
A. Cô khen lớp học sạch sẽ. .
B. Cô giáo chê lớp học hôm nay bẩn quá.
C. Cô giáo yêu cầu cả lớp hãy dọn sạch những mẩu giấy vụn nằm trên đất. .
D. Cô giáo đã chào lớp.",Cô khen lớp học sạch sẽ. .,"Cô giáo đã nói chi khi bước vô lớp học?
A. Cô khen lớp học sạch sẽ.
B. Cô giáo chê lớp học bữa ni bẩn quá.
C. Cô giáo yêu cầu cả lớp hãy dọn sạch mớ giấy vụn nằm trên đất.
D. Cô giáo đã chào lớp.",A,PNT3,Daily Conversation,high,eb02b7a5-f3df-407d-8da3-21f0b73659ef,0,EXPERT_AUTO_PASS,rewrite,"Cô giáo đã nói gì khi bước vào lớp học?
A. Cô khen lớp học sạch sẽ. .
B. Cô giáo chê lớp học hôm nay bẩn quá.
C. Cô giáo yêu cầu cả lớp hãy dọn sạch những mẩu giấy vụn nằm trên đất. .
D. Cô giáo đã chào lớp.","Cô giáo đã nói chi khi bước vô lớp học?
A. Cô khen lớp học sạch sẽ.
B. Cô giáo chê lớp học bữa ni bẩn quá.
C. Cô giáo yêu cầu cả lớp hãy dọn sạch mớ giấy vụn nằm trên đất.
D. Cô giáo đã chào lớp.",52,49,0.9423076923076923,69,2.832665205001831,16.990684189488487,65,3.6292848587036133,37.685856265995014,0.7966196537017822,20.695172076506527,2.218030530477982
MCQA_0047_2,MCQA,"Cô giáo đã nói gì khi bước vào lớp học?
A. Cô khen lớp học sạch sẽ. .
B. Cô giáo chê lớp học hôm nay bẩn quá.
C. Cô giáo yêu cầu cả lớp hãy dọn sạch những mẩu giấy vụn nằm trên đất. .
D. Cô giáo đã chào lớp.",Cô khen lớp học sạch sẽ. .,"Cô giáo đã nói chi khi bước vô lớp học?
A. Cô khen lớp học sạch sẽ. .
B. Cô giáo chê lớp học bữa ni bẩn kinh.
C. Cô giáo yêu cầu cả lớp hãy dọn sạch những mẩu giấy vụn nằm trên đất. .
D. Cô giáo đã chào lớp.",A,PNT4,Daily Conversation,high,caa27aaf-592f-49ce-b541-02f33da2b90f,0,EXPERT_AUTO_PASS,rewrite,"Cô giáo đã nói gì khi bước vào lớp học?
A. Cô khen lớp học sạch sẽ. .
B. Cô giáo chê lớp học hôm nay bẩn quá.
C. Cô giáo yêu cầu cả lớp hãy dọn sạch những mẩu giấy vụn nằm trên đất. .
D. Cô giáo đã chào lớp.","Cô giáo đã nói chi khi bước vô lớp học?
A. Cô khen lớp học sạch sẽ. .
B. Cô giáo chê lớp học bữa ni bẩn kinh.
C. Cô giáo yêu cầu cả lớp hãy dọn sạch những mẩu giấy vụn nằm trên đất. .
D. Cô giáo đã chào lớp.",52,52,1.0,69,2.832665205001831,16.990684189488487,69,3.7162280082702637,41.10903833983712,0.8835628032684326,24.118354150348633,2.4195045874179555
MCQA_0048_2,MCQA,"Muốn con mình ngủ ngon giấc, người mẹ đã làm gì?
A. Mẹ hát ru, đưa võng và quạt cho con.
B. Mẹ kể chuyện cho nghe trước khi đi ngủ.
C. Mẹ mua cho con nhiều gấu bông.
D. Mẹ bật quạt cho con mát.","Mẹ hát ru, đưa võng và quạt cho con.","Muốn con mình ngủ ngon giấc, người mẹ đã làm gì?
A. Mẹ hát ru, đưa võng và quạt cho con.
B. Mẹ kể chuyện cho con nghe trước khi đi ngủ.
C. Mẹ mua cho con nhiều gấu bông.
D. Mẹ bật quạt cho con mát.",A,PNB,Daily Conversation,high,7e49e369-5b4e-4441-ba22-55eb0d6e2bdf,1,EXPERT_REVIEW_PASS,rewrite,"Muốn con mình ngủ ngon giấc, người mẹ đã làm gì?
A. Mẹ hát ru, đưa võng và quạt cho con.
B. Mẹ kể chuyện cho nghe trước khi đi ngủ.
C. Mẹ mua cho con nhiều gấu bông.
D. Mẹ bật quạt cho con mát.","Muốn con mình ngủ ngon giấc, người mẹ đã làm gì?
A. Mẹ hát ru, đưa võng và quạt cho con.
B. Mẹ kể chuyện cho con nghe trước khi đi ngủ.
C. Mẹ mua cho con nhiều gấu bông.
D. Mẹ bật quạt cho con mát.",46,47,1.0217391304347827,66,3.004279851913452,20.17168426425469,67,2.799447774887085,16.435568131134236,-0.2048320770263672,-3.736116133120454,0.8147841258976548
MCQA_0048_2,MCQA,"Muốn con mình ngủ ngon giấc, người mẹ đã làm gì?
A. Mẹ hát ru, đưa võng và quạt cho con.
B. Mẹ kể chuyện cho nghe trước khi đi ngủ.
C. Mẹ mua cho con nhiều gấu bông.
D. Mẹ bật quạt cho con mát.","Mẹ hát ru, đưa võng và quạt cho con.","Muốn con mình ngủ ngon giấc, người má đã làm gì?
A. Má hát ru, đưa võng và quạt cho con.
B. Má kể chuyện cho nghe trước khi đi ngủ.
C. Má mua cho con nhiều gấu bông.
D. Má mở quạt cho con mát.",A,PNN,Daily Conversation,high,e04e5ca5-c8e8-4484-a0aa-f9dc978b200c,1,EXPERT_REVIEW_PASS,rewrite,"Muốn con mình ngủ ngon giấc, người mẹ đã làm gì?
A. Mẹ hát ru, đưa võng và quạt cho con.
B. Mẹ kể chuyện cho nghe trước khi đi ngủ.
C. Mẹ mua cho con nhiều gấu bông.
D. Mẹ bật quạt cho con mát.","Muốn con mình ngủ ngon giấc, người má đã làm gì?
A. Má hát ru, đưa võng và quạt cho con.
B. Má kể chuyện cho nghe trước khi đi ngủ.
C. Má mua cho con nhiều gấu bông.
D. Má mở quạt cho con mát.",46,46,1.0,66,3.004279851913452,20.17168426425469,66,3.221572160720825,25.067499355887634,0.21729230880737305,4.895815091632944,1.2427073033414762
MCQA_0048_2,MCQA,"Muốn con mình ngủ ngon giấc, người mẹ đã làm gì?
A. Mẹ hát ru, đưa võng và quạt cho con.
B. Mẹ kể chuyện cho nghe trước khi đi ngủ.
C. Mẹ mua cho con nhiều gấu bông.
D. Mẹ bật quạt cho con mát.","Mẹ hát ru, đưa võng và quạt cho con.","Muốn con mình ngủ ngon giấc, người mẹ đã mằn chi?

A. Mẹ hát ru, đưa võng và quạt cho con.
B. Mẹ kể chuyện cho nghe trước khi đi ngủ.
C. Mẹ mua cho con nhiều gấu bông.
D. Mẹ bật quạt cho con mát.",A,PNT1,Daily Conversation,high,a4432712-749b-4d01-8b03-4cb9d0f81348,1,EXPERT_REVIEW_PASS,rewrite,"Muốn con mình ngủ ngon giấc, người mẹ đã làm gì?
A. Mẹ hát ru, đưa võng và quạt cho con.
B. Mẹ kể chuyện cho nghe trước khi đi ngủ.
C. Mẹ mua cho con nhiều gấu bông.
D. Mẹ bật quạt cho con mát.","Muốn con mình ngủ ngon giấc, người mẹ đã mằn chi?

A. Mẹ hát ru, đưa võng và quạt cho con.
B. Mẹ kể chuyện cho nghe trước khi đi ngủ.
C. Mẹ mua cho con nhiều gấu bông.
D. Mẹ bật quạt cho con mát.",46,46,1.0,66,3.004279851913452,20.17168426425469,68,3.5224034786224365,33.865726275073165,0.5181236267089844,13.694042010818475,1.6788744971130176
MCQA_0048_2,MCQA,"Muốn con mình ngủ ngon giấc, người mẹ đã làm gì?
A. Mẹ hát ru, đưa võng và quạt cho con.
B. Mẹ kể chuyện cho nghe trước khi đi ngủ.
C. Mẹ mua cho con nhiều gấu bông.
D. Mẹ bật quạt cho con mát.","Mẹ hát ru, đưa võng và quạt cho con.","Muốn con mình ngủ ngon giấc, người mẹ đã mần chi?
A. Mẹ hát ru, đưa võng và quạt cho con.
B. Mẹ kể chuyện cho nghe trước khi đi ngủ.
C. Mẹ mua cho con nhiều gấu bông.
D. Mẹ bật quạt cho con mát.",A,PNT2,Daily Conversation,high,e686d659-713a-4b20-a76a-7bb2177c8cfb,0,EXPERT_AUTO_PASS,rewrite,"Muốn con mình ngủ ngon giấc, người mẹ đã làm gì?
A. Mẹ hát ru, đưa võng và quạt cho con.
B. Mẹ kể chuyện cho nghe trước khi đi ngủ.
C. Mẹ mua cho con nhiều gấu bông.
D. Mẹ bật quạt cho con mát.","Muốn con mình ngủ ngon giấc, người mẹ đã mần chi?
A. Mẹ hát ru, đưa võng và quạt cho con.
B. Mẹ kể chuyện cho nghe trước khi đi ngủ.
C. Mẹ mua cho con nhiều gấu bông.
D. Mẹ bật quạt cho con mát.",46,46,1.0,66,3.004279851913452,20.17168426425469,67,3.411026954650879,30.296341257622736,0.40674710273742676,10.124656993368045,1.5019242251034775
MCQA_0048_2,MCQA,"Muốn con mình ngủ ngon giấc, người mẹ đã làm gì?
A. Mẹ hát ru, đưa võng và quạt cho con.
B. Mẹ kể chuyện cho nghe trước khi đi ngủ.
C. Mẹ mua cho con nhiều gấu bông.
D. Mẹ bật quạt cho con mát.","Mẹ hát ru, đưa võng và quạt cho con.","Muốn con miềng ngủ ngon giấc, người mẹ đã mần chi?
A. Mẹ hát ru, đưa võng với quạt cho con.
B. Mẹ kể chuyện cho nghe trước khi đi ngủ.
C. Mẹ mua cho con nhiều gấu bông.
D. Mẹ bật quạt cho con mát.",A,PNT3,Daily Conversation,high,88346002-a7b4-4be1-aec6-e1e3625416ee,2,REVIEW_PASS,rewrite,"Muốn con mình ngủ ngon giấc, người mẹ đã làm gì?
A. Mẹ hát ru, đưa võng và quạt cho con.
B. Mẹ kể chuyện cho nghe trước khi đi ngủ.
C. Mẹ mua cho con nhiều gấu bông.
D. Mẹ bật quạt cho con mát.","Muốn con miềng ngủ ngon giấc, người mẹ đã mần chi?
A. Mẹ hát ru, đưa võng với quạt cho con.
B. Mẹ kể chuyện cho nghe trước khi đi ngủ.
C. Mẹ mua cho con nhiều gấu bông.
D. Mẹ bật quạt cho con mát.",46,46,1.0,66,3.004279851913452,20.17168426425469,69,3.634347438812256,37.87712768723146,0.6300675868988037,17.705443422976767,1.8777374854291056
MCQA_0048_2,MCQA,"Muốn con mình ngủ ngon giấc, người mẹ đã làm gì?
A. Mẹ hát ru, đưa võng và quạt cho con.
B. Mẹ kể chuyện cho nghe trước khi đi ngủ.
C. Mẹ mua cho con nhiều gấu bông.
D. Mẹ bật quạt cho con mát.","Mẹ hát ru, đưa võng và quạt cho con.","Muốn con mình ngủ ngon giấc, người mẹ đã làm răng?
A. Mẹ hát ru, đưa võng và quạt cho con.
B. Mẹ kể chuyện cho nghe trước khi đi ngủ.
C. Mẹ mua cho con nhiều gấu bông.
D. Mẹ bật quạt cho con mát.",A,PNT4,Daily Conversation,high,eb3805e3-c095-4a6c-8697-9f6079168a64,1,EXPERT_REVIEW_PASS,rewrite,"Muốn con mình ngủ ngon giấc, người mẹ đã làm gì?
A. Mẹ hát ru, đưa võng và quạt cho con.
B. Mẹ kể chuyện cho nghe trước khi đi ngủ.
C. Mẹ mua cho con nhiều gấu bông.
D. Mẹ bật quạt cho con mát.","Muốn con mình ngủ ngon giấc, người mẹ đã làm răng?
A. Mẹ hát ru, đưa võng và quạt cho con.
B. Mẹ kể chuyện cho nghe trước khi đi ngủ.
C. Mẹ mua cho con nhiều gấu bông.
D. Mẹ bật quạt cho con mát.",46,46,1.0,66,3.004279851913452,20.17168426425469,66,3.3083341121673584,27.339542902849455,0.30405426025390625,7.167858638594765,1.3553425953278773
MCQA_0048_5,MCQA,"Để có giấc ngủ ngon trong đêm cho con, người mẹ đã làm gì?
A. Người mẹ đã tạo gió làm dịu đi cái hè oi bức.
B. Người mẹ đã thức trắng đêm để đắp chăn cho con.
C. Người mẹ nấu cháo cho con ăn.
D. Người mẹ đã đi mua thuốc về cho con.",Người mẹ đã tạo gió làm dịu đi cái hè oi bức.,"Để có giấc ngủ ngon trong đêm cho con, người mẹ đã làm gì?
A. Người mẹ đã tạo gió làm dịu đi cái nóng hè oi bức.
B. Người mẹ đã thức trắng đêm để đắp chăn cho con.
C. Người mẹ nấu cháo cho con ăn.
D. Người mẹ đã đi mua thuốc về cho con.",A,PNB,Daily Conversation,high,7e49e369-5b4e-4441-ba22-55eb0d6e2bdf,1,EXPERT_REVIEW_PASS,rewrite,"Để có giấc ngủ ngon trong đêm cho con, người mẹ đã làm gì?
A. Người mẹ đã tạo gió làm dịu đi cái hè oi bức.
B. Người mẹ đã thức trắng đêm để đắp chăn cho con.
C. Người mẹ nấu cháo cho con ăn.
D. Người mẹ đã đi mua thuốc về cho con.","Để có giấc ngủ ngon trong đêm cho con, người mẹ đã làm gì?
A. Người mẹ đã tạo gió làm dịu đi cái nóng hè oi bức.
B. Người mẹ đã thức trắng đêm để đắp chăn cho con.
C. Người mẹ nấu cháo cho con ăn.
D. Người mẹ đã đi mua thuốc về cho con.",57,58,1.0175438596491229,74,2.6129088401794434,13.638665906349102,75,2.5832676887512207,13.240332834512246,-0.029641151428222656,-0.3983330718368556,0.9707938390329348
MCQA_0048_5,MCQA,"Để có giấc ngủ ngon trong đêm cho con, người mẹ đã làm gì?
A. Người mẹ đã tạo gió làm dịu đi cái hè oi bức.
B. Người mẹ đã thức trắng đêm để đắp chăn cho con.
C. Người mẹ nấu cháo cho con ăn.
D. Người mẹ đã đi mua thuốc về cho con.",Người mẹ đã tạo gió làm dịu đi cái hè oi bức.,"Để có giấc ngủ ngon trong đêm cho con, má đã làm gì?
A. Má đã tạo gió làm dịu đi cái hè nóng nực.
B. Má đã thức trắng đêm để đắp mền cho con.
C. Má nấu cháo cho con ăn.
D. Má đã đi mua thuốc về cho con.",A,PNN,Daily Conversation,high,88759523-55db-4c51-872d-a8b43438fa82,1,EXPERT_REVIEW_PASS,rewrite,"Để có giấc ngủ ngon trong đêm cho con, người mẹ đã làm gì?
A. Người mẹ đã tạo gió làm dịu đi cái hè oi bức.
B. Người mẹ đã thức trắng đêm để đắp chăn cho con.
C. Người mẹ nấu cháo cho con ăn.
D. Người mẹ đã đi mua thuốc về cho con.","Để có giấc ngủ ngon trong đêm cho con, má đã làm gì?
A. Má đã tạo gió làm dịu đi cái hè nóng nực.
B. Má đã thức trắng đêm để đắp mền cho con.
C. Má nấu cháo cho con ăn.
D. Má đã đi mua thuốc về cho con.",57,52,0.9122807017543859,74,2.6129088401794434,13.638665906349102,70,2.9223194122314453,18.584342260281513,0.30941057205200195,4.945676353932411,1.3626217100625722
MCQA_0048_5,MCQA,"Để có giấc ngủ ngon trong đêm cho con, người mẹ đã làm gì?
A. Người mẹ đã tạo gió làm dịu đi cái hè oi bức.
B. Người mẹ đã thức trắng đêm để đắp chăn cho con.
C. Người mẹ nấu cháo cho con ăn.
D. Người mẹ đã đi mua thuốc về cho con.",Người mẹ đã tạo gió làm dịu đi cái hè oi bức.,"Để con có giấc ngủ ngon trong đêm, người mẹ đã mằn chi?

A. Người mẹ đã tạo gió làm dịu đi cái nắng hè oi bức.
B. Người mẹ đã thức trắng đêm để đắp chăn cho con.
C. Người mẹ nấu cháo cho con ăn.
D. Người mẹ đã đi mua thuốc về cho con.",A,PNT1,Daily Conversation,high,a4432712-749b-4d01-8b03-4cb9d0f81348,1,EXPERT_REVIEW_PASS,rewrite,"Để có giấc ngủ ngon trong đêm cho con, người mẹ đã làm gì?
A. Người mẹ đã tạo gió làm dịu đi cái hè oi bức.
B. Người mẹ đã thức trắng đêm để đắp chăn cho con.
C. Người mẹ nấu cháo cho con ăn.
D. Người mẹ đã đi mua thuốc về cho con.","Để con có giấc ngủ ngon trong đêm, người mẹ đã mằn chi?

A. Người mẹ đã tạo gió làm dịu đi cái nắng hè oi bức.
B. Người mẹ đã thức trắng đêm để đắp chăn cho con.
C. Người mẹ nấu cháo cho con ăn.
D. Người mẹ đã đi mua thuốc về cho con.",57,57,1.0,74,2.6129088401794434,13.638665906349102,76,3.097864866256714,22.15060624860376,0.4849560260772705,8.51194034225466,1.6241035890682065
MCQA_0048_5,MCQA,"Để có giấc ngủ ngon trong đêm cho con, người mẹ đã làm gì?
A. Người mẹ đã tạo gió làm dịu đi cái hè oi bức.
B. Người mẹ đã thức trắng đêm để đắp chăn cho con.
C. Người mẹ nấu cháo cho con ăn.
D. Người mẹ đã đi mua thuốc về cho con.",Người mẹ đã tạo gió làm dịu đi cái hè oi bức.,"Để có giấc ngủ ngon trong đêm cho con, người mẹ đạ mần chi?
A. Người mẹ đạ tạo gió mần dịu đi cái hè oi bức.
B. Người mẹ đạ thức trắng đêm để đắp chăn cho con.
C. Người mẹ nấu cháo cho con ăn.
D. Người mẹ đạ đi mua thuốc về cho con.",A,PNT2,Daily Conversation,high,7d958013-3acc-4719-a459-b3a565d57865,0,EXPERT_AUTO_PASS,rewrite,"Để có giấc ngủ ngon trong đêm cho con, người mẹ đã làm gì?
A. Người mẹ đã tạo gió làm dịu đi cái hè oi bức.
B. Người mẹ đã thức trắng đêm để đắp chăn cho con.
C. Người mẹ nấu cháo cho con ăn.
D. Người mẹ đã đi mua thuốc về cho con.","Để có giấc ngủ ngon trong đêm cho con, người mẹ đạ mần chi?
A. Người mẹ đạ tạo gió mần dịu đi cái hè oi bức.
B. Người mẹ đạ thức trắng đêm để đắp chăn cho con.
C. Người mẹ nấu cháo cho con ăn.
D. Người mẹ đạ đi mua thuốc về cho con.",57,57,1.0,74,2.6129088401794434,13.638665906349102,80,3.1268649101257324,22.802379855165228,0.5139560699462891,9.163713948816126,1.6718922519064137
MCQA_0048_5,MCQA,"Để có giấc ngủ ngon trong đêm cho con, người mẹ đã làm gì?
A. Người mẹ đã tạo gió làm dịu đi cái hè oi bức.
B. Người mẹ đã thức trắng đêm để đắp chăn cho con.
C. Người mẹ nấu cháo cho con ăn.
D. Người mẹ đã đi mua thuốc về cho con.",Người mẹ đã tạo gió làm dịu đi cái hè oi bức.,"Để có giấc ngủ ngon trong đêm cho con, người mẹ đã mần chi?
A. Người mẹ đã tạo gió làm dịu đi kì hè oi bức.
B. Người mẹ đã thức thâu đêm để đắp chăn cho con.
C. Người mẹ nấu cháo cho con ăn.
D. Người mẹ đã đi mua thuốc về cho con.",A,PNT3,Daily Conversation,high,88346002-a7b4-4be1-aec6-e1e3625416ee,1,EXPERT_REVIEW_PASS,rewrite,"Để có giấc ngủ ngon trong đêm cho con, người mẹ đã làm gì?
A. Người mẹ đã tạo gió làm dịu đi cái hè oi bức.
B. Người mẹ đã thức trắng đêm để đắp chăn cho con.
C. Người mẹ nấu cháo cho con ăn.
D. Người mẹ đã đi mua thuốc về cho con.","Để có giấc ngủ ngon trong đêm cho con, người mẹ đã mần chi?
A. Người mẹ đã tạo gió làm dịu đi kì hè oi bức.
B. Người mẹ đã thức thâu đêm để đắp chăn cho con.
C. Người mẹ nấu cháo cho con ăn.
D. Người mẹ đã đi mua thuốc về cho con.",57,57,1.0,74,2.6129088401794434,13.638665906349102,76,3.129533529281616,22.86331198901544,0.5166246891021729,9.224646082666338,1.6763598541094888
MCQA_0048_5,MCQA,"Để có giấc ngủ ngon trong đêm cho con, người mẹ đã làm gì?
A. Người mẹ đã tạo gió làm dịu đi cái hè oi bức.
B. Người mẹ đã thức trắng đêm để đắp chăn cho con.
C. Người mẹ nấu cháo cho con ăn.
D. Người mẹ đã đi mua thuốc về cho con.",Người mẹ đã tạo gió làm dịu đi cái hè oi bức.,"Để có giấc ngủ ngon trong đêm cho con, người mẹ đã làm chi?
A. Người mẹ đã tạo gió làm dịu đi cái hè oi bức.
B. Người mẹ đã thức trắng đêm để đắp mền cho con.
C. Người mẹ nấu cháo cho con ăn.
D. Người mẹ đã đi mua thuốc về cho con.",A,PNT4,Daily Conversation,high,eb3805e3-c095-4a6c-8697-9f6079168a64,2,REVIEW_PASS,rewrite,"Để có giấc ngủ ngon trong đêm cho con, người mẹ đã làm gì?
A. Người mẹ đã tạo gió làm dịu đi cái hè oi bức.
B. Người mẹ đã thức trắng đêm để đắp chăn cho con.
C. Người mẹ nấu cháo cho con ăn.
D. Người mẹ đã đi mua thuốc về cho con.","Để có giấc ngủ ngon trong đêm cho con, người mẹ đã làm chi?
A. Người mẹ đã tạo gió làm dịu đi cái hè oi bức.
B. Người mẹ đã thức trắng đêm để đắp mền cho con.
C. Người mẹ nấu cháo cho con ăn.
D. Người mẹ đã đi mua thuốc về cho con.",57,57,1.0,74,2.6129088401794434,13.638665906349102,74,2.829329013824463,16.93409446835003,0.21642017364501953,3.295428562000927,1.241623967082208
MCQA_0055_0,MCQA,"Khi thấy Vịt con kêu khóc, Gà con đã làm gì?
A. Gà con sợ quá khóc ầm lên.
B. Gà con vội vàng nằm giả vờ chết.
C. Gà con bay lên cành cây để bỏ trốn, bỏ mặc Vịt con.
D. Gà con chạy đi tìm bạn khác đến giúp Vịt con.","Gà con bay lên cành cây để bỏ trốn, bỏ mặc Vịt con.","Khi thấy Vịt con kêu khóc, Gà con đã làm gì?
A. Gà con sợ quá khóc ầm lên.
B. Gà con vội vàng nằm giả vờ chết.
C. Gà con bay lên cành cây để bỏ trốn, bỏ lại Vịt con.
D. Gà con chạy đi tìm bạn khác đến giúp Vịt con.",C,PNB,Daily Conversation,high,7e49e369-5b4e-4441-ba22-55eb0d6e2bdf,1,EXPERT_REVIEW_PASS,rewrite,"Khi thấy Vịt con kêu khóc, Gà con đã làm gì?
A. Gà con sợ quá khóc ầm lên.
B. Gà con vội vàng nằm giả vờ chết.
C. Gà con bay lên cành cây để bỏ trốn, bỏ mặc Vịt con.
D. Gà con chạy đi tìm bạn khác đến giúp Vịt con.","Khi thấy Vịt con kêu khóc, Gà con đã làm gì?
A. Gà con sợ quá khóc ầm lên.
B. Gà con vội vàng nằm giả vờ chết.
C. Gà con bay lên cành cây để bỏ trốn, bỏ lại Vịt con.
D. Gà con chạy đi tìm bạn khác đến giúp Vịt con.",54,54,1.0,85,2.7937324047088623,16.341900702164477,85,2.8057563304901123,16.5395805657144,0.01202392578125,0.19767986354992217,1.0120965037759493
MCQA_0055_0,MCQA,"Khi thấy Vịt con kêu khóc, Gà con đã làm gì?
A. Gà con sợ quá khóc ầm lên.
B. Gà con vội vàng nằm giả vờ chết.
C. Gà con bay lên cành cây để bỏ trốn, bỏ mặc Vịt con.
D. Gà con chạy đi tìm bạn khác đến giúp Vịt con.","Gà con bay lên cành cây để bỏ trốn, bỏ mặc Vịt con.","Khi thấy Vịt con kêu khóc, Gà con đã làm gì?
A. Gà con sợ quá khóc váng lên.
B. Gà con vội vàng nằm giả bộ chết.
C. Gà con bay lên cành cây để bỏ trốn, kệ Vịt con.
D. Gà con chạy đi kiếm bạn khác tới giúp Vịt con.",C,PNN,Daily Conversation,high,e04e5ca5-c8e8-4484-a0aa-f9dc978b200c,1,EXPERT_REVIEW_PASS,rewrite,"Khi thấy Vịt con kêu khóc, Gà con đã làm gì?
A. Gà con sợ quá khóc ầm lên.
B. Gà con vội vàng nằm giả vờ chết.
C. Gà con bay lên cành cây để bỏ trốn, bỏ mặc Vịt con.
D. Gà con chạy đi tìm bạn khác đến giúp Vịt con.","Khi thấy Vịt con kêu khóc, Gà con đã làm gì?
A. Gà con sợ quá khóc váng lên.
B. Gà con vội vàng nằm giả bộ chết.
C. Gà con bay lên cành cây để bỏ trốn, kệ Vịt con.
D. Gà con chạy đi kiếm bạn khác tới giúp Vịt con.",54,53,0.9814814814814815,85,2.7937324047088623,16.341900702164477,84,3.1198337078094482,22.642614040200325,0.32610130310058594,6.300713338035848,1.3855557228542774
MCQA_0055_0,MCQA,"Khi thấy Vịt con kêu khóc, Gà con đã làm gì?
A. Gà con sợ quá khóc ầm lên.
B. Gà con vội vàng nằm giả vờ chết.
C. Gà con bay lên cành cây để bỏ trốn, bỏ mặc Vịt con.
D. Gà con chạy đi tìm bạn khác đến giúp Vịt con.","Gà con bay lên cành cây để bỏ trốn, bỏ mặc Vịt con.","Khi thấy Vịt con kêu khốc, Gà con đã mằn chi?

A. Gà con sợ quá khốc ầm lên.
B. Gà con vội vàng nằm giả bộ chết.
C. Gà con bay lên cành cây để trốn, bỏ mặc Vịt con.
D. Gà con chạy đi tìm bạn khác đến giúp Vịt con.",C,PNT1,Daily Conversation,high,a4432712-749b-4d01-8b03-4cb9d0f81348,1,EXPERT_REVIEW_PASS,rewrite,"Khi thấy Vịt con kêu khóc, Gà con đã làm gì?
A. Gà con sợ quá khóc ầm lên.
B. Gà con vội vàng nằm giả vờ chết.
C. Gà con bay lên cành cây để bỏ trốn, bỏ mặc Vịt con.
D. Gà con chạy đi tìm bạn khác đến giúp Vịt con.","Khi thấy Vịt con kêu khốc, Gà con đã mằn chi?

A. Gà con sợ quá khốc ầm lên.
B. Gà con vội vàng nằm giả bộ chết.
C. Gà con bay lên cành cây để trốn, bỏ mặc Vịt con.
D. Gà con chạy đi tìm bạn khác đến giúp Vịt con.",54,53,0.9814814814814815,85,2.7937324047088623,16.341900702164477,85,3.408785820007324,30.228519105332307,0.6150534152984619,13.88661840316783,1.849755402156406
MCQA_0055_0,MCQA,"Khi thấy Vịt con kêu khóc, Gà con đã làm gì?
A. Gà con sợ quá khóc ầm lên.
B. Gà con vội vàng nằm giả vờ chết.
C. Gà con bay lên cành cây để bỏ trốn, bỏ mặc Vịt con.
D. Gà con chạy đi tìm bạn khác đến giúp Vịt con.","Gà con bay lên cành cây để bỏ trốn, bỏ mặc Vịt con.","Khi thấy Vịt con kêu khóc, Gà con đạ mần chi?
A. Gà con sợ quá khóc ầm lên.
B. Gà con vội vàng nằm giả vờ chết.
C. Gà con bay lên cí cành cây để bỏ trốn, bỏ mặc Vịt con.
D. Gà con chạy đi tìm bạn khác đến giúp Vịt con.",C,PNT2,Daily Conversation,high,7d958013-3acc-4719-a459-b3a565d57865,0,EXPERT_AUTO_PASS,rewrite,"Khi thấy Vịt con kêu khóc, Gà con đã làm gì?
A. Gà con sợ quá khóc ầm lên.
B. Gà con vội vàng nằm giả vờ chết.
C. Gà con bay lên cành cây để bỏ trốn, bỏ mặc Vịt con.
D. Gà con chạy đi tìm bạn khác đến giúp Vịt con.","Khi thấy Vịt con kêu khóc, Gà con đạ mần chi?
A. Gà con sợ quá khóc ầm lên.
B. Gà con vội vàng nằm giả vờ chết.
C. Gà con bay lên cí cành cây để bỏ trốn, bỏ mặc Vịt con.
D. Gà con chạy đi tìm bạn khác đến giúp Vịt con.",54,55,1.0185185185185186,85,2.7937324047088623,16.341900702164477,89,3.2831995487213135,26.66093935420871,0.48946714401245117,10.319038652044235,1.6314466621791113
MCQA_0055_0,MCQA,"Khi thấy Vịt con kêu khóc, Gà con đã làm gì?
A. Gà con sợ quá khóc ầm lên.
B. Gà con vội vàng nằm giả vờ chết.
C. Gà con bay lên cành cây để bỏ trốn, bỏ mặc Vịt con.
D. Gà con chạy đi tìm bạn khác đến giúp Vịt con.","Gà con bay lên cành cây để bỏ trốn, bỏ mặc Vịt con.","Khi thấy Vịt con khóoc , Gà con đạ mần chi?
A. Gà con sợ quá khóoc ầm lên.
B. Gà con vội vàng nằm giả vờ chết.
C. Gà con bay lên cành cây để bỏ trốn, bỏ mặc Vịt con.
D. Gà con chạy đi tìm bạn khác đến giúp Vịt con.",C,PNT3,Daily Conversation,high,60eb0c6c-808a-4dce-b64c-457d29ee614d,0,EXPERT_AUTO_PASS,rewrite,"Khi thấy Vịt con kêu khóc, Gà con đã làm gì?
A. Gà con sợ quá khóc ầm lên.
B. Gà con vội vàng nằm giả vờ chết.
C. Gà con bay lên cành cây để bỏ trốn, bỏ mặc Vịt con.
D. Gà con chạy đi tìm bạn khác đến giúp Vịt con.","Khi thấy Vịt con khóoc , Gà con đạ mần chi?
A. Gà con sợ quá khóoc ầm lên.
B. Gà con vội vàng nằm giả vờ chết.
C. Gà con bay lên cành cây để bỏ trốn, bỏ mặc Vịt con.
D. Gà con chạy đi tìm bạn khác đến giúp Vịt con.",54,54,1.0,85,2.7937324047088623,16.341900702164477,85,3.5264949798583984,34.004571785579444,0.7327625751495361,17.662671083414967,2.080821099413213
MCQA_0055_0,MCQA,"Khi thấy Vịt con kêu khóc, Gà con đã làm gì?
A. Gà con sợ quá khóc ầm lên.
B. Gà con vội vàng nằm giả vờ chết.
C. Gà con bay lên cành cây để bỏ trốn, bỏ mặc Vịt con.
D. Gà con chạy đi tìm bạn khác đến giúp Vịt con.","Gà con bay lên cành cây để bỏ trốn, bỏ mặc Vịt con.","Khi thấy Vịt con kêu khóc, Gà con đã làm chi?
A. Gà con sợ quá khóc ầm lên.
B. Gà con quíu quắn nằm giả đò chết.
C. Gà con bay lên cành cây để bỏ trốn, bỏ lơ Vịt con.
D. Gà con chạy đi kêu bạn khác tới giúp Vịt con.",C,PNT4,Daily Conversation,high,caa27aaf-592f-49ce-b541-02f33da2b90f,0,EXPERT_AUTO_PASS,rewrite,"Khi thấy Vịt con kêu khóc, Gà con đã làm gì?
A. Gà con sợ quá khóc ầm lên.
B. Gà con vội vàng nằm giả vờ chết.
C. Gà con bay lên cành cây để bỏ trốn, bỏ mặc Vịt con.
D. Gà con chạy đi tìm bạn khác đến giúp Vịt con.","Khi thấy Vịt con kêu khóc, Gà con đã làm chi?
A. Gà con sợ quá khóc ầm lên.
B. Gà con quíu quắn nằm giả đò chết.
C. Gà con bay lên cành cây để bỏ trốn, bỏ lơ Vịt con.
D. Gà con chạy đi kêu bạn khác tới giúp Vịt con.",54,54,1.0,85,2.7937324047088623,16.341900702164477,88,3.4038407802581787,30.079406863638308,0.6101083755493164,13.737506161473831,1.8406308673540224
MCQA_0055_1,MCQA,"Trong lúc nguy hiểm, Vịt con đã làm gì để thoát thân?
A. Vịt con hoảng hốt kêu cứu.
B. Vịt con vội vàng nằm giả vờ chết.
C. Vịt con nhảy xuống hồ nước ngay bên cạnh.
D. Vịt con lặn xuống hồ nước để trốn Cáo.",Vịt con vội vàng nằm giả vờ chết.,"Trong lúc nguy hiểm, Vịt con đã làm gì để thoát nạn?
A. Vịt con hoảng hốt kêu cứu.
B. Vịt con vội vàng nằm giả vờ chết.
C. Vịt con nhảy xuống hồ nước ngay bên cạnh.
D. Vịt con lặn xuống hồ nước để trốn Cáo.",B,PNB,Daily Conversation,high,7e49e369-5b4e-4441-ba22-55eb0d6e2bdf,1,EXPERT_REVIEW_PASS,rewrite,"Trong lúc nguy hiểm, Vịt con đã làm gì để thoát thân?
A. Vịt con hoảng hốt kêu cứu.
B. Vịt con vội vàng nằm giả vờ chết.
C. Vịt con nhảy xuống hồ nước ngay bên cạnh.
D. Vịt con lặn xuống hồ nước để trốn Cáo.","Trong lúc nguy hiểm, Vịt con đã làm gì để thoát nạn?
A. Vịt con hoảng hốt kêu cứu.
B. Vịt con vội vàng nằm giả vờ chết.
C. Vịt con nhảy xuống hồ nước ngay bên cạnh.
D. Vịt con lặn xuống hồ nước để trốn Cáo.",48,48,1.0,81,2.420161485671997,11.247675506671023,81,2.443904399871826,11.517923644981733,0.0237429141998291,0.27024813831071093,1.0240270212410045
MCQA_0055_1,MCQA,"Trong lúc nguy hiểm, Vịt con đã làm gì để thoát thân?
A. Vịt con hoảng hốt kêu cứu.
B. Vịt con vội vàng nằm giả vờ chết.
C. Vịt con nhảy xuống hồ nước ngay bên cạnh.
D. Vịt con lặn xuống hồ nước để trốn Cáo.",Vịt con vội vàng nằm giả vờ chết.,"Trong lúc nguy hiểm, Vịt con đã làm gì để thoát thân?
A. Vịt con quýnh quáng kêu cứu.
B. Vịt con vội vàng nằm làm bộ chết.
C. Vịt con nhảy xuống hồ nước ngay kế bên.
D. Vịt con lặn xuống hồ nước để trốn Cáo.",B,PNN,Daily Conversation,high,88759523-55db-4c51-872d-a8b43438fa82,1,EXPERT_REVIEW_PASS,rewrite,"Trong lúc nguy hiểm, Vịt con đã làm gì để thoát thân?
A. Vịt con hoảng hốt kêu cứu.
B. Vịt con vội vàng nằm giả vờ chết.
C. Vịt con nhảy xuống hồ nước ngay bên cạnh.
D. Vịt con lặn xuống hồ nước để trốn Cáo.","Trong lúc nguy hiểm, Vịt con đã làm gì để thoát thân?
A. Vịt con quýnh quáng kêu cứu.
B. Vịt con vội vàng nằm làm bộ chết.
C. Vịt con nhảy xuống hồ nước ngay kế bên.
D. Vịt con lặn xuống hồ nước để trốn Cáo.",48,48,1.0,81,2.420161485671997,11.247675506671023,80,2.8987157344818115,18.15081992246213,0.47855424880981445,6.9031444157911075,1.6137396488453846
MCQA_0055_1,MCQA,"Trong lúc nguy hiểm, Vịt con đã làm gì để thoát thân?
A. Vịt con hoảng hốt kêu cứu.
B. Vịt con vội vàng nằm giả vờ chết.
C. Vịt con nhảy xuống hồ nước ngay bên cạnh.
D. Vịt con lặn xuống hồ nước để trốn Cáo.",Vịt con vội vàng nằm giả vờ chết.,"Trong lúc nguy hiểm, Vịt con đã mằn chi để thoát thân?

A. Vịt con hoảng hốt kêu cứu.
B. Vịt con vội vàng nằm giả bộ chết.
C. Vịt con nhảy xuống hồ nác ngay bên cạnh.
D. Vịt con lặn xuống hồ nước để trốn Cáo.",B,PNT1,Daily Conversation,high,a4432712-749b-4d01-8b03-4cb9d0f81348,1,EXPERT_REVIEW_PASS,rewrite,"Trong lúc nguy hiểm, Vịt con đã làm gì để thoát thân?
A. Vịt con hoảng hốt kêu cứu.
B. Vịt con vội vàng nằm giả vờ chết.
C. Vịt con nhảy xuống hồ nước ngay bên cạnh.
D. Vịt con lặn xuống hồ nước để trốn Cáo.","Trong lúc nguy hiểm, Vịt con đã mằn chi để thoát thân?

A. Vịt con hoảng hốt kêu cứu.
B. Vịt con vội vàng nằm giả bộ chết.
C. Vịt con nhảy xuống hồ nác ngay bên cạnh.
D. Vịt con lặn xuống hồ nước để trốn Cáo.",48,48,1.0,81,2.420161485671997,11.247675506671023,83,3.088010549545288,21.933399130846663,0.667849063873291,10.68572362417564,1.9500383984084457
MCQA_0055_1,MCQA,"Trong lúc nguy hiểm, Vịt con đã làm gì để thoát thân?
A. Vịt con hoảng hốt kêu cứu.
B. Vịt con vội vàng nằm giả vờ chết.
C. Vịt con nhảy xuống hồ nước ngay bên cạnh.
D. Vịt con lặn xuống hồ nước để trốn Cáo.",Vịt con vội vàng nằm giả vờ chết.,"Trong lúc nguy hiểm, Vịt con đã mần chi để thoát thân?
A. Vịt con hoảng hốt kêu cứu.
B. Vịt con vội vàng nằm giả vờ chết.
C. Vịt con nhảy xuống hồ nước ngay bên cạnh.
D. Vịt con lặn xuống hồ nước để trốn Cáo.",B,PNT2,Daily Conversation,high,603effb8-c882-4227-b5de-d83ea8816911,1,EXPERT_REVIEW_PASS,rewrite,"Trong lúc nguy hiểm, Vịt con đã làm gì để thoát thân?
A. Vịt con hoảng hốt kêu cứu.
B. Vịt con vội vàng nằm giả vờ chết.
C. Vịt con nhảy xuống hồ nước ngay bên cạnh.
D. Vịt con lặn xuống hồ nước để trốn Cáo.","Trong lúc nguy hiểm, Vịt con đã mần chi để thoát thân?
A. Vịt con hoảng hốt kêu cứu.
B. Vịt con vội vàng nằm giả vờ chết.
C. Vịt con nhảy xuống hồ nước ngay bên cạnh.
D. Vịt con lặn xuống hồ nước để trốn Cáo.",48,48,1.0,81,2.420161485671997,11.247675506671023,82,2.690213203430176,14.734817099124184,0.2700517177581787,3.4871415924531615,1.3100322009098617
MCQA_0055_1,MCQA,"Trong lúc nguy hiểm, Vịt con đã làm gì để thoát thân?
A. Vịt con hoảng hốt kêu cứu.
B. Vịt con vội vàng nằm giả vờ chết.
C. Vịt con nhảy xuống hồ nước ngay bên cạnh.
D. Vịt con lặn xuống hồ nước để trốn Cáo.",Vịt con vội vàng nằm giả vờ chết.,"Trong lúc nguy hiểm, Vịt con đã làm chi để thoát thân?
A. Vịt con hoảng hốt kêu cứu.
B. Vịt con lật đật nằm giả đò chết.
C. Vịt con nhảy xuống hồ nước ngay bên cạnh.
D. Vịt con lặn xuống hồ nước để trốn Cáo.",B,PNT3,Daily Conversation,high,a535cb14-6f28-47fa-8989-505a99f839db,2,REVIEW_PASS,rewrite,"Trong lúc nguy hiểm, Vịt con đã làm gì để thoát thân?
A. Vịt con hoảng hốt kêu cứu.
B. Vịt con vội vàng nằm giả vờ chết.
C. Vịt con nhảy xuống hồ nước ngay bên cạnh.
D. Vịt con lặn xuống hồ nước để trốn Cáo.","Trong lúc nguy hiểm, Vịt con đã làm chi để thoát thân?
A. Vịt con hoảng hốt kêu cứu.
B. Vịt con lật đật nằm giả đò chết.
C. Vịt con nhảy xuống hồ nước ngay bên cạnh.
D. Vịt con lặn xuống hồ nước để trốn Cáo.",48,48,1.0,81,2.420161485671997,11.247675506671023,81,2.809201955795288,16.596668057621848,0.389040470123291,5.348992550950825,1.4755642663924937
MCQA_0055_1,MCQA,"Trong lúc nguy hiểm, Vịt con đã làm gì để thoát thân?
A. Vịt con hoảng hốt kêu cứu.
B. Vịt con vội vàng nằm giả vờ chết.
C. Vịt con nhảy xuống hồ nước ngay bên cạnh.
D. Vịt con lặn xuống hồ nước để trốn Cáo.",Vịt con vội vàng nằm giả vờ chết.,"Trong lúc nguy hiểm, Vịt con đã làm ren để thoát thân?
A. Vịt con hoảng sợ kêu cứu.
B. Vịt con vội vàng nằm giả đò chết.
C. Vịt con nhảy xuống hồ nước ngay bên cạnh.
D. Vịt con lặn xuống hồ nước để trốn Cáo.",B,PNT4,Daily Conversation,high,caa27aaf-592f-49ce-b541-02f33da2b90f,0,EXPERT_AUTO_PASS,rewrite,"Trong lúc nguy hiểm, Vịt con đã làm gì để thoát thân?
A. Vịt con hoảng hốt kêu cứu.
B. Vịt con vội vàng nằm giả vờ chết.
C. Vịt con nhảy xuống hồ nước ngay bên cạnh.
D. Vịt con lặn xuống hồ nước để trốn Cáo.","Trong lúc nguy hiểm, Vịt con đã làm ren để thoát thân?
A. Vịt con hoảng sợ kêu cứu.
B. Vịt con vội vàng nằm giả đò chết.
C. Vịt con nhảy xuống hồ nước ngay bên cạnh.
D. Vịt con lặn xuống hồ nước để trốn Cáo.",48,48,1.0,81,2.420161485671997,11.247675506671023,79,2.8928825855255127,18.045251683143242,0.4727210998535156,6.797576176472219,1.6043538660446384
MCQA_0056_1,MCQA,"Câu văn “Tâm hồn cô cũng bay ra biển cả, bay đến với chim seo cờ.” ý nói gì ?
A. Bạn gái mơ ước mình biết bay.
B. Bạn gái luôn nghĩ về biển cả và chim seo cờ, mơ ước được ra biển và nhìn thấy chim seo cờ.
C. Bạn gái mơ ước được bay ra biển cả.
D. Bạn gái nhớ nhà và không muốn nghe chuyện về chim seo cờ nữa.","Bạn gái luôn nghĩ về biển cả và chim seo cờ, mơ ước được ra biển và nhìn thấy chim seo cờ.","Câu văn “Tâm hồn cô cũng bay ra biển cả, bay đến với chim seo cờ.” ý nói gì ?
A.Cô gái mơ ước mình biết bay.
B.Cô gái luôn nghĩ về biển cả và chim seo cờ, mơ ước được ra biển và nhìn thấy chim seo cờ.
C.Cô gái mơ ước được bay ra biển cả.
D. Bạn gái nhớ nhà và không muốn nghe chuyện về chim seo cờ nữa.",B,PNB,Daily Conversation,high,7e49e369-5b4e-4441-ba22-55eb0d6e2bdf,1,EXPERT_REVIEW_PASS,rewrite,"Câu văn “Tâm hồn cô cũng bay ra biển cả, bay đến với chim seo cờ.” ý nói gì ?
A. Bạn gái mơ ước mình biết bay.
B. Bạn gái luôn nghĩ về biển cả và chim seo cờ, mơ ước được ra biển và nhìn thấy chim seo cờ.
C. Bạn gái mơ ước được bay ra biển cả.
D. Bạn gái nhớ nhà và không muốn nghe chuyện về chim seo cờ nữa.","Câu văn “Tâm hồn cô cũng bay ra biển cả, bay đến với chim seo cờ.” ý nói gì ?
A.Cô gái mơ ước mình biết bay.
B.Cô gái luôn nghĩ về biển cả và chim seo cờ, mơ ước được ra biển và nhìn thấy chim seo cờ.
C.Cô gái mơ ước được bay ra biển cả.
D. Bạn gái nhớ nhà và không muốn nghe chuyện về chim seo cờ nữa.",76,73,0.9605263157894737,99,2.7259411811828613,15.27077973591918,99,2.9769346714019775,19.62755941865041,0.2509934902191162,4.356779682731229,1.2853017172714125
MCQA_0056_1,MCQA,"Câu văn “Tâm hồn cô cũng bay ra biển cả, bay đến với chim seo cờ.” ý nói gì ?
A. Bạn gái mơ ước mình biết bay.
B. Bạn gái luôn nghĩ về biển cả và chim seo cờ, mơ ước được ra biển và nhìn thấy chim seo cờ.
C. Bạn gái mơ ước được bay ra biển cả.
D. Bạn gái nhớ nhà và không muốn nghe chuyện về chim seo cờ nữa.","Bạn gái luôn nghĩ về biển cả và chim seo cờ, mơ ước được ra biển và nhìn thấy chim seo cờ.","Câu văn “Tâm hồn cô cũng bay ra biển cả, bay tới với chim seo cờ.” ý là gì ?
A. Bạn gái mơ ước mình biết bay.
B. Bạn gái luôn nghĩ về biển cả và chim seo cờ, mơ ước được ra biển và nhìn thấy chim seo cờ.
C. Bạn gái mơ ước được bay ra biển cả.
D. Bạn gái nhớ nhà và hông muốn nghe chuyện về chim seo cờ nữa.",B,PNN,Daily Conversation,high,9d0d5c61-1083-4b35-8c02-c2c597f8212f,1,EXPERT_REVIEW_PASS,rewrite,"Câu văn “Tâm hồn cô cũng bay ra biển cả, bay đến với chim seo cờ.” ý nói gì ?
A. Bạn gái mơ ước mình biết bay.
B. Bạn gái luôn nghĩ về biển cả và chim seo cờ, mơ ước được ra biển và nhìn thấy chim seo cờ.
C. Bạn gái mơ ước được bay ra biển cả.
D. Bạn gái nhớ nhà và không muốn nghe chuyện về chim seo cờ nữa.","Câu văn “Tâm hồn cô cũng bay ra biển cả, bay tới với chim seo cờ.” ý là gì ?
A. Bạn gái mơ ước mình biết bay.
B. Bạn gái luôn nghĩ về biển cả và chim seo cờ, mơ ước được ra biển và nhìn thấy chim seo cờ.
C. Bạn gái mơ ước được bay ra biển cả.
D. Bạn gái nhớ nhà và hông muốn nghe chuyện về chim seo cờ nữa.",76,76,1.0,99,2.7259411811828613,15.27077973591918,100,2.8731398582458496,17.692482967050044,0.14719867706298828,2.421703231130863,1.158584124256252
MCQA_0056_1,MCQA,"Câu văn “Tâm hồn cô cũng bay ra biển cả, bay đến với chim seo cờ.” ý nói gì ?
A. Bạn gái mơ ước mình biết bay.
B. Bạn gái luôn nghĩ về biển cả và chim seo cờ, mơ ước được ra biển và nhìn thấy chim seo cờ.
C. Bạn gái mơ ước được bay ra biển cả.
D. Bạn gái nhớ nhà và không muốn nghe chuyện về chim seo cờ nữa.","Bạn gái luôn nghĩ về biển cả và chim seo cờ, mơ ước được ra biển và nhìn thấy chim seo cờ.","Câu văn “Tâm hồn cô cũng bay ra biển cả, bay đến với chim seo cờ.” ý nói chi?

A. Bạn gái mơ ước mình biết bay.
B. Bạn gái cứ nghĩ về biển cả và chim seo cờ, mơ ước được ra biển và nhìn thấy chim seo cờ.
C. Bạn gái mơ ước được bay ra biển cả.
D. Bạn gái nhớ nhà và không muốn nghe chuyện về chim seo cờ nữa.",B,PNT1,Daily Conversation,high,a4432712-749b-4d01-8b03-4cb9d0f81348,1,EXPERT_REVIEW_PASS,rewrite,"Câu văn “Tâm hồn cô cũng bay ra biển cả, bay đến với chim seo cờ.” ý nói gì ?
A. Bạn gái mơ ước mình biết bay.
B. Bạn gái luôn nghĩ về biển cả và chim seo cờ, mơ ước được ra biển và nhìn thấy chim seo cờ.
C. Bạn gái mơ ước được bay ra biển cả.
D. Bạn gái nhớ nhà và không muốn nghe chuyện về chim seo cờ nữa.","Câu văn “Tâm hồn cô cũng bay ra biển cả, bay đến với chim seo cờ.” ý nói chi?

A. Bạn gái mơ ước mình biết bay.
B. Bạn gái cứ nghĩ về biển cả và chim seo cờ, mơ ước được ra biển và nhìn thấy chim seo cờ.
C. Bạn gái mơ ước được bay ra biển cả.
D. Bạn gái nhớ nhà và không muốn nghe chuyện về chim seo cờ nữa.",76,75,0.9868421052631579,99,2.7259411811828613,15.27077973591918,99,2.8538553714752197,17.354561308656923,0.1279141902923584,2.083781572737742,1.1364554796004538
MCQA_0056_1,MCQA,"Câu văn “Tâm hồn cô cũng bay ra biển cả, bay đến với chim seo cờ.” ý nói gì ?
A. Bạn gái mơ ước mình biết bay.
B. Bạn gái luôn nghĩ về biển cả và chim seo cờ, mơ ước được ra biển và nhìn thấy chim seo cờ.
C. Bạn gái mơ ước được bay ra biển cả.
D. Bạn gái nhớ nhà và không muốn nghe chuyện về chim seo cờ nữa.","Bạn gái luôn nghĩ về biển cả và chim seo cờ, mơ ước được ra biển và nhìn thấy chim seo cờ.","Câu văn “Tâm hồn cô cũng bay ra biển cả, bay đến với chim seo cờ.” ý nói chi ?
A. Bạn gấy mơ ước mình biết bay.
B. Bạn gấy luôn nghĩ về biển cả và chim seo cờ, mơ ước được ra biển và nhìn thấy chim seo cờ.
C. Bạn gấy mơ ước được bay ra biển cả.
D. Bạn gấy nhớ nhà và nỏ muốn nghe chuyện về chim seo cờ nữa.",B,PNT2,Daily Conversation,high,7d958013-3acc-4719-a459-b3a565d57865,0,EXPERT_AUTO_PASS,rewrite,"Câu văn “Tâm hồn cô cũng bay ra biển cả, bay đến với chim seo cờ.” ý nói gì ?
A. Bạn gái mơ ước mình biết bay.
B. Bạn gái luôn nghĩ về biển cả và chim seo cờ, mơ ước được ra biển và nhìn thấy chim seo cờ.
C. Bạn gái mơ ước được bay ra biển cả.
D. Bạn gái nhớ nhà và không muốn nghe chuyện về chim seo cờ nữa.","Câu văn “Tâm hồn cô cũng bay ra biển cả, bay đến với chim seo cờ.” ý nói chi ?
A. Bạn gấy mơ ước mình biết bay.
B. Bạn gấy luôn nghĩ về biển cả và chim seo cờ, mơ ước được ra biển và nhìn thấy chim seo cờ.
C. Bạn gấy mơ ước được bay ra biển cả.
D. Bạn gấy nhớ nhà và nỏ muốn nghe chuyện về chim seo cờ nữa.",76,76,1.0,99,2.7259411811828613,15.27077973591918,104,3.0266430377960205,20.627869252049916,0.3007018566131592,5.357089516130735,1.3508065474567779
MCQA_0056_1,MCQA,"Câu văn “Tâm hồn cô cũng bay ra biển cả, bay đến với chim seo cờ.” ý nói gì ?
A. Bạn gái mơ ước mình biết bay.
B. Bạn gái luôn nghĩ về biển cả và chim seo cờ, mơ ước được ra biển và nhìn thấy chim seo cờ.
C. Bạn gái mơ ước được bay ra biển cả.
D. Bạn gái nhớ nhà và không muốn nghe chuyện về chim seo cờ nữa.","Bạn gái luôn nghĩ về biển cả và chim seo cờ, mơ ước được ra biển và nhìn thấy chim seo cờ.","Câu văn “Tâm hồn cô cụng bay ra biển cả, bay đến với chim seo cờ.” ý nói răng ?
A. Bạn cấy mơ ước mềng biết bay.
B. Bạn cấy luôn nghĩ về biển cả và chim seo cờ, mơ ước được ra biển với ngó chộ chim seo cờ.
C. Bạn cấy mơ ước được bay ra biển cả.
D. Bạn cấy nhớ nhà và nỏ ưng nghe chuyện về chim seo cờ nựa.",B,PNT3,Daily Conversation,high,88346002-a7b4-4be1-aec6-e1e3625416ee,2,REVIEW_PASS,rewrite,"Câu văn “Tâm hồn cô cũng bay ra biển cả, bay đến với chim seo cờ.” ý nói gì ?
A. Bạn gái mơ ước mình biết bay.
B. Bạn gái luôn nghĩ về biển cả và chim seo cờ, mơ ước được ra biển và nhìn thấy chim seo cờ.
C. Bạn gái mơ ước được bay ra biển cả.
D. Bạn gái nhớ nhà và không muốn nghe chuyện về chim seo cờ nữa.","Câu văn “Tâm hồn cô cụng bay ra biển cả, bay đến với chim seo cờ.” ý nói răng ?
A. Bạn cấy mơ ước mềng biết bay.
B. Bạn cấy luôn nghĩ về biển cả và chim seo cờ, mơ ước được ra biển với ngó chộ chim seo cờ.
C. Bạn cấy mơ ước được bay ra biển cả.
D. Bạn cấy nhớ nhà và nỏ ưng nghe chuyện về chim seo cờ nựa.",76,76,1.0,99,2.7259411811828613,15.27077973591918,111,3.7271955013275146,41.56238291492172,1.0012543201446533,26.29160317900254,2.721693563371929
MCQA_0056_1,MCQA,"Câu văn “Tâm hồn cô cũng bay ra biển cả, bay đến với chim seo cờ.” ý nói gì ?
A. Bạn gái mơ ước mình biết bay.
B. Bạn gái luôn nghĩ về biển cả và chim seo cờ, mơ ước được ra biển và nhìn thấy chim seo cờ.
C. Bạn gái mơ ước được bay ra biển cả.
D. Bạn gái nhớ nhà và không muốn nghe chuyện về chim seo cờ nữa.","Bạn gái luôn nghĩ về biển cả và chim seo cờ, mơ ước được ra biển và nhìn thấy chim seo cờ.","Câu văn “Tâm hồn cô cũng bay ra biển cả, bay đến với chim seo cờ.” ý nói gì ?
A. Bạn gái mơ ước mình biết bay.
B. Bạn gái luôn nghĩ về biển cả và chim seo cờ, mơ ước được ra biển và nhìn thấy chim seo cờ.
C. Bạn gái mơ ước được bay ra biển cả.
D. Bạn gái nhớ nhà và không muốn nghe chuyện về chim seo cờ nữa.",B,PNT4,Daily Conversation,high,eb3805e3-c095-4a6c-8697-9f6079168a64,2,REVIEW_PASS,rewrite,"Câu văn “Tâm hồn cô cũng bay ra biển cả, bay đến với chim seo cờ.” ý nói gì ?
A. Bạn gái mơ ước mình biết bay.
B. Bạn gái luôn nghĩ về biển cả và chim seo cờ, mơ ước được ra biển và nhìn thấy chim seo cờ.
C. Bạn gái mơ ước được bay ra biển cả.
D. Bạn gái nhớ nhà và không muốn nghe chuyện về chim seo cờ nữa.","Câu văn “Tâm hồn cô cũng bay ra biển cả, bay đến với chim seo cờ.” ý nói gì ?
A. Bạn gái mơ ước mình biết bay.
B. Bạn gái luôn nghĩ về biển cả và chim seo cờ, mơ ước được ra biển và nhìn thấy chim seo cờ.
C. Bạn gái mơ ước được bay ra biển cả.
D. Bạn gái nhớ nhà và không muốn nghe chuyện về chim seo cờ nữa.",76,76,1.0,99,2.7259411811828613,15.27077973591918,99,2.7259411811828613,15.27077973591918,0.0,0.0,1.0
MCQA_0058_0,MCQA,"Sau khi rơi vào ổ gà, đại bàng được nuôi như thế nào ?
A. Như một con gà.
B. Như một con đại bàng.
C. Vừa như một con gà, vừa như một con đại bàng.
D. Như một con chim trời được dạy bay cao.",Như một con gà.,"Sau khi rơi vào chuồng gà, đại bàng được nuôi như thế nào ?
A. Như một con gà.
B. Như một con đại bàng.
C. Vừa như một con gà, vừa như một con đại bàng.
D. Như một con chim trời được dạy bay cao.",A,PNB,Daily Conversation,high,7e49e369-5b4e-4441-ba22-55eb0d6e2bdf,1,EXPERT_REVIEW_PASS,rewrite,"Sau khi rơi vào ổ gà, đại bàng được nuôi như thế nào ?
A. Như một con gà.
B. Như một con đại bàng.
C. Vừa như một con gà, vừa như một con đại bàng.
D. Như một con chim trời được dạy bay cao.","Sau khi rơi vào chuồng gà, đại bàng được nuôi như thế nào ?
A. Như một con gà.
B. Như một con đại bàng.
C. Vừa như một con gà, vừa như một con đại bàng.
D. Như một con chim trời được dạy bay cao.",47,47,1.0,63,2.5318076610565186,12.576219143358264,64,2.484424352645874,11.994213829733336,-0.04738330841064453,-0.5820053136249275,0.9537217579472368
MCQA_0058_0,MCQA,"Sau khi rơi vào ổ gà, đại bàng được nuôi như thế nào ?
A. Như một con gà.
B. Như một con đại bàng.
C. Vừa như một con gà, vừa như một con đại bàng.
D. Như một con chim trời được dạy bay cao.",Như một con gà.,"Sau khi rớt vào ổ gà, đại bàng được nuôi như thế nào ?
A. Như một con gà.
B. Như một con đại bàng.
C. Vừa như một con gà, vừa như một con đại bàng.
D. Như một con chim trời được dạy bay cao.",A,PNN,Daily Conversation,high,e04e5ca5-c8e8-4484-a0aa-f9dc978b200c,1,EXPERT_REVIEW_PASS,rewrite,"Sau khi rơi vào ổ gà, đại bàng được nuôi như thế nào ?
A. Như một con gà.
B. Như một con đại bàng.
C. Vừa như một con gà, vừa như một con đại bàng.
D. Như một con chim trời được dạy bay cao.","Sau khi rớt vào ổ gà, đại bàng được nuôi như thế nào ?
A. Như một con gà.
B. Như một con đại bàng.
C. Vừa như một con gà, vừa như một con đại bàng.
D. Như một con chim trời được dạy bay cao.",47,47,1.0,63,2.5318076610565186,12.576219143358264,64,2.527585029602051,12.523226368046316,-0.0042226314544677734,-0.05299277531194768,0.9957862713182813
MCQA_0058_0,MCQA,"Sau khi rơi vào ổ gà, đại bàng được nuôi như thế nào ?
A. Như một con gà.
B. Như một con đại bàng.
C. Vừa như một con gà, vừa như một con đại bàng.
D. Như một con chim trời được dạy bay cao.",Như một con gà.,"Sau khi rơi vào ổ gà, đại bàng được nuôi như răng?

A. Như một con gà.
B. Như một con đại bàng.
C. Vừa như một con gà, vừa như một con đại bàng.
D. Như một con chim trời được dạy bay cao.",A,PNT1,Daily Conversation,high,a4432712-749b-4d01-8b03-4cb9d0f81348,1,EXPERT_REVIEW_PASS,rewrite,"Sau khi rơi vào ổ gà, đại bàng được nuôi như thế nào ?
A. Như một con gà.
B. Như một con đại bàng.
C. Vừa như một con gà, vừa như một con đại bàng.
D. Như một con chim trời được dạy bay cao.","Sau khi rơi vào ổ gà, đại bàng được nuôi như răng?

A. Như một con gà.
B. Như một con đại bàng.
C. Vừa như một con gà, vừa như một con đại bàng.
D. Như một con chim trời được dạy bay cao.",47,45,0.9574468085106383,63,2.5318076610565186,12.576219143358264,62,2.83415150642395,17.015956243854916,0.30234384536743164,4.439737100496652,1.3530263785870302
MCQA_0058_0,MCQA,"Sau khi rơi vào ổ gà, đại bàng được nuôi như thế nào ?
A. Như một con gà.
B. Như một con đại bàng.
C. Vừa như một con gà, vừa như một con đại bàng.
D. Như một con chim trời được dạy bay cao.",Như một con gà.,"Sau khi rơi vào ổ gà, đại bàng được nuôi như răng ?
A. Như một con gà.
B. Như một con đại bàng.
C. Vừa như một con gà, vừa như một con đại bàng.
D. Như một con chim trời được dạy bay cao.",A,PNT2,Daily Conversation,high,9bd8c7fb-25fa-4b2d-9c1d-ab9f97e7731e,0,EXPERT_AUTO_PASS,rewrite,"Sau khi rơi vào ổ gà, đại bàng được nuôi như thế nào ?
A. Như một con gà.
B. Như một con đại bàng.
C. Vừa như một con gà, vừa như một con đại bàng.
D. Như một con chim trời được dạy bay cao.","Sau khi rơi vào ổ gà, đại bàng được nuôi như răng ?
A. Như một con gà.
B. Như một con đại bàng.
C. Vừa như một con gà, vừa như một con đại bàng.
D. Như một con chim trời được dạy bay cao.",47,46,0.9787234042553191,63,2.5318076610565186,12.576219143358264,62,2.9159839153289795,18.46697340505061,0.38417625427246094,5.890754261692345,1.4684042313944061
MCQA_0058_0,MCQA,"Sau khi rơi vào ổ gà, đại bàng được nuôi như thế nào ?
A. Như một con gà.
B. Như một con đại bàng.
C. Vừa như một con gà, vừa như một con đại bàng.
D. Như một con chim trời được dạy bay cao.",Như một con gà.,"Sau khi rớt vô ổ gà, đại bàng được nuôi như răng ?
A. Như một con gà.
B. Như một con đại bàng.
C. Vừa như một con gà, vừa như một con đại bàng.
D. Như một con chim trời được dạy bay cao.",A,PNT3,Daily Conversation,high,88346002-a7b4-4be1-aec6-e1e3625416ee,1,EXPERT_REVIEW_PASS,rewrite,"Sau khi rơi vào ổ gà, đại bàng được nuôi như thế nào ?
A. Như một con gà.
B. Như một con đại bàng.
C. Vừa như một con gà, vừa như một con đại bàng.
D. Như một con chim trời được dạy bay cao.","Sau khi rớt vô ổ gà, đại bàng được nuôi như răng ?
A. Như một con gà.
B. Như một con đại bàng.
C. Vừa như một con gà, vừa như một con đại bàng.
D. Như một con chim trời được dạy bay cao.",47,46,0.9787234042553191,63,2.5318076610565186,12.576219143358264,63,3.1050264835357666,22.309809810098148,0.573218822479248,9.733590666739884,1.7739679593513107
MCQA_0058_0,MCQA,"Sau khi rơi vào ổ gà, đại bàng được nuôi như thế nào ?
A. Như một con gà.
B. Như một con đại bàng.
C. Vừa như một con gà, vừa như một con đại bàng.
D. Như một con chim trời được dạy bay cao.",Như một con gà.,"Sau khi rớt vô ổ gà, đại bàng được nuôi ra ren ?
A. Như một con gà.
B. Như một con đại bàng.
C. Vừa như một con gà, vừa như một con đại bàng.
D. Như một con chim trời được dạy bay cao.",A,PNT4,Daily Conversation,high,5ea76d15-516d-4285-a781-7b1c6a04a627,0,EXPERT_AUTO_PASS,rewrite,"Sau khi rơi vào ổ gà, đại bàng được nuôi như thế nào ?
A. Như một con gà.
B. Như một con đại bàng.
C. Vừa như một con gà, vừa như một con đại bàng.
D. Như một con chim trời được dạy bay cao.","Sau khi rớt vô ổ gà, đại bàng được nuôi ra ren ?
A. Như một con gà.
B. Như một con đại bàng.
C. Vừa như một con gà, vừa như một con đại bàng.
D. Như một con chim trời được dạy bay cao.",47,46,0.9787234042553191,63,2.5318076610565186,12.576219143358264,63,3.1111996173858643,22.447957214731016,0.5793919563293457,9.871738071372752,1.7849527714842819
MCQA_0060_1,MCQA,"Những từ ngữ nào được dùng để tả tiếng của thiên nhiên, của quê hương ?
A. Reo lên, hát lên.
B. Thì thầm, lao xao.
C. Réo rắt, ngân nga.
D. A và B đều đúng.",A và B đều đúng.,"Những từ ngữ nào được dùng để tả tiếng của thiên nhiên, của quê hương ?
A. Reo lên, hát lên.
B. Thì thầm, lao xao.
C. véo von, ngân nga.
D. A và B đều đúng.",D,PNB,Daily Conversation,high,7e49e369-5b4e-4441-ba22-55eb0d6e2bdf,1,EXPERT_REVIEW_PASS,rewrite,"Những từ ngữ nào được dùng để tả tiếng của thiên nhiên, của quê hương ?
A. Reo lên, hát lên.
B. Thì thầm, lao xao.
C. Réo rắt, ngân nga.
D. A và B đều đúng.","Những từ ngữ nào được dùng để tả tiếng của thiên nhiên, của quê hương ?
A. Reo lên, hát lên.
B. Thì thầm, lao xao.
C. véo von, ngân nga.
D. A và B đều đúng.",37,37,1.0,57,3.283139705657959,26.65934392966387,56,3.5168488025665283,33.6781346239792,0.23370909690856934,7.018790694315328,1.263276947581051
MCQA_0060_1,MCQA,"Những từ ngữ nào được dùng để tả tiếng của thiên nhiên, của quê hương ?
A. Reo lên, hát lên.
B. Thì thầm, lao xao.
C. Réo rắt, ngân nga.
D. A và B đều đúng.",A và B đều đúng.,"Những từ nào được dùng để tả tiếng của thiên nhiên, của quê hương ?
A. Reo lên, hát lên.
B. Thì thầm, lao xao.
C. Réo rắt, ngân nga.
D. A và B đều đúng.",D,PNN,Daily Conversation,high,e04e5ca5-c8e8-4484-a0aa-f9dc978b200c,0,EXPERT_AUTO_PASS,rewrite,"Những từ ngữ nào được dùng để tả tiếng của thiên nhiên, của quê hương ?
A. Reo lên, hát lên.
B. Thì thầm, lao xao.
C. Réo rắt, ngân nga.
D. A và B đều đúng.","Những từ nào được dùng để tả tiếng của thiên nhiên, của quê hương ?
A. Reo lên, hát lên.
B. Thì thầm, lao xao.
C. Réo rắt, ngân nga.
D. A và B đều đúng.",37,36,0.972972972972973,57,3.283139705657959,26.65934392966387,56,3.2711265087127686,26.340995997384073,-0.01201319694519043,-0.31834793227979574,0.9880586734197322
MCQA_0060_1,MCQA,"Những từ ngữ nào được dùng để tả tiếng của thiên nhiên, của quê hương ?
A. Reo lên, hát lên.
B. Thì thầm, lao xao.
C. Réo rắt, ngân nga.
D. A và B đều đúng.",A và B đều đúng.,"Những từ ngữ mô được dùng để tả tiếng của thiên nhiên, của quê hương?

A. Reo lên, hát lên.
B. Thì thầm, lao xao.
C. Réo rắt, ngân nga.
D. A và B đều đúng.",D,PNT1,Daily Conversation,high,a4432712-749b-4d01-8b03-4cb9d0f81348,1,EXPERT_REVIEW_PASS,rewrite,"Những từ ngữ nào được dùng để tả tiếng của thiên nhiên, của quê hương ?
A. Reo lên, hát lên.
B. Thì thầm, lao xao.
C. Réo rắt, ngân nga.
D. A và B đều đúng.","Những từ ngữ mô được dùng để tả tiếng của thiên nhiên, của quê hương?

A. Reo lên, hát lên.
B. Thì thầm, lao xao.
C. Réo rắt, ngân nga.
D. A và B đều đúng.",37,36,0.972972972972973,57,3.283139705657959,26.65934392966387,57,3.573982000350952,35.65830219350143,0.29084229469299316,8.998958263837558,1.3375536280104932
MCQA_0060_1,MCQA,"Những từ ngữ nào được dùng để tả tiếng của thiên nhiên, của quê hương ?
A. Reo lên, hát lên.
B. Thì thầm, lao xao.
C. Réo rắt, ngân nga.
D. A và B đều đúng.",A và B đều đúng.,"Những từ ngữ mô được dùng để tả tiếng của thiên nhiên, của quê hương ?
A. Reo lên, hát lên.
B. Thì thầm, lao xao.
C. Réo rắt, ngân nga.
D. A và B đều đúng.",D,PNT2,Daily Conversation,high,7d958013-3acc-4719-a459-b3a565d57865,0,EXPERT_AUTO_PASS,rewrite,"Những từ ngữ nào được dùng để tả tiếng của thiên nhiên, của quê hương ?
A. Reo lên, hát lên.
B. Thì thầm, lao xao.
C. Réo rắt, ngân nga.
D. A và B đều đúng.","Những từ ngữ mô được dùng để tả tiếng của thiên nhiên, của quê hương ?
A. Reo lên, hát lên.
B. Thì thầm, lao xao.
C. Réo rắt, ngân nga.
D. A và B đều đúng.",37,37,1.0,57,3.283139705657959,26.65934392966387,57,3.5217125415802,33.842335272113246,0.2385728359222412,7.182991342449377,1.2694361632229387
MCQA_0060_1,MCQA,"Những từ ngữ nào được dùng để tả tiếng của thiên nhiên, của quê hương ?
A. Reo lên, hát lên.
B. Thì thầm, lao xao.
C. Réo rắt, ngân nga.
D. A và B đều đúng.",A và B đều đúng.,"Những từ ngữ mô được dùng để tả tiếng của thiên nhiên, của quê hương ?
A. Reo lên, hát lên.
B. Thì thầm, lao xao.
C. Réo rắt, ngân nga.
D. A và B đều đúng.",D,PNT3,Daily Conversation,high,88346002-a7b4-4be1-aec6-e1e3625416ee,1,EXPERT_REVIEW_PASS,rewrite,"Những từ ngữ nào được dùng để tả tiếng của thiên nhiên, của quê hương ?
A. Reo lên, hát lên.
B. Thì thầm, lao xao.
C. Réo rắt, ngân nga.
D. A và B đều đúng.","Những từ ngữ mô được dùng để tả tiếng của thiên nhiên, của quê hương ?
A. Reo lên, hát lên.
B. Thì thầm, lao xao.
C. Réo rắt, ngân nga.
D. A và B đều đúng.",37,37,1.0,57,3.283139705657959,26.65934392966387,57,3.5217125415802,33.842335272113246,0.2385728359222412,7.182991342449377,1.2694361632229387
MCQA_0060_1,MCQA,"Những từ ngữ nào được dùng để tả tiếng của thiên nhiên, của quê hương ?
A. Reo lên, hát lên.
B. Thì thầm, lao xao.
C. Réo rắt, ngân nga.
D. A và B đều đúng.",A và B đều đúng.,"Những từ ngữ mô được dùng để tả tiếng của thiên nhiên, của quê hương ?
A. Reo lên, hát lên.
B. Thì thầm, lao xao.
C. Réo rắt, ngân nga.
D. A và B đều đúng.",D,PNT4,Daily Conversation,high,79761839-4e36-4d46-bc8f-bfd4e0af851a,1,EXPERT_REVIEW_PASS,rewrite,"Những từ ngữ nào được dùng để tả tiếng của thiên nhiên, của quê hương ?
A. Reo lên, hát lên.
B. Thì thầm, lao xao.
C. Réo rắt, ngân nga.
D. A và B đều đúng.","Những từ ngữ mô được dùng để tả tiếng của thiên nhiên, của quê hương ?
A. Reo lên, hát lên.
B. Thì thầm, lao xao.
C. Réo rắt, ngân nga.
D. A và B đều đúng.",37,37,1.0,57,3.283139705657959,26.65934392966387,57,3.5217125415802,33.842335272113246,0.2385728359222412,7.182991342449377,1.2694361632229387
MCQA_0060_2,MCQA,"Nhờ đâu tác giả cảm nhận được sự thay đổi diệu kì của âm thanh thiên nhiên quanh mình và tả chúng một cách gần gũi, tinh tế như vậy ?
A. Vì tác giả đã sống ở một vùng đặc biệt, có nhiều âm thanh thiên nhiên.
B. Vì tác giả có một khả năng nghe đặc biệt mà người thường không có.
C. Vì tác giả có lòng yêu thiên nhiên tha thiết.
D. Vì tác giả thường ghi chép lại tiếng mưa, tiếng gió và tiếng chim.",Vì tác giả có lòng yêu thiên nhiên tha thiết.,"Nhờ đâu mà tác giả cảm nhận được sự thay đổi diệu kì của âm thanh thiên nhiên quanh mình và tả chúng một cách gần gũi, tinh tế như vậy ?
A. Vì tác giả đã sống ở một nơi đặc biệt, có nhiều âm thanh thiên nhiên.
B. Vì tác giả có một khả năng nghe đặc biệt mà người thường không có.
C. Vì tác giả có lòng yêu thiên nhiên tha thiết.
D. Vì tác giả thường ghi chép lại tiếng mưa, tiếng gió và tiếng chim.",C,PNB,Daily Conversation,high,7e49e369-5b4e-4441-ba22-55eb0d6e2bdf,1,EXPERT_REVIEW_PASS,rewrite,"Nhờ đâu tác giả cảm nhận được sự thay đổi diệu kì của âm thanh thiên nhiên quanh mình và tả chúng một cách gần gũi, tinh tế như vậy ?
A. Vì tác giả đã sống ở một vùng đặc biệt, có nhiều âm thanh thiên nhiên.
B. Vì tác giả có một khả năng nghe đặc biệt mà người thường không có.
C. Vì tác giả có lòng yêu thiên nhiên tha thiết.
D. Vì tác giả thường ghi chép lại tiếng mưa, tiếng gió và tiếng chim.","Nhờ đâu mà tác giả cảm nhận được sự thay đổi diệu kì của âm thanh thiên nhiên quanh mình và tả chúng một cách gần gũi, tinh tế như vậy ?
A. Vì tác giả đã sống ở một nơi đặc biệt, có nhiều âm thanh thiên nhiên.
B. Vì tác giả có một khả năng nghe đặc biệt mà người thường không có.
C. Vì tác giả có lòng yêu thiên nhiên tha thiết.
D. Vì tác giả thường ghi chép lại tiếng mưa, tiếng gió và tiếng chim.",90,91,1.011111111111111,114,2.3057029247283936,10.031226972269915,115,2.2999014854431152,9.973199901048616,-0.00580143928527832,-0.05802707122129824,0.9942153565678749
MCQA_0060_2,MCQA,"Nhờ đâu tác giả cảm nhận được sự thay đổi diệu kì của âm thanh thiên nhiên quanh mình và tả chúng một cách gần gũi, tinh tế như vậy ?
A. Vì tác giả đã sống ở một vùng đặc biệt, có nhiều âm thanh thiên nhiên.
B. Vì tác giả có một khả năng nghe đặc biệt mà người thường không có.
C. Vì tác giả có lòng yêu thiên nhiên tha thiết.
D. Vì tác giả thường ghi chép lại tiếng mưa, tiếng gió và tiếng chim.",Vì tác giả có lòng yêu thiên nhiên tha thiết.,"Nhờ đâu mà tác giả cảm nhận được sự thay đổi diệu kì của âm thanh thiên nhiên quanh mình và tả chúng một cách gần gũi, tinh tế như thế ?
A. Vì tác giả đã sống ở một vùng đặc biệt, có nhiều âm thanh thiên nhiên.
B. Vì tác giả có một khả năng nghe đặc biệt mà người thường hông có.
C. Vì tác giả có lòng yêu thiên nhiên tha thiết.
D. Vì tác giả thường ghi lại lại tiếng mưa, tiếng gió và tiếng chim.",C,PNN,Daily Conversation,high,9d0d5c61-1083-4b35-8c02-c2c597f8212f,1,EXPERT_REVIEW_PASS,rewrite,"Nhờ đâu tác giả cảm nhận được sự thay đổi diệu kì của âm thanh thiên nhiên quanh mình và tả chúng một cách gần gũi, tinh tế như vậy ?
A. Vì tác giả đã sống ở một vùng đặc biệt, có nhiều âm thanh thiên nhiên.
B. Vì tác giả có một khả năng nghe đặc biệt mà người thường không có.
C. Vì tác giả có lòng yêu thiên nhiên tha thiết.
D. Vì tác giả thường ghi chép lại tiếng mưa, tiếng gió và tiếng chim.","Nhờ đâu mà tác giả cảm nhận được sự thay đổi diệu kì của âm thanh thiên nhiên quanh mình và tả chúng một cách gần gũi, tinh tế như thế ?
A. Vì tác giả đã sống ở một vùng đặc biệt, có nhiều âm thanh thiên nhiên.
B. Vì tác giả có một khả năng nghe đặc biệt mà người thường hông có.
C. Vì tác giả có lòng yêu thiên nhiên tha thiết.
D. Vì tác giả thường ghi lại lại tiếng mưa, tiếng gió và tiếng chim.",90,91,1.011111111111111,114,2.3057029247283936,10.031226972269915,114,2.418694257736206,11.231184703796645,0.1129913330078125,1.1999577315267302,1.1196222291494216
MCQA_0060_2,MCQA,"Nhờ đâu tác giả cảm nhận được sự thay đổi diệu kì của âm thanh thiên nhiên quanh mình và tả chúng một cách gần gũi, tinh tế như vậy ?
A. Vì tác giả đã sống ở một vùng đặc biệt, có nhiều âm thanh thiên nhiên.
B. Vì tác giả có một khả năng nghe đặc biệt mà người thường không có.
C. Vì tác giả có lòng yêu thiên nhiên tha thiết.
D. Vì tác giả thường ghi chép lại tiếng mưa, tiếng gió và tiếng chim.",Vì tác giả có lòng yêu thiên nhiên tha thiết.,"Nhờ chi mà tác giả cảm nhận được sự thay đổi diệu kì của âm thanh thiên nhiên quanh mình và tả chúng một cách gần gũi, tinh tế như rứa?

A. Vì tác giả đã sống ở một vùng đặc biệt, có nhiều âm thanh thiên nhiên.
B. Vì tác giả có một khả năng nghe đặc biệt mà người thường không có.
C. Vì tác giả có lòng yêu thiên nhiên tha thiết.
D. Vì tác giả thường ghi chép lại tiếng mưa, tiếng gió và tiếng chim.",C,PNT1,Daily Conversation,high,a4432712-749b-4d01-8b03-4cb9d0f81348,1,EXPERT_REVIEW_PASS,rewrite,"Nhờ đâu tác giả cảm nhận được sự thay đổi diệu kì của âm thanh thiên nhiên quanh mình và tả chúng một cách gần gũi, tinh tế như vậy ?
A. Vì tác giả đã sống ở một vùng đặc biệt, có nhiều âm thanh thiên nhiên.
B. Vì tác giả có một khả năng nghe đặc biệt mà người thường không có.
C. Vì tác giả có lòng yêu thiên nhiên tha thiết.
D. Vì tác giả thường ghi chép lại tiếng mưa, tiếng gió và tiếng chim.","Nhờ chi mà tác giả cảm nhận được sự thay đổi diệu kì của âm thanh thiên nhiên quanh mình và tả chúng một cách gần gũi, tinh tế như rứa?

A. Vì tác giả đã sống ở một vùng đặc biệt, có nhiều âm thanh thiên nhiên.
B. Vì tác giả có một khả năng nghe đặc biệt mà người thường không có.
C. Vì tác giả có lòng yêu thiên nhiên tha thiết.
D. Vì tác giả thường ghi chép lại tiếng mưa, tiếng gió và tiếng chim.",90,90,1.0,114,2.3057029247283936,10.031226972269915,117,2.5182220935821533,12.406519413262478,0.21251916885375977,2.3752924409925633,1.2367898211812738
MCQA_0060_2,MCQA,"Nhờ đâu tác giả cảm nhận được sự thay đổi diệu kì của âm thanh thiên nhiên quanh mình và tả chúng một cách gần gũi, tinh tế như vậy ?
A. Vì tác giả đã sống ở một vùng đặc biệt, có nhiều âm thanh thiên nhiên.
B. Vì tác giả có một khả năng nghe đặc biệt mà người thường không có.
C. Vì tác giả có lòng yêu thiên nhiên tha thiết.
D. Vì tác giả thường ghi chép lại tiếng mưa, tiếng gió và tiếng chim.",Vì tác giả có lòng yêu thiên nhiên tha thiết.,"Nhờ mô mà tác giả cảm nhận được sự thay đổi diệu kì của âm thanh thiên nhiên quanh mình và tả chúng một cách gần gũi, tinh tế a rứa ?
A. Vì tác giả đạ sống ở một vùng đặc biệt, có nhiều âm thanh thiên nhiên.
B. Vì tác giả có một khả năng nghe đặc biệt mà người thường nỏ có.
C. Vì tác giả có lòng yêu thiên nhiên tha thiết.
D. Vì tác giả thường ghi chép lại tiếng mưa, tiếng gió và tiếng chim.",C,PNT2,Daily Conversation,high,7d958013-3acc-4719-a459-b3a565d57865,0,EXPERT_AUTO_PASS,rewrite,"Nhờ đâu tác giả cảm nhận được sự thay đổi diệu kì của âm thanh thiên nhiên quanh mình và tả chúng một cách gần gũi, tinh tế như vậy ?
A. Vì tác giả đã sống ở một vùng đặc biệt, có nhiều âm thanh thiên nhiên.
B. Vì tác giả có một khả năng nghe đặc biệt mà người thường không có.
C. Vì tác giả có lòng yêu thiên nhiên tha thiết.
D. Vì tác giả thường ghi chép lại tiếng mưa, tiếng gió và tiếng chim.","Nhờ mô mà tác giả cảm nhận được sự thay đổi diệu kì của âm thanh thiên nhiên quanh mình và tả chúng một cách gần gũi, tinh tế a rứa ?
A. Vì tác giả đạ sống ở một vùng đặc biệt, có nhiều âm thanh thiên nhiên.
B. Vì tác giả có một khả năng nghe đặc biệt mà người thường nỏ có.
C. Vì tác giả có lòng yêu thiên nhiên tha thiết.
D. Vì tác giả thường ghi chép lại tiếng mưa, tiếng gió và tiếng chim.",90,91,1.011111111111111,114,2.3057029247283936,10.031226972269915,119,2.825921058654785,16.876482059575924,0.5202181339263916,6.845255087306009,1.6823945970147889
MCQA_0060_2,MCQA,"Nhờ đâu tác giả cảm nhận được sự thay đổi diệu kì của âm thanh thiên nhiên quanh mình và tả chúng một cách gần gũi, tinh tế như vậy ?
A. Vì tác giả đã sống ở một vùng đặc biệt, có nhiều âm thanh thiên nhiên.
B. Vì tác giả có một khả năng nghe đặc biệt mà người thường không có.
C. Vì tác giả có lòng yêu thiên nhiên tha thiết.
D. Vì tác giả thường ghi chép lại tiếng mưa, tiếng gió và tiếng chim.",Vì tác giả có lòng yêu thiên nhiên tha thiết.,"Nhờ mô mà tác giả cảm nhận được sự thay đổi diệu kì của âm thanh thiên nhiên quanh mình rồi tả hắn một cách gần gũi, tinh tế như rứa ?
A. Vì tác giả đã sống ở một vùng đặc biệt, có nhiều âm thanh thiên nhiên.
B. Vì tác giả có một khả năng nghe đặc biệt mà người thường không có.
C. Vì tác giả có lòng yêu thiên nhiên tha thiết.
D. Vì tác giả thường ghi chép lại tiếng mưa, tiếng gió và tiếng chim.",C,PNT3,Daily Conversation,high,e99ab2ee-5e8e-4d70-ac05-869071c9a49c,0,EXPERT_AUTO_PASS,rewrite,"Nhờ đâu tác giả cảm nhận được sự thay đổi diệu kì của âm thanh thiên nhiên quanh mình và tả chúng một cách gần gũi, tinh tế như vậy ?
A. Vì tác giả đã sống ở một vùng đặc biệt, có nhiều âm thanh thiên nhiên.
B. Vì tác giả có một khả năng nghe đặc biệt mà người thường không có.
C. Vì tác giả có lòng yêu thiên nhiên tha thiết.
D. Vì tác giả thường ghi chép lại tiếng mưa, tiếng gió và tiếng chim.","Nhờ mô mà tác giả cảm nhận được sự thay đổi diệu kì của âm thanh thiên nhiên quanh mình rồi tả hắn một cách gần gũi, tinh tế như rứa ?
A. Vì tác giả đã sống ở một vùng đặc biệt, có nhiều âm thanh thiên nhiên.
B. Vì tác giả có một khả năng nghe đặc biệt mà người thường không có.
C. Vì tác giả có lòng yêu thiên nhiên tha thiết.
D. Vì tác giả thường ghi chép lại tiếng mưa, tiếng gió và tiếng chim.",90,91,1.011111111111111,114,2.3057029247283936,10.031226972269915,117,2.5907583236694336,13.339883718154097,0.28505539894104004,3.308656745884182,1.3298356975702528
MCQA_0060_2,MCQA,"Nhờ đâu tác giả cảm nhận được sự thay đổi diệu kì của âm thanh thiên nhiên quanh mình và tả chúng một cách gần gũi, tinh tế như vậy ?
A. Vì tác giả đã sống ở một vùng đặc biệt, có nhiều âm thanh thiên nhiên.
B. Vì tác giả có một khả năng nghe đặc biệt mà người thường không có.
C. Vì tác giả có lòng yêu thiên nhiên tha thiết.
D. Vì tác giả thường ghi chép lại tiếng mưa, tiếng gió và tiếng chim.",Vì tác giả có lòng yêu thiên nhiên tha thiết.,"Nhờ mô mà tác giả cảm nhận được sự thay đổi diệu kì của âm thanh thiên nhiên quanh mình và tả chúng một cách gần gũi, tinh tế như rứa ?
A. Vì tác giả đã sống ở một vùng đặc biệt, có nhiều âm thanh thiên nhiên.
B. Vì tác giả có một khả năng nghe đặc biệt mà người thường không có.
C. Vì tác giả có lòng yêu thiên nhiên tha thiết.
D. Vì tác giả thường ghi chép lại tiếng mưa, tiếng gió và tiếng chim.",C,PNT4,Daily Conversation,high,caa27aaf-592f-49ce-b541-02f33da2b90f,0,EXPERT_AUTO_PASS,rewrite,"Nhờ đâu tác giả cảm nhận được sự thay đổi diệu kì của âm thanh thiên nhiên quanh mình và tả chúng một cách gần gũi, tinh tế như vậy ?
A. Vì tác giả đã sống ở một vùng đặc biệt, có nhiều âm thanh thiên nhiên.
B. Vì tác giả có một khả năng nghe đặc biệt mà người thường không có.
C. Vì tác giả có lòng yêu thiên nhiên tha thiết.
D. Vì tác giả thường ghi chép lại tiếng mưa, tiếng gió và tiếng chim.","Nhờ mô mà tác giả cảm nhận được sự thay đổi diệu kì của âm thanh thiên nhiên quanh mình và tả chúng một cách gần gũi, tinh tế như rứa ?
A. Vì tác giả đã sống ở một vùng đặc biệt, có nhiều âm thanh thiên nhiên.
B. Vì tác giả có một khả năng nghe đặc biệt mà người thường không có.
C. Vì tác giả có lòng yêu thiên nhiên tha thiết.
D. Vì tác giả thường ghi chép lại tiếng mưa, tiếng gió và tiếng chim.",90,91,1.011111111111111,114,2.3057029247283936,10.031226972269915,117,2.5102901458740234,12.308500803190693,0.20458722114562988,2.2772738309207785,1.2270184731355416
MCQA_0064_1,MCQA,"Ông ngoại đã giúp bạn nhỏ chuẩn bị đi học như thế nào?
A. Dẫn bạn nhỏ đi mua cặp sách mới.
B. Dẫn bạn nhỏ đi mua vở, chọn bút, … và dạy những chữ cái đầu tiên.
C. Dẫn bạn nhỏ đi mua áo quần mới.
D. Dẫn bạn nhỏ đến trường.","Dẫn bạn nhỏ đi mua vở, chọn bút, … và dạy những chữ cái đầu tiên.","Ông vãi đã giúp bạn nhỏ chuẩn bị đi học như thế nào?
A. Dẫn bạn nhỏ đi mua cặp sách mới.
B. Dẫn bạn nhỏ đi mua vở, chọn bút, … và dạy những chữ cái đầu tiên.
C. Dẫn bạn nhỏ đi mua áo quần mới.
D. Dẫn bạn nhỏ đến trường.",B,PNB,Daily Conversation,high,7e49e369-5b4e-4441-ba22-55eb0d6e2bdf,1,EXPERT_REVIEW_PASS,rewrite,"Ông ngoại đã giúp bạn nhỏ chuẩn bị đi học như thế nào?
A. Dẫn bạn nhỏ đi mua cặp sách mới.
B. Dẫn bạn nhỏ đi mua vở, chọn bút, … và dạy những chữ cái đầu tiên.
C. Dẫn bạn nhỏ đi mua áo quần mới.
D. Dẫn bạn nhỏ đến trường.","Ông vãi đã giúp bạn nhỏ chuẩn bị đi học như thế nào?
A. Dẫn bạn nhỏ đi mua cặp sách mới.
B. Dẫn bạn nhỏ đi mua vở, chọn bút, … và dạy những chữ cái đầu tiên.
C. Dẫn bạn nhỏ đi mua áo quần mới.
D. Dẫn bạn nhỏ đến trường.",54,54,1.0,75,2.442674398422241,11.503765291384939,76,2.5496530532836914,12.80266117077958,0.1069786548614502,1.2988958793946406,1.1129104989969998
MCQA_0064_1,MCQA,"Ông ngoại đã giúp bạn nhỏ chuẩn bị đi học như thế nào?
A. Dẫn bạn nhỏ đi mua cặp sách mới.
B. Dẫn bạn nhỏ đi mua vở, chọn bút, … và dạy những chữ cái đầu tiên.
C. Dẫn bạn nhỏ đi mua áo quần mới.
D. Dẫn bạn nhỏ đến trường.","Dẫn bạn nhỏ đi mua vở, chọn bút, … và dạy những chữ cái đầu tiên.","Ông ngoại đã giúp bạn nhỏ chuẩn bị đi học làm sao?
A. Dắt bạn nhỏ đi mua cặp sách mới.
B. Dắt bạn nhỏ đi mua tập, lựa viết, … với dạy mấy chữ cái đầu tiên.
C. Dắt bạn nhỏ đi mua đồ mới.
D. Dắt bạn nhỏ tới trường.",B,PNN,Daily Conversation,high,88759523-55db-4c51-872d-a8b43438fa82,1,EXPERT_REVIEW_PASS,rewrite,"Ông ngoại đã giúp bạn nhỏ chuẩn bị đi học như thế nào?
A. Dẫn bạn nhỏ đi mua cặp sách mới.
B. Dẫn bạn nhỏ đi mua vở, chọn bút, … và dạy những chữ cái đầu tiên.
C. Dẫn bạn nhỏ đi mua áo quần mới.
D. Dẫn bạn nhỏ đến trường.","Ông ngoại đã giúp bạn nhỏ chuẩn bị đi học làm sao?
A. Dắt bạn nhỏ đi mua cặp sách mới.
B. Dắt bạn nhỏ đi mua tập, lựa viết, … với dạy mấy chữ cái đầu tiên.
C. Dắt bạn nhỏ đi mua đồ mới.
D. Dắt bạn nhỏ tới trường.",54,52,0.9629629629629629,75,2.442674398422241,11.503765291384939,72,2.9243438243865967,18.622002735949255,0.48166942596435547,7.118237444564317,1.6187745719999258
MCQA_0064_1,MCQA,"Ông ngoại đã giúp bạn nhỏ chuẩn bị đi học như thế nào?
A. Dẫn bạn nhỏ đi mua cặp sách mới.
B. Dẫn bạn nhỏ đi mua vở, chọn bút, … và dạy những chữ cái đầu tiên.
C. Dẫn bạn nhỏ đi mua áo quần mới.
D. Dẫn bạn nhỏ đến trường.","Dẫn bạn nhỏ đi mua vở, chọn bút, … và dạy những chữ cái đầu tiên.","Ông ngoại đã giúp bạn nhỏ chuẩn bị đi học ra răng?

A. Dắt bạn nhỏ đi mua cặp sách mới.
B. Dắt bạn nhỏ đi mua vở, chọn bút, … và dạy những chữ cái đầu tiên.
C. Dắt bạn nhỏ đi mua áo quần mới.
D. Dắt bạn nhỏ đến trường.",B,PNT1,Daily Conversation,high,a4432712-749b-4d01-8b03-4cb9d0f81348,1,EXPERT_REVIEW_PASS,rewrite,"Ông ngoại đã giúp bạn nhỏ chuẩn bị đi học như thế nào?
A. Dẫn bạn nhỏ đi mua cặp sách mới.
B. Dẫn bạn nhỏ đi mua vở, chọn bút, … và dạy những chữ cái đầu tiên.
C. Dẫn bạn nhỏ đi mua áo quần mới.
D. Dẫn bạn nhỏ đến trường.","Ông ngoại đã giúp bạn nhỏ chuẩn bị đi học ra răng?

A. Dắt bạn nhỏ đi mua cặp sách mới.
B. Dắt bạn nhỏ đi mua vở, chọn bút, … và dạy những chữ cái đầu tiên.
C. Dắt bạn nhỏ đi mua áo quần mới.
D. Dắt bạn nhỏ đến trường.",54,53,0.9814814814814815,75,2.442674398422241,11.503765291384939,74,2.880890369415283,17.83014152690406,0.438215970993042,6.326376235519122,1.5499396132722636
MCQA_0064_1,MCQA,"Ông ngoại đã giúp bạn nhỏ chuẩn bị đi học như thế nào?
A. Dẫn bạn nhỏ đi mua cặp sách mới.
B. Dẫn bạn nhỏ đi mua vở, chọn bút, … và dạy những chữ cái đầu tiên.
C. Dẫn bạn nhỏ đi mua áo quần mới.
D. Dẫn bạn nhỏ đến trường.","Dẫn bạn nhỏ đi mua vở, chọn bút, … và dạy những chữ cái đầu tiên.","Ông ngoại đạ giúp bạn nhỏ chuẩn bị đi học a răng?
A. Dẫn bạn nhỏ đi mua cặp sách mới.
B. Dẫn bạn nhỏ đi mua vở, chọn bút, … và dạy những chữ cái đầu tiên.
C. Dẫn bạn nhỏ đi mua áo quần mới.
D. Dẫn bạn nhỏ đến trường.",B,PNT2,Daily Conversation,high,7d958013-3acc-4719-a459-b3a565d57865,0,EXPERT_AUTO_PASS,rewrite,"Ông ngoại đã giúp bạn nhỏ chuẩn bị đi học như thế nào?
A. Dẫn bạn nhỏ đi mua cặp sách mới.
B. Dẫn bạn nhỏ đi mua vở, chọn bút, … và dạy những chữ cái đầu tiên.
C. Dẫn bạn nhỏ đi mua áo quần mới.
D. Dẫn bạn nhỏ đến trường.","Ông ngoại đạ giúp bạn nhỏ chuẩn bị đi học a răng?
A. Dẫn bạn nhỏ đi mua cặp sách mới.
B. Dẫn bạn nhỏ đi mua vở, chọn bút, … và dạy những chữ cái đầu tiên.
C. Dẫn bạn nhỏ đi mua áo quần mới.
D. Dẫn bạn nhỏ đến trường.",54,53,0.9814814814814815,75,2.442674398422241,11.503765291384939,75,2.869917869567871,17.635569723393914,0.4272434711456299,6.131804432008975,1.5330258638535528
MCQA_0064_1,MCQA,"Ông ngoại đã giúp bạn nhỏ chuẩn bị đi học như thế nào?
A. Dẫn bạn nhỏ đi mua cặp sách mới.
B. Dẫn bạn nhỏ đi mua vở, chọn bút, … và dạy những chữ cái đầu tiên.
C. Dẫn bạn nhỏ đi mua áo quần mới.
D. Dẫn bạn nhỏ đến trường.","Dẫn bạn nhỏ đi mua vở, chọn bút, … và dạy những chữ cái đầu tiên.","Ông ngoại đã giúp bạn nhỏ chuẩn bị đi học như răng?
A. Dẫn bạn nhỏ đi mua cặp sách mới.
B. Dẫn bạn nhỏ đi mua vở, chọn bút, … với dạy mấy chữ cái đầu tiên.
C. Dẫn bạn nhỏ đi mua áo quần mới.
D. Dẫn bạn nhỏ tới trường.",B,PNT3,Daily Conversation,high,e99ab2ee-5e8e-4d70-ac05-869071c9a49c,1,EXPERT_REVIEW_PASS,rewrite,"Ông ngoại đã giúp bạn nhỏ chuẩn bị đi học như thế nào?
A. Dẫn bạn nhỏ đi mua cặp sách mới.
B. Dẫn bạn nhỏ đi mua vở, chọn bút, … và dạy những chữ cái đầu tiên.
C. Dẫn bạn nhỏ đi mua áo quần mới.
D. Dẫn bạn nhỏ đến trường.","Ông ngoại đã giúp bạn nhỏ chuẩn bị đi học như răng?
A. Dẫn bạn nhỏ đi mua cặp sách mới.
B. Dẫn bạn nhỏ đi mua vở, chọn bút, … với dạy mấy chữ cái đầu tiên.
C. Dẫn bạn nhỏ đi mua áo quần mới.
D. Dẫn bạn nhỏ tới trường.",54,53,0.9814814814814815,75,2.442674398422241,11.503765291384939,74,2.954418897628784,19.19056779461988,0.511744499206543,7.686802503234942,1.668198829559876
MCQA_0064_1,MCQA,"Ông ngoại đã giúp bạn nhỏ chuẩn bị đi học như thế nào?
A. Dẫn bạn nhỏ đi mua cặp sách mới.
B. Dẫn bạn nhỏ đi mua vở, chọn bút, … và dạy những chữ cái đầu tiên.
C. Dẫn bạn nhỏ đi mua áo quần mới.
D. Dẫn bạn nhỏ đến trường.","Dẫn bạn nhỏ đi mua vở, chọn bút, … và dạy những chữ cái đầu tiên.","Ông ngoại đã giúp thằng cu chuẩn bị đi học như ren?
A. Dẫn thằng cu đi mua cặp sách mới.
B. Dẫn thằng cu đi mua vở, lựa bút, … và bày những chữ cái đầu tiên.
C. Dẫn thằng cu đi mua áo quần mới.
D. Dẫn thằng cu đến trường.",B,PNT4,Daily Conversation,high,caa27aaf-592f-49ce-b541-02f33da2b90f,0,EXPERT_AUTO_PASS,rewrite,"Ông ngoại đã giúp bạn nhỏ chuẩn bị đi học như thế nào?
A. Dẫn bạn nhỏ đi mua cặp sách mới.
B. Dẫn bạn nhỏ đi mua vở, chọn bút, … và dạy những chữ cái đầu tiên.
C. Dẫn bạn nhỏ đi mua áo quần mới.
D. Dẫn bạn nhỏ đến trường.","Ông ngoại đã giúp thằng cu chuẩn bị đi học như ren?
A. Dẫn thằng cu đi mua cặp sách mới.
B. Dẫn thằng cu đi mua vở, lựa bút, … và bày những chữ cái đầu tiên.
C. Dẫn thằng cu đi mua áo quần mới.
D. Dẫn thằng cu đến trường.",54,53,0.9814814814814815,75,2.442674398422241,11.503765291384939,79,2.9675700664520264,19.44461302587835,0.5248956680297852,7.940847734493412,1.6902824886770107
MCQA_0065_2,MCQA,"Đoàn cán bộ Việt Nam khi đến thăm một trường tiểu học, họ cảm thấy như thế nào?
A. Bất nhờ thú vị.
B. Hạnh phúc.
C. Buồn bả.
D. Không có cảm xúc.",Bất nhờ thú vị.,"Đoàn cán bộ Việt Nam khi đến thăm một trường tiểu học, họ cảm thấy như thế nào?
A. Bất ngờ thú vị.
B. Hạnh phúc.
C. Buồn bã.
D. Không có cảm xúc.",A,PNB,Daily Conversation,high,7e49e369-5b4e-4441-ba22-55eb0d6e2bdf,1,EXPERT_REVIEW_PASS,rewrite,"Đoàn cán bộ Việt Nam khi đến thăm một trường tiểu học, họ cảm thấy như thế nào?
A. Bất nhờ thú vị.
B. Hạnh phúc.
C. Buồn bả.
D. Không có cảm xúc.","Đoàn cán bộ Việt Nam khi đến thăm một trường tiểu học, họ cảm thấy như thế nào?
A. Bất ngờ thú vị.
B. Hạnh phúc.
C. Buồn bã.
D. Không có cảm xúc.",34,34,1.0,50,2.8740599155426025,17.70876855579011,50,2.591632604598999,13.35155162386201,-0.2824273109436035,-4.357216931928102,0.753951443986575
MCQA_0065_2,MCQA,"Đoàn cán bộ Việt Nam khi đến thăm một trường tiểu học, họ cảm thấy như thế nào?
A. Bất nhờ thú vị.
B. Hạnh phúc.
C. Buồn bả.
D. Không có cảm xúc.",Bất nhờ thú vị.,"Đoàn cán bộ Việt Nam khi tới thăm một trường tiểu học, họ cảm thấy như nào?
A. Bất ngờ thú vị.
B. Hạnh phúc.
C. Buồn bã.
D. Hông có cảm xúc.",A,PNN,Daily Conversation,high,9d0d5c61-1083-4b35-8c02-c2c597f8212f,1,EXPERT_REVIEW_PASS,rewrite,"Đoàn cán bộ Việt Nam khi đến thăm một trường tiểu học, họ cảm thấy như thế nào?
A. Bất nhờ thú vị.
B. Hạnh phúc.
C. Buồn bả.
D. Không có cảm xúc.","Đoàn cán bộ Việt Nam khi tới thăm một trường tiểu học, họ cảm thấy như nào?
A. Bất ngờ thú vị.
B. Hạnh phúc.
C. Buồn bã.
D. Hông có cảm xúc.",34,33,0.9705882352941176,50,2.8740599155426025,17.70876855579011,50,2.835134983062744,17.032699271146065,-0.0389249324798584,-0.676069284644047,0.9618229080969609
MCQA_0065_2,MCQA,"Đoàn cán bộ Việt Nam khi đến thăm một trường tiểu học, họ cảm thấy như thế nào?
A. Bất nhờ thú vị.
B. Hạnh phúc.
C. Buồn bả.
D. Không có cảm xúc.",Bất nhờ thú vị.,"Đoàn cán bộ Việt Nam khi đến thăm một trường tiểu học, họ cảm thấy ra răng?

A. Bất ngờ, thú vị.
B. Hạnh phúc.
C. Buồn bã.
D. Không có cảm xúc chi.",A,PNT1,Daily Conversation,high,a4432712-749b-4d01-8b03-4cb9d0f81348,1,EXPERT_REVIEW_PASS,rewrite,"Đoàn cán bộ Việt Nam khi đến thăm một trường tiểu học, họ cảm thấy như thế nào?
A. Bất nhờ thú vị.
B. Hạnh phúc.
C. Buồn bả.
D. Không có cảm xúc.","Đoàn cán bộ Việt Nam khi đến thăm một trường tiểu học, họ cảm thấy ra răng?

A. Bất ngờ, thú vị.
B. Hạnh phúc.
C. Buồn bã.
D. Không có cảm xúc chi.",34,34,1.0,50,2.8740599155426025,17.70876855579011,51,3.267940044403076,26.257194939203703,0.39388012886047363,8.548426383413592,1.4827228023497192
MCQA_0065_2,MCQA,"Đoàn cán bộ Việt Nam khi đến thăm một trường tiểu học, họ cảm thấy như thế nào?
A. Bất nhờ thú vị.
B. Hạnh phúc.
C. Buồn bả.
D. Không có cảm xúc.",Bất nhờ thú vị.,"Đoàn cán bộ Việt Nam khi đến thăm một trường tiểu học, họ cảm thấy à răng?
A. Bất nhờ thú vị.
B. Hạnh phúc.
C. Buồn bả.
D. Nỏ có cảm xúc.",A,PNT2,Daily Conversation,high,603effb8-c882-4227-b5de-d83ea8816911,1,EXPERT_REVIEW_PASS,rewrite,"Đoàn cán bộ Việt Nam khi đến thăm một trường tiểu học, họ cảm thấy như thế nào?
A. Bất nhờ thú vị.
B. Hạnh phúc.
C. Buồn bả.
D. Không có cảm xúc.","Đoàn cán bộ Việt Nam khi đến thăm một trường tiểu học, họ cảm thấy à răng?
A. Bất nhờ thú vị.
B. Hạnh phúc.
C. Buồn bả.
D. Nỏ có cảm xúc.",34,33,0.9705882352941176,50,2.8740599155426025,17.70876855579011,50,3.6987693309783936,40.397557732679225,0.824709415435791,22.688789176889113,2.281217782332511
MCQA_0065_2,MCQA,"Đoàn cán bộ Việt Nam khi đến thăm một trường tiểu học, họ cảm thấy như thế nào?
A. Bất nhờ thú vị.
B. Hạnh phúc.
C. Buồn bả.
D. Không có cảm xúc.",Bất nhờ thú vị.,"Đoàn cán bộ Việt Nam khi đến thăm một trường tiểu học, họ cảm thấy như răng?
A. Bất ngờ thú vị.
B. Hạnh phúc.
C. Buồn bã.
D. Không có cảm xúc.",A,PNT3,Daily Conversation,high,eb02b7a5-f3df-407d-8da3-21f0b73659ef,0,EXPERT_AUTO_PASS,rewrite,"Đoàn cán bộ Việt Nam khi đến thăm một trường tiểu học, họ cảm thấy như thế nào?
A. Bất nhờ thú vị.
B. Hạnh phúc.
C. Buồn bả.
D. Không có cảm xúc.","Đoàn cán bộ Việt Nam khi đến thăm một trường tiểu học, họ cảm thấy như răng?
A. Bất ngờ thú vị.
B. Hạnh phúc.
C. Buồn bã.
D. Không có cảm xúc.",34,33,0.9705882352941176,50,2.8740599155426025,17.70876855579011,49,3.1992874145507812,24.51505490011901,0.3252274990081787,6.8062863443289,1.384345547398523
MCQA_0065_2,MCQA,"Đoàn cán bộ Việt Nam khi đến thăm một trường tiểu học, họ cảm thấy như thế nào?
A. Bất nhờ thú vị.
B. Hạnh phúc.
C. Buồn bả.
D. Không có cảm xúc.",Bất nhờ thú vị.,"Đoàn cán bộ Việt Nam khi tới thăm một trường tiểu học, họ cảm thấy ra ren?
A. Bất ngờ thú vị.
B. Hạnh phúc.
C. Buồn bả.
D. Không có cảm xúc.",A,PNT4,Daily Conversation,high,5ea76d15-516d-4285-a781-7b1c6a04a627,0,EXPERT_AUTO_PASS,rewrite,"Đoàn cán bộ Việt Nam khi đến thăm một trường tiểu học, họ cảm thấy như thế nào?
A. Bất nhờ thú vị.
B. Hạnh phúc.
C. Buồn bả.
D. Không có cảm xúc.","Đoàn cán bộ Việt Nam khi tới thăm một trường tiểu học, họ cảm thấy ra ren?
A. Bất ngờ thú vị.
B. Hạnh phúc.
C. Buồn bả.
D. Không có cảm xúc.",34,33,0.9705882352941176,50,2.8740599155426025,17.70876855579011,49,3.4144175052642822,30.399236873882504,0.5403575897216797,12.690468318092393,1.7166205983274359
MCQA_0069_5,MCQA,"Anh Đóm lui về nghỉ ngơi khi nào?
A. Khi mặt trăng mọc.
B. Khi bông hoa nở.
C. Khi mặt trời lặn.
D. Khi gà gáy sáng.",Khi gà gáy sáng.,"Anh Đóm quay về nghỉ ngơi khi nào?
A. Khi mặt trăng lên.
B. Khi bông hoa nở.
C. Khi mặt trời lặn.
D. Khi gà gáy sáng.",D,PNB,Daily Conversation,high,7e49e369-5b4e-4441-ba22-55eb0d6e2bdf,1,EXPERT_REVIEW_PASS,rewrite,"Anh Đóm lui về nghỉ ngơi khi nào?
A. Khi mặt trăng mọc.
B. Khi bông hoa nở.
C. Khi mặt trời lặn.
D. Khi gà gáy sáng.","Anh Đóm quay về nghỉ ngơi khi nào?
A. Khi mặt trăng lên.
B. Khi bông hoa nở.
C. Khi mặt trời lặn.
D. Khi gà gáy sáng.",28,28,1.0,53,2.598642110824585,13.4454681778912,53,2.609203815460205,13.588227806929062,0.010561704635620117,0.14275962903786166,1.0106176763165902
MCQA_0069_5,MCQA,"Anh Đóm lui về nghỉ ngơi khi nào?
A. Khi mặt trăng mọc.
B. Khi bông hoa nở.
C. Khi mặt trời lặn.
D. Khi gà gáy sáng.",Khi gà gáy sáng.,"Anh Đóm về nghỉ lúc nào?
A. Lúc mặt trăng mọc.
B. Lúc bông hoa nở.
C. Lúc mặt trời lặn.
D. Lúc gà gáy sáng.",D,PNN,Daily Conversation,high,88759523-55db-4c51-872d-a8b43438fa82,1,EXPERT_REVIEW_PASS,rewrite,"Anh Đóm lui về nghỉ ngơi khi nào?
A. Khi mặt trăng mọc.
B. Khi bông hoa nở.
C. Khi mặt trời lặn.
D. Khi gà gáy sáng.","Anh Đóm về nghỉ lúc nào?
A. Lúc mặt trăng mọc.
B. Lúc bông hoa nở.
C. Lúc mặt trời lặn.
D. Lúc gà gáy sáng.",28,26,0.9285714285714286,53,2.598642110824585,13.4454681778912,46,3.041613817214966,20.939007714029245,0.44297170639038086,7.493539536138044,1.5573282712802745
MCQA_0069_5,MCQA,"Anh Đóm lui về nghỉ ngơi khi nào?
A. Khi mặt trăng mọc.
B. Khi bông hoa nở.
C. Khi mặt trời lặn.
D. Khi gà gáy sáng.",Khi gà gáy sáng.,"Anh Đóm lui về nghỉ ngơi khi mô?

A. Khi mặt trăng mọc.
B. Khi bông hoa nở.
C. Khi mặt trời lặn.
D. Khi gà gáy sáng.",D,PNT1,Daily Conversation,high,a4432712-749b-4d01-8b03-4cb9d0f81348,1,EXPERT_REVIEW_PASS,rewrite,"Anh Đóm lui về nghỉ ngơi khi nào?
A. Khi mặt trăng mọc.
B. Khi bông hoa nở.
C. Khi mặt trời lặn.
D. Khi gà gáy sáng.","Anh Đóm lui về nghỉ ngơi khi mô?

A. Khi mặt trăng mọc.
B. Khi bông hoa nở.
C. Khi mặt trời lặn.
D. Khi gà gáy sáng.",28,28,1.0,53,2.598642110824585,13.4454681778912,53,2.8842432498931885,17.89002419396147,0.2856011390686035,4.444556016070269,1.3305616403435165
MCQA_0069_5,MCQA,"Anh Đóm lui về nghỉ ngơi khi nào?
A. Khi mặt trăng mọc.
B. Khi bông hoa nở.
C. Khi mặt trời lặn.
D. Khi gà gáy sáng.",Khi gà gáy sáng.,"Anh Đóm lui về nghỉ ngơi khi mô?
A. Khi mặt trăng mọc.
B. Khi bông hoa nở.
C. Khi mặt trời lặn.
D. Khi gà gáy sáng.",D,PNT2,Daily Conversation,high,9bd8c7fb-25fa-4b2d-9c1d-ab9f97e7731e,0,EXPERT_AUTO_PASS,rewrite,"Anh Đóm lui về nghỉ ngơi khi nào?
A. Khi mặt trăng mọc.
B. Khi bông hoa nở.
C. Khi mặt trời lặn.
D. Khi gà gáy sáng.","Anh Đóm lui về nghỉ ngơi khi mô?
A. Khi mặt trăng mọc.
B. Khi bông hoa nở.
C. Khi mặt trời lặn.
D. Khi gà gáy sáng.",28,28,1.0,53,2.598642110824585,13.4454681778912,53,2.849294900894165,17.275596537477984,0.2506527900695801,3.8301283595867837,1.2848638893723896
MCQA_0069_5,MCQA,"Anh Đóm lui về nghỉ ngơi khi nào?
A. Khi mặt trăng mọc.
B. Khi bông hoa nở.
C. Khi mặt trời lặn.
D. Khi gà gáy sáng.",Khi gà gáy sáng.,"Anh Đóm lui về nghỉ ngơi khi mô?
A. Khi mặt trăng mọc.
B. Khi bông hoa nở.
C. Khi mặt trời lặn.
D. Khi gà gáy sáng.",D,PNT3,Daily Conversation,high,a535cb14-6f28-47fa-8989-505a99f839db,2,REVIEW_PASS,rewrite,"Anh Đóm lui về nghỉ ngơi khi nào?
A. Khi mặt trăng mọc.
B. Khi bông hoa nở.
C. Khi mặt trời lặn.
D. Khi gà gáy sáng.","Anh Đóm lui về nghỉ ngơi khi mô?
A. Khi mặt trăng mọc.
B. Khi bông hoa nở.
C. Khi mặt trời lặn.
D. Khi gà gáy sáng.",28,28,1.0,53,2.598642110824585,13.4454681778912,53,2.849294900894165,17.275596537477984,0.2506527900695801,3.8301283595867837,1.2848638893723896
MCQA_0069_5,MCQA,"Anh Đóm lui về nghỉ ngơi khi nào?
A. Khi mặt trăng mọc.
B. Khi bông hoa nở.
C. Khi mặt trời lặn.
D. Khi gà gáy sáng.",Khi gà gáy sáng.,"Anh Đóm lui về nghỉ ngơi lúc mô?
A. Khi mặt trăng mọc.
B. Khi bông hoa nở.
C. Khi mặt trời lặn.
D. Khi gà gáy sáng.",D,PNT4,Daily Conversation,high,caa27aaf-592f-49ce-b541-02f33da2b90f,0,EXPERT_AUTO_PASS,rewrite,"Anh Đóm lui về nghỉ ngơi khi nào?
A. Khi mặt trăng mọc.
B. Khi bông hoa nở.
C. Khi mặt trời lặn.
D. Khi gà gáy sáng.","Anh Đóm lui về nghỉ ngơi lúc mô?
A. Khi mặt trăng mọc.
B. Khi bông hoa nở.
C. Khi mặt trời lặn.
D. Khi gà gáy sáng.",28,28,1.0,53,2.598642110824585,13.4454681778912,53,2.893202543258667,18.051026324737332,0.29456043243408203,4.605558146846132,1.3425360936422575
MCQA_0072_2,MCQA,"Việc lặp đi lặp lại nhiều lần những cụm từ ""Ai trồng cây"", ""Người đó có"", ""Em trồng cây"" có tác dụng gì?
A. Tạo nên thông điệp nhắc nhở mọi người có ý thức trồng cây xanh.
B. Tạo thành điệp khúc khiến bài thơ có vẫn điệu, dễ nhớ, dễ thuộc.
C. Tạo điệp khúc khiến bài thơ có nhịp điệu và gửi gắm thông điệp: mọi người hãy có ý thức trồng cây xanh để bảo vệ môi trường sống.
D. Tất cả các ý trên.",Tạo điệp khúc khiến bài thơ có nhịp điệu và gửi gắm thông điệp: mọi người hãy có ý thức trồng cây xanh để bảo vệ môi trường sống.,"Việc lặp đi lặp lại nhiều lần những cụm từ ""Ai trồng cây"", ""Người đó có"", ""Em trồng cây"" có tác dụng gì?
A. Tạo nên thông điệp nhắc nhở mọi người có ý thức trồng cây xanh.
B. Tạo thành điệp khúc khiến bài thơ có vần điệu, dễ nhớ, dễ thuộc.
C. Tạo điệp khúc khiến bài thơ có nhịp điệu và gửi gắm thông điệp: mọi người hãy có ý thức trồng cây xanh để bảo vệ môi trường sống.
D. Tất cả các ý trên.",C,PNB,Daily Conversation,high,7e49e369-5b4e-4441-ba22-55eb0d6e2bdf,1,EXPERT_REVIEW_PASS,rewrite,"Việc lặp đi lặp lại nhiều lần những cụm từ ""Ai trồng cây"", ""Người đó có"", ""Em trồng cây"" có tác dụng gì?
A. Tạo nên thông điệp nhắc nhở mọi người có ý thức trồng cây xanh.
B. Tạo thành điệp khúc khiến bài thơ có vẫn điệu, dễ nhớ, dễ thuộc.
C. Tạo điệp khúc khiến bài thơ có nhịp điệu và gửi gắm thông điệp: mọi người hãy có ý thức trồng cây xanh để bảo vệ môi trường sống.
D. Tất cả các ý trên.","Việc lặp đi lặp lại nhiều lần những cụm từ ""Ai trồng cây"", ""Người đó có"", ""Em trồng cây"" có tác dụng gì?
A. Tạo nên thông điệp nhắc nhở mọi người có ý thức trồng cây xanh.
B. Tạo thành điệp khúc khiến bài thơ có vần điệu, dễ nhớ, dễ thuộc.
C. Tạo điệp khúc khiến bài thơ có nhịp điệu và gửi gắm thông điệp: mọi người hãy có ý thức trồng cây xanh để bảo vệ môi trường sống.
D. Tất cả các ý trên.",89,89,1.0,126,2.4474406242370605,11.558725707316775,127,2.359433650970459,10.584954975566488,-0.08800697326660156,-0.973770731750287,0.9157544909008541
MCQA_0072_2,MCQA,"Việc lặp đi lặp lại nhiều lần những cụm từ ""Ai trồng cây"", ""Người đó có"", ""Em trồng cây"" có tác dụng gì?
A. Tạo nên thông điệp nhắc nhở mọi người có ý thức trồng cây xanh.
B. Tạo thành điệp khúc khiến bài thơ có vẫn điệu, dễ nhớ, dễ thuộc.
C. Tạo điệp khúc khiến bài thơ có nhịp điệu và gửi gắm thông điệp: mọi người hãy có ý thức trồng cây xanh để bảo vệ môi trường sống.
D. Tất cả các ý trên.",Tạo điệp khúc khiến bài thơ có nhịp điệu và gửi gắm thông điệp: mọi người hãy có ý thức trồng cây xanh để bảo vệ môi trường sống.,"Việc lặp đi lặp lại nhiều lần mấy cụm từ ""Ai trồng cây"", ""Người đó có"", ""Em trồng cây"" có tác dụng như nào?
A. Tạo nên thông điệp nhắc nhở mọi người có ý thức trồng cây xanh.
B. Tạo thành điệp khúc khiến bài thơ có vần điệu, dễ nhớ, dễ thuộc.
C. Tạo điệp khúc khiến bài thơ có nhịp điệu và gửi gắm thông điệp: mọi người hãy có ý thức trồng cây xanh để bảo vệ môi trường sống.
D. Tất cả các ý trên.",C,PNN,Daily Conversation,high,9d0d5c61-1083-4b35-8c02-c2c597f8212f,1,EXPERT_REVIEW_PASS,rewrite,"Việc lặp đi lặp lại nhiều lần những cụm từ ""Ai trồng cây"", ""Người đó có"", ""Em trồng cây"" có tác dụng gì?
A. Tạo nên thông điệp nhắc nhở mọi người có ý thức trồng cây xanh.
B. Tạo thành điệp khúc khiến bài thơ có vẫn điệu, dễ nhớ, dễ thuộc.
C. Tạo điệp khúc khiến bài thơ có nhịp điệu và gửi gắm thông điệp: mọi người hãy có ý thức trồng cây xanh để bảo vệ môi trường sống.
D. Tất cả các ý trên.","Việc lặp đi lặp lại nhiều lần mấy cụm từ ""Ai trồng cây"", ""Người đó có"", ""Em trồng cây"" có tác dụng như nào?
A. Tạo nên thông điệp nhắc nhở mọi người có ý thức trồng cây xanh.
B. Tạo thành điệp khúc khiến bài thơ có vần điệu, dễ nhớ, dễ thuộc.
C. Tạo điệp khúc khiến bài thơ có nhịp điệu và gửi gắm thông điệp: mọi người hãy có ý thức trồng cây xanh để bảo vệ môi trường sống.
D. Tất cả các ý trên.",89,90,1.0112359550561798,126,2.4474406242370605,11.558725707316775,128,2.4320945739746094,11.382699033264556,-0.015346050262451172,-0.17602667405221872,0.9847711003349796
MCQA_0072_2,MCQA,"Việc lặp đi lặp lại nhiều lần những cụm từ ""Ai trồng cây"", ""Người đó có"", ""Em trồng cây"" có tác dụng gì?
A. Tạo nên thông điệp nhắc nhở mọi người có ý thức trồng cây xanh.
B. Tạo thành điệp khúc khiến bài thơ có vẫn điệu, dễ nhớ, dễ thuộc.
C. Tạo điệp khúc khiến bài thơ có nhịp điệu và gửi gắm thông điệp: mọi người hãy có ý thức trồng cây xanh để bảo vệ môi trường sống.
D. Tất cả các ý trên.",Tạo điệp khúc khiến bài thơ có nhịp điệu và gửi gắm thông điệp: mọi người hãy có ý thức trồng cây xanh để bảo vệ môi trường sống.,"Việc lặp đi lặp lại nhiều lần mấy cụm từ “Ai trồng cây”, “Người đó có”, “Em trồng cây” có tác dụng chi?

A. Tạo nên thông điệp nhắc nhở mọi người có ý thức trồng cây xanh.
B. Tạo thành điệp khúc khiến bài thơ có vần điệu, dễ nhớ, dễ thuộc.
C. Tạo điệp khúc khiến bài thơ có nhịp điệu và gửi gắm thông điệp: mọi người hãy có ý thức trồng cây xanh để bảo vệ môi trường sống.
D. Tất cả các ý trên.",C,PNT1,Daily Conversation,high,a4432712-749b-4d01-8b03-4cb9d0f81348,0,EXPERT_AUTO_PASS,rewrite,"Việc lặp đi lặp lại nhiều lần những cụm từ ""Ai trồng cây"", ""Người đó có"", ""Em trồng cây"" có tác dụng gì?
A. Tạo nên thông điệp nhắc nhở mọi người có ý thức trồng cây xanh.
B. Tạo thành điệp khúc khiến bài thơ có vẫn điệu, dễ nhớ, dễ thuộc.
C. Tạo điệp khúc khiến bài thơ có nhịp điệu và gửi gắm thông điệp: mọi người hãy có ý thức trồng cây xanh để bảo vệ môi trường sống.
D. Tất cả các ý trên.","Việc lặp đi lặp lại nhiều lần mấy cụm từ “Ai trồng cây”, “Người đó có”, “Em trồng cây” có tác dụng chi?

A. Tạo nên thông điệp nhắc nhở mọi người có ý thức trồng cây xanh.
B. Tạo thành điệp khúc khiến bài thơ có vần điệu, dễ nhớ, dễ thuộc.
C. Tạo điệp khúc khiến bài thơ có nhịp điệu và gửi gắm thông điệp: mọi người hãy có ý thức trồng cây xanh để bảo vệ môi trường sống.
D. Tất cả các ý trên.",89,89,1.0,126,2.4474406242370605,11.558725707316775,127,2.6366820335388184,13.966785317898397,0.1892414093017578,2.4080596105816223,1.2083326200099462
MCQA_0072_2,MCQA,"Việc lặp đi lặp lại nhiều lần những cụm từ ""Ai trồng cây"", ""Người đó có"", ""Em trồng cây"" có tác dụng gì?
A. Tạo nên thông điệp nhắc nhở mọi người có ý thức trồng cây xanh.
B. Tạo thành điệp khúc khiến bài thơ có vẫn điệu, dễ nhớ, dễ thuộc.
C. Tạo điệp khúc khiến bài thơ có nhịp điệu và gửi gắm thông điệp: mọi người hãy có ý thức trồng cây xanh để bảo vệ môi trường sống.
D. Tất cả các ý trên.",Tạo điệp khúc khiến bài thơ có nhịp điệu và gửi gắm thông điệp: mọi người hãy có ý thức trồng cây xanh để bảo vệ môi trường sống.,"Việc lặp đi lặp lại nhiều lần những cụm từ ""Ai trồng cây"", ""Người đó có"", ""Em trồng cây"" có tác dụng chi?
A. Tạo nên thông điệp nhắc nhở mọi người có ý thức trồng cây xanh.
B. Tạo thành điệp khúc khiến bài thơ có vẫn điệu, dễ nhớ, dễ thuộc.
C. Tạo điệp khúc khiến bài thơ có nhịp điệu và gửi gắm thông điệp: mọi người hãy có ý thức trồng cây xanh để bảo vệ môi trường sống.
D. Tất cả các ý trên.",C,PNT2,Daily Conversation,high,e686d659-713a-4b20-a76a-7bb2177c8cfb,0,EXPERT_AUTO_PASS,rewrite,"Việc lặp đi lặp lại nhiều lần những cụm từ ""Ai trồng cây"", ""Người đó có"", ""Em trồng cây"" có tác dụng gì?
A. Tạo nên thông điệp nhắc nhở mọi người có ý thức trồng cây xanh.
B. Tạo thành điệp khúc khiến bài thơ có vẫn điệu, dễ nhớ, dễ thuộc.
C. Tạo điệp khúc khiến bài thơ có nhịp điệu và gửi gắm thông điệp: mọi người hãy có ý thức trồng cây xanh để bảo vệ môi trường sống.
D. Tất cả các ý trên.","Việc lặp đi lặp lại nhiều lần những cụm từ ""Ai trồng cây"", ""Người đó có"", ""Em trồng cây"" có tác dụng chi?
A. Tạo nên thông điệp nhắc nhở mọi người có ý thức trồng cây xanh.
B. Tạo thành điệp khúc khiến bài thơ có vẫn điệu, dễ nhớ, dễ thuộc.
C. Tạo điệp khúc khiến bài thơ có nhịp điệu và gửi gắm thông điệp: mọi người hãy có ý thức trồng cây xanh để bảo vệ môi trường sống.
D. Tất cả các ý trên.",89,89,1.0,126,2.4474406242370605,11.558725707316775,126,2.6078715324401855,13.57013649579902,0.160430908203125,2.0114107884822445,1.1740166554180798
MCQA_0072_2,MCQA,"Việc lặp đi lặp lại nhiều lần những cụm từ ""Ai trồng cây"", ""Người đó có"", ""Em trồng cây"" có tác dụng gì?
A. Tạo nên thông điệp nhắc nhở mọi người có ý thức trồng cây xanh.
B. Tạo thành điệp khúc khiến bài thơ có vẫn điệu, dễ nhớ, dễ thuộc.
C. Tạo điệp khúc khiến bài thơ có nhịp điệu và gửi gắm thông điệp: mọi người hãy có ý thức trồng cây xanh để bảo vệ môi trường sống.
D. Tất cả các ý trên.",Tạo điệp khúc khiến bài thơ có nhịp điệu và gửi gắm thông điệp: mọi người hãy có ý thức trồng cây xanh để bảo vệ môi trường sống.,"Việc lặp đi lặp lại nhiều lần mấy cụm từ ""Ai trồng cơn"", ""Người nớ có"", ""Em trồng cơn"" có tác dụng chi?
A. Mần nên thông điệp nhắc nhở mọi người có ý thức trồng cơn xanh.
B. Mần thành điệp khúc mần bài thơ có vẫn điệu, dễ nhớ, dễ thuộc.
C. Mần điệp khúc mần bài thơ có nhịp điệu với gửi gắm thông điệp: mọi người hãy có ý thức trồng cơn xanh để bảo vệ môi trường sống.
D. Tất cả các ý trên.",C,PNT3,Daily Conversation,high,88346002-a7b4-4be1-aec6-e1e3625416ee,1,EXPERT_REVIEW_PASS,rewrite,"Việc lặp đi lặp lại nhiều lần những cụm từ ""Ai trồng cây"", ""Người đó có"", ""Em trồng cây"" có tác dụng gì?
A. Tạo nên thông điệp nhắc nhở mọi người có ý thức trồng cây xanh.
B. Tạo thành điệp khúc khiến bài thơ có vẫn điệu, dễ nhớ, dễ thuộc.
C. Tạo điệp khúc khiến bài thơ có nhịp điệu và gửi gắm thông điệp: mọi người hãy có ý thức trồng cây xanh để bảo vệ môi trường sống.
D. Tất cả các ý trên.","Việc lặp đi lặp lại nhiều lần mấy cụm từ ""Ai trồng cơn"", ""Người nớ có"", ""Em trồng cơn"" có tác dụng chi?
A. Mần nên thông điệp nhắc nhở mọi người có ý thức trồng cơn xanh.
B. Mần thành điệp khúc mần bài thơ có vẫn điệu, dễ nhớ, dễ thuộc.
C. Mần điệp khúc mần bài thơ có nhịp điệu với gửi gắm thông điệp: mọi người hãy có ý thức trồng cơn xanh để bảo vệ môi trường sống.
D. Tất cả các ý trên.",89,89,1.0,126,2.4474406242370605,11.558725707316775,133,2.9898245334625244,19.882193525819915,0.5423839092254639,8.32346781850314,1.7201025467049809
MCQA_0072_2,MCQA,"Việc lặp đi lặp lại nhiều lần những cụm từ ""Ai trồng cây"", ""Người đó có"", ""Em trồng cây"" có tác dụng gì?
A. Tạo nên thông điệp nhắc nhở mọi người có ý thức trồng cây xanh.
B. Tạo thành điệp khúc khiến bài thơ có vẫn điệu, dễ nhớ, dễ thuộc.
C. Tạo điệp khúc khiến bài thơ có nhịp điệu và gửi gắm thông điệp: mọi người hãy có ý thức trồng cây xanh để bảo vệ môi trường sống.
D. Tất cả các ý trên.",Tạo điệp khúc khiến bài thơ có nhịp điệu và gửi gắm thông điệp: mọi người hãy có ý thức trồng cây xanh để bảo vệ môi trường sống.,"Việc lặp đi lặp lại nhiều lần những cụm từ ""Ai trồng cây"", ""Người đó có"", ""Em trồng cây"" có tác dụng chi?
A. Tạo nên thông điệp nhắc nhở mọi người có ý thức trồng cây xanh.
B. Tạo thành điệp khúc khiến bài thơ có vẫn điệu, dễ nhớ, dễ thuộc.
C. Tạo điệp khúc khiến bài thơ có nhịp điệu và gửi gắm thông điệp: mọi người hãy có ý thức trồng cây xanh để bảo vệ môi trường sống.
D. Tất cả các ý trên.",C,PNT4,Daily Conversation,high,eb3805e3-c095-4a6c-8697-9f6079168a64,1,EXPERT_REVIEW_PASS,rewrite,"Việc lặp đi lặp lại nhiều lần những cụm từ ""Ai trồng cây"", ""Người đó có"", ""Em trồng cây"" có tác dụng gì?
A. Tạo nên thông điệp nhắc nhở mọi người có ý thức trồng cây xanh.
B. Tạo thành điệp khúc khiến bài thơ có vẫn điệu, dễ nhớ, dễ thuộc.
C. Tạo điệp khúc khiến bài thơ có nhịp điệu và gửi gắm thông điệp: mọi người hãy có ý thức trồng cây xanh để bảo vệ môi trường sống.
D. Tất cả các ý trên.","Việc lặp đi lặp lại nhiều lần những cụm từ ""Ai trồng cây"", ""Người đó có"", ""Em trồng cây"" có tác dụng chi?
A. Tạo nên thông điệp nhắc nhở mọi người có ý thức trồng cây xanh.
B. Tạo thành điệp khúc khiến bài thơ có vẫn điệu, dễ nhớ, dễ thuộc.
C. Tạo điệp khúc khiến bài thơ có nhịp điệu và gửi gắm thông điệp: mọi người hãy có ý thức trồng cây xanh để bảo vệ môi trường sống.
D. Tất cả các ý trên.",89,89,1.0,126,2.4474406242370605,11.558725707316775,126,2.6078715324401855,13.57013649579902,0.160430908203125,2.0114107884822445,1.1740166554180798
MCQA_0074_6,MCQA,"Tại sao sau đó, Cô-li-a vui vẻ làm theo lời mẹ?
A. Vì đó cũng là điều mà Cô-li-a đã viết trong bài tập làm văn.
B. Vì đó là điều mà Cô-li-a từng muốn làm.
C. Vì đó là điều mà Cô-li-a đã kể cho các bạn nghe ở trên lớp.
D. Vì đó là điều mà mẹ của Cô-li-a muốn bạn ấy làm.",Vì đó cũng là điều mà Cô-li-a đã viết trong bài tập làm văn.,"Tại sao sau đó, Cô-li-a vui vẻ làm theo lời mẹ?
A. Vì đó cũng là điều mà Cô-li-a đã viết trong bài tập làm văn.
B. Vì đó là điều mà Cô-li-a từng muốn làm.
C. Vì đó là điều mà Cô-li-a đã kể cho các bạn nghe ở trên lớp.
D. Vì đó là điều mà mẹ của Cô-li-a muốn bạn ấy làm.",A,PNB,Daily Conversation,high,7e49e369-5b4e-4441-ba22-55eb0d6e2bdf,1,EXPERT_REVIEW_PASS,rewrite,"Tại sao sau đó, Cô-li-a vui vẻ làm theo lời mẹ?
A. Vì đó cũng là điều mà Cô-li-a đã viết trong bài tập làm văn.
B. Vì đó là điều mà Cô-li-a từng muốn làm.
C. Vì đó là điều mà Cô-li-a đã kể cho các bạn nghe ở trên lớp.
D. Vì đó là điều mà mẹ của Cô-li-a muốn bạn ấy làm.","Tại sao sau đó, Cô-li-a vui vẻ làm theo lời mẹ?
A. Vì đó cũng là điều mà Cô-li-a đã viết trong bài tập làm văn.
B. Vì đó là điều mà Cô-li-a từng muốn làm.
C. Vì đó là điều mà Cô-li-a đã kể cho các bạn nghe ở trên lớp.
D. Vì đó là điều mà mẹ của Cô-li-a muốn bạn ấy làm.",65,65,1.0,90,2.4402616024017334,11.476042510426025,90,2.4402616024017334,11.476042510426025,0.0,0.0,1.0
MCQA_0074_6,MCQA,"Tại sao sau đó, Cô-li-a vui vẻ làm theo lời mẹ?
A. Vì đó cũng là điều mà Cô-li-a đã viết trong bài tập làm văn.
B. Vì đó là điều mà Cô-li-a từng muốn làm.
C. Vì đó là điều mà Cô-li-a đã kể cho các bạn nghe ở trên lớp.
D. Vì đó là điều mà mẹ của Cô-li-a muốn bạn ấy làm.",Vì đó cũng là điều mà Cô-li-a đã viết trong bài tập làm văn.,"Tại sao sau đó, Cô-li-a vui vẻ làm theo lời má?
A. Tại đó cũng là chuyện mà Cô-li-a đã viết trong bài viết văn.
B. Tại đó là chuyện mà Cô-li-a từng muốn làm.
C. Tại đó là chuyện mà Cô-li-a đã kể cho mấy bạn nghe ở trên lớp.
D. Tại đó là chuyện mà má của Cô-li-a muốn bạn ấy làm.",A,PNN,Daily Conversation,high,e04e5ca5-c8e8-4484-a0aa-f9dc978b200c,1,EXPERT_REVIEW_PASS,rewrite,"Tại sao sau đó, Cô-li-a vui vẻ làm theo lời mẹ?
A. Vì đó cũng là điều mà Cô-li-a đã viết trong bài tập làm văn.
B. Vì đó là điều mà Cô-li-a từng muốn làm.
C. Vì đó là điều mà Cô-li-a đã kể cho các bạn nghe ở trên lớp.
D. Vì đó là điều mà mẹ của Cô-li-a muốn bạn ấy làm.","Tại sao sau đó, Cô-li-a vui vẻ làm theo lời má?
A. Tại đó cũng là chuyện mà Cô-li-a đã viết trong bài viết văn.
B. Tại đó là chuyện mà Cô-li-a từng muốn làm.
C. Tại đó là chuyện mà Cô-li-a đã kể cho mấy bạn nghe ở trên lớp.
D. Tại đó là chuyện mà má của Cô-li-a muốn bạn ấy làm.",65,64,0.9846153846153847,90,2.4402616024017334,11.476042510426025,89,2.8891749382019043,17.978470131758385,0.4489133358001709,6.502427621332361,1.5666088824108906
MCQA_0074_6,MCQA,"Tại sao sau đó, Cô-li-a vui vẻ làm theo lời mẹ?
A. Vì đó cũng là điều mà Cô-li-a đã viết trong bài tập làm văn.
B. Vì đó là điều mà Cô-li-a từng muốn làm.
C. Vì đó là điều mà Cô-li-a đã kể cho các bạn nghe ở trên lớp.
D. Vì đó là điều mà mẹ của Cô-li-a muốn bạn ấy làm.",Vì đó cũng là điều mà Cô-li-a đã viết trong bài tập làm văn.,"Tại răng sau nớ, Cô-li-a lại vui vẻ mằn theo lời mẹ?

A. Vì đó cũng là điều mà Cô-li-a đã viết trong bài tập làm văn.
B. Vì đó là điều mà Cô-li-a từng muốn mằn.
C. Vì đó là điều mà Cô-li-a đã kể cho các bạn nghe ở trên lớp.
D. Vì đó là điều mà mẹ của Cô-li-a muốn bạn ấy mằn.",A,PNT1,Daily Conversation,high,a4432712-749b-4d01-8b03-4cb9d0f81348,0,EXPERT_AUTO_PASS,rewrite,"Tại sao sau đó, Cô-li-a vui vẻ làm theo lời mẹ?
A. Vì đó cũng là điều mà Cô-li-a đã viết trong bài tập làm văn.
B. Vì đó là điều mà Cô-li-a từng muốn làm.
C. Vì đó là điều mà Cô-li-a đã kể cho các bạn nghe ở trên lớp.
D. Vì đó là điều mà mẹ của Cô-li-a muốn bạn ấy làm.","Tại răng sau nớ, Cô-li-a lại vui vẻ mằn theo lời mẹ?

A. Vì đó cũng là điều mà Cô-li-a đã viết trong bài tập làm văn.
B. Vì đó là điều mà Cô-li-a từng muốn mằn.
C. Vì đó là điều mà Cô-li-a đã kể cho các bạn nghe ở trên lớp.
D. Vì đó là điều mà mẹ của Cô-li-a muốn bạn ấy mằn.",65,66,1.0153846153846153,90,2.4402616024017334,11.476042510426025,97,3.0705745220184326,21.554282528316772,0.6303129196166992,10.078240017890748,1.8781982123832872
MCQA_0074_6,MCQA,"Tại sao sau đó, Cô-li-a vui vẻ làm theo lời mẹ?
A. Vì đó cũng là điều mà Cô-li-a đã viết trong bài tập làm văn.
B. Vì đó là điều mà Cô-li-a từng muốn làm.
C. Vì đó là điều mà Cô-li-a đã kể cho các bạn nghe ở trên lớp.
D. Vì đó là điều mà mẹ của Cô-li-a muốn bạn ấy làm.",Vì đó cũng là điều mà Cô-li-a đã viết trong bài tập làm văn.,"Tại răng sau đó, Cô-li-a vui vẻ làm theo lời mệ?
A. Vì đó cũng là điều mà Cô-li-a đã viết trong bài tập làm văn.
B. Vì đó là điều mà Cô-li-a từng muốn mần.
C. Vì đó là điều mà Cô-li-a đã kể cho các bạn nghe ở trên lớp.
D. Vì đó là điều mà mệ của Cô-li-a muốn bạn ấy mần.",A,PNT2,Daily Conversation,high,e686d659-713a-4b20-a76a-7bb2177c8cfb,0,EXPERT_AUTO_PASS,rewrite,"Tại sao sau đó, Cô-li-a vui vẻ làm theo lời mẹ?
A. Vì đó cũng là điều mà Cô-li-a đã viết trong bài tập làm văn.
B. Vì đó là điều mà Cô-li-a từng muốn làm.
C. Vì đó là điều mà Cô-li-a đã kể cho các bạn nghe ở trên lớp.
D. Vì đó là điều mà mẹ của Cô-li-a muốn bạn ấy làm.","Tại răng sau đó, Cô-li-a vui vẻ làm theo lời mệ?
A. Vì đó cũng là điều mà Cô-li-a đã viết trong bài tập làm văn.
B. Vì đó là điều mà Cô-li-a từng muốn mần.
C. Vì đó là điều mà Cô-li-a đã kể cho các bạn nghe ở trên lớp.
D. Vì đó là điều mà mệ của Cô-li-a muốn bạn ấy mần.",65,65,1.0,90,2.4402616024017334,11.476042510426025,93,2.9744083881378174,19.578037223658963,0.534146785736084,8.101994713232939,1.705992044371764
MCQA_0074_6,MCQA,"Tại sao sau đó, Cô-li-a vui vẻ làm theo lời mẹ?
A. Vì đó cũng là điều mà Cô-li-a đã viết trong bài tập làm văn.
B. Vì đó là điều mà Cô-li-a từng muốn làm.
C. Vì đó là điều mà Cô-li-a đã kể cho các bạn nghe ở trên lớp.
D. Vì đó là điều mà mẹ của Cô-li-a muốn bạn ấy làm.",Vì đó cũng là điều mà Cô-li-a đã viết trong bài tập làm văn.,"Tại răng sau đó, Cô-li-a vui vẻ mần theo lời mẹ?
A. Vì đó cũng là điều mà Cô-li-a đã viết trong bài tập làm văn.
B. Vì đó là điều mà Cô-li-a từng ưng mần.
C. Vì đó là điều mà Cô-li-a đã kể cho các bạn nghe ở trên lớp.
D. Vì đó là điều mà mẹ của Cô-li-a ưng hắn làm.",A,PNT3,Daily Conversation,high,01adb600-62e7-44f1-a9fa-3ddb99e09863,1,EXPERT_REVIEW_PASS,rewrite,"Tại sao sau đó, Cô-li-a vui vẻ làm theo lời mẹ?
A. Vì đó cũng là điều mà Cô-li-a đã viết trong bài tập làm văn.
B. Vì đó là điều mà Cô-li-a từng muốn làm.
C. Vì đó là điều mà Cô-li-a đã kể cho các bạn nghe ở trên lớp.
D. Vì đó là điều mà mẹ của Cô-li-a muốn bạn ấy làm.","Tại răng sau đó, Cô-li-a vui vẻ mần theo lời mẹ?
A. Vì đó cũng là điều mà Cô-li-a đã viết trong bài tập làm văn.
B. Vì đó là điều mà Cô-li-a từng ưng mần.
C. Vì đó là điều mà Cô-li-a đã kể cho các bạn nghe ở trên lớp.
D. Vì đó là điều mà mẹ của Cô-li-a ưng hắn làm.",65,64,0.9846153846153847,90,2.4402616024017334,11.476042510426025,92,2.972465991973877,19.540045828373298,0.5322043895721436,8.064003317947273,1.7026815481574853
MCQA_0074_6,MCQA,"Tại sao sau đó, Cô-li-a vui vẻ làm theo lời mẹ?
A. Vì đó cũng là điều mà Cô-li-a đã viết trong bài tập làm văn.
B. Vì đó là điều mà Cô-li-a từng muốn làm.
C. Vì đó là điều mà Cô-li-a đã kể cho các bạn nghe ở trên lớp.
D. Vì đó là điều mà mẹ của Cô-li-a muốn bạn ấy làm.",Vì đó cũng là điều mà Cô-li-a đã viết trong bài tập làm văn.,"Tại ren sau đó, Cô-li-a vui vẻ làm theo lời mẹ?
A. Vì đó cũng là điều mà Cô-li-a đã viết trong bài tập làm văn.
B. Vì đó là điều mà Cô-li-a từng muốn làm.
C. Vì đó là điều mà Cô-li-a đã kể cho các bạn nghe ở trên lớp.
D. Vì đó là điều mà mẹ của Cô-li-a muốn bạn nớ làm.",A,PNT4,Daily Conversation,high,5ea76d15-516d-4285-a781-7b1c6a04a627,0,EXPERT_AUTO_PASS,rewrite,"Tại sao sau đó, Cô-li-a vui vẻ làm theo lời mẹ?
A. Vì đó cũng là điều mà Cô-li-a đã viết trong bài tập làm văn.
B. Vì đó là điều mà Cô-li-a từng muốn làm.
C. Vì đó là điều mà Cô-li-a đã kể cho các bạn nghe ở trên lớp.
D. Vì đó là điều mà mẹ của Cô-li-a muốn bạn ấy làm.","Tại ren sau đó, Cô-li-a vui vẻ làm theo lời mẹ?
A. Vì đó cũng là điều mà Cô-li-a đã viết trong bài tập làm văn.
B. Vì đó là điều mà Cô-li-a từng muốn làm.
C. Vì đó là điều mà Cô-li-a đã kể cho các bạn nghe ở trên lớp.
D. Vì đó là điều mà mẹ của Cô-li-a muốn bạn nớ làm.",65,65,1.0,90,2.4402616024017334,11.476042510426025,90,2.916426658630371,18.47515134405294,0.4761650562286377,6.999108833626915,1.6098887161901152
MCQA_0077_0,MCQA,"Vì sao Bình bị cả lớp gọi là “mọt sách”?
A. Vì cậu suốt ngày đi chơi, không chịu học hành.
B. Vì cậu suốt ngày ngồi một mình trong lớp, không nói chuyện với ai.
C. Vì cậu không thích tham gia trò chơi kéo co cùng cả lớp.
D. Vì cậu suốt ngày đọc sách, không chơi với các bạn trong lớp.","Vì cậu suốt ngày đọc sách, không chơi với các bạn trong lớp.","Vì sao Bình bị cả lớp gọi là “mọt sách”?
A. Vì cậu suốt ngày đi chơi, không chịu học hành.
B. Vì cậu suốt ngày ngồi một mình trong lớp, không nói chuyện với ai.
C. Vì cậu không thích tham gia trò chơi kéo co cùng cả lớp.
D. Vì cậu suốt ngày đọc sách, không chơi với các bạn trong lớp.",D,PNB,Daily Conversation,high,7e49e369-5b4e-4441-ba22-55eb0d6e2bdf,1,EXPERT_REVIEW_PASS,rewrite,"Vì sao Bình bị cả lớp gọi là “mọt sách”?
A. Vì cậu suốt ngày đi chơi, không chịu học hành.
B. Vì cậu suốt ngày ngồi một mình trong lớp, không nói chuyện với ai.
C. Vì cậu không thích tham gia trò chơi kéo co cùng cả lớp.
D. Vì cậu suốt ngày đọc sách, không chơi với các bạn trong lớp.","Vì sao Bình bị cả lớp gọi là “mọt sách”?
A. Vì cậu suốt ngày đi chơi, không chịu học hành.
B. Vì cậu suốt ngày ngồi một mình trong lớp, không nói chuyện với ai.
C. Vì cậu không thích tham gia trò chơi kéo co cùng cả lớp.
D. Vì cậu suốt ngày đọc sách, không chơi với các bạn trong lớp.",64,64,1.0,83,2.641019821166992,14.027501858980564,83,2.641019821166992,14.027501858980564,0.0,0.0,1.0
MCQA_0077_0,MCQA,"Vì sao Bình bị cả lớp gọi là “mọt sách”?
A. Vì cậu suốt ngày đi chơi, không chịu học hành.
B. Vì cậu suốt ngày ngồi một mình trong lớp, không nói chuyện với ai.
C. Vì cậu không thích tham gia trò chơi kéo co cùng cả lớp.
D. Vì cậu suốt ngày đọc sách, không chơi với các bạn trong lớp.","Vì cậu suốt ngày đọc sách, không chơi với các bạn trong lớp.","Tại sao Bình bị cả lớp kêu là “mọt sách”?
A. Tại nó cứ đi chơi, hông chịu học hành.
B. Tại nó cứ ngồi một mình trong lớp, hông nói chuyện với ai.
C. Tại nó hông thích chơi kéo co chung với cả lớp.
D. Tại nó suốt ngày đọc sách, hông chơi với mấy bạn trong lớp.",D,PNN,Daily Conversation,high,88759523-55db-4c51-872d-a8b43438fa82,1,EXPERT_REVIEW_PASS,rewrite,"Vì sao Bình bị cả lớp gọi là “mọt sách”?
A. Vì cậu suốt ngày đi chơi, không chịu học hành.
B. Vì cậu suốt ngày ngồi một mình trong lớp, không nói chuyện với ai.
C. Vì cậu không thích tham gia trò chơi kéo co cùng cả lớp.
D. Vì cậu suốt ngày đọc sách, không chơi với các bạn trong lớp.","Tại sao Bình bị cả lớp kêu là “mọt sách”?
A. Tại nó cứ đi chơi, hông chịu học hành.
B. Tại nó cứ ngồi một mình trong lớp, hông nói chuyện với ai.
C. Tại nó hông thích chơi kéo co chung với cả lớp.
D. Tại nó suốt ngày đọc sách, hông chơi với mấy bạn trong lớp.",64,60,0.9375,83,2.641019821166992,14.027501858980564,84,3.1258838176727295,22.780019582919554,0.4848639965057373,8.75251772393899,1.6239541303881937
MCQA_0077_0,MCQA,"Vì sao Bình bị cả lớp gọi là “mọt sách”?
A. Vì cậu suốt ngày đi chơi, không chịu học hành.
B. Vì cậu suốt ngày ngồi một mình trong lớp, không nói chuyện với ai.
C. Vì cậu không thích tham gia trò chơi kéo co cùng cả lớp.
D. Vì cậu suốt ngày đọc sách, không chơi với các bạn trong lớp.","Vì cậu suốt ngày đọc sách, không chơi với các bạn trong lớp.","Vì răng Bình bị cả lớp gọi là “mọt sách”?

A. Vì cậu suốt ngày đi chơi, không chịu học hành.
B. Vì cậu suốt ngày ngồi một mình trong lớp, không nói chuyện với ai.
C. Vì cậu không thích tham gia trò chơi kéo co cùng cả lớp.
D. Vì cậu suốt ngày đọc sách, không chơi với các bạn trong lớp.",D,PNT1,Daily Conversation,high,a4432712-749b-4d01-8b03-4cb9d0f81348,0,EXPERT_AUTO_PASS,rewrite,"Vì sao Bình bị cả lớp gọi là “mọt sách”?
A. Vì cậu suốt ngày đi chơi, không chịu học hành.
B. Vì cậu suốt ngày ngồi một mình trong lớp, không nói chuyện với ai.
C. Vì cậu không thích tham gia trò chơi kéo co cùng cả lớp.
D. Vì cậu suốt ngày đọc sách, không chơi với các bạn trong lớp.","Vì răng Bình bị cả lớp gọi là “mọt sách”?

A. Vì cậu suốt ngày đi chơi, không chịu học hành.
B. Vì cậu suốt ngày ngồi một mình trong lớp, không nói chuyện với ai.
C. Vì cậu không thích tham gia trò chơi kéo co cùng cả lớp.
D. Vì cậu suốt ngày đọc sách, không chơi với các bạn trong lớp.",64,64,1.0,83,2.641019821166992,14.027501858980564,82,3.1200242042541504,22.646927788537564,0.4790043830871582,8.619425929557,1.6144662118892357
MCQA_0077_0,MCQA,"Vì sao Bình bị cả lớp gọi là “mọt sách”?
A. Vì cậu suốt ngày đi chơi, không chịu học hành.
B. Vì cậu suốt ngày ngồi một mình trong lớp, không nói chuyện với ai.
C. Vì cậu không thích tham gia trò chơi kéo co cùng cả lớp.
D. Vì cậu suốt ngày đọc sách, không chơi với các bạn trong lớp.","Vì cậu suốt ngày đọc sách, không chơi với các bạn trong lớp.","Vì răng Bình bị cả lớp kêu là “mọt sách”?
A. Tại lạo suốt ngay đi chơi, nỏ chịu học hành.
B. Tại lạo suốt ngay ngồi một chắc trong lớp, nỏ nói chuyện với ai.
C. Tại lạo nỏ thích tham gia trò chơi kéo co với cả lớp.
D. Tại lạo suốt ngay đọc sách, nỏ chơi với các bạn trong lớp.",D,PNT2,Daily Conversation,high,603effb8-c882-4227-b5de-d83ea8816911,1,EXPERT_REVIEW_PASS,rewrite,"Vì sao Bình bị cả lớp gọi là “mọt sách”?
A. Vì cậu suốt ngày đi chơi, không chịu học hành.
B. Vì cậu suốt ngày ngồi một mình trong lớp, không nói chuyện với ai.
C. Vì cậu không thích tham gia trò chơi kéo co cùng cả lớp.
D. Vì cậu suốt ngày đọc sách, không chơi với các bạn trong lớp.","Vì răng Bình bị cả lớp kêu là “mọt sách”?
A. Tại lạo suốt ngay đi chơi, nỏ chịu học hành.
B. Tại lạo suốt ngay ngồi một chắc trong lớp, nỏ nói chuyện với ai.
C. Tại lạo nỏ thích tham gia trò chơi kéo co với cả lớp.
D. Tại lạo suốt ngay đọc sách, nỏ chơi với các bạn trong lớp.",64,64,1.0,83,2.641019821166992,14.027501858980564,94,3.5858657360076904,36.084583923709225,0.9448459148406982,22.05708206472866,2.5724169767696354
MCQA_0077_0,MCQA,"Vì sao Bình bị cả lớp gọi là “mọt sách”?
A. Vì cậu suốt ngày đi chơi, không chịu học hành.
B. Vì cậu suốt ngày ngồi một mình trong lớp, không nói chuyện với ai.
C. Vì cậu không thích tham gia trò chơi kéo co cùng cả lớp.
D. Vì cậu suốt ngày đọc sách, không chơi với các bạn trong lớp.","Vì cậu suốt ngày đọc sách, không chơi với các bạn trong lớp.","Vì răng Bình bị cả lớp gọi là “mọt sách”?
A. Vì hắn suốt ngày đi dởi, nỏ chịu học hành.
B. Vì hắn suốt ngày ngồi một chắc trong lớp, nỏ nói chuyện với ai.
C. Vì hắn nỏ ưng tham gia mấy trò kéo co với cả lớp.
D. Vì hắn suốt ngày đọc sách, nỏ dởi với mấy bạn trong lớp.",D,PNT3,Daily Conversation,high,88346002-a7b4-4be1-aec6-e1e3625416ee,1,EXPERT_REVIEW_PASS,rewrite,"Vì sao Bình bị cả lớp gọi là “mọt sách”?
A. Vì cậu suốt ngày đi chơi, không chịu học hành.
B. Vì cậu suốt ngày ngồi một mình trong lớp, không nói chuyện với ai.
C. Vì cậu không thích tham gia trò chơi kéo co cùng cả lớp.
D. Vì cậu suốt ngày đọc sách, không chơi với các bạn trong lớp.","Vì răng Bình bị cả lớp gọi là “mọt sách”?
A. Vì hắn suốt ngày đi dởi, nỏ chịu học hành.
B. Vì hắn suốt ngày ngồi một chắc trong lớp, nỏ nói chuyện với ai.
C. Vì hắn nỏ ưng tham gia mấy trò kéo co với cả lớp.
D. Vì hắn suốt ngày đọc sách, nỏ dởi với mấy bạn trong lớp.",64,64,1.0,83,2.641019821166992,14.027501858980564,89,3.737809658050537,42.00588208207418,1.096789836883545,27.978380223093616,2.9945376236169623
MCQA_0077_0,MCQA,"Vì sao Bình bị cả lớp gọi là “mọt sách”?
A. Vì cậu suốt ngày đi chơi, không chịu học hành.
B. Vì cậu suốt ngày ngồi một mình trong lớp, không nói chuyện với ai.
C. Vì cậu không thích tham gia trò chơi kéo co cùng cả lớp.
D. Vì cậu suốt ngày đọc sách, không chơi với các bạn trong lớp.","Vì cậu suốt ngày đọc sách, không chơi với các bạn trong lớp.","Vì răn Bình bị cả lớp gọi là “mọt sách”?
A. Vì thằng nớ suốt ngày đi chơi, không chịu học hành.
B. Vì thằng nớ suốt ngày ngồi một mình trong lớp, không nói chuyện với ai.
C. Vì thằng nớ không thích tham gia trò chơi kéo co cùng cả lớp.
D. Vì thằng nớ suốt ngày đọc sách, không chơi với các bạn trong lớp.",D,PNT4,Daily Conversation,high,79761839-4e36-4d46-bc8f-bfd4e0af851a,1,EXPERT_REVIEW_PASS,rewrite,"Vì sao Bình bị cả lớp gọi là “mọt sách”?
A. Vì cậu suốt ngày đi chơi, không chịu học hành.
B. Vì cậu suốt ngày ngồi một mình trong lớp, không nói chuyện với ai.
C. Vì cậu không thích tham gia trò chơi kéo co cùng cả lớp.
D. Vì cậu suốt ngày đọc sách, không chơi với các bạn trong lớp.","Vì răn Bình bị cả lớp gọi là “mọt sách”?
A. Vì thằng nớ suốt ngày đi chơi, không chịu học hành.
B. Vì thằng nớ suốt ngày ngồi một mình trong lớp, không nói chuyện với ai.
C. Vì thằng nớ không thích tham gia trò chơi kéo co cùng cả lớp.
D. Vì thằng nớ suốt ngày đọc sách, không chơi với các bạn trong lớp.",64,68,1.0625,83,2.641019821166992,14.027501858980564,95,2.7131588459014893,15.076825742619706,0.07213902473449707,1.0493238836391416,1.0748047581235822
MCQA_0081_4,MCQA,"Vì sao bà lão trong bài thơ này vui?
A. Vì đàn con đi lính mới về.
B. Vì có cơm ăn áo mặt.
C. Vì làng xôn xao.
D. Vì nồi cơm nấu dở.",Vì làng xôn xao.,"Vì sao bà lão trong bài thơ này vui?
A. Vì các con đi lính mới về.
B. Vì có cơm ăn áo mặc.
C. Vì làng xôn xao.
D. Vì nồi cơm nấu dở.",C,PNB,Daily Conversation,high,7e49e369-5b4e-4441-ba22-55eb0d6e2bdf,1,EXPERT_REVIEW_PASS,rewrite,"Vì sao bà lão trong bài thơ này vui?
A. Vì đàn con đi lính mới về.
B. Vì có cơm ăn áo mặt.
C. Vì làng xôn xao.
D. Vì nồi cơm nấu dở.","Vì sao bà lão trong bài thơ này vui?
A. Vì các con đi lính mới về.
B. Vì có cơm ăn áo mặc.
C. Vì làng xôn xao.
D. Vì nồi cơm nấu dở.",35,35,1.0,56,3.2816503047943115,26.619667034526348,56,3.055556535720825,21.232999161745987,-0.22609376907348633,-5.386667872780361,0.7976433038852919
MCQA_0081_4,MCQA,"Vì sao bà lão trong bài thơ này vui?
A. Vì đàn con đi lính mới về.
B. Vì có cơm ăn áo mặt.
C. Vì làng xôn xao.
D. Vì nồi cơm nấu dở.",Vì làng xôn xao.,"Vì sao bà lão trong bài thơ này vui?
A. Vì đàn con đi lính mới về.
B. Vì có cơm ăn áo mặc.
C. Vì làng xôn xao.
D. Vì nồi cơm nấu dở.",C,PNN,Daily Conversation,high,e04e5ca5-c8e8-4484-a0aa-f9dc978b200c,1,EXPERT_REVIEW_PASS,rewrite,"Vì sao bà lão trong bài thơ này vui?
A. Vì đàn con đi lính mới về.
B. Vì có cơm ăn áo mặt.
C. Vì làng xôn xao.
D. Vì nồi cơm nấu dở.","Vì sao bà lão trong bài thơ này vui?
A. Vì đàn con đi lính mới về.
B. Vì có cơm ăn áo mặc.
C. Vì làng xôn xao.
D. Vì nồi cơm nấu dở.",35,35,1.0,56,3.2816503047943115,26.619667034526348,56,3.118009328842163,22.601342989846213,-0.16364097595214844,-4.018324044680135,0.8490467953837186
MCQA_0081_4,MCQA,"Vì sao bà lão trong bài thơ này vui?
A. Vì đàn con đi lính mới về.
B. Vì có cơm ăn áo mặt.
C. Vì làng xôn xao.
D. Vì nồi cơm nấu dở.",Vì làng xôn xao.,"Vì răng bà lão trong bài thơ ni vui?

A. Vì đàn con đi lính mới về.
B. Vì có cơm ăn áo mặc.
C. Vì làng xôn xao.
D. Vì nồi cơm nấu dở.",C,PNT1,Daily Conversation,high,a4432712-749b-4d01-8b03-4cb9d0f81348,0,EXPERT_AUTO_PASS,rewrite,"Vì sao bà lão trong bài thơ này vui?
A. Vì đàn con đi lính mới về.
B. Vì có cơm ăn áo mặt.
C. Vì làng xôn xao.
D. Vì nồi cơm nấu dở.","Vì răng bà lão trong bài thơ ni vui?

A. Vì đàn con đi lính mới về.
B. Vì có cơm ăn áo mặc.
C. Vì làng xôn xao.
D. Vì nồi cơm nấu dở.",35,35,1.0,56,3.2816503047943115,26.619667034526348,55,3.8942856788635254,49.12095269284896,0.6126353740692139,22.50128565832261,1.8452880206629896
MCQA_0081_4,MCQA,"Vì sao bà lão trong bài thơ này vui?
A. Vì đàn con đi lính mới về.
B. Vì có cơm ăn áo mặt.
C. Vì làng xôn xao.
D. Vì nồi cơm nấu dở.",Vì làng xôn xao.,"Vì răng bà lão trong bài thơ ni vui?
A. Vì đàn con đi lính mới về.
B. Vì có cơm ăn áo mặt.
C. Vì làng xôn xao.
D. Vì nồi cơm nấu dở.",C,PNT2,Daily Conversation,high,7d958013-3acc-4719-a459-b3a565d57865,0,EXPERT_AUTO_PASS,rewrite,"Vì sao bà lão trong bài thơ này vui?
A. Vì đàn con đi lính mới về.
B. Vì có cơm ăn áo mặt.
C. Vì làng xôn xao.
D. Vì nồi cơm nấu dở.","Vì răng bà lão trong bài thơ ni vui?
A. Vì đàn con đi lính mới về.
B. Vì có cơm ăn áo mặt.
C. Vì làng xôn xao.
D. Vì nồi cơm nấu dở.",35,35,1.0,56,3.2816503047943115,26.619667034526348,55,3.9685494899749756,52.90773195876061,0.6868991851806641,26.28806492423426,1.9875429655126042
MCQA_0081_4,MCQA,"Vì sao bà lão trong bài thơ này vui?
A. Vì đàn con đi lính mới về.
B. Vì có cơm ăn áo mặt.
C. Vì làng xôn xao.
D. Vì nồi cơm nấu dở.",Vì làng xôn xao.,"Vì răng bà lão trong bài thơ ni vui?
A. Vì đàn con đi lính mới về.
B. Vì có cơm ăn áo mặt.
C. Vì làng xôn xao.
D. Vì nồi cơm nấu dở.",C,PNT3,Daily Conversation,high,88346002-a7b4-4be1-aec6-e1e3625416ee,1,EXPERT_REVIEW_PASS,rewrite,"Vì sao bà lão trong bài thơ này vui?
A. Vì đàn con đi lính mới về.
B. Vì có cơm ăn áo mặt.
C. Vì làng xôn xao.
D. Vì nồi cơm nấu dở.","Vì răng bà lão trong bài thơ ni vui?
A. Vì đàn con đi lính mới về.
B. Vì có cơm ăn áo mặt.
C. Vì làng xôn xao.
D. Vì nồi cơm nấu dở.",35,35,1.0,56,3.2816503047943115,26.619667034526348,55,3.9685494899749756,52.90773195876061,0.6868991851806641,26.28806492423426,1.9875429655126042
MCQA_0081_4,MCQA,"Vì sao bà lão trong bài thơ này vui?
A. Vì đàn con đi lính mới về.
B. Vì có cơm ăn áo mặt.
C. Vì làng xôn xao.
D. Vì nồi cơm nấu dở.",Vì làng xôn xao.,"Vì răng bà lão trong bài thơ này vui?
A. Vì đàn con đi lính mới về.
B. Vì có cơm ăn áo mặt.
C. Vì làng xôn xao.
D. Vì nồi cơm nấu dở.",C,PNT4,Daily Conversation,high,eb3805e3-c095-4a6c-8697-9f6079168a64,2,REVIEW_PASS,rewrite,"Vì sao bà lão trong bài thơ này vui?
A. Vì đàn con đi lính mới về.
B. Vì có cơm ăn áo mặt.
C. Vì làng xôn xao.
D. Vì nồi cơm nấu dở.","Vì răng bà lão trong bài thơ này vui?
A. Vì đàn con đi lính mới về.
B. Vì có cơm ăn áo mặt.
C. Vì làng xôn xao.
D. Vì nồi cơm nấu dở.",35,35,1.0,56,3.2816503047943115,26.619667034526348,55,3.8172595500946045,45.4794033614476,0.535609245300293,18.859736326921254,1.7084888140208412
MCQA_0087_0,MCQA,"Nghĩ về quê hương, tác giả nhớ đến hình ảnh nào?
A. Cánh đồng.
B. Đàn trâu.
C. Cây đa.
D. Mái đình.",Cây đa.,"Nghĩ về quê hương, tác giả nhớ đến hình ảnh nào?
A. Cánh đồng.
B. Đàn trâu.
C. Cây đa.
D. Mái đình.",C,PNB,Daily Conversation,high,7e49e369-5b4e-4441-ba22-55eb0d6e2bdf,1,EXPERT_REVIEW_PASS,rewrite,"Nghĩ về quê hương, tác giả nhớ đến hình ảnh nào?
A. Cánh đồng.
B. Đàn trâu.
C. Cây đa.
D. Mái đình.","Nghĩ về quê hương, tác giả nhớ đến hình ảnh nào?
A. Cánh đồng.
B. Đàn trâu.
C. Cây đa.
D. Mái đình.",23,23,1.0,40,2.9773850440979004,19.636401126382594,40,2.9773850440979004,19.636401126382594,0.0,0.0,1.0
MCQA_0087_0,MCQA,"Nghĩ về quê hương, tác giả nhớ đến hình ảnh nào?
A. Cánh đồng.
B. Đàn trâu.
C. Cây đa.
D. Mái đình.",Cây đa.,"Nghĩ về quê hương, tác giả nhớ đến hình ảnh nào?
A. Cánh đồng.
B. Đàn trâu.
C. Cây đa.
D. Mái đình.",C,PNN,Daily Conversation,high,e04e5ca5-c8e8-4484-a0aa-f9dc978b200c,0,EXPERT_AUTO_PASS,rewrite,"Nghĩ về quê hương, tác giả nhớ đến hình ảnh nào?
A. Cánh đồng.
B. Đàn trâu.
C. Cây đa.
D. Mái đình.","Nghĩ về quê hương, tác giả nhớ đến hình ảnh nào?
A. Cánh đồng.
B. Đàn trâu.
C. Cây đa.
D. Mái đình.",23,23,1.0,40,2.9773850440979004,19.636401126382594,40,2.9773850440979004,19.636401126382594,0.0,0.0,1.0
MCQA_0087_0,MCQA,"Nghĩ về quê hương, tác giả nhớ đến hình ảnh nào?
A. Cánh đồng.
B. Đàn trâu.
C. Cây đa.
D. Mái đình.",Cây đa.,"Nghĩ về quê hương, tác giả nhớ đến hình ảnh mô?

A. Cánh đồng.
B. Đàn trâu.
C. Cây đa.
D. Mái đình.",C,PNT1,Daily Conversation,high,a4432712-749b-4d01-8b03-4cb9d0f81348,0,EXPERT_AUTO_PASS,rewrite,"Nghĩ về quê hương, tác giả nhớ đến hình ảnh nào?
A. Cánh đồng.
B. Đàn trâu.
C. Cây đa.
D. Mái đình.","Nghĩ về quê hương, tác giả nhớ đến hình ảnh mô?

A. Cánh đồng.
B. Đàn trâu.
C. Cây đa.
D. Mái đình.",23,23,1.0,40,2.9773850440979004,19.636401126382594,40,3.3296058177948,27.927331076333452,0.3522207736968994,8.290929949950858,1.4222224783752015
MCQA_0087_0,MCQA,"Nghĩ về quê hương, tác giả nhớ đến hình ảnh nào?
A. Cánh đồng.
B. Đàn trâu.
C. Cây đa.
D. Mái đình.",Cây đa.,"Nghĩ về quê hương, tác giả nhớ đến hình ảnh mô?
A. Cánh đồng.
B. Đàn tru.
C. Cây đa.
D. Mái đình.",C,PNT2,Daily Conversation,high,7d958013-3acc-4719-a459-b3a565d57865,0,EXPERT_AUTO_PASS,rewrite,"Nghĩ về quê hương, tác giả nhớ đến hình ảnh nào?
A. Cánh đồng.
B. Đàn trâu.
C. Cây đa.
D. Mái đình.","Nghĩ về quê hương, tác giả nhớ đến hình ảnh mô?
A. Cánh đồng.
B. Đàn tru.
C. Cây đa.
D. Mái đình.",23,23,1.0,40,2.9773850440979004,19.636401126382594,40,3.587629556655884,36.14828682164338,0.6102445125579834,16.511885695260787,1.8408814623916065
MCQA_0087_0,MCQA,"Nghĩ về quê hương, tác giả nhớ đến hình ảnh nào?
A. Cánh đồng.
B. Đàn trâu.
C. Cây đa.
D. Mái đình.",Cây đa.,"Nghĩ về quê hương, tác giả nhớ tới hình ảnh mô?
A. Cánh đồng.
B. Đàn trâu.
C. Cây đa.
D. Mái đình.",C,PNT3,Daily Conversation,high,e99ab2ee-5e8e-4d70-ac05-869071c9a49c,0,EXPERT_AUTO_PASS,rewrite,"Nghĩ về quê hương, tác giả nhớ đến hình ảnh nào?
A. Cánh đồng.
B. Đàn trâu.
C. Cây đa.
D. Mái đình.","Nghĩ về quê hương, tác giả nhớ tới hình ảnh mô?
A. Cánh đồng.
B. Đàn trâu.
C. Cây đa.
D. Mái đình.",23,23,1.0,40,2.9773850440979004,19.636401126382594,40,3.376331090927124,29.263209861556565,0.39894604682922363,9.62680873517397,1.4902532125522645
MCQA_0087_0,MCQA,"Nghĩ về quê hương, tác giả nhớ đến hình ảnh nào?
A. Cánh đồng.
B. Đàn trâu.
C. Cây đa.
D. Mái đình.",Cây đa.,"Nghĩ về quê hương, tác giả nhớ tới hình ảnh nào?
A. Cánh đồng.
B. Đàn trâu.
C. Cây đa.
D. Mái đình.",C,PNT4,Daily Conversation,high,caa27aaf-592f-49ce-b541-02f33da2b90f,0,EXPERT_AUTO_PASS,rewrite,"Nghĩ về quê hương, tác giả nhớ đến hình ảnh nào?
A. Cánh đồng.
B. Đàn trâu.
C. Cây đa.
D. Mái đình.","Nghĩ về quê hương, tác giả nhớ tới hình ảnh nào?
A. Cánh đồng.
B. Đàn trâu.
C. Cây đa.
D. Mái đình.",23,23,1.0,40,2.9773850440979004,19.636401126382594,40,3.00004243850708,20.086389341476142,0.022657394409179688,0.4499882150935477,1.0229160227578038
MCQA_0090_10,MCQA,"Thái độ của Lan như thế nào khi nghe mẹ và anh trai nói chuyện?
A. Ân hận.
B. Hối hả.
C. Ghen tị.
D. Xấu hổ.",Ân hận.,"Thái độ của Lan như thế nào khi nghe mẹ và anh trai nói chuyện?
A. Ân hận.
B. Vội vã.
C. Ghen tị.
D. Xấu hổ.",A,PNB,Daily Conversation,high,7e49e369-5b4e-4441-ba22-55eb0d6e2bdf,1,EXPERT_REVIEW_PASS,rewrite,"Thái độ của Lan như thế nào khi nghe mẹ và anh trai nói chuyện?
A. Ân hận.
B. Hối hả.
C. Ghen tị.
D. Xấu hổ.","Thái độ của Lan như thế nào khi nghe mẹ và anh trai nói chuyện?
A. Ân hận.
B. Vội vã.
C. Ghen tị.
D. Xấu hổ.",27,27,1.0,48,2.7609524726867676,15.814899036241874,48,2.7493503093719482,15.632472313501243,-0.011602163314819336,-0.18242672274063132,0.9884648822403117
MCQA_0090_10,MCQA,"Thái độ của Lan như thế nào khi nghe mẹ và anh trai nói chuyện?
A. Ân hận.
B. Hối hả.
C. Ghen tị.
D. Xấu hổ.",Ân hận.,"Thái độ của Lan ra răng khi nghe mẹ và anh trai nói chuyện?

A. Ân hận.
B. Hối hả.
C. Ghen tị.
D. Xấu hổ.",A,PNT1,Daily Conversation,high,56164f4c-6810-404e-94aa-34d47c343da0,0,EXPERT_AUTO_PASS,rewrite,"Thái độ của Lan như thế nào khi nghe mẹ và anh trai nói chuyện?
A. Ân hận.
B. Hối hả.
C. Ghen tị.
D. Xấu hổ.","Thái độ của Lan ra răng khi nghe mẹ và anh trai nói chuyện?

A. Ân hận.
B. Hối hả.
C. Ghen tị.
D. Xấu hổ.",27,26,0.9629629629629629,48,2.7609524726867676,15.814899036241874,47,3.2127320766448975,24.84687715017874,0.4517796039581299,9.031978113936868,1.5711056449515692
MCQA_0090_10,MCQA,"Thái độ của Lan như thế nào khi nghe mẹ và anh trai nói chuyện?
A. Ân hận.
B. Hối hả.
C. Ghen tị.
D. Xấu hổ.",Ân hận.,"Thái độ của Lan ra ren khi nghe mẹ và anh trai nói chuyện?
A. Ân hận.
B. Quíu.
C. Ghen tị.
D. Dị.",A,PNT4,Daily Conversation,high,5ea76d15-516d-4285-a781-7b1c6a04a627,0,EXPERT_AUTO_PASS,rewrite,"Thái độ của Lan như thế nào khi nghe mẹ và anh trai nói chuyện?
A. Ân hận.
B. Hối hả.
C. Ghen tị.
D. Xấu hổ.","Thái độ của Lan ra ren khi nghe mẹ và anh trai nói chuyện?
A. Ân hận.
B. Quíu.
C. Ghen tị.
D. Dị.",27,24,0.8888888888888888,48,2.7609524726867676,15.814899036241874,44,3.4951460361480713,32.955100237510294,0.7341935634613037,17.140201201268418,2.08380086157929
MCQA_0091_1,MCQA,"Thấy ông lão đang trú mưa trước cửa nhà mình, Hoa đã làm gì?
A. Mời ông lão vào trong nhà trú mưa.
B. Vào nhà lấy cho ông lão áo mưa.
C. Mặc kệ ông lão đứng đó.
D. Đưa cho ông lão một cái bánh.",Vào nhà lấy cho ông lão áo mưa.,"Thấy ông lão đang trú mưa trước cửa nhà mình, Hoa đã làm gì?
A. Mời ông lão vào trong nhà trú mưa.
B. Vào nhà lấy cho ông lão áo mưa.
C. Mặc kệ ông lão đứng đó.
D. Đưa cho ông lão một cái bánh.",B,PNB,Daily Conversation,high,7e49e369-5b4e-4441-ba22-55eb0d6e2bdf,1,EXPERT_REVIEW_PASS,rewrite,"Thấy ông lão đang trú mưa trước cửa nhà mình, Hoa đã làm gì?
A. Mời ông lão vào trong nhà trú mưa.
B. Vào nhà lấy cho ông lão áo mưa.
C. Mặc kệ ông lão đứng đó.
D. Đưa cho ông lão một cái bánh.","Thấy ông lão đang trú mưa trước cửa nhà mình, Hoa đã làm gì?
A. Mời ông lão vào trong nhà trú mưa.
B. Vào nhà lấy cho ông lão áo mưa.
C. Mặc kệ ông lão đứng đó.
D. Đưa cho ông lão một cái bánh.",47,47,1.0,68,2.7225825786590576,15.21957728902255,68,2.7225825786590576,15.21957728902255,0.0,0.0,1.0
MCQA_0091_1,MCQA,"Thấy ông lão đang trú mưa trước cửa nhà mình, Hoa đã làm gì?
A. Mời ông lão vào trong nhà trú mưa.
B. Vào nhà lấy cho ông lão áo mưa.
C. Mặc kệ ông lão đứng đó.
D. Đưa cho ông lão một cái bánh.",Vào nhà lấy cho ông lão áo mưa.,"Thấy ông lão đang trú mưa trước cửa nhà mình, Hoa đã làm gì?
A. Mời ông lão vào trong nhà trú mưa.
B. Vào nhà lấy cho ông lão áo mưa.
C. Mặc kệ ông lão đứng đó.
D. Đưa cho ông lão một cái bánh.",B,PNN,Daily Conversation,high,e04e5ca5-c8e8-4484-a0aa-f9dc978b200c,1,EXPERT_REVIEW_PASS,rewrite,"Thấy ông lão đang trú mưa trước cửa nhà mình, Hoa đã làm gì?
A. Mời ông lão vào trong nhà trú mưa.
B. Vào nhà lấy cho ông lão áo mưa.
C. Mặc kệ ông lão đứng đó.
D. Đưa cho ông lão một cái bánh.","Thấy ông lão đang trú mưa trước cửa nhà mình, Hoa đã làm gì?
A. Mời ông lão vào trong nhà trú mưa.
B. Vào nhà lấy cho ông lão áo mưa.
C. Mặc kệ ông lão đứng đó.
D. Đưa cho ông lão một cái bánh.",47,47,1.0,68,2.7225825786590576,15.21957728902255,68,2.7225825786590576,15.21957728902255,0.0,0.0,1.0
MCQA_0091_1,MCQA,"Thấy ông lão đang trú mưa trước cửa nhà mình, Hoa đã làm gì?
A. Mời ông lão vào trong nhà trú mưa.
B. Vào nhà lấy cho ông lão áo mưa.
C. Mặc kệ ông lão đứng đó.
D. Đưa cho ông lão một cái bánh.",Vào nhà lấy cho ông lão áo mưa.,"Thấy ông lão đang trú mưa trước cửa nhà mình, Hoa đã mằn chi?

A. Mời ông lão vô trong nhà trú mưa.
B. Vô nhà lấy cho ông lão áo mưa.
C. Mặc kệ ông lão đứng đó.
D. Đưa cho ông lão một cái bánh.",B,PNT1,Daily Conversation,high,a4432712-749b-4d01-8b03-4cb9d0f81348,0,EXPERT_AUTO_PASS,rewrite,"Thấy ông lão đang trú mưa trước cửa nhà mình, Hoa đã làm gì?
A. Mời ông lão vào trong nhà trú mưa.
B. Vào nhà lấy cho ông lão áo mưa.
C. Mặc kệ ông lão đứng đó.
D. Đưa cho ông lão một cái bánh.","Thấy ông lão đang trú mưa trước cửa nhà mình, Hoa đã mằn chi?

A. Mời ông lão vô trong nhà trú mưa.
B. Vô nhà lấy cho ông lão áo mưa.
C. Mặc kệ ông lão đứng đó.
D. Đưa cho ông lão một cái bánh.",47,47,1.0,68,2.7225825786590576,15.21957728902255,70,3.4587790966033936,31.77815476359738,0.7361965179443359,16.558577474574832,2.0879788025727932
MCQA_0091_1,MCQA,"Thấy ông lão đang trú mưa trước cửa nhà mình, Hoa đã làm gì?
A. Mời ông lão vào trong nhà trú mưa.
B. Vào nhà lấy cho ông lão áo mưa.
C. Mặc kệ ông lão đứng đó.
D. Đưa cho ông lão một cái bánh.",Vào nhà lấy cho ông lão áo mưa.,"Chộ ông lão đang trú mưa trước cửa nhà mình, Hoa đạ mần chi?
A. Mời ông lão vô trong nhà trú mưa.
B. Vô nhà lấy cho ông lão cí áo mưa.
C. Mặc kệ ông lão đứng đó.
D. Đưa cho ông lão một cấy bánh.",B,PNT2,Daily Conversation,high,7d958013-3acc-4719-a459-b3a565d57865,0,EXPERT_AUTO_PASS,rewrite,"Thấy ông lão đang trú mưa trước cửa nhà mình, Hoa đã làm gì?
A. Mời ông lão vào trong nhà trú mưa.
B. Vào nhà lấy cho ông lão áo mưa.
C. Mặc kệ ông lão đứng đó.
D. Đưa cho ông lão một cái bánh.","Chộ ông lão đang trú mưa trước cửa nhà mình, Hoa đạ mần chi?
A. Mời ông lão vô trong nhà trú mưa.
B. Vô nhà lấy cho ông lão cí áo mưa.
C. Mặc kệ ông lão đứng đó.
D. Đưa cho ông lão một cấy bánh.",47,48,1.0212765957446808,68,2.7225825786590576,15.21957728902255,73,3.8086352348327637,45.08886114918805,1.086052656173706,29.8692838601655,2.9625567315663472
MCQA_0091_1,MCQA,"Thấy ông lão đang trú mưa trước cửa nhà mình, Hoa đã làm gì?
A. Mời ông lão vào trong nhà trú mưa.
B. Vào nhà lấy cho ông lão áo mưa.
C. Mặc kệ ông lão đứng đó.
D. Đưa cho ông lão một cái bánh.",Vào nhà lấy cho ông lão áo mưa.,"Thấy ông lão đang trú mưa trước cửa nhà mình, Hoa đã làm chi?
A. Mời ông lão vô trong nhà trú mưa.
B. Vô nhà lấy cho ông lão áo mưa.
C. Mặc kệ ông lão đứng đó.
D. Đưa cho ông lão một cái bánh.",B,PNT3,Daily Conversation,high,e99ab2ee-5e8e-4d70-ac05-869071c9a49c,1,EXPERT_REVIEW_PASS,rewrite,"Thấy ông lão đang trú mưa trước cửa nhà mình, Hoa đã làm gì?
A. Mời ông lão vào trong nhà trú mưa.
B. Vào nhà lấy cho ông lão áo mưa.
C. Mặc kệ ông lão đứng đó.
D. Đưa cho ông lão một cái bánh.","Thấy ông lão đang trú mưa trước cửa nhà mình, Hoa đã làm chi?
A. Mời ông lão vô trong nhà trú mưa.
B. Vô nhà lấy cho ông lão áo mưa.
C. Mặc kệ ông lão đứng đó.
D. Đưa cho ông lão một cái bánh.",47,47,1.0,68,2.7225825786590576,15.21957728902255,68,3.1799144744873047,24.044697029082144,0.45733189582824707,8.825119740059595,1.5798531439125385
MCQA_0091_1,MCQA,"Thấy ông lão đang trú mưa trước cửa nhà mình, Hoa đã làm gì?
A. Mời ông lão vào trong nhà trú mưa.
B. Vào nhà lấy cho ông lão áo mưa.
C. Mặc kệ ông lão đứng đó.
D. Đưa cho ông lão một cái bánh.",Vào nhà lấy cho ông lão áo mưa.,"Thấy ông già đang trú mưa trước cửa nhà mình, Hoa đã làm chi?
A. Mời ông già vô trong nhà trú mưa.
B. Vô nhà lấy cho ông già áo mưa.
C. Mặc kệ ông già đứng đó.
D. Đưa cho ông già một cái bánh.",B,PNT4,Daily Conversation,high,5ea76d15-516d-4285-a781-7b1c6a04a627,0,EXPERT_AUTO_PASS,rewrite,"Thấy ông lão đang trú mưa trước cửa nhà mình, Hoa đã làm gì?
A. Mời ông lão vào trong nhà trú mưa.
B. Vào nhà lấy cho ông lão áo mưa.
C. Mặc kệ ông lão đứng đó.
D. Đưa cho ông lão một cái bánh.","Thấy ông già đang trú mưa trước cửa nhà mình, Hoa đã làm chi?
A. Mời ông già vô trong nhà trú mưa.
B. Vô nhà lấy cho ông già áo mưa.
C. Mặc kệ ông già đứng đó.
D. Đưa cho ông già một cái bánh.",47,47,1.0,68,2.7225825786590576,15.21957728902255,63,3.4022459983825684,30.031475001334574,0.6796634197235107,14.811897712312025,1.9732134757116695
MCQA_0092_1,MCQA,"Khi các bạn đến thăm Lan thì thấy bạn Lan đang làm gì?
A. Lan giúp mẹ cắt lá để gói bánh.
B. Lan đang học bài.
C. Lan đi chơi bên hàng xóm.
D. Lan đang tập viết chính tả.",Lan giúp mẹ cắt lá để gói bánh.,"Khi các bạn đến thăm Lan thì thấy bạn Lan đang làm gì?
A. Lan giúp mẹ cắt lá để gói bánh.
B. Lan đang học bài.
C. Lan đi chơi bên hàng xóm.
D. Lan đang tập viết chính tả.",A,PNB,Daily Conversation,high,7e49e369-5b4e-4441-ba22-55eb0d6e2bdf,1,EXPERT_REVIEW_PASS,rewrite,"Khi các bạn đến thăm Lan thì thấy bạn Lan đang làm gì?
A. Lan giúp mẹ cắt lá để gói bánh.
B. Lan đang học bài.
C. Lan đi chơi bên hàng xóm.
D. Lan đang tập viết chính tả.","Khi các bạn đến thăm Lan thì thấy bạn Lan đang làm gì?
A. Lan giúp mẹ cắt lá để gói bánh.
B. Lan đang học bài.
C. Lan đi chơi bên hàng xóm.
D. Lan đang tập viết chính tả.",41,41,1.0,52,3.5946433544158936,36.40271480497794,52,3.5946433544158936,36.40271480497794,0.0,0.0,1.0
MCQA_0092_1,MCQA,"Khi các bạn đến thăm Lan thì thấy bạn Lan đang làm gì?
A. Lan giúp mẹ cắt lá để gói bánh.
B. Lan đang học bài.
C. Lan đi chơi bên hàng xóm.
D. Lan đang tập viết chính tả.",Lan giúp mẹ cắt lá để gói bánh.,"Lúc mấy bạn tới thăm Lan thấy Lan đang làm gì?
A. Lan phụ má cắt lá để gói bánh.
B. Lan đang học bài.
C. Lan đi chơi bên hàng xóm.
D. Lan đang tập viết chính tả.",A,PNN,Daily Conversation,high,88759523-55db-4c51-872d-a8b43438fa82,1,EXPERT_REVIEW_PASS,rewrite,"Khi các bạn đến thăm Lan thì thấy bạn Lan đang làm gì?
A. Lan giúp mẹ cắt lá để gói bánh.
B. Lan đang học bài.
C. Lan đi chơi bên hàng xóm.
D. Lan đang tập viết chính tả.","Lúc mấy bạn tới thăm Lan thấy Lan đang làm gì?
A. Lan phụ má cắt lá để gói bánh.
B. Lan đang học bài.
C. Lan đi chơi bên hàng xóm.
D. Lan đang tập viết chính tả.",41,39,0.9512195121951219,52,3.5946433544158936,36.40271480497794,50,3.76963210105896,43.36410829131415,0.1749887466430664,6.961393486336213,1.191232811168915
MCQA_0092_1,MCQA,"Khi các bạn đến thăm Lan thì thấy bạn Lan đang làm gì?
A. Lan giúp mẹ cắt lá để gói bánh.
B. Lan đang học bài.
C. Lan đi chơi bên hàng xóm.
D. Lan đang tập viết chính tả.",Lan giúp mẹ cắt lá để gói bánh.,"Khi các bạn đến thăm Lan thì thấy bạn Lan đang mằn chi?

A. Lan giúp mẹ cắt lá để gói bánh.
B. Lan đang học bài.
C. Lan đi chơi bên hàng xóm.
D. Lan đang tập viết chính tả.",A,PNT1,Daily Conversation,high,a4432712-749b-4d01-8b03-4cb9d0f81348,0,EXPERT_AUTO_PASS,rewrite,"Khi các bạn đến thăm Lan thì thấy bạn Lan đang làm gì?
A. Lan giúp mẹ cắt lá để gói bánh.
B. Lan đang học bài.
C. Lan đi chơi bên hàng xóm.
D. Lan đang tập viết chính tả.","Khi các bạn đến thăm Lan thì thấy bạn Lan đang mằn chi?

A. Lan giúp mẹ cắt lá để gói bánh.
B. Lan đang học bài.
C. Lan đi chơi bên hàng xóm.
D. Lan đang tập viết chính tả.",41,41,1.0,52,3.5946433544158936,36.40271480497794,54,4.363387107849121,78.52264918706585,0.7687437534332275,42.11993438208791,2.1570547583535764
MCQA_0092_1,MCQA,"Khi các bạn đến thăm Lan thì thấy bạn Lan đang làm gì?
A. Lan giúp mẹ cắt lá để gói bánh.
B. Lan đang học bài.
C. Lan đi chơi bên hàng xóm.
D. Lan đang tập viết chính tả.",Lan giúp mẹ cắt lá để gói bánh.,"Khi các bạn đến thăm Lan thì thấy bạn Lan đang mần chi?
A. Lan giúp mệ cắt lá để gói bánh.
B. Lan đang học bài.
C. Lan đi chơi bên hàng xóm.
D. Lan đang tập viết chính tả.",A,PNT2,Daily Conversation,high,e686d659-713a-4b20-a76a-7bb2177c8cfb,0,EXPERT_AUTO_PASS,rewrite,"Khi các bạn đến thăm Lan thì thấy bạn Lan đang làm gì?
A. Lan giúp mẹ cắt lá để gói bánh.
B. Lan đang học bài.
C. Lan đi chơi bên hàng xóm.
D. Lan đang tập viết chính tả.","Khi các bạn đến thăm Lan thì thấy bạn Lan đang mần chi?
A. Lan giúp mệ cắt lá để gói bánh.
B. Lan đang học bài.
C. Lan đi chơi bên hàng xóm.
D. Lan đang tập viết chính tả.",41,41,1.0,52,3.5946433544158936,36.40271480497794,54,4.237186431884766,69.2128425844286,0.6425430774688721,32.81012777945066,1.901309914802398
MCQA_0092_1,MCQA,"Khi các bạn đến thăm Lan thì thấy bạn Lan đang làm gì?
A. Lan giúp mẹ cắt lá để gói bánh.
B. Lan đang học bài.
C. Lan đi chơi bên hàng xóm.
D. Lan đang tập viết chính tả.",Lan giúp mẹ cắt lá để gói bánh.,"Khi mấy bạn đến thăm Lan thì thấy bạn Lan đang làm chi?
A. Lan giúp mẹ cắt lá để gói bánh.
B. Lan đang học bài.
C. Lan đi chơi bên hàng xóm.
D. Lan đang tập viết chính tả.",A,PNT3,Daily Conversation,high,e99ab2ee-5e8e-4d70-ac05-869071c9a49c,1,EXPERT_REVIEW_PASS,rewrite,"Khi các bạn đến thăm Lan thì thấy bạn Lan đang làm gì?
A. Lan giúp mẹ cắt lá để gói bánh.
B. Lan đang học bài.
C. Lan đi chơi bên hàng xóm.
D. Lan đang tập viết chính tả.","Khi mấy bạn đến thăm Lan thì thấy bạn Lan đang làm chi?
A. Lan giúp mẹ cắt lá để gói bánh.
B. Lan đang học bài.
C. Lan đi chơi bên hàng xóm.
D. Lan đang tập viết chính tả.",41,41,1.0,52,3.5946433544158936,36.40271480497794,52,3.8210790157318115,45.65344253653353,0.22643566131591797,9.250727731555592,1.2541219186842238
MCQA_0092_1,MCQA,"Khi các bạn đến thăm Lan thì thấy bạn Lan đang làm gì?
A. Lan giúp mẹ cắt lá để gói bánh.
B. Lan đang học bài.
C. Lan đi chơi bên hàng xóm.
D. Lan đang tập viết chính tả.",Lan giúp mẹ cắt lá để gói bánh.,"Khi các bạn đến thăm Lan thì thấy bạn Lan đang làm cái chi?
A. Lan giúp mẹ cắt lá để gói bánh.
B. Lan đang học bài.
C. Lan đi chơi bên hàng xóm.
D. Lan đang tập viết chính tả.",A,PNT4,Daily Conversation,high,eb3805e3-c095-4a6c-8697-9f6079168a64,1,EXPERT_REVIEW_PASS,rewrite,"Khi các bạn đến thăm Lan thì thấy bạn Lan đang làm gì?
A. Lan giúp mẹ cắt lá để gói bánh.
B. Lan đang học bài.
C. Lan đi chơi bên hàng xóm.
D. Lan đang tập viết chính tả.","Khi các bạn đến thăm Lan thì thấy bạn Lan đang làm cái chi?
A. Lan giúp mẹ cắt lá để gói bánh.
B. Lan đang học bài.
C. Lan đi chơi bên hàng xóm.
D. Lan đang tập viết chính tả.",41,42,1.024390243902439,52,3.5946433544158936,36.40271480497794,53,3.9913949966430664,54.13034837282519,0.39675164222717285,17.72763356784725,1.486986579512555
MCQA_0092_2,MCQA,"Khi đã hiểu hoàn cảnh gia đình Lan, cô và các bạn đã làm gì?
A. Mua bánh giúp gia đình Lan.
B. Hàng ngày đến nhà giúp Lan cắt lá để gói bánh.
C. Góp tiền mua tặng Lan một tấm áo mới.
D. Góp sách cho Lan đến trường.",Góp tiền mua tặng Lan một tấm áo mới.,"Khi đã hiểu hoàn cảnh gia đình Lan, cô và các bạn đã làm gì?
A. Mua bánh giúp gia đình Lan.
B. Hàng ngày đến nhà giúp Lan cắt lá để gói bánh.
C. Góp tiền mua tặng Lan một chiếc áo mới.
D. Tặng sách cho Lan đến trường.",C,PNB,Daily Conversation,high,7e49e369-5b4e-4441-ba22-55eb0d6e2bdf,1,EXPERT_REVIEW_PASS,rewrite,"Khi đã hiểu hoàn cảnh gia đình Lan, cô và các bạn đã làm gì?
A. Mua bánh giúp gia đình Lan.
B. Hàng ngày đến nhà giúp Lan cắt lá để gói bánh.
C. Góp tiền mua tặng Lan một tấm áo mới.
D. Góp sách cho Lan đến trường.","Khi đã hiểu hoàn cảnh gia đình Lan, cô và các bạn đã làm gì?
A. Mua bánh giúp gia đình Lan.
B. Hàng ngày đến nhà giúp Lan cắt lá để gói bánh.
C. Góp tiền mua tặng Lan một chiếc áo mới.
D. Tặng sách cho Lan đến trường.",51,51,1.0,68,3.199390172958374,24.51757415755782,67,3.1597368717193604,23.56439465458878,-0.03965330123901367,-0.9531795029690393,0.9611226014105799
MCQA_0092_2,MCQA,"Khi đã hiểu hoàn cảnh gia đình Lan, cô và các bạn đã làm gì?
A. Mua bánh giúp gia đình Lan.
B. Hàng ngày đến nhà giúp Lan cắt lá để gói bánh.
C. Góp tiền mua tặng Lan một tấm áo mới.
D. Góp sách cho Lan đến trường.",Góp tiền mua tặng Lan một tấm áo mới.,"Khi đã hiểu hoàn cảnh gia đình Lan, cô và mấy bạn đã làm gì?
A. Mua bánh giúp gia đình Lan.
B. Hàng ngày tới nhà giúp Lan cắt lá để gói bánh.
C. Góp tiền mua tặng Lan một cái áo mới.
D. Góp sách cho Lan tới trường.",C,PNN,Daily Conversation,high,9d0d5c61-1083-4b35-8c02-c2c597f8212f,1,EXPERT_REVIEW_PASS,rewrite,"Khi đã hiểu hoàn cảnh gia đình Lan, cô và các bạn đã làm gì?
A. Mua bánh giúp gia đình Lan.
B. Hàng ngày đến nhà giúp Lan cắt lá để gói bánh.
C. Góp tiền mua tặng Lan một tấm áo mới.
D. Góp sách cho Lan đến trường.","Khi đã hiểu hoàn cảnh gia đình Lan, cô và mấy bạn đã làm gì?
A. Mua bánh giúp gia đình Lan.
B. Hàng ngày tới nhà giúp Lan cắt lá để gói bánh.
C. Góp tiền mua tặng Lan một cái áo mới.
D. Góp sách cho Lan tới trường.",51,51,1.0,68,3.199390172958374,24.51757415755782,68,3.291826009750366,26.8919237651491,0.09243583679199219,2.374349607591281,1.0968427623521375
MCQA_0092_2,MCQA,"Khi đã hiểu hoàn cảnh gia đình Lan, cô và các bạn đã làm gì?
A. Mua bánh giúp gia đình Lan.
B. Hàng ngày đến nhà giúp Lan cắt lá để gói bánh.
C. Góp tiền mua tặng Lan một tấm áo mới.
D. Góp sách cho Lan đến trường.",Góp tiền mua tặng Lan một tấm áo mới.,"Khi đã hiểu hoàn cảnh gia đình Lan, cô và các bạn đã mằn chi?

A. Mua bánh giúp gia đình Lan.
B. Hàng ngày đến nhà giúp Lan cắt lá để gói bánh.
C. Góp tiền mua tặng Lan một tấm áo mới.
D. Góp sách cho Lan đến trường.",C,PNT1,Daily Conversation,high,a4432712-749b-4d01-8b03-4cb9d0f81348,0,EXPERT_AUTO_PASS,rewrite,"Khi đã hiểu hoàn cảnh gia đình Lan, cô và các bạn đã làm gì?
A. Mua bánh giúp gia đình Lan.
B. Hàng ngày đến nhà giúp Lan cắt lá để gói bánh.
C. Góp tiền mua tặng Lan một tấm áo mới.
D. Góp sách cho Lan đến trường.","Khi đã hiểu hoàn cảnh gia đình Lan, cô và các bạn đã mằn chi?

A. Mua bánh giúp gia đình Lan.
B. Hàng ngày đến nhà giúp Lan cắt lá để gói bánh.
C. Góp tiền mua tặng Lan một tấm áo mới.
D. Góp sách cho Lan đến trường.",51,51,1.0,68,3.199390172958374,24.51757415755782,70,3.6909072399139404,40.08119372592059,0.4915170669555664,15.563619568362771,1.6347944322854269
MCQA_0092_2,MCQA,"Khi đã hiểu hoàn cảnh gia đình Lan, cô và các bạn đã làm gì?
A. Mua bánh giúp gia đình Lan.
B. Hàng ngày đến nhà giúp Lan cắt lá để gói bánh.
C. Góp tiền mua tặng Lan một tấm áo mới.
D. Góp sách cho Lan đến trường.",Góp tiền mua tặng Lan một tấm áo mới.,"Khi đạ hiểu hoàn cảnh gia đình Lan, cô và các bạn đạ mần chi?
A. Mua bánh giúp gia đình Lan.
B. Hàng ngày đến nhà giúp Lan cắt lá để gói bánh.
C. Góp tiền mua tặng Lan một tấm áo mới.
D. Góp sách cho Lan đến trường.",C,PNT2,Daily Conversation,high,7d958013-3acc-4719-a459-b3a565d57865,0,EXPERT_AUTO_PASS,rewrite,"Khi đã hiểu hoàn cảnh gia đình Lan, cô và các bạn đã làm gì?
A. Mua bánh giúp gia đình Lan.
B. Hàng ngày đến nhà giúp Lan cắt lá để gói bánh.
C. Góp tiền mua tặng Lan một tấm áo mới.
D. Góp sách cho Lan đến trường.","Khi đạ hiểu hoàn cảnh gia đình Lan, cô và các bạn đạ mần chi?
A. Mua bánh giúp gia đình Lan.
B. Hàng ngày đến nhà giúp Lan cắt lá để gói bánh.
C. Góp tiền mua tặng Lan một tấm áo mới.
D. Góp sách cho Lan đến trường.",51,51,1.0,68,3.199390172958374,24.51757415755782,71,3.7668492794036865,43.24360146397186,0.5674591064453125,18.726027306414043,1.7637797763381713
MCQA_0092_2,MCQA,"Khi đã hiểu hoàn cảnh gia đình Lan, cô và các bạn đã làm gì?
A. Mua bánh giúp gia đình Lan.
B. Hàng ngày đến nhà giúp Lan cắt lá để gói bánh.
C. Góp tiền mua tặng Lan một tấm áo mới.
D. Góp sách cho Lan đến trường.",Góp tiền mua tặng Lan một tấm áo mới.,"Khi đã hiểu hoàn cảnh gia đình Lan, cô với các bạn đã mần chi?
A. Mua bánh giúp gia đình Lan.
B. Hàng ngày đến nhà giúp Lan cắt lá để gói bánh.
C. Góp tiền mua tặng Lan một cấy áo mới.
D. Góp sách cho Lan đến trường.",C,PNT3,Daily Conversation,high,88346002-a7b4-4be1-aec6-e1e3625416ee,1,EXPERT_REVIEW_PASS,rewrite,"Khi đã hiểu hoàn cảnh gia đình Lan, cô và các bạn đã làm gì?
A. Mua bánh giúp gia đình Lan.
B. Hàng ngày đến nhà giúp Lan cắt lá để gói bánh.
C. Góp tiền mua tặng Lan một tấm áo mới.
D. Góp sách cho Lan đến trường.","Khi đã hiểu hoàn cảnh gia đình Lan, cô với các bạn đã mần chi?
A. Mua bánh giúp gia đình Lan.
B. Hàng ngày đến nhà giúp Lan cắt lá để gói bánh.
C. Góp tiền mua tặng Lan một cấy áo mới.
D. Góp sách cho Lan đến trường.",51,51,1.0,68,3.199390172958374,24.51757415755782,70,3.7116305828094482,40.92047638220179,0.5122404098510742,16.40290222464397,1.6690263122784352
MCQA_0092_2,MCQA,"Khi đã hiểu hoàn cảnh gia đình Lan, cô và các bạn đã làm gì?
A. Mua bánh giúp gia đình Lan.
B. Hàng ngày đến nhà giúp Lan cắt lá để gói bánh.
C. Góp tiền mua tặng Lan một tấm áo mới.
D. Góp sách cho Lan đến trường.",Góp tiền mua tặng Lan một tấm áo mới.,"Khi đã hiểu hoàn cảnh gia đình Lan, cô và mấy bạn đã làm chi?
A. Mua bánh giùm gia đình Lan.
B. Hằng ngày tới nhà phụ Lan cắt lá để gói bánh.
C. Góp tiền mua tặng Lan một tấm áo mới.
D. Góp sách cho Lan tới trường.",C,PNT4,Daily Conversation,high,caa27aaf-592f-49ce-b541-02f33da2b90f,0,EXPERT_AUTO_PASS,rewrite,"Khi đã hiểu hoàn cảnh gia đình Lan, cô và các bạn đã làm gì?
A. Mua bánh giúp gia đình Lan.
B. Hàng ngày đến nhà giúp Lan cắt lá để gói bánh.
C. Góp tiền mua tặng Lan một tấm áo mới.
D. Góp sách cho Lan đến trường.","Khi đã hiểu hoàn cảnh gia đình Lan, cô và mấy bạn đã làm chi?
A. Mua bánh giùm gia đình Lan.
B. Hằng ngày tới nhà phụ Lan cắt lá để gói bánh.
C. Góp tiền mua tặng Lan một tấm áo mới.
D. Góp sách cho Lan tới trường.",51,51,1.0,68,3.199390172958374,24.51757415755782,71,3.568265676498413,35.45504927335291,0.36887550354003906,10.937475115795092,1.446107557195804
MCQA_0123_0,MCQA,"Thuyên và Đồng rủ nhau đi chơi, khi bị lạc đường họ đã làm như thế nào?
A. Trách móc nhau vì đã không phân biệt được đường đi.
B. Ghé vào quán ăn để hỏi đường và ăn cho đỡ đói.
C. Tuyệt vọng ôm nhau khóc giữa đường.
D. Nhìn la bàn để xác định lại phương hướng, đường đi.",Ghé vào quán ăn để hỏi đường và ăn cho đỡ đói.,"Thuyên và Đồng rủ nhau đi chơi, khi bị lạc đường họ đã làm gì?
A. Trách móc nhau vì đã không phân biệt được đường đi.
B. Ghé vào quán ăn để hỏi đường và ăn cho đỡ đói.
C. Tuyệt vọng ôm nhau khóc giữa đường.
D. Nhìn la bàn để xác định lại phương hướng, đường đi.",B,PNB,Daily Conversation,high,c3131d4f-ec3f-4359-bd03-240a3bd2c1e1,1,EXPERT_REVIEW_PASS,rewrite,"Thuyên và Đồng rủ nhau đi chơi, khi bị lạc đường họ đã làm như thế nào?
A. Trách móc nhau vì đã không phân biệt được đường đi.
B. Ghé vào quán ăn để hỏi đường và ăn cho đỡ đói.
C. Tuyệt vọng ôm nhau khóc giữa đường.
D. Nhìn la bàn để xác định lại phương hướng, đường đi.","Thuyên và Đồng rủ nhau đi chơi, khi bị lạc đường họ đã làm gì?
A. Trách móc nhau vì đã không phân biệt được đường đi.
B. Ghé vào quán ăn để hỏi đường và ăn cho đỡ đói.
C. Tuyệt vọng ôm nhau khóc giữa đường.
D. Nhìn la bàn để xác định lại phương hướng, đường đi.",62,60,0.967741935483871,86,3.4209344387054443,30.597993616041812,84,3.4667298793792725,32.03182306361536,0.045795440673828125,1.433829447573551,1.0468602440266483
MCQA_0123_0,MCQA,"Thuyên và Đồng rủ nhau đi chơi, khi bị lạc đường họ đã làm như thế nào?
A. Trách móc nhau vì đã không phân biệt được đường đi.
B. Ghé vào quán ăn để hỏi đường và ăn cho đỡ đói.
C. Tuyệt vọng ôm nhau khóc giữa đường.
D. Nhìn la bàn để xác định lại phương hướng, đường đi.",Ghé vào quán ăn để hỏi đường và ăn cho đỡ đói.,"Thuyên với Đồng rủ nhau đi chơi, khi bị lạc đường họ đã làm sao?
A. Trách móc nhau tại vì hông phân biệt được đường đi.
B. Ghé vô quán ăn để hỏi đường với ăn cho đỡ đói.
C. Tuyệt vọng ôm nhau khóc giữa đường.
D. Nhìn la bàn để xác định lại phương hướng, đường đi.",B,PNN,Daily Conversation,high,88759523-55db-4c51-872d-a8b43438fa82,1,EXPERT_REVIEW_PASS,rewrite,"Thuyên và Đồng rủ nhau đi chơi, khi bị lạc đường họ đã làm như thế nào?
A. Trách móc nhau vì đã không phân biệt được đường đi.
B. Ghé vào quán ăn để hỏi đường và ăn cho đỡ đói.
C. Tuyệt vọng ôm nhau khóc giữa đường.
D. Nhìn la bàn để xác định lại phương hướng, đường đi.","Thuyên với Đồng rủ nhau đi chơi, khi bị lạc đường họ đã làm sao?
A. Trách móc nhau tại vì hông phân biệt được đường đi.
B. Ghé vô quán ăn để hỏi đường với ăn cho đỡ đói.
C. Tuyệt vọng ôm nhau khóc giữa đường.
D. Nhìn la bàn để xác định lại phương hướng, đường đi.",62,60,0.967741935483871,86,3.4209344387054443,30.597993616041812,86,3.899648904800415,49.385107187311746,0.4787144660949707,18.787113571269934,1.613998218543986
MCQA_0123_0,MCQA,"Thuyên và Đồng rủ nhau đi chơi, khi bị lạc đường họ đã làm như thế nào?
A. Trách móc nhau vì đã không phân biệt được đường đi.
B. Ghé vào quán ăn để hỏi đường và ăn cho đỡ đói.
C. Tuyệt vọng ôm nhau khóc giữa đường.
D. Nhìn la bàn để xác định lại phương hướng, đường đi.",Ghé vào quán ăn để hỏi đường và ăn cho đỡ đói.,"Thuyên và Đồng rủ nhau đi chơi, khi bị lạc đường họ đã mần như thế nào ?
A. Trách móc nhau vì đã không phân biệt được đường đi.
B. Ghé vào quán ăn để hỏi đường và ăn cho đỡ đói.
C. Tuyệt vọng ôm nhau khóc giữa đường.
D. Nhìn la bàn để xác định lại phương hướng, đường đi.",B,PNT1,Daily Conversation,high,6b0ccea8-04fe-4c9c-82c8-309e147936f4,0,EXPERT_AUTO_PASS,rewrite,"Thuyên và Đồng rủ nhau đi chơi, khi bị lạc đường họ đã làm như thế nào?
A. Trách móc nhau vì đã không phân biệt được đường đi.
B. Ghé vào quán ăn để hỏi đường và ăn cho đỡ đói.
C. Tuyệt vọng ôm nhau khóc giữa đường.
D. Nhìn la bàn để xác định lại phương hướng, đường đi.","Thuyên và Đồng rủ nhau đi chơi, khi bị lạc đường họ đã mần như thế nào ?
A. Trách móc nhau vì đã không phân biệt được đường đi.
B. Ghé vào quán ăn để hỏi đường và ăn cho đỡ đói.
C. Tuyệt vọng ôm nhau khóc giữa đường.
D. Nhìn la bàn để xác định lại phương hướng, đường đi.",62,63,1.0161290322580645,86,3.4209344387054443,30.597993616041812,87,3.5676393508911133,35.43284982085343,0.14670491218566895,4.834856204811615,1.1580121973186115
MCQA_0123_0,MCQA,"Thuyên và Đồng rủ nhau đi chơi, khi bị lạc đường họ đã làm như thế nào?
A. Trách móc nhau vì đã không phân biệt được đường đi.
B. Ghé vào quán ăn để hỏi đường và ăn cho đỡ đói.
C. Tuyệt vọng ôm nhau khóc giữa đường.
D. Nhìn la bàn để xác định lại phương hướng, đường đi.",Ghé vào quán ăn để hỏi đường và ăn cho đỡ đói.,"Thuyên và Đồng rủ chắc đi chơi, khi bị lạc đường họ đạ mần a răng?
A. Trách móc chắc vì đạ nỏ phân biệt được đường đi.
B. Ghé vô quán ăn để hỏi đường và ăn cho đỡ đói.
C. Tuyệt vọng ôm nhau khóc trửa đường.
D. Nhìn la bàn để xác định lại phương hướng, đường đi.",B,PNT2,Daily Conversation,high,7d958013-3acc-4719-a459-b3a565d57865,0,EXPERT_AUTO_PASS,rewrite,"Thuyên và Đồng rủ nhau đi chơi, khi bị lạc đường họ đã làm như thế nào?
A. Trách móc nhau vì đã không phân biệt được đường đi.
B. Ghé vào quán ăn để hỏi đường và ăn cho đỡ đói.
C. Tuyệt vọng ôm nhau khóc giữa đường.
D. Nhìn la bàn để xác định lại phương hướng, đường đi.","Thuyên và Đồng rủ chắc đi chơi, khi bị lạc đường họ đạ mần a răng?
A. Trách móc chắc vì đạ nỏ phân biệt được đường đi.
B. Ghé vô quán ăn để hỏi đường và ăn cho đỡ đói.
C. Tuyệt vọng ôm nhau khóc trửa đường.
D. Nhìn la bàn để xác định lại phương hướng, đường đi.",62,61,0.9838709677419355,86,3.4209344387054443,30.597993616041812,88,4.525895595550537,92.37862267509902,1.1049611568450928,61.78062905905721,3.0191071948804864
MCQA_0123_0,MCQA,"Thuyên và Đồng rủ nhau đi chơi, khi bị lạc đường họ đã làm như thế nào?
A. Trách móc nhau vì đã không phân biệt được đường đi.
B. Ghé vào quán ăn để hỏi đường và ăn cho đỡ đói.
C. Tuyệt vọng ôm nhau khóc giữa đường.
D. Nhìn la bàn để xác định lại phương hướng, đường đi.",Ghé vào quán ăn để hỏi đường và ăn cho đỡ đói.,"Thuyên và Đồng rủ nhau đi chơi, khi bị lạc đường họ đã làm như răng?
A. Trách móc nhau vì đã không phân biệt được đường đi.
B. Ghé vô quán ăn để hỏi đường và ăn cho đỡ đói.
C. Tuyệt vọng ôm nhau khóc trữa đường.
D. Nhìn la bàn để xác định lại phương hướng, đường đi.",B,PNT3,Daily Conversation,high,a535cb14-6f28-47fa-8989-505a99f839db,2,REVIEW_PASS,rewrite,"Thuyên và Đồng rủ nhau đi chơi, khi bị lạc đường họ đã làm như thế nào?
A. Trách móc nhau vì đã không phân biệt được đường đi.
B. Ghé vào quán ăn để hỏi đường và ăn cho đỡ đói.
C. Tuyệt vọng ôm nhau khóc giữa đường.
D. Nhìn la bàn để xác định lại phương hướng, đường đi.","Thuyên và Đồng rủ nhau đi chơi, khi bị lạc đường họ đã làm như răng?
A. Trách móc nhau vì đã không phân biệt được đường đi.
B. Ghé vô quán ăn để hỏi đường và ăn cho đỡ đói.
C. Tuyệt vọng ôm nhau khóc trữa đường.
D. Nhìn la bàn để xác định lại phương hướng, đường đi.",62,61,0.9838709677419355,86,3.4209344387054443,30.597993616041812,86,3.887965202331543,48.811463952583324,0.46703076362609863,18.213470336541512,1.595250478351385
MCQA_0123_0,MCQA,"Thuyên và Đồng rủ nhau đi chơi, khi bị lạc đường họ đã làm như thế nào?
A. Trách móc nhau vì đã không phân biệt được đường đi.
B. Ghé vào quán ăn để hỏi đường và ăn cho đỡ đói.
C. Tuyệt vọng ôm nhau khóc giữa đường.
D. Nhìn la bàn để xác định lại phương hướng, đường đi.",Ghé vào quán ăn để hỏi đường và ăn cho đỡ đói.,"Thuyên và Đồng rủ nhau đi chơi, khi bị lạc đường họ đã làm ren?
A. Trách móc nhau vì đã không phân biệt được đường đi.
B. Ghé vô quán ăn để hỏi đường và ăn cho đỡ đói.
C. Tuyệt vọng ôm nhau khóc giữa đường.
D. Ngó la bàn để xác định lại phương hướng, đường đi.",B,PNT4,Daily Conversation,high,caa27aaf-592f-49ce-b541-02f33da2b90f,0,EXPERT_AUTO_PASS,rewrite,"Thuyên và Đồng rủ nhau đi chơi, khi bị lạc đường họ đã làm như thế nào?
A. Trách móc nhau vì đã không phân biệt được đường đi.
B. Ghé vào quán ăn để hỏi đường và ăn cho đỡ đói.
C. Tuyệt vọng ôm nhau khóc giữa đường.
D. Nhìn la bàn để xác định lại phương hướng, đường đi.","Thuyên và Đồng rủ nhau đi chơi, khi bị lạc đường họ đã làm ren?
A. Trách móc nhau vì đã không phân biệt được đường đi.
B. Ghé vô quán ăn để hỏi đường và ăn cho đỡ đói.
C. Tuyệt vọng ôm nhau khóc giữa đường.
D. Ngó la bàn để xác định lại phương hướng, đường đi.",62,60,0.967741935483871,86,3.4209344387054443,30.597993616041812,84,3.8559463024139404,47.273330648501144,0.4350118637084961,16.675337032459332,1.5449813880514323
MCQA_0137_3,MCQA,"Người bố nói với con những điều gì qua đoạn cuối bức thư?
A. Khuyên con phải chuẩn bị đầy đủ đồ dùng học tập để đi học.
B. Cho con biết những khó khăn của việc học tập.
C. Kêu gọi, thôi thúc con quyết tâm học tập.
D. Dặn con giữ gìn sách vở và lớp học cẩn thận.","Kêu gọi, thôi thúc con quyết tâm học tập.","Người bố nói với con những điều gì qua đoạn cuối bức thư?
A. Khuyên con phải chuẩn bị đầy đủ đồ dùng học tập để đi học.
B. Cho con biết những khó khăn của việc học tập.
C. Kêu gọi, thôi thúc con quyết tâm học tập.
D. Dặn con giữ gìn sách vở và lớp học cẩn thận.",C,PNB,Daily Conversation,high,c3131d4f-ec3f-4359-bd03-240a3bd2c1e1,0,EXPERT_AUTO_PASS,rewrite,"Người bố nói với con những điều gì qua đoạn cuối bức thư?
A. Khuyên con phải chuẩn bị đầy đủ đồ dùng học tập để đi học.
B. Cho con biết những khó khăn của việc học tập.
C. Kêu gọi, thôi thúc con quyết tâm học tập.
D. Dặn con giữ gìn sách vở và lớp học cẩn thận.","Người bố nói với con những điều gì qua đoạn cuối bức thư?
A. Khuyên con phải chuẩn bị đầy đủ đồ dùng học tập để đi học.
B. Cho con biết những khó khăn của việc học tập.
C. Kêu gọi, thôi thúc con quyết tâm học tập.
D. Dặn con giữ gìn sách vở và lớp học cẩn thận.",61,61,1.0,79,2.8072900772094727,16.564967556777138,79,2.8072900772094727,16.564967556777138,0.0,0.0,1.0
MCQA_0137_3,MCQA,"Người bố nói với con những điều gì qua đoạn cuối bức thư?
A. Khuyên con phải chuẩn bị đầy đủ đồ dùng học tập để đi học.
B. Cho con biết những khó khăn của việc học tập.
C. Kêu gọi, thôi thúc con quyết tâm học tập.
D. Dặn con giữ gìn sách vở và lớp học cẩn thận.","Kêu gọi, thôi thúc con quyết tâm học tập.","Ba nói với con mấy điều gì qua đoạn cuối bức thư?
A. Khuyên con phải chuẩn bị đầy đủ đồ dùng học tập đặng đi học.
B. Cho con biết những khó khăn của việc học hành.
C. Kêu gọi, thôi thúc con quyết tâm học hành.
D. Dặn con giữ gìn sách vở và lớp học cẩn thận.",C,PNN,Daily Conversation,high,88759523-55db-4c51-872d-a8b43438fa82,1,EXPERT_REVIEW_PASS,rewrite,"Người bố nói với con những điều gì qua đoạn cuối bức thư?
A. Khuyên con phải chuẩn bị đầy đủ đồ dùng học tập để đi học.
B. Cho con biết những khó khăn của việc học tập.
C. Kêu gọi, thôi thúc con quyết tâm học tập.
D. Dặn con giữ gìn sách vở và lớp học cẩn thận.","Ba nói với con mấy điều gì qua đoạn cuối bức thư?
A. Khuyên con phải chuẩn bị đầy đủ đồ dùng học tập đặng đi học.
B. Cho con biết những khó khăn của việc học hành.
C. Kêu gọi, thôi thúc con quyết tâm học hành.
D. Dặn con giữ gìn sách vở và lớp học cẩn thận.",61,60,0.9836065573770492,79,2.8072900772094727,16.564967556777138,78,3.1320271492004395,22.920395541964396,0.3247370719909668,6.355427985187259,1.383666793394177
MCQA_0137_3,MCQA,"Người bố nói với con những điều gì qua đoạn cuối bức thư?
A. Khuyên con phải chuẩn bị đầy đủ đồ dùng học tập để đi học.
B. Cho con biết những khó khăn của việc học tập.
C. Kêu gọi, thôi thúc con quyết tâm học tập.
D. Dặn con giữ gìn sách vở và lớp học cẩn thận.","Kêu gọi, thôi thúc con quyết tâm học tập.","Người bố nói với con những việc gì qua đoạn cuối bức thư?
A. Dặn con phải chuẩn bị đầy đủ đồ dùng học tập để đi học.
B. Cho con biết những khó khăn của việc học tập.
C. Kêu gọi, giục con quyết tâm học tập.
D. Dặn con giữ gìn sách vở và lớp học cẩn thận.",C,PNT1,Daily Conversation,high,6b0ccea8-04fe-4c9c-82c8-309e147936f4,0,EXPERT_AUTO_PASS,rewrite,"Người bố nói với con những điều gì qua đoạn cuối bức thư?
A. Khuyên con phải chuẩn bị đầy đủ đồ dùng học tập để đi học.
B. Cho con biết những khó khăn của việc học tập.
C. Kêu gọi, thôi thúc con quyết tâm học tập.
D. Dặn con giữ gìn sách vở và lớp học cẩn thận.","Người bố nói với con những việc gì qua đoạn cuối bức thư?
A. Dặn con phải chuẩn bị đầy đủ đồ dùng học tập để đi học.
B. Cho con biết những khó khăn của việc học tập.
C. Kêu gọi, giục con quyết tâm học tập.
D. Dặn con giữ gìn sách vở và lớp học cẩn thận.",61,60,0.9836065573770492,79,2.8072900772094727,16.564967556777138,80,2.7527847290039062,15.686253083313531,-0.054505348205566406,-0.8787144734636065,0.9469534443425999
MCQA_0137_3,MCQA,"Người bố nói với con những điều gì qua đoạn cuối bức thư?
A. Khuyên con phải chuẩn bị đầy đủ đồ dùng học tập để đi học.
B. Cho con biết những khó khăn của việc học tập.
C. Kêu gọi, thôi thúc con quyết tâm học tập.
D. Dặn con giữ gìn sách vở và lớp học cẩn thận.","Kêu gọi, thôi thúc con quyết tâm học tập.","Người bố nói với con những điều chi qua đoạn cuối bức thư?
A. Khuyên con phải chuẩn bị đầy đủ đồ dùng học tập để đi học.
B. Cho con biết nhửng khó khăn của việc học tập.
C. Kêu gọi, thôi thúc con quyết tâm học tập.
D. Dặn con giữ gìn sách vở và lớp học cẩn thận.",C,PNT2,Daily Conversation,high,603effb8-c882-4227-b5de-d83ea8816911,1,EXPERT_REVIEW_PASS,rewrite,"Người bố nói với con những điều gì qua đoạn cuối bức thư?
A. Khuyên con phải chuẩn bị đầy đủ đồ dùng học tập để đi học.
B. Cho con biết những khó khăn của việc học tập.
C. Kêu gọi, thôi thúc con quyết tâm học tập.
D. Dặn con giữ gìn sách vở và lớp học cẩn thận.","Người bố nói với con những điều chi qua đoạn cuối bức thư?
A. Khuyên con phải chuẩn bị đầy đủ đồ dùng học tập để đi học.
B. Cho con biết nhửng khó khăn của việc học tập.
C. Kêu gọi, thôi thúc con quyết tâm học tập.
D. Dặn con giữ gìn sách vở và lớp học cẩn thận.",61,61,1.0,79,2.8072900772094727,16.564967556777138,81,3.063838481903076,21.409579924965886,0.2565484046936035,4.8446123681887485,1.2924613254800308
MCQA_0137_3,MCQA,"Người bố nói với con những điều gì qua đoạn cuối bức thư?
A. Khuyên con phải chuẩn bị đầy đủ đồ dùng học tập để đi học.
B. Cho con biết những khó khăn của việc học tập.
C. Kêu gọi, thôi thúc con quyết tâm học tập.
D. Dặn con giữ gìn sách vở và lớp học cẩn thận.","Kêu gọi, thôi thúc con quyết tâm học tập.","Người cha nói với con những cấy chi trong đoạn cuối bức thư?
A. Kêu con phải chuẩn bị đầy đủ đồ dùng học tập để đi học.
B. Cho con biết những khó khăn của việc học tập.
C. Kêu gọi, thôi thúc con quyết tâm học tập.
D. Dặn con giữ gìn sách vở và lớp học cẩn thận.",C,PNT3,Daily Conversation,high,88346002-a7b4-4be1-aec6-e1e3625416ee,1,EXPERT_REVIEW_PASS,rewrite,"Người bố nói với con những điều gì qua đoạn cuối bức thư?
A. Khuyên con phải chuẩn bị đầy đủ đồ dùng học tập để đi học.
B. Cho con biết những khó khăn của việc học tập.
C. Kêu gọi, thôi thúc con quyết tâm học tập.
D. Dặn con giữ gìn sách vở và lớp học cẩn thận.","Người cha nói với con những cấy chi trong đoạn cuối bức thư?
A. Kêu con phải chuẩn bị đầy đủ đồ dùng học tập để đi học.
B. Cho con biết những khó khăn của việc học tập.
C. Kêu gọi, thôi thúc con quyết tâm học tập.
D. Dặn con giữ gìn sách vở và lớp học cẩn thận.",61,61,1.0,79,2.8072900772094727,16.564967556777138,80,3.0993235111236572,22.182939692481103,0.29203343391418457,5.617972135703965,1.3391477898431208
MCQA_0137_3,MCQA,"Người bố nói với con những điều gì qua đoạn cuối bức thư?
A. Khuyên con phải chuẩn bị đầy đủ đồ dùng học tập để đi học.
B. Cho con biết những khó khăn của việc học tập.
C. Kêu gọi, thôi thúc con quyết tâm học tập.
D. Dặn con giữ gìn sách vở và lớp học cẩn thận.","Kêu gọi, thôi thúc con quyết tâm học tập.","Người bố nói với con những điều chi qua đoạn cuối bức thư?
A. Khuyên con phải chuẩn bị đầy đủ đồ dùng học tập để đi học.
B. Cho con biết những khó khăn của việc học tập.
C. Kêu gọi, thôi thúc con quyết tâm học tập.
D. Dặn con giữ gìn sách vở và lớp học cẩn thận.",C,PNT4,Daily Conversation,high,eb3805e3-c095-4a6c-8697-9f6079168a64,2,REVIEW_PASS,rewrite,"Người bố nói với con những điều gì qua đoạn cuối bức thư?
A. Khuyên con phải chuẩn bị đầy đủ đồ dùng học tập để đi học.
B. Cho con biết những khó khăn của việc học tập.
C. Kêu gọi, thôi thúc con quyết tâm học tập.
D. Dặn con giữ gìn sách vở và lớp học cẩn thận.","Người bố nói với con những điều chi qua đoạn cuối bức thư?
A. Khuyên con phải chuẩn bị đầy đủ đồ dùng học tập để đi học.
B. Cho con biết những khó khăn của việc học tập.
C. Kêu gọi, thôi thúc con quyết tâm học tập.
D. Dặn con giữ gìn sách vở và lớp học cẩn thận.",61,61,1.0,79,2.8072900772094727,16.564967556777138,79,2.9322669506073,18.77013326763982,0.12497687339782715,2.2051657108626834,1.1331222474963736
MCQA_0141_2,MCQA,"Tại sao tác giả thấy lá cọ giống như mặt trời?
A. Vì cọ có màu xanh.
B. Vì cọ mọc rất nhiều trên đồi.
C. Vì cọ có quả ăn rất bùi.
D. Vì lá cọ hình quạt, cũng có những gân lá xòe ra như mặt trời.","Vì lá cọ hình quạt, cũng có những gân lá xòe ra như mặt trời.","Tại sao tác giả thấy lá cọ giống như mặt trời?
A. Vì cọ có màu xanh.
B. Vì cọ mọc rất nhiều trên đồi.
C. Vì cọ có quả ăn rất bùi.
D. Vì lá cọ hình quạt, cũng có những gân lá xòe ra như mặt trời.",D,PNB,Daily Conversation,high,291aae44-1453-4283-9067-782588cd28ff,0,EXPERT_AUTO_PASS,rewrite,"Tại sao tác giả thấy lá cọ giống như mặt trời?
A. Vì cọ có màu xanh.
B. Vì cọ mọc rất nhiều trên đồi.
C. Vì cọ có quả ăn rất bùi.
D. Vì lá cọ hình quạt, cũng có những gân lá xòe ra như mặt trời.","Tại sao tác giả thấy lá cọ giống như mặt trời?
A. Vì cọ có màu xanh.
B. Vì cọ mọc rất nhiều trên đồi.
C. Vì cọ có quả ăn rất bùi.
D. Vì lá cọ hình quạt, cũng có những gân lá xòe ra như mặt trời.",49,49,1.0,75,2.75642466545105,15.743454088487058,75,2.75642466545105,15.743454088487058,0.0,0.0,1.0
MCQA_0141_2,MCQA,"Tại sao tác giả thấy lá cọ giống như mặt trời?
A. Vì cọ có màu xanh.
B. Vì cọ mọc rất nhiều trên đồi.
C. Vì cọ có quả ăn rất bùi.
D. Vì lá cọ hình quạt, cũng có những gân lá xòe ra như mặt trời.","Vì lá cọ hình quạt, cũng có những gân lá xòe ra như mặt trời.","Sao tác giả thấy cái lá cọ giống như mặt trời?
A. Tại cọ có màu xanh.
B. Tại cọ mọc rất nhiều trên đồi.
C. Tại cọ có trái ăn rất bùi.
D. Tại cái lá cọ hình quạt, cũng có mấy cái gân lá xòe ra như mặt trời.",D,PNN,Daily Conversation,high,88759523-55db-4c51-872d-a8b43438fa82,1,EXPERT_REVIEW_PASS,rewrite,"Tại sao tác giả thấy lá cọ giống như mặt trời?
A. Vì cọ có màu xanh.
B. Vì cọ mọc rất nhiều trên đồi.
C. Vì cọ có quả ăn rất bùi.
D. Vì lá cọ hình quạt, cũng có những gân lá xòe ra như mặt trời.","Sao tác giả thấy cái lá cọ giống như mặt trời?
A. Tại cọ có màu xanh.
B. Tại cọ mọc rất nhiều trên đồi.
C. Tại cọ có trái ăn rất bùi.
D. Tại cái lá cọ hình quạt, cũng có mấy cái gân lá xòe ra như mặt trời.",49,51,1.0408163265306123,75,2.75642466545105,15.743454088487058,76,3.202608585357666,24.596608937263206,0.4461839199066162,8.853154848776148,1.5623387853146105
MCQA_0141_2,MCQA,"Tại sao tác giả thấy lá cọ giống như mặt trời?
A. Vì cọ có màu xanh.
B. Vì cọ mọc rất nhiều trên đồi.
C. Vì cọ có quả ăn rất bùi.
D. Vì lá cọ hình quạt, cũng có những gân lá xòe ra như mặt trời.","Vì lá cọ hình quạt, cũng có những gân lá xòe ra như mặt trời.","Tại sao tác giả thấy lá cọ giống như mặt trời?
A. Vì cọ có màu xanh.
B. Vì cọ mọc rất nhiều trên đồi.
C. Vì cọ có quả ăn rất bùi.
D. Vì lá cọ hình quạt, cũng có những gân lá xòe ra như mặt trời.",D,PNT1,Daily Conversation,high,6b0ccea8-04fe-4c9c-82c8-309e147936f4,0,EXPERT_AUTO_PASS,rewrite,"Tại sao tác giả thấy lá cọ giống như mặt trời?
A. Vì cọ có màu xanh.
B. Vì cọ mọc rất nhiều trên đồi.
C. Vì cọ có quả ăn rất bùi.
D. Vì lá cọ hình quạt, cũng có những gân lá xòe ra như mặt trời.","Tại sao tác giả thấy lá cọ giống như mặt trời?
A. Vì cọ có màu xanh.
B. Vì cọ mọc rất nhiều trên đồi.
C. Vì cọ có quả ăn rất bùi.
D. Vì lá cọ hình quạt, cũng có những gân lá xòe ra như mặt trời.",49,49,1.0,75,2.75642466545105,15.743454088487058,75,2.75642466545105,15.743454088487058,0.0,0.0,1.0
MCQA_0141_2,MCQA,"Tại sao tác giả thấy lá cọ giống như mặt trời?
A. Vì cọ có màu xanh.
B. Vì cọ mọc rất nhiều trên đồi.
C. Vì cọ có quả ăn rất bùi.
D. Vì lá cọ hình quạt, cũng có những gân lá xòe ra như mặt trời.","Vì lá cọ hình quạt, cũng có những gân lá xòe ra như mặt trời.","Vì răng mà tác giả thấy lá cọ giống như mặt trời?
A. Vì cọ có màu xanh.
B. Vì cọ mọc rất nhiều trên đồi.
C. Vì cọ có quả ăn rất bùi.
D. Vì lá cọ hình quạt, còn có những gân lá xòe ra như mặt trời.",D,PNT2,Daily Conversation,high,9bd8c7fb-25fa-4b2d-9c1d-ab9f97e7731e,0,EXPERT_AUTO_PASS,rewrite,"Tại sao tác giả thấy lá cọ giống như mặt trời?
A. Vì cọ có màu xanh.
B. Vì cọ mọc rất nhiều trên đồi.
C. Vì cọ có quả ăn rất bùi.
D. Vì lá cọ hình quạt, cũng có những gân lá xòe ra như mặt trời.","Vì răng mà tác giả thấy lá cọ giống như mặt trời?
A. Vì cọ có màu xanh.
B. Vì cọ mọc rất nhiều trên đồi.
C. Vì cọ có quả ăn rất bùi.
D. Vì lá cọ hình quạt, còn có những gân lá xòe ra như mặt trời.",49,50,1.0204081632653061,75,2.75642466545105,15.743454088487058,75,3.183479070663452,24.130559605958624,0.42705440521240234,8.387105517471566,1.5327360482859302
MCQA_0141_2,MCQA,"Tại sao tác giả thấy lá cọ giống như mặt trời?
A. Vì cọ có màu xanh.
B. Vì cọ mọc rất nhiều trên đồi.
C. Vì cọ có quả ăn rất bùi.
D. Vì lá cọ hình quạt, cũng có những gân lá xòe ra như mặt trời.","Vì lá cọ hình quạt, cũng có những gân lá xòe ra như mặt trời.","Tại răng tác giả thấy lá cọ giống như mặt trời?
A. Vì cọ có màu xanh.
B. Vì cọ mọc rất nhiều trên đồi.
C. Vì cọ có quả ăn rất bùi.
D. Vì lá cọ hình quạt, cũng có mấy gân lá xòe ra như mặt trời.",D,PNT3,Daily Conversation,high,e99ab2ee-5e8e-4d70-ac05-869071c9a49c,1,EXPERT_REVIEW_PASS,rewrite,"Tại sao tác giả thấy lá cọ giống như mặt trời?
A. Vì cọ có màu xanh.
B. Vì cọ mọc rất nhiều trên đồi.
C. Vì cọ có quả ăn rất bùi.
D. Vì lá cọ hình quạt, cũng có những gân lá xòe ra như mặt trời.","Tại răng tác giả thấy lá cọ giống như mặt trời?
A. Vì cọ có màu xanh.
B. Vì cọ mọc rất nhiều trên đồi.
C. Vì cọ có quả ăn rất bùi.
D. Vì lá cọ hình quạt, cũng có mấy gân lá xòe ra như mặt trời.",49,49,1.0,75,2.75642466545105,15.743454088487058,74,3.3172502517700195,27.5843960342955,0.5608255863189697,11.840941945808444,1.7521184283484232
MCQA_0141_2,MCQA,"Tại sao tác giả thấy lá cọ giống như mặt trời?
A. Vì cọ có màu xanh.
B. Vì cọ mọc rất nhiều trên đồi.
C. Vì cọ có quả ăn rất bùi.
D. Vì lá cọ hình quạt, cũng có những gân lá xòe ra như mặt trời.","Vì lá cọ hình quạt, cũng có những gân lá xòe ra như mặt trời.","Tại răng tác giả thấy lá cọ giống như mặt trời?
A. Vì cọ có màu xanh.
B. Vì cọ mọc rất nhiều trên đồi.
C. Vì cọ có quả ăn rất bùi.
D. Vì lá cọ hình quạt, cũng có những gân lá xòe ra như mặt trời.",D,PNT4,Daily Conversation,high,caa27aaf-592f-49ce-b541-02f33da2b90f,0,EXPERT_AUTO_PASS,rewrite,"Tại sao tác giả thấy lá cọ giống như mặt trời?
A. Vì cọ có màu xanh.
B. Vì cọ mọc rất nhiều trên đồi.
C. Vì cọ có quả ăn rất bùi.
D. Vì lá cọ hình quạt, cũng có những gân lá xòe ra như mặt trời.","Tại răng tác giả thấy lá cọ giống như mặt trời?
A. Vì cọ có màu xanh.
B. Vì cọ mọc rất nhiều trên đồi.
C. Vì cọ có quả ăn rất bùi.
D. Vì lá cọ hình quạt, cũng có những gân lá xòe ra như mặt trời.",49,49,1.0,75,2.75642466545105,15.743454088487058,74,3.2817273139953613,26.62171707275178,0.5253026485443115,10.87826298426472,1.6909705407163365
MCQA_0144_3,MCQA,"Khi mẹ đi vắng, hai chị em đã làm những việc gì?
A. Hai chị em giúp bố nấu cơm.
B. Hai chị em giúp bố nấu cơm và chăm đàn ngan.
C. Chị hái lá cho thỏ, em thì chăm đàn ngan.
D. Chi và em ra vườn chăm cây cối.","Chị hái lá cho thỏ, em thì chăm đàn ngan.","Khi mẹ đi vắng, hai chị em đã làm những việc gì?
A. Hai chị em giúp bố nấu cơm.
B. Hai chị em giúp bố nấu cơm và chăm đàn ngan.
C. Chị hái lá cho thỏ, em thì chăm đàn ngan.
D. Chị và em ra vườn chăm cây cối.",C,PNB,Daily Conversation,high,c3131d4f-ec3f-4359-bd03-240a3bd2c1e1,0,EXPERT_AUTO_PASS,rewrite,"Khi mẹ đi vắng, hai chị em đã làm những việc gì?
A. Hai chị em giúp bố nấu cơm.
B. Hai chị em giúp bố nấu cơm và chăm đàn ngan.
C. Chị hái lá cho thỏ, em thì chăm đàn ngan.
D. Chi và em ra vườn chăm cây cối.","Khi mẹ đi vắng, hai chị em đã làm những việc gì?
A. Hai chị em giúp bố nấu cơm.
B. Hai chị em giúp bố nấu cơm và chăm đàn ngan.
C. Chị hái lá cho thỏ, em thì chăm đàn ngan.
D. Chị và em ra vườn chăm cây cối.",52,52,1.0,71,3.1856536865234375,24.183091401123818,71,3.091032028198242,21.9997706476739,-0.09462165832519531,-2.1833207534499195,0.9097170532404117
MCQA_0144_3,MCQA,"Khi mẹ đi vắng, hai chị em đã làm những việc gì?
A. Hai chị em giúp bố nấu cơm.
B. Hai chị em giúp bố nấu cơm và chăm đàn ngan.
C. Chị hái lá cho thỏ, em thì chăm đàn ngan.
D. Chi và em ra vườn chăm cây cối.","Chị hái lá cho thỏ, em thì chăm đàn ngan.","Lúc má đi vắng, hai chị em làm mấy việc gì?
A. Hai chị em phụ ba nấu cơm.
B. Hai chị em phụ ba nấu cơm với chăm bầy vịt xiêm.
C. Chị hái lá cho thỏ, em thì chăm bầy vịt xiêm.
D. Chi với em ra vườn chăm cây cối.",C,PNN,Daily Conversation,high,88759523-55db-4c51-872d-a8b43438fa82,1,EXPERT_REVIEW_PASS,rewrite,"Khi mẹ đi vắng, hai chị em đã làm những việc gì?
A. Hai chị em giúp bố nấu cơm.
B. Hai chị em giúp bố nấu cơm và chăm đàn ngan.
C. Chị hái lá cho thỏ, em thì chăm đàn ngan.
D. Chi và em ra vườn chăm cây cối.","Lúc má đi vắng, hai chị em làm mấy việc gì?
A. Hai chị em phụ ba nấu cơm.
B. Hai chị em phụ ba nấu cơm với chăm bầy vịt xiêm.
C. Chị hái lá cho thỏ, em thì chăm bầy vịt xiêm.
D. Chi với em ra vườn chăm cây cối.",52,53,1.0192307692307692,71,3.1856536865234375,24.183091401123818,76,3.420034885406494,30.570481466121084,0.23438119888305664,6.387390064997266,1.2641262839001814
MCQA_0144_3,MCQA,"Khi mẹ đi vắng, hai chị em đã làm những việc gì?
A. Hai chị em giúp bố nấu cơm.
B. Hai chị em giúp bố nấu cơm và chăm đàn ngan.
C. Chị hái lá cho thỏ, em thì chăm đàn ngan.
D. Chi và em ra vườn chăm cây cối.","Chị hái lá cho thỏ, em thì chăm đàn ngan.","Khi mẹ đi vắng, hai chị em đã làm những việc gì?
A. Hai chị em giúp bố nấu cơm.
B. Hai chị em giúp bố nấu cơm và chăm đàn ngan.
C. Chị hái lá cho thỏ, em thì chăm đàn ngan.
D. Chi và em ra vườn chăm cây cối.",C,PNT1,Daily Conversation,high,6b0ccea8-04fe-4c9c-82c8-309e147936f4,0,EXPERT_AUTO_PASS,rewrite,"Khi mẹ đi vắng, hai chị em đã làm những việc gì?
A. Hai chị em giúp bố nấu cơm.
B. Hai chị em giúp bố nấu cơm và chăm đàn ngan.
C. Chị hái lá cho thỏ, em thì chăm đàn ngan.
D. Chi và em ra vườn chăm cây cối.","Khi mẹ đi vắng, hai chị em đã làm những việc gì?
A. Hai chị em giúp bố nấu cơm.
B. Hai chị em giúp bố nấu cơm và chăm đàn ngan.
C. Chị hái lá cho thỏ, em thì chăm đàn ngan.
D. Chi và em ra vườn chăm cây cối.",52,52,1.0,71,3.1856536865234375,24.183091401123818,71,3.1856536865234375,24.183091401123818,0.0,0.0,1.0
MCQA_0144_3,MCQA,"Khi mẹ đi vắng, hai chị em đã làm những việc gì?
A. Hai chị em giúp bố nấu cơm.
B. Hai chị em giúp bố nấu cơm và chăm đàn ngan.
C. Chị hái lá cho thỏ, em thì chăm đàn ngan.
D. Chi và em ra vườn chăm cây cối.","Chị hái lá cho thỏ, em thì chăm đàn ngan.","Khi mẹ đi vắng, hai chị em đạ mần những việc chi?
A. Hai chị em giúp bố nấu cơm.
B. Hai chị em giúp bố nấu cơm và chăm đàn ngan.
C. Chị hái lá cho thỏ, em thì chăm đàn ngan.
D. Chi và em ra vườn chăm cây cối.",C,PNT2,Daily Conversation,high,7d958013-3acc-4719-a459-b3a565d57865,0,EXPERT_AUTO_PASS,rewrite,"Khi mẹ đi vắng, hai chị em đã làm những việc gì?
A. Hai chị em giúp bố nấu cơm.
B. Hai chị em giúp bố nấu cơm và chăm đàn ngan.
C. Chị hái lá cho thỏ, em thì chăm đàn ngan.
D. Chi và em ra vườn chăm cây cối.","Khi mẹ đi vắng, hai chị em đạ mần những việc chi?
A. Hai chị em giúp bố nấu cơm.
B. Hai chị em giúp bố nấu cơm và chăm đàn ngan.
C. Chị hái lá cho thỏ, em thì chăm đàn ngan.
D. Chi và em ra vườn chăm cây cối.",52,52,1.0,71,3.1856536865234375,24.183091401123818,73,3.5616655349731445,35.221811478280564,0.37601184844970703,11.038720077156746,1.4564643905139343
MCQA_0144_3,MCQA,"Khi mẹ đi vắng, hai chị em đã làm những việc gì?
A. Hai chị em giúp bố nấu cơm.
B. Hai chị em giúp bố nấu cơm và chăm đàn ngan.
C. Chị hái lá cho thỏ, em thì chăm đàn ngan.
D. Chi và em ra vườn chăm cây cối.","Chị hái lá cho thỏ, em thì chăm đàn ngan.","Khi mẹ đi vắng, hai chị em đã làm chi?
A. Hai chị em giúp bọ nấu cơm.
B. Hai chị em giúp bọ nấu cơm với chăm đàn ngan.
C. Chị hái lá cho thỏ, em thì chăm đàn ngan.
D. Chi với em ra vườn chăm cây cối.",C,PNT3,Daily Conversation,high,e99ab2ee-5e8e-4d70-ac05-869071c9a49c,1,EXPERT_REVIEW_PASS,rewrite,"Khi mẹ đi vắng, hai chị em đã làm những việc gì?
A. Hai chị em giúp bố nấu cơm.
B. Hai chị em giúp bố nấu cơm và chăm đàn ngan.
C. Chị hái lá cho thỏ, em thì chăm đàn ngan.
D. Chi và em ra vườn chăm cây cối.","Khi mẹ đi vắng, hai chị em đã làm chi?
A. Hai chị em giúp bọ nấu cơm.
B. Hai chị em giúp bọ nấu cơm với chăm đàn ngan.
C. Chị hái lá cho thỏ, em thì chăm đàn ngan.
D. Chi với em ra vườn chăm cây cối.",52,50,0.9615384615384616,71,3.1856536865234375,24.183091401123818,71,3.660731315612793,38.88977317260287,0.47507762908935547,14.706681771479055,1.608139031008898
MCQA_0144_3,MCQA,"Khi mẹ đi vắng, hai chị em đã làm những việc gì?
A. Hai chị em giúp bố nấu cơm.
B. Hai chị em giúp bố nấu cơm và chăm đàn ngan.
C. Chị hái lá cho thỏ, em thì chăm đàn ngan.
D. Chi và em ra vườn chăm cây cối.","Chị hái lá cho thỏ, em thì chăm đàn ngan.","Khi mẹ đi vắng, hai chị em đã làm những việc chi?
A. Hai chị em giúp ba nấu cơm.
B. Hai chị em giúp ba nấu cơm và giữ đàn ngan.
C. Chị hái lá cho thỏ, em thì giữ đàn ngan.
D. Chi và em ra vườn chăm cây cối.",C,PNT4,Daily Conversation,high,5ea76d15-516d-4285-a781-7b1c6a04a627,0,EXPERT_AUTO_PASS,rewrite,"Khi mẹ đi vắng, hai chị em đã làm những việc gì?
A. Hai chị em giúp bố nấu cơm.
B. Hai chị em giúp bố nấu cơm và chăm đàn ngan.
C. Chị hái lá cho thỏ, em thì chăm đàn ngan.
D. Chi và em ra vườn chăm cây cối.","Khi mẹ đi vắng, hai chị em đã làm những việc chi?
A. Hai chị em giúp ba nấu cơm.
B. Hai chị em giúp ba nấu cơm và giữ đàn ngan.
C. Chị hái lá cho thỏ, em thì giữ đàn ngan.
D. Chi và em ra vườn chăm cây cối.",52,52,1.0,71,3.1856536865234375,24.183091401123818,71,3.419797658920288,30.563230198351643,0.23414397239685059,6.380138797227826,1.2638264352311603
MCQA_0151_3,MCQA,"Như thế nào thì được gọi là “nai tắm suối”?
A. Nai bơi ở dòng suối.
B. Nai đứng giữa nước suối.
C. Nai uống nước ở suối.
D. Nai đứng cạnh bờ suối.",Nai đứng giữa nước suối.,"Như thế nào thì được gọi là “nai tắm suối”?
A. Nai bơi ở dòng suối.
B. Nai đứng giữa nước suối.
C. Nai uống nước ở suối.
D. Nai đứng cạnh bờ suối.",B,PNB,Daily Conversation,high,291aae44-1453-4283-9067-782588cd28ff,0,EXPERT_AUTO_PASS,rewrite,"Như thế nào thì được gọi là “nai tắm suối”?
A. Nai bơi ở dòng suối.
B. Nai đứng giữa nước suối.
C. Nai uống nước ở suối.
D. Nai đứng cạnh bờ suối.","Như thế nào thì được gọi là “nai tắm suối”?
A. Nai bơi ở dòng suối.
B. Nai đứng giữa nước suối.
C. Nai uống nước ở suối.
D. Nai đứng cạnh bờ suối.",34,34,1.0,58,2.1937217712402344,8.968529894152697,58,2.1937217712402344,8.968529894152697,0.0,0.0,1.0
MCQA_0151_3,MCQA,"Như thế nào thì được gọi là “nai tắm suối”?
A. Nai bơi ở dòng suối.
B. Nai đứng giữa nước suối.
C. Nai uống nước ở suối.
D. Nai đứng cạnh bờ suối.",Nai đứng giữa nước suối.,"Thế nào thì được kêu là “nai tắm suối”?
A. Nai bơi ở dòng suối.
B. Nai đứng giữa nước suối.
C. Nai uống nước ở suối.
D. Nai đứng kế bên bờ suối.",B,PNN,Daily Conversation,high,88759523-55db-4c51-872d-a8b43438fa82,1,EXPERT_REVIEW_PASS,rewrite,"Như thế nào thì được gọi là “nai tắm suối”?
A. Nai bơi ở dòng suối.
B. Nai đứng giữa nước suối.
C. Nai uống nước ở suối.
D. Nai đứng cạnh bờ suối.","Thế nào thì được kêu là “nai tắm suối”?
A. Nai bơi ở dòng suối.
B. Nai đứng giữa nước suối.
C. Nai uống nước ở suối.
D. Nai đứng kế bên bờ suối.",34,34,1.0,58,2.1937217712402344,8.968529894152697,59,2.4538416862487793,11.632951134687438,0.2601199150085449,2.6644212405347414,1.2970856173732432
MCQA_0151_3,MCQA,"Như thế nào thì được gọi là “nai tắm suối”?
A. Nai bơi ở dòng suối.
B. Nai đứng giữa nước suối.
C. Nai uống nước ở suối.
D. Nai đứng cạnh bờ suối.",Nai đứng giữa nước suối.,"Như nào thì được gọi là “nai tắm suối”?
A. Nai bơi ở dòng suối.
B. Nai đứng giữa nước suối.
C. Nai uống nước ở suối.
D. Nai đứng cạnh bờ suối.",B,PNT1,Daily Conversation,high,6b0ccea8-04fe-4c9c-82c8-309e147936f4,0,EXPERT_AUTO_PASS,rewrite,"Như thế nào thì được gọi là “nai tắm suối”?
A. Nai bơi ở dòng suối.
B. Nai đứng giữa nước suối.
C. Nai uống nước ở suối.
D. Nai đứng cạnh bờ suối.","Như nào thì được gọi là “nai tắm suối”?
A. Nai bơi ở dòng suối.
B. Nai đứng giữa nước suối.
C. Nai uống nước ở suối.
D. Nai đứng cạnh bờ suối.",34,33,0.9705882352941176,58,2.1937217712402344,8.968529894152697,57,2.2966980934143066,9.941302948482143,0.10297632217407227,0.9727730543294459,1.1084651627201103
MCQA_0151_3,MCQA,"Như thế nào thì được gọi là “nai tắm suối”?
A. Nai bơi ở dòng suối.
B. Nai đứng giữa nước suối.
C. Nai uống nước ở suối.
D. Nai đứng cạnh bờ suối.",Nai đứng giữa nước suối.,"A răng thì được gọi là “nai tắm suối”?
A. Nai bơi ở dòng suối.
B. Nai đứng trửa nước suối.
C. Nai uống nước ở suối.
D. Nai đứng cạnh bờ suối.",B,PNT2,Daily Conversation,high,7d958013-3acc-4719-a459-b3a565d57865,0,EXPERT_AUTO_PASS,rewrite,"Như thế nào thì được gọi là “nai tắm suối”?
A. Nai bơi ở dòng suối.
B. Nai đứng giữa nước suối.
C. Nai uống nước ở suối.
D. Nai đứng cạnh bờ suối.","A răng thì được gọi là “nai tắm suối”?
A. Nai bơi ở dòng suối.
B. Nai đứng trửa nước suối.
C. Nai uống nước ở suối.
D. Nai đứng cạnh bờ suối.",34,33,0.9705882352941176,58,2.1937217712402344,8.968529894152697,57,2.956350564956665,19.22767341375051,0.7626287937164307,10.259143519597812,2.1439047024068647
MCQA_0151_3,MCQA,"Như thế nào thì được gọi là “nai tắm suối”?
A. Nai bơi ở dòng suối.
B. Nai đứng giữa nước suối.
C. Nai uống nước ở suối.
D. Nai đứng cạnh bờ suối.",Nai đứng giữa nước suối.,"Dư răng thì được gọi là “nai tắm suối”?
A. Nai bơi ở dòng suối.
B. Nai đứng giữa nước suối.
C. Nai uống nác ở suối.
D. Nai đứng cạnh bờ suối.",B,PNT3,Daily Conversation,high,60eb0c6c-808a-4dce-b64c-457d29ee614d,0,EXPERT_AUTO_PASS,rewrite,"Như thế nào thì được gọi là “nai tắm suối”?
A. Nai bơi ở dòng suối.
B. Nai đứng giữa nước suối.
C. Nai uống nước ở suối.
D. Nai đứng cạnh bờ suối.","Dư răng thì được gọi là “nai tắm suối”?
A. Nai bơi ở dòng suối.
B. Nai đứng giữa nước suối.
C. Nai uống nác ở suối.
D. Nai đứng cạnh bờ suối.",34,33,0.9705882352941176,58,2.1937217712402344,8.968529894152697,58,3.0345847606658936,20.792342308306598,0.8408629894256592,11.8238124141539,2.3183668397941997
MCQA_0151_3,MCQA,"Như thế nào thì được gọi là “nai tắm suối”?
A. Nai bơi ở dòng suối.
B. Nai đứng giữa nước suối.
C. Nai uống nước ở suối.
D. Nai đứng cạnh bờ suối.",Nai đứng giữa nước suối.,"Như răng thì được gọi là “nai tắm suối”?
A. Nai bơi ở dòng suối.
B. Nai đứng giữa nước suối.
C. Nai uống nước ở suối.
D. Nai đứng cạnh bờ suối.",B,PNT4,Daily Conversation,high,eb3805e3-c095-4a6c-8697-9f6079168a64,2,REVIEW_PASS,rewrite,"Như thế nào thì được gọi là “nai tắm suối”?
A. Nai bơi ở dòng suối.
B. Nai đứng giữa nước suối.
C. Nai uống nước ở suối.
D. Nai đứng cạnh bờ suối.","Như răng thì được gọi là “nai tắm suối”?
A. Nai bơi ở dòng suối.
B. Nai đứng giữa nước suối.
C. Nai uống nước ở suối.
D. Nai đứng cạnh bờ suối.",34,33,0.9705882352941176,58,2.1937217712402344,8.968529894152697,57,2.707038402557373,14.984830697260778,0.5133166313171387,6.016300803108081,1.6708235211470488
NLI_0516,NLI,"Cô ấy gửi cho tôi ảnh cái ví trông như thế nào, cái nhẫn nằm trong cái ví"", Jovani Quiles, quản lý bãi rác, nói.",Jovani là một quản lý siêu thị tại 1 bãi rác.,Jovani là một quản lý siêu thị tại 1 bãi rác.,Contradiction,PNB,Daily Conversation,high,c6ebf7db-5dbe-4587-9564-a75d61cbc2e3,0,EXPERT_AUTO_PASS,rewrite,Jovani là một quản lý siêu thị tại 1 bãi rác.,Jovani là một quản lý siêu thị tại 1 bãi rác.,11,11,1.0,16,4.338086128234863,76.56087134122139,16,4.338086128234863,76.56087134122139,0.0,0.0,1.0
NLI_0729,NLI,"Tôi không thể nói được lúc đó mình cảm thấy thế nào"", Watson nói.",Ông Watson đã suy nghĩ rất nhiều nhưng không biết rõ cảm xúc của ông ấy như thế nào.,Ông Watson đã suy nghĩ rất nhiều nhưng vẫn không rõ cảm xúc của mình như thế nào.,Neutral,PNB,Daily Conversation,high,c3131d4f-ec3f-4359-bd03-240a3bd2c1e1,1,EXPERT_REVIEW_PASS,rewrite,Ông Watson đã suy nghĩ rất nhiều nhưng không biết rõ cảm xúc của ông ấy như thế nào.,Ông Watson đã suy nghĩ rất nhiều nhưng vẫn không rõ cảm xúc của mình như thế nào.,19,18,0.9473684210526315,22,2.979121685028076,19.67053213237298,21,2.8363659381866455,17.053678669287486,-0.14275574684143066,-2.6168534630854943,0.8669658021717277
NLI_0729,NLI,"Tôi không thể nói được lúc đó mình cảm thấy thế nào"", Watson nói.",Ông Watson đã suy nghĩ rất nhiều nhưng không biết rõ cảm xúc của ông ấy như thế nào.,Ông Watson đã suy nghĩ nhiều dữ lắm nhưng hông biết rõ cảm xúc của ổng như nào.,Neutral,PNN,Daily Conversation,high,e04e5ca5-c8e8-4484-a0aa-f9dc978b200c,1,EXPERT_REVIEW_PASS,rewrite,Ông Watson đã suy nghĩ rất nhiều nhưng không biết rõ cảm xúc của ông ấy như thế nào.,Ông Watson đã suy nghĩ nhiều dữ lắm nhưng hông biết rõ cảm xúc của ổng như nào.,19,18,0.9473684210526315,22,2.979121685028076,19.67053213237298,23,4.500933647155762,90.10121478517557,1.5218119621276855,70.43068265280259,4.580517404350774
NLI_0729,NLI,"Tôi không thể nói được lúc đó mình cảm thấy thế nào"", Watson nói.",Ông Watson đã suy nghĩ rất nhiều nhưng không biết rõ cảm xúc của ông ấy như thế nào.,Ông Watson đã suy nghĩ rất nhiều nhưng không biết rõ cảm xúc của ông ấy như thế nào.,Neutral,PNT1,Daily Conversation,high,56164f4c-6810-404e-94aa-34d47c343da0,0,EXPERT_AUTO_PASS,rewrite,Ông Watson đã suy nghĩ rất nhiều nhưng không biết rõ cảm xúc của ông ấy như thế nào.,Ông Watson đã suy nghĩ rất nhiều nhưng không biết rõ cảm xúc của ông ấy như thế nào.,19,19,1.0,22,2.979121685028076,19.67053213237298,22,2.979121685028076,19.67053213237298,0.0,0.0,1.0
QA_0268,QA,Các toán hạng được chứa trong chỉ thị như thế nào thì được gọi là giá trị tức thời?,các chỉ thị thực (như cộng hay so sánh),Các toán hạng được chứa trong chỉ thị như thế nào thì được gọi là giá trị tức thời?,các chỉ thị thực (như cộng hay so sánh),PNB,Daily Conversation,high,291aae44-1453-4283-9067-782588cd28ff,0,EXPERT_AUTO_PASS,rewrite,Các toán hạng được chứa trong chỉ thị như thế nào thì được gọi là giá trị tức thời?,Các toán hạng được chứa trong chỉ thị như thế nào thì được gọi là giá trị tức thời?,19,19,1.0,21,4.642796039581299,103.83426680146997,21,4.642796039581299,103.83426680146997,0.0,0.0,1.0
QA_0268,QA,Các toán hạng được chứa trong chỉ thị như thế nào thì được gọi là giá trị tức thời?,các chỉ thị thực (như cộng hay so sánh),Mấy toán hạng được bỏ trong chỉ thị như răng thì được gọi là giá trị tức thời?,các chỉ thị thực (như cộng hay so sánh),PNT3,Daily Conversation,high,60eb0c6c-808a-4dce-b64c-457d29ee614d,0,EXPERT_AUTO_PASS,rewrite,Các toán hạng được chứa trong chỉ thị như thế nào thì được gọi là giá trị tức thời?,Mấy toán hạng được bỏ trong chỉ thị như răng thì được gọi là giá trị tức thời?,19,18,0.9473684210526315,21,4.642796039581299,103.83426680146997,20,6.01838493347168,410.9144054130815,1.3755888938903809,307.0801386116116,3.957406529375756
QA_0572,QA,Anh quốc đã chịu tác động như thế nào bởi các chiến dịch quân sự thường xuyên của vua Edward I?,gia tăng tình trạng căng thẳng về tài chính trên toàn quốc,Anh quốc đã chịu ảnh hưởng như thế nào từ các chiến dịch quân sự thường xuyên của vua Edward I?,gia tăng tình trạng căng thẳng về tài chính trên toàn quốc,PNB,Daily Conversation,high,c3131d4f-ec3f-4359-bd03-240a3bd2c1e1,1,EXPERT_REVIEW_PASS,rewrite,Anh quốc đã chịu tác động như thế nào bởi các chiến dịch quân sự thường xuyên của vua Edward I?,Anh quốc đã chịu ảnh hưởng như thế nào từ các chiến dịch quân sự thường xuyên của vua Edward I?,21,21,1.0,24,3.6090927124023438,36.93252918365634,24,3.3973500728607178,29.884802478270544,-0.21174263954162598,-7.047726705385799,0.8091729198848203
QA_0572,QA,Anh quốc đã chịu tác động như thế nào bởi các chiến dịch quân sự thường xuyên của vua Edward I?,gia tăng tình trạng căng thẳng về tài chính trên toàn quốc,Anh quốc đã chịu tác động như răng bởi các chiến dịch quân sự thường xuyên của vua Edward I?,gia tăng tình trạng căng thẳng về tài chính trên toàn quốc,PNT2,Daily Conversation,high,603effb8-c882-4227-b5de-d83ea8816911,1,EXPERT_REVIEW_PASS,rewrite,Anh quốc đã chịu tác động như thế nào bởi các chiến dịch quân sự thường xuyên của vua Edward I?,Anh quốc đã chịu tác động như răng bởi các chiến dịch quân sự thường xuyên của vua Edward I?,21,20,0.9523809523809523,24,3.6090927124023438,36.93252918365634,23,4.79490327835083,120.8926882773731,1.1858105659484863,83.96015909371675,3.2733390035706362
QA_0572,QA,Anh quốc đã chịu tác động như thế nào bởi các chiến dịch quân sự thường xuyên của vua Edward I?,gia tăng tình trạng căng thẳng về tài chính trên toàn quốc,Anh quốc đã chịu tác động như răng bởi các chiến dịch quân sự thường xuyên của vua Edward I?,gia tăng tình trạng căng thẳng về tài chính trên toàn quốc,PNT3,Daily Conversation,high,01adb600-62e7-44f1-a9fa-3ddb99e09863,1,EXPERT_REVIEW_PASS,rewrite,Anh quốc đã chịu tác động như thế nào bởi các chiến dịch quân sự thường xuyên của vua Edward I?,Anh quốc đã chịu tác động như răng bởi các chiến dịch quân sự thường xuyên của vua Edward I?,21,20,0.9523809523809523,24,3.6090927124023438,36.93252918365634,23,4.79490327835083,120.8926882773731,1.1858105659484863,83.96015909371675,3.2733390035706362
QA_10410,QA,"Trrong gia đoạn mất mát lãnh thổ, Bồ Đào Nha đã tập trung vào làm những việc gì?",bành trướng các tiền đồn của họ tại châu Phi,"Hồi lúc mất mát lãnh thổ, Bồ Đào Nha tập trung làm mấy chuyện gì?",bành trướng các tiền đồn của họ tại châu Phi,PNN,Daily Conversation,high,88759523-55db-4c51-872d-a8b43438fa82,0,EXPERT_AUTO_PASS,rewrite,"Trrong gia đoạn mất mát lãnh thổ, Bồ Đào Nha đã tập trung vào làm những việc gì?","Hồi lúc mất mát lãnh thổ, Bồ Đào Nha tập trung làm mấy chuyện gì?",18,15,0.8333333333333334,26,3.954017400741577,52.144431683523266,22,3.713667392730713,41.00390855337308,-0.24035000801086426,-11.140523130150186,0.7863525831911522
QA_11490,QA,Hoàng Phụng Thế nghe tin Sư Ôn về đã làm gì?,đánh lẻn bắt được Sư Ôn và phá tan giặc ấy,Hoàng Phụng Thế nghe tin Sư Ôn về đã làm gì?,đánh lẻn bắt được Sư Ôn và phá tan giặc ấy,PNN,Daily Conversation,high,9d0d5c61-1083-4b35-8c02-c2c597f8212f,1,EXPERT_REVIEW_PASS,rewrite,Hoàng Phụng Thế nghe tin Sư Ôn về đã làm gì?,Hoàng Phụng Thế nghe tin Sư Ôn về đã làm gì?,11,11,1.0,17,4.653782367706299,104.98131350560479,17,4.653782367706299,104.98131350560479,0.0,0.0,1.0
QA_12019,QA,UNESCO đã công nhận Phong Nha-Kẻ Bàng là Di sản thiên nhiên thế giới lần thứ hai vào năm nào?,2015,UNESCO đã công nhận Phong Nha-Kẻ Bàng là Di sản thiên nhiên thế giới lần thứ hai vào năm nào?,2015,PNB,Daily Conversation,high,291aae44-1453-4283-9067-782588cd28ff,0,EXPERT_AUTO_PASS,rewrite,UNESCO đã công nhận Phong Nha-Kẻ Bàng là Di sản thiên nhiên thế giới lần thứ hai vào năm nào?,UNESCO đã công nhận Phong Nha-Kẻ Bàng là Di sản thiên nhiên thế giới lần thứ hai vào năm nào?,20,20,1.0,27,2.9709672927856445,19.510783111034897,27,2.9709672927856445,19.510783111034897,0.0,0.0,1.0
QA_12019,QA,UNESCO đã công nhận Phong Nha-Kẻ Bàng là Di sản thiên nhiên thế giới lần thứ hai vào năm nào?,2015,UNESCO đã công nhận Phong Nha-Kẻ Bàng là Di sản thiên nhiên thế giới lần thứ hai vào năm nào?,2015,PNN,Daily Conversation,high,e04e5ca5-c8e8-4484-a0aa-f9dc978b200c,1,EXPERT_REVIEW_PASS,rewrite,UNESCO đã công nhận Phong Nha-Kẻ Bàng là Di sản thiên nhiên thế giới lần thứ hai vào năm nào?,UNESCO đã công nhận Phong Nha-Kẻ Bàng là Di sản thiên nhiên thế giới lần thứ hai vào năm nào?,20,20,1.0,27,2.9709672927856445,19.510783111034897,27,2.9709672927856445,19.510783111034897,0.0,0.0,1.0
QA_12019,QA,UNESCO đã công nhận Phong Nha-Kẻ Bàng là Di sản thiên nhiên thế giới lần thứ hai vào năm nào?,2015,UNESCO đả công nhận Phong Nha-Kẻ Bàng là Di sản thiên nhiên thế giới lần thứ hai vào năm mô ?,2015,PNT1,Daily Conversation,high,dca4b218-67a4-43d1-a513-8134e12f4b19,0,EXPERT_AUTO_PASS,rewrite,UNESCO đã công nhận Phong Nha-Kẻ Bàng là Di sản thiên nhiên thế giới lần thứ hai vào năm nào?,UNESCO đả công nhận Phong Nha-Kẻ Bàng là Di sản thiên nhiên thế giới lần thứ hai vào năm mô ?,20,21,1.05,27,2.9709672927856445,19.510783111034897,27,4.531811237335205,92.92672109397758,1.5608439445495605,73.41593798294268,4.762839121584009
QA_1203,QA,Maxwell chú ý tại nhiệt độ như thế nào thì lý thuyết nguyên tử tiên đoán nhiệt dung riêng quá lớn?,thấp,Maxwell chú ý rằng ở nhiệt độ như thế nào thì lý thuyết nguyên tử tiên đoán nhiệt dung riêng quá lớn?,thấp,PNB,Daily Conversation,high,c3131d4f-ec3f-4359-bd03-240a3bd2c1e1,0,EXPERT_AUTO_PASS,rewrite,Maxwell chú ý tại nhiệt độ như thế nào thì lý thuyết nguyên tử tiên đoán nhiệt dung riêng quá lớn?,Maxwell chú ý rằng ở nhiệt độ như thế nào thì lý thuyết nguyên tử tiên đoán nhiệt dung riêng quá lớn?,21,22,1.0476190476190477,23,5.720480918884277,305.0515927575793,24,5.396610260009766,220.65717660222364,-0.3238706588745117,-84.39441615535563,0.7233437944301349
QA_1203,QA,Maxwell chú ý tại nhiệt độ như thế nào thì lý thuyết nguyên tử tiên đoán nhiệt dung riêng quá lớn?,thấp,Maxwell chú ý tại nhiệt độ a răng thì lý thuyết nguyên tử tiên đoán nhiệt dung riêng quá lớn?,thấp,PNT2,Daily Conversation,high,7d958013-3acc-4719-a459-b3a565d57865,0,EXPERT_AUTO_PASS,rewrite,Maxwell chú ý tại nhiệt độ như thế nào thì lý thuyết nguyên tử tiên đoán nhiệt dung riêng quá lớn?,Maxwell chú ý tại nhiệt độ a răng thì lý thuyết nguyên tử tiên đoán nhiệt dung riêng quá lớn?,21,20,0.9523809523809523,23,5.720480918884277,305.0515927575793,22,6.939450740814209,1032.2031121904806,1.2189698219299316,727.1515194329013,3.383700123836953
QA_1203,QA,Maxwell chú ý tại nhiệt độ như thế nào thì lý thuyết nguyên tử tiên đoán nhiệt dung riêng quá lớn?,thấp,Maxwell chú ý tại nhiệt độ như răng thì lý thuyết nguyên tử tiên đoán nhiệt dung riêng quá lớn?,thấp,PNT3,Daily Conversation,high,88346002-a7b4-4be1-aec6-e1e3625416ee,1,EXPERT_REVIEW_PASS,rewrite,Maxwell chú ý tại nhiệt độ như thế nào thì lý thuyết nguyên tử tiên đoán nhiệt dung riêng quá lớn?,Maxwell chú ý tại nhiệt độ như răng thì lý thuyết nguyên tử tiên đoán nhiệt dung riêng quá lớn?,21,20,0.9523809523809523,23,5.720480918884277,305.0515927575793,22,6.696922779083252,809.909715479619,0.9764418601989746,504.8581227220397,2.654992580626334
QA_12099,QA,Quá trình phong hóa vật lý và hóa học đã tác động như thế nào đến hệ thống hang động của Phong Nha?,"gặm mòn, hoà tan, rửa trôi",Quá trình phong hóa vật lý với hóa học đã tác động ra sao tới hệ thống hang động của Phong Nha?,"gặm mòn, hoà tan, rửa trôi",PNN,Daily Conversation,high,9d0d5c61-1083-4b35-8c02-c2c597f8212f,1,EXPERT_REVIEW_PASS,rewrite,Quá trình phong hóa vật lý và hóa học đã tác động như thế nào đến hệ thống hang động của Phong Nha?,Quá trình phong hóa vật lý với hóa học đã tác động ra sao tới hệ thống hang động của Phong Nha?,23,22,0.9565217391304348,28,3.6093556880950928,36.942242818272305,28,4.362710952758789,78.46957364378316,0.7533552646636963,41.52733082551086,2.124115041682599
QA_12099,QA,Quá trình phong hóa vật lý và hóa học đã tác động như thế nào đến hệ thống hang động của Phong Nha?,"gặm mòn, hoà tan, rửa trôi",Quá trình phong hóa vật lý và hóa học đã tác động như thế nào đến hệ thống hang động của Phong Nha?,"gặm mòn, hoà tan, rửa trôi",PNT1,Daily Conversation,high,56164f4c-6810-404e-94aa-34d47c343da0,0,EXPERT_AUTO_PASS,rewrite,Quá trình phong hóa vật lý và hóa học đã tác động như thế nào đến hệ thống hang động của Phong Nha?,Quá trình phong hóa vật lý và hóa học đã tác động như thế nào đến hệ thống hang động của Phong Nha?,23,23,1.0,28,3.6093556880950928,36.942242818272305,28,3.6093556880950928,36.942242818272305,0.0,0.0,1.0
QA_12099,QA,Quá trình phong hóa vật lý và hóa học đã tác động như thế nào đến hệ thống hang động của Phong Nha?,"gặm mòn, hoà tan, rửa trôi",Quá trình phong hóa vật lý và hóa học đã tác động ra ren tới hệ thống hang động của Phong Nha?,"gặm mòn, hoà tan, rửa trôi",PNT4,Daily Conversation,high,5ea76d15-516d-4285-a781-7b1c6a04a627,0,EXPERT_AUTO_PASS,rewrite,Quá trình phong hóa vật lý và hóa học đã tác động như thế nào đến hệ thống hang động của Phong Nha?,Quá trình phong hóa vật lý và hóa học đã tác động ra ren tới hệ thống hang động của Phong Nha?,23,22,0.9565217391304348,28,3.6093556880950928,36.942242818272305,27,4.544140815734863,94.07956079649932,0.9347851276397705,57.13731797822702,2.546666190769713
QA_14257,QA,"Trong ""Hiện tượng Tinh thần"" thì tác giả xem nền văn minh phương Tây như thế nào?",hoàn thiện nhất,"Trong ""Hiện tượng Tinh thần"", tác giả coi nền văn minh phương Tây như thế nào?",hoàn thiện nhất,PNB,Daily Conversation,high,c3131d4f-ec3f-4359-bd03-240a3bd2c1e1,0,EXPERT_AUTO_PASS,rewrite,"Trong ""Hiện tượng Tinh thần"" thì tác giả xem nền văn minh phương Tây như thế nào?","Trong ""Hiện tượng Tinh thần"", tác giả coi nền văn minh phương Tây như thế nào?",17,16,0.9411764705882353,25,2.9561767578125,19.224331797152356,24,2.948620080947876,19.079607240863695,-0.0075566768646240234,-0.14472455628866143,0.9924718030350423
QA_14257,QA,"Trong ""Hiện tượng Tinh thần"" thì tác giả xem nền văn minh phương Tây như thế nào?",hoàn thiện nhất,"Trong ""Hiện tượng Tinh thần"" thì tác giả coi nền văn minh phương Tây như  nào?",hoàn thiện nhất,PNN,Daily Conversation,high,e04e5ca5-c8e8-4484-a0aa-f9dc978b200c,1,EXPERT_REVIEW_PASS,rewrite,"Trong ""Hiện tượng Tinh thần"" thì tác giả xem nền văn minh phương Tây như thế nào?","Trong ""Hiện tượng Tinh thần"" thì tác giả coi nền văn minh phương Tây như  nào?",17,16,0.9411764705882353,25,2.9561767578125,19.224331797152356,25,3.703676462173462,40.596281030310124,0.7474997043609619,21.371949233157768,2.111713502381577
QA_14257,QA,"Trong ""Hiện tượng Tinh thần"" thì tác giả xem nền văn minh phương Tây như thế nào?",hoàn thiện nhất,"Trong ""Hiện tượng Tinh thần"" thì tác giả xem nền văn minh phương Tây như thế nào?",hoàn thiện nhất,PNT1,Daily Conversation,high,56164f4c-6810-404e-94aa-34d47c343da0,0,EXPERT_AUTO_PASS,rewrite,"Trong ""Hiện tượng Tinh thần"" thì tác giả xem nền văn minh phương Tây như thế nào?","Trong ""Hiện tượng Tinh thần"" thì tác giả xem nền văn minh phương Tây như thế nào?",17,17,1.0,25,2.9561767578125,19.224331797152356,25,2.9561767578125,19.224331797152356,0.0,0.0,1.0
QA_14257,QA,"Trong ""Hiện tượng Tinh thần"" thì tác giả xem nền văn minh phương Tây như thế nào?",hoàn thiện nhất,"Trong ""Hiện tượng Tinh thần"" thì tác giả xem nền văn minh phương Tây như răng?",hoàn thiện nhất,PNT2,Daily Conversation,high,603effb8-c882-4227-b5de-d83ea8816911,1,EXPERT_REVIEW_PASS,rewrite,"Trong ""Hiện tượng Tinh thần"" thì tác giả xem nền văn minh phương Tây như thế nào?","Trong ""Hiện tượng Tinh thần"" thì tác giả xem nền văn minh phương Tây như răng?",17,16,0.9411764705882353,25,2.9561767578125,19.224331797152356,24,3.91630220413208,50.21441837742393,0.9601254463195801,30.990086580271576,2.6120241216842732
QA_14257,QA,"Trong ""Hiện tượng Tinh thần"" thì tác giả xem nền văn minh phương Tây như thế nào?",hoàn thiện nhất,"Trong ""Hiện tượng Tinh thần"" thì tác giả coi nền văn minh phương Tây như răng?",hoàn thiện nhất,PNT3,Daily Conversation,high,e99ab2ee-5e8e-4d70-ac05-869071c9a49c,0,EXPERT_AUTO_PASS,rewrite,"Trong ""Hiện tượng Tinh thần"" thì tác giả xem nền văn minh phương Tây như thế nào?","Trong ""Hiện tượng Tinh thần"" thì tác giả coi nền văn minh phương Tây như răng?",17,16,0.9411764705882353,25,2.9561767578125,19.224331797152356,24,3.9777801036834717,53.39836372717472,1.0216033458709717,34.174031930022366,2.7776447207951573
QA_14257,QA,"Trong ""Hiện tượng Tinh thần"" thì tác giả xem nền văn minh phương Tây như thế nào?",hoàn thiện nhất,"Trong ""Hiện tượng Tinh thần"" thì tác giả coi nền văn minh phương Tây như ren?",hoàn thiện nhất,PNT4,Daily Conversation,high,5ea76d15-516d-4285-a781-7b1c6a04a627,0,EXPERT_AUTO_PASS,rewrite,"Trong ""Hiện tượng Tinh thần"" thì tác giả xem nền văn minh phương Tây như thế nào?","Trong ""Hiện tượng Tinh thần"" thì tác giả coi nền văn minh phương Tây như ren?",17,16,0.9411764705882353,25,2.9561767578125,19.224331797152356,24,4.048983573913574,57.339146412055314,1.0928068161010742,38.114814614902954,2.982634039875903
QA_17758,QA,Vào năm 1765 thì Đạo luật nào đã được Nghị viện Anh thông qua để áp đặt thuế mới vào các thuộc địa?,Đạo luật tem,Vào năm 1765 thì Đạo luật nào đã được Nghị viện Anh thông qua để áp đặt thuế mới vào các thuộc địa?,Đạo luật tem,PNB,Daily Conversation,high,291aae44-1453-4283-9067-782588cd28ff,0,EXPERT_AUTO_PASS,rewrite,Vào năm 1765 thì Đạo luật nào đã được Nghị viện Anh thông qua để áp đặt thuế mới vào các thuộc địa?,Vào năm 1765 thì Đạo luật nào đã được Nghị viện Anh thông qua để áp đặt thuế mới vào các thuộc địa?,23,23,1.0,31,3.2632272243499756,26.133740641800443,31,3.2632272243499756,26.133740641800443,0.0,0.0,1.0
QA_17758,QA,Vào năm 1765 thì Đạo luật nào đã được Nghị viện Anh thông qua để áp đặt thuế mới vào các thuộc địa?,Đạo luật tem,Vào năm 1765 thì Đạo luật nào đã được Nghị viện Anh thông qua để áp đặt thuế mới vào các thuộc địa?,Đạo luật tem,PNN,Daily Conversation,high,9d0d5c61-1083-4b35-8c02-c2c597f8212f,1,EXPERT_REVIEW_PASS,rewrite,Vào năm 1765 thì Đạo luật nào đã được Nghị viện Anh thông qua để áp đặt thuế mới vào các thuộc địa?,Vào năm 1765 thì Đạo luật nào đã được Nghị viện Anh thông qua để áp đặt thuế mới vào các thuộc địa?,23,23,1.0,31,3.2632272243499756,26.133740641800443,31,3.2632272243499756,26.133740641800443,0.0,0.0,1.0
QA_17758,QA,Vào năm 1765 thì Đạo luật nào đã được Nghị viện Anh thông qua để áp đặt thuế mới vào các thuộc địa?,Đạo luật tem,Vào năm 1765 thì Đạo luật mô đả được Nghị viện Anh thông qua để áp đặt thuế mới vào các thuộc địa?,Đạo luật tem,PNT1,Daily Conversation,high,dca4b218-67a4-43d1-a513-8134e12f4b19,0,EXPERT_AUTO_PASS,rewrite,Vào năm 1765 thì Đạo luật nào đã được Nghị viện Anh thông qua để áp đặt thuế mới vào các thuộc địa?,Vào năm 1765 thì Đạo luật mô đả được Nghị viện Anh thông qua để áp đặt thuế mới vào các thuộc địa?,23,23,1.0,31,3.2632272243499756,26.133740641800443,31,4.120770454406738,61.60668912938267,0.8575432300567627,35.47294848758223,2.357362077392162
QA_17758,QA,Vào năm 1765 thì Đạo luật nào đã được Nghị viện Anh thông qua để áp đặt thuế mới vào các thuộc địa?,Đạo luật tem,Vô năm 1765 thì Đạo luật mô đã được Nghị viện Anh thông qua để áp đặt thuế mới vô các thuộc địa?,Đạo luật tem,PNT2,Daily Conversation,high,7d958013-3acc-4719-a459-b3a565d57865,0,EXPERT_AUTO_PASS,rewrite,Vào năm 1765 thì Đạo luật nào đã được Nghị viện Anh thông qua để áp đặt thuế mới vào các thuộc địa?,Vô năm 1765 thì Đạo luật mô đã được Nghị viện Anh thông qua để áp đặt thuế mới vô các thuộc địa?,23,23,1.0,31,3.2632272243499756,26.133740641800443,31,4.584206581115723,97.92546040172013,1.320979356765747,71.79171975991969,3.747089318131907
QA_17758,QA,Vào năm 1765 thì Đạo luật nào đã được Nghị viện Anh thông qua để áp đặt thuế mới vào các thuộc địa?,Đạo luật tem,Vô năm 1765 thì Đạo luật mô đã được Nghị viện Anh thông qua để áp đặt thuế mới vô các thuộc địa?,Đạo luật tem,PNT3,Daily Conversation,high,e99ab2ee-5e8e-4d70-ac05-869071c9a49c,0,EXPERT_AUTO_PASS,rewrite,Vào năm 1765 thì Đạo luật nào đã được Nghị viện Anh thông qua để áp đặt thuế mới vào các thuộc địa?,Vô năm 1765 thì Đạo luật mô đã được Nghị viện Anh thông qua để áp đặt thuế mới vô các thuộc địa?,23,23,1.0,31,3.2632272243499756,26.133740641800443,31,4.584206581115723,97.92546040172013,1.320979356765747,71.79171975991969,3.747089318131907
QA_17758,QA,Vào năm 1765 thì Đạo luật nào đã được Nghị viện Anh thông qua để áp đặt thuế mới vào các thuộc địa?,Đạo luật tem,Vào năm 1765 thì Đạo luật nào đã được Nghị viện Anh thông qua để áp đặt thuế mới vô các thuộc địa?,Đạo luật tem,PNT4,Daily Conversation,high,5ea76d15-516d-4285-a781-7b1c6a04a627,0,EXPERT_AUTO_PASS,rewrite,Vào năm 1765 thì Đạo luật nào đã được Nghị viện Anh thông qua để áp đặt thuế mới vào các thuộc địa?,Vào năm 1765 thì Đạo luật nào đã được Nghị viện Anh thông qua để áp đặt thuế mới vô các thuộc địa?,23,23,1.0,31,3.2632272243499756,26.133740641800443,31,3.5552661418914795,34.99713293150845,0.2920389175415039,8.86339228970801,1.3391551332506597
SENT_0534,SENT,"cái công ty thực phẩm cung cấp cho các trường mầm non thật quá độc ác . vì lợi ích cá nhân mà ảnh hưởng khủng khiếp tới các em . quá dã man . các người gây nên hoạ thì mai này đời con đời cháu sẽ phải gánh nghiệp đó thôi . gieo nhân nào gặt quả ấy , đừng tưởng bây giờ sống nhé nhỉ thế là không sao . đời còn dài lắm",,"cái công ty thực phẩm cung cấp cho các trường mầm non thật quá độc ác . vì lợi ích cá nhân mà ảnh hưởng khủng khiếp tới các em . quá khinh khủng . các người gây nên hoạ thì mai này đời con đời cháu sẽ phải gánh nghiệp đó thôi . gieo nhân nào gặt quả ấy , đừng tưởng bây giờ sống nhé nghĩ thế là không sao . đời còn dài lắm",Other,PNB,Daily Conversation,high,291aae44-1453-4283-9067-782588cd28ff,0,EXPERT_AUTO_PASS,rewrite,"cái công ty thực phẩm cung cấp cho các trường mầm non thật quá độc ác . vì lợi ích cá nhân mà ảnh hưởng khủng khiếp tới các em . quá dã man . các người gây nên hoạ thì mai này đời con đời cháu sẽ phải gánh nghiệp đó thôi . gieo nhân nào gặt quả ấy , đừng tưởng bây giờ sống nhé nhỉ thế là không sao . đời còn dài lắm","cái công ty thực phẩm cung cấp cho các trường mầm non thật quá độc ác . vì lợi ích cá nhân mà ảnh hưởng khủng khiếp tới các em . quá khinh khủng . các người gây nên hoạ thì mai này đời con đời cháu sẽ phải gánh nghiệp đó thôi . gieo nhân nào gặt quả ấy , đừng tưởng bây giờ sống nhé nghĩ thế là không sao . đời còn dài lắm",77,77,1.0,90,4.527426242828369,92.52013003372527,89,4.552916049957275,94.90876388263948,0.02548980712890625,2.3886338489142105,1.0258174501921205
SENT_0626,SENT,"năm nào cũng đi cho có không khí xuân vậy , không đi thì thấy thiếu thiếu . nhà tao cách chợ 10km",,"năm nào cũng đi cho có không khí xuân vậy , không đi thì thấy thiếu thiếu . nhà tao cách chợ 10km",Enjoyment,PNB,Daily Conversation,high,291aae44-1453-4283-9067-782588cd28ff,0,EXPERT_AUTO_PASS,rewrite,"năm nào cũng đi cho có không khí xuân vậy , không đi thì thấy thiếu thiếu . nhà tao cách chợ 10km","năm nào cũng đi cho có không khí xuân vậy , không đi thì thấy thiếu thiếu . nhà tao cách chợ 10km",23,23,1.0,28,4.888733386993408,132.78527992937808,28,4.888733386993408,132.78527992937808,0.0,0.0,1.0
SENT_0814,SENT,"mấy thành phần không chấp hành luật giao thông cứ phải thế này . cơ mà thằng này gà thật , tạt mẹ vào quán nước mà ngồi uống chứ làm gì phải dắt xe khổ thế kia",,"mấy thành phần không chấp hành luật giao thông cứ phải thế ni . cơ mà thằng này gà thật , tạt moẹ vào quán nước mà ngồi uống chứ làm gì phải dắt xe khổ thế di",Disgust,PNT1,Daily Conversation,high,dca4b218-67a4-43d1-a513-8134e12f4b19,0,EXPERT_AUTO_PASS,rewrite,"mấy thành phần không chấp hành luật giao thông cứ phải thế này . cơ mà thằng này gà thật , tạt mẹ vào quán nước mà ngồi uống chứ làm gì phải dắt xe khổ thế kia","mấy thành phần không chấp hành luật giao thông cứ phải thế ni . cơ mà thằng này gà thật , tạt moẹ vào quán nước mà ngồi uống chứ làm gì phải dắt xe khổ thế di",38,38,1.0,44,5.286575794219971,197.6654181862696,44,5.830323219299316,340.46870734618756,0.5437474250793457,142.80328915991797,1.7224495335109533
SENT_0835,SENT,chắc nó se lạnh thì đừng hỏi tại sao thằng kia lấp nhíp sưởi ấm cũng không thấy .,,chắc nó se lạnh thì đừng hỏi tại sao thằng kia lấp nhíp sưởi ấm cũng không thấy .,Other,PNB,Daily Conversation,high,291aae44-1453-4283-9067-782588cd28ff,0,EXPERT_AUTO_PASS,rewrite,chắc nó se lạnh thì đừng hỏi tại sao thằng kia lấp nhíp sưởi ấm cũng không thấy .,chắc nó se lạnh thì đừng hỏi tại sao thằng kia lấp nhíp sưởi ấm cũng không thấy .,19,19,1.0,29,4.7921624183654785,120.5617920228534,29,4.7921624183654785,120.5617920228534,0.0,0.0,1.0
SENT_0835,SENT,chắc nó se lạnh thì đừng hỏi tại sao thằng kia lấp nhíp sưởi ấm cũng không thấy .,,chắc nó se lạnh thì đừng hỏi răng mà thằng tê lấp nhíp sưởi ấm cũng không thấy .,Other,PNT1,Daily Conversation,high,56164f4c-6810-404e-94aa-34d47c343da0,0,EXPERT_AUTO_PASS,rewrite,chắc nó se lạnh thì đừng hỏi tại sao thằng kia lấp nhíp sưởi ấm cũng không thấy .,chắc nó se lạnh thì đừng hỏi răng mà thằng tê lấp nhíp sưởi ấm cũng không thấy .,19,19,1.0,29,4.7921624183654785,120.5617920228534,28,5.180004596710205,177.6836277516322,0.38784217834472656,57.121835728778805,1.4737971688240246
SENT_0895,SENT,chuột mà làm như người vậy .. ít hôm nó gặm cả rắn cả dây thì thấy mẹ ..,,chuột mà làm như người vậy .. ít hôm nó gặm cả rắn cả dây thì thấy mẹ ..,Fear,PNB,Daily Conversation,high,291aae44-1453-4283-9067-782588cd28ff,0,EXPERT_AUTO_PASS,rewrite,chuột mà làm như người vậy .. ít hôm nó gặm cả rắn cả dây thì thấy mẹ ..,chuột mà làm như người vậy .. ít hôm nó gặm cả rắn cả dây thì thấy mẹ ..,19,19,1.0,23,6.201654434204102,493.564936697574,23,6.201654434204102,493.564936697574,0.0,0.0,1.0
SENT_0895,SENT,chuột mà làm như người vậy .. ít hôm nó gặm cả rắn cả dây thì thấy mẹ ..,,chuột mà làm như người vậy .. ít hôm nó gặm cả rắn cả dây thì thấy mẹ ..,Fear,PNN,Daily Conversation,high,88759523-55db-4c51-872d-a8b43438fa82,0,EXPERT_AUTO_PASS,rewrite,chuột mà làm như người vậy .. ít hôm nó gặm cả rắn cả dây thì thấy mẹ ..,chuột mà làm như người vậy .. ít hôm nó gặm cả rắn cả dây thì thấy mẹ ..,19,19,1.0,23,6.201654434204102,493.564936697574,23,6.201654434204102,493.564936697574,0.0,0.0,1.0
SENT_0895,SENT,chuột mà làm như người vậy .. ít hôm nó gặm cả rắn cả dây thì thấy mẹ ..,,chuột mà mần như người vậy .. ít hôm nó gặm cả rắn cả dây thì thấy mẹ ..,Fear,PNT1,Daily Conversation,high,6b0ccea8-04fe-4c9c-82c8-309e147936f4,0,EXPERT_AUTO_PASS,rewrite,chuột mà làm như người vậy .. ít hôm nó gặm cả rắn cả dây thì thấy mẹ ..,chuột mà mần như người vậy .. ít hôm nó gặm cả rắn cả dây thì thấy mẹ ..,19,19,1.0,23,6.201654434204102,493.564936697574,24,6.046324253082275,422.556959494595,-0.15533018112182617,-71.00797720297902,0.8561324520374342
SENT_0895,SENT,chuột mà làm như người vậy .. ít hôm nó gặm cả rắn cả dây thì thấy mẹ ..,,chuột mà mần như ngài rứa .. ít bữa hấn gặm cả rắn cả dây thì thấy mẹ ..,Fear,PNT2,Daily Conversation,high,ebf2c246-0938-4917-88ca-3623a993b48d,0,EXPERT_AUTO_PASS,rewrite,chuột mà làm như người vậy .. ít hôm nó gặm cả rắn cả dây thì thấy mẹ ..,chuột mà mần như ngài rứa .. ít bữa hấn gặm cả rắn cả dây thì thấy mẹ ..,19,19,1.0,23,6.201654434204102,493.564936697574,28,5.872516632080078,355.141617364297,-0.32913780212402344,-138.423319333277,0.7195438552433189
SENT_1485,SENT,sao bắt nhanh thế sáng đọc báo có tin chôm ngân ngàng chiều đọc báo đã bắt được rồi,,sao bắt nhanh thế sáng đọc báo có tin trộm ngân ngàng chiều đọc báo đã bắt được rồi,Surprise,PNB,Daily Conversation,high,291aae44-1453-4283-9067-782588cd28ff,0,EXPERT_AUTO_PASS,rewrite,sao bắt nhanh thế sáng đọc báo có tin chôm ngân ngàng chiều đọc báo đã bắt được rồi,sao bắt nhanh thế sáng đọc báo có tin trộm ngân ngàng chiều đọc báo đã bắt được rồi,19,19,1.0,24,5.864555835723877,352.32563089002326,25,5.457960605621338,234.6184565676745,-0.40659523010253906,-117.70717432234875,0.6659136775686624
SENT_1485,SENT,sao bắt nhanh thế sáng đọc báo có tin chôm ngân ngàng chiều đọc báo đã bắt được rồi,,sao bắt lẹ dữ hồi sáng đọc báo có tin chôm ngân ngàng tới chiều đọc báo đã bắt được rồi,Surprise,PNN,Daily Conversation,high,88759523-55db-4c51-872d-a8b43438fa82,0,EXPERT_AUTO_PASS,rewrite,sao bắt nhanh thế sáng đọc báo có tin chôm ngân ngàng chiều đọc báo đã bắt được rồi,sao bắt lẹ dữ hồi sáng đọc báo có tin chôm ngân ngàng tới chiều đọc báo đã bắt được rồi,19,21,1.105263157894737,24,5.864555835723877,352.32563089002326,25,6.653941631317139,775.8363674946651,0.7893857955932617,423.5107366046418,2.202043505988466
SENT_1485,SENT,sao bắt nhanh thế sáng đọc báo có tin chôm ngân ngàng chiều đọc báo đã bắt được rồi,,sao bắt nhanh thế sáng đọc báo có tin trộm ngân hàng mà chiều đọc báo đã bắt được rồi,Surprise,PNT1,Daily Conversation,high,6b0ccea8-04fe-4c9c-82c8-309e147936f4,0,EXPERT_AUTO_PASS,rewrite,sao bắt nhanh thế sáng đọc báo có tin chôm ngân ngàng chiều đọc báo đã bắt được rồi,sao bắt nhanh thế sáng đọc báo có tin trộm ngân hàng mà chiều đọc báo đã bắt được rồi,19,20,1.0526315789473684,24,5.864555835723877,352.32563089002326,25,4.758518218994141,116.57306210825158,-1.1060376167297363,-235.75256878177169,0.33086739052668945
SENT_1485,SENT,sao bắt nhanh thế sáng đọc báo có tin chôm ngân ngàng chiều đọc báo đã bắt được rồi,,răng bắt nhanh rứa sáng đọc báo có tin cướp ngân ngàng chiều đọc báo đã bắt được rồi,Surprise,PNT2,Daily Conversation,high,603effb8-c882-4227-b5de-d83ea8816911,1,EXPERT_REVIEW_PASS,rewrite,sao bắt nhanh thế sáng đọc báo có tin chôm ngân ngàng chiều đọc báo đã bắt được rồi,răng bắt nhanh rứa sáng đọc báo có tin cướp ngân ngàng chiều đọc báo đã bắt được rồi,19,19,1.0,24,5.864555835723877,352.32563089002326,27,5.39392614364624,220.0657012132674,-0.4706296920776367,-132.25992967675586,0.6246088331903388
SENT_1485,SENT,sao bắt nhanh thế sáng đọc báo có tin chôm ngân ngàng chiều đọc báo đã bắt được rồi,,răng tóm lẹ rứa sáng đọc báo có tin chôm ngân hàng chiều đọc báo đã tóm được rồi,Surprise,PNT3,Daily Conversation,high,60eb0c6c-808a-4dce-b64c-457d29ee614d,0,EXPERT_AUTO_PASS,rewrite,sao bắt nhanh thế sáng đọc báo có tin chôm ngân ngàng chiều đọc báo đã bắt được rồi,răng tóm lẹ rứa sáng đọc báo có tin chôm ngân hàng chiều đọc báo đã tóm được rồi,19,19,1.0,24,5.864555835723877,352.32563089002326,26,5.986726760864258,398.10936774477943,0.12217092514038086,45.78373685475617,1.1299472216628126
SENT_1485,SENT,sao bắt nhanh thế sáng đọc báo có tin chôm ngân ngàng chiều đọc báo đã bắt được rồi,,sao bắt nhanh rứa sáng đọc báo có tin chôm ngân ngàng chiều đọc báo đã bắt được rồi,Surprise,PNT4,Daily Conversation,high,7f4cabf8-9403-4778-a98e-b3191bcfcaab,2,REVIEW_PASS,rewrite,sao bắt nhanh thế sáng đọc báo có tin chôm ngân ngàng chiều đọc báo đã bắt được rồi,sao bắt nhanh rứa sáng đọc báo có tin chôm ngân ngàng chiều đọc báo đã bắt được rồi,19,19,1.0,24,5.864555835723877,352.32563089002326,26,5.427050590515137,227.4773312377057,-0.43750524520874023,-124.84829965231756,0.6456451398754797
SENT_4550,SENT,tao nhớ không nhầm hôm nay nó đến tháng vậy là sẽ không bị đâu nhỉ,,tao nhớ không nhầm hôm nay nó đến tháng vậy là sẽ không bị đâu nhỉ,Enjoyment,PNB,Daily Conversation,high,291aae44-1453-4283-9067-782588cd28ff,0,EXPERT_AUTO_PASS,rewrite,tao nhớ không nhầm hôm nay nó đến tháng vậy là sẽ không bị đâu nhỉ,tao nhớ không nhầm hôm nay nó đến tháng vậy là sẽ không bị đâu nhỉ,16,16,1.0,20,5.344405174255371,209.43327123941262,20,5.344405174255371,209.43327123941262,0.0,0.0,1.0
SENT_4550,SENT,tao nhớ không nhầm hôm nay nó đến tháng vậy là sẽ không bị đâu nhỉ,,tao nhớ hông lầm bữa nay nó tới tháng vậy là sẽ hông bị đâu hen,Enjoyment,PNN,Daily Conversation,high,88759523-55db-4c51-872d-a8b43438fa82,0,EXPERT_AUTO_PASS,rewrite,tao nhớ không nhầm hôm nay nó đến tháng vậy là sẽ không bị đâu nhỉ,tao nhớ hông lầm bữa nay nó tới tháng vậy là sẽ hông bị đâu hen,16,16,1.0,20,5.344405174255371,209.43327123941262,21,6.284983158111572,536.4552556418537,0.9405779838562012,327.02198440244103,2.561461473944164
SENT_4550,SENT,tao nhớ không nhầm hôm nay nó đến tháng vậy là sẽ không bị đâu nhỉ,,tau nhớ không nhầm hôm nay nó đến tháng vậy là sẽ không bị đâu nhỉ,Enjoyment,PNT1,Daily Conversation,high,6b0ccea8-04fe-4c9c-82c8-309e147936f4,0,EXPERT_AUTO_PASS,rewrite,tao nhớ không nhầm hôm nay nó đến tháng vậy là sẽ không bị đâu nhỉ,tau nhớ không nhầm hôm nay nó đến tháng vậy là sẽ không bị đâu nhỉ,16,16,1.0,20,5.344405174255371,209.43327123941262,19,5.390655994415283,219.34722892575505,0.04625082015991211,9.913957686342428,1.0473370712670067
SENT_4550,SENT,tao nhớ không nhầm hôm nay nó đến tháng vậy là sẽ không bị đâu nhỉ,,Tau nhớ nỏ nhầm bựa ni hấn đến tháng rứa là sẽ nỏ bị mô hầy,Enjoyment,PNT2,Daily Conversation,high,e686d659-713a-4b20-a76a-7bb2177c8cfb,0,EXPERT_AUTO_PASS,rewrite,tao nhớ không nhầm hôm nay nó đến tháng vậy là sẽ không bị đâu nhỉ,Tau nhớ nỏ nhầm bựa ni hấn đến tháng rứa là sẽ nỏ bị mô hầy,16,16,1.0,20,5.344405174255371,209.43327123941262,24,6.103925704956055,447.6115162329313,0.7595205307006836,238.1782449935187,2.1372512284413796
SENT_4550,SENT,tao nhớ không nhầm hôm nay nó đến tháng vậy là sẽ không bị đâu nhỉ,,tau nhớ không nhầm hôm ni hắn đến tháng rứa là không bị mô hè,Enjoyment,PNT3,Daily Conversation,high,e99ab2ee-5e8e-4d70-ac05-869071c9a49c,0,EXPERT_AUTO_PASS,rewrite,tao nhớ không nhầm hôm nay nó đến tháng vậy là sẽ không bị đâu nhỉ,tau nhớ không nhầm hôm ni hắn đến tháng rứa là không bị mô hè,16,15,0.9375,20,5.344405174255371,209.43327123941262,18,6.952256202697754,1045.5059424601761,1.6078510284423828,836.0726712207635,4.992071872214664
SENT_4550,SENT,tao nhớ không nhầm hôm nay nó đến tháng vậy là sẽ không bị đâu nhỉ,,ta nhớ không lầm bữa ni nó tới tháng rứa là sẽ không bị đâu nhỉ,Enjoyment,PNT4,Daily Conversation,high,5ea76d15-516d-4285-a781-7b1c6a04a627,0,EXPERT_AUTO_PASS,rewrite,tao nhớ không nhầm hôm nay nó đến tháng vậy là sẽ không bị đâu nhỉ,ta nhớ không lầm bữa ni nó tới tháng rứa là sẽ không bị đâu nhỉ,16,16,1.0,20,5.344405174255371,209.43327123941262,20,6.21786642074585,501.6318182129794,0.8734612464904785,292.19854697356675,2.395186854716801
MCQA_0002_4,MCQA,"Mùa nào, chúng ta chỉ thấy những cành cây trơ trịu lá?
A. Mùa xuân.
B. Mùa hạ.
C. Mùa thu.
D. Mùa đông.",Mùa đông.,"Mùa nào, chúng ta chỉ thấy những cành cây trơ trụi lá?
A. Mùa xuân.
B. Mùa hạ.
C. Mùa thu.
D. Mùa đông.",D,PNB,Daily Conversation,high,7e49e369-5b4e-4441-ba22-55eb0d6e2bdf,1,QUALIFICATION_PEER_REVIEWED,qualification,"Mùa nào, chúng ta chỉ thấy những cành cây trơ trịu lá?
A. Mùa xuân.
B. Mùa hạ.
C. Mùa thu.
D. Mùa đông.","Mùa nào, chúng ta chỉ thấy những cành cây trơ trụi lá?
A. Mùa xuân.
B. Mùa hạ.
C. Mùa thu.
D. Mùa đông.",24,24,1.0,47,2.523056745529175,12.46664584456814,47,2.1402487754821777,8.50155234361417,-0.38280797004699707,-3.9650935009539694,0.6819438403568987
MCQA_0002_4,MCQA,"Mùa nào, chúng ta chỉ thấy những cành cây trơ trịu lá?
A. Mùa xuân.
B. Mùa hạ.
C. Mùa thu.
D. Mùa đông.",Mùa đông.,"Mùa nào, chúng ta chỉ thấy những cành cây trơ trịu lá?
A. Mùa xuân.
B. Mùa hạ.
C. Mùa thu.
D. Mùa đông.",D,PNN,Daily Conversation,high,d873b729-a53d-4068-8b04-cbab8be13616,2,QUALIFICATION_PEER_REVIEWED,qualification,"Mùa nào, chúng ta chỉ thấy những cành cây trơ trịu lá?
A. Mùa xuân.
B. Mùa hạ.
C. Mùa thu.
D. Mùa đông.","Mùa nào, chúng ta chỉ thấy những cành cây trơ trịu lá?
A. Mùa xuân.
B. Mùa hạ.
C. Mùa thu.
D. Mùa đông.",24,24,1.0,47,2.523056745529175,12.46664584456814,47,2.523056745529175,12.46664584456814,0.0,0.0,1.0
MCQA_0002_4,MCQA,"Mùa nào, chúng ta chỉ thấy những cành cây trơ trịu lá?
A. Mùa xuân.
B. Mùa hạ.
C. Mùa thu.
D. Mùa đông.",Mùa đông.,"Mùa mô, chúng ta chỉ thấy những cành cây trơ trọi lá?
A. Mùa xuân.
B. Mùa hạ.
C. Mùa thu.
D. Mùa đông.",D,PNT1,Daily Conversation,high,dca4b218-67a4-43d1-a513-8134e12f4b19,1,QUALIFICATION_PEER_REVIEWED,qualification,"Mùa nào, chúng ta chỉ thấy những cành cây trơ trịu lá?
A. Mùa xuân.
B. Mùa hạ.
C. Mùa thu.
D. Mùa đông.","Mùa mô, chúng ta chỉ thấy những cành cây trơ trọi lá?
A. Mùa xuân.
B. Mùa hạ.
C. Mùa thu.
D. Mùa đông.",24,24,1.0,47,2.523056745529175,12.46664584456814,47,2.4191527366638184,11.236335145909827,-0.10390400886535645,-1.2303106986583128,0.9013118112122859
MCQA_0002_4,MCQA,"Mùa nào, chúng ta chỉ thấy những cành cây trơ trịu lá?
A. Mùa xuân.
B. Mùa hạ.
C. Mùa thu.
D. Mùa đông.",Mùa đông.,"Mùa mô mà ta chỉ thấy mấy cấy cành cây trơ trọi lá?
A. Mùa xuân.
B. Mùa hè.
C. Mùa thu.
D. Mùa đông.",D,PNT2,Daily Conversation,high,9bd8c7fb-25fa-4b2d-9c1d-ab9f97e7731e,2,QUALIFICATION_PEER_REVIEWED,qualification,"Mùa nào, chúng ta chỉ thấy những cành cây trơ trịu lá?
A. Mùa xuân.
B. Mùa hạ.
C. Mùa thu.
D. Mùa đông.","Mùa mô mà ta chỉ thấy mấy cấy cành cây trơ trọi lá?
A. Mùa xuân.
B. Mùa hè.
C. Mùa thu.
D. Mùa đông.",24,25,1.0416666666666667,47,2.523056745529175,12.46664584456814,48,2.766752243041992,15.906888319345653,0.24369549751281738,3.440242474777513,1.275955739632763
MCQA_0002_4,MCQA,"Mùa nào, chúng ta chỉ thấy những cành cây trơ trịu lá?
A. Mùa xuân.
B. Mùa hạ.
C. Mùa thu.
D. Mùa đông.",Mùa đông.,"Mùa mô, chúng ta chỉ chộ mấy cành cây trơ trụi lá?
A. Mùa xun.
B. Mùa hè.
C. Mùa thu.
D. Mùa đông.",D,PNT3,Daily Conversation,high,a535cb14-6f28-47fa-8989-505a99f839db,3,QUALIFICATION_PEER_REVIEWED,qualification,"Mùa nào, chúng ta chỉ thấy những cành cây trơ trịu lá?
A. Mùa xuân.
B. Mùa hạ.
C. Mùa thu.
D. Mùa đông.","Mùa mô, chúng ta chỉ chộ mấy cành cây trơ trụi lá?
A. Mùa xun.
B. Mùa hè.
C. Mùa thu.
D. Mùa đông.",24,24,1.0,47,2.523056745529175,12.46664584456814,49,3.1443183422088623,23.20385299396112,0.6212615966796875,10.737207149392981,1.8612747392732991
MCQA_0002_4,MCQA,"Mùa nào, chúng ta chỉ thấy những cành cây trơ trịu lá?
A. Mùa xuân.
B. Mùa hạ.
C. Mùa thu.
D. Mùa đông.",Mùa đông.,"Mùa nào, chúng ta chỉ thấy những cành cây trơ trụi lá?
A. Mùa xuân
B. Mùa hè
C. Mùa thu
D. Mùa đông",D,PNT4,Daily Conversation,high,79761839-4e36-4d46-bc8f-bfd4e0af851a,4,QUALIFICATION_PEER_REVIEWED,qualification,"Mùa nào, chúng ta chỉ thấy những cành cây trơ trịu lá?
A. Mùa xuân.
B. Mùa hạ.
C. Mùa thu.
D. Mùa đông.","Mùa nào, chúng ta chỉ thấy những cành cây trơ trụi lá?
A. Mùa xuân
B. Mùa hè
C. Mùa thu
D. Mùa đông",24,24,1.0,47,2.523056745529175,12.46664584456814,46,1.9669222831726074,7.1486411033860735,-0.5561344623565674,-5.318004741182066,0.5734213671033912
MCQA_0004_3,MCQA,"Sau khi ngưng hót, bầy chim sơn ca đã làm gì?
A. Nhảy thẳng lên trời xanh.
B. Bay thẳng lên bầu trời.
C. Luyện xuống đất kiếm ăn.
D. Tiếp tục hót vang xa hơn nữa.",Bay thẳng lên bầu trời.,"Sau khi ngừng hót, bầy chim sơn ca đã làm gì?
A. Lao thẳng lên trời xanh.
B. Bay thẳng lên bầu trời.
C.Lượn xuống đất kiếm ăn.
D. Tiếp tục hót vang xa hơn nữa.",B,PNB,Daily Conversation,high,7e49e369-5b4e-4441-ba22-55eb0d6e2bdf,1,QUALIFICATION_PEER_REVIEWED,qualification,"Sau khi ngưng hót, bầy chim sơn ca đã làm gì?
A. Nhảy thẳng lên trời xanh.
B. Bay thẳng lên bầu trời.
C. Luyện xuống đất kiếm ăn.
D. Tiếp tục hót vang xa hơn nữa.","Sau khi ngừng hót, bầy chim sơn ca đã làm gì?
A. Lao thẳng lên trời xanh.
B. Bay thẳng lên bầu trời.
C.Lượn xuống đất kiếm ăn.
D. Tiếp tục hót vang xa hơn nữa.",37,36,0.972972972972973,57,3.323922872543335,27.769071698423964,56,3.679367780685425,39.62133677817402,0.35544490814208984,11.852265079750055,1.4268153148390168
MCQA_0004_3,MCQA,"Sau khi ngưng hót, bầy chim sơn ca đã làm gì?
A. Nhảy thẳng lên trời xanh.
B. Bay thẳng lên bầu trời.
C. Luyện xuống đất kiếm ăn.
D. Tiếp tục hót vang xa hơn nữa.",Bay thẳng lên bầu trời.,"Sau khi ngưng hót, bầy chim sơn ca đã làm gì?
A. Nhảy thẳng lên trời xanh.
B. Bay thẳng lên bầu trời.
C. Luyện xuống đất kiếm ăn.
D. Tiếp tục hót vang xa hơn nữa.",B,PNN,Daily Conversation,high,d873b729-a53d-4068-8b04-cbab8be13616,2,QUALIFICATION_PEER_REVIEWED,qualification,"Sau khi ngưng hót, bầy chim sơn ca đã làm gì?
A. Nhảy thẳng lên trời xanh.
B. Bay thẳng lên bầu trời.
C. Luyện xuống đất kiếm ăn.
D. Tiếp tục hót vang xa hơn nữa.","Sau khi ngưng hót, bầy chim sơn ca đã làm gì?
A. Nhảy thẳng lên trời xanh.
B. Bay thẳng lên bầu trời.
C. Luyện xuống đất kiếm ăn.
D. Tiếp tục hót vang xa hơn nữa.",37,37,1.0,57,3.323922872543335,27.769071698423964,57,3.323922872543335,27.769071698423964,0.0,0.0,1.0
MCQA_0004_3,MCQA,"Sau khi ngưng hót, bầy chim sơn ca đã làm gì?
A. Nhảy thẳng lên trời xanh.
B. Bay thẳng lên bầu trời.
C. Luyện xuống đất kiếm ăn.
D. Tiếp tục hót vang xa hơn nữa.",Bay thẳng lên bầu trời.,"Sau khi ngưng hót, bầy chim sơn ca đả làm chi?
A. Nhảy thẳng lên trời xanh.
B. Bay thẳng lên bầu trời.
C. Liệng xuống đất kiếm ăn.
D. Tiếp tục hót vang xa hơn nửa.",B,PNT1,Daily Conversation,high,dca4b218-67a4-43d1-a513-8134e12f4b19,1,QUALIFICATION_PEER_REVIEWED,qualification,"Sau khi ngưng hót, bầy chim sơn ca đã làm gì?
A. Nhảy thẳng lên trời xanh.
B. Bay thẳng lên bầu trời.
C. Luyện xuống đất kiếm ăn.
D. Tiếp tục hót vang xa hơn nữa.","Sau khi ngưng hót, bầy chim sơn ca đả làm chi?
A. Nhảy thẳng lên trời xanh.
B. Bay thẳng lên bầu trời.
C. Liệng xuống đất kiếm ăn.
D. Tiếp tục hót vang xa hơn nửa.",37,37,1.0,57,3.323922872543335,27.769071698423964,58,3.874227523803711,48.145492675672216,0.550304651260376,20.37642097724825,1.7337811360256856
MCQA_0004_3,MCQA,"Sau khi ngưng hót, bầy chim sơn ca đã làm gì?
A. Nhảy thẳng lên trời xanh.
B. Bay thẳng lên bầu trời.
C. Luyện xuống đất kiếm ăn.
D. Tiếp tục hót vang xa hơn nữa.",Bay thẳng lên bầu trời.,"Sau khi ngưng hót, bầy chim sơn ca đạ mần chi?
A. Nhảy thẳng lên trời xanh.
B. Bay thẳng lên bầu trời.
C. Liệng xuống đất kiếm ăn.
D. Tiếp tục hót vang xa hơn nựa.",B,PNT2,Daily Conversation,high,9bd8c7fb-25fa-4b2d-9c1d-ab9f97e7731e,2,QUALIFICATION_PEER_REVIEWED,qualification,"Sau khi ngưng hót, bầy chim sơn ca đã làm gì?
A. Nhảy thẳng lên trời xanh.
B. Bay thẳng lên bầu trời.
C. Luyện xuống đất kiếm ăn.
D. Tiếp tục hót vang xa hơn nữa.","Sau khi ngưng hót, bầy chim sơn ca đạ mần chi?
A. Nhảy thẳng lên trời xanh.
B. Bay thẳng lên bầu trời.
C. Liệng xuống đất kiếm ăn.
D. Tiếp tục hót vang xa hơn nựa.",37,37,1.0,57,3.323922872543335,27.769071698423964,61,3.9269866943359375,50.75381027104152,0.6030638217926025,22.98473857261756,1.8277100085388183
MCQA_0004_3,MCQA,"Sau khi ngưng hót, bầy chim sơn ca đã làm gì?
A. Nhảy thẳng lên trời xanh.
B. Bay thẳng lên bầu trời.
C. Luyện xuống đất kiếm ăn.
D. Tiếp tục hót vang xa hơn nữa.",Bay thẳng lên bầu trời.,"Sau khi ngưng hót, bầy chim sơn ca đã làm chi?
A. Nhảy thẳng lên trời xanh.
B. Bay thẳng lên bầu trời.
C. Lượn xuống đất kiếm ăn.
D. Tiếp tục hót vang xa hơn nữa.",B,PNT3,Daily Conversation,high,a535cb14-6f28-47fa-8989-505a99f839db,3,QUALIFICATION_PEER_REVIEWED,qualification,"Sau khi ngưng hót, bầy chim sơn ca đã làm gì?
A. Nhảy thẳng lên trời xanh.
B. Bay thẳng lên bầu trời.
C. Luyện xuống đất kiếm ăn.
D. Tiếp tục hót vang xa hơn nữa.","Sau khi ngưng hót, bầy chim sơn ca đã làm chi?
A. Nhảy thẳng lên trời xanh.
B. Bay thẳng lên bầu trời.
C. Lượn xuống đất kiếm ăn.
D. Tiếp tục hót vang xa hơn nữa.",37,37,1.0,57,3.323922872543335,27.769071698423964,58,3.4057397842407227,30.13658204783399,0.0818169116973877,2.3675103494100256,1.0852570937596158
MCQA_0004_3,MCQA,"Sau khi ngưng hót, bầy chim sơn ca đã làm gì?
A. Nhảy thẳng lên trời xanh.
B. Bay thẳng lên bầu trời.
C. Luyện xuống đất kiếm ăn.
D. Tiếp tục hót vang xa hơn nữa.",Bay thẳng lên bầu trời.,"Sau khi ngưng hót, bầy chim sơn ca đã làm chi?
A. Nhảy thẳng lên trời xanh.
B. Bay thẳng lên bầu trời.
C. Liệng xuống đất kiếm ăn.
D. Tiếp tục hót vang xa hơn nữa.",B,PNT4,Daily Conversation,high,79761839-4e36-4d46-bc8f-bfd4e0af851a,4,QUALIFICATION_PEER_REVIEWED,qualification,"Sau khi ngưng hót, bầy chim sơn ca đã làm gì?
A. Nhảy thẳng lên trời xanh.
B. Bay thẳng lên bầu trời.
C. Luyện xuống đất kiếm ăn.
D. Tiếp tục hót vang xa hơn nữa.","Sau khi ngưng hót, bầy chim sơn ca đã làm chi?
A. Nhảy thẳng lên trời xanh.
B. Bay thẳng lên bầu trời.
C. Liệng xuống đất kiếm ăn.
D. Tiếp tục hót vang xa hơn nữa.",37,37,1.0,57,3.323922872543335,27.769071698423964,58,3.4594051837921143,31.79805688875874,0.1354823112487793,4.028985190334776,1.1450889404618967
MCQA_0010_1,MCQA,"Vì sao cha muốn cho bớt chó con đi?
A. Vì cha không thích chó con.
B. Vì bố thích đem cho người khác.
C. Vì nhà hàng xóm xin từ trước.
D. Vì nhiều quá, nuôi không xuể.","Vì nhiều quá, nuôi không xuể.","Vì sao bố muốn cho bớt chó con đi?
A. Vì bơ không thích chó con.
B. Vì bố thích đem cho người khác.
C. Vì nhà hàng xóm xin từ trước.
D. Vì nhiều quá, nuôi không hết.",D,PNB,Daily Conversation,high,291aae44-1453-4283-9067-782588cd28ff,0,QUALIFICATION_PEER_REVIEWED,qualification,"Vì sao cha muốn cho bớt chó con đi?
A. Vì cha không thích chó con.
B. Vì bố thích đem cho người khác.
C. Vì nhà hàng xóm xin từ trước.
D. Vì nhiều quá, nuôi không xuể.","Vì sao bố muốn cho bớt chó con đi?
A. Vì bơ không thích chó con.
B. Vì bố thích đem cho người khác.
C. Vì nhà hàng xóm xin từ trước.
D. Vì nhiều quá, nuôi không hết.",39,39,1.0,55,3.6045453548431396,36.76496504366911,55,3.6051723957061768,36.78802540821949,0.0006270408630371094,0.023060364550381962,1.0006272374942555
MCQA_0010_1,MCQA,"Vì sao cha muốn cho bớt chó con đi?
A. Vì cha không thích chó con.
B. Vì bố thích đem cho người khác.
C. Vì nhà hàng xóm xin từ trước.
D. Vì nhiều quá, nuôi không xuể.","Vì nhiều quá, nuôi không xuể.","Sao ba muốn cho bớt mấy con chó con đi?
A. Tại ba hổng thích chó con.
B. Tại ba thích đem cho người ta.
C. Tại nhà hàng xóm xin hồi trước rồi.
D. Tại nhiều quá chừng, nuôi hổng xuể.",D,PNN,Daily Conversation,high,88759523-55db-4c51-872d-a8b43438fa82,2,QUALIFICATION_PEER_REVIEWED,qualification,"Vì sao cha muốn cho bớt chó con đi?
A. Vì cha không thích chó con.
B. Vì bố thích đem cho người khác.
C. Vì nhà hàng xóm xin từ trước.
D. Vì nhiều quá, nuôi không xuể.","Sao ba muốn cho bớt mấy con chó con đi?
A. Tại ba hổng thích chó con.
B. Tại ba thích đem cho người ta.
C. Tại nhà hàng xóm xin hồi trước rồi.
D. Tại nhiều quá chừng, nuôi hổng xuể.",39,42,1.0769230769230769,55,3.6045453548431396,36.76496504366911,62,4.319826126098633,75.17555608837397,0.7152807712554932,38.41059104470486,2.0447607117015094
MCQA_0010_1,MCQA,"Vì sao cha muốn cho bớt chó con đi?
A. Vì cha không thích chó con.
B. Vì bố thích đem cho người khác.
C. Vì nhà hàng xóm xin từ trước.
D. Vì nhiều quá, nuôi không xuể.","Vì nhiều quá, nuôi không xuể.","VÌ răng bố muốn cho bớt chóa coan đi?
A. Vì bố không thích chóa coan.
B. Vì bố thích đem cho người khác.
C. Vì nhà hàng xóm xin từ tước.
D. Vì nhiều quớ, nuôi không xuể.",D,PNT1,Daily Conversation,high,a4432712-749b-4d01-8b03-4cb9d0f81348,3,QUALIFICATION_PEER_REVIEWED,qualification,"Vì sao cha muốn cho bớt chó con đi?
A. Vì cha không thích chó con.
B. Vì bố thích đem cho người khác.
C. Vì nhà hàng xóm xin từ trước.
D. Vì nhiều quá, nuôi không xuể.","VÌ răng bố muốn cho bớt chóa coan đi?
A. Vì bố không thích chóa coan.
B. Vì bố thích đem cho người khác.
C. Vì nhà hàng xóm xin từ tước.
D. Vì nhiều quớ, nuôi không xuể.",39,39,1.0,55,3.6045453548431396,36.76496504366911,60,4.260953426361084,70.8775277532708,0.6564080715179443,34.11256270960169,1.9278551650758564
MCQA_0010_1,MCQA,"Vì sao cha muốn cho bớt chó con đi?
A. Vì cha không thích chó con.
B. Vì bố thích đem cho người khác.
C. Vì nhà hàng xóm xin từ trước.
D. Vì nhiều quá, nuôi không xuể.","Vì nhiều quá, nuôi không xuể.","Tại răng bố muốn cho bớt chó con đi? 
A. Tại bố nỏ thích chó con. 
B. Tại bố thích đem cho ngài khác. 
C. Tại nhà hàng xóm xin từ trước. 
D. Tại nhiều quá, nuôi nỏ xuể.",D,PNT2,Daily Conversation,high,7d958013-3acc-4719-a459-b3a565d57865,2,QUALIFICATION_PEER_REVIEWED,qualification,"Vì sao cha muốn cho bớt chó con đi?
A. Vì cha không thích chó con.
B. Vì bố thích đem cho người khác.
C. Vì nhà hàng xóm xin từ trước.
D. Vì nhiều quá, nuôi không xuể.","Tại răng bố muốn cho bớt chó con đi? 
A. Tại bố nỏ thích chó con. 
B. Tại bố thích đem cho ngài khác. 
C. Tại nhà hàng xóm xin từ trước. 
D. Tại nhiều quá, nuôi nỏ xuể.",39,39,1.0,55,3.6045453548431396,36.76496504366911,61,4.243833065032959,69.67440718427713,0.6392877101898193,32.90944214060802,1.8951305162814236
MCQA_0010_1,MCQA,"Vì sao cha muốn cho bớt chó con đi?
A. Vì cha không thích chó con.
B. Vì bố thích đem cho người khác.
C. Vì nhà hàng xóm xin từ trước.
D. Vì nhiều quá, nuôi không xuể.","Vì nhiều quá, nuôi không xuể.","Vì răng cha muốn cho bớt chó con đi?

A. Vì cha nỏ thích chó con.
B. Vì bố thích đem cho người khác.
C. Vì nhà hàng xóm xin từ trước.
D. Vì nhiều quá, nuôi nỏ xuể.",D,PNT3,Daily Conversation,high,eb02b7a5-f3df-407d-8da3-21f0b73659ef,1,QUALIFICATION_PEER_REVIEWED,qualification,"Vì sao cha muốn cho bớt chó con đi?
A. Vì cha không thích chó con.
B. Vì bố thích đem cho người khác.
C. Vì nhà hàng xóm xin từ trước.
D. Vì nhiều quá, nuôi không xuể.","Vì răng cha muốn cho bớt chó con đi?

A. Vì cha nỏ thích chó con.
B. Vì bố thích đem cho người khác.
C. Vì nhà hàng xóm xin từ trước.
D. Vì nhiều quá, nuôi nỏ xuể.",39,39,1.0,55,3.6045453548431396,36.76496504366911,56,4.24331521987915,69.63833597062994,0.6387698650360107,32.87337092696083,1.8941493861863903
MCQA_0010_1,MCQA,"Vì sao cha muốn cho bớt chó con đi?
A. Vì cha không thích chó con.
B. Vì bố thích đem cho người khác.
C. Vì nhà hàng xóm xin từ trước.
D. Vì nhiều quá, nuôi không xuể.","Vì nhiều quá, nuôi không xuể.","Vì răng ba muốn cho bớt chó con đi?
A. Vì ba không thích chó con.
B. Vì ba thích đem cho người khác.
C. Vì nhà hàng xóm xin từ trước.
D. Vì nhiều quá, nuôi không xuể.",D,PNT4,Daily Conversation,high,eb3805e3-c095-4a6c-8697-9f6079168a64,3,QUALIFICATION_PEER_REVIEWED,qualification,"Vì sao cha muốn cho bớt chó con đi?
A. Vì cha không thích chó con.
B. Vì bố thích đem cho người khác.
C. Vì nhà hàng xóm xin từ trước.
D. Vì nhiều quá, nuôi không xuể.","Vì răng ba muốn cho bớt chó con đi?
A. Vì ba không thích chó con.
B. Vì ba thích đem cho người khác.
C. Vì nhà hàng xóm xin từ trước.
D. Vì nhiều quá, nuôi không xuể.",39,39,1.0,55,3.6045453548431396,36.76496504366911,54,4.036140441894531,56.607440937463075,0.4315950870513916,19.842475893793967,1.5397115397831942
MCQA_0010_3,MCQA,"Giang đã đưa ra ý kiến gì với chị khi bố bảo phải cho bớt đi?
A. Giữ chó con lại nuôi.
B. Bán chó con.
C. Nuôi thêm mèo.
D. Cho chó con.",Bán chó con.,"Giang đã đưa ra ý kiến gì với chị khi bố bảo phải cho bớt đi?
A. Giữ chó con lại nuôi.
B. Bán chó con.
C. Nuôi thêm mèo.
D. Cho chó con.",B,PNB,Daily Conversation,high,291aae44-1453-4283-9067-782588cd28ff,0,QUALIFICATION_PEER_REVIEWED,qualification,"Giang đã đưa ra ý kiến gì với chị khi bố bảo phải cho bớt đi?
A. Giữ chó con lại nuôi.
B. Bán chó con.
C. Nuôi thêm mèo.
D. Cho chó con.","Giang đã đưa ra ý kiến gì với chị khi bố bảo phải cho bớt đi?
A. Giữ chó con lại nuôi.
B. Bán chó con.
C. Nuôi thêm mèo.
D. Cho chó con.",34,34,1.0,50,3.8307950496673584,46.099174801930914,50,3.8307950496673584,46.099174801930914,0.0,0.0,1.0
MCQA_0010_3,MCQA,"Giang đã đưa ra ý kiến gì với chị khi bố bảo phải cho bớt đi?
A. Giữ chó con lại nuôi.
B. Bán chó con.
C. Nuôi thêm mèo.
D. Cho chó con.",Bán chó con.,"Giang nói gì với chị lúc ba kêu phải cho bớt đi?
A. Giữ chó con lại nuôi.
B. Bán chó con.
C. Nuôi thêm mèo.
D. Cho chó con.",B,PNN,Daily Conversation,high,88759523-55db-4c51-872d-a8b43438fa82,2,QUALIFICATION_PEER_REVIEWED,qualification,"Giang đã đưa ra ý kiến gì với chị khi bố bảo phải cho bớt đi?
A. Giữ chó con lại nuôi.
B. Bán chó con.
C. Nuôi thêm mèo.
D. Cho chó con.","Giang nói gì với chị lúc ba kêu phải cho bớt đi?
A. Giữ chó con lại nuôi.
B. Bán chó con.
C. Nuôi thêm mèo.
D. Cho chó con.",34,30,0.8823529411764706,50,3.8307950496673584,46.099174801930914,47,3.7861275672912598,44.085351744697036,-0.04466748237609863,-2.0138230572338784,0.9563154207014237
MCQA_0010_3,MCQA,"Giang đã đưa ra ý kiến gì với chị khi bố bảo phải cho bớt đi?
A. Giữ chó con lại nuôi.
B. Bán chó con.
C. Nuôi thêm mèo.
D. Cho chó con.",Bán chó con.,"Giang đã đưa ra ý kiến chi với chị khi bố bảo phải cho bớt đi?
A. Giữ chó coan lại nui
B. Bán chóa coan
C. Nui thêm mèo
D. Choa chóa coan",B,PNT1,Daily Conversation,high,a4432712-749b-4d01-8b03-4cb9d0f81348,3,QUALIFICATION_PEER_REVIEWED,qualification,"Giang đã đưa ra ý kiến gì với chị khi bố bảo phải cho bớt đi?
A. Giữ chó con lại nuôi.
B. Bán chó con.
C. Nuôi thêm mèo.
D. Cho chó con.","Giang đã đưa ra ý kiến chi với chị khi bố bảo phải cho bớt đi?
A. Giữ chó coan lại nui
B. Bán chóa coan
C. Nui thêm mèo
D. Choa chóa coan",34,34,1.0,50,3.8307950496673584,46.099174801930914,56,4.227218151092529,68.52633686066495,0.3964231014251709,22.42716205873404,1.4864981239923334
MCQA_0010_3,MCQA,"Giang đã đưa ra ý kiến gì với chị khi bố bảo phải cho bớt đi?
A. Giữ chó con lại nuôi.
B. Bán chó con.
C. Nuôi thêm mèo.
D. Cho chó con.",Bán chó con.,"Giang đạ đưa ra ý kiến chi với chị khi bố bảo phải cho bớt đi? 
A. Giự chó con lại nuôi. 
B. Bán chó con. 
C. Nuôi thêm mèo. 
D. Cho chó con.",B,PNT2,Daily Conversation,high,7d958013-3acc-4719-a459-b3a565d57865,2,QUALIFICATION_PEER_REVIEWED,qualification,"Giang đã đưa ra ý kiến gì với chị khi bố bảo phải cho bớt đi?
A. Giữ chó con lại nuôi.
B. Bán chó con.
C. Nuôi thêm mèo.
D. Cho chó con.","Giang đạ đưa ra ý kiến chi với chị khi bố bảo phải cho bớt đi? 
A. Giự chó con lại nuôi. 
B. Bán chó con. 
C. Nuôi thêm mèo. 
D. Cho chó con.",34,34,1.0,50,3.8307950496673584,46.099174801930914,55,4.382123947143555,80.0077853763748,0.5513288974761963,33.908610574443884,1.7355578645417225
MCQA_0010_3,MCQA,"Giang đã đưa ra ý kiến gì với chị khi bố bảo phải cho bớt đi?
A. Giữ chó con lại nuôi.
B. Bán chó con.
C. Nuôi thêm mèo.
D. Cho chó con.",Bán chó con.,"Giang đã nói ý kiến chi với chị khi ba bảo phải cho bớt chó con đi?

A. Giữ chó con lại nuôi.
B. Bán chó con.
C. Nuôi thêm mèo.
D. Cho chó con.",B,PNT3,Daily Conversation,high,eb02b7a5-f3df-407d-8da3-21f0b73659ef,1,QUALIFICATION_PEER_REVIEWED,qualification,"Giang đã đưa ra ý kiến gì với chị khi bố bảo phải cho bớt đi?
A. Giữ chó con lại nuôi.
B. Bán chó con.
C. Nuôi thêm mèo.
D. Cho chó con.","Giang đã nói ý kiến chi với chị khi ba bảo phải cho bớt chó con đi?

A. Giữ chó con lại nuôi.
B. Bán chó con.
C. Nuôi thêm mèo.
D. Cho chó con.",34,35,1.0294117647058822,50,3.8307950496673584,46.099174801930914,51,3.996248245239258,54.39369493634111,0.16545319557189941,8.294520134410199,1.1799277355841686
MCQA_0010_3,MCQA,"Giang đã đưa ra ý kiến gì với chị khi bố bảo phải cho bớt đi?
A. Giữ chó con lại nuôi.
B. Bán chó con.
C. Nuôi thêm mèo.
D. Cho chó con.",Bán chó con.,"Giang đã đưa ra ý kiến chi với chị khi ba nói phải cho bớt đi?
A. Giữ chó con lại nuôi.
B. Bán chó con.
C. Nuôi thêm mèo.
D. Cho chó con.",B,PNT4,Daily Conversation,high,eb3805e3-c095-4a6c-8697-9f6079168a64,3,QUALIFICATION_PEER_REVIEWED,qualification,"Giang đã đưa ra ý kiến gì với chị khi bố bảo phải cho bớt đi?
A. Giữ chó con lại nuôi.
B. Bán chó con.
C. Nuôi thêm mèo.
D. Cho chó con.","Giang đã đưa ra ý kiến chi với chị khi ba nói phải cho bớt đi?
A. Giữ chó con lại nuôi.
B. Bán chó con.
C. Nuôi thêm mèo.
D. Cho chó con.",34,34,1.0,50,3.8307950496673584,46.099174801930914,50,4.032896518707275,56.424108266553915,0.202101469039917,10.324933464623001,1.2239721970943074
MCQA_0012_0,MCQA,"An đã xin làm gì sau khi bà mất?
A. An xin nghỉ học hẳn luôn.
B. Xin bố mẹ cho đi du lịch.
C. Nghỉ học mấy ngày liền.
D. Xin được đi học để đỡ buồn.",Nghỉ học mấy ngày liền.,"An đã xin làm gì sau khi bà mất?
A. An xin nghỉ học luôn.
B. Xin ba mẹ cho đi du lịch.
C. Nghỉ học mấy ngày liền.
D. Xin được đi học để đỡ buồn.",C,PNN,Daily Conversation,high,9d0d5c61-1083-4b35-8c02-c2c597f8212f,2,QUALIFICATION_PEER_REVIEWED,qualification,"An đã xin làm gì sau khi bà mất?
A. An xin nghỉ học hẳn luôn.
B. Xin bố mẹ cho đi du lịch.
C. Nghỉ học mấy ngày liền.
D. Xin được đi học để đỡ buồn.","An đã xin làm gì sau khi bà mất?
A. An xin nghỉ học luôn.
B. Xin ba mẹ cho đi du lịch.
C. Nghỉ học mấy ngày liền.
D. Xin được đi học để đỡ buồn.",38,37,0.9736842105263158,50,3.7448387145996094,42.302183943930494,49,3.7666759490966797,43.23610668680881,0.021837234497070312,0.9339227428783161,1.02207741198696
MCQA_0012_0,MCQA,"An đã xin làm gì sau khi bà mất?
A. An xin nghỉ học hẳn luôn.
B. Xin bố mẹ cho đi du lịch.
C. Nghỉ học mấy ngày liền.
D. Xin được đi học để đỡ buồn.",Nghỉ học mấy ngày liền.,"An đã xin làm gì sau khi bà mất?
A. An xin nghỉ học hẳn luôn.
B. Xin bố mẹ cho đi du lịch.
C. Nghỉ học mấy ngày liền.
D. Xin được đi học để đỡ buồn.",C,PNT1,Daily Conversation,high,6b0ccea8-04fe-4c9c-82c8-309e147936f4,3,QUALIFICATION_PEER_REVIEWED,qualification,"An đã xin làm gì sau khi bà mất?
A. An xin nghỉ học hẳn luôn.
B. Xin bố mẹ cho đi du lịch.
C. Nghỉ học mấy ngày liền.
D. Xin được đi học để đỡ buồn.","An đã xin làm gì sau khi bà mất?
A. An xin nghỉ học hẳn luôn.
B. Xin bố mẹ cho đi du lịch.
C. Nghỉ học mấy ngày liền.
D. Xin được đi học để đỡ buồn.",38,38,1.0,50,3.7448387145996094,42.302183943930494,50,3.7448387145996094,42.302183943930494,0.0,0.0,1.0
MCQA_0012_0,MCQA,"An đã xin làm gì sau khi bà mất?
A. An xin nghỉ học hẳn luôn.
B. Xin bố mẹ cho đi du lịch.
C. Nghỉ học mấy ngày liền.
D. Xin được đi học để đỡ buồn.",Nghỉ học mấy ngày liền.,"An đã làm chi sau khi bà mất?
A. An xin nghỉ học hẳn luôn.
B. Xin ba mẹ cho đi du lịch.
C. Nghỉ học mấy ngày liền.
D. Xin được đi học để đỡ buồn.",C,PNT3,Daily Conversation,high,e99ab2ee-5e8e-4d70-ac05-869071c9a49c,1,QUALIFICATION_PEER_REVIEWED,qualification,"An đã xin làm gì sau khi bà mất?
A. An xin nghỉ học hẳn luôn.
B. Xin bố mẹ cho đi du lịch.
C. Nghỉ học mấy ngày liền.
D. Xin được đi học để đỡ buồn.","An đã làm chi sau khi bà mất?
A. An xin nghỉ học hẳn luôn.
B. Xin ba mẹ cho đi du lịch.
C. Nghỉ học mấy ngày liền.
D. Xin được đi học để đỡ buồn.",38,37,0.9736842105263158,50,3.7448387145996094,42.302183943930494,48,4.093371391296387,59.9416381470924,0.34853267669677734,17.639454203161904,1.416986844616395
MCQA_0012_0,MCQA,"An đã xin làm gì sau khi bà mất?
A. An xin nghỉ học hẳn luôn.
B. Xin bố mẹ cho đi du lịch.
C. Nghỉ học mấy ngày liền.
D. Xin được đi học để đỡ buồn.",Nghỉ học mấy ngày liền.,"An đã xin làm gì sau khi bà mất?
A. An xin nghỉ học hẳn luôn.
B. Xin bố mẹ cho đi du lịch.
C. Nghỉ học mấy ngày liền.
D. Xin được đi học để đỡ buồn.",C,PNT4,Daily Conversation,high,7f4cabf8-9403-4778-a98e-b3191bcfcaab,0,QUALIFICATION_PEER_REVIEWED,qualification,"An đã xin làm gì sau khi bà mất?
A. An xin nghỉ học hẳn luôn.
B. Xin bố mẹ cho đi du lịch.
C. Nghỉ học mấy ngày liền.
D. Xin được đi học để đỡ buồn.","An đã xin làm gì sau khi bà mất?
A. An xin nghỉ học hẳn luôn.
B. Xin bố mẹ cho đi du lịch.
C. Nghỉ học mấy ngày liền.
D. Xin được đi học để đỡ buồn.",38,38,1.0,50,3.7448387145996094,42.302183943930494,50,3.7448387145996094,42.302183943930494,0.0,0.0,1.0
MCQA_0012_5,MCQA,"Tại sao thầy giáo không trách An khi biết bạn chưa làm bài tập?
A. Vì đây là lần đầu tiên An mắc lỗi.
B. Vì cả lớp đã kể cho thầy nghe.
C. Vì thầy hiểu và thông cảm hoàn cảnh của An. An cũng đã thành thực nhận lỗi.
D. Vì An đã mắc lỗi quá nhiều lần.",Vì thầy hiểu và thông cảm hoàn cảnh của An. An cũng đã thành thực nhận lỗi.,"Tại sao thầy giáo hông trách An khi biết bạn chưa làm bài tập?
A. Vì đây là lần đầu tiên An mắc lỗi.
B. Vì cả lớp đã kể cho thầy nghe.
C. Vì thầy hiểu và thông cảm với hoàn cảnh của An. An cũng đã thành thật nhận lỗi.
D. Vì An đã mắc lỗi quá nhiều lần.",C,PNN,Daily Conversation,high,9d0d5c61-1083-4b35-8c02-c2c597f8212f,2,QUALIFICATION_PEER_REVIEWED,qualification,"Tại sao thầy giáo không trách An khi biết bạn chưa làm bài tập?
A. Vì đây là lần đầu tiên An mắc lỗi.
B. Vì cả lớp đã kể cho thầy nghe.
C. Vì thầy hiểu và thông cảm hoàn cảnh của An. An cũng đã thành thực nhận lỗi.
D. Vì An đã mắc lỗi quá nhiều lần.","Tại sao thầy giáo hông trách An khi biết bạn chưa làm bài tập?
A. Vì đây là lần đầu tiên An mắc lỗi.
B. Vì cả lớp đã kể cho thầy nghe.
C. Vì thầy hiểu và thông cảm với hoàn cảnh của An. An cũng đã thành thật nhận lỗi.
D. Vì An đã mắc lỗi quá nhiều lần.",60,61,1.0166666666666666,73,3.113865375518799,22.507877870747663,75,3.094111919403076,22.067631996943557,-0.019753456115722656,-0.4402458738041055,0.9804403650876269
MCQA_0012_5,MCQA,"Tại sao thầy giáo không trách An khi biết bạn chưa làm bài tập?
A. Vì đây là lần đầu tiên An mắc lỗi.
B. Vì cả lớp đã kể cho thầy nghe.
C. Vì thầy hiểu và thông cảm hoàn cảnh của An. An cũng đã thành thực nhận lỗi.
D. Vì An đã mắc lỗi quá nhiều lần.",Vì thầy hiểu và thông cảm hoàn cảnh của An. An cũng đã thành thực nhận lỗi.,"Tại sao thầy giáo không trách An khi biết bạn chưa làm bài tập?
A. Vì đây là lần đầu tiên An mắc lỗi.
B. Vì cả lớp đã kể cho thầy nghe.
C. Vì thầy hiểu và thông cảm hoàn cảnh của An. An cũng đã thành thực nhận lỗi.
D. Vì An đã mắc lỗi quá nhiều lần.",C,PNT1,Daily Conversation,high,6b0ccea8-04fe-4c9c-82c8-309e147936f4,3,QUALIFICATION_PEER_REVIEWED,qualification,"Tại sao thầy giáo không trách An khi biết bạn chưa làm bài tập?
A. Vì đây là lần đầu tiên An mắc lỗi.
B. Vì cả lớp đã kể cho thầy nghe.
C. Vì thầy hiểu và thông cảm hoàn cảnh của An. An cũng đã thành thực nhận lỗi.
D. Vì An đã mắc lỗi quá nhiều lần.","Tại sao thầy giáo không trách An khi biết bạn chưa làm bài tập?
A. Vì đây là lần đầu tiên An mắc lỗi.
B. Vì cả lớp đã kể cho thầy nghe.
C. Vì thầy hiểu và thông cảm hoàn cảnh của An. An cũng đã thành thực nhận lỗi.
D. Vì An đã mắc lỗi quá nhiều lần.",60,60,1.0,73,3.113865375518799,22.507877870747663,73,3.113865375518799,22.507877870747663,0.0,0.0,1.0
MCQA_0012_5,MCQA,"Tại sao thầy giáo không trách An khi biết bạn chưa làm bài tập?
A. Vì đây là lần đầu tiên An mắc lỗi.
B. Vì cả lớp đã kể cho thầy nghe.
C. Vì thầy hiểu và thông cảm hoàn cảnh của An. An cũng đã thành thực nhận lỗi.
D. Vì An đã mắc lỗi quá nhiều lần.",Vì thầy hiểu và thông cảm hoàn cảnh của An. An cũng đã thành thực nhận lỗi.,"Tại răng thầy giáo không trách An khi biết bạn chưa làm bài tập?
A. Vì đây là lần đầu An mắc lỗi.
B. Vì cả lớp đã kể cho thầy nghe.
C. Vì thầy hiểu với thông cảm hoàn cảnh của An. An cũng đã thành thực nhận lỗi.
D. Vì An đã mắc lỗi quá nhiều lần.",C,PNT3,Daily Conversation,high,e99ab2ee-5e8e-4d70-ac05-869071c9a49c,1,QUALIFICATION_PEER_REVIEWED,qualification,"Tại sao thầy giáo không trách An khi biết bạn chưa làm bài tập?
A. Vì đây là lần đầu tiên An mắc lỗi.
B. Vì cả lớp đã kể cho thầy nghe.
C. Vì thầy hiểu và thông cảm hoàn cảnh của An. An cũng đã thành thực nhận lỗi.
D. Vì An đã mắc lỗi quá nhiều lần.","Tại răng thầy giáo không trách An khi biết bạn chưa làm bài tập?
A. Vì đây là lần đầu An mắc lỗi.
B. Vì cả lớp đã kể cho thầy nghe.
C. Vì thầy hiểu với thông cảm hoàn cảnh của An. An cũng đã thành thực nhận lỗi.
D. Vì An đã mắc lỗi quá nhiều lần.",60,59,0.9833333333333333,73,3.113865375518799,22.507877870747663,71,3.837989568710327,46.4320321313521,0.7241241931915283,23.92415426060444,2.062923586043509
MCQA_0012_5,MCQA,"Tại sao thầy giáo không trách An khi biết bạn chưa làm bài tập?
A. Vì đây là lần đầu tiên An mắc lỗi.
B. Vì cả lớp đã kể cho thầy nghe.
C. Vì thầy hiểu và thông cảm hoàn cảnh của An. An cũng đã thành thực nhận lỗi.
D. Vì An đã mắc lỗi quá nhiều lần.",Vì thầy hiểu và thông cảm hoàn cảnh của An. An cũng đã thành thực nhận lỗi.,"Tại sao thầy giáo không trách An khi biết bạn chưa làm bài tập?
A. Tại/Do  đây là lần đầu tiên An mắc lỗi.
B. Tại/Do cả lớp đã kể cho thầy nghe.
C. Tại/Do thầy hiểu và thông cảm hoàn cảnh của An. An cũng đã thành thực nhận lỗi.
D. Tại/Do An đã mắc lỗi quá nhiều lần.",C,PNT4,Daily Conversation,high,7f4cabf8-9403-4778-a98e-b3191bcfcaab,0,QUALIFICATION_PEER_REVIEWED,qualification,"Tại sao thầy giáo không trách An khi biết bạn chưa làm bài tập?
A. Vì đây là lần đầu tiên An mắc lỗi.
B. Vì cả lớp đã kể cho thầy nghe.
C. Vì thầy hiểu và thông cảm hoàn cảnh của An. An cũng đã thành thực nhận lỗi.
D. Vì An đã mắc lỗi quá nhiều lần.","Tại sao thầy giáo không trách An khi biết bạn chưa làm bài tập?
A. Tại/Do  đây là lần đầu tiên An mắc lỗi.
B. Tại/Do cả lớp đã kể cho thầy nghe.
C. Tại/Do thầy hiểu và thông cảm hoàn cảnh của An. An cũng đã thành thực nhận lỗi.
D. Tại/Do An đã mắc lỗi quá nhiều lần.",60,60,1.0,73,3.113865375518799,22.507877870747663,82,3.169481039047241,23.7951324070312,0.05561566352844238,1.2872545362835375,1.0571912884757793
MCQA_0013_3,MCQA,"Hoa đã giúp mẹ một số công việc gì?
A. Chờ mẹ đi làm về.
B. Học và tập viết chăm chỉ.
C. Viết thư cho bố.
D. Trông em và hát ru em ngủ.",Trông em và hát ru em ngủ.,"Hoa đã giúp mẹ những công việc gì?
A. Chờ mẹ đi làm về.
B. Học và tập viết chăm chỉ.
C. Viết thư cho ba.
D. Giữ em và hát ru em ngủ.",D,PNT4,Daily Conversation,high,caa27aaf-592f-49ce-b541-02f33da2b90f,3,QUALIFICATION_PEER_REVIEWED,qualification,"Hoa đã giúp mẹ một số công việc gì?
A. Chờ mẹ đi làm về.
B. Học và tập viết chăm chỉ.
C. Viết thư cho bố.
D. Trông em và hát ru em ngủ.","Hoa đã giúp mẹ những công việc gì?
A. Chờ mẹ đi làm về.
B. Học và tập viết chăm chỉ.
C. Viết thư cho ba.
D. Giữ em và hát ru em ngủ.",35,34,0.9714285714285714,48,3.7522549629211426,42.6170736514718,47,3.7954068183898926,44.49633465114846,0.04315185546875,1.87926099967666,1.0440964345662378
MCQA_0013_4,MCQA,"Hoa viết thư cho bố vào thời điểm nào?
A. Khi Hoa và mẹ đã ăn cơm xong.
B. Khi em Nụ đang chơi trong nôi.
C. Khi Hoa làm xong bài tập.
D. Khi em Nụ đã ngủ, mẹ chưa về.","Khi em Nụ đã ngủ, mẹ chưa về.","Hoa viết thư cho ba vào thời điểm nào?
A. Khi Hoa và mẹ đã en cơm xan.
B. Khi em Nụ đang chơi trong nôi.
C. Khi Hoa làm xan bài tập.
D. Khi em Nụ đã ngủ, mẹ chưa về.",D,PNT4,Daily Conversation,high,caa27aaf-592f-49ce-b541-02f33da2b90f,3,QUALIFICATION_PEER_REVIEWED,qualification,"Hoa viết thư cho bố vào thời điểm nào?
A. Khi Hoa và mẹ đã ăn cơm xong.
B. Khi em Nụ đang chơi trong nôi.
C. Khi Hoa làm xong bài tập.
D. Khi em Nụ đã ngủ, mẹ chưa về.","Hoa viết thư cho ba vào thời điểm nào?
A. Khi Hoa và mẹ đã en cơm xan.
B. Khi em Nụ đang chơi trong nôi.
C. Khi Hoa làm xan bài tập.
D. Khi em Nụ đã ngủ, mẹ chưa về.",42,42,1.0,65,2.8164100646972656,16.716730841361567,65,3.4505395889282227,31.517394158264764,0.634129524230957,14.800663316903197,1.8853802491263711
MCQA_0014_1,MCQA,"Bé cùng bố đi đâu vào mùa hè?
A. Đi đền chùa.
B. Đi lên rừng.
C. Đi leo núi.
D. Đi biển chơi.",Đi biển chơi.,"Bé cùng ba đi mô vào mùa hè?
A. Đi đền chùa.
B. Đi lên rừng.
C. Đi leo núi.
D. Đi biển chơi.",D,PNT4,Daily Conversation,high,5ea76d15-516d-4285-a781-7b1c6a04a627,2,QUALIFICATION_PEER_REVIEWED,qualification,"Bé cùng bố đi đâu vào mùa hè?
A. Đi đền chùa.
B. Đi lên rừng.
C. Đi leo núi.
D. Đi biển chơi.","Bé cùng ba đi mô vào mùa hè?
A. Đi đền chùa.
B. Đi lên rừng.
C. Đi leo núi.
D. Đi biển chơi.",24,24,1.0,35,3.1255640983581543,22.772737534840235,35,3.678678512573242,39.59403646386967,0.5531144142150879,16.821298929029435,1.7386595003474818
MCQA_0016_5,MCQA,"Chi đã nói gì với cô khi gặp cô?
A. Xin cô cho em được hái một bông hoa.
B. Cô ơi em muốn trồng bông hoa như vậy.
C. Xin cô đừng hiểu lầm, em chỉ ngắm hoa.
D. Hoa hôm nay đẹp quá cô nhỉ.",Xin cô cho em được hái một bông hoa.,"Chi đã nói gì với cô khi gặp cô?
A. Xin cô cho em được hái một bông hoa.
B. Cô ơi em muốn trồng bông hoa như vậy.
C. Xin cô đừng hiểu lầm, em chỉ ngắm hoa.
D. Hoa hôm nay đẹp quá ha cô.",A,PNT4,Daily Conversation,high,26143590-f75f-4158-a811-fd0f423e49d5,2,QUALIFICATION_PEER_REVIEWED,qualification,"Chi đã nói gì với cô khi gặp cô?
A. Xin cô cho em được hái một bông hoa.
B. Cô ơi em muốn trồng bông hoa như vậy.
C. Xin cô đừng hiểu lầm, em chỉ ngắm hoa.
D. Hoa hôm nay đẹp quá cô nhỉ.","Chi đã nói gì với cô khi gặp cô?
A. Xin cô cho em được hái một bông hoa.
B. Cô ơi em muốn trồng bông hoa như vậy.
C. Xin cô đừng hiểu lầm, em chỉ ngắm hoa.
D. Hoa hôm nay đẹp quá ha cô.",47,47,1.0,69,2.882951259613037,17.866925381524894,68,2.9669148921966553,19.43187758843907,0.08396363258361816,1.5649522069141781,1.0875893402752104
MCQA_0018_6,MCQA,"Thái độ của các vị khách sau khi nói chuyện với ông chủ khách sạn như thế nào?
A. Khiếp đảm, mặt cắt không còn giọt máu.
B. Lo lắng, lập tức thu dọn hành lí.
C. Tức giận, nổi cáu với ông chủ khách sạn.
D. Cười nói vui vẻ, tiếp tục đi tắm biển.","Khiếp đảm, mặt cắt không còn giọt máu.","Thái độ của các vị khách sau khi nói chuyện với ông chủ khách sạn như thế nào?
A. Khiếp đảm, mặt cắt không còn giọt máu.
B. Lo lắng, lập tức thu dọn hành lí.
C. Tức giận, nổi cáu với ông chủ khách sạn.
D. Cười nói vui vẻ, tiếp tục đi tắm biển.",A,PNT4,Daily Conversation,high,de05e608-0be0-4d0a-b764-de6f07af741c,3,QUALIFICATION_PEER_REVIEWED,qualification,"Thái độ của các vị khách sau khi nói chuyện với ông chủ khách sạn như thế nào?
A. Khiếp đảm, mặt cắt không còn giọt máu.
B. Lo lắng, lập tức thu dọn hành lí.
C. Tức giận, nổi cáu với ông chủ khách sạn.
D. Cười nói vui vẻ, tiếp tục đi tắm biển.","Thái độ của các vị khách sau khi nói chuyện với ông chủ khách sạn như thế nào?
A. Khiếp đảm, mặt cắt không còn giọt máu.
B. Lo lắng, lập tức thu dọn hành lí.
C. Tức giận, nổi cáu với ông chủ khách sạn.
D. Cười nói vui vẻ, tiếp tục đi tắm biển.",56,56,1.0,79,2.8880574703216553,17.958390989837667,79,2.8880574703216553,17.958390989837667,0.0,0.0,1.0
MCQA_0025_10,MCQA,"Mai đã nói gì khi biết cô cũng quyết định cho mình viết bút mực?
A. Thôi cô ạ, em không thích viết bút mực.
B. Thôi cô ạ, cứ để bạn Lan viết trước.
C. Thôi cô ạ, thế thì em không cho Lan mượn bút nữa.
D. Thôi cô ạ, em nhường bạn Lan viết bút mực.","Thôi cô ạ, cứ để bạn Lan viết trước.","Mai đã nói gì khi cô cũng quyết định cho mình viết viết mực?
A. Dạ thôi cô, con không thích viết viết mực.
B. Dạ thôi cô, để bạn Lan viết trước.
C. Dạ thôi cô, vậy con không cho Lan mượn viết nữa.
D. Dạ thôi cô, con nhường bạn Lan viết viết mực.",B,PNN,Daily Conversation,high,e04e5ca5-c8e8-4484-a0aa-f9dc978b200c,3,QUALIFICATION_PEER_REVIEWED,qualification,"Mai đã nói gì khi biết cô cũng quyết định cho mình viết bút mực?
A. Thôi cô ạ, em không thích viết bút mực.
B. Thôi cô ạ, cứ để bạn Lan viết trước.
C. Thôi cô ạ, thế thì em không cho Lan mượn bút nữa.
D. Thôi cô ạ, em nhường bạn Lan viết bút mực.","Mai đã nói gì khi cô cũng quyết định cho mình viết viết mực?
A. Dạ thôi cô, con không thích viết viết mực.
B. Dạ thôi cô, để bạn Lan viết trước.
C. Dạ thôi cô, vậy con không cho Lan mượn viết nữa.
D. Dạ thôi cô, con nhường bạn Lan viết viết mực.",59,56,0.9491525423728814,91,2.4825801849365234,11.972114871245452,80,2.9906983375549316,19.89957426046144,0.5081181526184082,7.927459389215986,1.6621603179114248
MCQA_0025_10,MCQA,"Mai đã nói gì khi biết cô cũng quyết định cho mình viết bút mực?
A. Thôi cô ạ, em không thích viết bút mực.
B. Thôi cô ạ, cứ để bạn Lan viết trước.
C. Thôi cô ạ, thế thì em không cho Lan mượn bút nữa.
D. Thôi cô ạ, em nhường bạn Lan viết bút mực.","Thôi cô ạ, cứ để bạn Lan viết trước.","Mai đã nói chi khi biết cô cũng quyết định cho mình viết bút mực?
A. Thôi cô ạ, em không thích viết bút mực.
B. Thôi cô ạ, cứ để bạn Lan viết trước.
C. Thôi cô ạ, rứa thì em không cho Lan mượn bút nữa.
D. Thôi cô ạ, em nhường bạn Lan viết bút mực đó.",B,PNT2,Daily Conversation,high,7fc87026-860f-4cf9-bb3d-46d0d55f71d9,1,QUALIFICATION_PEER_REVIEWED,qualification,"Mai đã nói gì khi biết cô cũng quyết định cho mình viết bút mực?
A. Thôi cô ạ, em không thích viết bút mực.
B. Thôi cô ạ, cứ để bạn Lan viết trước.
C. Thôi cô ạ, thế thì em không cho Lan mượn bút nữa.
D. Thôi cô ạ, em nhường bạn Lan viết bút mực.","Mai đã nói chi khi biết cô cũng quyết định cho mình viết bút mực?
A. Thôi cô ạ, em không thích viết bút mực.
B. Thôi cô ạ, cứ để bạn Lan viết trước.
C. Thôi cô ạ, rứa thì em không cho Lan mượn bút nữa.
D. Thôi cô ạ, em nhường bạn Lan viết bút mực đó.",59,60,1.0169491525423728,91,2.4825801849365234,11.972114871245452,94,2.6742067337036133,14.500842246478129,0.19162654876708984,2.528727375232677,1.2112181015992554
MCQA_0025_10,MCQA,"Mai đã nói gì khi biết cô cũng quyết định cho mình viết bút mực?
A. Thôi cô ạ, em không thích viết bút mực.
B. Thôi cô ạ, cứ để bạn Lan viết trước.
C. Thôi cô ạ, thế thì em không cho Lan mượn bút nữa.
D. Thôi cô ạ, em nhường bạn Lan viết bút mực.","Thôi cô ạ, cứ để bạn Lan viết trước.","Mai đã nói chi khi biết cô cũng quyết định cho miềng viết bút mực?
A. Dạ thôi cô, em không thích viết bút mực.
B. Dạ thôi cô, cứ để bạn Lan viết trước.
C. Dạ thôi cô, rứa thì em không cho Lan mượn bút nữa.
D. Dạ thôi cô, em nhường bạn Lan viết bút mực.",B,PNT3,Daily Conversation,high,88346002-a7b4-4be1-aec6-e1e3625416ee,3,QUALIFICATION_PEER_REVIEWED,qualification,"Mai đã nói gì khi biết cô cũng quyết định cho mình viết bút mực?
A. Thôi cô ạ, em không thích viết bút mực.
B. Thôi cô ạ, cứ để bạn Lan viết trước.
C. Thôi cô ạ, thế thì em không cho Lan mượn bút nữa.
D. Thôi cô ạ, em nhường bạn Lan viết bút mực.","Mai đã nói chi khi biết cô cũng quyết định cho miềng viết bút mực?
A. Dạ thôi cô, em không thích viết bút mực.
B. Dạ thôi cô, cứ để bạn Lan viết trước.
C. Dạ thôi cô, rứa thì em không cho Lan mượn bút nữa.
D. Dạ thôi cô, em nhường bạn Lan viết bút mực.",59,59,1.0,91,2.4825801849365234,11.972114871245452,91,3.02223539352417,20.53714902042619,0.5396552085876465,8.56503414918074,1.7154152997439227
MCQA_0090_10,MCQA,"Thái độ của Lan như thế nào khi nghe mẹ và anh trai nói chuyện?
A. Ân hận.
B. Hối hả.
C. Ghen tị.
D. Xấu hổ.",Ân hận.,"Thái độ của Lan ra sao khi nghe má và anh nói chuyện?
A. Ân hận
B. Tất bật
C. Phân bì
D. Mắc cỡ",A,PNN,Daily Conversation,high,e04e5ca5-c8e8-4484-a0aa-f9dc978b200c,3,QUALIFICATION_PEER_REVIEWED,qualification,"Thái độ của Lan như thế nào khi nghe mẹ và anh trai nói chuyện?
A. Ân hận.
B. Hối hả.
C. Ghen tị.
D. Xấu hổ.","Thái độ của Lan ra sao khi nghe má và anh nói chuyện?
A. Ân hận
B. Tất bật
C. Phân bì
D. Mắc cỡ",27,25,0.9259259259259259,48,2.7609524726867676,15.814899036241874,43,3.4844753742218018,32.605317032236535,0.7235229015350342,16.79041799599466,2.0616835401552205
MCQA_0090_10,MCQA,"Thái độ của Lan như thế nào khi nghe mẹ và anh trai nói chuyện?
A. Ân hận.
B. Hối hả.
C. Ghen tị.
D. Xấu hổ.",Ân hận.,"Thái độ của Lan a răng khi nghe mẹ và anh trai nói chuyện?
A. Ân hận.
B. Hối hả.
C. Ghen tị.
D. Xấu hổ.",A,PNT2,Daily Conversation,high,7fc87026-860f-4cf9-bb3d-46d0d55f71d9,1,QUALIFICATION_PEER_REVIEWED,qualification,"Thái độ của Lan như thế nào khi nghe mẹ và anh trai nói chuyện?
A. Ân hận.
B. Hối hả.
C. Ghen tị.
D. Xấu hổ.","Thái độ của Lan a răng khi nghe mẹ và anh trai nói chuyện?
A. Ân hận.
B. Hối hả.
C. Ghen tị.
D. Xấu hổ.",27,26,0.9629629629629629,48,2.7609524726867676,15.814899036241874,47,3.1002533435821533,22.203575702361128,0.33930087089538574,6.388676666119254,1.403965694088769
MCQA_0090_10,MCQA,"Thái độ của Lan như thế nào khi nghe mẹ và anh trai nói chuyện?
A. Ân hận.
B. Hối hả.
C. Ghen tị.
D. Xấu hổ.",Ân hận.,"Thái độ của Lan như răng khi nghe mẹ với anh trai nói chuyện?
A. Ân hận.
B. Hối hả.
C. Ghen tị.
D. Xấu hổ.",A,PNT3,Daily Conversation,high,88346002-a7b4-4be1-aec6-e1e3625416ee,3,QUALIFICATION_PEER_REVIEWED,qualification,"Thái độ của Lan như thế nào khi nghe mẹ và anh trai nói chuyện?
A. Ân hận.
B. Hối hả.
C. Ghen tị.
D. Xấu hổ.","Thái độ của Lan như răng khi nghe mẹ với anh trai nói chuyện?
A. Ân hận.
B. Hối hả.
C. Ghen tị.
D. Xấu hổ.",27,26,0.9629629629629629,48,2.7609524726867676,15.814899036241874,47,3.3075711727142334,27.318692441769535,0.5466187000274658,11.503793405527661,1.7274022666325748
NLI_0028,NLI,"Nhiều người có điểm thi TOEIC lên đến 600, 700 nhưng lại không có khả năng giao tiếp tiếng Anh và ứng dụng những gì đã học vào công việc.",Có những người không thể sử dụng tiếng Anh thành thục nhưng lại có điểm thi Bài kiểm tra tiếng Anh giao tiếp quốc tế rất cao.,Có những người không thể sử dụng tiếng Anh thành thạo nhưng lại có điểm thi Bài kiểm tra tiếng Anh giao tiếp quốc tế rất cao,Entailment,PNB,Daily Conversation,high,7e49e369-5b4e-4441-ba22-55eb0d6e2bdf,1,QUALIFICATION_PEER_REVIEWED,qualification,Có những người không thể sử dụng tiếng Anh thành thục nhưng lại có điểm thi Bài kiểm tra tiếng Anh giao tiếp quốc tế rất cao.,Có những người không thể sử dụng tiếng Anh thành thạo nhưng lại có điểm thi Bài kiểm tra tiếng Anh giao tiếp quốc tế rất cao,27,27,1.0,34,3.1998205184936523,24.528127456752106,33,3.0725042819976807,21.595917279739282,-0.12731623649597168,-2.9322101770128235,0.8804551965011237
NLI_0028,NLI,"Nhiều người có điểm thi TOEIC lên đến 600, 700 nhưng lại không có khả năng giao tiếp tiếng Anh và ứng dụng những gì đã học vào công việc.",Có những người không thể sử dụng tiếng Anh thành thục nhưng lại có điểm thi Bài kiểm tra tiếng Anh giao tiếp quốc tế rất cao.,Có những người không thể sử dụng tiếng Anh rành rọt nhưng lại có điểm thi Bài kiểm tra tiếng Anh giao tiếp quốc tế rất cao.,Entailment,PNN,Daily Conversation,high,d873b729-a53d-4068-8b04-cbab8be13616,2,QUALIFICATION_PEER_REVIEWED,qualification,Có những người không thể sử dụng tiếng Anh thành thục nhưng lại có điểm thi Bài kiểm tra tiếng Anh giao tiếp quốc tế rất cao.,Có những người không thể sử dụng tiếng Anh rành rọt nhưng lại có điểm thi Bài kiểm tra tiếng Anh giao tiếp quốc tế rất cao.,27,27,1.0,34,3.1998205184936523,24.528127456752106,36,3.1430840492248535,23.175230309032138,-0.05673646926879883,-1.3528971477199683,0.9448430317354886
NLI_0028,NLI,"Nhiều người có điểm thi TOEIC lên đến 600, 700 nhưng lại không có khả năng giao tiếp tiếng Anh và ứng dụng những gì đã học vào công việc.",Có những người không thể sử dụng tiếng Anh thành thục nhưng lại có điểm thi Bài kiểm tra tiếng Anh giao tiếp quốc tế rất cao.,Cúa những người chả thể sử dụng tiếng Anh thành thục nhưng lại cúa điểm thi Bài kiểm tra tiếng Anh giao tiếp quốc tế rất cao.,Entailment,PNT1,Daily Conversation,high,56164f4c-6810-404e-94aa-34d47c343da0,3,QUALIFICATION_PEER_REVIEWED,qualification,Có những người không thể sử dụng tiếng Anh thành thục nhưng lại có điểm thi Bài kiểm tra tiếng Anh giao tiếp quốc tế rất cao.,Cúa những người chả thể sử dụng tiếng Anh thành thục nhưng lại cúa điểm thi Bài kiểm tra tiếng Anh giao tiếp quốc tế rất cao.,27,27,1.0,34,3.1998205184936523,24.528127456752106,36,4.1426591873168945,62.97004816049725,0.9428386688232422,38.44192070374514,2.567258681753256
NLI_0028,NLI,"Nhiều người có điểm thi TOEIC lên đến 600, 700 nhưng lại không có khả năng giao tiếp tiếng Anh và ứng dụng những gì đã học vào công việc.",Có những người không thể sử dụng tiếng Anh thành thục nhưng lại có điểm thi Bài kiểm tra tiếng Anh giao tiếp quốc tế rất cao.,có nhựng người mà không thể sử dụng tiếng Anh thuần thục nhưng mà lại có cấy điểm bài kiểm tra tiếng anh giao tiếp quốc tế rành cao,Entailment,PNT2,Daily Conversation,high,9bd8c7fb-25fa-4b2d-9c1d-ab9f97e7731e,2,QUALIFICATION_PEER_REVIEWED,qualification,Có những người không thể sử dụng tiếng Anh thành thục nhưng lại có điểm thi Bài kiểm tra tiếng Anh giao tiếp quốc tế rất cao.,có nhựng người mà không thể sử dụng tiếng Anh thuần thục nhưng mà lại có cấy điểm bài kiểm tra tiếng anh giao tiếp quốc tế rành cao,27,29,1.0740740740740742,34,3.1998205184936523,24.528127456752106,39,4.207563877105713,67.19265070945296,1.0077433586120605,42.66452325270086,2.7394121637669557
NLI_0028,NLI,"Nhiều người có điểm thi TOEIC lên đến 600, 700 nhưng lại không có khả năng giao tiếp tiếng Anh và ứng dụng những gì đã học vào công việc.",Có những người không thể sử dụng tiếng Anh thành thục nhưng lại có điểm thi Bài kiểm tra tiếng Anh giao tiếp quốc tế rất cao.,Có mấy người không dùng tiếng Anh thành thục nhưng lại có điểm thi Bài kiểm tra tiếng Anh giao tiếp quốc tế rất cao,Entailment,PNT3,Daily Conversation,high,a535cb14-6f28-47fa-8989-505a99f839db,4,QUALIFICATION_PEER_REVIEWED,qualification,Có những người không thể sử dụng tiếng Anh thành thục nhưng lại có điểm thi Bài kiểm tra tiếng Anh giao tiếp quốc tế rất cao.,Có mấy người không dùng tiếng Anh thành thục nhưng lại có điểm thi Bài kiểm tra tiếng Anh giao tiếp quốc tế rất cao,27,25,0.9259259259259259,34,3.1998205184936523,24.528127456752106,31,3.5542266368865967,34.96077213855693,0.35440611839294434,10.432644681804828,1.4253339232764353
NLI_0028,NLI,"Nhiều người có điểm thi TOEIC lên đến 600, 700 nhưng lại không có khả năng giao tiếp tiếng Anh và ứng dụng những gì đã học vào công việc.",Có những người không thể sử dụng tiếng Anh thành thục nhưng lại có điểm thi Bài kiểm tra tiếng Anh giao tiếp quốc tế rất cao.,Có những người không thể sử dụng tiếng Anh thành thạo nhưng lại có điểm thi Bài kiểm tra tiếng Anh giao tiếp quốc tế rất cao.,Entailment,PNT4,Daily Conversation,high,79761839-4e36-4d46-bc8f-bfd4e0af851a,4,QUALIFICATION_PEER_REVIEWED,qualification,Có những người không thể sử dụng tiếng Anh thành thục nhưng lại có điểm thi Bài kiểm tra tiếng Anh giao tiếp quốc tế rất cao.,Có những người không thể sử dụng tiếng Anh thành thạo nhưng lại có điểm thi Bài kiểm tra tiếng Anh giao tiếp quốc tế rất cao.,27,27,1.0,34,3.1998205184936523,24.528127456752106,34,3.0639073848724365,21.411055159418908,-0.13591313362121582,-3.1170722973331983,0.8729184564606814
NLI_0064,NLI,"Tôi biết Joe Biden khá lâu rồi, và ông ấy có năng lượng của Donald Trump hay không thì chúng ta đều biết"", lãnh đạo phe Cộng hòa tại Hạ viện Kevin McCarthy trả lời phỏng vấn hôm 14/5.","Trong thời gian quen biết với Joe Biden, Kevin McCarthy hiểu được năng lực của Biden và Trump như thế nào.","Trong thời gian quen biết với Joe Biden, Kevin McCarthy hiểu được năng lực của Biden và Trump như thế nào",Entailment,PNB,Daily Conversation,high,7e49e369-5b4e-4441-ba22-55eb0d6e2bdf,1,QUALIFICATION_PEER_REVIEWED,qualification,"Trong thời gian quen biết với Joe Biden, Kevin McCarthy hiểu được năng lực của Biden và Trump như thế nào.","Trong thời gian quen biết với Joe Biden, Kevin McCarthy hiểu được năng lực của Biden và Trump như thế nào",21,21,1.0,26,3.5175178050994873,33.70067291959579,25,3.6251392364501953,37.529948332607134,0.10762143135070801,3.829275413011345,1.1136260816556203
NLI_0064,NLI,"Tôi biết Joe Biden khá lâu rồi, và ông ấy có năng lượng của Donald Trump hay không thì chúng ta đều biết"", lãnh đạo phe Cộng hòa tại Hạ viện Kevin McCarthy trả lời phỏng vấn hôm 14/5.","Trong thời gian quen biết với Joe Biden, Kevin McCarthy hiểu được năng lực của Biden và Trump như thế nào.","Trong thời gian quen biết với Joe Biden, Kevin McCarthy hiểu được năng lực của Biden và Trump như nào.",Entailment,PNN,Daily Conversation,high,d873b729-a53d-4068-8b04-cbab8be13616,2,QUALIFICATION_PEER_REVIEWED,qualification,"Trong thời gian quen biết với Joe Biden, Kevin McCarthy hiểu được năng lực của Biden và Trump như thế nào.","Trong thời gian quen biết với Joe Biden, Kevin McCarthy hiểu được năng lực của Biden và Trump như nào.",21,20,0.9523809523809523,26,3.5175178050994873,33.70067291959579,25,3.8908779621124268,48.95384728518579,0.37336015701293945,15.253174365589999,1.4526074123796144
NLI_0064,NLI,"Tôi biết Joe Biden khá lâu rồi, và ông ấy có năng lượng của Donald Trump hay không thì chúng ta đều biết"", lãnh đạo phe Cộng hòa tại Hạ viện Kevin McCarthy trả lời phỏng vấn hôm 14/5.","Trong thời gian quen biết với Joe Biden, Kevin McCarthy hiểu được năng lực của Biden và Trump như thế nào.","Trong thời gian quen biết với Joe Biden, Kevin McCarthy hiểu được năng lực của Biden và Trump như thế nào.",Entailment,PNT1,Daily Conversation,high,56164f4c-6810-404e-94aa-34d47c343da0,3,QUALIFICATION_PEER_REVIEWED,qualification,"Trong thời gian quen biết với Joe Biden, Kevin McCarthy hiểu được năng lực của Biden và Trump như thế nào.","Trong thời gian quen biết với Joe Biden, Kevin McCarthy hiểu được năng lực của Biden và Trump như thế nào.",21,21,1.0,26,3.5175178050994873,33.70067291959579,26,3.5175178050994873,33.70067291959579,0.0,0.0,1.0
NLI_0064,NLI,"Tôi biết Joe Biden khá lâu rồi, và ông ấy có năng lượng của Donald Trump hay không thì chúng ta đều biết"", lãnh đạo phe Cộng hòa tại Hạ viện Kevin McCarthy trả lời phỏng vấn hôm 14/5.","Trong thời gian quen biết với Joe Biden, Kevin McCarthy hiểu được năng lực của Biden và Trump như thế nào.","Trong cấy thời gian quen biết với Joe Biden, Kevin McCartthy hiểu được năng lực của Biden với Trump như răng.",Entailment,PNT2,Daily Conversation,high,9bd8c7fb-25fa-4b2d-9c1d-ab9f97e7731e,2,QUALIFICATION_PEER_REVIEWED,qualification,"Trong thời gian quen biết với Joe Biden, Kevin McCarthy hiểu được năng lực của Biden và Trump như thế nào.","Trong cấy thời gian quen biết với Joe Biden, Kevin McCartthy hiểu được năng lực của Biden với Trump như răng.",21,21,1.0,26,3.5175178050994873,33.70067291959579,28,5.91231632232666,369.5611875918804,2.394798517227173,335.86051467228464,10.965988378736295
NLI_0064,NLI,"Tôi biết Joe Biden khá lâu rồi, và ông ấy có năng lượng của Donald Trump hay không thì chúng ta đều biết"", lãnh đạo phe Cộng hòa tại Hạ viện Kevin McCarthy trả lời phỏng vấn hôm 14/5.","Trong thời gian quen biết với Joe Biden, Kevin McCarthy hiểu được năng lực của Biden và Trump như thế nào.","Trong thời gian quen biết với Joe Biden, Kevin McCarthy hiểu được năng lực của Biden và Trump như răng",Entailment,PNT3,Daily Conversation,high,a535cb14-6f28-47fa-8989-505a99f839db,3,QUALIFICATION_PEER_REVIEWED,qualification,"Trong thời gian quen biết với Joe Biden, Kevin McCarthy hiểu được năng lực của Biden và Trump như thế nào.","Trong thời gian quen biết với Joe Biden, Kevin McCarthy hiểu được năng lực của Biden và Trump như răng",21,20,0.9523809523809523,26,3.5175178050994873,33.70067291959579,24,4.336527347564697,76.44162270026769,0.81900954246521,42.7409497806719,2.268252117180114
NLI_0064,NLI,"Tôi biết Joe Biden khá lâu rồi, và ông ấy có năng lượng của Donald Trump hay không thì chúng ta đều biết"", lãnh đạo phe Cộng hòa tại Hạ viện Kevin McCarthy trả lời phỏng vấn hôm 14/5.","Trong thời gian quen biết với Joe Biden, Kevin McCarthy hiểu được năng lực của Biden và Trump như thế nào.","Trong thời gian quen biết với Joe Biden, Kevin McCarthy hiểu được năng lực của Biden và Trump như răng.",Entailment,PNT4,Daily Conversation,high,79761839-4e36-4d46-bc8f-bfd4e0af851a,4,QUALIFICATION_PEER_REVIEWED,qualification,"Trong thời gian quen biết với Joe Biden, Kevin McCarthy hiểu được năng lực của Biden và Trump như thế nào.","Trong thời gian quen biết với Joe Biden, Kevin McCarthy hiểu được năng lực của Biden và Trump như răng.",21,20,0.9523809523809523,26,3.5175178050994873,33.70067291959579,25,4.35811185836792,78.10951327824417,0.8405940532684326,44.408840358648376,2.31774343095761
NLI_0157,NLI,"Các triệu chứng điển hình xuất hiện trong 36 giờ khiến cơ thể Spieth rã rời và dị ứng xoang mũi vài ngày, nhưng anh cũng nhanh chóng khỏi bệnh.",Spieth đã có các biểu hiện về bệnh trên người anh ấy trong vòng 3 ngày qua.,Spieth đã có các biểu hiện về bệnh trên người anh ấy trong vòng 3 ngày qua.,Neutral,PNB,Daily Conversation,high,7e49e369-5b4e-4441-ba22-55eb0d6e2bdf,1,QUALIFICATION_PEER_REVIEWED,qualification,Spieth đã có các biểu hiện về bệnh trên người anh ấy trong vòng 3 ngày qua.,Spieth đã có các biểu hiện về bệnh trên người anh ấy trong vòng 3 ngày qua.,17,17,1.0,21,4.139142036437988,62.748962024822355,21,4.139142036437988,62.748962024822355,0.0,0.0,1.0
NLI_0157,NLI,"Các triệu chứng điển hình xuất hiện trong 36 giờ khiến cơ thể Spieth rã rời và dị ứng xoang mũi vài ngày, nhưng anh cũng nhanh chóng khỏi bệnh.",Spieth đã có các biểu hiện về bệnh trên người anh ấy trong vòng 3 ngày qua.,Spieth đã có các biểu hiện bịnh trên người ảnh trong 3 bữa,Neutral,PNN,Daily Conversation,high,e04e5ca5-c8e8-4484-a0aa-f9dc978b200c,3,QUALIFICATION_PEER_REVIEWED,qualification,Spieth đã có các biểu hiện về bệnh trên người anh ấy trong vòng 3 ngày qua.,Spieth đã có các biểu hiện bịnh trên người ảnh trong 3 bữa,17,13,0.7647058823529411,21,4.139142036437988,62.748962024822355,16,5.619078159332275,275.6351743695601,1.479936122894287,212.88621234473774,4.392665081225149
NLI_0157,NLI,"Các triệu chứng điển hình xuất hiện trong 36 giờ khiến cơ thể Spieth rã rời và dị ứng xoang mũi vài ngày, nhưng anh cũng nhanh chóng khỏi bệnh.",Spieth đã có các biểu hiện về bệnh trên người anh ấy trong vòng 3 ngày qua.,Spieth đã cúa các biểu hiện về bệnh trên người anh nứ trong vòng 3 ngày qua.,Neutral,PNT1,Daily Conversation,high,56164f4c-6810-404e-94aa-34d47c343da0,3,QUALIFICATION_PEER_REVIEWED,qualification,Spieth đã có các biểu hiện về bệnh trên người anh ấy trong vòng 3 ngày qua.,Spieth đã cúa các biểu hiện về bệnh trên người anh nứ trong vòng 3 ngày qua.,17,17,1.0,21,4.139142036437988,62.748962024822355,23,5.012047290802002,150.21194910636774,0.8729052543640137,87.46298708154538,2.3938555198243217
NLI_0157,NLI,"Các triệu chứng điển hình xuất hiện trong 36 giờ khiến cơ thể Spieth rã rời và dị ứng xoang mũi vài ngày, nhưng anh cũng nhanh chóng khỏi bệnh.",Spieth đã có các biểu hiện về bệnh trên người anh ấy trong vòng 3 ngày qua.,Spieth đạ có mấy biểu hiện về bệnh trên người trong vòng 3 ngày vừa rồi,Neutral,PNT2,Daily Conversation,high,9bd8c7fb-25fa-4b2d-9c1d-ab9f97e7731e,2,QUALIFICATION_PEER_REVIEWED,qualification,Spieth đã có các biểu hiện về bệnh trên người anh ấy trong vòng 3 ngày qua.,Spieth đạ có mấy biểu hiện về bệnh trên người trong vòng 3 ngày vừa rồi,17,16,0.9411764705882353,21,4.139142036437988,62.748962024822355,19,5.209202289581299,182.94806039561914,1.0700602531433105,120.19909837079678,2.915555166047977
NLI_0157,NLI,"Các triệu chứng điển hình xuất hiện trong 36 giờ khiến cơ thể Spieth rã rời và dị ứng xoang mũi vài ngày, nhưng anh cũng nhanh chóng khỏi bệnh.",Spieth đã có các biểu hiện về bệnh trên người anh ấy trong vòng 3 ngày qua.,Spieth đã có mấy cì biểu hiện về bệnh trên người anh nớ trong vòng 3 ngày qua,Neutral,PNT3,Daily Conversation,high,a535cb14-6f28-47fa-8989-505a99f839db,3,QUALIFICATION_PEER_REVIEWED,qualification,Spieth đã có các biểu hiện về bệnh trên người anh ấy trong vòng 3 ngày qua.,Spieth đã có mấy cì biểu hiện về bệnh trên người anh nớ trong vòng 3 ngày qua,17,18,1.0588235294117647,21,4.139142036437988,62.748962024822355,23,5.517794609069824,249.08510097788437,1.378652572631836,186.336138953062,3.9695493429732083
NLI_0157,NLI,"Các triệu chứng điển hình xuất hiện trong 36 giờ khiến cơ thể Spieth rã rời và dị ứng xoang mũi vài ngày, nhưng anh cũng nhanh chóng khỏi bệnh.",Spieth đã có các biểu hiện về bệnh trên người anh ấy trong vòng 3 ngày qua.,Spieth đã có các biểu hiện về bệnh trên người ảnh trong vòng 3 ngày qua.,Neutral,PNT4,Daily Conversation,high,79761839-4e36-4d46-bc8f-bfd4e0af851a,4,QUALIFICATION_PEER_REVIEWED,qualification,Spieth đã có các biểu hiện về bệnh trên người anh ấy trong vòng 3 ngày qua.,Spieth đã có các biểu hiện về bệnh trên người ảnh trong vòng 3 ngày qua.,17,16,0.9411764705882353,21,4.139142036437988,62.748962024822355,19,4.705976486206055,110.60623769712333,0.5668344497680664,47.85727567230098,1.7626783635619265
NLI_0240,NLI,"Tôi sẽ nghỉ sinh con vào đầu tháng 6, tuy nhiên, công ty gặp khó khăn về tài chính nên chưa đóng bảo hiểm xã hội đầy đủ cho tôi. (Thu Mây)","Do chưa đóng bảo hiểm xã hội đầy đủ, chị Thu Mây không được hưởng quyền lợi chế độ thai sản vào tháng 6 tới.","Do chưa đóng bảo hiểm xã hội đầy đủ, chị Thu Mây không được hưởng quyền lợi chế độ thai sản vào tháng 6 tới.",Neutral,PNB,Daily Conversation,high,291aae44-1453-4283-9067-782588cd28ff,0,QUALIFICATION_PEER_REVIEWED,qualification,"Do chưa đóng bảo hiểm xã hội đầy đủ, chị Thu Mây không được hưởng quyền lợi chế độ thai sản vào tháng 6 tới.","Do chưa đóng bảo hiểm xã hội đầy đủ, chị Thu Mây không được hưởng quyền lợi chế độ thai sản vào tháng 6 tới.",25,25,1.0,29,3.7402377128601074,42.10799858816212,29,3.7402377128601074,42.10799858816212,0.0,0.0,1.0
NLI_0240,NLI,"Tôi sẽ nghỉ sinh con vào đầu tháng 6, tuy nhiên, công ty gặp khó khăn về tài chính nên chưa đóng bảo hiểm xã hội đầy đủ cho tôi. (Thu Mây)","Do chưa đóng bảo hiểm xã hội đầy đủ, chị Thu Mây không được hưởng quyền lợi chế độ thai sản vào tháng 6 tới.","Do chưa đóng bảo hiểm xã hội đầy đủ, chị Thu Mây không được hưởng quyền lợi chế độ thai sản vào tháng 6 tới.",Neutral,PNN,Daily Conversation,high,d873b729-a53d-4068-8b04-cbab8be13616,2,QUALIFICATION_PEER_REVIEWED,qualification,"Do chưa đóng bảo hiểm xã hội đầy đủ, chị Thu Mây không được hưởng quyền lợi chế độ thai sản vào tháng 6 tới.","Do chưa đóng bảo hiểm xã hội đầy đủ, chị Thu Mây không được hưởng quyền lợi chế độ thai sản vào tháng 6 tới.",25,25,1.0,29,3.7402377128601074,42.10799858816212,29,3.7402377128601074,42.10799858816212,0.0,0.0,1.0
NLI_0240,NLI,"Tôi sẽ nghỉ sinh con vào đầu tháng 6, tuy nhiên, công ty gặp khó khăn về tài chính nên chưa đóng bảo hiểm xã hội đầy đủ cho tôi. (Thu Mây)","Do chưa đóng bảo hiểm xã hội đầy đủ, chị Thu Mây không được hưởng quyền lợi chế độ thai sản vào tháng 6 tới.","Doa chư đuống bảo hỉm xã hội đầy đủ, chị Thu Mây không được hửng quỳn lợi chế độ thai sản vào tháng 6 tới.",Neutral,PNT1,Daily Conversation,high,a4432712-749b-4d01-8b03-4cb9d0f81348,3,QUALIFICATION_PEER_REVIEWED,qualification,"Do chưa đóng bảo hiểm xã hội đầy đủ, chị Thu Mây không được hưởng quyền lợi chế độ thai sản vào tháng 6 tới.","Doa chư đuống bảo hỉm xã hội đầy đủ, chị Thu Mây không được hửng quỳn lợi chế độ thai sản vào tháng 6 tới.",25,25,1.0,29,3.7402377128601074,42.10799858816212,38,5.973119258880615,392.7287849033099,2.232881546020508,350.62078631514777,9.32670271851197
NLI_0240,NLI,"Tôi sẽ nghỉ sinh con vào đầu tháng 6, tuy nhiên, công ty gặp khó khăn về tài chính nên chưa đóng bảo hiểm xã hội đầy đủ cho tôi. (Thu Mây)","Do chưa đóng bảo hiểm xã hội đầy đủ, chị Thu Mây không được hưởng quyền lợi chế độ thai sản vào tháng 6 tới.","Do chưa đóng bảo hiểm xã hội đầy đủ, chị Thu Mây nỏ được hưởng quyền lợi chế độ thai sản vô tháng 6 tới.",Neutral,PNT2,Daily Conversation,high,7d958013-3acc-4719-a459-b3a565d57865,2,QUALIFICATION_PEER_REVIEWED,qualification,"Do chưa đóng bảo hiểm xã hội đầy đủ, chị Thu Mây không được hưởng quyền lợi chế độ thai sản vào tháng 6 tới.","Do chưa đóng bảo hiểm xã hội đầy đủ, chị Thu Mây nỏ được hưởng quyền lợi chế độ thai sản vô tháng 6 tới.",25,25,1.0,29,3.7402377128601074,42.10799858816212,30,4.732556343078613,113.5855551779659,0.9923186302185059,71.47755658980378,2.6974816896165272
NLI_0240,NLI,"Tôi sẽ nghỉ sinh con vào đầu tháng 6, tuy nhiên, công ty gặp khó khăn về tài chính nên chưa đóng bảo hiểm xã hội đầy đủ cho tôi. (Thu Mây)","Do chưa đóng bảo hiểm xã hội đầy đủ, chị Thu Mây không được hưởng quyền lợi chế độ thai sản vào tháng 6 tới.","Do chưa nộp bảo hiểm xã hội đầy đủ, chị Thu Mây khung được hưởng quyền lợi chế độ thai sản vô tháng 6 ni.",Neutral,PNT3,Daily Conversation,high,2fdf203d-4d50-4041-9bef-98014b83a48a,3,QUALIFICATION_PEER_REVIEWED,qualification,"Do chưa đóng bảo hiểm xã hội đầy đủ, chị Thu Mây không được hưởng quyền lợi chế độ thai sản vào tháng 6 tới.","Do chưa nộp bảo hiểm xã hội đầy đủ, chị Thu Mây khung được hưởng quyền lợi chế độ thai sản vô tháng 6 ni.",25,25,1.0,29,3.7402377128601074,42.10799858816212,30,5.137753486633301,170.33268352954875,1.3975157737731934,128.2246849413866,4.04513843546662
NLI_0240,NLI,"Tôi sẽ nghỉ sinh con vào đầu tháng 6, tuy nhiên, công ty gặp khó khăn về tài chính nên chưa đóng bảo hiểm xã hội đầy đủ cho tôi. (Thu Mây)","Do chưa đóng bảo hiểm xã hội đầy đủ, chị Thu Mây không được hưởng quyền lợi chế độ thai sản vào tháng 6 tới.","Do chưa đóng bảo hiểm xã hội đầy đủ, chị Thu Mây không được hưởng quyền lợi chế độ thai sản vào tháng 6 tới.",Neutral,PNT4,Daily Conversation,high,eb3805e3-c095-4a6c-8697-9f6079168a64,3,QUALIFICATION_PEER_REVIEWED,qualification,"Do chưa đóng bảo hiểm xã hội đầy đủ, chị Thu Mây không được hưởng quyền lợi chế độ thai sản vào tháng 6 tới.","Do chưa đóng bảo hiểm xã hội đầy đủ, chị Thu Mây không được hưởng quyền lợi chế độ thai sản vào tháng 6 tới.",25,25,1.0,29,3.7402377128601074,42.10799858816212,29,3.7402377128601074,42.10799858816212,0.0,0.0,1.0
NLI_0337,NLI,"Ngoài yêu cầu học sinh lớp 9 và 12 không ra ngoài tỉnh, ông Thức yêu cầu toàn bộ cán bộ, giáo viên trường THPT và trường THCS (được điều động dự phòng làm nhiệm vụ thi) không đi đến vùng có dịch đã được ngành y tế công bố từ ngày 21/5 đến khi hoàn thành nhiệm vụ; chủ động giữ gìn an toàn tuyệt đối cho bản thân và gia đình, khai báo y tế trước kỳ thi...",Người dân sinh sống tại thời điểm này tuyết đối không được rời đi khỏi Thanh Hóa dù lý do là gì.,Người dân sinh sống tại thời điểm này tuyệt đối không được rời khỏi Thanh Hóa dù lý do gì.,Entailment,PNB,Daily Conversation,high,291aae44-1453-4283-9067-782588cd28ff,0,QUALIFICATION_PEER_REVIEWED,qualification,Người dân sinh sống tại thời điểm này tuyết đối không được rời đi khỏi Thanh Hóa dù lý do là gì.,Người dân sinh sống tại thời điểm này tuyệt đối không được rời khỏi Thanh Hóa dù lý do gì.,22,20,0.9090909090909091,26,4.182571887969971,65.53418323573041,23,3.0728166103363037,21.60266335014395,-1.109755277633667,-43.93151988558646,0.32963962139327907
NLI_0337,NLI,"Ngoài yêu cầu học sinh lớp 9 và 12 không ra ngoài tỉnh, ông Thức yêu cầu toàn bộ cán bộ, giáo viên trường THPT và trường THCS (được điều động dự phòng làm nhiệm vụ thi) không đi đến vùng có dịch đã được ngành y tế công bố từ ngày 21/5 đến khi hoàn thành nhiệm vụ; chủ động giữ gìn an toàn tuyệt đối cho bản thân và gia đình, khai báo y tế trước kỳ thi...",Người dân sinh sống tại thời điểm này tuyết đối không được rời đi khỏi Thanh Hóa dù lý do là gì.,Người dân sinh sống lúc này tuyệt đối hông được rời khỏi Thanh Hóa dù lý do là gì.,Entailment,PNN,Daily Conversation,high,88759523-55db-4c51-872d-a8b43438fa82,2,QUALIFICATION_PEER_REVIEWED,qualification,Người dân sinh sống tại thời điểm này tuyết đối không được rời đi khỏi Thanh Hóa dù lý do là gì.,Người dân sinh sống lúc này tuyệt đối hông được rời khỏi Thanh Hóa dù lý do là gì.,22,19,0.8636363636363636,26,4.182571887969971,65.53418323573041,23,4.131878852844238,62.29485591765071,-0.05069303512573242,-3.2393273180797024,0.9505704174807879
NLI_0337,NLI,"Ngoài yêu cầu học sinh lớp 9 và 12 không ra ngoài tỉnh, ông Thức yêu cầu toàn bộ cán bộ, giáo viên trường THPT và trường THCS (được điều động dự phòng làm nhiệm vụ thi) không đi đến vùng có dịch đã được ngành y tế công bố từ ngày 21/5 đến khi hoàn thành nhiệm vụ; chủ động giữ gìn an toàn tuyệt đối cho bản thân và gia đình, khai báo y tế trước kỳ thi...",Người dân sinh sống tại thời điểm này tuyết đối không được rời đi khỏi Thanh Hóa dù lý do là gì.,Người dân sinh sống tại thời đỉm này tuỵt đối không được rời đi khuổi Thanh Húa dù lý do là chi.,Entailment,PNT1,Daily Conversation,high,a4432712-749b-4d01-8b03-4cb9d0f81348,3,QUALIFICATION_PEER_REVIEWED,qualification,Người dân sinh sống tại thời điểm này tuyết đối không được rời đi khỏi Thanh Hóa dù lý do là gì.,Người dân sinh sống tại thời đỉm này tuỵt đối không được rời đi khuổi Thanh Húa dù lý do là chi.,22,22,1.0,26,4.182571887969971,65.53418323573041,31,5.524142265319824,250.67123637120173,1.3415703773498535,185.13705313547132,3.8250455562942194
NLI_0337,NLI,"Ngoài yêu cầu học sinh lớp 9 và 12 không ra ngoài tỉnh, ông Thức yêu cầu toàn bộ cán bộ, giáo viên trường THPT và trường THCS (được điều động dự phòng làm nhiệm vụ thi) không đi đến vùng có dịch đã được ngành y tế công bố từ ngày 21/5 đến khi hoàn thành nhiệm vụ; chủ động giữ gìn an toàn tuyệt đối cho bản thân và gia đình, khai báo y tế trước kỳ thi...",Người dân sinh sống tại thời điểm này tuyết đối không được rời đi khỏi Thanh Hóa dù lý do là gì.,Người dân sinh sống tại thời điểm ni tuyệt đối nỏ được rời đi khỏi Thanh Hóa dù lý do là chi.,Entailment,PNT2,Daily Conversation,high,7d958013-3acc-4719-a459-b3a565d57865,2,QUALIFICATION_PEER_REVIEWED,qualification,Người dân sinh sống tại thời điểm này tuyết đối không được rời đi khỏi Thanh Hóa dù lý do là gì.,Người dân sinh sống tại thời điểm ni tuyệt đối nỏ được rời đi khỏi Thanh Hóa dù lý do là chi.,22,22,1.0,26,4.182571887969971,65.53418323573041,26,5.114851474761963,166.4760532515813,0.9322795867919922,100.9418700158509,2.54029340157879
NLI_0337,NLI,"Ngoài yêu cầu học sinh lớp 9 và 12 không ra ngoài tỉnh, ông Thức yêu cầu toàn bộ cán bộ, giáo viên trường THPT và trường THCS (được điều động dự phòng làm nhiệm vụ thi) không đi đến vùng có dịch đã được ngành y tế công bố từ ngày 21/5 đến khi hoàn thành nhiệm vụ; chủ động giữ gìn an toàn tuyệt đối cho bản thân và gia đình, khai báo y tế trước kỳ thi...",Người dân sinh sống tại thời điểm này tuyết đối không được rời đi khỏi Thanh Hóa dù lý do là gì.,Người dân sinh sống tại thời điểm ni tuyệt đối khung được đi ra khỏi Thanh Hoá dù lý do là chi.,Entailment,PNT3,Daily Conversation,high,2fdf203d-4d50-4041-9bef-98014b83a48a,3,QUALIFICATION_PEER_REVIEWED,qualification,Người dân sinh sống tại thời điểm này tuyết đối không được rời đi khỏi Thanh Hóa dù lý do là gì.,Người dân sinh sống tại thời điểm ni tuyệt đối khung được đi ra khỏi Thanh Hoá dù lý do là chi.,22,22,1.0,26,4.182571887969971,65.53418323573041,27,4.988309860229492,146.68829015169266,0.8057379722595215,81.15410691596225,2.238347727994809
NLI_0337,NLI,"Ngoài yêu cầu học sinh lớp 9 và 12 không ra ngoài tỉnh, ông Thức yêu cầu toàn bộ cán bộ, giáo viên trường THPT và trường THCS (được điều động dự phòng làm nhiệm vụ thi) không đi đến vùng có dịch đã được ngành y tế công bố từ ngày 21/5 đến khi hoàn thành nhiệm vụ; chủ động giữ gìn an toàn tuyệt đối cho bản thân và gia đình, khai báo y tế trước kỳ thi...",Người dân sinh sống tại thời điểm này tuyết đối không được rời đi khỏi Thanh Hóa dù lý do là gì.,Người dân sinh sống tại thời điểm ni tuyết đối không được rời đi khỏi Thanh Hoá dù lý do là chi.,Entailment,PNT4,Daily Conversation,high,eb3805e3-c095-4a6c-8697-9f6079168a64,3,QUALIFICATION_PEER_REVIEWED,qualification,Người dân sinh sống tại thời điểm này tuyết đối không được rời đi khỏi Thanh Hóa dù lý do là gì.,Người dân sinh sống tại thời điểm ni tuyết đối không được rời đi khỏi Thanh Hoá dù lý do là chi.,22,22,1.0,26,4.182571887969971,65.53418323573041,27,4.932694435119629,138.75286972559198,0.7501225471496582,73.21868648986157,2.117259464827532
NLI_0448,NLI,"Sứ mệnh sao Hỏa của Trung Quốc có thể không hấp dẫn bằng nhiệm vụ mới nhất mà NASA thực hiện, bởi nó về cơ bản chỉ lặp lại những kỳ tích mà người Mỹ đã đạt được từ nhiều thập kỷ trước.",Trung Quốc lặp lại những nhiệm vụ mới nhất của NASA.,Trung Quốc lặp lại những nhiệm vụ mới nhất của NASA.,Contradiction,PNB,Daily Conversation,high,291aae44-1453-4283-9067-782588cd28ff,0,QUALIFICATION_PEER_REVIEWED,qualification,Trung Quốc lặp lại những nhiệm vụ mới nhất của NASA.,Trung Quốc lặp lại những nhiệm vụ mới nhất của NASA.,11,11,1.0,14,3.771209239959717,43.43255347298896,14,3.771209239959717,43.43255347298896,0.0,0.0,1.0
NLI_0448,NLI,"Sứ mệnh sao Hỏa của Trung Quốc có thể không hấp dẫn bằng nhiệm vụ mới nhất mà NASA thực hiện, bởi nó về cơ bản chỉ lặp lại những kỳ tích mà người Mỹ đã đạt được từ nhiều thập kỷ trước.",Trung Quốc lặp lại những nhiệm vụ mới nhất của NASA.,Trung Quốc làm lại mấy cái nhiệm vụ mới nhất của NASA.,Contradiction,PNN,Daily Conversation,high,88759523-55db-4c51-872d-a8b43438fa82,2,QUALIFICATION_PEER_REVIEWED,qualification,Trung Quốc lặp lại những nhiệm vụ mới nhất của NASA.,Trung Quốc làm lại mấy cái nhiệm vụ mới nhất của NASA.,11,12,1.0909090909090908,14,3.771209239959717,43.43255347298896,14,4.497878074645996,89.82632417814936,0.7266688346862793,46.39377070516041,2.0681796715915644
NLI_0448,NLI,"Sứ mệnh sao Hỏa của Trung Quốc có thể không hấp dẫn bằng nhiệm vụ mới nhất mà NASA thực hiện, bởi nó về cơ bản chỉ lặp lại những kỳ tích mà người Mỹ đã đạt được từ nhiều thập kỷ trước.",Trung Quốc lặp lại những nhiệm vụ mới nhất của NASA.,Trung Quốc lặp lại những nhịm vụ mới nhất của NASA.,Contradiction,PNT1,Daily Conversation,high,a4432712-749b-4d01-8b03-4cb9d0f81348,3,QUALIFICATION_PEER_REVIEWED,qualification,Trung Quốc lặp lại những nhiệm vụ mới nhất của NASA.,Trung Quốc lặp lại những nhịm vụ mới nhất của NASA.,11,11,1.0,14,3.771209239959717,43.43255347298896,15,5.060049533843994,157.59832258075284,1.2888402938842773,114.16576910776388,3.628576032923426
NLI_0448,NLI,"Sứ mệnh sao Hỏa của Trung Quốc có thể không hấp dẫn bằng nhiệm vụ mới nhất mà NASA thực hiện, bởi nó về cơ bản chỉ lặp lại những kỳ tích mà người Mỹ đã đạt được từ nhiều thập kỷ trước.",Trung Quốc lặp lại những nhiệm vụ mới nhất của NASA.,Trung Quốc lặp lại nhửng nhiệm vụ mới nhất của NASA.,Contradiction,PNT2,Daily Conversation,high,7d958013-3acc-4719-a459-b3a565d57865,2,QUALIFICATION_PEER_REVIEWED,qualification,Trung Quốc lặp lại những nhiệm vụ mới nhất của NASA.,Trung Quốc lặp lại nhửng nhiệm vụ mới nhất của NASA.,11,11,1.0,14,3.771209239959717,43.43255347298896,16,4.780533790588379,119.16794379726603,1.009324550628662,75.73539032427708,2.7437471267117073
NLI_0448,NLI,"Sứ mệnh sao Hỏa của Trung Quốc có thể không hấp dẫn bằng nhiệm vụ mới nhất mà NASA thực hiện, bởi nó về cơ bản chỉ lặp lại những kỳ tích mà người Mỹ đã đạt được từ nhiều thập kỷ trước.",Trung Quốc lặp lại những nhiệm vụ mới nhất của NASA.,Trung Quốc lặp lại mấy nhiệm vụ mới nhất của NASA.,Contradiction,PNT3,Daily Conversation,high,88346002-a7b4-4be1-aec6-e1e3625416ee,3,QUALIFICATION_PEER_REVIEWED,qualification,Trung Quốc lặp lại những nhiệm vụ mới nhất của NASA.,Trung Quốc lặp lại mấy nhiệm vụ mới nhất của NASA.,11,11,1.0,14,3.771209239959717,43.43255347298896,14,4.121340274810791,61.64180388147571,0.3501310348510742,18.209250408486753,1.4192535080814723
NLI_0448,NLI,"Sứ mệnh sao Hỏa của Trung Quốc có thể không hấp dẫn bằng nhiệm vụ mới nhất mà NASA thực hiện, bởi nó về cơ bản chỉ lặp lại những kỳ tích mà người Mỹ đã đạt được từ nhiều thập kỷ trước.",Trung Quốc lặp lại những nhiệm vụ mới nhất của NASA.,Trung Quốc lặp lại những nhiệm vụ mới nhất của NASA.,Contradiction,PNT4,Daily Conversation,high,eb3805e3-c095-4a6c-8697-9f6079168a64,3,QUALIFICATION_PEER_REVIEWED,qualification,Trung Quốc lặp lại những nhiệm vụ mới nhất của NASA.,Trung Quốc lặp lại những nhiệm vụ mới nhất của NASA.,11,11,1.0,14,3.771209239959717,43.43255347298896,14,3.771209239959717,43.43255347298896,0.0,0.0,1.0
NLI_0459,NLI,"Đọc tin tìm người yêu của Zhang Kunwei, nhiều người không tin anh có điều kiện tốt như thế mà vẫn ""chưa có ai"" nên lao vào mắng mỏ và bêu riếu ngoại hình chàng trai.",Zhang Kunwei lao vào mắng mỏ và bêu riếu ngoại hình chàng trai.,Zhang Kunwei lao vào mắng mỏ và bêu riếu ngoại hình của chàng trai.,Contradiction,PNB,Daily Conversation,high,c3131d4f-ec3f-4359-bd03-240a3bd2c1e1,0,QUALIFICATION_PEER_REVIEWED,qualification,Zhang Kunwei lao vào mắng mỏ và bêu riếu ngoại hình chàng trai.,Zhang Kunwei lao vào mắng mỏ và bêu riếu ngoại hình của chàng trai.,13,14,1.0769230769230769,22,5.6207356452941895,276.0924146316654,23,5.332287788391113,206.91080121496546,-0.28844785690307617,-69.18161341669995,0.7494258815150896
NLI_0459,NLI,"Đọc tin tìm người yêu của Zhang Kunwei, nhiều người không tin anh có điều kiện tốt như thế mà vẫn ""chưa có ai"" nên lao vào mắng mỏ và bêu riếu ngoại hình chàng trai.",Zhang Kunwei lao vào mắng mỏ và bêu riếu ngoại hình chàng trai.,Zhang Kunwei lao vô mắng mỏ với bêu riếu ngoại hình ảnh.,Contradiction,PNN,Daily Conversation,high,88759523-55db-4c51-872d-a8b43438fa82,2,QUALIFICATION_PEER_REVIEWED,qualification,Zhang Kunwei lao vào mắng mỏ và bêu riếu ngoại hình chàng trai.,Zhang Kunwei lao vô mắng mỏ với bêu riếu ngoại hình ảnh.,13,12,0.9230769230769231,22,5.6207356452941895,276.0924146316654,20,6.773339748382568,874.2267211647991,1.152604103088379,598.1343065331337,3.166427887311225
NLI_0459,NLI,"Đọc tin tìm người yêu của Zhang Kunwei, nhiều người không tin anh có điều kiện tốt như thế mà vẫn ""chưa có ai"" nên lao vào mắng mỏ và bêu riếu ngoại hình chàng trai.",Zhang Kunwei lao vào mắng mỏ và bêu riếu ngoại hình chàng trai.,Zhang Kunwei lao vào chửi bới với bếu rếu ngoại hình nó,Contradiction,PNT1,Daily Conversation,high,6b0ccea8-04fe-4c9c-82c8-309e147936f4,3,QUALIFICATION_PEER_REVIEWED,qualification,Zhang Kunwei lao vào mắng mỏ và bêu riếu ngoại hình chàng trai.,Zhang Kunwei lao vào chửi bới với bếu rếu ngoại hình nó,13,12,0.9230769230769231,22,5.6207356452941895,276.0924146316654,20,5.888230800628662,360.76645164823566,0.26749515533447266,84.67403701657025,1.3066872993578393
NLI_0459,NLI,"Đọc tin tìm người yêu của Zhang Kunwei, nhiều người không tin anh có điều kiện tốt như thế mà vẫn ""chưa có ai"" nên lao vào mắng mỏ và bêu riếu ngoại hình chàng trai.",Zhang Kunwei lao vào mắng mỏ và bêu riếu ngoại hình chàng trai.,Zhang Kunwei lao vào mắng mỏ và bêu riếu ngoại hình của anh nớ.,Contradiction,PNT2,Daily Conversation,high,7fc87026-860f-4cf9-bb3d-46d0d55f71d9,1,QUALIFICATION_PEER_REVIEWED,qualification,Zhang Kunwei lao vào mắng mỏ và bêu riếu ngoại hình chàng trai.,Zhang Kunwei lao vào mắng mỏ và bêu riếu ngoại hình của anh nớ.,13,14,1.0769230769230769,22,5.6207356452941895,276.0924146316654,24,5.712237358093262,302.54721807308283,0.09150171279907227,26.454803441417425,1.0958186536081072
NLI_0459,NLI,"Đọc tin tìm người yêu của Zhang Kunwei, nhiều người không tin anh có điều kiện tốt như thế mà vẫn ""chưa có ai"" nên lao vào mắng mỏ và bêu riếu ngoại hình chàng trai.",Zhang Kunwei lao vào mắng mỏ và bêu riếu ngoại hình chàng trai.,Zhang Kunwei lao vô mắng mỏ với bêu riếu ngoại hình anh nớ,Contradiction,PNT3,Daily Conversation,high,88346002-a7b4-4be1-aec6-e1e3625416ee,3,QUALIFICATION_PEER_REVIEWED,qualification,Zhang Kunwei lao vào mắng mỏ và bêu riếu ngoại hình chàng trai.,Zhang Kunwei lao vô mắng mỏ với bêu riếu ngoại hình anh nớ,13,13,1.0,22,5.6207356452941895,276.0924146316654,22,6.620201587677002,750.0962920408934,0.9994659423828125,474.00387740922804,2.7168304969247203
NLI_0459,NLI,"Đọc tin tìm người yêu của Zhang Kunwei, nhiều người không tin anh có điều kiện tốt như thế mà vẫn ""chưa có ai"" nên lao vào mắng mỏ và bêu riếu ngoại hình chàng trai.",Zhang Kunwei lao vào mắng mỏ và bêu riếu ngoại hình chàng trai.,Zhang Kunwei lao vào mắng mỏ và trêu chọc ngoại hình chàng trai.,Contradiction,PNT4,Daily Conversation,high,7f4cabf8-9403-4778-a98e-b3191bcfcaab,0,QUALIFICATION_PEER_REVIEWED,qualification,Zhang Kunwei lao vào mắng mỏ và bêu riếu ngoại hình chàng trai.,Zhang Kunwei lao vào mắng mỏ và trêu chọc ngoại hình chàng trai.,13,13,1.0,22,5.6207356452941895,276.0924146316654,22,4.784464359283447,119.63726332871627,-0.8362712860107422,-156.45515130294913,0.4333232533328531
NLI_0511,NLI,"Tuy nhiên Esperanza Hernandez, một nhân viên tại cửa hàng, cho biết một ngày trước đó đã có một phụ nữ đến và trình bày mình là chủ nhân của giải thưởng 26 triệu USD, nhưng đã bỏ quên tấm vé trong túi quần, khiến nó tan nát sau khi giặt.",Một người phụ nữ đến và đưa ra lí do vì sao không còn giữ tấm vé số.,Một người phụ nữ đến và đưa ra lí do vì sao cô không còn giữ tấm vé số.,Entailment,PNB,Daily Conversation,high,c3131d4f-ec3f-4359-bd03-240a3bd2c1e1,0,QUALIFICATION_PEER_REVIEWED,qualification,Một người phụ nữ đến và đưa ra lí do vì sao không còn giữ tấm vé số.,Một người phụ nữ đến và đưa ra lí do vì sao cô không còn giữ tấm vé số.,18,19,1.0555555555555556,21,3.6053638458251953,36.795069154303846,22,3.4579029083251953,31.75032331146734,-0.1474609375,-5.044745842836505,0.8628961445436927
NLI_0511,NLI,"Tuy nhiên Esperanza Hernandez, một nhân viên tại cửa hàng, cho biết một ngày trước đó đã có một phụ nữ đến và trình bày mình là chủ nhân của giải thưởng 26 triệu USD, nhưng đã bỏ quên tấm vé trong túi quần, khiến nó tan nát sau khi giặt.",Một người phụ nữ đến và đưa ra lí do vì sao không còn giữ tấm vé số.,Một người phụ nữ tới và đưa ra lý do vì sao hông còn giữ tấm vé số.,Entailment,PNN,Daily Conversation,high,9d0d5c61-1083-4b35-8c02-c2c597f8212f,2,QUALIFICATION_PEER_REVIEWED,qualification,Một người phụ nữ đến và đưa ra lí do vì sao không còn giữ tấm vé số.,Một người phụ nữ tới và đưa ra lý do vì sao hông còn giữ tấm vé số.,18,18,1.0,21,3.6053638458251953,36.795069154303846,22,3.8856208324432373,48.697165857144576,0.280256986618042,11.90209670284073,1.3234698826880331
NLI_0511,NLI,"Tuy nhiên Esperanza Hernandez, một nhân viên tại cửa hàng, cho biết một ngày trước đó đã có một phụ nữ đến và trình bày mình là chủ nhân của giải thưởng 26 triệu USD, nhưng đã bỏ quên tấm vé trong túi quần, khiến nó tan nát sau khi giặt.",Một người phụ nữ đến và đưa ra lí do vì sao không còn giữ tấm vé số.,Một người phụ nữ đến và đưa ra lý do vì răng không còn giữ tấm vé số,Entailment,PNT1,Daily Conversation,high,6b0ccea8-04fe-4c9c-82c8-309e147936f4,3,QUALIFICATION_PEER_REVIEWED,qualification,Một người phụ nữ đến và đưa ra lí do vì sao không còn giữ tấm vé số.,Một người phụ nữ đến và đưa ra lý do vì răng không còn giữ tấm vé số,18,18,1.0,21,3.6053638458251953,36.795069154303846,19,4.707425594329834,110.7666342826402,1.1020617485046387,73.97156512833635,3.0103662482092126
NLI_0511,NLI,"Tuy nhiên Esperanza Hernandez, một nhân viên tại cửa hàng, cho biết một ngày trước đó đã có một phụ nữ đến và trình bày mình là chủ nhân của giải thưởng 26 triệu USD, nhưng đã bỏ quên tấm vé trong túi quần, khiến nó tan nát sau khi giặt.",Một người phụ nữ đến và đưa ra lí do vì sao không còn giữ tấm vé số.,Một người phụ nữ đến và đưa ra ci lí do vì răng không còn giữ tấm vé số nớ nựa.,Entailment,PNT2,Daily Conversation,high,7fc87026-860f-4cf9-bb3d-46d0d55f71d9,1,QUALIFICATION_PEER_REVIEWED,qualification,Một người phụ nữ đến và đưa ra lí do vì sao không còn giữ tấm vé số.,Một người phụ nữ đến và đưa ra ci lí do vì răng không còn giữ tấm vé số nớ nựa.,18,21,1.1666666666666667,21,3.6053638458251953,36.795069154303846,25,5.992267608642578,400.3213536299378,2.386903762817383,363.52628447563393,10.879755435467445
NLI_0511,NLI,"Tuy nhiên Esperanza Hernandez, một nhân viên tại cửa hàng, cho biết một ngày trước đó đã có một phụ nữ đến và trình bày mình là chủ nhân của giải thưởng 26 triệu USD, nhưng đã bỏ quên tấm vé trong túi quần, khiến nó tan nát sau khi giặt.",Một người phụ nữ đến và đưa ra lí do vì sao không còn giữ tấm vé số.,Một người phụ nữ đến rồi đưa ra lí do vì răng không còn giữ tờ vé số.,Entailment,PNT3,Daily Conversation,high,88346002-a7b4-4be1-aec6-e1e3625416ee,3,QUALIFICATION_PEER_REVIEWED,qualification,Một người phụ nữ đến và đưa ra lí do vì sao không còn giữ tấm vé số.,Một người phụ nữ đến rồi đưa ra lí do vì răng không còn giữ tờ vé số.,18,18,1.0,21,3.6053638458251953,36.795069154303846,20,5.123711109161377,167.95752317015328,1.5183472633361816,131.16245401584945,4.564674752092635
NLI_0511,NLI,"Tuy nhiên Esperanza Hernandez, một nhân viên tại cửa hàng, cho biết một ngày trước đó đã có một phụ nữ đến và trình bày mình là chủ nhân của giải thưởng 26 triệu USD, nhưng đã bỏ quên tấm vé trong túi quần, khiến nó tan nát sau khi giặt.",Một người phụ nữ đến và đưa ra lí do vì sao không còn giữ tấm vé số.,Một người phụ nữ đến và đưa ra lí do vì sao không còn giữ tấm vé số.,Entailment,PNT4,Daily Conversation,high,7f4cabf8-9403-4778-a98e-b3191bcfcaab,0,QUALIFICATION_PEER_REVIEWED,qualification,Một người phụ nữ đến và đưa ra lí do vì sao không còn giữ tấm vé số.,Một người phụ nữ đến và đưa ra lí do vì sao không còn giữ tấm vé số.,18,18,1.0,21,3.6053638458251953,36.795069154303846,21,3.6053638458251953,36.795069154303846,0.0,0.0,1.0
NLI_0515,NLI,"Không biết làm cách nào, người đàn ông quay sang cầu cứu các xe cùng chiều.",Người đàn ông lúc đó đã xoay xở rất tốt khi gọi giúp đỡ xung quanh.,Người đàn ông lúc đó đã rất nhanh trí kêu gọi sự giúp đỡ từ những người xung quanh.,Neutral,PNB,Daily Conversation,high,c3131d4f-ec3f-4359-bd03-240a3bd2c1e1,0,QUALIFICATION_PEER_REVIEWED,qualification,Người đàn ông lúc đó đã xoay xở rất tốt khi gọi giúp đỡ xung quanh.,Người đàn ông lúc đó đã rất nhanh trí kêu gọi sự giúp đỡ từ những người xung quanh.,16,19,1.1875,22,3.375476360321045,29.238208386740737,26,2.8560779094696045,17.393175375261286,-0.5193984508514404,-11.845033011479451,0.5948782888882116
NLI_0515,NLI,"Không biết làm cách nào, người đàn ông quay sang cầu cứu các xe cùng chiều.",Người đàn ông lúc đó đã xoay xở rất tốt khi gọi giúp đỡ xung quanh.,Người đàn ông lúc đó đã xoay xở rất giỏi khi kêu giúp đỡ xung quanh.,Neutral,PNN,Daily Conversation,high,9d0d5c61-1083-4b35-8c02-c2c597f8212f,2,QUALIFICATION_PEER_REVIEWED,qualification,Người đàn ông lúc đó đã xoay xở rất tốt khi gọi giúp đỡ xung quanh.,Người đàn ông lúc đó đã xoay xở rất giỏi khi kêu giúp đỡ xung quanh.,16,16,1.0,22,3.375476360321045,29.238208386740737,23,3.3324086666107178,28.005716963752,-0.04306769371032715,-1.232491422988737,0.9578465476856078
NLI_0515,NLI,"Không biết làm cách nào, người đàn ông quay sang cầu cứu các xe cùng chiều.",Người đàn ông lúc đó đã xoay xở rất tốt khi gọi giúp đỡ xung quanh.,người đàn ông lúc đớ đã xoay xở rất tốt khi gọi giúp đỡ xung quanh,Neutral,PNT1,Daily Conversation,high,6b0ccea8-04fe-4c9c-82c8-309e147936f4,3,QUALIFICATION_PEER_REVIEWED,qualification,Người đàn ông lúc đó đã xoay xở rất tốt khi gọi giúp đỡ xung quanh.,người đàn ông lúc đớ đã xoay xở rất tốt khi gọi giúp đỡ xung quanh,16,16,1.0,22,3.375476360321045,29.238208386740737,22,4.1281304359436035,62.06178592156084,0.7526540756225586,32.8235775348201,2.122626157548877
NLI_0515,NLI,"Không biết làm cách nào, người đàn ông quay sang cầu cứu các xe cùng chiều.",Người đàn ông lúc đó đã xoay xở rất tốt khi gọi giúp đỡ xung quanh.,Ci anh nớ lúc đó đã xoay xở rất tốt khi gọi giúp đỡ xung quanh.,Neutral,PNT2,Daily Conversation,high,7fc87026-860f-4cf9-bb3d-46d0d55f71d9,1,QUALIFICATION_PEER_REVIEWED,qualification,Người đàn ông lúc đó đã xoay xở rất tốt khi gọi giúp đỡ xung quanh.,Ci anh nớ lúc đó đã xoay xở rất tốt khi gọi giúp đỡ xung quanh.,16,16,1.0,22,3.375476360321045,29.238208386740737,23,4.540376663208008,93.72609664384153,1.164900302886963,64.48788825710079,3.2056032778788683
NLI_0515,NLI,"Không biết làm cách nào, người đàn ông quay sang cầu cứu các xe cùng chiều.",Người đàn ông lúc đó đã xoay xở rất tốt khi gọi giúp đỡ xung quanh.,Người đàn ông lúc nớ đã xoay xở khá tốt khi hú mấy người xung quanh giúp đỡ.,Neutral,PNT3,Daily Conversation,high,eb02b7a5-f3df-407d-8da3-21f0b73659ef,1,QUALIFICATION_PEER_REVIEWED,qualification,Người đàn ông lúc đó đã xoay xở rất tốt khi gọi giúp đỡ xung quanh.,Người đàn ông lúc nớ đã xoay xở khá tốt khi hú mấy người xung quanh giúp đỡ.,16,18,1.125,22,3.375476360321045,29.238208386740737,26,3.9942901134490967,54.28728912540161,0.6188137531280518,25.04908073866087,1.856724201679211
NLI_0515,NLI,"Không biết làm cách nào, người đàn ông quay sang cầu cứu các xe cùng chiều.",Người đàn ông lúc đó đã xoay xở rất tốt khi gọi giúp đỡ xung quanh.,Người đàn ông hồi nớ đã xoay xở rất tốt khi gọi giúp đỡ xung quanh.,Neutral,PNT4,Daily Conversation,high,7f4cabf8-9403-4778-a98e-b3191bcfcaab,0,QUALIFICATION_PEER_REVIEWED,qualification,Người đàn ông lúc đó đã xoay xở rất tốt khi gọi giúp đỡ xung quanh.,Người đàn ông hồi nớ đã xoay xở rất tốt khi gọi giúp đỡ xung quanh.,16,16,1.0,22,3.375476360321045,29.238208386740737,23,3.7833847999572754,43.96460155256376,0.40790843963623047,14.72639316582302,1.503669478342637
NLI_0516,NLI,"Cô ấy gửi cho tôi ảnh cái ví trông như thế nào, cái nhẫn nằm trong cái ví"", Jovani Quiles, quản lý bãi rác, nói.",Jovani là một quản lý siêu thị tại 1 bãi rác.,Jovani là một quản lý siêu thị ở 1 bãi rác.,Contradiction,PNN,Daily Conversation,high,9d0d5c61-1083-4b35-8c02-c2c597f8212f,2,QUALIFICATION_PEER_REVIEWED,qualification,Jovani là một quản lý siêu thị tại 1 bãi rác.,Jovani là một quản lý siêu thị ở 1 bãi rác.,11,11,1.0,16,4.338086128234863,76.56087134122139,16,4.286103248596191,72.68268957812201,-0.051982879638671875,-3.878181763099377,0.9493451198352374
NLI_0516,NLI,"Cô ấy gửi cho tôi ảnh cái ví trông như thế nào, cái nhẫn nằm trong cái ví"", Jovani Quiles, quản lý bãi rác, nói.",Jovani là một quản lý siêu thị tại 1 bãi rác.,Jovani là một quãn lý siêu thị tại 1 bải rác,Contradiction,PNT1,Daily Conversation,high,dca4b218-67a4-43d1-a513-8134e12f4b19,1,QUALIFICATION_PEER_REVIEWED,qualification,Jovani là một quản lý siêu thị tại 1 bãi rác.,Jovani là một quãn lý siêu thị tại 1 bải rác,11,11,1.0,16,4.338086128234863,76.56087134122139,17,5.786477088928223,325.86301345427506,1.4483909606933594,249.30214211305366,4.256260512004205
NLI_0516,NLI,"Cô ấy gửi cho tôi ảnh cái ví trông như thế nào, cái nhẫn nằm trong cái ví"", Jovani Quiles, quản lý bãi rác, nói.",Jovani là một quản lý siêu thị tại 1 bãi rác.,Jovani là một quản lý siêu thị tại 1 bãi rác.,Contradiction,PNT2,Daily Conversation,high,603effb8-c882-4227-b5de-d83ea8816911,1,QUALIFICATION_PEER_REVIEWED,qualification,Jovani là một quản lý siêu thị tại 1 bãi rác.,Jovani là một quản lý siêu thị tại 1 bãi rác.,11,11,1.0,16,4.338086128234863,76.56087134122139,16,4.338086128234863,76.56087134122139,0.0,0.0,1.0
NLI_0516,NLI,"Cô ấy gửi cho tôi ảnh cái ví trông như thế nào, cái nhẫn nằm trong cái ví"", Jovani Quiles, quản lý bãi rác, nói.",Jovani là một quản lý siêu thị tại 1 bãi rác.,Jovani là một quản lý siêu thị ở một bãi rác.,Contradiction,PNT3,Daily Conversation,high,eb02b7a5-f3df-407d-8da3-21f0b73659ef,1,QUALIFICATION_PEER_REVIEWED,qualification,Jovani là một quản lý siêu thị tại 1 bãi rác.,Jovani là một quản lý siêu thị ở một bãi rác.,11,11,1.0,16,4.338086128234863,76.56087134122139,15,4.4803547859191895,88.26598264894149,0.14226865768432617,11.705111307720102,1.1528863387088688
NLI_0516,NLI,"Cô ấy gửi cho tôi ảnh cái ví trông như thế nào, cái nhẫn nằm trong cái ví"", Jovani Quiles, quản lý bãi rác, nói.",Jovani là một quản lý siêu thị tại 1 bãi rác.,Jovani là một quản lí siêu thị tại 1 bãi rác,Contradiction,PNT4,Daily Conversation,high,caa27aaf-592f-49ce-b541-02f33da2b90f,3,QUALIFICATION_PEER_REVIEWED,qualification,Jovani là một quản lý siêu thị tại 1 bãi rác.,Jovani là một quản lí siêu thị tại 1 bãi rác,11,11,1.0,16,4.338086128234863,76.56087134122139,15,4.56797456741333,96.34876408340403,0.2298884391784668,19.78789274218265,1.2584596073102499
NLI_0729,NLI,"Tôi không thể nói được lúc đó mình cảm thấy thế nào"", Watson nói.",Ông Watson đã suy nghĩ rất nhiều nhưng không biết rõ cảm xúc của ông ấy như thế nào.,Ông Watson đã suy nghĩ rất nhiều nhưng không biết rõ cảm xúc của ông ấy ra răng.,Neutral,PNT2,Daily Conversation,high,ebf2c246-0938-4917-88ca-3623a993b48d,1,QUALIFICATION_PEER_REVIEWED,qualification,Ông Watson đã suy nghĩ rất nhiều nhưng không biết rõ cảm xúc của ông ấy như thế nào.,Ông Watson đã suy nghĩ rất nhiều nhưng không biết rõ cảm xúc của ông ấy ra răng.,19,18,0.9473684210526315,22,2.979121685028076,19.67053213237298,21,4.178806304931641,65.28787286902543,1.1996846199035645,45.61734073665245,3.31906998904098
NLI_0729,NLI,"Tôi không thể nói được lúc đó mình cảm thấy thế nào"", Watson nói.",Ông Watson đã suy nghĩ rất nhiều nhưng không biết rõ cảm xúc của ông ấy như thế nào.,Ông Watson đã suy nghĩ rất nhiều chơ đều nỏ biết rõ cảm xúc của ông như răng.,Neutral,PNT3,Daily Conversation,high,e99ab2ee-5e8e-4d70-ac05-869071c9a49c,1,QUALIFICATION_PEER_REVIEWED,qualification,Ông Watson đã suy nghĩ rất nhiều nhưng không biết rõ cảm xúc của ông ấy như thế nào.,Ông Watson đã suy nghĩ rất nhiều chơ đều nỏ biết rõ cảm xúc của ông như răng.,19,18,0.9473684210526315,22,2.979121685028076,19.67053213237298,23,5.029073715209961,152.79141876033825,2.0499520301818848,133.12088662796526,7.767528490440795
NLI_0729,NLI,"Tôi không thể nói được lúc đó mình cảm thấy thế nào"", Watson nói.",Ông Watson đã suy nghĩ rất nhiều nhưng không biết rõ cảm xúc của ông ấy như thế nào.,Ông Watson đã suy nghĩ rất nhiều nhưng không biết rõ cảm xúc của ổng ren hết.,Neutral,PNT4,Daily Conversation,high,5ea76d15-516d-4285-a781-7b1c6a04a627,2,QUALIFICATION_PEER_REVIEWED,qualification,Ông Watson đã suy nghĩ rất nhiều nhưng không biết rõ cảm xúc của ông ấy như thế nào.,Ông Watson đã suy nghĩ rất nhiều nhưng không biết rõ cảm xúc của ổng ren hết.,19,17,0.8947368421052632,22,2.979121685028076,19.67053213237298,21,4.465235710144043,86.94152012296985,1.4861140251159668,67.27098799059686,4.4198865357528865
QA_0268,QA,Các toán hạng được chứa trong chỉ thị như thế nào thì được gọi là giá trị tức thời?,các chỉ thị thực (như cộng hay so sánh),Các toán hạng được chứa trong chỉ thị ra sao thì được gọi là giá trị tức thời?,các chỉ thị thực (như cộng hay so sánh),PNN,Daily Conversation,high,e04e5ca5-c8e8-4484-a0aa-f9dc978b200c,3,QUALIFICATION_PEER_REVIEWED,qualification,Các toán hạng được chứa trong chỉ thị như thế nào thì được gọi là giá trị tức thời?,Các toán hạng được chứa trong chỉ thị ra sao thì được gọi là giá trị tức thời?,19,18,0.9473684210526315,21,4.642796039581299,103.83426680146997,21,4.79886531829834,121.37262006432486,0.15606927871704102,17.538353262854898,1.1689071806746423
QA_0268,QA,Các toán hạng được chứa trong chỉ thị như thế nào thì được gọi là giá trị tức thời?,các chỉ thị thực (như cộng hay so sánh),Các toán hạng được chứa trong chỉ thị như thế nào thì được gọi là giá trị tức thời?,các chỉ thị thực (như cộng hay so sánh),PNT1,Daily Conversation,high,56164f4c-6810-404e-94aa-34d47c343da0,3,QUALIFICATION_PEER_REVIEWED,qualification,Các toán hạng được chứa trong chỉ thị như thế nào thì được gọi là giá trị tức thời?,Các toán hạng được chứa trong chỉ thị như thế nào thì được gọi là giá trị tức thời?,19,19,1.0,21,4.642796039581299,103.83426680146997,21,4.642796039581299,103.83426680146997,0.0,0.0,1.0
QA_0268,QA,Các toán hạng được chứa trong chỉ thị như thế nào thì được gọi là giá trị tức thời?,các chỉ thị thực (như cộng hay so sánh),Các toán hạng được chứa trong chỉ thị a răng thì được gọi là giá trị tức thời?,các chỉ thị thực (như cộng hay so sánh),PNT2,Daily Conversation,high,7fc87026-860f-4cf9-bb3d-46d0d55f71d9,1,QUALIFICATION_PEER_REVIEWED,qualification,Các toán hạng được chứa trong chỉ thị như thế nào thì được gọi là giá trị tức thời?,Các toán hạng được chứa trong chỉ thị a răng thì được gọi là giá trị tức thời?,19,18,0.9473684210526315,21,4.642796039581299,103.83426680146997,20,5.798736572265625,329.8825137942971,1.1559405326843262,226.04824699282713,3.177010094606138
QA_0268,QA,Các toán hạng được chứa trong chỉ thị như thế nào thì được gọi là giá trị tức thời?,các chỉ thị thực (như cộng hay so sánh),Các toán hạng được chứa trong chỉ thị như thế nào thì được gọi là giá trị tức thời?,các chỉ thị thực (như cộng hay so sánh),PNT4,Daily Conversation,high,eb3805e3-c095-4a6c-8697-9f6079168a64,3,QUALIFICATION_PEER_REVIEWED,qualification,Các toán hạng được chứa trong chỉ thị như thế nào thì được gọi là giá trị tức thời?,Các toán hạng được chứa trong chỉ thị như thế nào thì được gọi là giá trị tức thời?,19,19,1.0,21,4.642796039581299,103.83426680146997,21,4.642796039581299,103.83426680146997,0.0,0.0,1.0
QA_0572,QA,Anh quốc đã chịu tác động như thế nào bởi các chiến dịch quân sự thường xuyên của vua Edward I?,gia tăng tình trạng căng thẳng về tài chính trên toàn quốc,Anh quốc đã chịu tác động làm sao bởi mấy cái chiến dịch quân sự thường xuyên của vua Edward I?,gia tăng tình trạng căng thẳng về tài chính trên toàn quốc,PNN,Daily Conversation,high,88759523-55db-4c51-872d-a8b43438fa82,2,QUALIFICATION_PEER_REVIEWED,qualification,Anh quốc đã chịu tác động như thế nào bởi các chiến dịch quân sự thường xuyên của vua Edward I?,Anh quốc đã chịu tác động làm sao bởi mấy cái chiến dịch quân sự thường xuyên của vua Edward I?,21,21,1.0,24,3.6090927124023438,36.93252918365634,25,4.142030239105225,62.93045571342248,0.5329375267028809,25.99792652976614,1.7039303049213033
QA_0572,QA,Anh quốc đã chịu tác động như thế nào bởi các chiến dịch quân sự thường xuyên của vua Edward I?,gia tăng tình trạng căng thẳng về tài chính trên toàn quốc,Anh quốc đả chịu tác động như thế nào bởi các chiến dịch quân sự thường xuyên của vua Edward I?,gia tăng tình trạng căng thẳng về tài chính trên toàn quốc,PNT1,Daily Conversation,high,dca4b218-67a4-43d1-a513-8134e12f4b19,1,QUALIFICATION_PEER_REVIEWED,qualification,Anh quốc đã chịu tác động như thế nào bởi các chiến dịch quân sự thường xuyên của vua Edward I?,Anh quốc đả chịu tác động như thế nào bởi các chiến dịch quân sự thường xuyên của vua Edward I?,21,21,1.0,24,3.6090927124023438,36.93252918365634,24,4.291255950927734,73.05816837665718,0.6821632385253906,36.125639193000836,1.9781523223973358
QA_0572,QA,Anh quốc đã chịu tác động như thế nào bởi các chiến dịch quân sự thường xuyên của vua Edward I?,gia tăng tình trạng căng thẳng về tài chính trên toàn quốc,Anh quốc đã chịu tác động như thế nào bởi các chiến dịch quân sự thường xuyên của vua Edward I?,gia tăng tình trạng căng thẳng về tài chính trên toàn quốc,PNT4,Daily Conversation,high,7f4cabf8-9403-4778-a98e-b3191bcfcaab,0,QUALIFICATION_PEER_REVIEWED,qualification,Anh quốc đã chịu tác động như thế nào bởi các chiến dịch quân sự thường xuyên của vua Edward I?,Anh quốc đã chịu tác động như thế nào bởi các chiến dịch quân sự thường xuyên của vua Edward I?,21,21,1.0,24,3.6090927124023438,36.93252918365634,24,3.6090927124023438,36.93252918365634,0.0,0.0,1.0
QA_10332,QA,Vimara Peres đã thành lập một trong các thành phố đầu tiên vào thời gian này với tên gọi là gì?,Vimaranes,Vimara Peres đã thành lập một trong các thành phố đầu tiên vào thời gian này với tên gọi là gì?,Vimaranes,PNB,Daily Conversation,high,7e49e369-5b4e-4441-ba22-55eb0d6e2bdf,1,QUALIFICATION_PEER_REVIEWED,qualification,Vimara Peres đã thành lập một trong các thành phố đầu tiên vào thời gian này với tên gọi là gì?,Vimara Peres đã thành lập một trong các thành phố đầu tiên vào thời gian này với tên gọi là gì?,21,21,1.0,26,4.169768810272217,64.70049228899177,26,4.169768810272217,64.70049228899177,0.0,0.0,1.0
QA_10332,QA,Vimara Peres đã thành lập một trong các thành phố đầu tiên vào thời gian này với tên gọi là gì?,Vimaranes,Vimara Peres đã thành lập một trong các thành phố đầu tiên vào thời gian này với tên gọi là gì?,Vimaranes,PNN,Daily Conversation,high,d873b729-a53d-4068-8b04-cbab8be13616,2,QUALIFICATION_PEER_REVIEWED,qualification,Vimara Peres đã thành lập một trong các thành phố đầu tiên vào thời gian này với tên gọi là gì?,Vimara Peres đã thành lập một trong các thành phố đầu tiên vào thời gian này với tên gọi là gì?,21,21,1.0,26,4.169768810272217,64.70049228899177,26,4.169768810272217,64.70049228899177,0.0,0.0,1.0
QA_10332,QA,Vimara Peres đã thành lập một trong các thành phố đầu tiên vào thời gian này với tên gọi là gì?,Vimaranes,Vimara Peres đã thành lập một troong các thành phố đầu tin vào thời gian ni với tên gọai là chi?,Vimaranes,PNT1,Daily Conversation,high,a4432712-749b-4d01-8b03-4cb9d0f81348,3,QUALIFICATION_PEER_REVIEWED,qualification,Vimara Peres đã thành lập một trong các thành phố đầu tiên vào thời gian này với tên gọi là gì?,Vimara Peres đã thành lập một troong các thành phố đầu tin vào thời gian ni với tên gọai là chi?,21,21,1.0,26,4.169768810272217,64.70049228899177,29,6.439385890960693,626.0222358276368,2.2696170806884766,561.321743538645,9.675695094118304
QA_10332,QA,Vimara Peres đã thành lập một trong các thành phố đầu tiên vào thời gian này với tên gọi là gì?,Vimaranes,Vimara Peres đạ thành lập một trong các thành phố đầu tiên vào thời gian ni với tên gọi là chi?,Vimaranes,PNT2,Daily Conversation,high,9bd8c7fb-25fa-4b2d-9c1d-ab9f97e7731e,2,QUALIFICATION_PEER_REVIEWED,qualification,Vimara Peres đã thành lập một trong các thành phố đầu tiên vào thời gian này với tên gọi là gì?,Vimara Peres đạ thành lập một trong các thành phố đầu tiên vào thời gian ni với tên gọi là chi?,21,21,1.0,26,4.169768810272217,64.70049228899177,27,5.255000114440918,191.521507772273,1.0852313041687012,126.82101548328123,2.9601244286801003
QA_10332,QA,Vimara Peres đã thành lập một trong các thành phố đầu tiên vào thời gian này với tên gọi là gì?,Vimaranes,Vimara Peres đã thành lập một trong các thành phố đầu tiên trong thời gian ni với tên gọi là chi?,Vimaranes,PNT3,Daily Conversation,high,a535cb14-6f28-47fa-8989-505a99f839db,3,QUALIFICATION_PEER_REVIEWED,qualification,Vimara Peres đã thành lập một trong các thành phố đầu tiên vào thời gian này với tên gọi là gì?,Vimara Peres đã thành lập một trong các thành phố đầu tiên trong thời gian ni với tên gọi là chi?,21,21,1.0,26,4.169768810272217,64.70049228899177,26,4.958699703216553,142.40850213739193,0.7889308929443359,77.70800984840017,2.2010420183714974
QA_10332,QA,Vimara Peres đã thành lập một trong các thành phố đầu tiên vào thời gian này với tên gọi là gì?,Vimaranes,Vimara Peres đã thành lập một trong các thành phố đầu tiên vào thời gian ni với tên gọi là chi?,Vimaranes,PNT4,Daily Conversation,high,79761839-4e36-4d46-bc8f-bfd4e0af851a,4,QUALIFICATION_PEER_REVIEWED,qualification,Vimara Peres đã thành lập một trong các thành phố đầu tiên vào thời gian này với tên gọi là gì?,Vimara Peres đã thành lập một trong các thành phố đầu tiên vào thời gian ni với tên gọi là chi?,21,21,1.0,26,4.169768810272217,64.70049228899177,26,5.050785064697266,156.14500030822407,0.8810162544250488,91.4445080192323,2.4133510392901725
QA_10377,QA,"Khi tham gia cuộc chiến Tám mươi Năm, Bồ Đào Nha đã làm mất cái gì tại vùng vịnh Ba Tư?",cảng mậu dịch chiến lược Hormuz,"Khi tham gia cuộc chiến Tám mươi Năm, Bồ Đào Nha đã làm mất thứ gì tại vùng vịnh Ba Tư?",cảng mậu dịch chiến lược Hormuz,PNB,Daily Conversation,high,7e49e369-5b4e-4441-ba22-55eb0d6e2bdf,1,QUALIFICATION_PEER_REVIEWED,qualification,"Khi tham gia cuộc chiến Tám mươi Năm, Bồ Đào Nha đã làm mất cái gì tại vùng vịnh Ba Tư?","Khi tham gia cuộc chiến Tám mươi Năm, Bồ Đào Nha đã làm mất thứ gì tại vùng vịnh Ba Tư?",21,21,1.0,31,3.1572325229644775,23.50545502567375,31,3.195725440979004,24.427888257254903,0.03849291801452637,0.9224332315811523,1.0392433684254836
QA_10377,QA,"Khi tham gia cuộc chiến Tám mươi Năm, Bồ Đào Nha đã làm mất cái gì tại vùng vịnh Ba Tư?",cảng mậu dịch chiến lược Hormuz,"Khi tham gia cuộc chiến Tám mươi Năm, Bồ Đào Nha đã làm mất cái gì tại vùng vịnh Ba Tư?",cảng mậu dịch chiến lược Hormuz,PNN,Daily Conversation,high,d873b729-a53d-4068-8b04-cbab8be13616,2,QUALIFICATION_PEER_REVIEWED,qualification,"Khi tham gia cuộc chiến Tám mươi Năm, Bồ Đào Nha đã làm mất cái gì tại vùng vịnh Ba Tư?","Khi tham gia cuộc chiến Tám mươi Năm, Bồ Đào Nha đã làm mất cái gì tại vùng vịnh Ba Tư?",21,21,1.0,31,3.1572325229644775,23.50545502567375,31,3.1572325229644775,23.50545502567375,0.0,0.0,1.0
QA_10377,QA,"Khi tham gia cuộc chiến Tám mươi Năm, Bồ Đào Nha đã làm mất cái gì tại vùng vịnh Ba Tư?",cảng mậu dịch chiến lược Hormuz,"Khi tham gia cuộc chín Tám mưi Năm, Bồ Đào Nha đã làm mất cái chi tại vùng vịnh Ba Tư?",cảng mậu dịch chiến lược Hormuz,PNT1,Daily Conversation,high,a4432712-749b-4d01-8b03-4cb9d0f81348,3,QUALIFICATION_PEER_REVIEWED,qualification,"Khi tham gia cuộc chiến Tám mươi Năm, Bồ Đào Nha đã làm mất cái gì tại vùng vịnh Ba Tư?","Khi tham gia cuộc chín Tám mưi Năm, Bồ Đào Nha đã làm mất cái chi tại vùng vịnh Ba Tư?",21,21,1.0,31,3.1572325229644775,23.50545502567375,33,4.420204162597656,83.11325224376088,1.2629716396331787,59.60779721808713,3.5359133508787948
QA_10377,QA,"Khi tham gia cuộc chiến Tám mươi Năm, Bồ Đào Nha đã làm mất cái gì tại vùng vịnh Ba Tư?",cảng mậu dịch chiến lược Hormuz,"Khi tham gia cuộc chiến tám mưới năm, Bồ Đào Nha đạ làm mất cái chi tại vùng vinh Ba Tư?",cảng mậu dịch chiến lược Hormuz,PNT2,Daily Conversation,high,9bd8c7fb-25fa-4b2d-9c1d-ab9f97e7731e,2,QUALIFICATION_PEER_REVIEWED,qualification,"Khi tham gia cuộc chiến Tám mươi Năm, Bồ Đào Nha đã làm mất cái gì tại vùng vịnh Ba Tư?","Khi tham gia cuộc chiến tám mưới năm, Bồ Đào Nha đạ làm mất cái chi tại vùng vinh Ba Tư?",21,21,1.0,31,3.1572325229644775,23.50545502567375,32,4.637889385223389,103.32603582029631,1.4806568622589111,79.82058079462256,4.395832189057341
QA_10377,QA,"Khi tham gia cuộc chiến Tám mươi Năm, Bồ Đào Nha đã làm mất cái gì tại vùng vịnh Ba Tư?",cảng mậu dịch chiến lược Hormuz,"Khi tham gia cuộc chiến Tám mươi Nam, Bồ Đào Nha đã làm mất cái chi ở cì chỗ vùng vịnh Ba Tư?",cảng mậu dịch chiến lược Hormuz,PNT3,Daily Conversation,high,a535cb14-6f28-47fa-8989-505a99f839db,3,QUALIFICATION_PEER_REVIEWED,qualification,"Khi tham gia cuộc chiến Tám mươi Năm, Bồ Đào Nha đã làm mất cái gì tại vùng vịnh Ba Tư?","Khi tham gia cuộc chiến Tám mươi Nam, Bồ Đào Nha đã làm mất cái chi ở cì chỗ vùng vịnh Ba Tư?",21,23,1.0952380952380953,31,3.1572325229644775,23.50545502567375,34,4.12007474899292,61.5638439277754,0.9628422260284424,38.058388902101655,2.619130064086507
QA_10377,QA,"Khi tham gia cuộc chiến Tám mươi Năm, Bồ Đào Nha đã làm mất cái gì tại vùng vịnh Ba Tư?",cảng mậu dịch chiến lược Hormuz,"Khi tham gia cuộc chiến Tám mươi Năm, Bồ Đào Nha đã làm mất cái chi tại vùng vịnh Ba Tư?",cảng mậu dịch chiến lược Hormuz,PNT4,Daily Conversation,high,79761839-4e36-4d46-bc8f-bfd4e0af851a,4,QUALIFICATION_PEER_REVIEWED,qualification,"Khi tham gia cuộc chiến Tám mươi Năm, Bồ Đào Nha đã làm mất cái gì tại vùng vịnh Ba Tư?","Khi tham gia cuộc chiến Tám mươi Năm, Bồ Đào Nha đã làm mất cái chi tại vùng vịnh Ba Tư?",21,21,1.0,31,3.1572325229644775,23.50545502567375,31,3.544461965560913,34.62105301145488,0.38722944259643555,11.115597985781132,1.4728943972214177
QA_10410,QA,"Trrong gia đoạn mất mát lãnh thổ, Bồ Đào Nha đã tập trung vào làm những việc gì?",bành trướng các tiền đồn của họ tại châu Phi,"Trong gia đoạn mất mát lãnh thổ, Bồ Đào Nha đã tập trung vào làm những việc gì?",bành trướng các tiền đồn của họ tại châu Phi,PNB,Daily Conversation,high,291aae44-1453-4283-9067-782588cd28ff,0,QUALIFICATION_PEER_REVIEWED,qualification,"Trrong gia đoạn mất mát lãnh thổ, Bồ Đào Nha đã tập trung vào làm những việc gì?","Trong gia đoạn mất mát lãnh thổ, Bồ Đào Nha đã tập trung vào làm những việc gì?",18,18,1.0,26,3.954017400741577,52.144431683523266,25,2.891555070877075,18.021312240695085,-1.062462329864502,-34.123119442828184,0.3456037712726574
QA_10410,QA,"Trrong gia đoạn mất mát lãnh thổ, Bồ Đào Nha đã tập trung vào làm những việc gì?",bành trướng các tiền đồn của họ tại châu Phi,"Trong giai đoạn mất mát lãnh thổ, Bồ Đào Nha đã tập trung vào làm những việc gì?",bành trướng các tiền đồn của họ tại châu Phi,PNT1,Daily Conversation,high,6b0ccea8-04fe-4c9c-82c8-309e147936f4,3,QUALIFICATION_PEER_REVIEWED,qualification,"Trrong gia đoạn mất mát lãnh thổ, Bồ Đào Nha đã tập trung vào làm những việc gì?","Trong giai đoạn mất mát lãnh thổ, Bồ Đào Nha đã tập trung vào làm những việc gì?",18,18,1.0,26,3.954017400741577,52.144431683523266,26,2.5427026748657227,12.71398634964037,-1.4113147258758545,-39.43044533388289,0.2438225125705564
QA_10410,QA,"Trrong gia đoạn mất mát lãnh thổ, Bồ Đào Nha đã tập trung vào làm những việc gì?",bành trướng các tiền đồn của họ tại châu Phi,"Trrong gia đoạn mất mát lãnh thổ, Bồ Đào Nha đạ tập trung vô mần nhửng việc chi?",bành trướng các tiền đồn của họ tại châu Phi,PNT2,Daily Conversation,high,7d958013-3acc-4719-a459-b3a565d57865,2,QUALIFICATION_PEER_REVIEWED,qualification,"Trrong gia đoạn mất mát lãnh thổ, Bồ Đào Nha đã tập trung vào làm những việc gì?","Trrong gia đoạn mất mát lãnh thổ, Bồ Đào Nha đạ tập trung vô mần nhửng việc chi?",18,18,1.0,26,3.954017400741577,52.144431683523266,30,5.4243550300598145,226.86497802747039,1.4703376293182373,174.72054634394712,4.350703818278563
QA_10410,QA,"Trrong gia đoạn mất mát lãnh thổ, Bồ Đào Nha đã tập trung vào làm những việc gì?",bành trướng các tiền đồn của họ tại châu Phi,"Trong giai đoạn mất mát lãnh thổ, Bồ Đào Nha đã tập trung vô làm những việc chi?",bành trướng các tiền đồn của họ tại châu Phi,PNT3,Daily Conversation,high,88346002-a7b4-4be1-aec6-e1e3625416ee,3,QUALIFICATION_PEER_REVIEWED,qualification,"Trrong gia đoạn mất mát lãnh thổ, Bồ Đào Nha đã tập trung vào làm những việc gì?","Trong giai đoạn mất mát lãnh thổ, Bồ Đào Nha đã tập trung vô làm những việc chi?",18,18,1.0,26,3.954017400741577,52.144431683523266,26,3.563077926635742,35.271593618818535,-0.39093947410583496,-16.87283806470473,0.676421095791974
QA_10410,QA,"Trrong gia đoạn mất mát lãnh thổ, Bồ Đào Nha đã tập trung vào làm những việc gì?",bành trướng các tiền đồn của họ tại châu Phi,"Trong giai đoạn mất mát lãnh thổ, Bồ Đào Nha đã tập trung vô làm những việc chi?",bành trướng các tiền đồn của họ tại châu Phi,PNT4,Daily Conversation,high,5ea76d15-516d-4285-a781-7b1c6a04a627,2,QUALIFICATION_PEER_REVIEWED,qualification,"Trrong gia đoạn mất mát lãnh thổ, Bồ Đào Nha đã tập trung vào làm những việc gì?","Trong giai đoạn mất mát lãnh thổ, Bồ Đào Nha đã tập trung vô làm những việc chi?",18,18,1.0,26,3.954017400741577,52.144431683523266,26,3.563077926635742,35.271593618818535,-0.39093947410583496,-16.87283806470473,0.676421095791974
QA_11490,QA,Hoàng Phụng Thế nghe tin Sư Ôn về đã làm gì?,đánh lẻn bắt được Sư Ôn và phá tan giặc ấy,Hoàng Phụng Thế nghe tin Sư Ôn về đã làm gì?,đánh lẻn bắt được Sư Ôn và phá tan giặc ấy,PNB,Daily Conversation,high,291aae44-1453-4283-9067-782588cd28ff,0,QUALIFICATION_PEER_REVIEWED,qualification,Hoàng Phụng Thế nghe tin Sư Ôn về đã làm gì?,Hoàng Phụng Thế nghe tin Sư Ôn về đã làm gì?,11,11,1.0,17,4.653782367706299,104.98131350560479,17,4.653782367706299,104.98131350560479,0.0,0.0,1.0
QA_11490,QA,Hoàng Phụng Thế nghe tin Sư Ôn về đã làm gì?,đánh lẻn bắt được Sư Ôn và phá tan giặc ấy,Hoàng Phụng Thế nghe tin Sư Ôn về đã mằn gì?,đánh lẻn bắt được Sư Ôn và phá tan giặc ấy,PNT1,Daily Conversation,high,6b0ccea8-04fe-4c9c-82c8-309e147936f4,3,QUALIFICATION_PEER_REVIEWED,qualification,Hoàng Phụng Thế nghe tin Sư Ôn về đã làm gì?,Hoàng Phụng Thế nghe tin Sư Ôn về đã mằn gì?,11,11,1.0,17,4.653782367706299,104.98131350560479,19,5.239439964294434,188.56446999346804,0.5856575965881348,83.58315648786325,1.7961717537797894
QA_11490,QA,Hoàng Phụng Thế nghe tin Sư Ôn về đã làm gì?,đánh lẻn bắt được Sư Ôn và phá tan giặc ấy,Hoàng Phụng Thế nghe tin Sư Ôn về đạ mần chi?,đánh lẻn bắt được Sư Ôn và phá tan giặc ấy,PNT2,Daily Conversation,high,7d958013-3acc-4719-a459-b3a565d57865,2,QUALIFICATION_PEER_REVIEWED,qualification,Hoàng Phụng Thế nghe tin Sư Ôn về đã làm gì?,Hoàng Phụng Thế nghe tin Sư Ôn về đạ mần chi?,11,11,1.0,17,4.653782367706299,104.98131350560479,19,5.243139266967773,189.26331887120318,0.5893568992614746,84.2820053655984,1.802828642081133
QA_11490,QA,Hoàng Phụng Thế nghe tin Sư Ôn về đã làm gì?,đánh lẻn bắt được Sư Ôn và phá tan giặc ấy,Hoàng Phụng Thế nghe tin Sư Ôn về đã mần chi?,đánh lẻn bắt được Sư Ôn và phá tan giặc ấy,PNT3,Daily Conversation,high,88346002-a7b4-4be1-aec6-e1e3625416ee,3,QUALIFICATION_PEER_REVIEWED,qualification,Hoàng Phụng Thế nghe tin Sư Ôn về đã làm gì?,Hoàng Phụng Thế nghe tin Sư Ôn về đã mần chi?,11,11,1.0,17,4.653782367706299,104.98131350560479,18,5.429276943206787,227.9843401873441,0.7754945755004883,123.0030266817393,2.171665914383633
QA_11490,QA,Hoàng Phụng Thế nghe tin Sư Ôn về đã làm gì?,đánh lẻn bắt được Sư Ôn và phá tan giặc ấy,Hoàng Phụng Thế nghe nói Sư Ôn về đã làm chi?,đánh lẻn bắt được Sư Ôn và phá tan giặc ấy,PNT4,Daily Conversation,high,5ea76d15-516d-4285-a781-7b1c6a04a627,2,QUALIFICATION_PEER_REVIEWED,qualification,Hoàng Phụng Thế nghe tin Sư Ôn về đã làm gì?,Hoàng Phụng Thế nghe nói Sư Ôn về đã làm chi?,11,11,1.0,17,4.653782367706299,104.98131350560479,17,4.831721782684326,125.42673242144899,0.17793941497802734,20.4454189158442,1.194752934909246
QA_12019,QA,UNESCO đã công nhận Phong Nha-Kẻ Bàng là Di sản thiên nhiên thế giới lần thứ hai vào năm nào?,2015,UNESCO đã công nhận Phong Nha-Kẻ Bàng là Di sản thiên nhiên thế giới lần thứ hai vô năm mô?,2015,PNT2,Daily Conversation,high,603effb8-c882-4227-b5de-d83ea8816911,1,QUALIFICATION_PEER_REVIEWED,qualification,UNESCO đã công nhận Phong Nha-Kẻ Bàng là Di sản thiên nhiên thế giới lần thứ hai vào năm nào?,UNESCO đã công nhận Phong Nha-Kẻ Bàng là Di sản thiên nhiên thế giới lần thứ hai vô năm mô?,20,20,1.0,27,2.9709672927856445,19.510783111034897,27,4.0231451988220215,55.87657267364017,1.052177906036377,36.36578956260527,2.863881595917979
QA_12019,QA,UNESCO đã công nhận Phong Nha-Kẻ Bàng là Di sản thiên nhiên thế giới lần thứ hai vào năm nào?,2015,UNESCO đã công nhận Phong Nha - Kẻ Bàng là Di sản thiên nhiên thế giới lần thứ hai vô năm mô?,2015,PNT3,Daily Conversation,high,eb02b7a5-f3df-407d-8da3-21f0b73659ef,1,QUALIFICATION_PEER_REVIEWED,qualification,UNESCO đã công nhận Phong Nha-Kẻ Bàng là Di sản thiên nhiên thế giới lần thứ hai vào năm nào?,UNESCO đã công nhận Phong Nha - Kẻ Bàng là Di sản thiên nhiên thế giới lần thứ hai vô năm mô?,20,22,1.1,27,2.9709672927856445,19.510783111034897,28,3.869236707687378,47.90580598850264,0.8982694149017334,28.395022877467746,2.4553502397045306
QA_12019,QA,UNESCO đã công nhận Phong Nha-Kẻ Bàng là Di sản thiên nhiên thế giới lần thứ hai vào năm nào?,2015,UNESCO đã công nhận Phong Nha-Kẻ Bàng là Di sản thiên nhiên thế giới lần thứ hai vào năm nào?,2015,PNT4,Daily Conversation,high,de05e608-0be0-4d0a-b764-de6f07af741c,3,QUALIFICATION_PEER_REVIEWED,qualification,UNESCO đã công nhận Phong Nha-Kẻ Bàng là Di sản thiên nhiên thế giới lần thứ hai vào năm nào?,UNESCO đã công nhận Phong Nha-Kẻ Bàng là Di sản thiên nhiên thế giới lần thứ hai vào năm nào?,20,20,1.0,27,2.9709672927856445,19.510783111034897,27,2.9709672927856445,19.510783111034897,0.0,0.0,1.0
QA_1203,QA,Maxwell chú ý tại nhiệt độ như thế nào thì lý thuyết nguyên tử tiên đoán nhiệt dung riêng quá lớn?,thấp,Maxwell để ý tại nhiệt độ nào thì cái lý thuyết nguyên tử nó tiên đoán nhiệt dung riêng quá lớn?,thấp,PNN,Daily Conversation,high,88759523-55db-4c51-872d-a8b43438fa82,2,QUALIFICATION_PEER_REVIEWED,qualification,Maxwell chú ý tại nhiệt độ như thế nào thì lý thuyết nguyên tử tiên đoán nhiệt dung riêng quá lớn?,Maxwell để ý tại nhiệt độ nào thì cái lý thuyết nguyên tử nó tiên đoán nhiệt dung riêng quá lớn?,21,21,1.0,23,5.720480918884277,305.0515927575793,23,6.673484802246094,791.1477998790726,0.9530038833618164,486.09620712149336,2.5934885070663705
QA_1203,QA,Maxwell chú ý tại nhiệt độ như thế nào thì lý thuyết nguyên tử tiên đoán nhiệt dung riêng quá lớn?,thấp,Maxwell chú ý tại nhiệt độ như răng thì lý thuyết nguyên tữ  tiên đoán nhiệt dung riêng quá lớn?,thấp,PNT1,Daily Conversation,high,dca4b218-67a4-43d1-a513-8134e12f4b19,1,QUALIFICATION_PEER_REVIEWED,qualification,Maxwell chú ý tại nhiệt độ như thế nào thì lý thuyết nguyên tử tiên đoán nhiệt dung riêng quá lớn?,Maxwell chú ý tại nhiệt độ như răng thì lý thuyết nguyên tữ  tiên đoán nhiệt dung riêng quá lớn?,21,20,0.9523809523809523,23,5.720480918884277,305.0515927575793,24,7.1057515144348145,1218.9578049886643,1.385270595550537,913.906212231085,3.995907033199315
QA_1203,QA,Maxwell chú ý tại nhiệt độ như thế nào thì lý thuyết nguyên tử tiên đoán nhiệt dung riêng quá lớn?,thấp,Maxwell chú ý tại nhiệt độ như thế nào thì lý thuyết nguyên tử tiên đoán nhiệt dung riêng quá lớn?,thấp,PNT4,Daily Conversation,high,7f4cabf8-9403-4778-a98e-b3191bcfcaab,0,QUALIFICATION_PEER_REVIEWED,qualification,Maxwell chú ý tại nhiệt độ như thế nào thì lý thuyết nguyên tử tiên đoán nhiệt dung riêng quá lớn?,Maxwell chú ý tại nhiệt độ như thế nào thì lý thuyết nguyên tử tiên đoán nhiệt dung riêng quá lớn?,21,21,1.0,23,5.720480918884277,305.0515927575793,23,5.720480918884277,305.0515927575793,0.0,0.0,1.0
QA_12099,QA,Quá trình phong hóa vật lý và hóa học đã tác động như thế nào đến hệ thống hang động của Phong Nha?,"gặm mòn, hoà tan, rửa trôi",Quá trình phong hóa vật lý và hóa học đã tác động như thế nào đến hệ thống hang động của Phong Nha?,"gặm mòn, hoà tan, rửa trôi",PNB,Daily Conversation,high,c6ebf7db-5dbe-4587-9564-a75d61cbc2e3,0,QUALIFICATION_PEER_REVIEWED,qualification,Quá trình phong hóa vật lý và hóa học đã tác động như thế nào đến hệ thống hang động của Phong Nha?,Quá trình phong hóa vật lý và hóa học đã tác động như thế nào đến hệ thống hang động của Phong Nha?,23,23,1.0,28,3.6093556880950928,36.942242818272305,28,3.6093556880950928,36.942242818272305,0.0,0.0,1.0
QA_12099,QA,Quá trình phong hóa vật lý và hóa học đã tác động như thế nào đến hệ thống hang động của Phong Nha?,"gặm mòn, hoà tan, rửa trôi",Quá trình phong hóa vật lý và hóa học đã tác động ra răng đến hệ thống hang động của Phong Nha?,"gặm mòn, hoà tan, rửa trôi",PNT2,Daily Conversation,high,ebf2c246-0938-4917-88ca-3623a993b48d,1,QUALIFICATION_PEER_REVIEWED,qualification,Quá trình phong hóa vật lý và hóa học đã tác động như thế nào đến hệ thống hang động của Phong Nha?,Quá trình phong hóa vật lý và hóa học đã tác động ra răng đến hệ thống hang động của Phong Nha?,23,22,0.9565217391304348,28,3.6093556880950928,36.942242818272305,27,4.711227893829346,111.18860391982108,1.101872205734253,74.24636110154877,3.009795709123139
QA_12099,QA,Quá trình phong hóa vật lý và hóa học đã tác động như thế nào đến hệ thống hang động của Phong Nha?,"gặm mòn, hoà tan, rửa trôi",Quá trình phong hóa vật lý và hóa học đã tác động như răng đến hệ thống hang động của Phong Nha ?,"gặm mòn, hoà tan, rửa trôi",PNT3,Daily Conversation,high,e99ab2ee-5e8e-4d70-ac05-869071c9a49c,1,QUALIFICATION_PEER_REVIEWED,qualification,Quá trình phong hóa vật lý và hóa học đã tác động như thế nào đến hệ thống hang động của Phong Nha?,Quá trình phong hóa vật lý và hóa học đã tác động như răng đến hệ thống hang động của Phong Nha ?,23,23,1.0,28,3.6093556880950928,36.942242818272305,27,4.7758870124816895,118.6154813842214,1.1665313243865967,81.67323856594909,3.2108359518862786
SENT_0018,SENT,"thời buổi bây chừ chuyện gì cũng có thể xảy ra , vậy nên thôi trất , đừng nên tin ai",,"thời buổi bây giờ chuyện gì cũng có thể xảy ra, nên thôi, đừng nên tin ai",Fear,PNB,Daily Conversation,high,7e49e369-5b4e-4441-ba22-55eb0d6e2bdf,1,QUALIFICATION_PEER_REVIEWED,qualification,"thời buổi bây chừ chuyện gì cũng có thể xảy ra , vậy nên thôi trất , đừng nên tin ai","thời buổi bây giờ chuyện gì cũng có thể xảy ra, nên thôi, đừng nên tin ai",21,17,0.8095238095238095,24,4.696091175079346,109.51824704776799,20,4.088876247406006,59.67279655211407,-0.6072149276733398,-49.845450495653914,0.5448662497865484
SENT_0018,SENT,"thời buổi bây chừ chuyện gì cũng có thể xảy ra , vậy nên thôi trất , đừng nên tin ai",,"thời buổi bây giờ chuyện gì cũng có thể xảy ra , vậy nên thôi dẹp đi , đừng nên tin ai nhen",Fear,PNN,Daily Conversation,high,d873b729-a53d-4068-8b04-cbab8be13616,2,QUALIFICATION_PEER_REVIEWED,qualification,"thời buổi bây chừ chuyện gì cũng có thể xảy ra , vậy nên thôi trất , đừng nên tin ai","thời buổi bây giờ chuyện gì cũng có thể xảy ra , vậy nên thôi dẹp đi , đừng nên tin ai nhen",21,23,1.0952380952380953,24,4.696091175079346,109.51824704776799,27,4.24190616607666,69.54028090718491,-0.45418500900268555,-39.97796614058308,0.6349652480910684
SENT_0018,SENT,"thời buổi bây chừ chuyện gì cũng có thể xảy ra , vậy nên thôi trất , đừng nên tin ai",,"thời buổi bây chừ chuyện chi cũng có thể xảy ra, vậy nên thôi trất, đừng nên tin ai",Fear,PNT1,Daily Conversation,high,56164f4c-6810-404e-94aa-34d47c343da0,3,QUALIFICATION_PEER_REVIEWED,qualification,"thời buổi bây chừ chuyện gì cũng có thể xảy ra , vậy nên thôi trất , đừng nên tin ai","thời buổi bây chừ chuyện chi cũng có thể xảy ra, vậy nên thôi trất, đừng nên tin ai",21,19,0.9047619047619048,24,4.696091175079346,109.51824704776799,24,4.911248683929443,135.80889095473523,0.21515750885009766,26.290643906967247,1.2400572015684308
SENT_0018,SENT,"thời buổi bây chừ chuyện gì cũng có thể xảy ra , vậy nên thôi trất , đừng nên tin ai",,"thời buổi ni chuyện chi cụng có thể xảy ra, vậy nên thôi dẹp, đừng nên tin ai",Fear,PNT2,Daily Conversation,high,9bd8c7fb-25fa-4b2d-9c1d-ab9f97e7731e,3,QUALIFICATION_PEER_REVIEWED,qualification,"thời buổi bây chừ chuyện gì cũng có thể xảy ra , vậy nên thôi trất , đừng nên tin ai","thời buổi ni chuyện chi cụng có thể xảy ra, vậy nên thôi dẹp, đừng nên tin ai",21,18,0.8571428571428571,24,4.696091175079346,109.51824704776799,24,5.412939548492432,224.28993071855612,0.7168483734130859,114.77168367078814,2.0479685966917347
SENT_0018,SENT,"thời buổi bây chừ chuyện gì cũng có thể xảy ra , vậy nên thôi trất , đừng nên tin ai",,"thời buổi ni chuyện chi cũng xảy ra được, vậy nên dẹp đi, đừng nên tin ai",Fear,PNT3,Daily Conversation,high,a535cb14-6f28-47fa-8989-505a99f839db,4,QUALIFICATION_PEER_REVIEWED,qualification,"thời buổi bây chừ chuyện gì cũng có thể xảy ra , vậy nên thôi trất , đừng nên tin ai","thời buổi ni chuyện chi cũng xảy ra được, vậy nên dẹp đi, đừng nên tin ai",21,17,0.8095238095238095,24,4.696091175079346,109.51824704776799,22,5.3418169021606445,208.89190185561716,0.6457257270812988,99.37365480784918,1.9073707577195416
SENT_0018,SENT,"thời buổi bây chừ chuyện gì cũng có thể xảy ra , vậy nên thôi trất , đừng nên tin ai",,"Thời buổi bây chừ chuyện chi cũng có thể xảy ra, vậy nên thôi trớt, đừng nên tin ai",Fear,PNT4,Daily Conversation,high,79761839-4e36-4d46-bc8f-bfd4e0af851a,4,QUALIFICATION_PEER_REVIEWED,qualification,"thời buổi bây chừ chuyện gì cũng có thể xảy ra , vậy nên thôi trất , đừng nên tin ai","Thời buổi bây chừ chuyện chi cũng có thể xảy ra, vậy nên thôi trớt, đừng nên tin ai",21,19,0.9047619047619048,24,4.696091175079346,109.51824704776799,24,4.647101402282715,104.28227470712116,-0.04898977279663086,-5.235972340646825,0.9521908678983596
SENT_0070,SENT,xem cái này mới biết vốn tiếng anh của mình cũng khá !,,xem cái này mới biết trình độ tiếng anh của mình cũng khá !,Surprise,PNB,Daily Conversation,high,7e49e369-5b4e-4441-ba22-55eb0d6e2bdf,1,QUALIFICATION_PEER_REVIEWED,qualification,xem cái này mới biết vốn tiếng anh của mình cũng khá !,xem cái này mới biết trình độ tiếng anh của mình cũng khá !,13,14,1.0769230769230769,15,5.505312919616699,245.99542042897426,16,4.616192817687988,101.10836047264989,-0.8891201019287109,-144.88705995632438,0.4110172469728667
SENT_0070,SENT,xem cái này mới biết vốn tiếng anh của mình cũng khá !,,xem cái này mới biết vốn tiếng anh của mình cũng khá !,Surprise,PNN,Daily Conversation,high,d873b729-a53d-4068-8b04-cbab8be13616,2,QUALIFICATION_PEER_REVIEWED,qualification,xem cái này mới biết vốn tiếng anh của mình cũng khá !,xem cái này mới biết vốn tiếng anh của mình cũng khá !,13,13,1.0,15,5.505312919616699,245.99542042897426,15,5.505312919616699,245.99542042897426,0.0,0.0,1.0
SENT_0070,SENT,xem cái này mới biết vốn tiếng anh của mình cũng khá !,,xiêm cấy ni mới biết vốn tiếng anh của mình cũng khá !,Surprise,PNT1,Daily Conversation,high,56164f4c-6810-404e-94aa-34d47c343da0,3,QUALIFICATION_PEER_REVIEWED,qualification,xem cái này mới biết vốn tiếng anh của mình cũng khá !,xiêm cấy ni mới biết vốn tiếng anh của mình cũng khá !,13,13,1.0,15,5.505312919616699,245.99542042897426,16,6.230525493621826,508.02237588279985,0.725212574005127,262.0269554538256,2.065170054779455
SENT_0070,SENT,xem cái này mới biết vốn tiếng anh của mình cũng khá !,,xem cái ni mới biết vốn tiếng anh của mình cụng được !,Surprise,PNT2,Daily Conversation,high,9bd8c7fb-25fa-4b2d-9c1d-ab9f97e7731e,3,QUALIFICATION_PEER_REVIEWED,qualification,xem cái này mới biết vốn tiếng anh của mình cũng khá !,xem cái ni mới biết vốn tiếng anh của mình cụng được !,13,13,1.0,15,5.505312919616699,245.99542042897426,16,6.1067047119140625,448.85716177818165,0.6013917922973633,202.8617413492074,1.8246565769210294
SENT_0070,SENT,xem cái này mới biết vốn tiếng anh của mình cũng khá !,,coi cái ni mới biết vốn tiếng anh của tau cũng khá !,Surprise,PNT3,Daily Conversation,high,a535cb14-6f28-47fa-8989-505a99f839db,4,QUALIFICATION_PEER_REVIEWED,qualification,xem cái này mới biết vốn tiếng anh của mình cũng khá !,coi cái ni mới biết vốn tiếng anh của tau cũng khá !,13,13,1.0,15,5.505312919616699,245.99542042897426,15,7.299863338470459,1480.0976413549497,1.7945504188537598,1234.1022209259754,6.016769087708668
SENT_0070,SENT,xem cái này mới biết vốn tiếng anh của mình cũng khá !,,xem cái ni mới biết vốn tiếng anh của mình cũng khá !,Surprise,PNT4,Daily Conversation,high,79761839-4e36-4d46-bc8f-bfd4e0af851a,4,QUALIFICATION_PEER_REVIEWED,qualification,xem cái này mới biết vốn tiếng anh của mình cũng khá !,xem cái ni mới biết vốn tiếng anh của mình cũng khá !,13,13,1.0,15,5.505312919616699,245.99542042897426,15,6.203869342803955,494.65934948518316,0.6985564231872559,248.6639290562089,2.0108477979898214
SENT_0192,SENT,may mình đi làm rồi chứ 10 năm trước chắc sẽ phát khổ với bố mẹ vì mấy tin con nhà người ta như thế nào,,may mình đi làm rồi chứ 10 năm trước chắc sẽ phát khổ với bố mẹ vì mấy cái tin con nhà người ta như thế nào,Enjoyment,PNB,Daily Conversation,high,7e49e369-5b4e-4441-ba22-55eb0d6e2bdf,1,QUALIFICATION_PEER_REVIEWED,qualification,may mình đi làm rồi chứ 10 năm trước chắc sẽ phát khổ với bố mẹ vì mấy tin con nhà người ta như thế nào,may mình đi làm rồi chứ 10 năm trước chắc sẽ phát khổ với bố mẹ vì mấy cái tin con nhà người ta như thế nào,26,27,1.0384615384615385,28,4.938327312469482,139.5366530278945,29,4.786463260650635,119.87664558900786,-0.15186405181884766,-19.660007438886623,0.8591050665737523
SENT_0192,SENT,may mình đi làm rồi chứ 10 năm trước chắc sẽ phát khổ với bố mẹ vì mấy tin con nhà người ta như thế nào,,may mình đi mần rồi chứ 10 năm trước chắc sẽ mệt với ba má vì họ tin con nhà người ta như vậy,Enjoyment,PNN,Daily Conversation,high,d873b729-a53d-4068-8b04-cbab8be13616,2,QUALIFICATION_PEER_REVIEWED,qualification,may mình đi làm rồi chứ 10 năm trước chắc sẽ phát khổ với bố mẹ vì mấy tin con nhà người ta như thế nào,may mình đi mần rồi chứ 10 năm trước chắc sẽ mệt với ba má vì họ tin con nhà người ta như vậy,26,24,0.9230769230769231,28,4.938327312469482,139.5366530278945,28,5.146029949188232,171.74828561478807,0.20770263671875,32.211632586893586,1.2308471063904207
SENT_0192,SENT,may mình đi làm rồi chứ 10 năm trước chắc sẽ phát khổ với bố mẹ vì mấy tin con nhà người ta như thế nào,,may mình đi mần rồi chớ 10 năm trước chắc sẽ phát khổ với bố mẹ vì mấy tin cuôn nhà người ta như thế nào,Enjoyment,PNT1,Daily Conversation,high,56164f4c-6810-404e-94aa-34d47c343da0,3,QUALIFICATION_PEER_REVIEWED,qualification,may mình đi làm rồi chứ 10 năm trước chắc sẽ phát khổ với bố mẹ vì mấy tin con nhà người ta như thế nào,may mình đi mần rồi chớ 10 năm trước chắc sẽ phát khổ với bố mẹ vì mấy tin cuôn nhà người ta như thế nào,26,26,1.0,28,4.938327312469482,139.5366530278945,31,5.245032787322998,189.62203232641957,0.3067054748535156,50.08537929852508,1.3589406669265072
SENT_0192,SENT,may mình đi làm rồi chứ 10 năm trước chắc sẽ phát khổ với bố mẹ vì mấy tin con nhà người ta như thế nào,,may mà đi mần rồi chứ không 10 năm trước chắc có lẹ phát khổ với mấy cấy tin con nhà người ta ni,Enjoyment,PNT2,Daily Conversation,high,9bd8c7fb-25fa-4b2d-9c1d-ab9f97e7731e,3,QUALIFICATION_PEER_REVIEWED,qualification,may mình đi làm rồi chứ 10 năm trước chắc sẽ phát khổ với bố mẹ vì mấy tin con nhà người ta như thế nào,may mà đi mần rồi chứ không 10 năm trước chắc có lẹ phát khổ với mấy cấy tin con nhà người ta ni,26,24,0.9230769230769231,28,4.938327312469482,139.5366530278945,29,5.759900093078613,317.31662520703753,0.8215727806091309,177.77997217914304,2.274073645321014
SENT_0192,SENT,may mình đi làm rồi chứ 10 năm trước chắc sẽ phát khổ với bố mẹ vì mấy tin con nhà người ta như thế nào,,may mà tau đi làm 10 năm rồi chơ 10 năm trước chắc sẽ phải khổi với ba mẹ vì mấy cì tin con nhà người ta như răng,Enjoyment,PNT3,Daily Conversation,high,a535cb14-6f28-47fa-8989-505a99f839db,4,QUALIFICATION_PEER_REVIEWED,qualification,may mình đi làm rồi chứ 10 năm trước chắc sẽ phát khổ với bố mẹ vì mấy tin con nhà người ta như thế nào,may mà tau đi làm 10 năm rồi chơ 10 năm trước chắc sẽ phải khổi với ba mẹ vì mấy cì tin con nhà người ta như răng,26,29,1.1153846153846154,28,4.938327312469482,139.5366530278945,36,5.326756000518799,205.7693745300011,0.3884286880493164,66.23272150210661,1.4746618187041234
SENT_0192,SENT,may mình đi làm rồi chứ 10 năm trước chắc sẽ phát khổ với bố mẹ vì mấy tin con nhà người ta như thế nào,,"may chừ mình đi làm rồi, chứ 10 năm trước chắc phát khổ với ba mẹ vì mấy tin con nhà người ta như ri",Enjoyment,PNT4,Daily Conversation,high,79761839-4e36-4d46-bc8f-bfd4e0af851a,4,QUALIFICATION_PEER_REVIEWED,qualification,may mình đi làm rồi chứ 10 năm trước chắc sẽ phát khổ với bố mẹ vì mấy tin con nhà người ta như thế nào,"may chừ mình đi làm rồi, chứ 10 năm trước chắc phát khổ với ba mẹ vì mấy tin con nhà người ta như ri",26,25,0.9615384615384616,28,4.938327312469482,139.5366530278945,29,5.572239398956299,263.0224524210863,0.6339120864868164,123.48579939319183,1.8849703408645329
SENT_0237,SENT,"có ai nhìn thấy hình như người đàn ông này đang rất đau khổ không nhỉ ? mình nhận thấy hình như ông ấy đang rất đau khổ , mà không thể or không muốn nói ra .",,"có ai nhìn thấy hình như người đàn ông này đang rất đau khổ không nhỉ ? mình nhận thấy hình như ông ấy đang rất đau khổ , mà không thể or không muốn nói ra .",Sadness,PNB,Daily Conversation,high,291aae44-1453-4283-9067-782588cd28ff,0,QUALIFICATION_PEER_REVIEWED,qualification,"có ai nhìn thấy hình như người đàn ông này đang rất đau khổ không nhỉ ? mình nhận thấy hình như ông ấy đang rất đau khổ , mà không thể or không muốn nói ra .","có ai nhìn thấy hình như người đàn ông này đang rất đau khổ không nhỉ ? mình nhận thấy hình như ông ấy đang rất đau khổ , mà không thể or không muốn nói ra .",38,38,1.0,39,3.525766372680664,33.979804834285595,39,3.525766372680664,33.979804834285595,0.0,0.0,1.0
SENT_0237,SENT,"có ai nhìn thấy hình như người đàn ông này đang rất đau khổ không nhỉ ? mình nhận thấy hình như ông ấy đang rất đau khổ , mà không thể or không muốn nói ra .",,"có ai nhìn thấy hình như ông này đang đau khổ lắm không ? mình thấy hình như ổng đang rất đau , mà không thể or không muốn nói .",Sadness,PNN,Daily Conversation,high,e04e5ca5-c8e8-4484-a0aa-f9dc978b200c,3,QUALIFICATION_PEER_REVIEWED,qualification,"có ai nhìn thấy hình như người đàn ông này đang rất đau khổ không nhỉ ? mình nhận thấy hình như ông ấy đang rất đau khổ , mà không thể or không muốn nói ra .","có ai nhìn thấy hình như ông này đang đau khổ lắm không ? mình thấy hình như ổng đang rất đau , mà không thể or không muốn nói .",38,31,0.8157894736842105,39,3.525766372680664,33.979804834285595,32,4.293212890625,73.20127879011612,0.7674465179443359,39.221473955830525,2.15425836455235
SENT_0237,SENT,"có ai nhìn thấy hình như người đàn ông này đang rất đau khổ không nhỉ ? mình nhận thấy hình như ông ấy đang rất đau khổ , mà không thể or không muốn nói ra .",,"cóa ai nhìn thấy người đàn ông ni đang rất đau khổ không nhỉ? mình nhận thấy hình như ông nứ đang rất đau khổ, mà không thể hoặc không muốn nuối ra",Sadness,PNT1,Daily Conversation,high,a4432712-749b-4d01-8b03-4cb9d0f81348,3,QUALIFICATION_PEER_REVIEWED,qualification,"có ai nhìn thấy hình như người đàn ông này đang rất đau khổ không nhỉ ? mình nhận thấy hình như ông ấy đang rất đau khổ , mà không thể or không muốn nói ra .","cóa ai nhìn thấy người đàn ông ni đang rất đau khổ không nhỉ? mình nhận thấy hình như ông nứ đang rất đau khổ, mà không thể hoặc không muốn nuối ra",38,33,0.868421052631579,39,3.525766372680664,33.979804834285595,39,4.623498916625977,101.84977327738187,1.0977325439453125,67.86996844309627,2.997361926417409
SENT_0237,SENT,"có ai nhìn thấy hình như người đàn ông này đang rất đau khổ không nhỉ ? mình nhận thấy hình như ông ấy đang rất đau khổ , mà không thể or không muốn nói ra .",,"có ai chộ hình như ngài đàn ông ni đang rất đau khổ không hè? tui chộ hình như ông ni đang rất đau khổ, mà nỏ thể hoặc nỏ muốn nói ra.",Sadness,PNT2,Daily Conversation,high,7d958013-3acc-4719-a459-b3a565d57865,2,QUALIFICATION_PEER_REVIEWED,qualification,"có ai nhìn thấy hình như người đàn ông này đang rất đau khổ không nhỉ ? mình nhận thấy hình như ông ấy đang rất đau khổ , mà không thể or không muốn nói ra .","có ai chộ hình như ngài đàn ông ni đang rất đau khổ không hè? tui chộ hình như ông ni đang rất đau khổ, mà nỏ thể hoặc nỏ muốn nói ra.",38,33,0.868421052631579,39,3.525766372680664,33.979804834285595,42,4.664765357971191,106.14067723601347,1.1389989852905273,72.16087240172789,3.123639990095459
SENT_0237,SENT,"có ai nhìn thấy hình như người đàn ông này đang rất đau khổ không nhỉ ? mình nhận thấy hình như ông ấy đang rất đau khổ , mà không thể or không muốn nói ra .",,"có ai chộ hình như ông ni đang rất đau khổ không hè ? tao thấy là hình như ông ơ đang rất đau khổ, mà không nói ra được",Sadness,PNT3,Daily Conversation,high,2fdf203d-4d50-4041-9bef-98014b83a48a,3,QUALIFICATION_PEER_REVIEWED,qualification,"có ai nhìn thấy hình như người đàn ông này đang rất đau khổ không nhỉ ? mình nhận thấy hình như ông ấy đang rất đau khổ , mà không thể or không muốn nói ra .","có ai chộ hình như ông ni đang rất đau khổ không hè ? tao thấy là hình như ông ơ đang rất đau khổ, mà không nói ra được",38,30,0.7894736842105263,39,3.525766372680664,33.979804834285595,34,4.791135311126709,120.43802570506875,1.265368938446045,86.45822087078315,3.544400160401948
SENT_0237,SENT,"có ai nhìn thấy hình như người đàn ông này đang rất đau khổ không nhỉ ? mình nhận thấy hình như ông ấy đang rất đau khổ , mà không thể or không muốn nói ra .",,"có ai nhìn thấy hình như ông nớ đang rất đau khổ không ? Mình thấy hình như ông nớ đang rất đau khổ, mà không thể hay không muốn nói ra",Sadness,PNT4,Daily Conversation,high,79761839-4e36-4d46-bc8f-bfd4e0af851a,4,QUALIFICATION_PEER_REVIEWED,qualification,"có ai nhìn thấy hình như người đàn ông này đang rất đau khổ không nhỉ ? mình nhận thấy hình như ông ấy đang rất đau khổ , mà không thể or không muốn nói ra .","có ai nhìn thấy hình như ông nớ đang rất đau khổ không ? Mình thấy hình như ông nớ đang rất đau khổ, mà không thể hay không muốn nói ra",38,32,0.8421052631578947,39,3.525766372680664,33.979804834285595,36,3.6123709678649902,37.05380212242943,0.08660459518432617,3.073997288143836,1.090465419184579
SENT_0343,SENT,"móa , thiệt chứ tụi này nuôi làm gì vậy nhỉ ?",,"Mé, thật sự  bọn này  nuôi để làm gì nhỉ?",Anger,PNB,Daily Conversation,high,291aae44-1453-4283-9067-782588cd28ff,0,QUALIFICATION_PEER_REVIEWED,qualification,"móa , thiệt chứ tụi này nuôi làm gì vậy nhỉ ?","Mé, thật sự  bọn này  nuôi để làm gì nhỉ?",12,10,0.8333333333333334,15,6.055375576019287,426.39902063181165,16,5.888569355010986,360.88861138912773,-0.16680622100830078,-65.51040924268392,0.8463636029331993
SENT_0343,SENT,"móa , thiệt chứ tụi này nuôi làm gì vậy nhỉ ?",,"má, thiệt chứ tụi này nuôi làm gì vậy ta ?",Anger,PNN,Daily Conversation,high,e04e5ca5-c8e8-4484-a0aa-f9dc978b200c,3,QUALIFICATION_PEER_REVIEWED,qualification,"móa , thiệt chứ tụi này nuôi làm gì vậy nhỉ ?","má, thiệt chứ tụi này nuôi làm gì vậy ta ?",12,11,0.9166666666666666,15,6.055375576019287,426.39902063181165,14,6.8516645431518555,945.4533455040273,0.7962889671325684,519.0543248722156,2.2172971788328995
SENT_0343,SENT,"móa , thiệt chứ tụi này nuôi làm gì vậy nhỉ ?",,"móa, thặc chứ tụi ni nuôi mằn chi vậy nhỉ?",Anger,PNT1,Daily Conversation,high,a4432712-749b-4d01-8b03-4cb9d0f81348,3,QUALIFICATION_PEER_REVIEWED,qualification,"móa , thiệt chứ tụi này nuôi làm gì vậy nhỉ ?","móa, thặc chứ tụi ni nuôi mằn chi vậy nhỉ?",12,10,0.8333333333333334,15,6.055375576019287,426.39902063181165,18,5.713263988494873,302.85798173749777,-0.34211158752441406,-123.54103889431389,0.7102689431339255
SENT_0343,SENT,"móa , thiệt chứ tụi này nuôi làm gì vậy nhỉ ?",,"moá, thật chư bọn ni nuôi mần chi rứa hè?",Anger,PNT2,Daily Conversation,high,7d958013-3acc-4719-a459-b3a565d57865,2,QUALIFICATION_PEER_REVIEWED,qualification,"móa , thiệt chứ tụi này nuôi làm gì vậy nhỉ ?","moá, thật chư bọn ni nuôi mần chi rứa hè?",12,10,0.8333333333333334,15,6.055375576019287,426.39902063181165,17,7.452226638793945,1723.6969260140768,1.3968510627746582,1297.297905382265,4.042450480913416
SENT_0343,SENT,"móa , thiệt chứ tụi này nuôi làm gì vậy nhỉ ?",,"mẹ, thiệt chơ tụi ni nuôi làm chi rứa he ?",Anger,PNT3,Daily Conversation,high,2fdf203d-4d50-4041-9bef-98014b83a48a,3,QUALIFICATION_PEER_REVIEWED,qualification,"móa , thiệt chứ tụi này nuôi làm gì vậy nhỉ ?","mẹ, thiệt chơ tụi ni nuôi làm chi rứa he ?",12,11,0.9166666666666666,15,6.055375576019287,426.39902063181165,17,6.38383674621582,592.1954581681374,0.3284611701965332,165.79643753632575,1.3888293113118761
SENT_0343,SENT,"móa , thiệt chứ tụi này nuôi làm gì vậy nhỉ ?",,"Móa, thiệt chớ tụi ni nuôi làm chi ri bây ?",Anger,PNT4,Daily Conversation,high,79761839-4e36-4d46-bc8f-bfd4e0af851a,4,QUALIFICATION_PEER_REVIEWED,qualification,"móa , thiệt chứ tụi này nuôi làm gì vậy nhỉ ?","Móa, thiệt chớ tụi ni nuôi làm chi ri bây ?",12,11,0.9166666666666666,15,6.055375576019287,426.39902063181165,15,7.74323034286499,2305.909242321014,1.6878547668457031,1879.5102216892024,5.407867116824661
SENT_0462,SENT,tao đã từng viết như thế này . bây giờ không muốn ai đọc chỉ có đốt mà lười đốt,,"Tao đã từng viết thế này. Giờ không muốn ai đọc nữa, chỉ có đem đốt đi thôi mà lười quá",Sadness,PNB,Daily Conversation,high,291aae44-1453-4283-9067-782588cd28ff,0,QUALIFICATION_PEER_REVIEWED,qualification,tao đã từng viết như thế này . bây giờ không muốn ai đọc chỉ có đốt mà lười đốt,"Tao đã từng viết thế này. Giờ không muốn ai đọc nữa, chỉ có đem đốt đi thôi mà lười quá",20,21,1.05,24,4.8982319831848145,134.05256285980548,27,4.631401538848877,102.65784228571427,-0.2668304443359375,-31.39472057409121,0.7658029066782979
SENT_0462,SENT,tao đã từng viết như thế này . bây giờ không muốn ai đọc chỉ có đốt mà lười đốt,,tao đã từng viết như thế này . bây giờ không muốn ai đọc chỉ có đốt mà làm biếng đốt,Sadness,PNN,Daily Conversation,high,e04e5ca5-c8e8-4484-a0aa-f9dc978b200c,3,QUALIFICATION_PEER_REVIEWED,qualification,tao đã từng viết như thế này . bây giờ không muốn ai đọc chỉ có đốt mà lười đốt,tao đã từng viết như thế này . bây giờ không muốn ai đọc chỉ có đốt mà làm biếng đốt,20,21,1.05,24,4.8982319831848145,134.05256285980548,26,4.758652210235596,116.58868292406656,-0.13957977294921875,-17.463879935738916,0.8697236400172151
SENT_0462,SENT,tao đã từng viết như thế này . bây giờ không muốn ai đọc chỉ có đốt mà lười đốt,,tau đã từng vít như ri . bây chừ không mún ai đuộc chỉ cóa đốt mà lười đốt,Sadness,PNT1,Daily Conversation,high,a4432712-749b-4d01-8b03-4cb9d0f81348,3,QUALIFICATION_PEER_REVIEWED,qualification,tao đã từng viết như thế này . bây giờ không muốn ai đọc chỉ có đốt mà lười đốt,tau đã từng vít như ri . bây chừ không mún ai đuộc chỉ cóa đốt mà lười đốt,20,19,0.95,24,4.8982319831848145,134.05256285980548,26,6.7851972579956055,884.6545749232121,1.886965274810791,750.6020120634066,6.599311166086391
SENT_0462,SENT,tao đã từng viết như thế này . bây giờ không muốn ai đọc chỉ có đốt mà lười đốt,,tau đạ từng viết a ri. chừ nỏ muốn ai đọc chỉ có đốt mà nhác đốt,Sadness,PNT2,Daily Conversation,high,7d958013-3acc-4719-a459-b3a565d57865,2,QUALIFICATION_PEER_REVIEWED,qualification,tao đã từng viết như thế này . bây giờ không muốn ai đọc chỉ có đốt mà lười đốt,tau đạ từng viết a ri. chừ nỏ muốn ai đọc chỉ có đốt mà nhác đốt,20,17,0.85,24,4.8982319831848145,134.05256285980548,24,6.297439098358154,543.179099214256,1.3992071151733398,409.12653635445054,4.0519859346689415
SENT_0462,SENT,tao đã từng viết như thế này . bây giờ không muốn ai đọc chỉ có đốt mà lười đốt,,tao đã từng viết như ri . chừ không muốn ai đọc chỉ có đốt mà lười đốt,Sadness,PNT3,Daily Conversation,high,2fdf203d-4d50-4041-9bef-98014b83a48a,3,QUALIFICATION_PEER_REVIEWED,qualification,tao đã từng viết như thế này . bây giờ không muốn ai đọc chỉ có đốt mà lười đốt,tao đã từng viết như ri . chừ không muốn ai đọc chỉ có đốt mà lười đốt,20,18,0.9,24,4.8982319831848145,134.05256285980548,23,5.973451137542725,392.8591448376592,1.0752191543579102,258.80658197785374,2.9306350916134156
SENT_0462,SENT,tao đã từng viết như thế này . bây giờ không muốn ai đọc chỉ có đốt mà lười đốt,,"Ta đã từng viết như ri, bây chừ không muốn ai đọc chỉ có đốt mà ta lười đốt",Sadness,PNT4,Daily Conversation,high,79761839-4e36-4d46-bc8f-bfd4e0af851a,4,QUALIFICATION_PEER_REVIEWED,qualification,tao đã từng viết như thế này . bây giờ không muốn ai đọc chỉ có đốt mà lười đốt,"Ta đã từng viết như ri, bây chừ không muốn ai đọc chỉ có đốt mà ta lười đốt",20,19,0.95,24,4.8982319831848145,134.05256285980548,24,5.59412145614624,268.84135738854343,0.6958894729614258,134.78879452873795,2.0054921118494575
SENT_0534,SENT,"cái công ty thực phẩm cung cấp cho các trường mầm non thật quá độc ác . vì lợi ích cá nhân mà ảnh hưởng khủng khiếp tới các em . quá dã man . các người gây nên hoạ thì mai này đời con đời cháu sẽ phải gánh nghiệp đó thôi . gieo nhân nào gặt quả ấy , đừng tưởng bây giờ sống nhé nhỉ thế là không sao . đời còn dài lắm",,"Cái công ty thực phẩm cung cấp cho các trường mầm non thiệt độc ác dữ. Vì lợi ích cá nhân mà ảnh hưởng khủng khiếp tới các em, quá dã man. Tụi mầy gây nên hoạ thì mai này đời con đời cháu sẽ phải gánh nghiệp đó thôi. Gieo nhân nào gặt quả nấy, đừng tưởng bây giờ sống như thế là không sao, đời còn dài lắm.",Other,PNN,Daily Conversation,high,88759523-55db-4c51-872d-a8b43438fa82,2,QUALIFICATION_PEER_REVIEWED,qualification,"cái công ty thực phẩm cung cấp cho các trường mầm non thật quá độc ác . vì lợi ích cá nhân mà ảnh hưởng khủng khiếp tới các em . quá dã man . các người gây nên hoạ thì mai này đời con đời cháu sẽ phải gánh nghiệp đó thôi . gieo nhân nào gặt quả ấy , đừng tưởng bây giờ sống nhé nhỉ thế là không sao . đời còn dài lắm","Cái công ty thực phẩm cung cấp cho các trường mầm non thiệt độc ác dữ. Vì lợi ích cá nhân mà ảnh hưởng khủng khiếp tới các em, quá dã man. Tụi mầy gây nên hoạ thì mai này đời con đời cháu sẽ phải gánh nghiệp đó thôi. Gieo nhân nào gặt quả nấy, đừng tưởng bây giờ sống như thế là không sao, đời còn dài lắm.",77,70,0.9090909090909091,90,4.527426242828369,92.52013003372527,93,4.192184925079346,66.16720352004849,-0.33524131774902344,-26.352926513676778,0.7151654834026859
SENT_0534,SENT,"cái công ty thực phẩm cung cấp cho các trường mầm non thật quá độc ác . vì lợi ích cá nhân mà ảnh hưởng khủng khiếp tới các em . quá dã man . các người gây nên hoạ thì mai này đời con đời cháu sẽ phải gánh nghiệp đó thôi . gieo nhân nào gặt quả ấy , đừng tưởng bây giờ sống nhé nhỉ thế là không sao . đời còn dài lắm",,"cái công ty thực phẩm cung cấp cho các trường mầm non thật quá độc ác, vì lợi ích cá nhân mà ãnh hưỡng khũng khiếp tới các em, quá dã man. Các người gây nên họa thì mai ni đơì con cháu sẽ phải gánh nghiệp đó thôi, gieo nhân nào gặt quả nấy, đừng tưởng bây chừ sống như thế là không răng, đời còn dài lắm",Other,PNT1,Daily Conversation,high,dca4b218-67a4-43d1-a513-8134e12f4b19,1,QUALIFICATION_PEER_REVIEWED,qualification,"cái công ty thực phẩm cung cấp cho các trường mầm non thật quá độc ác . vì lợi ích cá nhân mà ảnh hưởng khủng khiếp tới các em . quá dã man . các người gây nên hoạ thì mai này đời con đời cháu sẽ phải gánh nghiệp đó thôi . gieo nhân nào gặt quả ấy , đừng tưởng bây giờ sống nhé nhỉ thế là không sao . đời còn dài lắm","cái công ty thực phẩm cung cấp cho các trường mầm non thật quá độc ác, vì lợi ích cá nhân mà ãnh hưỡng khũng khiếp tới các em, quá dã man. Các người gây nên họa thì mai ni đơì con cháu sẽ phải gánh nghiệp đó thôi, gieo nhân nào gặt quả nấy, đừng tưởng bây chừ sống như thế là không răng, đời còn dài lắm",77,69,0.8961038961038961,90,4.527426242828369,92.52013003372527,94,4.737527370452881,114.15159782319098,0.21010112762451172,21.631467789465717,1.233802825196859
SENT_0534,SENT,"cái công ty thực phẩm cung cấp cho các trường mầm non thật quá độc ác . vì lợi ích cá nhân mà ảnh hưởng khủng khiếp tới các em . quá dã man . các người gây nên hoạ thì mai này đời con đời cháu sẽ phải gánh nghiệp đó thôi . gieo nhân nào gặt quả ấy , đừng tưởng bây giờ sống nhé nhỉ thế là không sao . đời còn dài lắm",,"ci công ty thực phẩm cung cấp cho các nhà trường mầm non ni thật quá độc ác. vì lợi ích cá nhân mà hấn làm ảnh hưởng khủng khiếp tới các em. quá dạ man. các người gây nên họa thì sau ni đời con cháu cũng sẽ phải gánh ci nghiệp nớ thôi. gieo nhân mô gặt quả nớ, đừng có mà tưởng giừ sống nhé nhỉ rứa là không can chi. đời còn dài lắm.",Other,PNT2,Daily Conversation,high,7fc87026-860f-4cf9-bb3d-46d0d55f71d9,1,QUALIFICATION_PEER_REVIEWED,qualification,"cái công ty thực phẩm cung cấp cho các trường mầm non thật quá độc ác . vì lợi ích cá nhân mà ảnh hưởng khủng khiếp tới các em . quá dã man . các người gây nên hoạ thì mai này đời con đời cháu sẽ phải gánh nghiệp đó thôi . gieo nhân nào gặt quả ấy , đừng tưởng bây giờ sống nhé nhỉ thế là không sao . đời còn dài lắm","ci công ty thực phẩm cung cấp cho các nhà trường mầm non ni thật quá độc ác. vì lợi ích cá nhân mà hấn làm ảnh hưởng khủng khiếp tới các em. quá dạ man. các người gây nên họa thì sau ni đời con cháu cũng sẽ phải gánh ci nghiệp nớ thôi. gieo nhân mô gặt quả nớ, đừng có mà tưởng giừ sống nhé nhỉ rứa là không can chi. đời còn dài lắm.",77,78,1.0129870129870129,90,4.527426242828369,92.52013003372527,101,4.9575886726379395,142.25036979806143,0.4301624298095703,49.73023976433616,1.5375072402752632
SENT_0534,SENT,"cái công ty thực phẩm cung cấp cho các trường mầm non thật quá độc ác . vì lợi ích cá nhân mà ảnh hưởng khủng khiếp tới các em . quá dã man . các người gây nên hoạ thì mai này đời con đời cháu sẽ phải gánh nghiệp đó thôi . gieo nhân nào gặt quả ấy , đừng tưởng bây giờ sống nhé nhỉ thế là không sao . đời còn dài lắm",,"kì công ty thực phẩm cung cấp cho mấy trường mầm non thiệt quá độc ác . vì lợi ích cá nhân mà ảnh hưởng tới các em . quá dã man . mấy người gây nên họa thì mai rồi đời con đời cháu cũng phải gánh nghiệp nớ thôi . gieo nhân nào gặt quả nấy , đừng tưởng chừ sống nhé nhỉ rứa là không răng . đời còn dài lắm",Other,PNT3,Daily Conversation,high,88346002-a7b4-4be1-aec6-e1e3625416ee,3,QUALIFICATION_PEER_REVIEWED,qualification,"cái công ty thực phẩm cung cấp cho các trường mầm non thật quá độc ác . vì lợi ích cá nhân mà ảnh hưởng khủng khiếp tới các em . quá dã man . các người gây nên hoạ thì mai này đời con đời cháu sẽ phải gánh nghiệp đó thôi . gieo nhân nào gặt quả ấy , đừng tưởng bây giờ sống nhé nhỉ thế là không sao . đời còn dài lắm","kì công ty thực phẩm cung cấp cho mấy trường mầm non thiệt quá độc ác . vì lợi ích cá nhân mà ảnh hưởng tới các em . quá dã man . mấy người gây nên họa thì mai rồi đời con đời cháu cũng phải gánh nghiệp nớ thôi . gieo nhân nào gặt quả nấy , đừng tưởng chừ sống nhé nhỉ rứa là không răng . đời còn dài lắm",77,74,0.961038961038961,90,4.527426242828369,92.52013003372527,90,4.941568851470947,139.9897004195106,0.4141426086425781,47.46957038578533,1.5130728887700635
SENT_0534,SENT,"cái công ty thực phẩm cung cấp cho các trường mầm non thật quá độc ác . vì lợi ích cá nhân mà ảnh hưởng khủng khiếp tới các em . quá dã man . các người gây nên hoạ thì mai này đời con đời cháu sẽ phải gánh nghiệp đó thôi . gieo nhân nào gặt quả ấy , đừng tưởng bây giờ sống nhé nhỉ thế là không sao . đời còn dài lắm",,"cái công ty thực phẩm cung cấp cho các trường mầm non thật quá độc ác . vì lợi ích cá nhân mà ảnh hưởng khủng khiếp tới các em . quá dã man . các người gây nên hoạ thì mai ni đời con đời cháu sẽ phải gánh nghiệp đó thôi . gieo nhân nào gặt quả nấy , đừng tưởng bây giờ sống nghe nhỉ thế là không răng . đời còn dài lắm",Other,PNT4,Daily Conversation,high,eb3805e3-c095-4a6c-8697-9f6079168a64,3,QUALIFICATION_PEER_REVIEWED,qualification,"cái công ty thực phẩm cung cấp cho các trường mầm non thật quá độc ác . vì lợi ích cá nhân mà ảnh hưởng khủng khiếp tới các em . quá dã man . các người gây nên hoạ thì mai này đời con đời cháu sẽ phải gánh nghiệp đó thôi . gieo nhân nào gặt quả ấy , đừng tưởng bây giờ sống nhé nhỉ thế là không sao . đời còn dài lắm","cái công ty thực phẩm cung cấp cho các trường mầm non thật quá độc ác . vì lợi ích cá nhân mà ảnh hưởng khủng khiếp tới các em . quá dã man . các người gây nên hoạ thì mai ni đời con đời cháu sẽ phải gánh nghiệp đó thôi . gieo nhân nào gặt quả nấy , đừng tưởng bây giờ sống nghe nhỉ thế là không răng . đời còn dài lắm",77,77,1.0,90,4.527426242828369,92.52013003372527,91,4.648451328277588,104.42314312012705,0.12102508544921875,11.903013086401785,1.1286532247853838
SENT_0572,SENT,em cũng thắc mắc tại răng khúc xương tư tao nhỉ ? xong nó lại tự to lên được nó nhờ lực gì rứa,,"Em cũng thắc mắc, tại sao khúc xương tư tao nhỉ? Xong nó lại tự to lên được, nó nhờ lực gì thế?",Surprise,PNB,Daily Conversation,high,c3131d4f-ec3f-4359-bd03-240a3bd2c1e1,0,QUALIFICATION_PEER_REVIEWED,qualification,em cũng thắc mắc tại răng khúc xương tư tao nhỉ ? xong nó lại tự to lên được nó nhờ lực gì rứa,"Em cũng thắc mắc, tại sao khúc xương tư tao nhỉ? Xong nó lại tự to lên được, nó nhờ lực gì thế?",24,23,0.9583333333333334,30,5.573439121246338,263.3381956842804,32,4.923101902008057,137.42824165504598,-0.6503372192382812,-125.9099540292344,0.5218697625611839
SENT_0572,SENT,em cũng thắc mắc tại răng khúc xương tư tao nhỉ ? xong nó lại tự to lên được nó nhờ lực gì rứa,,Em cũng thắc mắc tại sao khúc xương tự teo nhỉ? Xong nó lại tự to lên được nhờ lực gì vậy?,Surprise,PNN,Daily Conversation,high,88759523-55db-4c51-872d-a8b43438fa82,2,QUALIFICATION_PEER_REVIEWED,qualification,em cũng thắc mắc tại răng khúc xương tư tao nhỉ ? xong nó lại tự to lên được nó nhờ lực gì rứa,Em cũng thắc mắc tại sao khúc xương tự teo nhỉ? Xong nó lại tự to lên được nhờ lực gì vậy?,24,22,0.9166666666666666,30,5.573439121246338,263.3381956842804,29,4.924374103546143,137.60318933621448,-0.6490650177001953,-125.7350063480659,0.522534108577203
SENT_0572,SENT,em cũng thắc mắc tại răng khúc xương tư tao nhỉ ? xong nó lại tự to lên được nó nhờ lực gì rứa,,"em  củng thắc mắc tại sao khúc xương tự tạo nhỉ ? xong nó lại tự to lên được, nó nhờ lực chi rứa",Surprise,PNT1,Daily Conversation,high,dca4b218-67a4-43d1-a513-8134e12f4b19,1,QUALIFICATION_PEER_REVIEWED,qualification,em cũng thắc mắc tại răng khúc xương tư tao nhỉ ? xong nó lại tự to lên được nó nhờ lực gì rứa,"em  củng thắc mắc tại sao khúc xương tự tạo nhỉ ? xong nó lại tự to lên được, nó nhờ lực chi rứa",24,24,1.0,30,5.573439121246338,263.3381956842804,33,5.45576810836792,234.1046197447965,-0.11767101287841797,-29.23357593948387,0.8889884702691121
SENT_0572,SENT,em cũng thắc mắc tại răng khúc xương tư tao nhỉ ? xong nó lại tự to lên được nó nhờ lực gì rứa,,em cũng thắc mắc tại răng khúc xương tư tao hè? xong hấn lại tự to lên được hấn nhờ lực chi rứa,Surprise,PNT2,Daily Conversation,high,7fc87026-860f-4cf9-bb3d-46d0d55f71d9,1,QUALIFICATION_PEER_REVIEWED,qualification,em cũng thắc mắc tại răng khúc xương tư tao nhỉ ? xong nó lại tự to lên được nó nhờ lực gì rứa,em cũng thắc mắc tại răng khúc xương tư tao hè? xong hấn lại tự to lên được hấn nhờ lực chi rứa,24,23,0.9583333333333334,30,5.573439121246338,263.3381956842804,31,6.3110575675964355,550.6269662336223,0.7376184463500977,287.2887705493419,2.090949870765334
SENT_0572,SENT,em cũng thắc mắc tại răng khúc xương tư tao nhỉ ? xong nó lại tự to lên được nó nhờ lực gì rứa,,em cũng thắc mắc vì răng khúc xương tư tao hè? xong hắn lại tự to lên được nhờ lực chi rứa,Surprise,PNT3,Daily Conversation,high,88346002-a7b4-4be1-aec6-e1e3625416ee,3,QUALIFICATION_PEER_REVIEWED,qualification,em cũng thắc mắc tại răng khúc xương tư tao nhỉ ? xong nó lại tự to lên được nó nhờ lực gì rứa,em cũng thắc mắc vì răng khúc xương tư tao hè? xong hắn lại tự to lên được nhờ lực chi rứa,24,22,0.9166666666666666,30,5.573439121246338,263.3381956842804,28,6.469554901123047,645.1964868129749,0.896115779876709,381.8582911286945,2.450068001477877
SENT_0572,SENT,em cũng thắc mắc tại răng khúc xương tư tao nhỉ ? xong nó lại tự to lên được nó nhờ lực gì rứa,,em cũng thắc mắc tại răng khúc xương tư tao rứa ? xong nó lại tự to lên được nó nhờ lực chi rứa,Surprise,PNT4,Daily Conversation,high,eb3805e3-c095-4a6c-8697-9f6079168a64,3,QUALIFICATION_PEER_REVIEWED,qualification,em cũng thắc mắc tại răng khúc xương tư tao nhỉ ? xong nó lại tự to lên được nó nhờ lực gì rứa,em cũng thắc mắc tại răng khúc xương tư tao rứa ? xong nó lại tự to lên được nó nhờ lực chi rứa,24,24,1.0,30,5.573439121246338,263.3381956842804,31,5.618952751159668,275.6006096334316,0.04551362991333008,12.26241394915121,1.0465652691106488
SENT_0626,SENT,"năm nào cũng đi cho có không khí xuân vậy , không đi thì thấy thiếu thiếu . nhà tao cách chợ 10km",,"Năm nào cũng đi cho có không khí xuân vậy, không đi thì thấy thiếu thiếu. Nhà tao cách chợ 10km.",Enjoyment,PNN,Daily Conversation,high,88759523-55db-4c51-872d-a8b43438fa82,2,QUALIFICATION_PEER_REVIEWED,qualification,"năm nào cũng đi cho có không khí xuân vậy , không đi thì thấy thiếu thiếu . nhà tao cách chợ 10km","Năm nào cũng đi cho có không khí xuân vậy, không đi thì thấy thiếu thiếu. Nhà tao cách chợ 10km.",23,21,0.9130434782608695,28,4.888733386993408,132.78527992937808,29,4.750437259674072,115.63483592500633,-0.13829612731933594,-17.15044400437175,0.8708407738154921
SENT_0626,SENT,"năm nào cũng đi cho có không khí xuân vậy , không đi thì thấy thiếu thiếu . nhà tao cách chợ 10km",,"năm mô củng đi cho có không khí xuân vậy, chả đi thì thấy thíu thíu. Nhà tau cách chợ 10km",Enjoyment,PNT1,Daily Conversation,high,dca4b218-67a4-43d1-a513-8134e12f4b19,1,QUALIFICATION_PEER_REVIEWED,qualification,"năm nào cũng đi cho có không khí xuân vậy , không đi thì thấy thiếu thiếu . nhà tao cách chợ 10km","năm mô củng đi cho có không khí xuân vậy, chả đi thì thấy thíu thíu. Nhà tau cách chợ 10km",23,21,0.9130434782608695,28,4.888733386993408,132.78527992937808,31,6.071703910827637,433.41855933314736,1.1829705238342285,300.6332794037693,3.2640557715709244
SENT_0626,SENT,"năm nào cũng đi cho có không khí xuân vậy , không đi thì thấy thiếu thiếu . nhà tao cách chợ 10km",,"năm mô cũng đi cho có ci không khí xuân,  khung đi thì thấy thiếu thiếu . nhà tau cách chợ có 10km",Enjoyment,PNT2,Daily Conversation,high,7fc87026-860f-4cf9-bb3d-46d0d55f71d9,1,QUALIFICATION_PEER_REVIEWED,qualification,"năm nào cũng đi cho có không khí xuân vậy , không đi thì thấy thiếu thiếu . nhà tao cách chợ 10km","năm mô cũng đi cho có ci không khí xuân,  khung đi thì thấy thiếu thiếu . nhà tau cách chợ có 10km",23,23,1.0,28,4.888733386993408,132.78527992937808,30,6.711521148681641,821.8197992350327,1.8227877616882324,689.0345193056546,6.189088125371412
SENT_0626,SENT,"năm nào cũng đi cho có không khí xuân vậy , không đi thì thấy thiếu thiếu . nhà tao cách chợ 10km",,"năm mô cũng đi cho có không khí xuân cũng được, không đi thì thấy thiếu thiếu . nhà tau cách chợ 10km",Enjoyment,PNT3,Daily Conversation,high,88346002-a7b4-4be1-aec6-e1e3625416ee,3,QUALIFICATION_PEER_REVIEWED,qualification,"năm nào cũng đi cho có không khí xuân vậy , không đi thì thấy thiếu thiếu . nhà tao cách chợ 10km","năm mô cũng đi cho có không khí xuân cũng được, không đi thì thấy thiếu thiếu . nhà tau cách chợ 10km",23,23,1.0,28,4.888733386993408,132.78527992937808,28,5.736833572387695,310.08100580356717,0.8481001853942871,177.2957258741891,2.335206176230407
SENT_0626,SENT,"năm nào cũng đi cho có không khí xuân vậy , không đi thì thấy thiếu thiếu . nhà tao cách chợ 10km",,"năm nào cũng đi cho có không khí xuân vậy , không đi thì thấy thiếu thiếu . nhà ta cách chợ 10km",Enjoyment,PNT4,Daily Conversation,high,eb3805e3-c095-4a6c-8697-9f6079168a64,3,QUALIFICATION_PEER_REVIEWED,qualification,"năm nào cũng đi cho có không khí xuân vậy , không đi thì thấy thiếu thiếu . nhà tao cách chợ 10km","năm nào cũng đi cho có không khí xuân vậy , không đi thì thấy thiếu thiếu . nhà ta cách chợ 10km",23,23,1.0,28,4.888733386993408,132.78527992937808,27,4.8008809089660645,121.61750429492307,-0.08785247802734375,-11.167775634455012,0.9158959815395608
SENT_0814,SENT,"mấy thành phần không chấp hành luật giao thông cứ phải thế này . cơ mà thằng này gà thật , tạt mẹ vào quán nước mà ngồi uống chứ làm gì phải dắt xe khổ thế kia",,"mấy thành phần không chấp hành luật giao thông toàn như thế này. cơ mà thằng này gà thật, tạt mẹ vào quán nước mà ngồi uống chứ làm sao phải dắt xe khổ thế kia",Disgust,PNB,Daily Conversation,high,c6ebf7db-5dbe-4587-9564-a75d61cbc2e3,0,QUALIFICATION_PEER_REVIEWED,qualification,"mấy thành phần không chấp hành luật giao thông cứ phải thế này . cơ mà thằng này gà thật , tạt mẹ vào quán nước mà ngồi uống chứ làm gì phải dắt xe khổ thế kia","mấy thành phần không chấp hành luật giao thông toàn như thế này. cơ mà thằng này gà thật, tạt mẹ vào quán nước mà ngồi uống chứ làm sao phải dắt xe khổ thế kia",38,36,0.9473684210526315,44,5.286575794219971,197.6654181862696,45,4.989461898803711,146.85737809955177,-0.29711389541625977,-50.808040086717824,0.7429593878741148
SENT_0814,SENT,"mấy thành phần không chấp hành luật giao thông cứ phải thế này . cơ mà thằng này gà thật , tạt mẹ vào quán nước mà ngồi uống chứ làm gì phải dắt xe khổ thế kia",,"mấy thành phần không chấp hành luật giao thông cứ phải thế này. cơ mà thằng này ngu thật, tạt mẹ vào quán nước mà ngồi uống chứ làm gì phải dắt xe khổ thế kia",Disgust,PNN,Daily Conversation,high,9d0d5c61-1083-4b35-8c02-c2c597f8212f,2,QUALIFICATION_PEER_REVIEWED,qualification,"mấy thành phần không chấp hành luật giao thông cứ phải thế này . cơ mà thằng này gà thật , tạt mẹ vào quán nước mà ngồi uống chứ làm gì phải dắt xe khổ thế kia","mấy thành phần không chấp hành luật giao thông cứ phải thế này. cơ mà thằng này ngu thật, tạt mẹ vào quán nước mà ngồi uống chứ làm gì phải dắt xe khổ thế kia",38,36,0.9473684210526315,44,5.286575794219971,197.6654181862696,44,4.994468688964844,147.59450595770798,-0.29210710525512695,-50.07091222856161,0.7466885574219291
SENT_0814,SENT,"mấy thành phần không chấp hành luật giao thông cứ phải thế này . cơ mà thằng này gà thật , tạt mẹ vào quán nước mà ngồi uống chứ làm gì phải dắt xe khổ thế kia",,"Mấy thành phần không chấp hành luật giao thông cứ phải như ri. Chơ mà thằng ni gà thật, tạt mẹ vô quán nước mà ngồi uống chơ mần chi phải dắc xe khổ rứa tê",Disgust,PNT2,Daily Conversation,high,603effb8-c882-4227-b5de-d83ea8816911,1,QUALIFICATION_PEER_REVIEWED,qualification,"mấy thành phần không chấp hành luật giao thông cứ phải thế này . cơ mà thằng này gà thật , tạt mẹ vào quán nước mà ngồi uống chứ làm gì phải dắt xe khổ thế kia","Mấy thành phần không chấp hành luật giao thông cứ phải như ri. Chơ mà thằng ni gà thật, tạt mẹ vô quán nước mà ngồi uống chơ mần chi phải dắc xe khổ rứa tê",38,36,0.9473684210526315,44,5.286575794219971,197.6654181862696,49,5.999499797821045,403.22704799215273,0.7129240036010742,205.56162980588314,2.0399473599988673
SENT_0814,SENT,"mấy thành phần không chấp hành luật giao thông cứ phải thế này . cơ mà thằng này gà thật , tạt mẹ vào quán nước mà ngồi uống chứ làm gì phải dắt xe khổ thế kia",,"Mấy thành phần không chấp hành luật giao thông thì cứ phải như ri. Cơ mà thằng ni gà thiệt, tạt vô quán nước ngồi uống cho rồi, chơ mần chi phải dắt xe khổ rứa.",Disgust,PNT3,Daily Conversation,high,eb02b7a5-f3df-407d-8da3-21f0b73659ef,1,QUALIFICATION_PEER_REVIEWED,qualification,"mấy thành phần không chấp hành luật giao thông cứ phải thế này . cơ mà thằng này gà thật , tạt mẹ vào quán nước mà ngồi uống chứ làm gì phải dắt xe khổ thế kia","Mấy thành phần không chấp hành luật giao thông thì cứ phải như ri. Cơ mà thằng ni gà thiệt, tạt vô quán nước ngồi uống cho rồi, chơ mần chi phải dắt xe khổ rứa.",38,36,0.9473684210526315,44,5.286575794219971,197.6654181862696,49,5.551355361938477,257.5864422784425,0.26477956771850586,59.92102409217293,1.3031436891793915
SENT_0814,SENT,"mấy thành phần không chấp hành luật giao thông cứ phải thế này . cơ mà thằng này gà thật , tạt mẹ vào quán nước mà ngồi uống chứ làm gì phải dắt xe khổ thế kia",,"mấy thành phần không chấp hành luật giao thông cứ phải tri . cơ mà thằng này gà thật , tạt mẹ vào quán nước mà ngồi uống chứ mắc chi phải dắt xe khổ thế kia",Disgust,PNT4,Daily Conversation,high,7f4cabf8-9403-4778-a98e-b3191bcfcaab,0,QUALIFICATION_PEER_REVIEWED,qualification,"mấy thành phần không chấp hành luật giao thông cứ phải thế này . cơ mà thằng này gà thật , tạt mẹ vào quán nước mà ngồi uống chứ làm gì phải dắt xe khổ thế kia","mấy thành phần không chấp hành luật giao thông cứ phải tri . cơ mà thằng này gà thật , tạt mẹ vào quán nước mà ngồi uống chứ mắc chi phải dắt xe khổ thế kia",38,37,0.9736842105263158,44,5.286575794219971,197.6654181862696,43,5.8265814781188965,339.1971419810701,0.5400056838989258,141.5317237948005,1.7160166158221384
SENT_0835,SENT,chắc nó se lạnh thì đừng hỏi tại sao thằng kia lấp nhíp sưởi ấm cũng không thấy .,,chắc nó se lạnh thì đừng hỏi sao thằng đó lấp nhíp sưởi ấm cũng hông thấy.,Other,PNN,Daily Conversation,high,9d0d5c61-1083-4b35-8c02-c2c597f8212f,2,QUALIFICATION_PEER_REVIEWED,qualification,chắc nó se lạnh thì đừng hỏi tại sao thằng kia lấp nhíp sưởi ấm cũng không thấy .,chắc nó se lạnh thì đừng hỏi sao thằng đó lấp nhíp sưởi ấm cũng hông thấy.,19,17,0.8947368421052632,29,4.7921624183654785,120.5617920228534,28,4.809499263763428,122.67017673309847,0.01733684539794922,2.108384710245076,1.0174880007576979
SENT_0835,SENT,chắc nó se lạnh thì đừng hỏi tại sao thằng kia lấp nhíp sưởi ấm cũng không thấy .,,Chắc hấn se lạnh thì đừng hỏi tại răng thằng tê lấp nhím sưởi ấm cụng nỏ chộ.,Other,PNT2,Daily Conversation,high,603effb8-c882-4227-b5de-d83ea8816911,1,QUALIFICATION_PEER_REVIEWED,qualification,chắc nó se lạnh thì đừng hỏi tại sao thằng kia lấp nhíp sưởi ấm cũng không thấy .,Chắc hấn se lạnh thì đừng hỏi tại răng thằng tê lấp nhím sưởi ấm cụng nỏ chộ.,19,18,0.9473684210526315,29,4.7921624183654785,120.5617920228534,31,5.867764949798584,353.4581001706601,1.0756025314331055,232.89630814780668,2.931758845320244
SENT_0835,SENT,chắc nó se lạnh thì đừng hỏi tại sao thằng kia lấp nhíp sưởi ấm cũng không thấy .,,Chắc trời se lạnh thì đừng hỏi tại răng thằng kia lấp nhấp sưởi ấm cũng nỏ thấy chi.,Other,PNT3,Daily Conversation,high,eb02b7a5-f3df-407d-8da3-21f0b73659ef,1,QUALIFICATION_PEER_REVIEWED,qualification,chắc nó se lạnh thì đừng hỏi tại sao thằng kia lấp nhíp sưởi ấm cũng không thấy .,Chắc trời se lạnh thì đừng hỏi tại răng thằng kia lấp nhấp sưởi ấm cũng nỏ thấy chi.,19,19,1.0,29,4.7921624183654785,120.5617920228534,29,5.491518497467041,242.62535325688708,0.6993560791015625,122.06356123403368,2.012456427413551
SENT_0835,SENT,chắc nó se lạnh thì đừng hỏi tại sao thằng kia lấp nhíp sưởi ấm cũng không thấy .,,chắc nó se lạnh thì đừng hỏi tại sao thằng kia lấp nhíp sưởi ấm cũng không thấy .,Other,PNT4,Daily Conversation,high,7f4cabf8-9403-4778-a98e-b3191bcfcaab,0,QUALIFICATION_PEER_REVIEWED,qualification,chắc nó se lạnh thì đừng hỏi tại sao thằng kia lấp nhíp sưởi ấm cũng không thấy .,chắc nó se lạnh thì đừng hỏi tại sao thằng kia lấp nhíp sưởi ấm cũng không thấy .,19,19,1.0,29,4.7921624183654785,120.5617920228534,29,4.7921624183654785,120.5617920228534,0.0,0.0,1.0
SENT_0895,SENT,chuột mà làm như người vậy .. ít hôm nó gặm cả rắn cả dây thì thấy mẹ ..,,chuột mà mần như người rứa .. ít bựa hắn cắm cả rắn với dây thì thấy mẹ ..,Fear,PNT3,Daily Conversation,high,e99ab2ee-5e8e-4d70-ac05-869071c9a49c,1,QUALIFICATION_PEER_REVIEWED,qualification,chuột mà làm như người vậy .. ít hôm nó gặm cả rắn cả dây thì thấy mẹ ..,chuột mà mần như người rứa .. ít bựa hắn cắm cả rắn với dây thì thấy mẹ ..,19,19,1.0,23,6.201654434204102,493.564936697574,26,6.125575065612793,457.40767707705487,-0.0760793685913086,-36.15725962051914,0.9267426493817691
SENT_0895,SENT,chuột mà làm như người vậy .. ít hôm nó gặm cả rắn cả dây thì thấy mẹ ..,,chuột mà làm như người vậy .. ít bữa hén gặm cả rắn cả dây thì thấy mẹ,Fear,PNT4,Daily Conversation,high,caa27aaf-592f-49ce-b541-02f33da2b90f,3,QUALIFICATION_PEER_REVIEWED,qualification,chuột mà làm như người vậy .. ít hôm nó gặm cả rắn cả dây thì thấy mẹ ..,chuột mà làm như người vậy .. ít bữa hén gặm cả rắn cả dây thì thấy mẹ,19,18,0.9473684210526315,23,6.201654434204102,493.564936697574,23,6.217385768890381,501.39076588455845,0.015731334686279297,7.825829186984436,1.0158557235433838
