sample_id,task,target_dialect,standard_span,dialect_span,category,nll_baseline,nll_swapped,delta_nll_swap
MCQA_0013_3,MCQA,PNN,giúp mẹ,phụ má,Kinship/Honorific terms,3.752254486083984,3.9804277420043945,0.2281732559204101
MCQA_0013_3,MCQA,PNN,việc,chuyện,Predicate vocabulary,3.752254486083984,3.976022243499756,0.2237677574157714
MCQA_0013_3,MCQA,PNN,mẹ,má,Kinship/Honorific terms,3.752254486083984,3.861785888671875,0.1095314025878906
MCQA_0013_3,MCQA,PNN,bố,ba,Kinship/Honorific terms,3.752254486083984,3.796912670135498,0.0446581840515136
MCQA_0013_3,MCQA,PNN,và,với,Connectives/Aspect markers,3.752254486083984,3.8742754459381104,0.1220209598541259
MCQA_0013_3,MCQA,PNT2,đã,đạ,Connectives/Aspect markers,3.752254486083984,4.015171527862549,0.2629170417785644
MCQA_0013_3,MCQA,PNT2,gì,chi,Interrogatives,3.752254486083984,4.007105827331543,0.2548513412475586
MCQA_0013_3,MCQA,PNT2,làm,mần,Predicate vocabulary,3.752254486083984,3.9182965755462646,0.1660420894622802
MCQA_0013_3,MCQA,PNT3,gì,chi,Interrogatives,3.752254486083984,4.007105827331543,0.2548513412475586
MCQA_0013_3,MCQA,PNT3,và,với,Connectives/Aspect markers,3.752254486083984,3.8742754459381104,0.1220209598541259
MCQA_0013_3,MCQA,PNT3,bố,ba,Kinship/Honorific terms,3.752254486083984,3.796912670135498,0.0446581840515136
MCQA_0013_3,MCQA,PNT3,và,với,Connectives/Aspect markers,3.752254486083984,3.8742754459381104,0.1220209598541259
MCQA_0013_4,MCQA,PNB,thời điểm,lúc,Connectives/Aspect markers,2.81641149520874,2.8319268226623535,0.0155153274536132
MCQA_0013_4,MCQA,PNN,bố,ba,Kinship/Honorific terms,2.81641149520874,2.8450264930725098,0.0286149978637695
MCQA_0013_4,MCQA,PNN,mẹ,má,Kinship/Honorific terms,2.81641149520874,2.9450936317443848,0.1286821365356445
MCQA_0013_4,MCQA,PNN,làm,mần,Predicate vocabulary,2.81641149520874,2.909234523773194,0.0928230285644531
MCQA_0013_4,MCQA,PNN,mẹ,má,Kinship/Honorific terms,2.81641149520874,2.9450936317443848,0.1286821365356445
MCQA_0013_4,MCQA,PNT1,về,viền,Predicate vocabulary,2.81641149520874,2.998239517211914,0.1818280220031738
MCQA_0013_4,MCQA,PNT2,vào,vô,Connectives/Aspect markers,2.81641149520874,2.978011131286621,0.1615996360778808
MCQA_0013_4,MCQA,PNT2,đã,đạ,Connectives/Aspect markers,2.81641149520874,3.0875887870788574,0.2711772918701172
MCQA_0013_4,MCQA,PNT2,làm,mần,Predicate vocabulary,2.81641149520874,2.909234523773194,0.0928230285644531
MCQA_0013_4,MCQA,PNT2,đã,dạ,Connectives/Aspect markers,2.81641149520874,2.964968681335449,0.1485571861267089
MCQA_0013_4,MCQA,PNT3,bố vào thời điểm nào,ba khi mô,Kinship/Honorific terms,2.81641149520874,3.1515276432037354,0.3351161479949951
MCQA_0013_4,MCQA,PNT3,và,với,Connectives/Aspect markers,2.81641149520874,3.056741952896118,0.2403304576873779
MCQA_0014_1,MCQA,PNN,bố,ba,Kinship/Honorific terms,3.125565528869629,3.262056589126587,0.136491060256958
MCQA_0014_1,MCQA,PNT1,đâu,mô,Negation/Function words,3.125565528869629,3.5952837467193604,0.4697182178497314
MCQA_0014_1,MCQA,PNT3,cùng bố,với bọ,Kinship/Honorific terms,3.125565528869629,3.434992790222168,0.309427261352539
MCQA_0014_1,MCQA,PNT3,rừng,rú,Predicate vocabulary,3.125565528869629,3.4261832237243652,0.3006176948547363
MCQA_0016_0,MCQA,PNB,dịu cơn,đỡ,Predicate vocabulary,2.5017971992492676,2.490069627761841,-0.0117275714874267
MCQA_0016_0,MCQA,PNN,vào,vô,Connectives/Aspect markers,2.5017971992492676,2.6457607746124268,0.1439635753631591
MCQA_0016_0,MCQA,PNN,hoa,bông,Predicate vocabulary,2.5017971992492676,2.504236936569214,0.0024397373199462
MCQA_0016_0,MCQA,PNN,vào,hồi,Connectives/Aspect markers,2.5017971992492676,2.648508071899414,0.1467108726501464
MCQA_0016_0,MCQA,PNN,hoa,bông,Predicate vocabulary,2.5017971992492676,2.504236936569214,0.0024397373199462
MCQA_0016_0,MCQA,PNN,mẹ,má,Kinship/Honorific terms,2.5017971992492676,2.619826555252075,0.1180293560028076
MCQA_0016_0,MCQA,PNN,hoa,bông,Predicate vocabulary,2.5017971992492676,2.504236936569214,0.0024397373199462
MCQA_0016_0,MCQA,PNN,bố,ba,Kinship/Honorific terms,2.5017971992492676,2.589646816253662,0.0878496170043945
MCQA_0016_0,MCQA,PNN,bố,ba,Kinship/Honorific terms,2.5017971992492676,2.589646816253662,0.0878496170043945
MCQA_0016_0,MCQA,PNT1,gì,cái chi,Interrogatives,2.5017971992492676,2.782905101776123,0.2811079025268554
MCQA_0016_0,MCQA,PNT1,dịu,bớt,Predicate vocabulary,2.5017971992492676,2.468648672103882,-0.0331485271453857
MCQA_0016_0,MCQA,PNT2,vào,vô,Connectives/Aspect markers,2.5017971992492676,2.6457607746124268,0.1439635753631591
MCQA_0016_0,MCQA,PNT2,làm gì vào,mần chi,Interrogatives,2.5017971992492676,2.7901077270507812,0.2883105278015136
MCQA_0016_0,MCQA,PNT2,vì,tại,Connectives/Aspect markers,2.5017971992492676,2.6154253482818604,0.1136281490325927
MCQA_0016_5,MCQA,PNT1,vậy,rứa,Demonstratives/Deixis,2.882951259613037,2.946091890335083,0.0631406307220459
MCQA_0016_5,MCQA,PNT2,đã,đạ,Connectives/Aspect markers,2.882951259613037,3.1560890674591064,0.2731378078460693
MCQA_0016_5,MCQA,PNT2,gì,chi,Interrogatives,2.882951259613037,3.063002109527588,0.1800508499145507
MCQA_0016_5,MCQA,PNT2,như vậy,a rứa,Demonstratives/Deixis,2.882951259613037,3.0033164024353027,0.1203651428222656
MCQA_0016_5,MCQA,PNT2,nay,ni,Demonstratives/Deixis,2.882951259613037,3.120155334472656,0.2372040748596191
MCQA_0016_5,MCQA,PNT2,nhỉ,hè,Discourse particles,2.882951259613037,3.0105135440826416,0.1275622844696045
MCQA_0016_5,MCQA,PNT3,gì,chi,Interrogatives,2.882951259613037,3.063002109527588,0.1800508499145507
MCQA_0016_5,MCQA,PNT3,vậy,rứa,Demonstratives/Deixis,2.882951259613037,2.946091890335083,0.0631406307220459
MCQA_0016_5,MCQA,PNT3,nay,ni,Demonstratives/Deixis,2.882951259613037,3.120155334472656,0.2372040748596191
MCQA_0016_5,MCQA,PNT3,nhỉ,hè,Discourse particles,2.882951259613037,3.0105135440826416,0.1275622844696045
MCQA_0018_4,MCQA,PNN,khi,lúc,Connectives/Aspect markers,2.274907350540161,2.3288114070892334,0.0539040565490722
MCQA_0018_4,MCQA,PNN,thông tin,chuyện,Predicate vocabulary,2.274907350540161,2.2606301307678223,-0.0142772197723388
MCQA_0018_4,MCQA,PNN,không,hông,Negation/Function words,2.274907350540161,2.3664064407348633,0.0914990901947021
MCQA_0018_4,MCQA,PNN,như thế nào,sao,Interrogatives,2.274907350540161,2.348219871520996,0.0733125209808349
MCQA_0018_4,MCQA,PNN,không,hông,Negation/Function words,2.274907350540161,2.3664064407348633,0.0914990901947021
MCQA_0018_4,MCQA,PNN,không,hông,Negation/Function words,2.274907350540161,2.3664064407348633,0.0914990901947021
MCQA_0018_4,MCQA,PNN,không,hông,Negation/Function words,2.274907350540161,2.3664064407348633,0.0914990901947021
MCQA_0018_4,MCQA,PNT1,như thế nào,răng,Interrogatives,2.274907350540161,2.5120909214019775,0.2371835708618164
MCQA_0018_4,MCQA,PNT1,gì,chi,Interrogatives,2.274907350540161,2.4148988723754883,0.1399915218353271
MCQA_0018_4,MCQA,PNT2,như thế nào,a răng,Interrogatives,2.274907350540161,2.543201446533203,0.268294095993042
MCQA_0018_4,MCQA,PNT2,gì,chi,Interrogatives,2.274907350540161,2.4148988723754883,0.1399915218353271
MCQA_0018_6,MCQA,PNN,các,mấy,Negation/Function words,2.888059139251709,2.9839673042297363,0.0959081649780273
MCQA_0018_6,MCQA,PNN,không,hông,Negation/Function words,2.888059139251709,2.904100179672241,0.0160410404205322
MCQA_0018_6,MCQA,PNN,cáu,quạu,Predicate vocabulary,2.888059139251709,2.99039626121521,0.1023371219635009
MCQA_0018_6,MCQA,PNT1,như thế nào,răng,Interrogatives,2.888059139251709,3.157296895980835,0.269237756729126
MCQA_0018_6,MCQA,PNT2,các,mấy,Negation/Function words,2.888059139251709,2.9839673042297363,0.0959081649780273
MCQA_0018_6,MCQA,PNT2,như thế nào,a răng,Interrogatives,2.888059139251709,3.1927402019500732,0.3046810626983642
MCQA_0018_6,MCQA,PNT2,không,nỏ,Negation/Function words,2.888059139251709,2.963796854019165,0.075737714767456
MCQA_0018_6,MCQA,PNT3,các vị,mấy người,Pronouns,2.888059139251709,3.0030553340911865,0.1149961948394775
MCQA_0018_6,MCQA,PNT3,thế nào,răng,Interrogatives,2.888059139251709,3.150301933288574,0.2622427940368652
MCQA_0018_6,MCQA,PNT3,cáu,đóa,Predicate vocabulary,2.888059139251709,2.974482774734497,0.086423635482788
MCQA_0020_1,MCQA,PNB,thời,tuổi,Predicate vocabulary,3.667692184448242,3.573915481567383,-0.0937767028808593
MCQA_0020_1,MCQA,PNN,tôi,tui,Pronouns,3.667692184448242,3.779271125793457,0.1115789413452148
MCQA_0020_1,MCQA,PNT1,ấy,nứ,Demonstratives/Deixis,3.667692184448242,3.893706798553467,0.2260146141052246
MCQA_0020_1,MCQA,PNT2,gì đã,chi đạ,Interrogatives,3.667692184448242,4.250094890594482,0.5824027061462402
MCQA_0020_1,MCQA,PNT3,gì đã,chi đạ,Interrogatives,3.667692184448242,4.250094890594482,0.5824027061462402
MCQA_0020_2,MCQA,PNT2,thế nào,răng,Interrogatives,3.2736313343048096,3.616823673248291,0.3431923389434814
MCQA_0020_2,MCQA,PNT2,lớn,to,Predicate vocabulary,3.2736313343048096,3.701259851455689,0.4276285171508789
MCQA_0020_2,MCQA,PNT3,cây,cơn,Predicate vocabulary,3.2736313343048096,3.3060109615325928,0.0323796272277832
MCQA_0020_2,MCQA,PNT3,thế nào,răng,Interrogatives,3.2736313343048096,3.616823673248291,0.3431923389434814
MCQA_0020_2,MCQA,PNT3,lớn,to,Predicate vocabulary,3.2736313343048096,3.701259851455689,0.4276285171508789
MCQA_0020_2,MCQA,PNT4,miêu,mô,Interrogatives,3.2736313343048096,3.3358185291290283,0.0621871948242187
MCQA_0020_2,MCQA,PNT4,như thế nào,ra ren,Interrogatives,3.2736313343048096,3.7530171871185303,0.4793858528137207
MCQA_0020_2,MCQA,PNT4,cả,nguyên,Negation/Function words,3.2736313343048096,3.4095828533172607,0.1359515190124511
MCQA_0020_2,MCQA,PNT4,lớn,to,Predicate vocabulary,3.2736313343048096,3.701259851455689,0.4276285171508789
MCQA_0025_10,MCQA,PNT1,nói gì,nuối chi,Interrogatives,2.482580184936523,2.665266275405884,0.1826860904693603
MCQA_0025_10,MCQA,PNT4,gì,chi,Interrogatives,2.482580184936523,2.574687957763672,0.0921077728271484
MCQA_0025_9,MCQA,PNN,khi,lúc,Connectives/Aspect markers,3.2294554710388184,3.260777235031128,0.0313217639923095
MCQA_0025_9,MCQA,PNN,định,tính,Predicate vocabulary,3.2294554710388184,3.3442282676696777,0.1147727966308593
MCQA_0025_9,MCQA,PNT1,như thế nào,răng,Interrogatives,3.2294554710388184,3.6350035667419434,0.405548095703125
MCQA_0025_9,MCQA,PNT2,như thế nào,a răng,Interrogatives,3.2294554710388184,3.635021686553955,0.4055662155151367
MCQA_0025_9,MCQA,PNT3,thế nào,răng,Interrogatives,3.2294554710388184,3.688340187072754,0.4588847160339355
MCQA_0025_9,MCQA,PNT3,bảo,nói,Predicate vocabulary,3.2294554710388184,3.2695279121398926,0.0400724411010742
MCQA_0025_9,MCQA,PNT4,thế nào,răn,Interrogatives,3.2294554710388184,3.71795654296875,0.4885010719299316
MCQA_0025_9,MCQA,PNT4,bảo,kêu,Predicate vocabulary,3.2294554710388184,3.3584673404693604,0.129011869430542
MCQA_0030_1,MCQA,PNN,van xin,năn nỉ,Idiomatic expressions,2.876380443572998,2.7767927646636963,-0.0995876789093017
MCQA_0030_1,MCQA,PNN,về điều,nghe chuyện,Predicate vocabulary,2.876380443572998,2.9406466484069824,0.0642662048339843
MCQA_0030_1,MCQA,PNN,bảo,kêu,Predicate vocabulary,2.876380443572998,2.972538709640503,0.0961582660675048
MCQA_0030_1,MCQA,PNN,về,dìa,Predicate vocabulary,2.876380443572998,2.9922425746917725,0.1158621311187744
MCQA_0030_1,MCQA,PNN,bảo,kêu,Predicate vocabulary,2.876380443572998,2.972538709640503,0.0961582660675048
MCQA_0030_1,MCQA,PNN,bảo,kêu,Predicate vocabulary,2.876380443572998,2.972538709640503,0.0961582660675048
MCQA_0030_1,MCQA,PNN,thức,đồ,Predicate vocabulary,2.876380443572998,2.840040922164917,-0.036339521408081
MCQA_0030_1,MCQA,PNT1,sẽ nói cho,sĩa nuối choa,Pronouns,2.876380443572998,3.18212890625,0.3057484626770019
MCQA_0030_1,MCQA,PNT1,gì,chi,Interrogatives,2.876380443572998,2.991748809814453,0.115368366241455
MCQA_0030_1,MCQA,PNT2,gì,chi,Interrogatives,2.876380443572998,2.991748809814453,0.115368366241455
MCQA_0030_1,MCQA,PNT2,bảo,kêu,Predicate vocabulary,2.876380443572998,2.972538709640503,0.0961582660675048
MCQA_0030_1,MCQA,PNT2,bảo,kêu,Predicate vocabulary,2.876380443572998,2.972538709640503,0.0961582660675048
MCQA_0030_1,MCQA,PNT2,bảo,kêu,Predicate vocabulary,2.876380443572998,2.972538709640503,0.0961582660675048
MCQA_0030_1,MCQA,PNT3,gì,chi,Interrogatives,2.876380443572998,2.991748809814453,0.115368366241455
MCQA_0030_1,MCQA,PNT4,gì,chi,Interrogatives,2.876380443572998,2.991748809814453,0.115368366241455
MCQA_0030_1,MCQA,PNT4,bảo,kêu,Predicate vocabulary,2.876380443572998,2.972538709640503,0.0961582660675048
MCQA_0030_1,MCQA,PNT4,bảo,kêu,Predicate vocabulary,2.876380443572998,2.972538709640503,0.0961582660675048
MCQA_0030_1,MCQA,PNT4,rời,đi,Predicate vocabulary,2.876380443572998,2.867203712463379,-0.0091767311096191
MCQA_0030_1,MCQA,PNT4,bảo,kêu,Predicate vocabulary,2.876380443572998,2.972538709640503,0.0961582660675048
MCQA_0030_3,MCQA,PNB,mắng,thét,Predicate vocabulary,2.940406322479248,3.032517433166504,0.0921111106872558
MCQA_0030_3,MCQA,PNB,gàn dở,ngớ ngẩn,Predicate vocabulary,2.940406322479248,2.8079776763916016,-0.1324286460876464
MCQA_0030_3,MCQA,PNN,mắng,la,Predicate vocabulary,2.940406322479248,3.0529160499572754,0.1125097274780273
MCQA_0030_3,MCQA,PNN,gàn dở,khùng điên,Predicate vocabulary,2.940406322479248,2.92569637298584,-0.0147099494934082
MCQA_0030_3,MCQA,PNN,chẳng,hông có,Negation/Function words,2.940406322479248,3.086681604385376,0.1462752819061279
MCQA_0030_3,MCQA,PNT1,gì,chi,Interrogatives,2.940406322479248,3.161729335784912,0.221323013305664
MCQA_0030_3,MCQA,PNT2,đã,đạ,Connectives/Aspect markers,2.940406322479248,3.060567855834961,0.1201615333557128
MCQA_0030_3,MCQA,PNT2,bản,xóm,Predicate vocabulary,2.940406322479248,2.7920689582824707,-0.1483373641967773
MCQA_0030_3,MCQA,PNT2,gì đã,chi đạ,Interrogatives,2.940406322479248,3.3501644134521484,0.4097580909729004
MCQA_0030_3,MCQA,PNT2,mắng,chưởi,Predicate vocabulary,2.940406322479248,3.01576828956604,0.0753619670867919
MCQA_0030_3,MCQA,PNT2,gàn dở,bị điên,Predicate vocabulary,2.940406322479248,2.903301954269409,-0.0371043682098388
MCQA_0030_3,MCQA,PNT2,chẳng,nỏ,Negation/Function words,2.940406322479248,3.1796414852142334,0.2392351627349853
MCQA_0030_3,MCQA,PNT3,vợ chồng,cấy dông,Kinship/Honorific terms,2.940406322479248,3.2711703777313232,0.3307640552520752
MCQA_0030_3,MCQA,PNT3,gì,chi,Interrogatives,2.940406322479248,3.161729335784912,0.221323013305664
MCQA_0030_3,MCQA,PNT3,và làm theo,rồi mần dọi,Connectives/Aspect markers,2.940406322479248,3.456855535507202,0.5164492130279541
MCQA_0030_3,MCQA,PNT3,mắng,chưởi,Predicate vocabulary,2.940406322479248,3.01576828956604,0.0753619670867919
MCQA_0030_3,MCQA,PNT3,vợ chồng,cấy dông,Kinship/Honorific terms,2.940406322479248,3.2711703777313232,0.3307640552520752
MCQA_0030_3,MCQA,PNT3,chẳng,nỏ,Negation/Function words,2.940406322479248,3.1796414852142334,0.2392351627349853
MCQA_0030_3,MCQA,PNT3,làm theo,mần dọi,Predicate vocabulary,2.940406322479248,3.4388587474823,0.4984524250030517
MCQA_0030_3,MCQA,PNT4,gì,chi,Interrogatives,2.940406322479248,3.161729335784912,0.221323013305664
MCQA_0030_3,MCQA,PNT4,mắng,chửi,Predicate vocabulary,2.940406322479248,2.921858787536621,-0.0185475349426269
MCQA_0030_3,MCQA,PNT4,gàn dở,khùng,Predicate vocabulary,2.940406322479248,2.9284489154815674,-0.0119574069976806
MCQA_0036_5,MCQA,PNN,bát,chén,Predicate vocabulary,2.469477415084839,2.601773500442505,0.132296085357666
MCQA_0036_5,MCQA,PNN,bát,chén,Predicate vocabulary,2.469477415084839,2.601773500442505,0.132296085357666
MCQA_0036_5,MCQA,PNN,bát,chén,Predicate vocabulary,2.469477415084839,2.601773500442505,0.132296085357666
MCQA_0036_5,MCQA,PNN,bát,chén,Predicate vocabulary,2.469477415084839,2.601773500442505,0.132296085357666
MCQA_0036_5,MCQA,PNN,bát,chén,Predicate vocabulary,2.469477415084839,2.601773500442505,0.132296085357666
MCQA_0036_5,MCQA,PNN,bát,chén,Predicate vocabulary,2.469477415084839,2.601773500442505,0.132296085357666
MCQA_0036_5,MCQA,PNT1,gì,chi,Interrogatives,2.469477415084839,2.569185972213745,0.0997085571289062
MCQA_0036_5,MCQA,PNT1,nào,mô,Negation/Function words,2.469477415084839,2.747190475463867,0.2777130603790283
MCQA_0036_5,MCQA,PNT1,nào,mô,Negation/Function words,2.469477415084839,2.747190475463867,0.2777130603790283
MCQA_0036_5,MCQA,PNT1,nào,mô,Negation/Function words,2.469477415084839,2.747190475463867,0.2777130603790283
MCQA_0036_5,MCQA,PNT1,nào,mô,Negation/Function words,2.469477415084839,2.747190475463867,0.2777130603790283
MCQA_0036_5,MCQA,PNT1,nào,mô,Negation/Function words,2.469477415084839,2.747190475463867,0.2777130603790283
MCQA_0036_5,MCQA,PNT1,nào,mô,Negation/Function words,2.469477415084839,2.747190475463867,0.2777130603790283
MCQA_0036_5,MCQA,PNT1,như thế nào,răng,Interrogatives,2.469477415084839,2.6823513507843018,0.2128739356994629
MCQA_0036_5,MCQA,PNT2,gì,chi,Interrogatives,2.469477415084839,2.569185972213745,0.0997085571289062
MCQA_0036_5,MCQA,PNT2,như thế nào,a răng,Interrogatives,2.469477415084839,2.7125349044799805,0.2430574893951416
MCQA_0036_5,MCQA,PNT3,cậu,thằng,Pronouns,2.469477415084839,2.4280242919921875,-0.0414531230926513
MCQA_0036_5,MCQA,PNT3,điều gì,cấy chi,Interrogatives,2.469477415084839,2.640936374664306,0.1714589595794677
MCQA_0036_5,MCQA,PNT3,bát nào,chén mô,Interrogatives,2.469477415084839,2.844834327697754,0.375356912612915
MCQA_0036_5,MCQA,PNT3,bát,chén,Predicate vocabulary,2.469477415084839,2.601773500442505,0.132296085357666
MCQA_0036_5,MCQA,PNT3,bát nào,chén mô,Interrogatives,2.469477415084839,2.844834327697754,0.375356912612915
MCQA_0036_5,MCQA,PNT3,bát,chén,Predicate vocabulary,2.469477415084839,2.601773500442505,0.132296085357666
MCQA_0036_5,MCQA,PNT3,bát nào,chén mô,Interrogatives,2.469477415084839,2.844834327697754,0.375356912612915
MCQA_0036_5,MCQA,PNT3,bát nào,chén mô,Interrogatives,2.469477415084839,2.844834327697754,0.375356912612915
MCQA_0036_5,MCQA,PNT3,và,với,Connectives/Aspect markers,2.469477415084839,2.5523812770843506,0.0829038619995117
MCQA_0036_5,MCQA,PNT3,thế nào,răng,Interrogatives,2.469477415084839,2.674844264984131,0.205366849899292
MCQA_0036_5,MCQA,PNT4,gì,chi,Interrogatives,2.469477415084839,2.569185972213745,0.0997085571289062
MCQA_0036_5,MCQA,PNT4,nào,mô,Interrogatives,2.469477415084839,2.747190475463867,0.2777130603790283
MCQA_0036_5,MCQA,PNT4,nào,mô,Interrogatives,2.469477415084839,2.747190475463867,0.2777130603790283
MCQA_0036_5,MCQA,PNT4,nào,mô,Interrogatives,2.469477415084839,2.747190475463867,0.2777130603790283
MCQA_0036_5,MCQA,PNT4,nào,mô,Interrogatives,2.469477415084839,2.747190475463867,0.2777130603790283
MCQA_0036_5,MCQA,PNT4,nào,mô,Interrogatives,2.469477415084839,2.747190475463867,0.2777130603790283
MCQA_0036_5,MCQA,PNT4,nào,mô,Interrogatives,2.469477415084839,2.747190475463867,0.2777130603790283
MCQA_0036_5,MCQA,PNT4,thế nào,răng,Interrogatives,2.469477415084839,2.674844264984131,0.205366849899292
MCQA_0037_2,MCQA,PNN,ông bố,ba,Kinship/Honorific terms,2.859607219696045,2.966115713119507,0.1065084934234619
MCQA_0037_2,MCQA,PNN,mẹ nhé,má nhen,Kinship/Honorific terms,2.859607219696045,3.0919418334960938,0.2323346138000488
MCQA_0037_2,MCQA,PNN,không,hông,Negation/Function words,2.859607219696045,3.020528793334961,0.160921573638916
MCQA_0037_2,MCQA,PNN,mẹ,má,Kinship/Honorific terms,2.859607219696045,3.0529680252075195,0.1933608055114746
MCQA_0037_2,MCQA,PNN,mẹ,má,Kinship/Honorific terms,2.859607219696045,3.0529680252075195,0.1933608055114746
MCQA_0037_2,MCQA,PNN,lại,về,Predicate vocabulary,2.859607219696045,2.8891191482543945,0.0295119285583496
MCQA_0037_2,MCQA,PNN,mẹ và,má rồi,Kinship/Honorific terms,2.859607219696045,3.057382345199585,0.19777512550354
MCQA_0037_2,MCQA,PNN,cạnh,kế bên,Predicate vocabulary,2.859607219696045,2.8841545581817627,0.0245473384857177
MCQA_0037_2,MCQA,PNN,bố,ba,Kinship/Honorific terms,2.859607219696045,2.968984603881836,0.109377384185791
MCQA_0037_2,MCQA,PNT1,gì,chi,Interrogatives,2.859607219696045,3.0390710830688477,0.1794638633728027
MCQA_0037_2,MCQA,PNT1,cho,choa,Pronouns,2.859607219696045,3.1938958168029785,0.3342885971069336
MCQA_0037_2,MCQA,PNT1,cho,choa,Pronouns,2.859607219696045,3.1938958168029785,0.3342885971069336
MCQA_0037_2,MCQA,PNT1,cho,choa,Pronouns,2.859607219696045,3.1938958168029785,0.3342885971069336
MCQA_0037_2,MCQA,PNT2,nhé,nha,Discourse particles,2.859607219696045,2.844449758529663,-0.0151574611663818
MCQA_0037_2,MCQA,PNT2,đã làm gì,đạ mần chi,Interrogatives,2.859607219696045,3.2818408012390137,0.4222335815429687
MCQA_0037_2,MCQA,PNT2,không,nỏ,Negation/Function words,2.859607219696045,3.0989434719085693,0.2393362522125244
MCQA_0037_2,MCQA,PNT3,ông bố,bọ,Kinship/Honorific terms,2.859607219696045,3.076483964920044,0.216876745223999
MCQA_0037_2,MCQA,PNT3,nhé,nghe,Discourse particles,2.859607219696045,2.830385208129883,-0.0292220115661621
MCQA_0037_2,MCQA,PNT3,làm gì,mần cấy chi,Interrogatives,2.859607219696045,3.2676801681518555,0.4080729484558105
MCQA_0037_2,MCQA,PNT3,không,nọ,Negation/Function words,2.859607219696045,3.026689291000366,0.1670820713043213
MCQA_0037_2,MCQA,PNT3,và,rồi,Connectives/Aspect markers,2.859607219696045,2.877429962158203,0.0178227424621582
MCQA_0037_2,MCQA,PNT3,bố,bọ,Kinship/Honorific terms,2.859607219696045,3.038546085357666,0.1789388656616211
MCQA_0037_2,MCQA,PNT4,bố,ba,Kinship/Honorific terms,2.859607219696045,2.968984603881836,0.109377384185791
MCQA_0037_2,MCQA,PNT4,nhé,nghe,Discourse particles,2.859607219696045,2.830385208129883,-0.0292220115661621
MCQA_0037_2,MCQA,PNT4,gì,chi,Interrogatives,2.859607219696045,3.0390710830688477,0.1794638633728027
MCQA_0037_2,MCQA,PNT4,bố,ba,Kinship/Honorific terms,2.859607219696045,2.968984603881836,0.109377384185791
MCQA_0037_4,MCQA,PNN,không,hông,Negation/Function words,2.162851333618164,2.3413302898406982,0.1784789562225341
MCQA_0037_4,MCQA,PNN,không,hông,Negation/Function words,2.162851333618164,2.3413302898406982,0.1784789562225341
MCQA_0037_4,MCQA,PNN,đến,tới,Predicate vocabulary,2.162851333618164,2.197084665298462,0.0342333316802978
MCQA_0037_4,MCQA,PNT1,vậy,rứ,Demonstratives/Deixis,2.162851333618164,2.4858670234680176,0.3230156898498535
MCQA_0037_4,MCQA,PNT1,vậy,rứ,Demonstratives/Deixis,2.162851333618164,2.4858670234680176,0.3230156898498535
MCQA_0037_4,MCQA,PNT2,sao không,răng nỏ,Interrogatives,2.162851333618164,2.6375889778137207,0.4747376441955566
MCQA_0037_4,MCQA,PNT2,vậy,rứa,Demonstratives/Deixis,2.162851333618164,2.394625663757324,0.2317743301391601
MCQA_0037_4,MCQA,PNT2,vậy,rứa,Demonstratives/Deixis,2.162851333618164,2.394625663757324,0.2317743301391601
MCQA_0037_4,MCQA,PNT2,không,nỏ,Negation/Function words,2.162851333618164,2.4591846466064453,0.2963333129882812
MCQA_0037_4,MCQA,PNT3,tại sao,vì răng,Interrogatives,2.162851333618164,2.5516932010650635,0.3888418674468994
MCQA_0037_4,MCQA,PNT3,nói chuyện,gọi,Predicate vocabulary,2.162851333618164,2.235929250717163,0.073077917098999
MCQA_0037_4,MCQA,PNT3,vậy,rứa,Demonstratives/Deixis,2.162851333618164,2.394625663757324,0.2317743301391601
MCQA_0037_4,MCQA,PNT3,mất lịch sự,bờ hơ,Predicate vocabulary,2.162851333618164,2.4514050483703613,0.2885537147521972
MCQA_0037_4,MCQA,PNT3,vậy,rứa,Demonstratives/Deixis,2.162851333618164,2.394625663757324,0.2317743301391601
MCQA_0037_4,MCQA,PNT4,sao,ren,Interrogatives,2.162851333618164,2.6716513633728027,0.5088000297546387
MCQA_0037_4,MCQA,PNT4,vậy,rứa,Demonstratives/Deixis,2.162851333618164,2.394625663757324,0.2317743301391601
MCQA_0037_4,MCQA,PNT4,vậy,rứa,Demonstratives/Deixis,2.162851333618164,2.394625663757324,0.2317743301391601
MCQA_0037_4,MCQA,PNT4,đến,tới,Predicate vocabulary,2.162851333618164,2.197084665298462,0.0342333316802978
MCQA_0039_4,MCQA,PNN,khi,lúc,Connectives/Aspect markers,3.826528787612915,3.791571855545044,-0.034956932067871
MCQA_0039_4,MCQA,PNN,gấp gáp,rốp rẻng,Predicate vocabulary,3.826528787612915,4.013607501983643,0.1870787143707275
MCQA_0039_4,MCQA,PNN,gì,sao,Interrogatives,3.826528787612915,3.856566190719605,0.0300374031066894
MCQA_0039_4,MCQA,PNN,các,mấy,Negation/Function words,3.826528787612915,3.8540561199188232,0.0275273323059082
MCQA_0039_4,MCQA,PNN,đến,tới,Predicate vocabulary,3.826528787612915,3.874808788299561,0.0482800006866455
MCQA_0039_4,MCQA,PNN,không,hông,Negation/Function words,3.826528787612915,3.9387831687927246,0.1122543811798095
MCQA_0039_4,MCQA,PNN,các,mấy,Negation/Function words,3.826528787612915,3.8540561199188232,0.0275273323059082
MCQA_0039_4,MCQA,PNN,nấp mau,núp lẹ,Predicate vocabulary,3.826528787612915,3.849402904510498,0.022874116897583
MCQA_0039_4,MCQA,PNT1,gì,chi,Interrogatives,3.826528787612915,4.033886432647705,0.20735764503479
MCQA_0039_4,MCQA,PNT1,gì,chi,Interrogatives,3.826528787612915,4.033886432647705,0.20735764503479
MCQA_0039_4,MCQA,PNT2,mẹ,mệ,Kinship/Honorific terms,3.826528787612915,3.95583701133728,0.1293082237243652
MCQA_0039_4,MCQA,PNT2,gì,chi,Interrogatives,3.826528787612915,4.033886432647705,0.20735764503479
MCQA_0039_4,MCQA,PNT2,không,nỏ,Negation/Function words,3.826528787612915,3.955570697784424,0.1290419101715088
MCQA_0039_4,MCQA,PNT2,gì,chi,Interrogatives,3.826528787612915,4.033886432647705,0.20735764503479
MCQA_0039_4,MCQA,PNT3,gì,răng,Interrogatives,3.826528787612915,4.053796291351318,0.2272675037384033
MCQA_0039_4,MCQA,PNT3,các con,mấy đứa,Pronouns,3.826528787612915,3.892155647277832,0.0656268596649169
MCQA_0039_4,MCQA,PNT3,gì,chi,Interrogatives,3.826528787612915,4.033886432647705,0.20735764503479
MCQA_0039_4,MCQA,PNT3,các con,mấy đứa,Pronouns,3.826528787612915,3.892155647277832,0.0656268596649169
MCQA_0039_4,MCQA,PNT4,gì,chi,Interrogatives,3.826528787612915,4.033886432647705,0.20735764503479
MCQA_0039_4,MCQA,PNT4,gì,chi,Interrogatives,3.826528787612915,4.033886432647705,0.20735764503479
MCQA_0039_4,MCQA,PNT4,nấp mau,núp nhanh,Predicate vocabulary,3.826528787612915,3.796977043151855,-0.0295517444610595
MCQA_0041_5,MCQA,PNB,cặp,gắp,Predicate vocabulary,2.87569522857666,2.7091710567474365,-0.1665241718292236
MCQA_0041_5,MCQA,PNB,trách,cười,Predicate vocabulary,2.87569522857666,2.898550033569336,0.0228548049926757
MCQA_0041_5,MCQA,PNN,lười,làm,Predicate vocabulary,2.87569522857666,3.0415499210357666,0.1658546924591064
MCQA_0041_5,MCQA,PNN,quả,trái,Predicate vocabulary,2.87569522857666,3.032686471939087,0.1569912433624267
MCQA_0041_5,MCQA,PNN,nhặt quả,luợm trái,Predicate vocabulary,2.87569522857666,3.087951183319092,0.2122559547424316
MCQA_0041_5,MCQA,PNN,quả,trái,Predicate vocabulary,2.87569522857666,3.032686471939087,0.1569912433624267
MCQA_0041_5,MCQA,PNN,chê trách,quở,Predicate vocabulary,2.87569522857666,2.992656946182251,0.1169617176055908
MCQA_0041_5,MCQA,PNT1,như thế nào,răng,Interrogatives,2.87569522857666,3.097785472869873,0.2220902442932129
MCQA_0041_5,MCQA,PNT1,vào,vô,Connectives/Aspect markers,2.87569522857666,3.007237672805786,0.1315424442291259
MCQA_0041_5,MCQA,PNT2,đã,đạ,Connectives/Aspect markers,2.87569522857666,2.938127040863037,0.0624318122863769
MCQA_0041_5,MCQA,PNT2,này như thế nào,ni a răng,Interrogatives,2.87569522857666,3.191540002822876,0.3158447742462158
MCQA_0041_5,MCQA,PNT2,vào,vô,Connectives/Aspect markers,2.87569522857666,3.007237672805786,0.1315424442291259
MCQA_0041_5,MCQA,PNT2,vào,vô,Connectives/Aspect markers,2.87569522857666,3.007237672805786,0.1315424442291259
MCQA_0041_5,MCQA,PNT3,này,ni,Demonstratives/Deixis,2.87569522857666,3.0311877727508545,0.1554925441741943
MCQA_0041_5,MCQA,PNT3,thế nào,răng,Interrogatives,2.87569522857666,3.110891342163086,0.2351961135864257
MCQA_0041_5,MCQA,PNT3,vào,vô,Connectives/Aspect markers,2.87569522857666,3.007237672805786,0.1315424442291259
MCQA_0041_5,MCQA,PNT3,vào,vô,Connectives/Aspect markers,2.87569522857666,3.007237672805786,0.1315424442291259
MCQA_0041_5,MCQA,PNT4,này như thế nào,ni ra ren,Interrogatives,2.87569522857666,3.201831579208374,0.3261363506317138
MCQA_0041_5,MCQA,PNT4,dùng,lấy,Predicate vocabulary,2.87569522857666,3.072852849960327,0.197157621383667
MCQA_0041_5,MCQA,PNT4,cặp,gắp,Predicate vocabulary,2.87569522857666,2.7091710567474365,-0.1665241718292236
MCQA_0041_5,MCQA,PNT4,dùng,lấy,Predicate vocabulary,2.87569522857666,3.072852849960327,0.197157621383667
MCQA_0041_7,MCQA,PNB,siêng năng,chăm chỉ,Idiomatic expressions,2.6680843830108643,2.712817430496216,0.0447330474853515
MCQA_0041_7,MCQA,PNN,đâu,gì,Interrogatives,2.6680843830108643,2.719434976577759,0.0513505935668945
MCQA_0041_7,MCQA,PNN,lười thế,làm biếng vậy,Predicate vocabulary,2.6680843830108643,2.7017605304718018,0.0336761474609375
MCQA_0041_7,MCQA,PNN,lười,làm biếng,Predicate vocabulary,2.6680843830108643,2.709723472595215,0.0416390895843505
MCQA_0041_7,MCQA,PNN,đáng buồn,mắc,Predicate vocabulary,2.6680843830108643,2.7195851802825928,0.0515007972717285
MCQA_0041_7,MCQA,PNN,chàng lười,ảnh làm biếng mà,Idiomatic expressions,2.6680843830108643,3.025188684463501,0.3571043014526367
MCQA_0041_7,MCQA,PNN,chàng lười,ảnh làm biếng mà,Idiomatic expressions,2.6680843830108643,3.025188684463501,0.3571043014526367
MCQA_0041_7,MCQA,PNN,chàng lười,ảnh làm biếng mà,Idiomatic expressions,2.6680843830108643,3.025188684463501,0.3571043014526367
MCQA_0041_7,MCQA,PNN,lười,làm biếng,Predicate vocabulary,2.6680843830108643,2.709723472595215,0.0416390895843505
MCQA_0041_7,MCQA,PNN,vì,tại anh,Predicate vocabulary,2.6680843830108643,2.7099337577819824,0.0418493747711181
MCQA_0041_7,MCQA,PNN,lười,làm biếng,Predicate vocabulary,2.6680843830108643,2.709723472595215,0.0416390895843505
MCQA_0041_7,MCQA,PNT1,lười,nhác,Predicate vocabulary,2.6680843830108643,2.741697311401367,0.0736129283905029
MCQA_0041_7,MCQA,PNT1,lười,nhác,Predicate vocabulary,2.6680843830108643,2.741697311401367,0.0736129283905029
MCQA_0041_7,MCQA,PNT1,lười,nhác,Predicate vocabulary,2.6680843830108643,2.741697311401367,0.0736129283905029
MCQA_0041_7,MCQA,PNT1,lười,nhác,Predicate vocabulary,2.6680843830108643,2.741697311401367,0.0736129283905029
MCQA_0041_7,MCQA,PNT2,"""người đâu","""ngài mô",Interrogatives,2.6680843830108643,2.872708797454834,0.2046244144439697
MCQA_0041_7,MCQA,PNT2,lười thế,nhác rứa,Demonstratives/Deixis,2.6680843830108643,2.764549732208252,0.0964653491973877
MCQA_0041_7,MCQA,PNT2,gì,chi,Interrogatives,2.6680843830108643,2.8581230640411377,0.1900386810302734
MCQA_0041_7,MCQA,PNT3,thế,rứa,Demonstratives/Deixis,2.6680843830108643,2.704331636428833,0.0362472534179687
MCQA_0041_7,MCQA,PNT3,gì,chi,Interrogatives,2.6680843830108643,2.8581230640411377,0.1900386810302734
MCQA_0041_7,MCQA,PNT4,đâu,chi,Interrogatives,2.6680843830108643,2.751547336578369,0.0834629535675048
MCQA_0041_7,MCQA,PNT4,thế,rứa,Demonstratives/Deixis,2.6680843830108643,2.704331636428833,0.0362472534179687
MCQA_0041_7,MCQA,PNT4,gì,cái chi,Interrogatives,2.6680843830108643,2.8994252681732178,0.2313408851623535
MCQA_0042_2,MCQA,PNB,ta,mình,Pronouns,3.4371237754821777,3.3629918098449707,-0.074131965637207
MCQA_0042_2,MCQA,PNN,điều,cái,Negation/Function words,3.4371237754821777,3.45054292678833,0.0134191513061523
MCQA_0042_2,MCQA,PNN,thật không,thiệt hông,Negation/Function words,3.4371237754821777,3.6746201515197754,0.2374963760375976
MCQA_0042_2,MCQA,PNN,thật,thiệt,Connectives/Aspect markers,3.4371237754821777,3.5480360984802246,0.1109123229980468
MCQA_0042_2,MCQA,PNN,thật đáng thương,ên thiệt tội nghiệp,Idiomatic expressions,3.4371237754821777,3.7229526042938232,0.2858288288116455
MCQA_0042_2,MCQA,PNN,không,hông,Negation/Function words,3.4371237754821777,3.5695300102233887,0.1324062347412109
MCQA_0042_2,MCQA,PNT2,gì,chi,Interrogatives,3.4371237754821777,3.600339889526367,0.1632161140441894
MCQA_0042_2,MCQA,PNT2,không,nỏ,Negation/Function words,3.4371237754821777,3.628523111343384,0.191399335861206
MCQA_0042_2,MCQA,PNT2,không,nỏ,Negation/Function words,3.4371237754821777,3.628523111343384,0.191399335861206
MCQA_0042_2,MCQA,PNT3,điều gì,chi,Interrogatives,3.4371237754821777,3.597285509109497,0.1601617336273193
MCQA_0042_2,MCQA,PNT3,thật,thiệt,Connectives/Aspect markers,3.4371237754821777,3.5480360984802246,0.1109123229980468
MCQA_0042_2,MCQA,PNT3,ta,mình,Pronouns,3.4371237754821777,3.3629918098449707,-0.074131965637207
MCQA_0042_2,MCQA,PNT3,thật,thiệt,Connectives/Aspect markers,3.4371237754821777,3.5480360984802246,0.1109123229980468
MCQA_0042_2,MCQA,PNT4,gì,chi,Interrogatives,3.4371237754821777,3.600339889526367,0.1632161140441894
MCQA_0042_7,MCQA,PNN,việc,chuyện,Predicate vocabulary,2.526548385620117,2.6118850708007812,0.085336685180664
MCQA_0042_7,MCQA,PNN,rằng,là,Connectives/Aspect markers,2.526548385620117,2.592167377471924,0.0656189918518066
MCQA_0042_7,MCQA,PNN,như thế nào,ra sao,Interrogatives,2.526548385620117,2.5638890266418457,0.0373406410217285
MCQA_0042_7,MCQA,PNN,không,hông,Negation/Function words,2.526548385620117,2.616343259811402,0.0897948741912841
MCQA_0042_7,MCQA,PNT1,cho,choa,Pronouns,2.526548385620117,2.7075061798095703,0.1809577941894531
MCQA_0042_7,MCQA,PNT2,như thế nào,a răng,Interrogatives,2.526548385620117,2.8391497135162354,0.3126013278961181
MCQA_0042_7,MCQA,PNT2,không,nỏ,Negation/Function words,2.526548385620117,2.7234044075012207,0.1968560218811035
MCQA_0042_7,MCQA,PNT3,mình,miềng,Pronouns,2.526548385620117,2.6409151554107666,0.1143667697906494
MCQA_0042_7,MCQA,PNT3,người kia mới,đứa tê,Idiomatic expressions,2.526548385620117,2.6473076343536377,0.1207592487335205
MCQA_0042_7,MCQA,PNT3,thế nào,răng,Interrogatives,2.526548385620117,2.8716037273406982,0.345055341720581
MCQA_0042_7,MCQA,PNT4,thế nào,ren,Interrogatives,2.526548385620117,2.844802141189575,0.318253755569458
MCQA_0043_3,MCQA,PNB,hão huyền,viển vông,Idiomatic expressions,3.020037889480591,3.009549140930176,-0.010488748550415
MCQA_0043_3,MCQA,PNB,đám,mảnh,Predicate vocabulary,3.020037889480591,2.940322160720825,-0.0797157287597656
MCQA_0043_3,MCQA,PNN,người cha,ba,Kinship/Honorific terms,3.020037889480591,3.1411025524139404,0.1210646629333496
MCQA_0043_3,MCQA,PNN,mảnh,miếng,Predicate vocabulary,3.020037889480591,3.073007583618164,0.0529696941375732
MCQA_0043_3,MCQA,PNN,mảnh,miếng,Predicate vocabulary,3.020037889480591,3.073007583618164,0.0529696941375732
MCQA_0043_3,MCQA,PNN,mảnh,miếng,Predicate vocabulary,3.020037889480591,3.073007583618164,0.0529696941375732
MCQA_0043_3,MCQA,PNT1,gì,chi,Interrogatives,3.020037889480591,3.1677067279815674,0.1476688385009765
MCQA_0043_3,MCQA,PNT1,đâu,mô,Negation/Function words,3.020037889480591,3.1300137042999268,0.1099758148193359
MCQA_0043_3,MCQA,PNT2,đã,đạ,Connectives/Aspect markers,3.020037889480591,3.129920721054077,0.1098828315734863
MCQA_0043_3,MCQA,PNT2,đã làm gì,đạ mần chi,Interrogatives,3.020037889480591,3.3272008895874023,0.3071630001068115
MCQA_0043_3,MCQA,PNT3,cha,bọ,Kinship/Honorific terms,3.020037889480591,3.1903421878814697,0.1703042984008789
MCQA_0043_3,MCQA,PNT3,làm gì,mần chi,Interrogatives,3.020037889480591,3.303799629211426,0.2837617397308349
MCQA_0043_3,MCQA,PNT3,chẳng,nọ,Negation/Function words,3.020037889480591,3.1500277519226074,0.1299898624420166
MCQA_0043_3,MCQA,PNT4,đâu,mô,Interrogatives,3.020037889480591,3.1300137042999268,0.1099758148193359
MCQA_0043_4,MCQA,PNB,cha,bố,Kinship/Honorific terms,3.147027492523194,3.2610514163970947,0.1140239238739013
MCQA_0043_4,MCQA,PNN,không,hông,Negation/Function words,3.147027492523194,3.224886417388916,0.0778589248657226
MCQA_0043_4,MCQA,PNN,cha,ba,Kinship/Honorific terms,3.147027492523194,3.299720287322998,0.1526927947998047
MCQA_0043_4,MCQA,PNN,thuê,mướn,Predicate vocabulary,3.147027492523194,3.10402774810791,-0.0429997444152832
MCQA_0043_4,MCQA,PNN,thuê,mướn,Predicate vocabulary,3.147027492523194,3.10402774810791,-0.0429997444152832
MCQA_0043_4,MCQA,PNT1,gì,chi,Interrogatives,3.147027492523194,3.352078676223755,0.2050511837005615
MCQA_0043_4,MCQA,PNT1,họ,bọn hấn,Pronouns,3.147027492523194,3.549924612045288,0.4028971195220947
MCQA_0043_4,MCQA,PNT1,họ,bọn hấn,Pronouns,3.147027492523194,3.549924612045288,0.4028971195220947
MCQA_0043_4,MCQA,PNT1,họ,bọn hấn,Pronouns,3.147027492523194,3.549924612045288,0.4028971195220947
MCQA_0043_4,MCQA,PNT1,họ,bọn hấn,Pronouns,3.147027492523194,3.549924612045288,0.4028971195220947
MCQA_0043_4,MCQA,PNT2,người,đứa,Predicate vocabulary,3.147027492523194,3.2755064964294434,0.12847900390625
MCQA_0043_4,MCQA,PNT2,gì,chi,Interrogatives,3.147027492523194,3.352078676223755,0.2050511837005615
MCQA_0043_4,MCQA,PNT2,họ,bọn nớ,Pronouns,3.147027492523194,3.574229001998902,0.427201509475708
MCQA_0043_4,MCQA,PNT2,họ,bọn nớ,Pronouns,3.147027492523194,3.574229001998902,0.427201509475708
MCQA_0043_4,MCQA,PNT2,họ,bọn nớ,Pronouns,3.147027492523194,3.574229001998902,0.427201509475708
MCQA_0043_4,MCQA,PNT2,họ,bọn nớ,Pronouns,3.147027492523194,3.574229001998902,0.427201509475708
MCQA_0043_4,MCQA,PNT3,làm gì,mần chi,Interrogatives,3.147027492523194,3.4969146251678467,0.3498871326446533
MCQA_0043_4,MCQA,PNT4,gì,chi,Interrogatives,3.147027492523194,3.352078676223755,0.2050511837005615
MCQA_0047_2,MCQA,PNB,mẩu,mảnh,Predicate vocabulary,2.8326656818389893,2.78953218460083,-0.0431334972381591
MCQA_0047_2,MCQA,PNN,vào,vô,Connectives/Aspect markers,2.8326656818389893,3.0982437133789062,0.265578031539917
MCQA_0047_2,MCQA,PNN,bẩn,dơ,Predicate vocabulary,2.8326656818389893,2.9073266983032227,0.0746610164642334
MCQA_0047_2,MCQA,PNN,những,mấy,Negation/Function words,2.8326656818389893,2.8889944553375244,0.0563287734985351
MCQA_0047_2,MCQA,PNT1,bẩn,bửn,Predicate vocabulary,2.8326656818389893,3.1345374584198,0.3018717765808105
MCQA_0047_2,MCQA,PNT2,đã,đạ,Connectives/Aspect markers,2.8326656818389893,3.046015977859497,0.2133502960205078
MCQA_0047_2,MCQA,PNT2,gì,chi,Interrogatives,2.8326656818389893,2.999189853668213,0.1665241718292236
MCQA_0047_2,MCQA,PNT2,vào,vô,Connectives/Aspect markers,2.8326656818389893,3.0982437133789062,0.265578031539917
MCQA_0047_2,MCQA,PNT2,hôm nay,bữa ni,Demonstratives/Deixis,2.8326656818389893,3.1757731437683105,0.3431074619293213
MCQA_0047_2,MCQA,PNT2,đã,đạ,Connectives/Aspect markers,2.8326656818389893,3.046015977859497,0.2133502960205078
MCQA_0047_2,MCQA,PNT3,gì,chi,Interrogatives,2.8326656818389893,2.999189853668213,0.1665241718292236
MCQA_0047_2,MCQA,PNT3,vào,vô,Connectives/Aspect markers,2.8326656818389893,3.0982437133789062,0.265578031539917
MCQA_0047_2,MCQA,PNT3,hôm nay,bữa ni,Demonstratives/Deixis,2.8326656818389893,3.1757731437683105,0.3431074619293213
MCQA_0047_2,MCQA,PNT3,những mẩu,mớ,Predicate vocabulary,2.8326656818389893,2.8980484008789062,0.0653827190399169
MCQA_0047_2,MCQA,PNT4,gì,chi,Interrogatives,2.8326656818389893,2.999189853668213,0.1665241718292236
MCQA_0047_2,MCQA,PNT4,vào,vô,Connectives/Aspect markers,2.8326656818389893,3.0982437133789062,0.265578031539917
MCQA_0047_2,MCQA,PNT4,hôm nay,bữa ni,Demonstratives/Deixis,2.8326656818389893,3.1757731437683105,0.3431074619293213
MCQA_0047_2,MCQA,PNT4,quá,kinh,Discourse particles,2.8326656818389893,2.953070640563965,0.1204049587249755
MCQA_0047_4,MCQA,PNB,mẫu,mảnh,Predicate vocabulary,2.9984259605407715,2.894915819168091,-0.1035101413726806
MCQA_0047_4,MCQA,PNB,mẩu,mảnh,Predicate vocabulary,2.9984259605407715,3.1659674644470215,0.16754150390625
MCQA_0047_4,MCQA,PNB,mẩu,mảnh,Predicate vocabulary,2.9984259605407715,3.1659674644470215,0.16754150390625
MCQA_0047_4,MCQA,PNN,khi,lúc,Connectives/Aspect markers,2.9984259605407715,3.0560719966888428,0.0576460361480712
MCQA_0047_4,MCQA,PNN,yêu cầu,biểu,Predicate vocabulary,2.9984259605407715,3.1803929805755615,0.18196702003479
MCQA_0047_4,MCQA,PNN,mẩu,miếng,Predicate vocabulary,2.9984259605407715,3.039947748184204,0.0415217876434326
MCQA_0047_4,MCQA,PNN,mẩu,miếng,Predicate vocabulary,2.9984259605407715,3.039947748184204,0.0415217876434326
MCQA_0047_4,MCQA,PNT1,gì,chi,Interrogatives,2.9984259605407715,3.0412957668304443,0.0428698062896728
MCQA_0047_4,MCQA,PNT1,làm gì,mằn chi,Interrogatives,2.9984259605407715,3.275345802307129,0.2769198417663574
MCQA_0047_4,MCQA,PNT2,đã,đạ,Connectives/Aspect markers,2.9984259605407715,3.106853485107422,0.1084275245666503
MCQA_0047_4,MCQA,PNT2,gì,chi,Interrogatives,2.9984259605407715,3.0412957668304443,0.0428698062896728
MCQA_0047_4,MCQA,PNT3,mẫu,méng,Predicate vocabulary,2.9984259605407715,3.095512628555298,0.0970866680145263
MCQA_0047_4,MCQA,PNT3,gì,chi,Interrogatives,2.9984259605407715,3.0412957668304443,0.0428698062896728
MCQA_0047_4,MCQA,PNT3,làm gì,mần chi,Interrogatives,2.9984259605407715,3.172267436981201,0.1738414764404297
MCQA_0047_4,MCQA,PNT3,mẩu,méng,Predicate vocabulary,2.9984259605407715,3.303192138671875,0.3047661781311035
MCQA_0047_4,MCQA,PNT3,mẩu,méng,Predicate vocabulary,2.9984259605407715,3.303192138671875,0.3047661781311035
MCQA_0047_4,MCQA,PNT4,mẫu,miếng,Predicate vocabulary,2.9984259605407715,2.922997236251831,-0.0754287242889404
MCQA_0047_4,MCQA,PNT4,gì,chi,Interrogatives,2.9984259605407715,3.0412957668304443,0.0428698062896728
MCQA_0047_4,MCQA,PNT4,lạ,cục,Predicate vocabulary,2.9984259605407715,3.1097447872161865,0.111318826675415
MCQA_0047_4,MCQA,PNT4,lạ,cục,Predicate vocabulary,2.9984259605407715,3.1097447872161865,0.111318826675415
MCQA_0047_4,MCQA,PNT4,mẩu,miếng,Predicate vocabulary,2.9984259605407715,3.039947748184204,0.0415217876434326
MCQA_0048_2,MCQA,PNN,mẹ,má,Kinship/Honorific terms,3.004277229309082,3.1955854892730713,0.1913082599639892
MCQA_0048_2,MCQA,PNN,mẹ,má,Kinship/Honorific terms,3.004277229309082,3.1955854892730713,0.1913082599639892
MCQA_0048_2,MCQA,PNN,mẹ,má,Kinship/Honorific terms,3.004277229309082,3.1955854892730713,0.1913082599639892
MCQA_0048_2,MCQA,PNN,mẹ,má,Kinship/Honorific terms,3.004277229309082,3.1955854892730713,0.1913082599639892
MCQA_0048_2,MCQA,PNN,mẹ bật,má mở,Kinship/Honorific terms,3.004277229309082,3.252512216567993,0.2482349872589111
MCQA_0048_2,MCQA,PNT1,làm gì,mằn chi,Interrogatives,3.004277229309082,3.4827353954315186,0.4784581661224365
MCQA_0048_2,MCQA,PNT2,làm gì,mần chi,Interrogatives,3.004277229309082,3.411024332046509,0.4067471027374267
MCQA_0048_2,MCQA,PNT3,mình,miềng,Pronouns,3.004277229309082,3.147216558456421,0.1429393291473388
MCQA_0048_2,MCQA,PNT3,làm gì,mần chi,Interrogatives,3.004277229309082,3.411024332046509,0.4067471027374267
MCQA_0048_2,MCQA,PNT3,và,với,Connectives/Aspect markers,3.004277229309082,3.104252815246582,0.0999755859375
MCQA_0048_2,MCQA,PNT4,người mẹ,má,Kinship/Honorific terms,3.004277229309082,3.1536431312561035,0.1493659019470214
MCQA_0048_2,MCQA,PNT4,gì,răng,Interrogatives,3.004277229309082,3.308333158493042,0.3040559291839599
MCQA_0048_2,MCQA,PNT4,mẹ,má,Kinship/Honorific terms,3.004277229309082,3.1955854892730713,0.1913082599639892
MCQA_0048_2,MCQA,PNT4,mẹ,má,Kinship/Honorific terms,3.004277229309082,3.1955854892730713,0.1913082599639892
MCQA_0048_2,MCQA,PNT4,mẹ,má,Kinship/Honorific terms,3.004277229309082,3.1955854892730713,0.1913082599639892
MCQA_0048_2,MCQA,PNT4,mẹ bật,má mở,Kinship/Honorific terms,3.004277229309082,3.252512216567993,0.2482349872589111
MCQA_0048_5,MCQA,PNN,người mẹ,má,Kinship/Honorific terms,2.6129074096679688,2.731363296508789,0.1184558868408203
MCQA_0048_5,MCQA,PNN,người mẹ,má,Kinship/Honorific terms,2.6129074096679688,2.731363296508789,0.1184558868408203
MCQA_0048_5,MCQA,PNN,oi bức,nóng nực,Predicate vocabulary,2.6129074096679688,2.565366744995117,-0.0475406646728515
MCQA_0048_5,MCQA,PNN,người mẹ,má,Kinship/Honorific terms,2.6129074096679688,2.731363296508789,0.1184558868408203
MCQA_0048_5,MCQA,PNN,chăn,mền,Predicate vocabulary,2.6129074096679688,2.671872615814209,0.0589652061462402
MCQA_0048_5,MCQA,PNN,người mẹ,má,Kinship/Honorific terms,2.6129074096679688,2.731363296508789,0.1184558868408203
MCQA_0048_5,MCQA,PNN,người mẹ,má,Kinship/Honorific terms,2.6129074096679688,2.731363296508789,0.1184558868408203
MCQA_0048_5,MCQA,PNT1,làm gì,mằn chi,Interrogatives,2.6129074096679688,3.0888428688049316,0.4759354591369629
MCQA_0048_5,MCQA,PNT2,đã làm gì,đạ mần chi,Interrogatives,2.6129074096679688,3.1229634284973145,0.5100560188293457
MCQA_0048_5,MCQA,PNT2,đã,đạ,Connectives/Aspect markers,2.6129074096679688,2.9463372230529785,0.3334298133850097
MCQA_0048_5,MCQA,PNT2,làm,mần,Predicate vocabulary,2.6129074096679688,2.8794431686401367,0.2665357589721679
MCQA_0048_5,MCQA,PNT2,đã,đạ,Connectives/Aspect markers,2.6129074096679688,2.9463372230529785,0.3334298133850097
MCQA_0048_5,MCQA,PNT2,đã,đạ,Connectives/Aspect markers,2.6129074096679688,2.9463372230529785,0.3334298133850097
MCQA_0048_5,MCQA,PNT3,làm gì,mần chi,Interrogatives,2.6129074096679688,2.9675099849700928,0.354602575302124
MCQA_0048_5,MCQA,PNT3,cái,kì,Negation/Function words,2.6129074096679688,2.6595311164855957,0.0466237068176269
MCQA_0048_5,MCQA,PNT3,trắng,thâu,Predicate vocabulary,2.6129074096679688,2.7303426265716553,0.1174352169036865
MCQA_0048_5,MCQA,PNT4,gì,chi,Interrogatives,2.6129074096679688,2.7719380855560303,0.1590306758880615
MCQA_0048_5,MCQA,PNT4,chăn,mền,Predicate vocabulary,2.6129074096679688,2.671872615814209,0.0589652061462402
MCQA_0051_0,MCQA,PNB,xưa,kìa,Demonstratives/Deixis,2.9456164836883545,2.99596643447876,0.0503499507904052
MCQA_0051_0,MCQA,PNN,bố điều,ba chuyện,Kinship/Honorific terms,2.9456164836883545,2.939133405685425,-0.0064830780029296
MCQA_0051_0,MCQA,PNN,kia,trước,Demonstratives/Deixis,2.9456164836883545,2.9918017387390137,0.0461852550506591
MCQA_0051_0,MCQA,PNT1,gì,chi,Interrogatives,2.9456164836883545,3.206043243408203,0.2604267597198486
MCQA_0051_0,MCQA,PNT1,đâu,đi mô,Interrogatives,2.9456164836883545,3.596907615661621,0.6512911319732666
MCQA_0051_0,MCQA,PNT1,đâu,đi mô,Interrogatives,2.9456164836883545,3.596907615661621,0.6512911319732666
MCQA_0051_0,MCQA,PNT1,đâu,đi mô,Interrogatives,2.9456164836883545,3.596907615661621,0.6512911319732666
MCQA_0051_0,MCQA,PNT1,đâu,đi mô,Interrogatives,2.9456164836883545,3.596907615661621,0.6512911319732666
MCQA_0051_0,MCQA,PNT2,điều gì,cây chi,Interrogatives,2.9456164836883545,3.2640182971954346,0.3184018135070801
MCQA_0051_0,MCQA,PNT2,hôm kia đâu,bựa nớ mô,Demonstratives/Deixis,2.9456164836883545,3.7361247539520264,0.7905082702636719
MCQA_0051_0,MCQA,PNT2,hôm nay đâu,bựa ni mô,Demonstratives/Deixis,2.9456164836883545,3.7079639434814458,0.7623474597930908
MCQA_0051_0,MCQA,PNT2,hôm xưa đâu,mọi hồi mô,Interrogatives,2.9456164836883545,3.5670363903045654,0.6214199066162109
MCQA_0051_0,MCQA,PNT3,bố điều gì,bọ cấy chi,Kinship/Honorific terms,2.9456164836883545,3.2514121532440186,0.305795669555664
MCQA_0051_0,MCQA,PNT3,nay đâu,ni mô,Interrogatives,2.9456164836883545,3.502366304397583,0.5567498207092285
MCQA_0051_0,MCQA,PNT3,hôm xưa đâu,chầu tê mô,Interrogatives,2.9456164836883545,3.585610866546631,0.6399943828582764
MCQA_0051_0,MCQA,PNT4,gì,chi,Interrogatives,2.9456164836883545,3.206043243408203,0.2604267597198486
MCQA_0051_0,MCQA,PNT4,kia,nớ,Demonstratives/Deixis,2.9456164836883545,3.1136257648468018,0.1680092811584472
MCQA_0051_0,MCQA,PNT4,nay,ni,Demonstratives/Deixis,2.9456164836883545,3.193049669265747,0.2474331855773925
MCQA_0051_4,MCQA,PNN,bố,ba,Kinship/Honorific terms,3.476980209350586,3.543870210647583,0.066890001296997
MCQA_0051_4,MCQA,PNN,điều,chuyện,Predicate vocabulary,3.476980209350586,3.6018402576446533,0.1248600482940673
MCQA_0051_4,MCQA,PNN,xem,coi,Predicate vocabulary,3.476980209350586,3.6944775581359863,0.2174973487854004
MCQA_0051_4,MCQA,PNT1,gì,chi,Interrogatives,3.476980209350586,3.735980272293091,0.2590000629425049
MCQA_0051_4,MCQA,PNT2,đã,đạ,Connectives/Aspect markers,3.476980209350586,3.774777889251709,0.297797679901123
MCQA_0051_4,MCQA,PNT2,gì,chi,Interrogatives,3.476980209350586,3.735980272293091,0.2590000629425049
MCQA_0051_4,MCQA,PNT3,bố,ba,Kinship/Honorific terms,3.476980209350586,3.543870210647583,0.066890001296997
MCQA_0051_4,MCQA,PNT3,điều gì,cấy chi,Interrogatives,3.476980209350586,3.994484901428222,0.5175046920776367
MCQA_0051_4,MCQA,PNT4,bố,ba,Kinship/Honorific terms,3.476980209350586,3.543870210647583,0.066890001296997
MCQA_0051_4,MCQA,PNT4,gì,chi,Interrogatives,3.476980209350586,3.735980272293091,0.2590000629425049
MCQA_0055_0,MCQA,PNB,mặc,lại,Connectives/Aspect markers,2.793731689453125,2.805755615234375,0.01202392578125
MCQA_0055_0,MCQA,PNN,ầm,váng,Predicate vocabulary,2.793731689453125,2.8431687355041504,0.0494370460510253
MCQA_0055_0,MCQA,PNN,vờ,bộ,Predicate vocabulary,2.793731689453125,2.8777518272399902,0.0840201377868652
MCQA_0055_0,MCQA,PNN,bỏ mặc,kệ,Predicate vocabulary,2.793731689453125,2.9226982593536377,0.1289665699005127
MCQA_0055_0,MCQA,PNN,tìm,kiếm,Predicate vocabulary,2.793731689453125,2.8338277339935303,0.0400960445404052
MCQA_0055_0,MCQA,PNN,đến,tới,Predicate vocabulary,2.793731689453125,2.8156063556671143,0.0218746662139892
MCQA_0055_0,MCQA,PNT1,làm gì,mằn chi,Interrogatives,2.793731689453125,3.1462700366973877,0.3525383472442627
MCQA_0055_0,MCQA,PNT1,vờ,bộ,Predicate vocabulary,2.793731689453125,2.8777518272399902,0.0840201377868652
MCQA_0055_0,MCQA,PNT2,đã làm gì,đạ mần chi,Interrogatives,2.793731689453125,3.146162986755371,0.3524312973022461
MCQA_0055_0,MCQA,PNT3,kêu khóc,khóoc,Predicate vocabulary,2.793731689453125,3.0291616916656494,0.2354300022125244
MCQA_0055_0,MCQA,PNT3,đã làm gì,đạ mần chi,Interrogatives,2.793731689453125,3.146162986755371,0.3524312973022461
MCQA_0055_0,MCQA,PNT4,gì,chi,Interrogatives,2.793731689453125,2.940399646759033,0.1466679573059082
MCQA_0055_0,MCQA,PNT4,vội vàng,quíu quắn,Predicate vocabulary,2.793731689453125,2.9726357460021973,0.1789040565490722
MCQA_0055_0,MCQA,PNT4,mặc,lơ,Predicate vocabulary,2.793731689453125,2.904189109802246,0.1104574203491211
MCQA_0055_0,MCQA,PNT4,tìm,kêu,Predicate vocabulary,2.793731689453125,2.80145001411438,0.0077183246612548
MCQA_0055_0,MCQA,PNT4,đến,tới,Predicate vocabulary,2.793731689453125,2.8156063556671143,0.0218746662139892
MCQA_0055_1,MCQA,PNN,hoảng hốt,quýnh quáng,Predicate vocabulary,2.420161485671997,2.7468667030334473,0.3267052173614502
MCQA_0055_1,MCQA,PNN,giả vờ,làm bộ,Predicate vocabulary,2.420161485671997,2.542020082473755,0.1218585968017578
MCQA_0055_1,MCQA,PNT1,làm gì,mằn chi,Interrogatives,2.420161485671997,2.8076043128967285,0.3874428272247314
MCQA_0055_1,MCQA,PNT1,vờ,bộ,Predicate vocabulary,2.420161485671997,2.512120008468628,0.0919585227966308
MCQA_0055_1,MCQA,PNT2,làm gì,mần chi,Interrogatives,2.420161485671997,2.6902127265930176,0.2700512409210205
MCQA_0055_1,MCQA,PNT3,gì,chi,Interrogatives,2.420161485671997,2.5826337337493896,0.1624722480773925
MCQA_0055_1,MCQA,PNT3,vội vàng,lật đật,Predicate vocabulary,2.420161485671997,2.4544222354888916,0.0342607498168945
MCQA_0055_1,MCQA,PNT4,gì,ren,Interrogatives,2.420161485671997,2.6425719261169434,0.2224104404449463
MCQA_0055_1,MCQA,PNT4,hốt,sợ,Predicate vocabulary,2.420161485671997,2.4624626636505127,0.0423011779785156
MCQA_0056_1,MCQA,PNB,bạn,cô,Kinship/Honorific terms,2.7259416580200195,2.904249429702759,0.1783077716827392
MCQA_0056_1,MCQA,PNB,bạn,cô,Kinship/Honorific terms,2.7259416580200195,2.904249429702759,0.1783077716827392
MCQA_0056_1,MCQA,PNB,bạn,cô,Kinship/Honorific terms,2.7259416580200195,2.904249429702759,0.1783077716827392
MCQA_0056_1,MCQA,PNN,đến,tới,Predicate vocabulary,2.7259416580200195,2.7408504486083984,0.0149087905883789
MCQA_0056_1,MCQA,PNN,nói,là,Predicate vocabulary,2.7259416580200195,2.758145809173584,0.0322041511535644
MCQA_0056_1,MCQA,PNN,không,hông,Negation/Function words,2.7259416580200195,2.8271052837371826,0.101163625717163
MCQA_0056_1,MCQA,PNT1,gì,chi,Interrogatives,2.7259416580200195,2.818915843963623,0.0929741859436035
MCQA_0056_1,MCQA,PNT1,luôn,cứ,Predicate vocabulary,2.7259416580200195,2.7516448497772217,0.0257031917572021
MCQA_0056_1,MCQA,PNT2,gì,chi,Interrogatives,2.7259416580200195,2.818915843963623,0.0929741859436035
MCQA_0056_1,MCQA,PNT2,không,nỏ,Negation/Function words,2.7259416580200195,2.880150079727173,0.1542084217071533
MCQA_0056_1,MCQA,PNT3,gì,răng,Interrogatives,2.7259416580200195,2.935767889022827,0.2098262310028076
MCQA_0056_1,MCQA,PNT3,và,với,Connectives/Aspect markers,2.7259416580200195,2.803523540496826,0.0775818824768066
MCQA_0056_1,MCQA,PNT3,gái,cấy,Negation/Function words,2.7259416580200195,3.0203857421875,0.2944440841674804
MCQA_0056_1,MCQA,PNT3,không muốn,nỏ ưng,Negation/Function words,2.7259416580200195,2.905104398727417,0.1791627407073974
MCQA_0056_2,MCQA,PNB,vâng,nghe,Discourse particles,3.455299615859986,3.4282867908477783,-0.027012825012207
MCQA_0056_2,MCQA,PNN,bà mẹ,má,Kinship/Honorific terms,3.455299615859986,3.5278918743133545,0.0725922584533691
MCQA_0056_2,MCQA,PNN,cô,con,Kinship/Honorific terms,3.455299615859986,3.463498115539551,0.0081984996795654
MCQA_0056_2,MCQA,PNN,và những,với mấy,Predicate vocabulary,3.455299615859986,3.5841152667999268,0.1288156509399414
MCQA_0056_2,MCQA,PNN,và,với,Connectives/Aspect markers,3.455299615859986,3.4832589626312256,0.0279593467712402
MCQA_0056_2,MCQA,PNN,vâng,nghe,Discourse particles,3.455299615859986,3.4282867908477783,-0.027012825012207
MCQA_0056_2,MCQA,PNN,ông,ổng,Pronouns,3.455299615859986,3.677826166152954,0.2225265502929687
MCQA_0056_2,MCQA,PNT1,gì,chi,Interrogatives,3.455299615859986,3.5782012939453125,0.1229016780853271
MCQA_0056_2,MCQA,PNT1,vâng,nghe,Discourse particles,3.455299615859986,3.4282867908477783,-0.027012825012207
MCQA_0056_2,MCQA,PNT2,cô,con,Kinship/Honorific terms,3.455299615859986,3.463498115539551,0.0081984996795654
MCQA_0056_2,MCQA,PNT2,gì,chi,Interrogatives,3.455299615859986,3.5782012939453125,0.1229016780853271
MCQA_0056_2,MCQA,PNT3,gì,chi,Interrogatives,3.455299615859986,3.5782012939453125,0.1229016780853271
MCQA_0056_2,MCQA,PNT4,gì,cái chi,Interrogatives,3.455299615859986,3.5969369411468506,0.1416373252868652
MCQA_0056_2,MCQA,PNT4,vật lộn,chống chọi,Predicate vocabulary,3.455299615859986,3.3871374130249023,-0.068162202835083
MCQA_0056_2,MCQA,PNT4,vâng,nghe,Discourse particles,3.455299615859986,3.4282867908477783,-0.027012825012207
MCQA_0058_0,MCQA,PNB,ổ,chuồng,Predicate vocabulary,2.5318076610565186,2.484423875808716,-0.0473837852478027
MCQA_0058_0,MCQA,PNN,rơi,rớt,Predicate vocabulary,2.5318076610565186,2.5275847911834717,-0.0042228698730468
MCQA_0058_0,MCQA,PNT1,thế nào,răng,Interrogatives,2.5318076610565186,2.9159841537475586,0.38417649269104
MCQA_0058_0,MCQA,PNT2,thế nào,răng,Interrogatives,2.5318076610565186,2.9159841537475586,0.38417649269104
MCQA_0058_0,MCQA,PNT3,rơi vào,rớt vô,Predicate vocabulary,2.5318076610565186,2.738828420639038,0.2070207595825195
MCQA_0058_0,MCQA,PNT3,thế nào,răng,Interrogatives,2.5318076610565186,2.9159841537475586,0.38417649269104
MCQA_0058_0,MCQA,PNT4,rơi vào,rớt vô,Predicate vocabulary,2.5318076610565186,2.738828420639038,0.2070207595825195
MCQA_0058_0,MCQA,PNT4,như thế nào,ra ren,Interrogatives,2.5318076610565186,2.9030966758728027,0.3712890148162842
MCQA_0060_1,MCQA,PNB,réo rắt,véo von,Idiomatic expressions,3.2831406593322754,3.5168492794036865,0.2337086200714111
MCQA_0060_1,MCQA,PNT1,nào,mô,Negation/Function words,3.2831406593322754,3.521714448928833,0.2385737895965576
MCQA_0060_1,MCQA,PNT4,nào,mô,Interrogatives,3.2831406593322754,3.521714448928833,0.2385737895965576
MCQA_0060_2,MCQA,PNB,vùng,nơi,Predicate vocabulary,2.30570387840271,2.307042121887207,0.001338243484497
MCQA_0060_2,MCQA,PNN,vậy,thế,Demonstratives/Deixis,2.30570387840271,2.3178508281707764,0.0121469497680664
MCQA_0060_2,MCQA,PNN,không,hông,Negation/Function words,2.30570387840271,2.403526782989502,0.0978229045867919
MCQA_0060_2,MCQA,PNN,chép,lại,Predicate vocabulary,2.30570387840271,2.3287105560302734,0.0230066776275634
MCQA_0060_2,MCQA,PNT1,đâu,chi mà,Interrogatives,2.30570387840271,2.455038070678711,0.1493341922760009
MCQA_0060_2,MCQA,PNT1,vậy,rứa,Demonstratives/Deixis,2.30570387840271,2.3823130130767822,0.0766091346740722
MCQA_0060_2,MCQA,PNT2,đâu,mô mà,Interrogatives,2.30570387840271,2.4611968994140625,0.1554930210113525
MCQA_0060_2,MCQA,PNT2,như vậy,a rứa,Demonstratives/Deixis,2.30570387840271,2.4247658252716064,0.1190619468688964
MCQA_0060_2,MCQA,PNT2,đã,đạ,Connectives/Aspect markers,2.30570387840271,2.433504343032837,0.1278004646301269
MCQA_0060_2,MCQA,PNT2,không,nỏ,Negation/Function words,2.30570387840271,2.4655113220214844,0.1598074436187744
MCQA_0060_2,MCQA,PNT3,đâu,mô mà,Interrogatives,2.30570387840271,2.4611968994140625,0.1554930210113525
MCQA_0060_2,MCQA,PNT3,và,rồi,Connectives/Aspect markers,2.30570387840271,2.3376259803771973,0.0319221019744873
MCQA_0060_2,MCQA,PNT3,chúng,hắn,Pronouns,2.30570387840271,2.343169689178467,0.0374658107757568
MCQA_0060_2,MCQA,PNT3,vậy,rứa,Demonstratives/Deixis,2.30570387840271,2.3823130130767822,0.0766091346740722
MCQA_0060_2,MCQA,PNT4,đâu,mô mà,Interrogatives,2.30570387840271,2.4611968994140625,0.1554930210113525
MCQA_0060_2,MCQA,PNT4,vậy,rứa,Demonstratives/Deixis,2.30570387840271,2.3823130130767822,0.0766091346740722
MCQA_0062_0,MCQA,PNB,kìm kẹp,khống chế,Idiomatic expressions,2.844019651412964,2.8612208366394043,0.0172011852264404
MCQA_0062_0,MCQA,PNN,các,mấy,Negation/Function words,2.844019651412964,2.9259538650512695,0.0819342136383056
MCQA_0062_0,MCQA,PNN,chúng tôi,tụi tui,Pronouns,2.844019651412964,3.0586578845977783,0.2146382331848144
MCQA_0062_0,MCQA,PNN,chúng ta,tụi mình,Pronouns,2.844019651412964,2.9633848667144775,0.1193652153015136
MCQA_0062_0,MCQA,PNN,thật,thiệt,Connectives/Aspect markers,2.844019651412964,2.959568500518799,0.1155488491058349
MCQA_0062_0,MCQA,PNT1,nào,mô,Negation/Function words,2.844019651412964,3.0705137252807617,0.2264940738677978
MCQA_0062_0,MCQA,PNT2,chúng tôi đã,choa đạ,Pronouns,2.844019651412964,3.1939537525177,0.3499341011047363
MCQA_0062_0,MCQA,PNT3,các,mấy,Negation/Function words,2.844019651412964,2.9259538650512695,0.0819342136383056
MCQA_0062_0,MCQA,PNT3,chúng,bọn,Pronouns,2.844019651412964,2.952892780303955,0.1088731288909912
MCQA_0062_0,MCQA,PNT3,chúng tôi,bọn mềng,Pronouns,2.844019651412964,3.1019575595855713,0.2579379081726074
MCQA_0062_0,MCQA,PNT4,nào,mô,Interrogatives,2.844019651412964,3.0705137252807617,0.2264940738677978
MCQA_0062_0,MCQA,PNT4,các,mấy,Negation/Function words,2.844019651412964,2.9259538650512695,0.0819342136383056
MCQA_0062_0,MCQA,PNT4,tôi,ta,Pronouns,2.844019651412964,2.8165507316589355,-0.0274689197540283
MCQA_0062_0,MCQA,PNT4,đó,chỗ nớ,Demonstratives/Deixis,2.844019651412964,2.9509332180023193,0.1069135665893554
MCQA_0062_2,MCQA,PNB,miền,vùng,Predicate vocabulary,2.999989748001098,3.0468215942382812,0.0468318462371826
MCQA_0062_2,MCQA,PNB,chết,mất,Predicate vocabulary,2.999989748001098,3.0076487064361572,0.0076589584350585
MCQA_0062_2,MCQA,PNB,miền,vùng,Predicate vocabulary,2.999989748001098,3.0468215942382812,0.0468318462371826
MCQA_0062_2,MCQA,PNB,miền,vùng,Predicate vocabulary,2.999989748001098,3.0468215942382812,0.0468318462371826
MCQA_0062_2,MCQA,PNN,tại,ở,Predicate vocabulary,2.999989748001098,3.090186595916748,0.0901968479156494
MCQA_0062_2,MCQA,PNN,các,mấy,Negation/Function words,2.999989748001098,3.1229896545410156,0.1229999065399169
MCQA_0062_2,MCQA,PNT1,nào,mô,Negation/Function words,2.999989748001098,3.1417596340179443,0.1417698860168457
MCQA_0062_2,MCQA,PNT1,đó,nớ,Demonstratives/Deixis,2.999989748001098,3.131458044052124,0.1314682960510254
MCQA_0062_2,MCQA,PNT3,nào cho ta,mô làm miềng,Interrogatives,2.999989748001098,3.3707406520843506,0.3707509040832519
MCQA_0062_2,MCQA,PNT3,tại đó,chỗ nớ,Demonstratives/Deixis,2.999989748001098,3.244745969772339,0.2447562217712402
MCQA_0062_2,MCQA,PNT3,các,mấy,Negation/Function words,2.999989748001098,3.1229896545410156,0.1229999065399169
MCQA_0064_1,MCQA,PNB,ngoại,vãi,Predicate vocabulary,2.442673921585083,2.5496530532836914,0.1069791316986084
MCQA_0064_1,MCQA,PNN,như thế nào,làm sao,Interrogatives,2.442673921585083,2.531752347946167,0.0890784263610839
MCQA_0064_1,MCQA,PNN,dẫn,dắt,Predicate vocabulary,2.442673921585083,2.6754462718963623,0.2327723503112793
MCQA_0064_1,MCQA,PNN,dẫn,dắt,Predicate vocabulary,2.442673921585083,2.6754462718963623,0.2327723503112793
MCQA_0064_1,MCQA,PNN,và,với,Connectives/Aspect markers,2.442673921585083,2.5233802795410156,0.0807063579559326
MCQA_0064_1,MCQA,PNN,những,mấy,Negation/Function words,2.442673921585083,2.492244005203247,0.049570083618164
MCQA_0064_1,MCQA,PNN,dẫn,dắt,Predicate vocabulary,2.442673921585083,2.6754462718963623,0.2327723503112793
MCQA_0064_1,MCQA,PNN,áo quần,đồ,Predicate vocabulary,2.442673921585083,2.4641263484954834,0.0214524269104003
MCQA_0064_1,MCQA,PNN,dẫn,dắt,Predicate vocabulary,2.442673921585083,2.6754462718963623,0.2327723503112793
MCQA_0064_1,MCQA,PNN,đến,tới,Predicate vocabulary,2.442673921585083,2.4768919944763184,0.0342180728912353
MCQA_0064_1,MCQA,PNT1,như thế nào,ra răng,Interrogatives,2.442673921585083,2.807223081588745,0.3645491600036621
MCQA_0064_1,MCQA,PNT1,dẫn,dắt,Predicate vocabulary,2.442673921585083,2.6754462718963623,0.2327723503112793
MCQA_0064_1,MCQA,PNT1,dẫn,dắt,Predicate vocabulary,2.442673921585083,2.6754462718963623,0.2327723503112793
MCQA_0064_1,MCQA,PNT1,dẫn,dắt,Predicate vocabulary,2.442673921585083,2.6754462718963623,0.2327723503112793
MCQA_0064_1,MCQA,PNT1,dẫn,dắt,Predicate vocabulary,2.442673921585083,2.6754462718963623,0.2327723503112793
MCQA_0064_1,MCQA,PNT2,đã,đạ,Connectives/Aspect markers,2.442673921585083,2.573956251144409,0.1312823295593261
MCQA_0064_1,MCQA,PNT2,như thế nào,a răng,Interrogatives,2.442673921585083,2.7703607082366943,0.3276867866516113
MCQA_0064_1,MCQA,PNT3,thế nào,răng,Interrogatives,2.442673921585083,2.781078100204468,0.3384041786193847
MCQA_0064_1,MCQA,PNT3,và,với,Connectives/Aspect markers,2.442673921585083,2.5233802795410156,0.0807063579559326
MCQA_0064_1,MCQA,PNT3,những,mấy,Negation/Function words,2.442673921585083,2.492244005203247,0.049570083618164
MCQA_0064_1,MCQA,PNT3,đến,tới,Predicate vocabulary,2.442673921585083,2.4768919944763184,0.0342180728912353
MCQA_0064_1,MCQA,PNT4,bạn nhỏ,thằng cu,Kinship/Honorific terms,2.442673921585083,2.796445369720459,0.353771448135376
MCQA_0064_1,MCQA,PNT4,thế nào,ren,Interrogatives,2.442673921585083,2.8090152740478516,0.3663413524627685
MCQA_0064_1,MCQA,PNT4,bạn nhỏ,thằng cu,Kinship/Honorific terms,2.442673921585083,2.796445369720459,0.353771448135376
MCQA_0064_1,MCQA,PNT4,bạn nhỏ,thằng cu,Kinship/Honorific terms,2.442673921585083,2.796445369720459,0.353771448135376
MCQA_0064_1,MCQA,PNT4,chọn,lựa,Predicate vocabulary,2.442673921585083,2.4828407764434814,0.0401668548583984
MCQA_0064_1,MCQA,PNT4,dạy,bày,Predicate vocabulary,2.442673921585083,2.5367393493652344,0.0940654277801513
MCQA_0064_1,MCQA,PNT4,bạn nhỏ,thằng cu,Kinship/Honorific terms,2.442673921585083,2.796445369720459,0.353771448135376
MCQA_0064_1,MCQA,PNT4,bạn nhỏ,thằng cu,Kinship/Honorific terms,2.442673921585083,2.796445369720459,0.353771448135376
MCQA_0065_2,MCQA,PNN,đến,tới,Predicate vocabulary,2.8740599155426025,2.9193949699401855,0.045335054397583
MCQA_0065_2,MCQA,PNN,không,hông,Negation/Function words,2.8740599155426025,3.0760161876678467,0.2019562721252441
MCQA_0065_2,MCQA,PNT1,như thế nào,ra răng,Interrogatives,2.8740599155426025,3.53127121925354,0.6572113037109375
MCQA_0065_2,MCQA,PNT2,như thế nào,à răng,Interrogatives,2.8740599155426025,3.5216217041015625,0.64756178855896
MCQA_0065_2,MCQA,PNT2,không,nỏ,Negation/Function words,2.8740599155426025,3.128150701522827,0.2540907859802246
MCQA_0065_2,MCQA,PNT3,thế nào,răng,Interrogatives,2.8740599155426025,3.514760971069336,0.6407010555267334
MCQA_0065_2,MCQA,PNT4,đến,tới,Predicate vocabulary,2.8740599155426025,2.9193949699401855,0.045335054397583
MCQA_0065_2,MCQA,PNT4,như thế nào,ra ren,Interrogatives,2.8740599155426025,3.5596625804901123,0.6856026649475098
MCQA_0065_5,MCQA,PNB,phúc đáp,phản hồi,Idiomatic expressions,3.044980764389038,3.03350830078125,-0.011472463607788
MCQA_0065_5,MCQA,PNN,phúc đáp,hồi âm,Predicate vocabulary,3.044980764389038,3.0323946475982666,-0.0125861167907714
MCQA_0065_5,MCQA,PNN,chúng ta,tụi mình,Pronouns,3.044980764389038,3.080727815628052,0.0357470512390136
MCQA_0065_5,MCQA,PNN,các,mấy,Negation/Function words,3.044980764389038,3.085589647293091,0.0406088829040527
MCQA_0065_5,MCQA,PNN,các,mấy,Negation/Function words,3.044980764389038,3.085589647293091,0.0406088829040527
MCQA_0065_5,MCQA,PNN,đến,qua,Predicate vocabulary,3.044980764389038,3.141751289367676,0.0967705249786377
MCQA_0065_5,MCQA,PNN,các,mấy,Negation/Function words,3.044980764389038,3.085589647293091,0.0406088829040527
MCQA_0065_5,MCQA,PNN,đến,qua,Predicate vocabulary,3.044980764389038,3.141751289367676,0.0967705249786377
MCQA_0065_5,MCQA,PNN,các,mấy,Negation/Function words,3.044980764389038,3.085589647293091,0.0406088829040527
MCQA_0065_5,MCQA,PNN,các,mấy,Negation/Function words,3.044980764389038,3.085589647293091,0.0406088829040527
MCQA_0065_5,MCQA,PNT1,nào,mô,Negation/Function words,3.044980764389038,3.248875379562378,0.2038946151733398
MCQA_0065_5,MCQA,PNT2,chúng,nhà,Pronouns,3.044980764389038,3.1385579109191895,0.0935771465301513
MCQA_0065_5,MCQA,PNT3,chúng ta,miềng,Pronouns,3.044980764389038,3.247502565383911,0.202521800994873
MCQA_0065_5,MCQA,PNT3,các,mấy,Negation/Function words,3.044980764389038,3.085589647293091,0.0406088829040527
MCQA_0065_5,MCQA,PNT3,các,mấy,Negation/Function words,3.044980764389038,3.085589647293091,0.0406088829040527
MCQA_0065_5,MCQA,PNT3,các,mấy,Negation/Function words,3.044980764389038,3.085589647293091,0.0406088829040527
MCQA_0065_5,MCQA,PNT3,mến,quý,Predicate vocabulary,3.044980764389038,3.0879833698272705,0.0430026054382324
MCQA_0065_5,MCQA,PNT3,các,mấy,Negation/Function words,3.044980764389038,3.085589647293091,0.0406088829040527
MCQA_0069_1,MCQA,PNB,sầm sì,âm u,Idiomatic expressions,2.8039627075195312,2.8021345138549805,-0.0018281936645507
MCQA_0069_1,MCQA,PNT1,nào,mô,Negation/Function words,2.8039627075195312,2.9739105701446533,0.169947862625122
MCQA_0069_1,MCQA,PNT3,ló rạng,ngoi lên,Predicate vocabulary,2.8039627075195312,2.7986574172973633,-0.0053052902221679
MCQA_0069_1,MCQA,PNT4,nào,mô,Interrogatives,2.8039627075195312,2.9739105701446533,0.169947862625122
MCQA_0069_5,MCQA,PNB,lui,quay,Predicate vocabulary,2.5986428260803223,2.5771114826202393,-0.021531343460083
MCQA_0069_5,MCQA,PNB,mọc,lên,Predicate vocabulary,2.5986428260803223,2.6280901432037354,0.029447317123413
MCQA_0069_5,MCQA,PNN,ngơi khi,lúc,Connectives/Aspect markers,2.5986428260803223,2.800056219100952,0.2014133930206298
MCQA_0069_5,MCQA,PNN,khi,lúc,Connectives/Aspect markers,2.5986428260803223,2.6401498317718506,0.0415070056915283
MCQA_0069_5,MCQA,PNN,khi,lúc,Connectives/Aspect markers,2.5986428260803223,2.6401498317718506,0.0415070056915283
MCQA_0069_5,MCQA,PNN,khi,lúc,Connectives/Aspect markers,2.5986428260803223,2.6401498317718506,0.0415070056915283
MCQA_0069_5,MCQA,PNN,khi,lúc,Connectives/Aspect markers,2.5986428260803223,2.6401498317718506,0.0415070056915283
MCQA_0069_5,MCQA,PNT1,nào,mô,Negation/Function words,2.5986428260803223,2.8492953777313232,0.250652551651001
MCQA_0069_5,MCQA,PNT4,khi nào,lúc mô,Interrogatives,2.5986428260803223,2.893202066421509,0.2945592403411865
MCQA_0072_2,MCQA,PNN,những,mấy,Negation/Function words,2.447441339492798,2.510895013809204,0.0634536743164062
MCQA_0072_2,MCQA,PNN,gì,như nào,Interrogatives,2.447441339492798,2.454470157623291,0.0070288181304931
MCQA_0072_2,MCQA,PNT1,những,mấy,Negation/Function words,2.447441339492798,2.510895013809204,0.0634536743164062
MCQA_0072_2,MCQA,PNT1,gì,chi,Interrogatives,2.447441339492798,2.6078710556030273,0.1604297161102295
MCQA_0072_2,MCQA,PNT2,gì,chi,Interrogatives,2.447441339492798,2.6078710556030273,0.1604297161102295
MCQA_0072_2,MCQA,PNT3,những,mấy,Negation/Function words,2.447441339492798,2.510895013809204,0.0634536743164062
MCQA_0072_2,MCQA,PNT3,"cây""","cơn""",Predicate vocabulary,2.447441339492798,2.5016958713531494,0.0542545318603515
MCQA_0072_2,MCQA,PNT3,đó,nớ,Demonstratives/Deixis,2.447441339492798,2.512960195541382,0.0655188560485839
MCQA_0072_2,MCQA,PNT3,"cây""","cơn""",Predicate vocabulary,2.447441339492798,2.5016958713531494,0.0542545318603515
MCQA_0072_2,MCQA,PNT3,gì,chi,Interrogatives,2.447441339492798,2.6078710556030273,0.1604297161102295
MCQA_0072_2,MCQA,PNT3,tạo,mần,Predicate vocabulary,2.447441339492798,2.6793618202209473,0.2319204807281494
MCQA_0072_2,MCQA,PNT3,cây,cơn,Predicate vocabulary,2.447441339492798,2.5016958713531494,0.0542545318603515
MCQA_0072_2,MCQA,PNT3,tạo,mần,Predicate vocabulary,2.447441339492798,2.6793618202209473,0.2319204807281494
MCQA_0072_2,MCQA,PNT3,khiến,mần,Predicate vocabulary,2.447441339492798,2.638823986053467,0.1913826465606689
MCQA_0072_2,MCQA,PNT3,tạo,mần,Predicate vocabulary,2.447441339492798,2.6793618202209473,0.2319204807281494
MCQA_0072_2,MCQA,PNT3,khiến,mần,Predicate vocabulary,2.447441339492798,2.638823986053467,0.1913826465606689
MCQA_0072_2,MCQA,PNT3,và,với,Connectives/Aspect markers,2.447441339492798,2.470071315765381,0.022629976272583
MCQA_0072_2,MCQA,PNT3,cây,cơn,Predicate vocabulary,2.447441339492798,2.5016958713531494,0.0542545318603515
MCQA_0072_2,MCQA,PNT4,việc,chuyện,Predicate vocabulary,2.447441339492798,2.54062557220459,0.0931842327117919
MCQA_0072_2,MCQA,PNT4,những,mấy,Negation/Function words,2.447441339492798,2.510895013809204,0.0634536743164062
MCQA_0072_2,MCQA,PNT4,gì,chi,Interrogatives,2.447441339492798,2.6078710556030273,0.1604297161102295
MCQA_0072_2,MCQA,PNT4,khiến,làm,Predicate vocabulary,2.447441339492798,2.528701066970825,0.0812597274780273
MCQA_0072_2,MCQA,PNT4,khiến,làm,Predicate vocabulary,2.447441339492798,2.528701066970825,0.0812597274780273
MCQA_0072_2,MCQA,PNT4,các,mấy,Negation/Function words,2.447441339492798,2.5113723278045654,0.0639309883117675
MCQA_0074_5,MCQA,PNN,khi,lúc,Connectives/Aspect markers,2.482834577560425,2.5513978004455566,0.0685632228851318
MCQA_0074_5,MCQA,PNN,mẹ bảo,má biểu,Kinship/Honorific terms,2.482834577560425,2.7763068675994873,0.2934722900390625
MCQA_0074_5,MCQA,PNN,vì mẹ,tại má,Kinship/Honorific terms,2.482834577560425,2.895451307296753,0.4126167297363281
MCQA_0074_5,MCQA,PNN,bảo,biểu,Predicate vocabulary,2.482834577560425,2.64358901977539,0.1607544422149658
MCQA_0074_5,MCQA,PNN,việc,chuyện,Predicate vocabulary,2.482834577560425,2.5381762981414795,0.0553417205810546
MCQA_0074_5,MCQA,PNN,vì,tại,Connectives/Aspect markers,2.482834577560425,2.728052854537964,0.245218276977539
MCQA_0074_5,MCQA,PNN,việc,chuyện,Predicate vocabulary,2.482834577560425,2.5381762981414795,0.0553417205810546
MCQA_0074_5,MCQA,PNN,vì mẹ,tại má,Kinship/Honorific terms,2.482834577560425,2.895451307296753,0.4126167297363281
MCQA_0074_5,MCQA,PNN,bảo,biểu,Predicate vocabulary,2.482834577560425,2.64358901977539,0.1607544422149658
MCQA_0074_5,MCQA,PNN,vì mẹ bảo,tại má biểu,Kinship/Honorific terms,2.482834577560425,2.981724739074707,0.4988901615142822
MCQA_0074_5,MCQA,PNT1,sao,răng,Interrogatives,2.482834577560425,2.7862741947174072,0.3034396171569824
MCQA_0074_5,MCQA,PNT1,làm,mằn,Predicate vocabulary,2.482834577560425,2.6982851028442383,0.2154505252838134
MCQA_0074_5,MCQA,PNT1,gì,chi,Interrogatives,2.482834577560425,2.6099605560302734,0.1271259784698486
MCQA_0074_5,MCQA,PNT1,làm,mằn,Predicate vocabulary,2.482834577560425,2.6982851028442383,0.2154505252838134
MCQA_0074_5,MCQA,PNT1,làm,mằn,Predicate vocabulary,2.482834577560425,2.6982851028442383,0.2154505252838134
MCQA_0074_5,MCQA,PNT1,làm,mằn,Predicate vocabulary,2.482834577560425,2.6982851028442383,0.2154505252838134
MCQA_0074_5,MCQA,PNT1,gì,chi,Interrogatives,2.482834577560425,2.6099605560302734,0.1271259784698486
MCQA_0074_5,MCQA,PNT1,làm,mằn,Predicate vocabulary,2.482834577560425,2.6982851028442383,0.2154505252838134
MCQA_0074_5,MCQA,PNT2,sao,răng,Interrogatives,2.482834577560425,2.7862741947174072,0.3034396171569824
MCQA_0074_5,MCQA,PNT2,thấy,chộ,Predicate vocabulary,2.482834577560425,2.6821417808532715,0.1993072032928466
MCQA_0074_5,MCQA,PNT2,bảo,kêu,Predicate vocabulary,2.482834577560425,2.5662379264831543,0.0834033489227294
MCQA_0074_5,MCQA,PNT2,bảo,kêu,Predicate vocabulary,2.482834577560425,2.5662379264831543,0.0834033489227294
MCQA_0074_5,MCQA,PNT2,gì,chi,Interrogatives,2.482834577560425,2.6099605560302734,0.1271259784698486
MCQA_0074_5,MCQA,PNT2,làm,mần,Predicate vocabulary,2.482834577560425,2.6712870597839355,0.1884524822235107
MCQA_0074_5,MCQA,PNT2,làm,mần,Predicate vocabulary,2.482834577560425,2.6712870597839355,0.1884524822235107
MCQA_0074_5,MCQA,PNT2,bảo,kêu,Predicate vocabulary,2.482834577560425,2.5662379264831543,0.0834033489227294
MCQA_0074_5,MCQA,PNT2,làm,mần,Predicate vocabulary,2.482834577560425,2.6712870597839355,0.1884524822235107
MCQA_0074_5,MCQA,PNT2,gì,chi,Interrogatives,2.482834577560425,2.6099605560302734,0.1271259784698486
MCQA_0074_5,MCQA,PNT2,bảo,kêu,Predicate vocabulary,2.482834577560425,2.5662379264831543,0.0834033489227294
MCQA_0074_5,MCQA,PNT2,vào,vô,Connectives/Aspect markers,2.482834577560425,2.6187562942504883,0.1359217166900634
MCQA_0074_5,MCQA,PNT3,sao,răng,Interrogatives,2.482834577560425,2.7862741947174072,0.3034396171569824
MCQA_0074_5,MCQA,PNT3,bảo,nói,Predicate vocabulary,2.482834577560425,2.5428380966186523,0.0600035190582275
MCQA_0074_5,MCQA,PNT3,bao giờ bảo,từng kêu,Idiomatic expressions,2.482834577560425,2.61977219581604,0.1369376182556152
MCQA_0074_5,MCQA,PNT3,gì,chi,Interrogatives,2.482834577560425,2.6099605560302734,0.1271259784698486
MCQA_0074_5,MCQA,PNT3,bao giờ,lần mô,Interrogatives,2.482834577560425,2.753369092941284,0.2705345153808594
MCQA_0074_5,MCQA,PNT3,bao giờ bảo,từng nói,Idiomatic expressions,2.482834577560425,2.679530620574951,0.1966960430145263
MCQA_0074_5,MCQA,PNT3,gì,chi,Interrogatives,2.482834577560425,2.6099605560302734,0.1271259784698486
MCQA_0074_5,MCQA,PNT3,bảo,kêu,Predicate vocabulary,2.482834577560425,2.5662379264831543,0.0834033489227294
MCQA_0074_5,MCQA,PNT4,sao,ren,Interrogatives,2.482834577560425,2.75201153755188,0.2691769599914551
MCQA_0074_5,MCQA,PNT4,ngạc nhiên,bất ngờ,Predicate vocabulary,2.482834577560425,2.524470329284668,0.0416357517242431
MCQA_0074_5,MCQA,PNT4,thấy,nghe,Predicate vocabulary,2.482834577560425,2.461801528930664,-0.0210330486297607
MCQA_0074_5,MCQA,PNT4,bảo,kêu,Predicate vocabulary,2.482834577560425,2.5662379264831543,0.0834033489227294
MCQA_0074_5,MCQA,PNT4,bao giờ bảo,hồi mô sai,Interrogatives,2.482834577560425,2.9157934188842773,0.4329588413238525
MCQA_0074_5,MCQA,PNT4,việc gì,chuyện chi,Interrogatives,2.482834577560425,2.641799211502075,0.1589646339416504
MCQA_0074_5,MCQA,PNT4,bạn,nó,Pronouns,2.482834577560425,2.449063301086426,-0.033771276473999
MCQA_0074_5,MCQA,PNT4,từng,hồi mô,Interrogatives,2.482834577560425,2.7314200401306152,0.2485854625701904
MCQA_0074_5,MCQA,PNT4,từng,hồi mô,Interrogatives,2.482834577560425,2.7314200401306152,0.2485854625701904
MCQA_0074_5,MCQA,PNT4,bao giờ,hồi mô,Interrogatives,2.482834577560425,2.7883598804473877,0.3055253028869629
MCQA_0074_5,MCQA,PNT4,gì cả,chi hết,Interrogatives,2.482834577560425,2.6536760330200195,0.1708414554595947
MCQA_0074_6,MCQA,PNN,mẹ,má,Kinship/Honorific terms,2.4402616024017334,2.515532970428467,0.0752713680267334
MCQA_0074_6,MCQA,PNN,vì,tại,Connectives/Aspect markers,2.4402616024017334,2.6905102729797363,0.2502486705780029
MCQA_0074_6,MCQA,PNN,điều,chuyện,Predicate vocabulary,2.4402616024017334,2.486000061035156,0.0457384586334228
MCQA_0074_6,MCQA,PNN,tập làm,viết,Predicate vocabulary,2.4402616024017334,2.4720163345336914,0.031754732131958
MCQA_0074_6,MCQA,PNN,vì,tại,Connectives/Aspect markers,2.4402616024017334,2.6905102729797363,0.2502486705780029
MCQA_0074_6,MCQA,PNN,điều,chuyện,Predicate vocabulary,2.4402616024017334,2.486000061035156,0.0457384586334228
MCQA_0074_6,MCQA,PNN,vì,tại,Connectives/Aspect markers,2.4402616024017334,2.6905102729797363,0.2502486705780029
MCQA_0074_6,MCQA,PNN,điều,chuyện,Predicate vocabulary,2.4402616024017334,2.486000061035156,0.0457384586334228
MCQA_0074_6,MCQA,PNN,các,mấy,Negation/Function words,2.4402616024017334,2.5321335792541504,0.0918719768524169
MCQA_0074_6,MCQA,PNN,vì,tại,Connectives/Aspect markers,2.4402616024017334,2.6905102729797363,0.2502486705780029
MCQA_0074_6,MCQA,PNN,điều,chuyện,Predicate vocabulary,2.4402616024017334,2.486000061035156,0.0457384586334228
MCQA_0074_6,MCQA,PNN,mẹ,má,Kinship/Honorific terms,2.4402616024017334,2.515532970428467,0.0752713680267334
MCQA_0074_6,MCQA,PNT1,sao,răng,Interrogatives,2.4402616024017334,2.7441720962524414,0.303910493850708
MCQA_0074_6,MCQA,PNT1,đó,nớ,Demonstratives/Deixis,2.4402616024017334,2.558212995529175,0.1179513931274414
MCQA_0074_6,MCQA,PNT1,làm,mằn,Predicate vocabulary,2.4402616024017334,2.6897685527801514,0.2495069503784179
MCQA_0074_6,MCQA,PNT1,làm,mằn,Predicate vocabulary,2.4402616024017334,2.6897685527801514,0.2495069503784179
MCQA_0074_6,MCQA,PNT1,làm,mằn,Predicate vocabulary,2.4402616024017334,2.6897685527801514,0.2495069503784179
MCQA_0074_6,MCQA,PNT2,sao,răng,Interrogatives,2.4402616024017334,2.7441720962524414,0.303910493850708
MCQA_0074_6,MCQA,PNT2,mẹ,mệ,Kinship/Honorific terms,2.4402616024017334,2.5344598293304443,0.0941982269287109
MCQA_0074_6,MCQA,PNT2,làm,mần,Predicate vocabulary,2.4402616024017334,2.596986770629883,0.1567251682281494
MCQA_0074_6,MCQA,PNT2,mẹ,mệ,Kinship/Honorific terms,2.4402616024017334,2.5344598293304443,0.0941982269287109
MCQA_0074_6,MCQA,PNT2,làm,mần,Predicate vocabulary,2.4402616024017334,2.596986770629883,0.1567251682281494
MCQA_0074_6,MCQA,PNT3,sao,răng,Interrogatives,2.4402616024017334,2.7441720962524414,0.303910493850708
MCQA_0074_6,MCQA,PNT3,làm,mần,Predicate vocabulary,2.4402616024017334,2.596986770629883,0.1567251682281494
MCQA_0074_6,MCQA,PNT3,muốn làm,ưng mần,Predicate vocabulary,2.4402616024017334,2.6493935585021973,0.2091319561004638
MCQA_0074_6,MCQA,PNT3,muốn bạn ấy,ưng hắn,Pronouns,2.4402616024017334,2.5102739334106445,0.0700123310089111
MCQA_0074_6,MCQA,PNT4,sao,ren,Interrogatives,2.4402616024017334,2.760876417160034,0.3206148147583008
MCQA_0074_6,MCQA,PNT4,ấy,nớ,Demonstratives/Deixis,2.4402616024017334,2.5967214107513428,0.1564598083496093
MCQA_0077_0,MCQA,PNN,vì,tại,Connectives/Aspect markers,2.6410202980041504,2.7991652488708496,0.1581449508666992
MCQA_0077_0,MCQA,PNN,gọi,kêu,Predicate vocabulary,2.6410202980041504,2.71988844871521,0.0788681507110595
MCQA_0077_0,MCQA,PNN,vì cậu suốt ngày,tại nó cứ,Predicate vocabulary,2.6410202980041504,3.0441529750823975,0.403132677078247
MCQA_0077_0,MCQA,PNN,không,hông,Negation/Function words,2.6410202980041504,2.745450019836426,0.1044297218322753
MCQA_0077_0,MCQA,PNN,vì cậu suốt ngày,tại nó cứ,Predicate vocabulary,2.6410202980041504,3.0441529750823975,0.403132677078247
MCQA_0077_0,MCQA,PNN,không,hông,Negation/Function words,2.6410202980041504,2.745450019836426,0.1044297218322753
MCQA_0077_0,MCQA,PNN,vì cậu không,tại nó hông,Negation/Function words,2.6410202980041504,2.988879442214966,0.3478591442108154
MCQA_0077_0,MCQA,PNN,cùng,chung với,Predicate vocabulary,2.6410202980041504,2.62109112739563,-0.0199291706085205
MCQA_0077_0,MCQA,PNN,vì cậu,tại nó,Predicate vocabulary,2.6410202980041504,3.0244569778442383,0.3834366798400879
MCQA_0077_0,MCQA,PNN,không,hông,Negation/Function words,2.6410202980041504,2.745450019836426,0.1044297218322753
MCQA_0077_0,MCQA,PNN,các,mấy,Negation/Function words,2.6410202980041504,2.703420400619507,0.0624001026153564
MCQA_0077_0,MCQA,PNT1,sao,răng,Interrogatives,2.6410202980041504,3.002599716186523,0.361579418182373
MCQA_0077_0,MCQA,PNT2,sao,răng,Interrogatives,2.6410202980041504,3.002599716186523,0.361579418182373
MCQA_0077_0,MCQA,PNT2,gọi,kêu,Predicate vocabulary,2.6410202980041504,2.71988844871521,0.0788681507110595
MCQA_0077_0,MCQA,PNT2,vì cậu,tại lạo,Pronouns,2.6410202980041504,3.1876206398010254,0.546600341796875
MCQA_0077_0,MCQA,PNT2,không,nỏ,Negation/Function words,2.6410202980041504,2.8458728790283203,0.2048525810241699
MCQA_0077_0,MCQA,PNT2,vì cậu,tại lạo,Pronouns,2.6410202980041504,3.1876206398010254,0.546600341796875
MCQA_0077_0,MCQA,PNT2,không,nỏ,Negation/Function words,2.6410202980041504,2.8458728790283203,0.2048525810241699
MCQA_0077_0,MCQA,PNT2,vì cậu không,tại lạo nỏ,Pronouns,2.6410202980041504,3.1480865478515625,0.5070662498474121
MCQA_0077_0,MCQA,PNT2,cùng,với,Connectives/Aspect markers,2.6410202980041504,2.616881847381592,-0.0241384506225585
MCQA_0077_0,MCQA,PNT2,vì cậu,tại lạo,Pronouns,2.6410202980041504,3.1876206398010254,0.546600341796875
MCQA_0077_0,MCQA,PNT2,không,nỏ,Negation/Function words,2.6410202980041504,2.8458728790283203,0.2048525810241699
MCQA_0077_0,MCQA,PNT3,sao,răng,Interrogatives,2.6410202980041504,3.002599716186523,0.361579418182373
MCQA_0077_0,MCQA,PNT3,cậu,hắn,Pronouns,2.6410202980041504,2.7419209480285645,0.100900650024414
MCQA_0077_0,MCQA,PNT3,cậu,hắn,Pronouns,2.6410202980041504,2.7419209480285645,0.100900650024414
MCQA_0077_0,MCQA,PNT3,không,nỏ,Negation/Function words,2.6410202980041504,2.8458728790283203,0.2048525810241699
MCQA_0077_0,MCQA,PNT3,cậu không thích,hắn nỏ ưng,Pronouns,2.6410202980041504,2.9667766094207764,0.325756311416626
MCQA_0077_0,MCQA,PNT3,cùng,với,Connectives/Aspect markers,2.6410202980041504,2.616881847381592,-0.0241384506225585
MCQA_0077_0,MCQA,PNT3,cậu,hắn,Pronouns,2.6410202980041504,2.7419209480285645,0.100900650024414
MCQA_0077_0,MCQA,PNT3,không chơi,nỏ dởi,Negation/Function words,2.6410202980041504,2.9429118633270264,0.301891565322876
MCQA_0077_0,MCQA,PNT3,các,mấy,Negation/Function words,2.6410202980041504,2.703420400619507,0.0624001026153564
MCQA_0077_0,MCQA,PNT4,sao,răn,Interrogatives,2.6410202980041504,2.8246750831604004,0.18365478515625
MCQA_0077_0,MCQA,PNT4,cậu,thằng nớ,Pronouns,2.6410202980041504,2.8950414657592773,0.2540211677551269
MCQA_0077_0,MCQA,PNT4,cậu,thằng nớ,Pronouns,2.6410202980041504,2.8950414657592773,0.2540211677551269
MCQA_0077_0,MCQA,PNT4,cậu,thằng nớ,Pronouns,2.6410202980041504,2.8950414657592773,0.2540211677551269
MCQA_0077_0,MCQA,PNT4,cậu,thằng nớ,Pronouns,2.6410202980041504,2.8950414657592773,0.2540211677551269
MCQA_0080_0,MCQA,PNT1,chơi gì,chi,Interrogatives,2.3014354705810547,2.588947296142578,0.2875118255615234
MCQA_0080_0,MCQA,PNT1,này,ni,Demonstratives/Deixis,2.3014354705810547,2.5354666709899902,0.2340312004089355
MCQA_0080_0,MCQA,PNT2,chơi gì,chi,Interrogatives,2.3014354705810547,2.588947296142578,0.2875118255615234
MCQA_0080_0,MCQA,PNT2,này,ni,Demonstratives/Deixis,2.3014354705810547,2.5354666709899902,0.2340312004089355
MCQA_0080_0,MCQA,PNT3,gì,chi,Interrogatives,2.3014354705810547,2.568308115005493,0.2668726444244385
MCQA_0080_0,MCQA,PNT3,này,ni,Demonstratives/Deixis,2.3014354705810547,2.5354666709899902,0.2340312004089355
MCQA_0080_0,MCQA,PNT4,gì,chi,Interrogatives,2.3014354705810547,2.568308115005493,0.2668726444244385
MCQA_0081_3,MCQA,PNB,bịn rịn,lưu luyến,Idiomatic expressions,3.2156291007995605,3.360590696334839,0.1449615955352783
MCQA_0081_3,MCQA,PNN,mẹ,má,Kinship/Honorific terms,3.2156291007995605,3.515446662902832,0.2998175621032715
MCQA_0081_3,MCQA,PNN,như thế nào,ra sao,Interrogatives,3.2156291007995605,3.356132745742798,0.1405036449432373
MCQA_0081_3,MCQA,PNT1,như thế nào,ra răng,Interrogatives,3.2156291007995605,3.923537015914917,0.7079079151153564
MCQA_0081_3,MCQA,PNT2,như thế nào,a răng,Interrogatives,3.2156291007995605,3.928661108016968,0.7130320072174072
MCQA_0081_3,MCQA,PNT3,mẹ già,mạ tra,Kinship/Honorific terms,3.2156291007995605,3.423877716064453,0.2082486152648925
MCQA_0081_3,MCQA,PNT3,thế nào,răng,Interrogatives,3.2156291007995605,3.6900131702423096,0.474384069442749
MCQA_0081_3,MCQA,PNT3,bé nhỏ,dỏ,Predicate vocabulary,3.2156291007995605,3.597034215927124,0.3814051151275635
MCQA_0081_3,MCQA,PNT4,mẹ,má,Kinship/Honorific terms,3.2156291007995605,3.515446662902832,0.2998175621032715
MCQA_0081_3,MCQA,PNT4,thế nào,ren,Interrogatives,3.2156291007995605,3.672007560729981,0.4563784599304199
MCQA_0081_4,MCQA,PNB,đàn,các,Negation/Function words,3.281651258468628,3.2171475887298584,-0.0645036697387695
MCQA_0081_4,MCQA,PNT1,sao,răng,Interrogatives,3.281651258468628,3.817260265350342,0.5356090068817139
MCQA_0081_4,MCQA,PNT1,này,ni,Demonstratives/Deixis,3.281651258468628,3.502194881439209,0.220543622970581
MCQA_0081_4,MCQA,PNT2,sao,răng,Interrogatives,3.281651258468628,3.817260265350342,0.5356090068817139
MCQA_0081_4,MCQA,PNT2,này,ni,Demonstratives/Deixis,3.281651258468628,3.502194881439209,0.220543622970581
MCQA_0081_4,MCQA,PNT3,sao,răng,Interrogatives,3.281651258468628,3.817260265350342,0.5356090068817139
MCQA_0081_4,MCQA,PNT3,này,ni,Demonstratives/Deixis,3.281651258468628,3.502194881439209,0.220543622970581
MCQA_0081_4,MCQA,PNT4,sao,răng,Interrogatives,3.281651258468628,3.817260265350342,0.5356090068817139
MCQA_0087_0,MCQA,PNT1,nào,mô,Negation/Function words,2.977384567260742,3.350273609161377,0.3728890419006347
MCQA_0087_0,MCQA,PNT3,đến,tới,Predicate vocabulary,2.977384567260742,3.000042200088501,0.0226576328277587
MCQA_0087_0,MCQA,PNT4,đến,tới,Predicate vocabulary,2.977384567260742,3.000042200088501,0.0226576328277587
MCQA_0090_10,MCQA,PNB,hối hả,vội vã,Idiomatic expressions,2.760953903198242,2.820455312728882,0.0595014095306396
MCQA_0090_10,MCQA,PNT1,như thế nào,ra răng,Interrogatives,2.760953903198242,3.1850526332855225,0.4240987300872803
MCQA_0090_10,MCQA,PNT4,như thế nào,ra ren,Interrogatives,2.760953903198242,3.119868516921997,0.3589146137237549
MCQA_0090_10,MCQA,PNT4,mẹ và,má với,Kinship/Honorific terms,2.760953903198242,3.027164936065674,0.2662110328674316
MCQA_0090_10,MCQA,PNT4,hối hả,quíu,Predicate vocabulary,2.760953903198242,3.161297082901001,0.4003431797027588
MCQA_0090_10,MCQA,PNT4,xấu hổ,mắc cỡ,Predicate vocabulary,2.760953903198242,3.031632423400879,0.2706785202026367
MCQA_0090_6,MCQA,PNN,không,hông,Negation/Function words,2.8206355571746826,2.921579122543335,0.1009435653686523
MCQA_0090_6,MCQA,PNN,chiếc,cái,Negation/Function words,2.8206355571746826,2.8166728019714355,-0.003962755203247
MCQA_0090_6,MCQA,PNN,chiếc,cái,Negation/Function words,2.8206355571746826,2.8166728019714355,-0.003962755203247
MCQA_0090_6,MCQA,PNN,thế,vậy,Demonstratives/Deixis,2.8206355571746826,2.9020402431488037,0.0814046859741211
MCQA_0090_6,MCQA,PNN,dỗi,giận,Predicate vocabulary,2.8206355571746826,2.9412102699279785,0.1205747127532959
MCQA_0090_6,MCQA,PNN,vờ,giả đò,Predicate vocabulary,2.8206355571746826,3.038242816925049,0.2176072597503662
MCQA_0090_6,MCQA,PNN,dỗi,giận,Predicate vocabulary,2.8206355571746826,2.9412102699279785,0.1205747127532959
MCQA_0090_6,MCQA,PNN,vờ,giả đò,Predicate vocabulary,2.8206355571746826,3.038242816925049,0.2176072597503662
MCQA_0090_6,MCQA,PNN,chiếc,cái,Negation/Function words,2.8206355571746826,2.8166728019714355,-0.003962755203247
MCQA_0090_6,MCQA,PNN,thế,vậy,Demonstratives/Deixis,2.8206355571746826,2.9020402431488037,0.0814046859741211
MCQA_0090_6,MCQA,PNT1,như thế nào,ra răng,Interrogatives,2.8206355571746826,3.10767126083374,0.2870357036590576
MCQA_0090_6,MCQA,PNT1,thế,rứa,Demonstratives/Deixis,2.8206355571746826,2.949296236038208,0.1286606788635254
MCQA_0090_6,MCQA,PNT1,thế,rứa,Demonstratives/Deixis,2.8206355571746826,2.949296236038208,0.1286606788635254
MCQA_0090_6,MCQA,PNT2,như thế nào,a răng,Interrogatives,2.8206355571746826,3.104743480682373,0.2841079235076904
MCQA_0090_6,MCQA,PNT2,bạn,con,Kinship/Honorific terms,2.8206355571746826,2.8333797454833984,0.0127441883087158
MCQA_0090_6,MCQA,PNT2,như thế,a rứa,Demonstratives/Deixis,2.8206355571746826,2.98886775970459,0.1682322025299072
MCQA_0090_6,MCQA,PNT2,như thế,a rứa,Demonstratives/Deixis,2.8206355571746826,2.98886775970459,0.1682322025299072
MCQA_0090_6,MCQA,PNT3,thế nào,răng,Interrogatives,2.8206355571746826,3.0886425971984863,0.2680070400238037
MCQA_0090_6,MCQA,PNT3,chiếc,cái,Negation/Function words,2.8206355571746826,2.8166728019714355,-0.003962755203247
MCQA_0090_6,MCQA,PNT3,thế,rứa,Demonstratives/Deixis,2.8206355571746826,2.949296236038208,0.1286606788635254
MCQA_0090_6,MCQA,PNT3,dỗi,lẫy,Predicate vocabulary,2.8206355571746826,2.969324827194214,0.1486892700195312
MCQA_0090_6,MCQA,PNT3,vờ,giả đò,Predicate vocabulary,2.8206355571746826,3.038242816925049,0.2176072597503662
MCQA_0090_6,MCQA,PNT3,dỗi,lẫy,Predicate vocabulary,2.8206355571746826,2.969324827194214,0.1486892700195312
MCQA_0090_6,MCQA,PNT3,vờ,giả đò,Predicate vocabulary,2.8206355571746826,3.038242816925049,0.2176072597503662
MCQA_0090_6,MCQA,PNT3,thế,rứa,Demonstratives/Deixis,2.8206355571746826,2.949296236038208,0.1286606788635254
MCQA_0090_6,MCQA,PNT4,thế nào,răn,Interrogatives,2.8206355571746826,3.034291505813598,0.213655948638916
MCQA_0091_0,MCQA,PNN,cho,bỏ,Predicate vocabulary,3.5113141536712646,3.603346586227417,0.0920324325561523
MCQA_0091_0,MCQA,PNN,vào túi,vô bịch,Predicate vocabulary,3.5113141536712646,3.6408965587615967,0.129582405090332
MCQA_0091_0,MCQA,PNN,và,rồi,Connectives/Aspect markers,3.5113141536712646,3.756014108657837,0.2446999549865722
MCQA_0091_0,MCQA,PNT1,làm gì,mằn răng,Interrogatives,3.5113141536712646,3.793980598449707,0.2826664447784424
MCQA_0091_0,MCQA,PNT1,vào,vô,Connectives/Aspect markers,3.5113141536712646,3.566556692123413,0.0552425384521484
MCQA_0091_0,MCQA,PNT1,và,rồi,Connectives/Aspect markers,3.5113141536712646,3.756014108657837,0.2446999549865722
MCQA_0091_0,MCQA,PNT2,đã,nớ đạ,Connectives/Aspect markers,3.5113141536712646,3.8249900341033936,0.3136758804321289
MCQA_0091_0,MCQA,PNT2,gì,chi,Interrogatives,3.5113141536712646,3.665105819702149,0.1537916660308838
MCQA_0091_0,MCQA,PNT2,túi,bao,Predicate vocabulary,3.5113141536712646,3.507953405380249,-0.0033607482910156
MCQA_0091_0,MCQA,PNT3,làm gì,mần chi,Interrogatives,3.5113141536712646,3.805330991744995,0.2940168380737304
MCQA_0091_0,MCQA,PNT3,vào túi ni lông và,vô bao xì dầu rồi,Connectives/Aspect markers,3.5113141536712646,3.566771984100342,0.0554578304290771
MCQA_0091_0,MCQA,PNT4,gì,chi,Interrogatives,3.5113141536712646,3.665105819702149,0.1537916660308838
MCQA_0091_0,MCQA,PNT4,vào,vô,Connectives/Aspect markers,3.5113141536712646,3.566556692123413,0.0552425384521484
MCQA_0091_0,MCQA,PNT4,và,rồi,Connectives/Aspect markers,3.5113141536712646,3.756014108657837,0.2446999549865722
MCQA_0091_1,MCQA,PNT1,làm gì,mằn chi,Interrogatives,2.722583293914795,3.1435201168060303,0.4209368228912353
MCQA_0091_1,MCQA,PNT1,vào,vô,Connectives/Aspect markers,2.722583293914795,2.8603179454803467,0.1377346515655517
MCQA_0091_1,MCQA,PNT1,vào,vô,Connectives/Aspect markers,2.722583293914795,2.8603179454803467,0.1377346515655517
MCQA_0091_1,MCQA,PNT2,thấy,chộ,Predicate vocabulary,2.722583293914795,3.0686357021331787,0.3460524082183838
MCQA_0091_1,MCQA,PNT2,đã làm gì,đạ mần chi,Interrogatives,2.722583293914795,3.097759246826172,0.3751759529113769
MCQA_0091_1,MCQA,PNT2,vào,vô,Connectives/Aspect markers,2.722583293914795,2.8603179454803467,0.1377346515655517
MCQA_0091_1,MCQA,PNT2,vào,vô,Connectives/Aspect markers,2.722583293914795,2.8603179454803467,0.1377346515655517
MCQA_0091_1,MCQA,PNT2,cái,cấy,Negation/Function words,2.722583293914795,2.8076202869415283,0.0850369930267334
MCQA_0091_1,MCQA,PNT3,gì,chi,Interrogatives,2.722583293914795,2.8991689682006836,0.1765856742858886
MCQA_0091_1,MCQA,PNT3,vào,vô,Connectives/Aspect markers,2.722583293914795,2.8603179454803467,0.1377346515655517
MCQA_0091_1,MCQA,PNT3,vào,vô,Connectives/Aspect markers,2.722583293914795,2.8603179454803467,0.1377346515655517
MCQA_0091_1,MCQA,PNT4,lão,già,Predicate vocabulary,2.722583293914795,2.9505207538604736,0.2279374599456787
MCQA_0091_1,MCQA,PNT4,gì,chi,Interrogatives,2.722583293914795,2.8991689682006836,0.1765856742858886
MCQA_0091_1,MCQA,PNT4,lão vào,già vô,Predicate vocabulary,2.722583293914795,3.106039047241211,0.383455753326416
MCQA_0091_1,MCQA,PNT4,vào,vô,Connectives/Aspect markers,2.722583293914795,2.8603179454803467,0.1377346515655517
MCQA_0091_1,MCQA,PNT4,lão,già,Predicate vocabulary,2.722583293914795,2.9505207538604736,0.2279374599456787
MCQA_0091_1,MCQA,PNT4,lão,già,Predicate vocabulary,2.722583293914795,2.9505207538604736,0.2279374599456787
MCQA_0091_1,MCQA,PNT4,lão,già,Predicate vocabulary,2.722583293914795,2.9505207538604736,0.2279374599456787
MCQA_0092_1,MCQA,PNN,khi các,lúc mấy,Predicate vocabulary,3.59464430809021,3.61575984954834,0.0211155414581298
MCQA_0092_1,MCQA,PNN,đến,tới,Predicate vocabulary,3.59464430809021,3.634042739868164,0.0393984317779541
MCQA_0092_1,MCQA,PNN,giúp mẹ,phụ má,Kinship/Honorific terms,3.59464430809021,3.7337162494659424,0.1390719413757324
MCQA_0092_1,MCQA,PNT1,làm gì,mằn chi,Interrogatives,3.59464430809021,4.314217567443848,0.7195732593536377
MCQA_0092_1,MCQA,PNT2,làm gì,mần chi,Interrogatives,3.59464430809021,4.099485397338867,0.5048410892486572
MCQA_0092_1,MCQA,PNT2,mẹ,mệ,Kinship/Honorific terms,3.59464430809021,3.759117126464844,0.1644728183746338
MCQA_0092_1,MCQA,PNT3,các,mấy,Negation/Function words,3.59464430809021,3.556612491607666,-0.0380318164825439
MCQA_0092_1,MCQA,PNT3,gì,chi,Interrogatives,3.59464430809021,3.873992919921875,0.279348611831665
MCQA_0092_1,MCQA,PNT4,gì,cái chi,Interrogatives,3.59464430809021,3.991394281387329,0.3967499732971191
MCQA_0092_2,MCQA,PNB,tấm,chiếc,Predicate vocabulary,3.1993887424468994,3.108647584915161,-0.0907411575317382
MCQA_0092_2,MCQA,PNB,góp,tặng,Predicate vocabulary,3.1993887424468994,3.439126968383789,0.2397382259368896
MCQA_0092_2,MCQA,PNN,các,mấy,Negation/Function words,3.1993887424468994,3.2910430431365967,0.0916543006896972
MCQA_0092_2,MCQA,PNN,đến,tới,Predicate vocabulary,3.1993887424468994,3.232870101928711,0.0334813594818115
MCQA_0092_2,MCQA,PNN,tấm,cái,Negation/Function words,3.1993887424468994,3.1441895961761475,-0.0551991462707519
MCQA_0092_2,MCQA,PNN,đến,tới,Predicate vocabulary,3.1993887424468994,3.232870101928711,0.0334813594818115
MCQA_0092_2,MCQA,PNT1,làm gì,mằn chi,Interrogatives,3.1993887424468994,3.636789083480835,0.4374003410339355
MCQA_0092_2,MCQA,PNT2,đã,đạ,Connectives/Aspect markers,3.1993887424468994,3.3836007118225098,0.1842119693756103
MCQA_0092_2,MCQA,PNT2,đã làm gì,đạ mần chi,Interrogatives,3.1993887424468994,3.6474006175994873,0.4480118751525879
MCQA_0092_2,MCQA,PNT3,và,với,Connectives/Aspect markers,3.1993887424468994,3.2606804370880127,0.0612916946411132
MCQA_0092_2,MCQA,PNT3,làm gì,mần chi,Interrogatives,3.1993887424468994,3.5867838859558105,0.3873951435089111
MCQA_0092_2,MCQA,PNT3,tấm,cấy,Negation/Function words,3.1993887424468994,3.2902262210845947,0.0908374786376953
MCQA_0092_2,MCQA,PNT4,các,mấy,Negation/Function words,3.1993887424468994,3.2910430431365967,0.0916543006896972
MCQA_0092_2,MCQA,PNT4,gì,chi,Interrogatives,3.1993887424468994,3.408947467803955,0.2095587253570556
MCQA_0092_2,MCQA,PNT4,giúp,giùm,Predicate vocabulary,3.1993887424468994,3.1595635414123535,-0.0398252010345459
MCQA_0092_2,MCQA,PNT4,đến,tới,Predicate vocabulary,3.1993887424468994,3.232870101928711,0.0334813594818115
MCQA_0092_2,MCQA,PNT4,giúp,phụ,Predicate vocabulary,3.1993887424468994,3.1923909187316895,-0.0069978237152099
MCQA_0092_2,MCQA,PNT4,đến,tới,Predicate vocabulary,3.1993887424468994,3.232870101928711,0.0334813594818115
MCQA_0095_1,MCQA,PNB,dạt,trôi,Predicate vocabulary,3.333099365234375,3.314690113067627,-0.018409252166748
MCQA_0095_1,MCQA,PNB,hư,rách,Predicate vocabulary,3.333099365234375,3.5618865489959717,0.2287871837615966
MCQA_0095_1,MCQA,PNN,khi,lúc,Connectives/Aspect markers,3.333099365234375,3.3886613845825195,0.0555620193481445
MCQA_0095_1,MCQA,PNN,rơi,rớt,Predicate vocabulary,3.333099365234375,3.341177463531494,0.0080780982971191
MCQA_0095_1,MCQA,PNN,như thế nào,ra sao,Interrogatives,3.333099365234375,3.341278314590454,0.0081789493560791
MCQA_0095_1,MCQA,PNN,mãi,hoài,Predicate vocabulary,3.333099365234375,3.351069450378418,0.0179700851440429
MCQA_0095_1,MCQA,PNN,mãi đến,hoài tới,Predicate vocabulary,3.333099365234375,3.453874349594116,0.1207749843597412
MCQA_0095_1,MCQA,PNN,và,rồi,Connectives/Aspect markers,3.333099365234375,3.3851020336151123,0.0520026683807373
MCQA_0095_1,MCQA,PNN,dạt,tấp,Predicate vocabulary,3.333099365234375,3.347913980484009,0.0148146152496337
MCQA_0095_1,MCQA,PNN,bùn,sình,Predicate vocabulary,3.333099365234375,3.452784299850464,0.1196849346160888
MCQA_0095_1,MCQA,PNN,và,với,Connectives/Aspect markers,3.333099365234375,3.4242353439331055,0.0911359786987304
MCQA_0095_1,MCQA,PNN,bùn,sình,Predicate vocabulary,3.333099365234375,3.452784299850464,0.1196849346160888
MCQA_0095_1,MCQA,PNT1,thế nào,răng,Interrogatives,3.333099365234375,3.521591901779175,0.1884925365447998
MCQA_0095_1,MCQA,PNT1,đến,tới,Predicate vocabulary,3.333099365234375,3.3510518074035645,0.0179524421691894
MCQA_0095_1,MCQA,PNT1,vào,vô,Connectives/Aspect markers,3.333099365234375,3.4068803787231445,0.0737810134887695
MCQA_0095_1,MCQA,PNT2,nó,răng a hấn,Pronouns,3.333099365234375,3.6823737621307377,0.3492743968963623
MCQA_0095_1,MCQA,PNT2,vào,vô,Connectives/Aspect markers,3.333099365234375,3.4068803787231445,0.0737810134887695
MCQA_0095_1,MCQA,PNT3,rơi,rớt,Predicate vocabulary,3.333099365234375,3.341177463531494,0.0080780982971191
MCQA_0095_1,MCQA,PNT3,thế nào,răng,Interrogatives,3.333099365234375,3.521591901779175,0.1884925365447998
MCQA_0095_1,MCQA,PNT3,nó,hắn,Pronouns,3.333099365234375,3.522545576095581,0.189446210861206
MCQA_0095_1,MCQA,PNT3,và,rồi,Connectives/Aspect markers,3.333099365234375,3.3851020336151123,0.0520026683807373
MCQA_0095_1,MCQA,PNT3,vào,vô,Connectives/Aspect markers,3.333099365234375,3.4068803787231445,0.0737810134887695
MCQA_0095_1,MCQA,PNT3,đầy,toàn,Predicate vocabulary,3.333099365234375,3.4518074989318848,0.1187081336975097
MCQA_0095_1,MCQA,PNT3,và,với,Connectives/Aspect markers,3.333099365234375,3.4242353439331055,0.0911359786987304
MCQA_0095_1,MCQA,PNT4,rơi,rớt,Predicate vocabulary,3.333099365234375,3.341177463531494,0.0080780982971191
MCQA_0095_1,MCQA,PNT4,như thế nào,ra ren,Interrogatives,3.333099365234375,3.570178985595703,0.2370796203613281
MCQA_0095_1,MCQA,PNT4,nó,hén,Pronouns,3.333099365234375,3.5712621212005615,0.2381627559661865
MCQA_0095_1,MCQA,PNT4,mãi,hoài,Predicate vocabulary,3.333099365234375,3.351069450378418,0.0179700851440429
MCQA_0095_1,MCQA,PNT4,mãi đến,hoài tới,Predicate vocabulary,3.333099365234375,3.453874349594116,0.1207749843597412
MCQA_0095_1,MCQA,PNT4,vào,vô,Connectives/Aspect markers,3.333099365234375,3.4068803787231445,0.0737810134887695
MCQA_0096_0,MCQA,PNN,nông,ruộng,Predicate vocabulary,2.636554479598999,2.5902483463287354,-0.0463061332702636
MCQA_0096_0,MCQA,PNN,tận,tuốt,Predicate vocabulary,2.636554479598999,2.6652820110321045,0.0287275314331054
MCQA_0096_0,MCQA,PNT1,như thế nào,ra răng,Interrogatives,2.636554479598999,2.808027505874634,0.1714730262756347
MCQA_0096_0,MCQA,PNT1,vào,vô,Connectives/Aspect markers,2.636554479598999,2.703423500061035,0.0668690204620361
MCQA_0096_0,MCQA,PNT2,làm,mần,Predicate vocabulary,2.636554479598999,2.747812032699585,0.1112575531005859
MCQA_0096_0,MCQA,PNT2,thế nào,răng,Interrogatives,2.636554479598999,2.7957870960235596,0.1592326164245605
MCQA_0096_0,MCQA,PNT2,vào,vô,Connectives/Aspect markers,2.636554479598999,2.703423500061035,0.0668690204620361
MCQA_0096_0,MCQA,PNT3,thế nào,răng,Interrogatives,2.636554479598999,2.7957870960235596,0.1592326164245605
MCQA_0096_0,MCQA,PNT3,vào,vô,Connectives/Aspect markers,2.636554479598999,2.703423500061035,0.0668690204620361
MCQA_0096_0,MCQA,PNT3,các,mấy,Negation/Function words,2.636554479598999,2.7199594974517822,0.0834050178527832
MCQA_0096_0,MCQA,PNT3,các,mấy,Negation/Function words,2.636554479598999,2.7199594974517822,0.0834050178527832
MCQA_0096_0,MCQA,PNT3,các,mấy,Negation/Function words,2.636554479598999,2.7199594974517822,0.0834050178527832
MCQA_0096_0,MCQA,PNT4,thế nào,răn,Interrogatives,2.636554479598999,2.823042392730713,0.1864879131317138
MCQA_0096_0,MCQA,PNT4,vào,vô,Connectives/Aspect markers,2.636554479598999,2.703423500061035,0.0668690204620361
MCQA_0098_4,MCQA,PNB,khóm,bụi,Predicate vocabulary,4.00504732131958,4.024706840515137,0.0196595191955566
MCQA_0098_4,MCQA,PNB,cha,bố,Kinship/Honorific terms,4.00504732131958,4.0018839836120605,-0.0031633377075195
MCQA_0098_4,MCQA,PNB,cha,bố,Kinship/Honorific terms,4.00504732131958,4.0018839836120605,-0.0031633377075195
MCQA_0098_4,MCQA,PNB,cha,bố,Kinship/Honorific terms,4.00504732131958,4.0018839836120605,-0.0031633377075195
MCQA_0098_4,MCQA,PNB,cha,bố,Kinship/Honorific terms,4.00504732131958,4.0018839836120605,-0.0031633377075195
MCQA_0098_4,MCQA,PNN,chàng hoảng hốt,ảnh quýnh quáng,Kinship/Honorific terms,4.00504732131958,4.191103935241699,0.1860566139221191
MCQA_0098_4,MCQA,PNN,khóm,bụi,Predicate vocabulary,4.00504732131958,4.024706840515137,0.0196595191955566
MCQA_0098_4,MCQA,PNN,mẹ,má,Kinship/Honorific terms,4.00504732131958,4.080947399139404,0.0759000778198242
MCQA_0098_4,MCQA,PNN,cha,ba,Kinship/Honorific terms,4.00504732131958,4.014236927032471,0.0091896057128906
MCQA_0098_4,MCQA,PNN,và,với,Connectives/Aspect markers,4.00504732131958,4.073745250701904,0.0686979293823242
MCQA_0098_4,MCQA,PNN,khi cha,lúc ba,Kinship/Honorific terms,4.00504732131958,4.151734352111816,0.1466870307922363
MCQA_0098_4,MCQA,PNN,cha,ba,Kinship/Honorific terms,4.00504732131958,4.014236927032471,0.0091896057128906
MCQA_0098_4,MCQA,PNN,cha,ba,Kinship/Honorific terms,4.00504732131958,4.014236927032471,0.0091896057128906
MCQA_0098_4,MCQA,PNN,không,chuồng,Negation/Function words,4.00504732131958,3.9626152515411377,-0.0424320697784423
MCQA_0098_4,MCQA,PNT1,nào,mô,Negation/Function words,4.00504732131958,4.131494522094727,0.1264472007751464
MCQA_0098_4,MCQA,PNT2,đã,đả,Connectives/Aspect markers,4.00504732131958,4.09434700012207,0.0892996788024902
MCQA_0098_4,MCQA,PNT3,qua,bằng,Predicate vocabulary,4.00504732131958,4.017024993896484,0.0119776725769042
MCQA_0098_4,MCQA,PNT3,khóm,bụi,Predicate vocabulary,4.00504732131958,4.024706840515137,0.0196595191955566
MCQA_0098_4,MCQA,PNT3,chiếc,cấy,Negation/Function words,4.00504732131958,4.019588470458984,0.0145411491394042
MCQA_0098_4,MCQA,PNT3,mình đành,miềng thì,Pronouns,4.00504732131958,4.031497955322266,0.0264506340026855
MCQA_0098_4,MCQA,PNT4,nào,mô,Interrogatives,4.00504732131958,4.131494522094727,0.1264472007751464
MCQA_0098_4,MCQA,PNT4,bãi,bờ,Predicate vocabulary,4.00504732131958,3.952810764312744,-0.0522365570068359
MCQA_0098_8,MCQA,PNN,ông,ổng,Pronouns,2.940446615219116,3.126432180404663,0.1859855651855468
MCQA_0098_8,MCQA,PNN,ông,ổng,Pronouns,2.940446615219116,3.126432180404663,0.1859855651855468
MCQA_0098_8,MCQA,PNT1,làm gì,mằn chi,Interrogatives,2.940446615219116,3.6404638290405273,0.7000172138214111
MCQA_0098_8,MCQA,PNT2,đã làm gì,đạ mần chi,Interrogatives,2.940446615219116,3.5834860801696777,0.6430394649505615
MCQA_0098_8,MCQA,PNT3,gì,chi,Interrogatives,2.940446615219116,3.228505373001098,0.2880587577819824
MCQA_0098_8,MCQA,PNT4,gì,chi,Interrogatives,2.940446615219116,3.228505373001098,0.2880587577819824
MCQA_0100_1,MCQA,PNN,vì,tại,Connectives/Aspect markers,2.902570962905884,2.9959194660186768,0.0933485031127929
MCQA_0100_1,MCQA,PNN,khi,lúc,Connectives/Aspect markers,2.902570962905884,2.8956029415130615,-0.0069680213928222
MCQA_0100_1,MCQA,PNN,cuối,sau,Predicate vocabulary,2.902570962905884,2.951788902282715,0.049217939376831
MCQA_0100_1,MCQA,PNN,không,hông,Negation/Function words,2.902570962905884,2.9838292598724365,0.0812582969665527
MCQA_0100_1,MCQA,PNN,và,rồi,Connectives/Aspect markers,2.902570962905884,2.980919599533081,0.0783486366271972
MCQA_0100_1,MCQA,PNN,rằng,là,Connectives/Aspect markers,2.902570962905884,2.916727304458618,0.0141563415527343
MCQA_0100_1,MCQA,PNN,vì,tại,Connectives/Aspect markers,2.902570962905884,2.9959194660186768,0.0933485031127929
MCQA_0100_1,MCQA,PNN,chóng,mau,Predicate vocabulary,2.902570962905884,2.9013822078704834,-0.0011887550354003
MCQA_0100_1,MCQA,PNN,vì,tại,Connectives/Aspect markers,2.902570962905884,2.9959194660186768,0.0933485031127929
MCQA_0100_1,MCQA,PNN,không,hông,Negation/Function words,2.902570962905884,2.9838292598724365,0.0812582969665527
MCQA_0100_1,MCQA,PNN,vì,tại,Connectives/Aspect markers,2.902570962905884,2.9959194660186768,0.0933485031127929
MCQA_0100_1,MCQA,PNN,không chú,hông để,Negation/Function words,2.902570962905884,2.966569185256958,0.0639982223510742
MCQA_0100_1,MCQA,PNN,khuất,mất,Predicate vocabulary,2.902570962905884,2.945021629333496,0.0424506664276123
MCQA_0100_1,MCQA,PNT1,sao,răng,Interrogatives,2.902570962905884,3.249666690826416,0.3470957279205322
MCQA_0100_1,MCQA,PNT2,sao,răng,Interrogatives,2.902570962905884,3.249666690826416,0.3470957279205322
MCQA_0100_1,MCQA,PNT2,không,nỏ,Negation/Function words,2.902570962905884,3.066962718963623,0.1643917560577392
MCQA_0100_1,MCQA,PNT2,thấy,chộ,Predicate vocabulary,2.902570962905884,3.089728832244873,0.1871578693389892
MCQA_0100_1,MCQA,PNT2,rằng,là,Connectives/Aspect markers,2.902570962905884,2.916727304458618,0.0141563415527343
MCQA_0100_1,MCQA,PNT2,không,nỏ,Negation/Function words,2.902570962905884,3.066962718963623,0.1643917560577392
MCQA_0100_1,MCQA,PNT2,thấy,chộ,Predicate vocabulary,2.902570962905884,3.089728832244873,0.1871578693389892
MCQA_0100_1,MCQA,PNT2,không,nỏ,Negation/Function words,2.902570962905884,3.066962718963623,0.1643917560577392
MCQA_0100_1,MCQA,PNT3,sao,răng,Interrogatives,2.902570962905884,3.249666690826416,0.3470957279205322
MCQA_0100_1,MCQA,PNT3,nhìn thấy,chộ,Predicate vocabulary,2.902570962905884,3.0721919536590576,0.1696209907531738
MCQA_0100_1,MCQA,PNT3,nên,bơ,Connectives/Aspect markers,2.902570962905884,3.0206100940704346,0.1180391311645507
MCQA_0100_1,MCQA,PNT3,nhìn thấy,chộ,Predicate vocabulary,2.902570962905884,3.0721919536590576,0.1696209907531738
MCQA_0100_1,MCQA,PNT4,sao,răng,Interrogatives,2.902570962905884,3.249666690826416,0.3470957279205322
MCQA_0100_2,MCQA,PNN,hoa,bông,Predicate vocabulary,3.4342825412750244,3.4675843715667725,0.033301830291748
MCQA_0100_2,MCQA,PNN,hoa,bông,Predicate vocabulary,3.4342825412750244,3.4675843715667725,0.033301830291748
MCQA_0100_2,MCQA,PNN,gọi,kêu,Predicate vocabulary,3.4342825412750244,3.44911789894104,0.0148353576660156
MCQA_0100_2,MCQA,PNN,nhiều,mấy,Negation/Function words,3.4342825412750244,3.453601837158203,0.0193192958831787
MCQA_0100_2,MCQA,PNT1,làm gì,mằn chi,Interrogatives,3.4342825412750244,3.704302310943603,0.2700197696685791
MCQA_0100_2,MCQA,PNT1,vào,vô,Connectives/Aspect markers,3.4342825412750244,3.535001039505005,0.1007184982299804
MCQA_0100_2,MCQA,PNT1,vào,vô,Connectives/Aspect markers,3.4342825412750244,3.535001039505005,0.1007184982299804
MCQA_0100_2,MCQA,PNT1,vào,vô,Connectives/Aspect markers,3.4342825412750244,3.535001039505005,0.1007184982299804
MCQA_0100_2,MCQA,PNT1,gọi,hú,Predicate vocabulary,3.4342825412750244,3.4665377140045166,0.0322551727294921
MCQA_0100_2,MCQA,PNT2,gì,chi,Interrogatives,3.4342825412750244,3.540367603302002,0.1060850620269775
MCQA_0100_2,MCQA,PNT2,vào,vô,Connectives/Aspect markers,3.4342825412750244,3.535001039505005,0.1007184982299804
MCQA_0100_2,MCQA,PNT2,vào,vô,Connectives/Aspect markers,3.4342825412750244,3.535001039505005,0.1007184982299804
MCQA_0100_2,MCQA,PNT2,gọi,hú,Predicate vocabulary,3.4342825412750244,3.4665377140045166,0.0322551727294921
MCQA_0100_2,MCQA,PNT3,làm gì,mần chi,Interrogatives,3.4342825412750244,3.634793758392334,0.2005112171173095
MCQA_0100_2,MCQA,PNT3,và,với,Connectives/Aspect markers,3.4342825412750244,3.407214641571045,-0.0270678997039794
MCQA_0100_2,MCQA,PNT3,vào,vô,Connectives/Aspect markers,3.4342825412750244,3.535001039505005,0.1007184982299804
MCQA_0100_2,MCQA,PNT3,vào,lên,Predicate vocabulary,3.4342825412750244,3.422377347946167,-0.0119051933288574
MCQA_0100_2,MCQA,PNT3,nó,hắn,Pronouns,3.4342825412750244,3.486279010772705,0.0519964694976806
MCQA_0100_2,MCQA,PNT3,vào,vô,Connectives/Aspect markers,3.4342825412750244,3.535001039505005,0.1007184982299804
MCQA_0100_2,MCQA,PNT3,gọi,hú,Predicate vocabulary,3.4342825412750244,3.4665377140045166,0.0322551727294921
MCQA_0100_2,MCQA,PNT4,làm gì,mần cấy chi,Predicate vocabulary,3.4342825412750244,3.673165798187256,0.2388832569122314
MCQA_0100_2,MCQA,PNT4,vào,vô,Connectives/Aspect markers,3.4342825412750244,3.535001039505005,0.1007184982299804
MCQA_0100_2,MCQA,PNT4,vào,vô,Connectives/Aspect markers,3.4342825412750244,3.535001039505005,0.1007184982299804
MCQA_0100_2,MCQA,PNT4,gọi,kêu,Predicate vocabulary,3.4342825412750244,3.44911789894104,0.0148353576660156
MCQA_0104_4,MCQA,PNT1,vào,vô,Connectives/Aspect markers,3.837733507156372,4.011309623718262,0.1735761165618896
MCQA_0104_4,MCQA,PNT1,này,ni,Demonstratives/Deixis,3.837733507156372,3.924384355545044,0.0866508483886718
MCQA_0104_4,MCQA,PNT1,em,mi,Pronouns,3.837733507156372,3.962290048599243,0.1245565414428711
MCQA_0104_4,MCQA,PNT1,sử dụng,dùng,Predicate vocabulary,3.837733507156372,3.9524970054626465,0.1147634983062744
MCQA_0104_4,MCQA,PNT1,nào,mô,Negation/Function words,3.837733507156372,4.086239337921143,0.2485058307647705
MCQA_0104_4,MCQA,PNT1,nào,chi,Interrogatives,3.837733507156372,4.078152179718018,0.2404186725616455
MCQA_0104_4,MCQA,PNT1,và,lẫn,Connectives/Aspect markers,3.837733507156372,4.167678356170654,0.3299448490142822
MCQA_0104_4,MCQA,PNT2,vào,vô,Connectives/Aspect markers,3.837733507156372,4.011309623718262,0.1735761165618896
MCQA_0104_4,MCQA,PNT2,này,ni,Demonstratives/Deixis,3.837733507156372,3.924384355545044,0.0866508483886718
MCQA_0104_4,MCQA,PNT2,đã,đạ,Connectives/Aspect markers,3.837733507156372,3.9918484687805176,0.1541149616241455
MCQA_0104_4,MCQA,PNT2,không,nỏ,Negation/Function words,3.837733507156372,4.086716651916504,0.2489831447601318
MCQA_0104_4,MCQA,PNT3,vào,vô,Connectives/Aspect markers,3.837733507156372,4.011309623718262,0.1735761165618896
MCQA_0104_4,MCQA,PNT3,này,ni,Demonstratives/Deixis,3.837733507156372,3.924384355545044,0.0866508483886718
MCQA_0104_4,MCQA,PNT3,đợi,chờ,Predicate vocabulary,3.837733507156372,3.8443992137908936,0.0066657066345214
MCQA_0104_4,MCQA,PNT3,sử dụng,dùng,Predicate vocabulary,3.837733507156372,3.9524970054626465,0.1147634983062744
MCQA_0104_4,MCQA,PNT4,nào,mô,Interrogatives,3.837733507156372,4.086239337921143,0.2485058307647705
MCQA_0104_4,MCQA,PNT4,nào,mô,Interrogatives,3.837733507156372,4.086239337921143,0.2485058307647705
MCQA_0106_3,MCQA,PNT1,gì,chi,Interrogatives,3.8138792514801025,4.128981113433838,0.3151018619537353
MCQA_0106_3,MCQA,PNT2,gì,chi,Interrogatives,3.8138792514801025,4.128981113433838,0.3151018619537353
MCQA_0106_3,MCQA,PNT3,gì,chi,Interrogatives,3.8138792514801025,4.128981113433838,0.3151018619537353
MCQA_0106_3,MCQA,PNT4,gì,chi,Interrogatives,3.8138792514801025,4.128981113433838,0.3151018619537353
MCQA_0114_1,MCQA,PNB,như thế nào,gì,Interrogatives,2.7597665786743164,2.6767935752868652,-0.0829730033874511
MCQA_0114_1,MCQA,PNN,định,tính,Predicate vocabulary,2.7597665786743164,2.938756942749023,0.178990364074707
MCQA_0114_1,MCQA,PNN,định,tính,Predicate vocabulary,2.7597665786743164,2.938756942749023,0.178990364074707
MCQA_0114_1,MCQA,PNN,xem,coi,Predicate vocabulary,2.7597665786743164,2.848982810974121,0.0892162322998046
MCQA_0114_1,MCQA,PNN,định,tính,Predicate vocabulary,2.7597665786743164,2.938756942749023,0.178990364074707
MCQA_0114_1,MCQA,PNN,định đánh,tính ăn,Predicate vocabulary,2.7597665786743164,3.0383543968200684,0.2785878181457519
MCQA_0114_1,MCQA,PNN,định,tính,Predicate vocabulary,2.7597665786743164,2.938756942749023,0.178990364074707
MCQA_0114_1,MCQA,PNT1,làm như thế nào,mằn răng,Interrogatives,2.7597665786743164,3.2630441188812256,0.5032775402069092
MCQA_0114_1,MCQA,PNT1,xem,coi,Predicate vocabulary,2.7597665786743164,2.848982810974121,0.0892162322998046
MCQA_0114_1,MCQA,PNT1,lên,vô,Predicate vocabulary,2.7597665786743164,2.890113115310669,0.1303465366363525
MCQA_0114_1,MCQA,PNT1,đánh cắp,lấy trộm,Predicate vocabulary,2.7597665786743164,2.826704740524292,0.0669381618499755
MCQA_0114_1,MCQA,PNT2,đã,đạ,Connectives/Aspect markers,2.7597665786743164,3.1111111640930176,0.3513445854187011
MCQA_0114_1,MCQA,PNT2,như thế nào,chi,Interrogatives,2.7597665786743164,3.027132987976074,0.2673664093017578
MCQA_0114_1,MCQA,PNT3,như thế nào,chi,Interrogatives,2.7597665786743164,3.027132987976074,0.2673664093017578
MCQA_0114_1,MCQA,PNT3,xem,coi,Predicate vocabulary,2.7597665786743164,2.848982810974121,0.0892162322998046
MCQA_0114_1,MCQA,PNT4,như thế nào,ren,Interrogatives,2.7597665786743164,3.1027066707611084,0.342940092086792
MCQA_0114_1,MCQA,PNT4,xem,coi,Predicate vocabulary,2.7597665786743164,2.848982810974121,0.0892162322998046
MCQA_0114_1,MCQA,PNT4,đánh,ăn,Predicate vocabulary,2.7597665786743164,2.823317289352417,0.0635507106781005
MCQA_0114_6,MCQA,PNN,vì,tại,Connectives/Aspect markers,2.75284481048584,3.1249735355377197,0.3721287250518799
MCQA_0114_6,MCQA,PNN,đáng,để,Predicate vocabulary,2.75284481048584,2.7377912998199463,-0.0150535106658935
MCQA_0114_6,MCQA,PNN,vì,tại,Connectives/Aspect markers,2.75284481048584,3.1249735355377197,0.3721287250518799
MCQA_0114_6,MCQA,PNN,vì,tại,Connectives/Aspect markers,2.75284481048584,3.1249735355377197,0.3721287250518799
MCQA_0114_6,MCQA,PNN,vì,tại,Connectives/Aspect markers,2.75284481048584,3.1249735355377197,0.3721287250518799
MCQA_0114_6,MCQA,PNT1,sao,răng,Interrogatives,2.75284481048584,3.194171905517578,0.4413270950317383
MCQA_0114_6,MCQA,PNT1,xem,coi,Predicate vocabulary,2.75284481048584,2.90343713760376,0.1505923271179199
MCQA_0114_6,MCQA,PNT1,đó,nớ,Demonstratives/Deixis,2.75284481048584,2.9810359477996826,0.2281911373138427
MCQA_0114_6,MCQA,PNT1,gì,chi,Interrogatives,2.75284481048584,3.062828063964844,0.3099832534790039
MCQA_0114_6,MCQA,PNT1,xem,coi,Predicate vocabulary,2.75284481048584,2.90343713760376,0.1505923271179199
MCQA_0114_6,MCQA,PNT1,xem,coi,Predicate vocabulary,2.75284481048584,2.90343713760376,0.1505923271179199
MCQA_0114_6,MCQA,PNT1,đó,nớ,Demonstratives/Deixis,2.75284481048584,2.9810359477996826,0.2281911373138427
MCQA_0114_6,MCQA,PNT1,đó,nớ,Demonstratives/Deixis,2.75284481048584,2.9810359477996826,0.2281911373138427
MCQA_0114_6,MCQA,PNT2,sao,răng,Interrogatives,2.75284481048584,3.194171905517578,0.4413270950317383
MCQA_0114_6,MCQA,PNT2,không,nỏ,Negation/Function words,2.75284481048584,3.0060598850250244,0.2532150745391845
MCQA_0114_6,MCQA,PNT2,đó chẳng,nớ nỏ,Demonstratives/Deixis,2.75284481048584,3.0895960330963135,0.3367512226104736
MCQA_0114_6,MCQA,PNT2,gì,chi,Interrogatives,2.75284481048584,3.062828063964844,0.3099832534790039
MCQA_0114_6,MCQA,PNT2,đó,nớ,Demonstratives/Deixis,2.75284481048584,2.9810359477996826,0.2281911373138427
MCQA_0114_6,MCQA,PNT2,đó,nớ,Demonstratives/Deixis,2.75284481048584,2.9810359477996826,0.2281911373138427
MCQA_0114_6,MCQA,PNT3,sao,răng,Interrogatives,2.75284481048584,3.194171905517578,0.4413270950317383
MCQA_0114_6,MCQA,PNT3,xem,coi,Predicate vocabulary,2.75284481048584,2.90343713760376,0.1505923271179199
MCQA_0114_6,MCQA,PNT3,đó chẳng,nớ nỏ,Demonstratives/Deixis,2.75284481048584,3.0895960330963135,0.3367512226104736
MCQA_0114_6,MCQA,PNT3,gì,chi,Interrogatives,2.75284481048584,3.062828063964844,0.3099832534790039
MCQA_0114_6,MCQA,PNT3,xem,coi,Predicate vocabulary,2.75284481048584,2.90343713760376,0.1505923271179199
MCQA_0114_6,MCQA,PNT3,xem,coi,Predicate vocabulary,2.75284481048584,2.90343713760376,0.1505923271179199
MCQA_0114_6,MCQA,PNT3,đó,nớ,Demonstratives/Deixis,2.75284481048584,2.9810359477996826,0.2281911373138427
MCQA_0114_6,MCQA,PNT3,đó nhìn,nớ nhòm,Demonstratives/Deixis,2.75284481048584,2.92212176322937,0.1692769527435302
MCQA_0114_6,MCQA,PNT4,sao,ren,Interrogatives,2.75284481048584,3.20780348777771,0.4549586772918701
MCQA_0114_6,MCQA,PNT4,bạn,nó,Pronouns,2.75284481048584,2.8606324195861816,0.1077876091003418
MCQA_0114_6,MCQA,PNT4,chẳng,không,Negation/Function words,2.75284481048584,2.733646869659424,-0.019197940826416
MCQA_0114_6,MCQA,PNT4,gì,chi,Interrogatives,2.75284481048584,3.062828063964844,0.3099832534790039
MCQA_0114_6,MCQA,PNT4,xem,coi,Predicate vocabulary,2.75284481048584,2.90343713760376,0.1505923271179199
MCQA_0114_6,MCQA,PNT4,đó,nớ,Demonstratives/Deixis,2.75284481048584,2.9810359477996826,0.2281911373138427
MCQA_0114_6,MCQA,PNT4,nhìn,ngó,Predicate vocabulary,2.75284481048584,2.866413116455078,0.1135683059692382
MCQA_0116_5,MCQA,PNB,người,vị,Predicate vocabulary,2.4780261516571045,2.4511725902557373,-0.0268535614013671
MCQA_0116_5,MCQA,PNB,họ,ông ấy,Pronouns,2.4780261516571045,2.495830535888672,0.0178043842315673
MCQA_0116_5,MCQA,PNN,những,mấy,Negation/Function words,2.4780261516571045,2.563917875289917,0.0858917236328125
MCQA_0116_5,MCQA,PNN,chân,thiệt,Connectives/Aspect markers,2.4780261516571045,2.5316197872161865,0.053593635559082
MCQA_0116_5,MCQA,PNN,như thế nào,ra sao,Interrogatives,2.4780261516571045,2.5190911293029785,0.041064977645874
MCQA_0116_5,MCQA,PNN,và,với,Connectives/Aspect markers,2.4780261516571045,2.509916305541992,0.0318901538848876
MCQA_0116_5,MCQA,PNN,mãi không,hoài hông,Negation/Function words,2.4780261516571045,2.6510140895843506,0.1729879379272461
MCQA_0116_5,MCQA,PNN,thêm khó chịu và,bực mình với,Idiomatic expressions,2.4780261516571045,2.6175179481506348,0.1394917964935302
MCQA_0116_5,MCQA,PNT1,như thế nào,răng,Interrogatives,2.4780261516571045,2.696835994720459,0.2188098430633545
MCQA_0116_5,MCQA,PNT2,khiến,mần,Predicate vocabulary,2.4780261516571045,2.550281047821045,0.0722548961639404
MCQA_0116_5,MCQA,PNT2,như thế nào,ơ răng,Interrogatives,2.4780261516571045,2.69323992729187,0.2152137756347656
MCQA_0116_5,MCQA,PNT2,không,nỏ,Negation/Function words,2.4780261516571045,2.6290271282196045,0.1510009765625
MCQA_0116_5,MCQA,PNT3,những,mấy,Negation/Function words,2.4780261516571045,2.563917875289917,0.0858917236328125
MCQA_0116_5,MCQA,PNT3,chân,thiệt,Connectives/Aspect markers,2.4780261516571045,2.5316197872161865,0.053593635559082
MCQA_0116_5,MCQA,PNT3,khiến,làm,Predicate vocabulary,2.4780261516571045,2.504328727722168,0.0263025760650634
MCQA_0116_5,MCQA,PNT3,thế nào,răng,Interrogatives,2.4780261516571045,2.6779069900512695,0.199880838394165
MCQA_0116_5,MCQA,PNT4,như thế nào,răng,Interrogatives,2.4780261516571045,2.696835994720459,0.2188098430633545
MCQA_0116_6,MCQA,PNN,chúng ta,tụi mình,Pronouns,2.4510858058929443,2.5669455528259277,0.1158597469329834
MCQA_0116_6,MCQA,PNN,như thế nào,sao,Interrogatives,2.4510858058929443,2.53446102142334,0.0833752155303955
MCQA_0116_6,MCQA,PNN,các,mấy,Negation/Function words,2.4510858058929443,2.51198148727417,0.0608956813812255
MCQA_0116_6,MCQA,PNT1,này,ni,Demonstratives/Deixis,2.4510858058929443,2.5858142375946045,0.1347284317016601
MCQA_0116_6,MCQA,PNT2,như thế nào,a răng,Interrogatives,2.4510858058929443,2.6934659481048584,0.242380142211914
MCQA_0116_6,MCQA,PNT3,này,ni,Demonstratives/Deixis,2.4510858058929443,2.5858142375946045,0.1347284317016601
MCQA_0116_6,MCQA,PNT3,thế nào,răng,Interrogatives,2.4510858058929443,2.697547912597656,0.2464621067047119
MCQA_0116_6,MCQA,PNT3,các,mấy,Negation/Function words,2.4510858058929443,2.51198148727417,0.0608956813812255
MCQA_0116_6,MCQA,PNT4,này,ni,Demonstratives/Deixis,2.4510858058929443,2.5858142375946045,0.1347284317016601
MCQA_0116_6,MCQA,PNT4,thế nào,răng,Interrogatives,2.4510858058929443,2.697547912597656,0.2464621067047119
MCQA_0120_3,MCQA,PNB,để,được,Negation/Function words,3.0861146450042725,3.129678964614868,0.0435643196105957
MCQA_0120_3,MCQA,PNN,cậu trèo,nó leo,Pronouns,3.0861146450042725,3.557756185531616,0.4716415405273437
MCQA_0120_3,MCQA,PNN,cậu,nó,Pronouns,3.0861146450042725,3.379135847091675,0.2930212020874023
MCQA_0120_3,MCQA,PNN,cậu,nó,Pronouns,3.0861146450042725,3.379135847091675,0.2930212020874023
MCQA_0120_3,MCQA,PNN,trèo,leo,Predicate vocabulary,3.0861146450042725,3.188310384750366,0.1021957397460937
MCQA_0120_3,MCQA,PNN,cậu cởi,nó lột,Pronouns,3.0861146450042725,3.3414900302886963,0.2553753852844238
MCQA_0120_3,MCQA,PNN,quần áo,đồ,Predicate vocabulary,3.0861146450042725,3.17033314704895,0.0842185020446777
MCQA_0120_3,MCQA,PNT1,gì,cấy chi,Interrogatives,3.0861146450042725,3.3679440021514893,0.2818293571472168
MCQA_0120_3,MCQA,PNT2,đã làm gì,đạ mần chi,Interrogatives,3.0861146450042725,3.4559195041656494,0.3698048591613769
MCQA_0120_3,MCQA,PNT3,cậu,thằng,Pronouns,3.0861146450042725,3.189702033996582,0.1035873889923095
MCQA_0120_3,MCQA,PNT3,làm gì,mần chi,Interrogatives,3.0861146450042725,3.3687334060668945,0.282618761062622
MCQA_0120_3,MCQA,PNT3,cậu,hắn,Pronouns,3.0861146450042725,3.265285015106201,0.1791703701019287
MCQA_0120_3,MCQA,PNT3,cậu,hắn,Pronouns,3.0861146450042725,3.265285015106201,0.1791703701019287
MCQA_0120_3,MCQA,PNT3,cậu,hắn,Pronouns,3.0861146450042725,3.265285015106201,0.1791703701019287
MCQA_0120_3,MCQA,PNT3,cậu,hắn,Pronouns,3.0861146450042725,3.265285015106201,0.1791703701019287
MCQA_0120_3,MCQA,PNT4,cậu,thằng,Pronouns,3.0861146450042725,3.189702033996582,0.1035873889923095
MCQA_0120_3,MCQA,PNT4,gì,chi,Interrogatives,3.0861146450042725,3.2354495525360107,0.1493349075317382
MCQA_0120_3,MCQA,PNT4,cậu,hắn,Pronouns,3.0861146450042725,3.265285015106201,0.1791703701019287
MCQA_0120_3,MCQA,PNT4,cậu,hắn,Pronouns,3.0861146450042725,3.265285015106201,0.1791703701019287
MCQA_0120_3,MCQA,PNT4,cậu,hắn,Pronouns,3.0861146450042725,3.265285015106201,0.1791703701019287
MCQA_0120_3,MCQA,PNT4,cậu,hắn,Pronouns,3.0861146450042725,3.265285015106201,0.1791703701019287
MCQA_0120_7,MCQA,PNT1,cho,chua,Predicate vocabulary,2.858342409133911,3.078705310821533,0.220362901687622
MCQA_0120_7,MCQA,PNT2,thế nào,răng,Interrogatives,2.858342409133911,3.1993601322174072,0.3410177230834961
MCQA_0120_7,MCQA,PNT3,cậu,thằng,Pronouns,2.858342409133911,2.914543867111206,0.0562014579772949
MCQA_0120_7,MCQA,PNT3,thế nào,răng,Interrogatives,2.858342409133911,3.1993601322174072,0.3410177230834961
MCQA_0120_7,MCQA,PNT4,thế nào,răn,Interrogatives,2.858342409133911,3.191314220428467,0.3329718112945556
MCQA_0123_0,MCQA,PNB,như thế nào,gì,Interrogatives,3.420935869216919,3.4667303562164307,0.0457944869995117
MCQA_0123_0,MCQA,PNN,và,với,Connectives/Aspect markers,3.420935869216919,3.4930989742279053,0.0721631050109863
MCQA_0123_0,MCQA,PNN,như thế nào,sao,Interrogatives,3.420935869216919,3.46907377243042,0.0481379032135009
MCQA_0123_0,MCQA,PNN,đã không,hông,Negation/Function words,3.420935869216919,3.5110812187194824,0.0901453495025634
MCQA_0123_0,MCQA,PNN,vào,vô,Connectives/Aspect markers,3.420935869216919,3.555302619934082,0.134366750717163
MCQA_0123_0,MCQA,PNN,và,với,Connectives/Aspect markers,3.420935869216919,3.4930989742279053,0.0721631050109863
MCQA_0123_0,MCQA,PNT1,làm,mần,Predicate vocabulary,3.420935869216919,3.5527846813201904,0.1318488121032714
MCQA_0123_0,MCQA,PNT2,đã làm như thế nào,đạ mần a răng,Interrogatives,3.420935869216919,3.803253173828125,0.382317304611206
MCQA_0123_0,MCQA,PNT2,đã không,đạ nỏ,Negation/Function words,3.420935869216919,3.6761629581451416,0.2552270889282226
MCQA_0123_0,MCQA,PNT2,vào,vô,Connectives/Aspect markers,3.420935869216919,3.555302619934082,0.134366750717163
MCQA_0123_0,MCQA,PNT3,thế nào,răng,Interrogatives,3.420935869216919,3.692732334136963,0.2717964649200439
MCQA_0123_0,MCQA,PNT3,vào,vô,Connectives/Aspect markers,3.420935869216919,3.555302619934082,0.134366750717163
MCQA_0123_0,MCQA,PNT4,như thế nào,ren,Interrogatives,3.420935869216919,3.7148537635803223,0.2939178943634033
MCQA_0123_0,MCQA,PNT4,vào,vô,Connectives/Aspect markers,3.420935869216919,3.555302619934082,0.134366750717163
MCQA_0123_0,MCQA,PNT4,nhìn,ngó,Predicate vocabulary,3.420935869216919,3.471363067626953,0.0504271984100341
MCQA_0123_6,MCQA,PNN,không,hông,Negation/Function words,3.3699707984924316,3.4393346309661865,0.0693638324737548
MCQA_0123_6,MCQA,PNN,các,mấy,Negation/Function words,3.3699707984924316,3.433028221130371,0.0630574226379394
MCQA_0123_6,MCQA,PNN,đến,tới,Predicate vocabulary,3.3699707984924316,3.3817756175994873,0.0118048191070556
MCQA_0123_6,MCQA,PNN,không về,hông dìa,Negation/Function words,3.3699707984924316,3.5375661849975586,0.1675953865051269
MCQA_0123_6,MCQA,PNT1,không,nỏ,Negation/Function words,3.3699707984924316,3.4547226428985596,0.0847518444061279
MCQA_0123_6,MCQA,PNT1,và,ví,Connectives/Aspect markers,3.3699707984924316,3.53928279876709,0.1693120002746582
MCQA_0123_6,MCQA,PNT2,nào không,mô nỏ,Interrogatives,3.3699707984924316,3.539327383041382,0.1693565845489502
MCQA_0123_6,MCQA,PNT2,không,nỏ,Negation/Function words,3.3699707984924316,3.4547226428985596,0.0847518444061279
MCQA_0123_6,MCQA,PNT3,các,mấy,Negation/Function words,3.3699707984924316,3.433028221130371,0.0630574226379394
MCQA_0123_6,MCQA,PNT4,nào,mô,Interrogatives,3.3699707984924316,3.552889347076416,0.1829185485839843
MCQA_0123_6,MCQA,PNT4,đến,tới,Predicate vocabulary,3.3699707984924316,3.3817756175994873,0.0118048191070556
MCQA_0123_6,MCQA,PNT4,rời,bỏ,Predicate vocabulary,3.3699707984924316,3.3849546909332275,0.0149838924407958
MCQA_0123_6,MCQA,PNT4,rớm,chớm,Predicate vocabulary,3.3699707984924316,3.394402503967285,0.0244317054748535
MCQA_0126_2,MCQA,PNN,như thế nào,ra sao,Interrogatives,2.912679672241211,2.9459614753723145,0.0332818031311035
MCQA_0126_2,MCQA,PNN,nảy,mọc,Predicate vocabulary,2.912679672241211,2.8188116550445557,-0.0938680171966552
MCQA_0126_2,MCQA,PNN,những,mấy,Negation/Function words,2.912679672241211,2.959996223449707,0.047316551208496
MCQA_0126_2,MCQA,PNN,những chiếc,mấy cái,Negation/Function words,2.912679672241211,2.9564921855926514,0.0438125133514404
MCQA_0126_2,MCQA,PNN,đến thối,tới thúi,Predicate vocabulary,2.912679672241211,3.0184826850891113,0.1058030128479003
MCQA_0126_2,MCQA,PNT2,như thế nào,a răng,Interrogatives,2.912679672241211,3.2085118293762207,0.2958321571350097
MCQA_0126_2,MCQA,PNT3,thế nào,răng,Interrogatives,2.912679672241211,3.136830568313598,0.2241508960723877
MCQA_0126_2,MCQA,PNT3,những,mấy,Negation/Function words,2.912679672241211,2.959996223449707,0.047316551208496
MCQA_0126_2,MCQA,PNT3,những,mấy,Negation/Function words,2.912679672241211,2.959996223449707,0.047316551208496
MCQA_0126_2,MCQA,PNT3,đến,tới,Predicate vocabulary,2.912679672241211,2.941493511199951,0.0288138389587402
MCQA_0127_0,MCQA,PNN,hoa quả,trái cây,Predicate vocabulary,2.394006729125977,2.3973183631896973,0.0033116340637207
MCQA_0127_0,MCQA,PNT2,gì,chi,Interrogatives,2.394006729125977,2.5804498195648193,0.1864430904388427
MCQA_0127_0,MCQA,PNT3,làm gì,mần chi,Interrogatives,2.394006729125977,2.722329378128052,0.3283226490020752
MCQA_0127_0,MCQA,PNT3,và,với,Connectives/Aspect markers,2.394006729125977,2.556170701980591,0.1621639728546142
MCQA_0127_0,MCQA,PNT3,và,với,Connectives/Aspect markers,2.394006729125977,2.556170701980591,0.1621639728546142
MCQA_0127_0,MCQA,PNT4,gì,chi,Interrogatives,2.394006729125977,2.5804498195648193,0.1864430904388427
MCQA_0127_3,MCQA,PNN,không,hông,Negation/Function words,3.5439445972442627,3.5349414348602295,-0.0090031623840332
MCQA_0127_3,MCQA,PNN,điều may mắn,chuyện hên,Predicate vocabulary,3.5439445972442627,3.659235715866089,0.1152911186218261
MCQA_0127_3,MCQA,PNN,điều khiển,lái,Predicate vocabulary,3.5439445972442627,3.494347095489502,-0.0495975017547607
MCQA_0127_3,MCQA,PNN,tìm,kiếm,Predicate vocabulary,3.5439445972442627,3.621058940887451,0.0771143436431884
MCQA_0127_3,MCQA,PNN,gọi thật,kêu thiệt,Predicate vocabulary,3.5439445972442627,3.600231647491455,0.0562870502471923
MCQA_0127_3,MCQA,PNN,đến,tới,Predicate vocabulary,3.5439445972442627,3.5662050247192383,0.0222604274749755
MCQA_0127_3,MCQA,PNT1,sự,lúc,Predicate vocabulary,3.5439445972442627,3.5963134765625,0.0523688793182373
MCQA_0127_3,MCQA,PNT1,làm gì,mần chi,Interrogatives,3.5439445972442627,3.822023630142212,0.2780790328979492
MCQA_0127_3,MCQA,PNT1,lao,phóng,Predicate vocabulary,3.5439445972442627,3.596350908279419,0.0524063110351562
MCQA_0127_3,MCQA,PNT1,ghi đông,tay xe,Predicate vocabulary,3.5439445972442627,3.4091365337371826,-0.13480806350708
MCQA_0127_3,MCQA,PNT1,gọi,hú,Predicate vocabulary,3.5439445972442627,3.5979504585266113,0.0540058612823486
MCQA_0127_3,MCQA,PNT2,đã làm gì,đạ mần chi,Interrogatives,3.5439445972442627,3.854115724563598,0.3101711273193359
MCQA_0127_3,MCQA,PNT2,không,nỏ,Negation/Function words,3.5439445972442627,3.597672462463379,0.0537278652191162
MCQA_0127_3,MCQA,PNT2,gọi thật,hú thiệt,Predicate vocabulary,3.5439445972442627,3.66933798789978,0.1253933906555175
MCQA_0127_3,MCQA,PNT3,gì,chi,Interrogatives,3.5439445972442627,3.699806690216065,0.1558620929718017
MCQA_0127_3,MCQA,PNT3,nghĩ tới,nhờ tời,Predicate vocabulary,3.5439445972442627,3.916877269744873,0.3729326725006103
MCQA_0127_3,MCQA,PNT3,gọi thật,hú đại,Predicate vocabulary,3.5439445972442627,3.685530185699463,0.1415855884552002
MCQA_0127_3,MCQA,PNT3,đường đến,đàng tới,Predicate vocabulary,3.5439445972442627,3.639147996902466,0.0952033996582031
MCQA_0127_3,MCQA,PNT4,gì,chi,Interrogatives,3.5439445972442627,3.699806690216065,0.1558620929718017
MCQA_0127_3,MCQA,PNT4,ghi đông,tay lái,Predicate vocabulary,3.5439445972442627,3.3466451168060303,-0.1972994804382324
MCQA_0127_3,MCQA,PNT4,gọi,kêu,Predicate vocabulary,3.5439445972442627,3.551039218902588,0.0070946216583251
MCQA_0128_1,MCQA,PNN,những,các,Negation/Function words,2.634293556213379,2.6562247276306152,0.0219311714172363
MCQA_0128_1,MCQA,PNN,bố mẹ,ba má,Kinship/Honorific terms,2.634293556213379,2.829444408416748,0.1951508522033691
MCQA_0128_1,MCQA,PNN,không,hông,Negation/Function words,2.634293556213379,2.7292957305908203,0.0950021743774414
MCQA_0128_1,MCQA,PNN,rơi,rớt,Predicate vocabulary,2.634293556213379,2.659480333328247,0.0251867771148681
MCQA_0128_1,MCQA,PNN,không,hông,Negation/Function words,2.634293556213379,2.7292957305908203,0.0950021743774414
MCQA_0128_1,MCQA,PNN,rơi,rớt,Predicate vocabulary,2.634293556213379,2.659480333328247,0.0251867771148681
MCQA_0128_1,MCQA,PNT1,nào,mô,Negation/Function words,2.634293556213379,2.746032953262329,0.1117393970489502
MCQA_0128_1,MCQA,PNT1,không,nỏ,Negation/Function words,2.634293556213379,2.8788745403289795,0.2445809841156005
MCQA_0128_1,MCQA,PNT1,và,ví,Connectives/Aspect markers,2.634293556213379,2.829753160476685,0.1954596042633056
MCQA_0128_1,MCQA,PNT1,không,nỏ,Negation/Function words,2.634293556213379,2.8788745403289795,0.2445809841156005
MCQA_0128_1,MCQA,PNT1,và,ví,Connectives/Aspect markers,2.634293556213379,2.829753160476685,0.1954596042633056
MCQA_0128_1,MCQA,PNT3,nhìn,nhòm,Predicate vocabulary,2.634293556213379,2.7431273460388184,0.1088337898254394
MCQA_0128_1,MCQA,PNT3,bố,cha,Kinship/Honorific terms,2.634293556213379,2.7216200828552246,0.0873265266418457
MCQA_0128_1,MCQA,PNT4,nào,mô,Interrogatives,2.634293556213379,2.746032953262329,0.1117393970489502
MCQA_0128_1,MCQA,PNT4,bố,ba,Kinship/Honorific terms,2.634293556213379,2.7556722164154053,0.1213786602020263
MCQA_0128_2,MCQA,PNB,rất,thật,Predicate vocabulary,3.3160393238067627,3.3453824520111084,0.0293431282043457
MCQA_0128_2,MCQA,PNN,bố,ba,Kinship/Honorific terms,3.3160393238067627,3.438141345977783,0.1221020221710205
MCQA_0128_2,MCQA,PNN,và bảo,rồi kêu,Connectives/Aspect markers,3.3160393238067627,3.3728041648864746,0.0567648410797119
MCQA_0128_2,MCQA,PNN,ngừa,hờ,Predicate vocabulary,3.3160393238067627,3.457179546356201,0.1411402225494384
MCQA_0128_2,MCQA,PNT1,gì,cấy chi,Interrogatives,3.3160393238067627,3.5920445919036865,0.2760052680969238
MCQA_0128_2,MCQA,PNT2,làm gì,mần chi,Interrogatives,3.3160393238067627,3.636696338653565,0.3206570148468017
MCQA_0128_2,MCQA,PNT3,làm gì,mần chi,Interrogatives,3.3160393238067627,3.636696338653565,0.3206570148468017
MCQA_0128_2,MCQA,PNT3,bảo,nói,Predicate vocabulary,3.3160393238067627,3.3163695335388184,0.0003302097320556
MCQA_0128_2,MCQA,PNT4,gì,chi,Interrogatives,3.3160393238067627,3.5011141300201416,0.1850748062133789
MCQA_0128_2,MCQA,PNT4,bảo,kêu,Predicate vocabulary,3.3160393238067627,3.3259713649749756,0.0099320411682128
MCQA_0137_1,MCQA,PNN,bố,ba,Kinship/Honorific terms,3.042182683944702,3.070034980773926,0.0278522968292236
MCQA_0137_1,MCQA,PNN,nẻo,con,Predicate vocabulary,3.042182683944702,3.039796829223633,-0.0023858547210693
MCQA_0137_1,MCQA,PNN,trẻ em,con nít,Predicate vocabulary,3.042182683944702,3.070594787597656,0.0284121036529541
MCQA_0137_1,MCQA,PNT1,gì,chi,Interrogatives,3.042182683944702,3.156038999557495,0.1138563156127929
MCQA_0137_1,MCQA,PNT2,gì,chi,Interrogatives,3.042182683944702,3.156038999557495,0.1138563156127929
MCQA_0137_1,MCQA,PNT3,các nẻo đường,mấy lộ,Predicate vocabulary,3.042182683944702,3.1569161415100098,0.1147334575653076
MCQA_0137_1,MCQA,PNT3,các,mấy,Negation/Function words,3.042182683944702,3.0687057971954346,0.0265231132507324
MCQA_0137_1,MCQA,PNT3,những,mấy,Negation/Function words,3.042182683944702,3.0986196994781494,0.0564370155334472
MCQA_0137_1,MCQA,PNT3,các,mấy,Negation/Function words,3.042182683944702,3.0687057971954346,0.0265231132507324
MCQA_0137_1,MCQA,PNT3,gì,chi,Interrogatives,3.042182683944702,3.156038999557495,0.1138563156127929
MCQA_0137_1,MCQA,PNT3,chỗ,lộ,Predicate vocabulary,3.042182683944702,3.098947048187256,0.0567643642425537
MCQA_0137_1,MCQA,PNT3,để,mà,Connectives/Aspect markers,3.042182683944702,3.0895886421203613,0.0474059581756591
MCQA_0137_1,MCQA,PNT4,bố,ba,Kinship/Honorific terms,3.042182683944702,3.070034980773926,0.0278522968292236
MCQA_0137_1,MCQA,PNT4,rất nhiều,quá trời,Idiomatic expressions,3.042182683944702,3.167306900024414,0.1251242160797119
MCQA_0137_1,MCQA,PNT4,các,mấy,Negation/Function words,3.042182683944702,3.0687057971954346,0.0265231132507324
MCQA_0137_1,MCQA,PNT4,các,mấy,Negation/Function words,3.042182683944702,3.0687057971954346,0.0265231132507324
MCQA_0137_1,MCQA,PNT4,những,mấy,Negation/Function words,3.042182683944702,3.0986196994781494,0.0564370155334472
MCQA_0137_1,MCQA,PNT4,đến,tới,Predicate vocabulary,3.042182683944702,3.0515170097351074,0.0093343257904052
MCQA_0137_1,MCQA,PNT4,nhằm,để,Connectives/Aspect markers,3.042182683944702,3.0328915119171143,-0.0092911720275878
MCQA_0137_1,MCQA,PNT4,gì,chi,Interrogatives,3.042182683944702,3.156038999557495,0.1138563156127929
MCQA_0137_3,MCQA,PNN,người bố,ba,Kinship/Honorific terms,2.807290315628052,2.846034288406372,0.0387439727783203
MCQA_0137_3,MCQA,PNN,những,mấy,Negation/Function words,2.807290315628052,2.8626551628112793,0.0553648471832275
MCQA_0137_3,MCQA,PNN,để,đặng,Connectives/Aspect markers,2.807290315628052,2.918858051300049,0.111567735671997
MCQA_0137_3,MCQA,PNN,tập,hành,Predicate vocabulary,2.807290315628052,2.859985589981079,0.0526952743530273
MCQA_0137_3,MCQA,PNN,tập,hành,Predicate vocabulary,2.807290315628052,2.859985589981079,0.0526952743530273
MCQA_0137_3,MCQA,PNT1,điều,việc,Predicate vocabulary,2.807290315628052,2.8526060581207275,0.0453157424926757
MCQA_0137_3,MCQA,PNT1,khuyên,dặn,Predicate vocabulary,2.807290315628052,2.826298713684082,0.0190083980560302
MCQA_0137_3,MCQA,PNT1,thôi thúc,giục,Predicate vocabulary,2.807290315628052,2.8460121154785156,0.0387217998504638
MCQA_0137_3,MCQA,PNT2,gì,chi,Interrogatives,2.807290315628052,2.9322667121887207,0.1249763965606689
MCQA_0137_3,MCQA,PNT3,bố,cha,Kinship/Honorific terms,2.807290315628052,2.752794027328491,-0.0544962882995605
MCQA_0137_3,MCQA,PNT3,điều gì qua,cấy chi trong,Interrogatives,2.807290315628052,3.0682225227355957,0.2609322071075439
MCQA_0137_3,MCQA,PNT3,khuyên,kêu,Predicate vocabulary,2.807290315628052,2.984099864959717,0.176809549331665
MCQA_0137_3,MCQA,PNT4,gì,chi,Interrogatives,2.807290315628052,2.9322667121887207,0.1249763965606689
MCQA_0138_3,MCQA,PNN,như thế nào,sao,Interrogatives,3.941938638687134,4.015869140625,0.0739305019378662
MCQA_0138_3,MCQA,PNN,thế,vậy,Demonstratives/Deixis,3.941938638687134,4.038877964019775,0.0969393253326416
MCQA_0138_3,MCQA,PNN,tôi,tui,Pronouns,3.941938638687134,3.9873664379119873,0.0454277992248535
MCQA_0138_3,MCQA,PNN,tôi,tui,Pronouns,3.941938638687134,3.9873664379119873,0.0454277992248535
MCQA_0138_3,MCQA,PNN,nhé,nhen,Discourse particles,3.941938638687134,4.029450416564941,0.0875117778778076
MCQA_0138_3,MCQA,PNN,tôi không,tui hông,Pronouns,3.941938638687134,4.102516174316406,0.1605775356292724
MCQA_0138_3,MCQA,PNN,tôi,tui,Pronouns,3.941938638687134,3.9873664379119873,0.0454277992248535
MCQA_0138_3,MCQA,PNT1,cho,chua,Predicate vocabulary,3.941938638687134,4.020491123199463,0.0785524845123291
MCQA_0138_3,MCQA,PNT1,cho,chua,Predicate vocabulary,3.941938638687134,4.020491123199463,0.0785524845123291
MCQA_0138_3,MCQA,PNT1,đâu,mô,Negation/Function words,3.941938638687134,4.090109348297119,0.1481707096099853
MCQA_0138_3,MCQA,PNT1,cho,chua,Predicate vocabulary,3.941938638687134,4.020491123199463,0.0785524845123291
MCQA_0138_3,MCQA,PNT2,như thế nào,a răng,Interrogatives,3.941938638687134,4.181430816650391,0.2394921779632568
MCQA_0138_3,MCQA,PNT2,thế,rứa,Demonstratives/Deixis,3.941938638687134,4.0163421630859375,0.0744035243988037
MCQA_0138_3,MCQA,PNT2,tôi,tui,Pronouns,3.941938638687134,3.9873664379119873,0.0454277992248535
MCQA_0138_3,MCQA,PNT2,tôi,tui,Pronouns,3.941938638687134,3.9873664379119873,0.0454277992248535
MCQA_0138_3,MCQA,PNT2,nhé,hè,Discourse particles,3.941938638687134,3.97534704208374,0.0334084033966064
MCQA_0138_3,MCQA,PNT2,người nấy,ngài nớ,Demonstratives/Deixis,3.941938638687134,4.034633159637451,0.0926945209503173
MCQA_0138_3,MCQA,PNT2,tôi không,tui nỏ,Pronouns,3.941938638687134,4.20451545715332,0.2625768184661865
MCQA_0138_3,MCQA,PNT2,tôi,tui,Pronouns,3.941938638687134,3.9873664379119873,0.0454277992248535
MCQA_0138_3,MCQA,PNT3,như thế nào,chi,Interrogatives,3.941938638687134,4.157262325286865,0.2153236865997314
MCQA_0138_3,MCQA,PNT3,thế,rứa,Demonstratives/Deixis,3.941938638687134,4.0163421630859375,0.0744035243988037
MCQA_0138_3,MCQA,PNT3,tôi,em,Pronouns,3.941938638687134,3.966156721115112,0.0242180824279785
MCQA_0138_3,MCQA,PNT3,tôi,em,Pronouns,3.941938638687134,3.966156721115112,0.0242180824279785
MCQA_0138_3,MCQA,PNT3,nhé,nghe,Discourse particles,3.941938638687134,3.9679908752441406,0.0260522365570068
MCQA_0138_3,MCQA,PNT3,tôi,em,Pronouns,3.941938638687134,3.966156721115112,0.0242180824279785
MCQA_0138_3,MCQA,PNT3,tôi,em,Pronouns,3.941938638687134,3.966156721115112,0.0242180824279785
MCQA_0138_3,MCQA,PNT4,như thế nào,chi,Interrogatives,3.941938638687134,4.157262325286865,0.2153236865997314
MCQA_0138_3,MCQA,PNT4,thế,rứa,Demonstratives/Deixis,3.941938638687134,4.0163421630859375,0.0744035243988037
MCQA_0138_3,MCQA,PNT4,nhé,nghe,Discourse particles,3.941938638687134,3.9679908752441406,0.0260522365570068
MCQA_0138_3,MCQA,PNT4,đâu,mô,Interrogatives,3.941938638687134,4.090109348297119,0.1481707096099853
MCQA_0138_5,MCQA,PNN,điều,chuyện,Predicate vocabulary,3.023447275161743,3.1089870929718018,0.0855398178100586
MCQA_0138_5,MCQA,PNN,khi,lúc,Connectives/Aspect markers,3.023447275161743,3.084707498550415,0.0612602233886718
MCQA_0138_5,MCQA,PNN,mang,chở,Predicate vocabulary,3.023447275161743,2.967925786972046,-0.0555214881896972
MCQA_0138_5,MCQA,PNN,và không,rồi hông,Negation/Function words,3.023447275161743,3.1990931034088135,0.1756458282470703
MCQA_0138_5,MCQA,PNN,trút,quăng,Predicate vocabulary,3.023447275161743,3.0301594734191895,0.0067121982574462
MCQA_0138_5,MCQA,PNN,và,rồi,Connectives/Aspect markers,3.023447275161743,3.0695536136627197,0.0461063385009765
MCQA_0138_5,MCQA,PNN,và không,với hông,Negation/Function words,3.023447275161743,3.227333068847656,0.203885793685913
MCQA_0138_5,MCQA,PNN,ngã,té,Predicate vocabulary,3.023447275161743,3.0713491439819336,0.0479018688201904
MCQA_0138_5,MCQA,PNN,và,rồi,Connectives/Aspect markers,3.023447275161743,3.0695536136627197,0.0461063385009765
MCQA_0138_5,MCQA,PNN,vệ,lề,Predicate vocabulary,3.023447275161743,2.931488275527954,-0.091958999633789
MCQA_0138_5,MCQA,PNT1,gì,chi,Interrogatives,3.023447275161743,3.16422700881958,0.1407797336578369
MCQA_0138_5,MCQA,PNT2,gì đã,chi đạ,Interrogatives,3.023447275161743,3.2702629566192627,0.2468156814575195
MCQA_0138_5,MCQA,PNT2,không,nỏ,Negation/Function words,3.023447275161743,3.171267509460449,0.147820234298706
MCQA_0138_5,MCQA,PNT3,gì,chi,Interrogatives,3.023447275161743,3.16422700881958,0.1407797336578369
MCQA_0138_5,MCQA,PNT3,và,rồi,Connectives/Aspect markers,3.023447275161743,3.0695536136627197,0.0461063385009765
MCQA_0138_5,MCQA,PNT3,và,rồi,Connectives/Aspect markers,3.023447275161743,3.0695536136627197,0.0461063385009765
MCQA_0138_5,MCQA,PNT3,và,nên,Connectives/Aspect markers,3.023447275161743,3.093024969100952,0.0695776939392089
MCQA_0138_5,MCQA,PNT3,và,rồi,Connectives/Aspect markers,3.023447275161743,3.0695536136627197,0.0461063385009765
MCQA_0138_5,MCQA,PNT4,gì,chi,Interrogatives,3.023447275161743,3.16422700881958,0.1407797336578369
MCQA_0138_5,MCQA,PNT4,vẫn,cứ,Connectives/Aspect markers,3.023447275161743,3.010190486907959,-0.0132567882537841
MCQA_0138_5,MCQA,PNT4,đó,nớ,Demonstratives/Deixis,3.023447275161743,3.100142002105713,0.0766947269439697
MCQA_0138_5,MCQA,PNT4,vệ,lề,Predicate vocabulary,3.023447275161743,2.931488275527954,-0.091958999633789
MCQA_0140_3,MCQA,PNN,ông,ổng,Pronouns,2.7107057571411133,2.858668804168701,0.1479630470275879
MCQA_0140_3,MCQA,PNN,như thế nào,ra sao,Interrogatives,2.7107057571411133,2.7753713130950928,0.0646655559539794
MCQA_0140_3,MCQA,PNN,ông,ổng,Pronouns,2.7107057571411133,2.858668804168701,0.1479630470275879
MCQA_0140_3,MCQA,PNN,và rất,với,Predicate vocabulary,2.7107057571411133,2.8252639770507812,0.1145582199096679
MCQA_0140_3,MCQA,PNN,ông,ổng,Pronouns,2.7107057571411133,2.858668804168701,0.1479630470275879
MCQA_0140_3,MCQA,PNN,và,với,Connectives/Aspect markers,2.7107057571411133,2.8964130878448486,0.1857073307037353
MCQA_0140_3,MCQA,PNN,ông,ổng,Pronouns,2.7107057571411133,2.858668804168701,0.1479630470275879
MCQA_0140_3,MCQA,PNN,ông,ổng,Pronouns,2.7107057571411133,2.858668804168701,0.1479630470275879
MCQA_0140_3,MCQA,PNN,và,với,Connectives/Aspect markers,2.7107057571411133,2.8964130878448486,0.1857073307037353
MCQA_0140_3,MCQA,PNT1,cho,chua,Predicate vocabulary,2.7107057571411133,2.872171640396118,0.1614658832550048
MCQA_0140_3,MCQA,PNT2,như thế nào,a răng,Interrogatives,2.7107057571411133,2.97433090209961,0.2636251449584961
MCQA_0140_3,MCQA,PNT3,thế nào,răng,Interrogatives,2.7107057571411133,2.936187982559204,0.2254822254180908
MCQA_0140_3,MCQA,PNT3,và,với,Connectives/Aspect markers,2.7107057571411133,2.8964130878448486,0.1857073307037353
MCQA_0140_3,MCQA,PNT3,và,với,Connectives/Aspect markers,2.7107057571411133,2.8964130878448486,0.1857073307037353
MCQA_0140_3,MCQA,PNT3,và,với,Connectives/Aspect markers,2.7107057571411133,2.8964130878448486,0.1857073307037353
MCQA_0140_3,MCQA,PNT4,thế nào,răn,Interrogatives,2.7107057571411133,2.9491612911224365,0.2384555339813232
MCQA_0140_3,MCQA,PNT4,ông,ổng,Pronouns,2.7107057571411133,2.858668804168701,0.1479630470275879
MCQA_0140_3,MCQA,PNT4,ông,ổng,Pronouns,2.7107057571411133,2.858668804168701,0.1479630470275879
MCQA_0140_3,MCQA,PNT4,ông,ổng,Pronouns,2.7107057571411133,2.858668804168701,0.1479630470275879
MCQA_0140_3,MCQA,PNT4,ông,ổng,Pronouns,2.7107057571411133,2.858668804168701,0.1479630470275879
MCQA_0141_2,MCQA,PNN,vì,tại,Connectives/Aspect markers,2.7564234733581543,3.106750011444092,0.3503265380859375
MCQA_0141_2,MCQA,PNN,vì,tại,Connectives/Aspect markers,2.7564234733581543,3.106750011444092,0.3503265380859375
MCQA_0141_2,MCQA,PNN,vì,tại,Connectives/Aspect markers,2.7564234733581543,3.106750011444092,0.3503265380859375
MCQA_0141_2,MCQA,PNN,quả,trái,Predicate vocabulary,2.7564234733581543,2.7889904975891113,0.032567024230957
MCQA_0141_2,MCQA,PNN,vì,tại cái,Connectives/Aspect markers,2.7564234733581543,3.115790367126465,0.3593668937683105
MCQA_0141_2,MCQA,PNN,những,mấy cái,Negation/Function words,2.7564234733581543,2.7512543201446533,-0.0051691532135009
MCQA_0141_2,MCQA,PNT2,tại sao,vì răng mà,Interrogatives,2.7564234733581543,3.183161735534668,0.4267382621765136
MCQA_0141_2,MCQA,PNT2,cũng,còn,Negation/Function words,2.7564234733581543,2.731076955795288,-0.0253465175628662
MCQA_0141_2,MCQA,PNT3,sao,răng,Interrogatives,2.7564234733581543,3.2817270755767822,0.5253036022186279
MCQA_0141_2,MCQA,PNT3,những,mấy,Negation/Function words,2.7564234733581543,2.801959753036499,0.0455362796783447
MCQA_0141_2,MCQA,PNT4,sao,răng,Interrogatives,2.7564234733581543,3.2817270755767822,0.5253036022186279
MCQA_0141_2,MCQA,PNT4,những,mấy,Negation/Function words,2.7564234733581543,2.801959753036499,0.0455362796783447
MCQA_0141_3,MCQA,PNN,quả,trái,Predicate vocabulary,2.8173224925994873,3.040945291519165,0.2236227989196777
MCQA_0141_3,MCQA,PNT3,cái,kì,Negation/Function words,2.8173224925994873,3.2384591102600098,0.4211366176605224
MCQA_0141_3,MCQA,PNT4,nào khác,mô nữa,Interrogatives,2.8173224925994873,3.1915879249572754,0.3742654323577881
MCQA_0142_1,MCQA,PNN,những,mấy,Negation/Function words,2.710644006729126,2.804675817489624,0.094031810760498
MCQA_0142_1,MCQA,PNN,những,mấy,Negation/Function words,2.710644006729126,2.804675817489624,0.094031810760498
MCQA_0142_1,MCQA,PNN,vào,vô,Connectives/Aspect markers,2.710644006729126,2.8316214084625244,0.1209774017333984
MCQA_0142_1,MCQA,PNN,vào,vô,Connectives/Aspect markers,2.710644006729126,2.8316214084625244,0.1209774017333984
MCQA_0142_1,MCQA,PNN,những,mấy,Negation/Function words,2.710644006729126,2.804675817489624,0.094031810760498
MCQA_0142_1,MCQA,PNT1,cho,chua,Predicate vocabulary,2.710644006729126,2.9362428188323975,0.2255988121032714
MCQA_0142_1,MCQA,PNT2,vào,vô,Connectives/Aspect markers,2.710644006729126,2.8316214084625244,0.1209774017333984
MCQA_0142_1,MCQA,PNT2,đó,chỗ nớ,Demonstratives/Deixis,2.710644006729126,2.92694354057312,0.2162995338439941
MCQA_0142_1,MCQA,PNT2,vào,vô,Connectives/Aspect markers,2.710644006729126,2.8316214084625244,0.1209774017333984
MCQA_0142_1,MCQA,PNT3,nào,nớ,Demonstratives/Deixis,2.710644006729126,2.880676507949829,0.1700325012207031
MCQA_0142_1,MCQA,PNT3,vào,vô,Connectives/Aspect markers,2.710644006729126,2.8316214084625244,0.1209774017333984
MCQA_0142_1,MCQA,PNT3,vào,vô,Connectives/Aspect markers,2.710644006729126,2.8316214084625244,0.1209774017333984
MCQA_0142_1,MCQA,PNT4,nào,mô,Interrogatives,2.710644006729126,2.835168838500977,0.1245248317718505
MCQA_0144_0,MCQA,PNB,cha,bố,Kinship/Honorific terms,3.7762136459350586,3.727669477462769,-0.04854416847229
MCQA_0144_0,MCQA,PNN,mẹ,má,Kinship/Honorific terms,3.7762136459350586,3.795351982116699,0.0191383361816406
MCQA_0144_0,MCQA,PNN,chiếc,cái,Negation/Function words,3.7762136459350586,3.7808589935302734,0.0046453475952148
MCQA_0144_0,MCQA,PNN,chiếc,cái,Negation/Function words,3.7762136459350586,3.7808589935302734,0.0046453475952148
MCQA_0144_0,MCQA,PNN,bố,cha,Kinship/Honorific terms,3.7762136459350586,3.7209274768829346,-0.055286169052124
MCQA_0144_0,MCQA,PNN,và,với,Connectives/Aspect markers,3.7762136459350586,3.8154642581939697,0.0392506122589111
MCQA_0144_0,MCQA,PNT1,cha,bố,Kinship/Honorific terms,3.7762136459350586,3.727669477462769,-0.04854416847229
MCQA_0144_0,MCQA,PNT1,cho,chua,Predicate vocabulary,3.7762136459350586,3.8636629581451416,0.087449312210083
MCQA_0144_0,MCQA,PNT2,thế nào,răng,Interrogatives,3.7762136459350586,4.039673328399658,0.2634596824645996
MCQA_0144_0,MCQA,PNT3,bão vắng mẹ,bạo thiếu mạ,Kinship/Honorific terms,3.7762136459350586,3.8536665439605713,0.0774528980255127
MCQA_0144_0,MCQA,PNT3,cha,bọ,Kinship/Honorific terms,3.7762136459350586,3.890528678894043,0.1143150329589843
MCQA_0144_0,MCQA,PNT3,vất vả,khổ,Predicate vocabulary,3.7762136459350586,3.9462151527404785,0.1700015068054199
MCQA_0144_0,MCQA,PNT3,thế nào,răng,Interrogatives,3.7762136459350586,4.039673328399658,0.2634596824645996
MCQA_0144_0,MCQA,PNT3,chiếc,cấy,Negation/Function words,3.7762136459350586,3.88577651977539,0.109562873840332
MCQA_0144_0,MCQA,PNT3,chiếc,cấy,Negation/Function words,3.7762136459350586,3.88577651977539,0.109562873840332
MCQA_0144_0,MCQA,PNT3,bố,bọ,Kinship/Honorific terms,3.7762136459350586,3.850571632385254,0.0743579864501953
MCQA_0144_0,MCQA,PNT3,bố,bọ,Kinship/Honorific terms,3.7762136459350586,3.850571632385254,0.0743579864501953
MCQA_0144_0,MCQA,PNT4,cha,ba,Kinship/Honorific terms,3.7762136459350586,3.7985126972198486,0.02229905128479
MCQA_0144_0,MCQA,PNT4,thế nào,ren,Interrogatives,3.7762136459350586,4.04775333404541,0.2715396881103515
MCQA_0144_0,MCQA,PNT4,chiếc,cái,Negation/Function words,3.7762136459350586,3.7808589935302734,0.0046453475952148
MCQA_0144_0,MCQA,PNT4,chiếc,cái,Negation/Function words,3.7762136459350586,3.7808589935302734,0.0046453475952148
MCQA_0144_0,MCQA,PNT4,bố,ba,Kinship/Honorific terms,3.7762136459350586,3.7620694637298584,-0.0141441822052001
MCQA_0144_0,MCQA,PNT4,chăm,lo,Predicate vocabulary,3.7762136459350586,3.802169561386109,0.0259559154510498
MCQA_0144_0,MCQA,PNT4,bố,ba,Kinship/Honorific terms,3.7762136459350586,3.7620694637298584,-0.0141441822052001
MCQA_0144_3,MCQA,PNB,chi,chị,Kinship/Honorific terms,3.1856536865234375,3.150913953781128,-0.0347397327423095
MCQA_0144_3,MCQA,PNN,khi mẹ,lúc má,Kinship/Honorific terms,3.1856536865234375,3.3143491744995117,0.1286954879760742
MCQA_0144_3,MCQA,PNN,những,mấy,Negation/Function words,3.1856536865234375,3.213793992996216,0.0281403064727783
MCQA_0144_3,MCQA,PNN,giúp bố,phụ ba,Kinship/Honorific terms,3.1856536865234375,3.413534879684448,0.2278811931610107
MCQA_0144_3,MCQA,PNN,giúp bố,phụ ba,Kinship/Honorific terms,3.1856536865234375,3.413534879684448,0.2278811931610107
MCQA_0144_3,MCQA,PNN,và,với,Connectives/Aspect markers,3.1856536865234375,3.3062355518341064,0.1205818653106689
MCQA_0144_3,MCQA,PNN,đàn ngan,bầy vịt xiêm,Predicate vocabulary,3.1856536865234375,3.4592785835266113,0.2736248970031738
MCQA_0144_3,MCQA,PNN,đàn ngan,bầy vịt xiêm,Predicate vocabulary,3.1856536865234375,3.4592785835266113,0.2736248970031738
MCQA_0144_3,MCQA,PNN,và,với,Connectives/Aspect markers,3.1856536865234375,3.3062355518341064,0.1205818653106689
MCQA_0144_3,MCQA,PNT2,đã làm,đạ mần,Connectives/Aspect markers,3.1856536865234375,3.4292571544647217,0.2436034679412841
MCQA_0144_3,MCQA,PNT2,gì,chi,Interrogatives,3.1856536865234375,3.4029529094696045,0.217299222946167
MCQA_0144_3,MCQA,PNT3,những việc gì,chi,Interrogatives,3.1856536865234375,3.3154683113098145,0.1298146247863769
MCQA_0144_3,MCQA,PNT3,bố,bọ,Kinship/Honorific terms,3.1856536865234375,3.441389322280884,0.2557356357574463
MCQA_0144_3,MCQA,PNT3,bố,bọ,Kinship/Honorific terms,3.1856536865234375,3.441389322280884,0.2557356357574463
MCQA_0144_3,MCQA,PNT3,và,với,Connectives/Aspect markers,3.1856536865234375,3.3062355518341064,0.1205818653106689
MCQA_0144_3,MCQA,PNT3,và,với,Connectives/Aspect markers,3.1856536865234375,3.3062355518341064,0.1205818653106689
MCQA_0144_3,MCQA,PNT4,gì,chi,Interrogatives,3.1856536865234375,3.4029529094696045,0.217299222946167
MCQA_0144_3,MCQA,PNT4,bố,ba,Kinship/Honorific terms,3.1856536865234375,3.3189687728881836,0.1333150863647461
MCQA_0144_3,MCQA,PNT4,bố,ba,Kinship/Honorific terms,3.1856536865234375,3.3189687728881836,0.1333150863647461
MCQA_0144_3,MCQA,PNT4,chăm,giữ,Predicate vocabulary,3.1856536865234375,3.25624680519104,0.0705931186676025
MCQA_0144_3,MCQA,PNT4,chăm,giữ,Predicate vocabulary,3.1856536865234375,3.25624680519104,0.0705931186676025
MCQA_0147_4,MCQA,PNN,những,mấy,Negation/Function words,2.3562748432159424,2.5068986415863037,0.1506237983703613
MCQA_0147_4,MCQA,PNT1,nào,mô,Negation/Function words,2.3562748432159424,2.722785711288452,0.3665108680725097
MCQA_0147_4,MCQA,PNT2,những,mấy,Negation/Function words,2.3562748432159424,2.5068986415863037,0.1506237983703613
MCQA_0147_4,MCQA,PNT3,những,mấy,Negation/Function words,2.3562748432159424,2.5068986415863037,0.1506237983703613
MCQA_0147_4,MCQA,PNT4,nào,mô,Interrogatives,2.3562748432159424,2.722785711288452,0.3665108680725097
MCQA_0148_3,MCQA,PNN,việc,chuyện,Predicate vocabulary,2.661419153213501,2.657116413116455,-0.0043027400970458
MCQA_0148_3,MCQA,PNN,như thế nào,ra sao,Interrogatives,2.661419153213501,2.6820452213287354,0.0206260681152343
MCQA_0148_3,MCQA,PNN,chúng,tụi,Pronouns,2.661419153213501,2.7697784900665283,0.1083593368530273
MCQA_0148_3,MCQA,PNN,đến,tới,Predicate vocabulary,2.661419153213501,2.7116315364837646,0.0502123832702636
MCQA_0148_3,MCQA,PNN,chúng,tụi,Pronouns,2.661419153213501,2.7697784900665283,0.1083593368530273
MCQA_0148_3,MCQA,PNN,đến,tới,Predicate vocabulary,2.661419153213501,2.7116315364837646,0.0502123832702636
MCQA_0148_3,MCQA,PNN,chúng,tụi,Pronouns,2.661419153213501,2.7697784900665283,0.1083593368530273
MCQA_0148_3,MCQA,PNN,đến,tới,Predicate vocabulary,2.661419153213501,2.7116315364837646,0.0502123832702636
MCQA_0148_3,MCQA,PNT1,cho,chua,Predicate vocabulary,2.661419153213501,2.8081142902374268,0.1466951370239257
MCQA_0148_3,MCQA,PNT1,về,viền,Predicate vocabulary,2.661419153213501,2.791700601577759,0.1302814483642578
MCQA_0148_3,MCQA,PNT1,về,viền,Predicate vocabulary,2.661419153213501,2.791700601577759,0.1302814483642578
MCQA_0148_3,MCQA,PNT1,về,viền,Predicate vocabulary,2.661419153213501,2.791700601577759,0.1302814483642578
MCQA_0148_3,MCQA,PNT2,như thế nào,à răng,Interrogatives,2.661419153213501,2.8786370754241943,0.2172179222106933
MCQA_0148_3,MCQA,PNT2,chúng,nhà,Pronouns,2.661419153213501,2.7716352939605713,0.1102161407470703
MCQA_0148_3,MCQA,PNT2,chúng,nhà,Pronouns,2.661419153213501,2.7716352939605713,0.1102161407470703
MCQA_0148_3,MCQA,PNT2,chúng,nhà,Pronouns,2.661419153213501,2.7716352939605713,0.1102161407470703
MCQA_0148_3,MCQA,PNT3,thế nào,răng,Interrogatives,2.661419153213501,2.9175398349761963,0.2561206817626953
MCQA_0148_3,MCQA,PNT3,chúng,bọn,Pronouns,2.661419153213501,2.7340705394744873,0.0726513862609863
MCQA_0148_3,MCQA,PNT3,chúng,bọn,Pronouns,2.661419153213501,2.7340705394744873,0.0726513862609863
MCQA_0148_3,MCQA,PNT3,chúng,bọn,Pronouns,2.661419153213501,2.7340705394744873,0.0726513862609863
MCQA_0148_3,MCQA,PNT4,như thế nào,ra ren,Interrogatives,2.661419153213501,2.8982789516448975,0.2368597984313964
MCQA_0151_1,MCQA,PNN,gọi,kêu,Predicate vocabulary,3.721029281616211,3.654717922210694,-0.0663113594055175
MCQA_0151_1,MCQA,PNN,gọi,kêu,Predicate vocabulary,3.721029281616211,3.654717922210694,-0.0663113594055175
MCQA_0151_1,MCQA,PNT2,nó làm gì,hấn mần chi,Interrogatives,3.721029281616211,4.181534290313721,0.4605050086975097
MCQA_0151_1,MCQA,PNT2,vào,vô,Connectives/Aspect markers,3.721029281616211,3.8154377937316895,0.0944085121154785
MCQA_0151_1,MCQA,PNT3,muốn gọi,ưng kêu,Predicate vocabulary,3.721029281616211,3.739391326904297,0.0183620452880859
MCQA_0151_1,MCQA,PNT3,đàn,bầy,Predicate vocabulary,3.721029281616211,3.67833948135376,-0.0426898002624511
MCQA_0151_1,MCQA,PNT3,làm gì,mần chi,Interrogatives,3.721029281616211,4.093568325042725,0.3725390434265136
MCQA_0151_1,MCQA,PNT3,vào,vô,Connectives/Aspect markers,3.721029281616211,3.8154377937316895,0.0944085121154785
MCQA_0151_1,MCQA,PNT3,gọi,kêu,Predicate vocabulary,3.721029281616211,3.654717922210694,-0.0663113594055175
MCQA_0151_1,MCQA,PNT3,đàn,bầy,Predicate vocabulary,3.721029281616211,3.67833948135376,-0.0426898002624511
MCQA_0151_1,MCQA,PNT4,gì,chi,Interrogatives,3.721029281616211,3.918966293334961,0.19793701171875
MCQA_0151_3,MCQA,PNN,gọi,kêu,Predicate vocabulary,2.1937224864959717,2.341965675354004,0.1482431888580322
MCQA_0151_3,MCQA,PNN,cạnh,kế bên,Predicate vocabulary,2.1937224864959717,2.262742042541504,0.0690195560455322
MCQA_0151_3,MCQA,PNT2,như thế nào,a răng,Interrogatives,2.1937224864959717,2.7767045497894287,0.582982063293457
MCQA_0151_3,MCQA,PNT3,như thế nào,dư răng,Interrogatives,2.1937224864959717,2.785449743270874,0.5917272567749023
MCQA_0151_3,MCQA,PNT4,thế nào,răng,Interrogatives,2.1937224864959717,2.707041025161743,0.5133185386657715
MCQA_0152_0,MCQA,PNN,như thế nào,sao,Interrogatives,3.5304954051971436,3.639787197113037,0.1092917919158935
MCQA_0152_0,MCQA,PNN,không,hông,Negation/Function words,3.5304954051971436,3.5871644020080566,0.056668996810913
MCQA_0152_0,MCQA,PNT1,gì,chi cả,Interrogatives,3.5304954051971436,3.5845470428466797,0.0540516376495361
MCQA_0152_0,MCQA,PNT2,đã,đạ,Connectives/Aspect markers,3.5304954051971436,3.626044511795044,0.0955491065979003
MCQA_0152_0,MCQA,PNT2,như thế nào,a răng,Interrogatives,3.5304954051971436,3.7254889011383057,0.1949934959411621
MCQA_0152_0,MCQA,PNT2,toòng teng,hoa tai,Predicate vocabulary,3.5304954051971436,3.353460788726806,-0.1770346164703369
MCQA_0152_0,MCQA,PNT2,không,nỏ,Negation/Function words,3.5304954051971436,3.630131483078003,0.0996360778808593
MCQA_0152_0,MCQA,PNT2,gì,chi,Interrogatives,3.5304954051971436,3.576171398162842,0.0456759929656982
MCQA_0152_0,MCQA,PNT3,thế nào,răng,Interrogatives,3.5304954051971436,3.730604887008667,0.2001094818115234
MCQA_0152_0,MCQA,PNT3,lớn,bà lả,Predicate vocabulary,3.5304954051971436,3.636390686035156,0.1058952808380127
MCQA_0152_0,MCQA,PNT3,bận,mắc,Predicate vocabulary,3.5304954051971436,3.5365347862243652,0.0060393810272216
MCQA_0152_0,MCQA,PNT3,không,nỏ,Negation/Function words,3.5304954051971436,3.630131483078003,0.0996360778808593
MCQA_0152_0,MCQA,PNT3,gì,chi,Interrogatives,3.5304954051971436,3.576171398162842,0.0456759929656982
MCQA_0152_0,MCQA,PNT4,hiệu,hàng,Predicate vocabulary,3.5304954051971436,3.488706111907959,-0.0417892932891845
MCQA_0152_0,MCQA,PNT4,cậu,anh,Pronouns,3.5304954051971436,3.515824556350708,-0.0146708488464355
MCQA_0152_0,MCQA,PNT4,thế nào,ren,Interrogatives,3.5304954051971436,3.7311625480651855,0.200667142868042
MCQA_0152_0,MCQA,PNT4,bận,mắc,Predicate vocabulary,3.5304954051971436,3.5365347862243652,0.0060393810272216
MCQA_0152_0,MCQA,PNT4,mang,đem,Predicate vocabulary,3.5304954051971436,3.5680091381073,0.0375137329101562
MCQA_0152_0,MCQA,PNT4,gì,chi,Interrogatives,3.5304954051971436,3.576171398162842,0.0456759929656982
MCQA_0152_3,MCQA,PNN,“tôi,“tui,Pronouns,3.321850061416626,3.325146198272705,0.0032961368560791
MCQA_0152_3,MCQA,PNN,và,với,Connectives/Aspect markers,3.321850061416626,3.3906373977661133,0.0687873363494873
MCQA_0152_3,MCQA,PNN,không,hông,Negation/Function words,3.321850061416626,3.412595272064209,0.090745210647583
MCQA_0152_3,MCQA,PNN,không,hông,Negation/Function words,3.321850061416626,3.412595272064209,0.090745210647583
MCQA_0152_3,MCQA,PNN,nhìn,ngó,Predicate vocabulary,3.321850061416626,3.382655382156372,0.060805320739746
MCQA_0152_3,MCQA,PNT1,“tôi,“tau,Pronouns,3.321850061416626,3.386971950531006,0.0651218891143798
MCQA_0152_3,MCQA,PNT2,“tôi,“tui,Pronouns,3.321850061416626,3.325146198272705,0.0032961368560791
MCQA_0152_3,MCQA,PNT2,gì,chi,Interrogatives,3.321850061416626,3.3937747478485107,0.0719246864318847
MCQA_0152_3,MCQA,PNT2,không thấy,nỏ chộ,Negation/Function words,3.321850061416626,3.479543924331665,0.157693862915039
MCQA_0152_3,MCQA,PNT3,“tôi mong mình,“tau trông mềng,Pronouns,3.321850061416626,3.5727474689483643,0.2508974075317383
MCQA_0152_3,MCQA,PNT3,mình,mềng,Pronouns,3.321850061416626,3.4450035095214844,0.1231534481048584
MCQA_0152_3,MCQA,PNT3,gì,chi,Interrogatives,3.321850061416626,3.3937747478485107,0.0719246864318847
MCQA_0152_3,MCQA,PNT3,bà mong mình,mệ trông mềng,Pronouns,3.321850061416626,3.7017199993133545,0.3798699378967285
MCQA_0152_3,MCQA,PNT3,không,nỏ,Negation/Function words,3.321850061416626,3.472688674926758,0.1508386135101318
MCQA_0152_3,MCQA,PNT3,bà mong mình,mệ trông mềng,Pronouns,3.321850061416626,3.7017199993133545,0.3798699378967285
MCQA_0152_3,MCQA,PNT3,không thấy cái đầu,nỏ chộ kì trốc,Negation/Function words,3.321850061416626,3.615210056304931,0.2933599948883056
MCQA_0152_3,MCQA,PNT3,cậu,cu,Pronouns,3.321850061416626,3.447890043258667,0.126039981842041
MCQA_0152_3,MCQA,PNT3,bà mong mình,mệ trông mềng,Pronouns,3.321850061416626,3.7017199993133545,0.3798699378967285
MCQA_0152_3,MCQA,PNT4,gì,chi,Interrogatives,3.321850061416626,3.3937747478485107,0.0719246864318847
NLI_0521,NLI,PNN,cô,cổ,Pronouns,4.101953983306885,4.413456439971924,0.311502456665039
NLI_0521,NLI,PNN,cô ấy,cổ,Pronouns,4.101953983306885,4.800956726074219,0.699002742767334
NLI_0647,NLI,PNN,vào,vô,Connectives/Aspect markers,3.598254919052124,4.427219390869141,0.8289644718170166
NLI_0647,NLI,PNT2,đã,đạ,Connectives/Aspect markers,3.598254919052124,4.203132152557373,0.604877233505249
NLI_0716,NLI,PNN,không,hông,Negation/Function words,4.270226955413818,4.402624607086182,0.1323976516723632
NLI_0716,NLI,PNN,cô gái cưới,cổ lấy,Pronouns,4.270226955413818,4.664239883422852,0.3940129280090332
NLI_0729,NLI,PNB,ông ấy,mình,Pronouns,2.9791228771209717,2.9128313064575195,-0.0662915706634521
NLI_0729,NLI,PNN,không,hông,Negation/Function words,2.9791228771209717,3.321404457092285,0.3422815799713135
NLI_0729,NLI,PNN,ông ấy,ổng,Pronouns,2.9791228771209717,3.3539371490478516,0.3748142719268799
NLI_0830,NLI,PNT1,cho,chua,Predicate vocabulary,3.5533158779144287,3.749439477920532,0.1961236000061035
NLI_0830,NLI,PNT2,cũng đều,cụng,Negation/Function words,3.5533158779144287,3.889972925186157,0.3366570472717285
NLI_0959,NLI,PNN,trong tương lai,sau này,Predicate vocabulary,3.3606326580047607,3.7648870944976807,0.4042544364929199
NLI_0959,NLI,PNN,những,mấy,Negation/Function words,3.3606326580047607,3.526135206222534,0.1655025482177734
NLI_0959,NLI,PNN,đến,tới,Predicate vocabulary,3.3606326580047607,3.3627443313598633,0.0021116733551025
NLI_0959,NLI,PNN,số,phần,Predicate vocabulary,3.3606326580047607,3.6621129512786865,0.3014802932739258
NLI_0959,NLI,PNN,nữ,con gái,Predicate vocabulary,3.3606326580047607,3.306105375289917,-0.0545272827148437
NLI_0959,NLI,PNT3,trong tương lai,sau ni,Idiomatic expressions,3.3606326580047607,4.092588901519775,0.7319562435150146
NLI_0959,NLI,PNT3,đến,tới,Predicate vocabulary,3.3606326580047607,3.3627443313598633,0.0021116733551025
NLI_1019,NLI,PNN,không,hông,Negation/Function words,4.0167646408081055,4.276468753814697,0.2597041130065918
NLI_1019,NLI,PNN,các,mấy,Negation/Function words,4.0167646408081055,4.465789794921875,0.4490251541137695
NLI_1019,NLI,PNT3,các,mấy cái,Negation/Function words,4.0167646408081055,4.346632957458496,0.3298683166503906
NLI_1069,NLI,PNT3,chiến,ni,Demonstratives/Deixis,3.1217339038848877,3.700578451156616,0.5788445472717285
NLI_1069,NLI,PNT3,thể sẽ,khi đã,Connectives/Aspect markers,3.1217339038848877,3.548297166824341,0.4265632629394531
NLI_1069,NLI,PNT3,như vậy,rứa,Demonstratives/Deixis,3.1217339038848877,3.5605149269104004,0.4387810230255127
NLI_1069,NLI,PNT3,chúng tôi,bọn tui,Pronouns,3.1217339038848877,3.5114760398864746,0.3897421360015869
NLI_1077,NLI,PNN,ví,bóp,Predicate vocabulary,7.076441287994385,6.962903022766113,-0.1135382652282714
NLI_1077,NLI,PNT1,cái,cấy,Negation/Function words,7.076441287994385,6.708713054656982,-0.3677282333374023
NLI_1077,NLI,PNT2,đã,đạ,Connectives/Aspect markers,7.076441287994385,7.456347465515137,0.3799061775207519
NLI_1114,NLI,PNN,chúng tôi,tụi tui,Pronouns,3.0658676624298096,4.174084186553955,1.1082165241241455
NLI_1114,NLI,PNN,không,hông,Negation/Function words,3.0658676624298096,3.5657153129577637,0.4998476505279541
NLI_1114,NLI,PNT1,chúng tôi,bọn tau,Pronouns,3.0658676624298096,4.707162380218506,1.6412947177886963
NLI_1405,NLI,PNT3,gia đình,kì nhà,Kinship/Honorific terms,3.351130247116089,4.8281779289245605,1.4770476818084717
NLI_1420,NLI,PNN,không,hổng,Negation/Function words,4.592890739440918,4.430915832519531,-0.1619749069213867
NLI_1420,NLI,PNN,buồn,sầu,Predicate vocabulary,4.592890739440918,4.566681385040283,-0.0262093544006347
NLI_1420,NLI,PNT1,đó,đứa,Demonstratives/Deixis,4.592890739440918,6.271336078643799,1.6784453392028809
NLI_1420,NLI,PNT2,không,nọ,Negation/Function words,4.592890739440918,5.56718635559082,0.9742956161499025
NLI_1420,NLI,PNT2,đó,nớ,Demonstratives/Deixis,4.592890739440918,5.158291339874268,0.5654006004333496
NLI_1420,NLI,PNT3,không cảm thấy,nỏ chộ,Negation/Function words,4.592890739440918,5.994389057159424,1.401498317718506
NLI_1420,NLI,PNT3,đó,nớ,Demonstratives/Deixis,4.592890739440918,5.158291339874268,0.5654006004333496
NLI_1420,NLI,PNT4,đó,nớ,Demonstratives/Deixis,4.592890739440918,5.158291339874268,0.5654006004333496
NLI_1465,NLI,PNT1,cái,cấy,Negation/Function words,4.6657915115356445,4.813415050506592,0.1476235389709472
NLI_1465,NLI,PNT1,ấy,nứ,Demonstratives/Deixis,4.6657915115356445,5.2964253425598145,0.6306338310241699
NLI_1465,NLI,PNT3,cô ấy,chị nớ,Pronouns,4.6657915115356445,5.360732555389404,0.6949410438537598
NLI_1465,NLI,PNT4,ví,bóp,Predicate vocabulary,4.6657915115356445,4.639238357543945,-0.0265531539916992
NLI_1465,NLI,PNT4,cô ấy,cổ,Pronouns,4.6657915115356445,5.188926696777344,0.5231351852416992
NLI_1749,NLI,PNN,không,hông,Negation/Function words,7.59640645980835,8.242279052734375,0.6458725929260254
NLI_1749,NLI,PNT1,không,chả,Negation/Function words,7.59640645980835,8.630816459655762,1.034409999847412
NLI_1749,NLI,PNT2,không,nỏ,Negation/Function words,7.59640645980835,8.048379898071289,0.4519734382629394
NLI_1767,NLI,PNT1,miệt,kì,Predicate vocabulary,5.416415214538574,6.0094757080078125,0.5930604934692383
NLI_1775,NLI,PNN,những,mấy,Negation/Function words,3.0871143341064453,3.475832462310791,0.3887181282043457
NLI_1775,NLI,PNN,không,hông,Negation/Function words,3.0871143341064453,3.377260446548462,0.2901461124420166
NLI_1775,NLI,PNN,và,với,Connectives/Aspect markers,3.0871143341064453,3.3401715755462646,0.2530572414398193
NLI_1775,NLI,PNN,những gì,mấy cái,Predicate vocabulary,3.0871143341064453,3.4273226261138916,0.3402082920074463
NLI_1775,NLI,PNN,vào,vô,Connectives/Aspect markers,3.0871143341064453,3.5033698081970215,0.4162554740905761
NLI_1775,NLI,PNT2,không,nỏ,Negation/Function words,3.0871143341064453,3.182671546936035,0.0955572128295898
NLI_1775,NLI,PNT3,và,với,Connectives/Aspect markers,3.0871143341064453,3.3401715755462646,0.2530572414398193
NLI_1775,NLI,PNT3,gì,chi,Interrogatives,3.0871143341064453,3.385386228561402,0.298271894454956
NLI_1775,NLI,PNT4,gì,chi,Interrogatives,3.0871143341064453,3.385386228561402,0.298271894454956
NLI_1775,NLI,PNT4,vào,vô,Connectives/Aspect markers,3.0871143341064453,3.5033698081970215,0.4162554740905761
NLI_1921,NLI,PNN,nói rằng,kêu là,Predicate vocabulary,3.548811197280884,3.805040836334229,0.2562296390533447
NLI_1921,NLI,PNN,cạnh nơi,kế bên chỗ,Predicate vocabulary,3.548811197280884,3.7185490131378174,0.1697378158569336
NLI_1921,NLI,PNN,và các,với mấy,Connectives/Aspect markers,3.548811197280884,3.886873245239258,0.338062047958374
NLI_1921,NLI,PNN,rất to,bự chảng,Predicate vocabulary,3.548811197280884,3.8899543285369873,0.3411431312561035
NLI_1921,NLI,PNT2,đã,đạ,Connectives/Aspect markers,3.548811197280884,3.825546979904175,0.276735782623291
NLI_1921,NLI,PNT2,rằng,là,Connectives/Aspect markers,3.548811197280884,3.678271532058716,0.129460334777832
NLI_1921,NLI,PNT2,nơi,chộ,Predicate vocabulary,3.548811197280884,3.9552338123321538,0.4064226150512695
NLI_1921,NLI,PNT2,các,mấy,Negation/Function words,3.548811197280884,3.767017602920532,0.2182064056396484
NLI_1921,NLI,PNT2,làm việc,mần,Predicate vocabulary,3.548811197280884,3.9136998653411865,0.3648886680603027
NLI_1921,NLI,PNT2,rất,ràng,Predicate vocabulary,3.548811197280884,3.9617726802825928,0.412961483001709
NLI_1921,NLI,PNT3,đã,đạ,Connectives/Aspect markers,3.548811197280884,3.825546979904175,0.276735782623291
NLI_1921,NLI,PNT3,rằng,là,Connectives/Aspect markers,3.548811197280884,3.678271532058716,0.129460334777832
NLI_1921,NLI,PNT3,làm,mần,Predicate vocabulary,3.548811197280884,3.904987335205078,0.3561761379241943
NLI_1921,NLI,PNT4,rằng,là,Connectives/Aspect markers,3.548811197280884,3.678271532058716,0.129460334777832
NLI_1921,NLI,PNT4,nơi,chỗ,Predicate vocabulary,3.548811197280884,3.6504781246185303,0.1016669273376464
NLI_1921,NLI,PNT4,và các,với mấy,Connectives/Aspect markers,3.548811197280884,3.886873245239258,0.338062047958374
NLI_1921,NLI,PNT4,có kích thước rất to,bự quá chừng,Predicate vocabulary,3.548811197280884,3.8210723400115967,0.2722611427307129
NLI_2198,NLI,PNB,nóng,sốt,Predicate vocabulary,4.538486003875732,4.200682163238525,-0.337803840637207
NLI_2198,NLI,PNB,vì,tại,Connectives/Aspect markers,4.538486003875732,4.7968339920043945,0.2583479881286621
NLI_2198,NLI,PNN,vì,tại,Connectives/Aspect markers,4.538486003875732,4.7968339920043945,0.2583479881286621
NLI_2198,NLI,PNT1,nóng,sốt,Predicate vocabulary,4.538486003875732,4.200682163238525,-0.337803840637207
NLI_2198,NLI,PNT1,cái,cấy,Negation/Function words,4.538486003875732,5.416388511657715,0.8779025077819824
NLI_2198,NLI,PNT1,cái,cấy,Negation/Function words,4.538486003875732,5.416388511657715,0.8779025077819824
NLI_2198,NLI,PNT2,cái,cấy,Negation/Function words,4.538486003875732,5.416388511657715,0.8779025077819824
NLI_2198,NLI,PNT2,cái,cấy,Negation/Function words,4.538486003875732,5.416388511657715,0.8779025077819824
NLI_2198,NLI,PNT3,rất,đại,Predicate vocabulary,4.538486003875732,5.235415935516357,0.696929931640625
NLI_2198,NLI,PNT3,cái,kì,Negation/Function words,4.538486003875732,5.214593410491943,0.6761074066162109
NLI_2198,NLI,PNT3,cái,kì,Negation/Function words,4.538486003875732,5.214593410491943,0.6761074066162109
NLI_2313,NLI,PNT2,tôi,tui,Pronouns,4.106010913848877,4.710283279418945,0.6042723655700684
NLI_2313,NLI,PNT2,ấy,nớ,Demonstratives/Deixis,4.106010913848877,4.452778339385986,0.3467674255371094
NLI_2313,NLI,PNT2,chúng,nhà,Pronouns,4.106010913848877,4.335886001586914,0.2298750877380371
NLI_2313,NLI,PNT4,tôi,ta,Pronouns,4.106010913848877,4.544763565063477,0.4387526512145996
NLI_2313,NLI,PNT4,khá,rất,Predicate vocabulary,4.106010913848877,4.053773403167725,-0.0522375106811523
NLI_2313,NLI,PNT4,ấy,nớ,Demonstratives/Deixis,4.106010913848877,4.452778339385986,0.3467674255371094
NLI_2354,NLI,PNB,sau,từ,Connectives/Aspect markers,5.327181339263916,5.314203262329102,-0.0129780769348144
NLI_2354,NLI,PNN,không,hông,Negation/Function words,5.327181339263916,5.509000778198242,0.1818194389343261
NLI_2354,NLI,PNT3,không,nỏ,Negation/Function words,5.327181339263916,5.5519819259643555,0.2248005867004394
NLI_2354,NLI,PNT4,không,hông,Negation/Function words,5.327181339263916,5.509000778198242,0.1818194389343261
NLI_2559,NLI,PNN,không,hổng,Negation/Function words,3.689094066619873,4.090796947479248,0.401702880859375
NLI_2559,NLI,PNT1,không,chả,Negation/Function words,3.689094066619873,3.8831822872161865,0.1940882205963134
NLI_2559,NLI,PNT1,gì,chi,Interrogatives,3.689094066619873,4.274573802947998,0.585479736328125
NLI_2559,NLI,PNT2,không,nỏ,Negation/Function words,3.689094066619873,4.420392036437988,0.7312979698181152
NLI_2559,NLI,PNT2,gì,chi,Interrogatives,3.689094066619873,4.274573802947998,0.585479736328125
NLI_2559,NLI,PNT3,không,nỏ,Negation/Function words,3.689094066619873,4.420392036437988,0.7312979698181152
NLI_2559,NLI,PNT3,gì,chi,Interrogatives,3.689094066619873,4.274573802947998,0.585479736328125
NLI_2559,NLI,PNT4,gì,chi,Interrogatives,3.689094066619873,4.274573802947998,0.585479736328125
NLI_2615,NLI,PNN,không,hông,Negation/Function words,4.354975700378418,4.410411357879639,0.0554356575012207
NLI_2615,NLI,PNT1,chui,bò,Predicate vocabulary,4.354975700378418,4.588194847106934,0.2332191467285156
NLI_2615,NLI,PNT1,không,chả,Negation/Function words,4.354975700378418,4.594782829284668,0.23980712890625
NLI_2615,NLI,PNT1,gì,chi,Interrogatives,4.354975700378418,4.982478618621826,0.6275029182434082
NLI_2615,NLI,PNT2,nó,hấn,Pronouns,4.354975700378418,4.882808208465576,0.5278325080871582
NLI_2615,NLI,PNT2,không,nỏ,Negation/Function words,4.354975700378418,4.68865966796875,0.333683967590332
NLI_2615,NLI,PNT2,gì,chi,Interrogatives,4.354975700378418,4.982478618621826,0.6275029182434082
NLI_2615,NLI,PNT2,nó,hấn,Pronouns,4.354975700378418,4.882808208465576,0.5278325080871582
NLI_2615,NLI,PNT3,gì,chi,Interrogatives,4.354975700378418,4.982478618621826,0.6275029182434082
NLI_2615,NLI,PNT4,gì,chi,Interrogatives,4.354975700378418,4.982478618621826,0.6275029182434082
NLI_2899,NLI,PNN,không,hông,Negation/Function words,3.39605975151062,4.09381628036499,0.6977565288543701
NLI_2899,NLI,PNN,khi xem những,lúc coi mấy,Predicate vocabulary,3.39605975151062,4.01894998550415,0.6228902339935303
NLI_2899,NLI,PNT1,xem,coi,Predicate vocabulary,3.39605975151062,3.5275137424468994,0.1314539909362793
NLI_2899,NLI,PNT2,đã,đạ,Connectives/Aspect markers,3.39605975151062,4.040056228637695,0.6439964771270752
NLI_2899,NLI,PNT2,những,mấy cấy,Negation/Function words,3.39605975151062,4.2589240074157715,0.8628642559051514
NLI_2899,NLI,PNT3,mẹ,mạ,Kinship/Honorific terms,3.39605975151062,4.530893802642822,1.134834051132202
NLI_2899,NLI,PNT3,không,nỏ,Negation/Function words,3.39605975151062,4.312597274780273,0.9165375232696532
NLI_2899,NLI,PNT3,xem những,coi mấy,Predicate vocabulary,3.39605975151062,3.885421752929687,0.4893620014190674
NLI_2899,NLI,PNT4,ảnh,hình,Predicate vocabulary,3.39605975151062,3.5336289405822754,0.1375691890716552
NLI_2948,NLI,PNN,chúng tôi,tụi tui,Pronouns,3.481630325317383,4.110170841217041,0.6285405158996582
NLI_2948,NLI,PNT2,gì,chi,Interrogatives,3.481630325317383,4.427956581115723,0.9463262557983398
NLI_2948,NLI,PNT2,làm,mần,Predicate vocabulary,3.481630325317383,3.908628225326538,0.4269979000091553
NLI_2948,NLI,PNT3,gì chúng tôi,chi choa,Interrogatives,3.481630325317383,4.487567901611328,1.005937576293945
NLI_2948,NLI,PNT3,làm,mần,Predicate vocabulary,3.481630325317383,3.908628225326538,0.4269979000091553
NLI_2948,NLI,PNT4,gì,chi,Interrogatives,3.481630325317383,4.427956581115723,0.9463262557983398
NLI_3048,NLI,PNN,giai đoạn,lúc,Predicate vocabulary,2.8473682403564453,2.9562933444976807,0.1089251041412353
NLI_3048,NLI,PNN,không,hhông,Negation/Function words,2.8473682403564453,3.357825756072998,0.5104575157165527
NLI_3048,NLI,PNN,hoặc,hay,Connectives/Aspect markers,2.8473682403564453,2.9001851081848145,0.0528168678283691
NLI_3048,NLI,PNT2,này không,ni nỏ,Demonstratives/Deixis,2.8473682403564453,3.447969436645508,0.6006011962890625
NLI_3048,NLI,PNT3,đã,đạ,Connectives/Aspect markers,2.8473682403564453,3.1228065490722656,0.2754383087158203
NLI_3048,NLI,PNT3,nên,bơ,Connectives/Aspect markers,2.8473682403564453,3.184795618057251,0.3374273777008056
NLI_3048,NLI,PNT3,này không,ni khung,Demonstratives/Deixis,2.8473682403564453,3.425065279006958,0.5776970386505127
NLI_3048,NLI,PNT3,sang,qua,Predicate vocabulary,2.8473682403564453,2.8529090881347656,0.0055408477783203
NLI_3048,NLI,PNT4,một số,mấy,Negation/Function words,2.8473682403564453,3.2386374473571777,0.3912692070007324
NLI_3048,NLI,PNT4,giai đoạn này,đợt ni,Demonstratives/Deixis,2.8473682403564453,3.214845657348633,0.3674774169921875
NLI_3048,NLI,PNT4,di chuyển,đi,Predicate vocabulary,2.8473682403564453,2.983464479446411,0.1360962390899658
NLI_3048,NLI,PNT4,hoặc sang,hay qua,Predicate vocabulary,2.8473682403564453,2.886791944503784,0.0394237041473388
NLI_3107,NLI,PNT4,nhắc,nói,Predicate vocabulary,4.850059986114502,5.018032073974609,0.1679720878601074
NLI_3108,NLI,PNN,vào,hồi,Connectives/Aspect markers,3.80513072013855,4.211032390594482,0.4059016704559326
NLI_3108,NLI,PNT1,mong muốn,ưng,Predicate vocabulary,3.80513072013855,4.462200164794922,0.6570694446563721
NLI_3108,NLI,PNT2,đã,đạ,Connectives/Aspect markers,3.80513072013855,4.461533546447754,0.6564028263092041
NLI_3108,NLI,PNT2,mong muốn,ưng,Predicate vocabulary,3.80513072013855,4.462200164794922,0.6570694446563721
NLI_3108,NLI,PNT3,vào,hồi,Connectives/Aspect markers,3.80513072013855,4.211032390594482,0.4059016704559326
NLI_3108,NLI,PNT3,đã,đạ,Connectives/Aspect markers,3.80513072013855,4.461533546447754,0.6564028263092041
NLI_3108,NLI,PNT3,mong muốn,ưng,Predicate vocabulary,3.80513072013855,4.462200164794922,0.6570694446563721
NLI_3108,NLI,PNT4,vào,hồi,Connectives/Aspect markers,3.80513072013855,4.211032390594482,0.4059016704559326
NLI_3171,NLI,PNN,vỡ vụn,banh,Predicate vocabulary,4.154664039611816,4.8960490226745605,0.7413849830627441
NLI_3171,NLI,PNT1,làm,mần,Predicate vocabulary,4.154664039611816,4.584590911865234,0.4299268722534179
NLI_3171,NLI,PNT2,làm,mần,Predicate vocabulary,4.154664039611816,4.584590911865234,0.4299268722534179
NLI_3171,NLI,PNT4,quả,trái,Predicate vocabulary,4.154664039611816,4.162838459014893,0.0081744194030761
NLI_3171,NLI,PNT4,cô ấy vỡ vụn,cổ nát bét,Pronouns,4.154664039611816,5.044193267822266,0.8895292282104492
NLI_3172,NLI,PNN,có vẻ điều,coi bộ chuyện,Predicate vocabulary,4.854857444763184,5.133695602416992,0.2788381576538086
NLI_3172,NLI,PNN,không,hông,Negation/Function words,4.854857444763184,5.111263751983643,0.256406307220459
NLI_3172,NLI,PNT2,đó không,nớ nỏ,Demonstratives/Deixis,4.854857444763184,5.595016956329346,0.7401595115661621
NLI_3172,NLI,PNT3,đó không,nớ nỏ,Demonstratives/Deixis,4.854857444763184,5.595016956329346,0.7401595115661621
NLI_3172,NLI,PNT3,xem,chộ,Predicate vocabulary,4.854857444763184,5.687107563018799,0.8322501182556152
NLI_3201,NLI,PNN,bởi,tại,Connectives/Aspect markers,6.031984806060791,6.408353328704834,0.3763685226440429
NLI_3201,NLI,PNT2,bởi vì,do cấy,Connectives/Aspect markers,6.031984806060791,7.169704914093018,1.1377201080322266
NLI_3201,NLI,PNT3,bởi vì,tại,Connectives/Aspect markers,6.031984806060791,6.626306056976318,0.5943212509155273
NLI_3201,NLI,PNT3,nên,bơ,Connectives/Aspect markers,6.031984806060791,6.770599365234375,0.738614559173584
NLI_3201,NLI,PNT3,mới muốn giành,mì ưng treng,Predicate vocabulary,6.031984806060791,6.651416778564453,0.6194319725036621
NLI_3201,NLI,PNT4,bởi,tại,Connectives/Aspect markers,6.031984806060791,6.408353328704834,0.3763685226440429
NLI_3211,NLI,PNN,khổng lồ,bự chảng,Predicate vocabulary,4.066259860992432,4.843934535980225,0.777674674987793
NLI_3211,NLI,PNT1,vậy,rứa,Demonstratives/Deixis,4.066259860992432,4.331917762756348,0.265657901763916
NLI_3211,NLI,PNT2,vậy,rứa,Demonstratives/Deixis,4.066259860992432,4.331917762756348,0.265657901763916
NLI_3211,NLI,PNT3,khổng lồ như vậy,bà lả in rứa,Demonstratives/Deixis,4.066259860992432,4.943174362182617,0.8769145011901855
NLI_3211,NLI,PNT4,vậy,rứa,Demonstratives/Deixis,4.066259860992432,4.331917762756348,0.265657901763916
NLI_3269,NLI,PNB,do,vì,Connectives/Aspect markers,4.807950019836426,3.904815196990967,-0.903134822845459
NLI_3269,NLI,PNN,do,tại,Connectives/Aspect markers,4.807950019836426,4.261606216430664,-0.5463438034057617
NLI_3269,NLI,PNN,chú,con,Kinship/Honorific terms,4.807950019836426,4.619256973266602,-0.1886930465698242
NLI_3269,NLI,PNT1,vậy nên,di niên,Connectives/Aspect markers,4.807950019836426,5.709096431732178,0.901146411895752
NLI_3269,NLI,PNT2,nào làm,mô mần,Interrogatives,4.807950019836426,5.411528587341309,0.6035785675048828
NLI_3269,NLI,PNT2,vậy,rứa,Demonstratives/Deixis,4.807950019836426,4.943461894989014,0.1355118751525879
NLI_3269,NLI,PNT3,chú,kì con,Kinship/Honorific terms,4.807950019836426,5.102298259735107,0.2943482398986816
NLI_3269,NLI,PNT3,nào làm,mô mần,Interrogatives,4.807950019836426,5.411528587341309,0.6035785675048828
NLI_3269,NLI,PNT3,như vậy,in ri,Demonstratives/Deixis,4.807950019836426,5.941011905670166,1.1330618858337402
NLI_3269,NLI,PNT4,chú,con,Kinship/Honorific terms,4.807950019836426,4.619256973266602,-0.1886930465698242
NLI_3269,NLI,PNT4,nào,mô,Interrogatives,4.807950019836426,5.298802375793457,0.4908523559570312
NLI_3269,NLI,PNT4,vậy,ri,Demonstratives/Deixis,4.807950019836426,5.530529022216797,0.7225790023803711
NLI_3276,NLI,PNN,không,hông,Negation/Function words,4.392431735992432,4.438477039337158,0.0460453033447265
NLI_3276,NLI,PNT2,không,nỏ,Negation/Function words,4.392431735992432,4.7323899269104,0.3399581909179687
NLI_3276,NLI,PNT3,không,nỏ,Negation/Function words,4.392431735992432,4.7323899269104,0.3399581909179687
NLI_3340,NLI,PNN,ông ấy,ổng,Pronouns,4.017181873321533,4.299907207489014,0.2827253341674804
NLI_3340,NLI,PNT3,từng,khi mô,Interrogatives,4.017181873321533,4.731700420379639,0.7145185470581055
NLI_3340,NLI,PNT3,ấy đã,nớ đạ,Demonstratives/Deixis,4.017181873321533,4.684083938598633,0.6669020652770996
NLI_3340,NLI,PNT3,rất lâu,khi mô đến chừ,Idiomatic expressions,4.017181873321533,4.736396312713623,0.7192144393920898
NLI_3340,NLI,PNT4,ông ấy,ổng,Pronouns,4.017181873321533,4.299907207489014,0.2827253341674804
NLI_3719,NLI,PNN,do,tại,Connectives/Aspect markers,6.2367963790893555,5.576345920562744,-0.6604504585266113
NLI_3719,NLI,PNT2,số lượng lớn,vơ trời,Idiomatic expressions,6.2367963790893555,6.931667327880859,0.6948709487915039
NLI_3719,NLI,PNT3,nên,bưa,Connectives/Aspect markers,6.2367963790893555,6.62527322769165,0.3884768486022949
NLI_3719,NLI,PNT3,giành,treng,Predicate vocabulary,6.2367963790893555,6.7336039543151855,0.4968075752258301
NLI_3739,NLI,PNT2,ấy,nớ,Demonstratives/Deixis,4.267947196960449,4.795330047607422,0.5273828506469727
NLI_3739,NLI,PNT3,anh ấy,hấn,Pronouns,4.267947196960449,4.8350067138671875,0.5670595169067383
NLI_3915,NLI,PNN,ôtô cá,xe hơi cá,Predicate vocabulary,5.0407843589782715,5.130161762237549,0.0893774032592773
NLI_3915,NLI,PNT4,ôtô cá nhân,xe hơi riêng,Predicate vocabulary,5.0407843589782715,5.610660552978516,0.5698761940002441
NLI_3951,NLI,PNT2,các,mấy,Negation/Function words,4.075864315032959,4.85966682434082,0.7838025093078613
NLI_3951,NLI,PNT3,các,mấy,Negation/Function words,4.075864315032959,4.85966682434082,0.7838025093078613
NLI_3951,NLI,PNT4,các,mấy,Negation/Function words,4.075864315032959,4.85966682434082,0.7838025093078613
NLI_3951,NLI,PNT4,gắn,lắp,Predicate vocabulary,4.075864315032959,4.026020050048828,-0.0498442649841308
NLI_4015,NLI,PNN,do,tại,Connectives/Aspect markers,3.876869201660156,3.9015228748321538,0.024653673171997
NLI_4015,NLI,PNN,không,hông,Negation/Function words,3.876869201660156,4.22990608215332,0.353036880493164
NLI_4015,NLI,PNN,vào,vô,Connectives/Aspect markers,3.876869201660156,4.369546890258789,0.4926776885986328
NLI_4015,NLI,PNT1,vào,vô,Connectives/Aspect markers,3.876869201660156,4.369546890258789,0.4926776885986328
NLI_4015,NLI,PNT2,không,nỏ,Negation/Function words,3.876869201660156,4.618373870849609,0.7415046691894531
NLI_4015,NLI,PNT2,vào,vô,Connectives/Aspect markers,3.876869201660156,4.369546890258789,0.4926776885986328
NLI_4015,NLI,PNT3,vào,vô,Connectives/Aspect markers,3.876869201660156,4.369546890258789,0.4926776885986328
NLI_4015,NLI,PNT4,vào,vô,Connectives/Aspect markers,3.876869201660156,4.369546890258789,0.4926776885986328
NLI_4176,NLI,PNN,không,hổng,Negation/Function words,3.728400230407715,4.113697528839111,0.3852972984313965
NLI_4176,NLI,PNN,không,hổng,Negation/Function words,3.728400230407715,4.113697528839111,0.3852972984313965
NLI_4176,NLI,PNT2,không,nỏ,Negation/Function words,3.728400230407715,4.283932209014893,0.5555319786071777
NLI_4176,NLI,PNT2,không,nỏ,Negation/Function words,3.728400230407715,4.283932209014893,0.5555319786071777
NLI_4176,NLI,PNT3,không,nỏ,Negation/Function words,3.728400230407715,4.283932209014893,0.5555319786071777
NLI_4176,NLI,PNT3,không,nỏ,Negation/Function words,3.728400230407715,4.283932209014893,0.5555319786071777
NLI_4217,NLI,PNN,mang thai,có chửa,Predicate vocabulary,3.4020495414733887,3.703261852264404,0.3012123107910156
NLI_4217,NLI,PNN,cô,cổ,Pronouns,3.4020495414733887,4.115325450897217,0.7132759094238281
NLI_4217,NLI,PNN,không,hông,Negation/Function words,3.4020495414733887,3.855233669281006,0.4531841278076172
NLI_4217,NLI,PNN,vào,vô,Connectives/Aspect markers,3.4020495414733887,3.878203630447388,0.476154088973999
NLI_4217,NLI,PNT1,mang thai,có bầu,Predicate vocabulary,3.4020495414733887,3.4591619968414307,0.0571124553680419
NLI_4217,NLI,PNT1,không,chả,Negation/Function words,3.4020495414733887,3.692602396011353,0.2905528545379638
NLI_4217,NLI,PNT1,bắt,tống,Predicate vocabulary,3.4020495414733887,3.614111423492432,0.2120618820190429
NLI_4217,NLI,PNT3,thai,bầu,Predicate vocabulary,3.4020495414733887,3.5530500411987305,0.1510004997253418
NLI_4217,NLI,PNT3,không,nỏ,Negation/Function words,3.4020495414733887,4.114620685577393,0.7125711441040039
NLI_4217,NLI,PNT3,vào,vô,Connectives/Aspect markers,3.4020495414733887,3.878203630447388,0.476154088973999
NLI_4221,NLI,PNN,chắn,cú,Predicate vocabulary,3.760212421417236,3.9311373233795166,0.1709249019622802
NLI_4221,NLI,PNN,những,mấy,Negation/Function words,3.760212421417236,3.904519081115722,0.1443066596984863
NLI_4221,NLI,PNN,không,hông,Negation/Function words,3.760212421417236,3.976834535598755,0.2166221141815185
NLI_4221,NLI,PNT3,những,mấy,Negation/Function words,3.760212421417236,3.904519081115722,0.1443066596984863
NLI_4221,NLI,PNT3,không,nỏ,Negation/Function words,3.760212421417236,4.038488864898682,0.2782764434814453
NLI_4221,NLI,PNT3,gì,chi,Interrogatives,3.760212421417236,3.9721672534942623,0.2119548320770263
NLI_4233,NLI,PNN,tự do,thả giàn,Idiomatic expressions,1.9775094985961912,3.0013930797576904,1.023883581161499
NLI_4233,NLI,PNT2,người dân,bà con,Predicate vocabulary,1.9775094985961912,2.469363212585449,0.4918537139892578
NLI_4233,NLI,PNT4,trong giai đoạn,hồi,Connectives/Aspect markers,1.9775094985961912,2.7796971797943115,0.8021876811981201
NLI_4266,NLI,PNB,chúng,bọn,Pronouns,4.10548210144043,4.552945613861084,0.4474635124206543
NLI_4266,NLI,PNB,mỏi,nhọc,Predicate vocabulary,4.10548210144043,3.8424758911132817,-0.2630062103271484
NLI_4266,NLI,PNN,chúng tôi,tụi tui,Pronouns,4.10548210144043,4.584662437438965,0.4791803359985351
NLI_4266,NLI,PNN,mệt mỏi,oải,Predicate vocabulary,4.10548210144043,4.413639068603516,0.3081569671630859
NLI_4266,NLI,PNT1,mỏi gì,mõi chi,Interrogatives,4.10548210144043,4.566617488861084,0.4611353874206543
NLI_4266,NLI,PNT2,chúng tôi,nhà choa,Pronouns,4.10548210144043,5.007920742034912,0.9024386405944824
NLI_4266,NLI,PNT2,này,ni,Demonstratives/Deixis,4.10548210144043,4.469925880432129,0.3644437789916992
NLI_4266,NLI,PNT2,không,nỏ,Negation/Function words,4.10548210144043,4.730656147003174,0.6251740455627441
NLI_4266,NLI,PNT2,gì,chi,Interrogatives,4.10548210144043,4.495328903198242,0.3898468017578125
NLI_4266,NLI,PNT3,chúng tôi,choa,Pronouns,4.10548210144043,4.751591205596924,0.6461091041564941
NLI_4266,NLI,PNT3,này nên không mệt mỏi gì,ni bơ nỏ dọc chi,Interrogatives,4.10548210144043,5.374692440032959,1.2692103385925293
NLI_4266,NLI,PNT4,này,ni,Demonstratives/Deixis,4.10548210144043,4.469925880432129,0.3644437789916992
NLI_4266,NLI,PNT4,gì,chi,Interrogatives,4.10548210144043,4.495328903198242,0.3898468017578125
NLI_4394,NLI,PNN,khiến các,làm mấy,Predicate vocabulary,2.90751576423645,3.3323943614959717,0.4248785972595215
NLI_4394,NLI,PNN,không,hông,Negation/Function words,2.90751576423645,3.278576612472534,0.371060848236084
NLI_4394,NLI,PNN,và bật,với té,Predicate vocabulary,2.90751576423645,3.1901073455810547,0.2825915813446045
NLI_4394,NLI,PNT2,bật,bổ,Predicate vocabulary,2.90751576423645,3.100088119506836,0.1925723552703857
NLI_4394,NLI,PNT3,khiến các,mần mấy,Predicate vocabulary,2.90751576423645,3.485130786895752,0.5776150226593018
NLI_4394,NLI,PNT3,không,khung,Negation/Function words,2.90751576423645,3.421837329864502,0.5143215656280518
NLI_4394,NLI,PNT4,khiến,làm,Predicate vocabulary,2.90751576423645,3.129676103591919,0.2221603393554687
NLI_4572,NLI,PNN,tình hình kinh doanh,vụ làm ăn,Idiomatic expressions,3.7256710529327393,4.443439483642578,0.7177684307098389
NLI_4572,NLI,PNN,những gì,mấy cái,Predicate vocabulary,3.7256710529327393,4.083151817321777,0.3574807643890381
NLI_4572,NLI,PNT2,gì,chi,Interrogatives,3.7256710529327393,4.046449184417725,0.3207781314849853
NLI_4572,NLI,PNT3,những gì,mấy cấy,Interrogatives,3.7256710529327393,4.425648212432861,0.6999771595001221
NLI_4616,NLI,PNN,nói rằng ông,kêu là ổng,Predicate vocabulary,3.2722911834716797,4.121109962463379,0.8488187789916992
NLI_4616,NLI,PNN,không,hông,Negation/Function words,3.2722911834716797,3.5149245262145996,0.2426333427429199
NLI_4616,NLI,PNN,cả,hết,Negation/Function words,3.2722911834716797,3.4812591075897217,0.208967924118042
NLI_4616,NLI,PNT1,vậy,rứa,Demonstratives/Deixis,3.2722911834716797,3.8016457557678223,0.5293545722961426
NLI_4616,NLI,PNT2,vậy,rứa,Demonstratives/Deixis,3.2722911834716797,3.8016457557678223,0.5293545722961426
NLI_4616,NLI,PNT2,không,khung,Negation/Function words,3.2722911834716797,4.009160041809082,0.7368688583374023
NLI_4616,NLI,PNT3,đã,đạ,Connectives/Aspect markers,3.2722911834716797,3.8736321926116943,0.6013410091400146
NLI_4616,NLI,PNT3,như vậy,in rứa,Demonstratives/Deixis,3.2722911834716797,3.5832676887512207,0.310976505279541
NLI_4616,NLI,PNT3,không,nỏ,Negation/Function words,3.2722911834716797,3.726961374282837,0.4546701908111572
NLI_4616,NLI,PNT4,vậy,rứa,Demonstratives/Deixis,3.2722911834716797,3.8016457557678223,0.5293545722961426
NLI_4616,NLI,PNT4,gì,chi,Interrogatives,3.2722911834716797,3.8288345336914062,0.5565433502197266
NLI_4654,NLI,PNB,lại,cản,Predicate vocabulary,4.366151809692383,4.107212543487549,-0.258939266204834
NLI_4654,NLI,PNB,ấy,ta,Demonstratives/Deixis,4.366151809692383,4.401784420013428,0.0356326103210449
NLI_4654,NLI,PNT2,ấy,nớ,Demonstratives/Deixis,4.366151809692383,5.206918239593506,0.840766429901123
NLI_4654,NLI,PNT3,đã,đạ,Connectives/Aspect markers,4.366151809692383,5.106874465942383,0.74072265625
NLI_4654,NLI,PNT3,cậu bé,thằng cu,Pronouns,4.366151809692383,4.9044108390808105,0.5382590293884277
NLI_4654,NLI,PNT3,cậu ấy,thằng cu nớ,Pronouns,4.366151809692383,5.42573356628418,1.0595817565917969
NLI_4746,NLI,PNB,nói rằng,bảo là,Idiomatic expressions,3.3088626861572266,3.4432430267333984,0.1343803405761718
NLI_4746,NLI,PNB,gì,sao,Interrogatives,3.3088626861572266,3.280925989151001,-0.0279366970062255
NLI_4746,NLI,PNN,nói rằng,kêu là,Predicate vocabulary,3.3088626861572266,3.570590019226074,0.2617273330688476
NLI_4746,NLI,PNN,không,hông,Negation/Function words,3.3088626861572266,3.421851873397827,0.1129891872406005
NLI_4746,NLI,PNT1,không,chả,Negation/Function words,3.3088626861572266,3.351308822631836,0.0424461364746093
NLI_4746,NLI,PNT2,gì,chi,Interrogatives,3.3088626861572266,3.623459577560425,0.3145968914031982
NLI_4746,NLI,PNT2,nó,hấn,Pronouns,3.3088626861572266,4.155656814575195,0.8467941284179688
NLI_4746,NLI,PNT3,không,nỏ,Negation/Function words,3.3088626861572266,3.528099298477173,0.2192366123199463
NLI_4746,NLI,PNT3,gì,chi,Interrogatives,3.3088626861572266,3.623459577560425,0.3145968914031982
NLI_4746,NLI,PNT3,nó,hắn,Pronouns,3.3088626861572266,4.078537464141846,0.7696747779846191
NLI_4746,NLI,PNT4,rằng,là,Connectives/Aspect markers,3.3088626861572266,3.4056599140167236,0.096797227859497
NLI_4746,NLI,PNT4,không,hông,Negation/Function words,3.3088626861572266,3.421851873397827,0.1129891872406005
NLI_4746,NLI,PNT4,gì nhưng mọi người đều,chi chớ ai cũng,Interrogatives,3.3088626861572266,4.121096134185791,0.8122334480285645
NLI_4746,NLI,PNT4,nó,hén,Pronouns,3.3088626861572266,4.222616195678711,0.9137535095214844
NLI_4801,NLI,PNB,trả,mượn,Predicate vocabulary,4.904825687408447,3.5325775146484375,-1.3722481727600098
NLI_4801,NLI,PNN,tôi không,tui hông,Pronouns,4.904825687408447,5.415191650390625,0.5103659629821777
NLI_4801,NLI,PNT2,không,nỏ,Negation/Function words,4.904825687408447,5.744079113006592,0.8392534255981445
NLI_4801,NLI,PNT3,vợ chồng tôi không hiểu,cấy dông tau nỏ khỏi nghi ngờ,Pronouns,4.904825687408447,7.2013678550720215,2.296542167663574
NLI_4856,NLI,PNN,rằng,là,Connectives/Aspect markers,3.991247177124023,3.9902191162109375,-0.0010280609130859
NLI_4856,NLI,PNT4,rằng,là,Connectives/Aspect markers,3.991247177124023,3.9902191162109375,-0.0010280609130859
NLI_4856,NLI,PNT4,trở thành,làm,Predicate vocabulary,3.991247177124023,4.211376190185547,0.2201290130615234
NLI_4916,NLI,PNN,đồng ý,chịu,Predicate vocabulary,5.1429009437561035,5.361902236938477,0.219001293182373
NLI_4916,NLI,PNN,đồng ý,chịu,Predicate vocabulary,5.1429009437561035,5.361902236938477,0.219001293182373
NLI_4916,NLI,PNT2,này,ni,Demonstratives/Deixis,5.1429009437561035,5.498222351074219,0.3553214073181152
NLI_4916,NLI,PNT3,này,ni,Demonstratives/Deixis,5.1429009437561035,5.498222351074219,0.3553214073181152
NLI_5143,NLI,PNB,sự,tính,Predicate vocabulary,3.6800787448883057,3.6459569931030273,-0.0341217517852783
NLI_5143,NLI,PNN,tôi không,tui hông,Pronouns,3.6800787448883057,4.279880046844482,0.5998013019561768
NLI_5143,NLI,PNT1,khỏi,thể không,Negation/Function words,3.6800787448883057,3.590034246444702,-0.0900444984436035
NLI_5143,NLI,PNT1,xác đáng,minh bạch,Predicate vocabulary,3.6800787448883057,3.2466259002685547,-0.433452844619751
NLI_5143,NLI,PNT2,tôi,tau,Pronouns,3.6800787448883057,4.318389415740967,0.6383106708526611
NLI_5143,NLI,PNT2,xác,chính,Predicate vocabulary,3.6800787448883057,3.529203176498413,-0.1508755683898925
NLI_5143,NLI,PNT3,tôi không,tau khung,Pronouns,3.6800787448883057,4.626100063323975,0.946021318435669
NLI_5143,NLI,PNT3,ngờ,ngại,Predicate vocabulary,3.6800787448883057,3.916623830795288,0.2365450859069824
NLI_5167,NLI,PNT1,mắc,bị,Predicate vocabulary,3.295469284057617,3.2558810710906982,-0.0395882129669189
NLI_5167,NLI,PNT3,mắc,dính,Predicate vocabulary,3.295469284057617,3.1413915157318115,-0.1540777683258056
NLI_5263,NLI,PNB,thành công,được,Predicate vocabulary,4.19704532623291,4.520308494567871,0.3232631683349609
NLI_5263,NLI,PNN,và các,với mấy,Connectives/Aspect markers,4.19704532623291,4.632906436920166,0.4358611106872558
NLI_5263,NLI,PNN,tại,ở,Predicate vocabulary,4.19704532623291,4.153702259063721,-0.0433430671691894
NLI_5263,NLI,PNN,không,hông,Negation/Function words,4.19704532623291,4.527297496795654,0.3302521705627441
NLI_5263,NLI,PNT2,không,nỏ,Negation/Function words,4.19704532623291,4.719361782073975,0.5223164558410645
NLI_5263,NLI,PNT3,đã,đạ,Connectives/Aspect markers,4.19704532623291,4.661512851715088,0.4644675254821777
NLI_5263,NLI,PNT3,cô,ả,Pronouns,4.19704532623291,4.9284281730651855,0.7313828468322754
NLI_5263,NLI,PNT3,nhưng không,mà nỏ,Negation/Function words,4.19704532623291,4.8843994140625,0.6873540878295898
NLI_5263,NLI,PNT4,và các,với mấy,Connectives/Aspect markers,4.19704532623291,4.632906436920166,0.4358611106872558
NLI_5263,NLI,PNT4,cô tại,cổ ở,Pronouns,4.19704532623291,4.266500949859619,0.0694556236267089
NLI_5263,NLI,PNT4,không thành công,hông được,Negation/Function words,4.19704532623291,4.765797138214111,0.5687518119812012
NLI_5366,NLI,PNT3,không,nỏ,Negation/Function words,3.6728246212005615,4.070323944091797,0.3974993228912353
NLI_5366,NLI,PNT4,các,mấy,Negation/Function words,3.6728246212005615,4.282307147979736,0.6094825267791748
NLI_5366,NLI,PNT4,sử dụng,dùng,Predicate vocabulary,3.6728246212005615,3.914230108261109,0.2414054870605468
NLI_5368,NLI,PNB,anh ấy,mình,Pronouns,3.6070406436920166,3.65608286857605,0.0490422248840332
NLI_5368,NLI,PNN,không,hông,Negation/Function words,3.6070406436920166,3.787521362304687,0.1804807186126709
NLI_5368,NLI,PNT1,không,chả,Negation/Function words,3.6070406436920166,3.7345263957977295,0.1274857521057129
NLI_5368,NLI,PNT2,không,nỏ,Negation/Function words,3.6070406436920166,3.965008020401001,0.3579673767089844
NLI_5368,NLI,PNT2,ấy,nớ,Demonstratives/Deixis,3.6070406436920166,4.065221786499023,0.4581811428070068
NLI_5368,NLI,PNT3,không,nỏ,Negation/Function words,3.6070406436920166,3.965008020401001,0.3579673767089844
NLI_5368,NLI,PNT3,anh ấy,eng nớ,Pronouns,3.6070406436920166,4.9729485511779785,1.365907907485962
NLI_5451,NLI,PNB,chiếc,cái,Negation/Function words,4.285036563873291,4.154697418212891,-0.1303391456604004
NLI_5451,NLI,PNB,cậu,nó,Pronouns,4.285036563873291,4.090264797210693,-0.1947717666625976
NLI_5451,NLI,PNN,nhiều,nhóc,Predicate vocabulary,4.285036563873291,4.74801778793335,0.4629812240600586
NLI_5451,NLI,PNT2,đó,nớ,Demonstratives/Deixis,4.285036563873291,4.633156776428223,0.3481202125549316
NLI_5451,NLI,PNT2,nhiều,một mớ,Predicate vocabulary,4.285036563873291,4.496299743652344,0.2112631797790527
NLI_5451,NLI,PNT2,cùng cậu,với cu nớ,Demonstratives/Deixis,4.285036563873291,4.660308361053467,0.3752717971801758
NLI_5451,NLI,PNT3,chiếc,kì,Negation/Function words,4.285036563873291,4.537578105926514,0.2525415420532226
NLI_5451,NLI,PNT3,đó,nớ,Demonstratives/Deixis,4.285036563873291,4.633156776428223,0.3481202125549316
NLI_5451,NLI,PNT3,cậu,cu nớ,Pronouns,4.285036563873291,4.679295063018799,0.3942584991455078
NLI_5518,NLI,PNN,không,hông,Negation/Function words,3.720642328262329,3.8312196731567383,0.1105773448944091
NLI_5518,NLI,PNN,không,hông,Negation/Function words,3.720642328262329,3.8312196731567383,0.1105773448944091
NLI_5518,NLI,PNN,đến,tới,Predicate vocabulary,3.720642328262329,3.7546074390411377,0.0339651107788085
NLI_5518,NLI,PNN,các,mấy,Negation/Function words,3.720642328262329,3.835765838623047,0.1151235103607177
NLI_5518,NLI,PNT2,không,nỏ,Negation/Function words,3.720642328262329,4.021571159362793,0.3009288311004638
NLI_5518,NLI,PNT2,không,nỏ,Negation/Function words,3.720642328262329,4.021571159362793,0.3009288311004638
NLI_5518,NLI,PNT3,không,nỏ,Negation/Function words,3.720642328262329,4.021571159362793,0.3009288311004638
NLI_5518,NLI,PNT3,nhưng,mà,Connectives/Aspect markers,3.720642328262329,3.778733968734741,0.0580916404724121
NLI_5518,NLI,PNT3,nên,bơ,Connectives/Aspect markers,3.720642328262329,3.8974850177764897,0.1768426895141601
NLI_5518,NLI,PNT3,không,nỏ,Negation/Function words,3.720642328262329,4.021571159362793,0.3009288311004638
NLI_5586,NLI,PNN,cô ấy,cổ,Pronouns,5.302416801452637,6.067294120788574,0.7648773193359375
NLI_5586,NLI,PNT3,cô ấy,ả nớ,Pronouns,5.302416801452637,6.202917575836182,0.9005007743835449
NLI_5586,NLI,PNT4,cô ấy,cổ,Pronouns,5.302416801452637,6.067294120788574,0.7648773193359375
NLI_5704,NLI,PNN,do,tại,Connectives/Aspect markers,4.547281742095947,3.6633896827697754,-0.8838920593261719
NLI_5704,NLI,PNN,có vẻ ngoài không,nhìn hông,Negation/Function words,4.547281742095947,5.1499199867248535,0.6026382446289062
NLI_5704,NLI,PNN,gọi,kêu,Predicate vocabulary,4.547281742095947,4.791954517364502,0.2446727752685547
NLI_5704,NLI,PNT1,nó,hấn,Pronouns,4.547281742095947,5.3618364334106445,0.8145546913146973
NLI_5704,NLI,PNT2,này,ni,Demonstratives/Deixis,4.547281742095947,4.6939191818237305,0.1466374397277832
NLI_5704,NLI,PNT2,không,nỏ,Negation/Function words,4.547281742095947,5.104612827301025,0.5573310852050781
NLI_5704,NLI,PNT2,nên người ta mới gọi nó,bơ họ mì kêu hắn,Pronouns,4.547281742095947,6.035159111022949,1.487877368927002
NLI_5704,NLI,PNT3,này có vẻ ngoài không được,ni trông nỏ,Demonstratives/Deixis,4.547281742095947,5.879420757293701,1.332139015197754
NLI_5704,NLI,PNT3,nó,hấn,Pronouns,4.547281742095947,5.3618364334106445,0.8145546913146973
NLI_5704,NLI,PNT4,do,tại,Connectives/Aspect markers,4.547281742095947,3.6633896827697754,-0.8838920593261719
NLI_5704,NLI,PNT4,này có vẻ ngoài,ni nhìn,Demonstratives/Deixis,4.547281742095947,5.036110877990723,0.4888291358947754
NLI_5704,NLI,PNT4,nó,hén,Pronouns,4.547281742095947,5.178848743438721,0.6315670013427734
NLI_5715,NLI,PNT1,nay,ni,Demonstratives/Deixis,3.6238796710968018,4.687403678894043,1.0635240077972412
NLI_5715,NLI,PNT2,nay,ni,Demonstratives/Deixis,3.6238796710968018,4.687403678894043,1.0635240077972412
NLI_5715,NLI,PNT3,đã,đạ,Connectives/Aspect markers,3.6238796710968018,4.33422327041626,0.710343599319458
NLI_5715,NLI,PNT3,nay,ni đỏ,Demonstratives/Deixis,3.6238796710968018,5.088953495025635,1.465073823928833
NLI_5715,NLI,PNT4,nay,ni,Demonstratives/Deixis,3.6238796710968018,4.687403678894043,1.0635240077972412
NLI_5733,NLI,PNT1,đó,nứ,Demonstratives/Deixis,4.304327487945557,4.899688243865967,0.5953607559204102
NLI_5733,NLI,PNT2,đó,nớ,Demonstratives/Deixis,4.304327487945557,5.249544620513916,0.9452171325683594
NLI_5733,NLI,PNT3,đã,đạ,Connectives/Aspect markers,4.304327487945557,5.267760753631592,0.9634332656860352
NLI_5733,NLI,PNT3,đó,nớ,Demonstratives/Deixis,4.304327487945557,5.249544620513916,0.9452171325683594
NLI_5735,NLI,PNB,mọi,tất cả,Negation/Function words,3.051281213760376,3.2500338554382324,0.1987526416778564
NLI_5735,NLI,PNB,cha,bố,Kinship/Honorific terms,3.051281213760376,3.20855712890625,0.157275915145874
NLI_5735,NLI,PNN,mọi,hết thảy,Negation/Function words,3.051281213760376,3.351688861846924,0.3004076480865478
NLI_5735,NLI,PNN,khi,lúc,Connectives/Aspect markers,3.051281213760376,3.426549911499023,0.3752686977386474
NLI_5735,NLI,PNN,cha,ba,Kinship/Honorific terms,3.051281213760376,3.559872627258301,0.5085914134979248
NLI_5735,NLI,PNN,tôi,tui,Pronouns,3.051281213760376,3.357325315475464,0.3060441017150879
NLI_5735,NLI,PNT3,tôi,tau,Pronouns,3.051281213760376,3.617421150207519,0.5661399364471436
NLI_5735,NLI,PNT4,cha,ba,Kinship/Honorific terms,3.051281213760376,3.559872627258301,0.5085914134979248
NLI_5735,NLI,PNT4,tôi,tui,Pronouns,3.051281213760376,3.357325315475464,0.3060441017150879
NLI_5746,NLI,PNN,tôi,tui,Pronouns,3.650776863098145,4.034885406494141,0.3841085433959961
NLI_5746,NLI,PNT1,tôi,tau,Pronouns,3.650776863098145,5.362833023071289,1.7120561599731443
NLI_5746,NLI,PNT2,vậy,rứa,Demonstratives/Deixis,3.650776863098145,4.4176740646362305,0.7668972015380859
NLI_5746,NLI,PNT3,vậy tôi,rứa tau,Pronouns,3.650776863098145,5.352346420288086,1.7015695571899414
NLI_5746,NLI,PNT3,gặp,chộ,Predicate vocabulary,3.650776863098145,4.91550874710083,1.2647318840026855
NLI_5746,NLI,PNT4,vậy,rứa,Demonstratives/Deixis,3.650776863098145,4.4176740646362305,0.7668972015380859
NLI_6110,NLI,PNN,những việc,mấy vụ,Negation/Function words,4.002007007598877,4.396636486053467,0.3946294784545898
NLI_6110,NLI,PNN,không,hông,Negation/Function words,4.002007007598877,4.231932640075684,0.2299256324768066
NLI_6110,NLI,PNN,những,mấy,Negation/Function words,4.002007007598877,4.195558547973633,0.1935515403747558
NLI_6110,NLI,PNT1,làm,mần,Predicate vocabulary,4.002007007598877,4.263786792755127,0.26177978515625
NLI_6110,NLI,PNT1,đó,nứ,Demonstratives/Deixis,4.002007007598877,4.322161674499512,0.3201546669006347
NLI_6110,NLI,PNT2,làm,mần,Predicate vocabulary,4.002007007598877,4.263786792755127,0.26177978515625
NLI_6110,NLI,PNT2,đó,nớ,Demonstratives/Deixis,4.002007007598877,4.162057399749756,0.1600503921508789
NLI_6110,NLI,PNT2,không,nỏ,Negation/Function words,4.002007007598877,4.5396809577941895,0.5376739501953125
NLI_6110,NLI,PNT2,sợ hãi,sình hại,Predicate vocabulary,4.002007007598877,4.779224872589111,0.7772178649902344
NLI_6110,NLI,PNT3,làm,mần,Predicate vocabulary,4.002007007598877,4.263786792755127,0.26177978515625
NLI_6110,NLI,PNT3,đó,nớ,Demonstratives/Deixis,4.002007007598877,4.162057399749756,0.1600503921508789
NLI_6110,NLI,PNT3,không,nọ,Negation/Function words,4.002007007598877,4.566282272338867,0.5642752647399902
NLI_6110,NLI,PNT3,sợ hãi,tởn,Predicate vocabulary,4.002007007598877,4.485862731933594,0.4838557243347168
NLI_6110,NLI,PNT3,gặp,chộ,Predicate vocabulary,4.002007007598877,4.475565433502197,0.4735584259033203
NLI_6110,NLI,PNT4,những việc đó,mấy chuyện nớ,Demonstratives/Deixis,4.002007007598877,4.402739524841309,0.4007325172424316
NLI_6110,NLI,PNT4,và,với,Connectives/Aspect markers,4.002007007598877,4.406329154968262,0.4043221473693847
NLI_6110,NLI,PNT4,những,mấy,Negation/Function words,4.002007007598877,4.195558547973633,0.1935515403747558
NLI_6129,NLI,PNN,và,rồi,Connectives/Aspect markers,4.268088340759277,4.530264377593994,0.2621760368347168
NLI_6129,NLI,PNN,không,hông,Negation/Function words,4.268088340759277,4.639883041381836,0.3717947006225586
NLI_6129,NLI,PNT1,nào,mô,Negation/Function words,4.268088340759277,5.028088569641113,0.7600002288818359
NLI_6129,NLI,PNT2,không,nỏ,Negation/Function words,4.268088340759277,4.881017208099365,0.6129288673400879
NLI_6129,NLI,PNT2,nào,mô cả,Interrogatives,4.268088340759277,5.201023101806641,0.9329347610473632
NLI_6129,NLI,PNT3,đó không,nớ nỏ,Demonstratives/Deixis,4.268088340759277,5.46434211730957,1.196253776550293
NLI_6129,NLI,PNT4,nào,mô,Interrogatives,4.268088340759277,5.028088569641113,0.7600002288818359
NLI_6155,NLI,PNB,làm,khiến,Predicate vocabulary,4.150781631469727,4.133957386016846,-0.0168242454528808
NLI_6155,NLI,PNN,điều,chuyện,Predicate vocabulary,4.150781631469727,4.422991752624512,0.2722101211547851
NLI_6155,NLI,PNT1,cứ nào,mô,Negation/Function words,4.150781631469727,6.192722797393799,2.0419411659240723
NLI_6155,NLI,PNT2,nào làm,mô mần,Interrogatives,4.150781631469727,5.7408976554870605,1.590116024017334
NLI_6155,NLI,PNT2,đó,nớ,Demonstratives/Deixis,4.150781631469727,4.83812952041626,0.6873478889465332
NLI_6155,NLI,PNT3,nào làm,mô mần,Interrogatives,4.150781631469727,5.7408976554870605,1.590116024017334
NLI_6155,NLI,PNT3,điều đó,cấy nớ,Demonstratives/Deixis,4.150781631469727,5.259926795959473,1.109145164489746
NLI_6155,NLI,PNT4,nào,mô,Interrogatives,4.150781631469727,5.734351634979248,1.5835700035095217
NLI_6155,NLI,PNT4,điều đó,chuyện nớ,Demonstratives/Deixis,4.150781631469727,5.053611755371094,0.9028301239013672
NLI_6169,NLI,PNN,khi,lúc,Connectives/Aspect markers,4.02081298828125,4.257785797119141,0.2369728088378906
NLI_6169,NLI,PNN,cô ấy,cổ,Pronouns,4.02081298828125,4.539401531219482,0.5185885429382324
NLI_6169,NLI,PNT1,ấy,nứ,Demonstratives/Deixis,4.02081298828125,4.710348129272461,0.6895351409912109
NLI_6169,NLI,PNT2,sợ hãi,hại,Predicate vocabulary,4.02081298828125,4.661752223968506,0.6409392356872559
NLI_6169,NLI,PNT3,sợ hãi,hại,Predicate vocabulary,4.02081298828125,4.661752223968506,0.6409392356872559
NLI_6169,NLI,PNT3,cô ấy,ả nớ,Pronouns,4.02081298828125,5.0173420906066895,0.9965291023254396
NLI_6169,NLI,PNT4,cô ấy,cổ,Pronouns,4.02081298828125,4.539401531219482,0.5185885429382324
NLI_6280,NLI,PNN,tiêm,chích,Predicate vocabulary,3.2850639820098877,3.624078750610352,0.3390147686004638
NLI_6280,NLI,PNT4,em,con,Kinship/Honorific terms,3.2850639820098877,3.4055304527282715,0.1204664707183837
NLI_6323,NLI,PNT2,đã,đạ,Connectives/Aspect markers,5.002483367919922,5.4099555015563965,0.4074721336364746
NLI_6323,NLI,PNT3,vào,vô,Connectives/Aspect markers,5.002483367919922,5.364875793457031,0.3623924255371094
NLI_6350,NLI,PNT3,người,đứa,Predicate vocabulary,4.70228385925293,4.621488094329834,-0.0807957649230957
NLI_6350,NLI,PNT3,gái,cấy,Negation/Function words,4.70228385925293,5.325140476226807,0.622856616973877
NLI_6350,NLI,PNT4,người,đứa,Predicate vocabulary,4.70228385925293,4.621488094329834,-0.0807957649230957
NLI_6594,NLI,PNN,không,hông,Negation/Function words,3.1165406703948975,3.692495346069336,0.5759546756744385
NLI_6594,NLI,PNT2,không,nỏ,Negation/Function words,3.1165406703948975,4.894726276397705,1.7781856060028076
NLI_6594,NLI,PNT2,này,ni,Demonstratives/Deixis,3.1165406703948975,4.696040630340576,1.5794999599456787
NLI_6594,NLI,PNT3,không,nỏ có,Negation/Function words,3.1165406703948975,4.822784900665283,1.7062442302703855
NLI_6594,NLI,PNT3,này,ni,Demonstratives/Deixis,3.1165406703948975,4.696040630340576,1.5794999599456787
NLI_6637,NLI,PNB,câu hỏi,thắc mắc,Predicate vocabulary,4.569842338562012,4.811822891235352,0.2419805526733398
NLI_6637,NLI,PNB,trả lời,giải đáp,Idiomatic expressions,4.569842338562012,4.5293803215026855,-0.0404620170593261
NLI_6637,NLI,PNN,cô,cổ,Pronouns,4.569842338562012,5.299084663391113,0.7292423248291016
NLI_6637,NLI,PNN,mặc,bận,Predicate vocabulary,4.569842338562012,5.032848358154297,0.4630060195922851
NLI_6637,NLI,PNT2,đã,đạ,Connectives/Aspect markers,4.569842338562012,5.290776252746582,0.7209339141845703
NLI_6637,NLI,PNT3,vấn đề,chuyện,Predicate vocabulary,4.569842338562012,4.698182106018066,0.1283397674560547
NLI_6637,NLI,PNT3,cô,lạo,Pronouns,4.569842338562012,5.381629467010498,0.8117871284484863
NLI_6637,NLI,PNT3,đã,đạ,Connectives/Aspect markers,4.569842338562012,5.290776252746582,0.7209339141845703
NLI_6854,NLI,PNN,điên rồ,tửng,Predicate vocabulary,4.384424686431885,5.197866439819336,0.8134417533874512
NLI_6854,NLI,PNT1,gì,chi,Interrogatives,4.384424686431885,4.94251012802124,0.5580854415893555
NLI_6854,NLI,PNT2,gì,chi,Interrogatives,4.384424686431885,4.94251012802124,0.5580854415893555
NLI_6854,NLI,PNT3,mong,trông,Predicate vocabulary,4.384424686431885,3.9800641536712646,-0.4043605327606201
NLI_6854,NLI,PNT3,điều gì,cấy chi,Interrogatives,4.384424686431885,4.973068714141846,0.5886440277099609
NLI_6854,NLI,PNT3,thật,thiệt,Connectives/Aspect markers,4.384424686431885,4.803817272186279,0.4193925857543945
NLI_6960,NLI,PNN,ngay lập tức,liền,Predicate vocabulary,3.737409830093384,4.097353458404541,0.3599436283111572
NLI_6960,NLI,PNN,cô ấy,cổ,Pronouns,3.737409830093384,4.379660606384277,0.6422507762908936
NLI_6960,NLI,PNT1,lập tức,luôn,Predicate vocabulary,3.737409830093384,4.134441375732422,0.3970315456390381
NLI_6960,NLI,PNT2,ngay lập,tắp lự,Predicate vocabulary,3.737409830093384,4.561802864074707,0.8243930339813232
NLI_6960,NLI,PNT2,cô ấy,o nớ,Pronouns,3.737409830093384,4.667262077331543,0.9298522472381592
NLI_6960,NLI,PNT3,đã,đạ,Connectives/Aspect markers,3.737409830093384,3.977973699569702,0.2405638694763183
NLI_6960,NLI,PNT3,người phụ nữ đã,ả nớ đạ,Kinship/Honorific terms,3.737409830093384,4.6605305671691895,0.9231207370758056
NLI_6960,NLI,PNT3,ngay lập tức,liền,Predicate vocabulary,3.737409830093384,4.097353458404541,0.3599436283111572
NLI_6960,NLI,PNT3,chồng,dông,Kinship/Honorific terms,3.737409830093384,3.9956204891204834,0.2582106590270996
NLI_7176,NLI,PNN,tôi,tui,Pronouns,3.878715991973877,4.4870381355285645,0.6083221435546875
NLI_7176,NLI,PNN,không chạm,hông đụng,Negation/Function words,3.878715991973877,3.993849515914917,0.11513352394104
NLI_7176,NLI,PNN,vào,vô,Connectives/Aspect markers,3.878715991973877,4.556386947631836,0.677670955657959
NLI_7176,NLI,PNT1,tôi,tau,Pronouns,3.878715991973877,4.554220199584961,0.675504207611084
NLI_7176,NLI,PNT1,đâu,mô,Negation/Function words,3.878715991973877,4.327585697174072,0.4488697052001953
NLI_7176,NLI,PNT1,cho,chua,Predicate vocabulary,3.878715991973877,4.6805267333984375,0.8018107414245605
NLI_7176,NLI,PNT2,tôi,tui,Pronouns,3.878715991973877,4.4870381355285645,0.6083221435546875
NLI_7176,NLI,PNT2,không,nỏ,Negation/Function words,3.878715991973877,4.170997142791748,0.2922811508178711
NLI_7176,NLI,PNT2,vào,vô,Connectives/Aspect markers,3.878715991973877,4.556386947631836,0.677670955657959
NLI_7176,NLI,PNT3,tôi,tau,Pronouns,3.878715991973877,4.554220199584961,0.675504207611084
NLI_7176,NLI,PNT3,không,nỏ,Negation/Function words,3.878715991973877,4.170997142791748,0.2922811508178711
NLI_7176,NLI,PNT3,vào,vô,Connectives/Aspect markers,3.878715991973877,4.556386947631836,0.677670955657959
NLI_7176,NLI,PNT3,"thân""","thân tau""",Pronouns,3.878715991973877,4.6295166015625,0.750800609588623
NLI_7176,NLI,PNT4,tôi,tui,Pronouns,3.878715991973877,4.4870381355285645,0.6083221435546875
NLI_7469,NLI,PNN,những gì,mấy chuyện,Predicate vocabulary,3.3308746814727783,3.7380855083465576,0.4072108268737793
NLI_7469,NLI,PNN,các,mấy,Negation/Function words,3.3308746814727783,3.80797266960144,0.4770979881286621
NLI_7469,NLI,PNT1,gì,chi,Interrogatives,3.3308746814727783,3.922442674636841,0.5915679931640625
NLI_7469,NLI,PNT2,gì,chi,Interrogatives,3.3308746814727783,3.922442674636841,0.5915679931640625
NLI_7469,NLI,PNT3,gì đã,chi đạ,Interrogatives,3.3308746814727783,4.250291347503662,0.9194166660308838
NLI_7469,NLI,PNT4,những gì đã,mấy chuyện,Predicate vocabulary,3.3308746814727783,3.874417543411255,0.5435428619384766
NLI_7469,NLI,PNT4,các,mấy,Negation/Function words,3.3308746814727783,3.80797266960144,0.4770979881286621
NLI_7469,NLI,PNT4,rằng,là,Connectives/Aspect markers,3.3308746814727783,3.3574419021606445,0.0265672206878662
NLI_7524,NLI,PNN,không,hông,Negation/Function words,6.138203144073486,6.362735748291016,0.2245326042175293
NLI_7524,NLI,PNT1,gì,chi,Interrogatives,6.138203144073486,6.93939208984375,0.8011889457702637
NLI_7524,NLI,PNT2,không,nỏ,Negation/Function words,6.138203144073486,6.702913761138916,0.5647106170654297
NLI_7524,NLI,PNT2,làm gì,mần chi,Interrogatives,6.138203144073486,7.019775390625,0.8815722465515137
NLI_7524,NLI,PNT3,không,nỏ,Negation/Function words,6.138203144073486,6.702913761138916,0.5647106170654297
NLI_7524,NLI,PNT3,làm gì,mần cấy chi,Interrogatives,6.138203144073486,6.645995140075684,0.5077919960021973
NLI_7524,NLI,PNT4,gì,chi,Interrogatives,6.138203144073486,6.93939208984375,0.8011889457702637
NLI_7530,NLI,PNN,chọn,lựa,Predicate vocabulary,4.1217265129089355,4.448103904724121,0.3263773918151855
NLI_7681,NLI,PNB,là,rằng,Connectives/Aspect markers,4.318942546844482,4.2541913986206055,-0.0647511482238769
NLI_7681,NLI,PNN,ngày,bữa,Predicate vocabulary,4.318942546844482,5.13779354095459,0.8188509941101074
NLI_7681,NLI,PNN,cô ấy,cổ,Pronouns,4.318942546844482,5.047988414764404,0.7290458679199219
NLI_7681,NLI,PNT1,cho,chua,Predicate vocabulary,4.318942546844482,4.601761341094971,0.2828187942504883
NLI_7681,NLI,PNT1,ấy,nứ,Demonstratives/Deixis,4.318942546844482,4.766924858093262,0.4479823112487793
NLI_7681,NLI,PNT2,ấy,nớ,Demonstratives/Deixis,4.318942546844482,4.740433692932129,0.4214911460876465
NLI_7681,NLI,PNT4,đã,nớ,Demonstratives/Deixis,4.318942546844482,4.918265342712402,0.5993227958679199
NLI_7681,NLI,PNT4,cô ấy,bả mới,Pronouns,4.318942546844482,4.968019962310791,0.6490774154663086
NLI_7691,NLI,PNN,tôi,tui,Pronouns,2.0734658241271973,3.096752405166626,1.0232865810394287
NLI_7691,NLI,PNT1,tôi,tau,Pronouns,2.0734658241271973,2.9666945934295654,0.8932287693023682
NLI_7691,NLI,PNT2,tôi đã,tau đạ,Pronouns,2.0734658241271973,3.7521257400512695,1.6786599159240725
NLI_7691,NLI,PNT3,tôi đã,tui đạ,Pronouns,2.0734658241271973,3.985344648361206,1.9118788242340088
NLI_7691,NLI,PNT3,qua,ni,Demonstratives/Deixis,2.0734658241271973,3.1756479740142822,1.102182149887085
NLI_7691,NLI,PNT4,tôi,tui,Pronouns,2.0734658241271973,3.096752405166626,1.0232865810394287
NLI_7826,NLI,PNB,cô,bà,Kinship/Honorific terms,3.4292545318603516,3.581319570541382,0.1520650386810302
NLI_7826,NLI,PNN,mẹ,má,Kinship/Honorific terms,3.4292545318603516,4.008652687072754,0.5793981552124023
NLI_7826,NLI,PNN,cô ấy,cổ,Pronouns,3.4292545318603516,4.416937351226807,0.9876828193664552
NLI_7826,NLI,PNT3,mẹ,mạ,Kinship/Honorific terms,3.4292545318603516,3.7215845584869385,0.2923300266265869
NLI_7826,NLI,PNT3,rằng,là,Connectives/Aspect markers,3.4292545318603516,3.5403480529785156,0.111093521118164
NLI_7826,NLI,PNT3,ấy đã,đạ,Connectives/Aspect markers,3.4292545318603516,4.155593395233154,0.7263388633728027
NLI_7858,NLI,PNN,việc,chuyện,Predicate vocabulary,3.750763416290283,3.7464640140533447,-0.0042994022369384
NLI_7858,NLI,PNT3,đã,đạ,Connectives/Aspect markers,3.750763416290283,4.026754856109619,0.2759914398193359
NLI_7858,NLI,PNT4,việc,chuyện,Predicate vocabulary,3.750763416290283,3.7464640140533447,-0.0042994022369384
NLI_7901,NLI,PNN,cô,con,Kinship/Honorific terms,4.0469794273376465,5.328399181365967,1.2814197540283203
NLI_7901,NLI,PNT2,cô,con,Kinship/Honorific terms,4.0469794273376465,5.328399181365967,1.2814197540283203
NLI_7901,NLI,PNT3,cô bé,ả nớ,Pronouns,4.0469794273376465,4.768186092376709,0.7212066650390625
QA_0268,QA,PNT3,các,mấy,Negation/Function words,4.642796516418457,4.944300651550293,0.3015041351318359
QA_0268,QA,PNT3,chứa,bỏ,Predicate vocabulary,4.642796516418457,4.774101257324219,0.1313047409057617
QA_0268,QA,PNT3,thế nào,răng,Interrogatives,4.642796516418457,5.6399736404418945,0.9971771240234376
QA_0572,QA,PNB,tác động,ảnh hưởng,Predicate vocabulary,3.609093427658081,3.5304114818573,-0.0786819458007812
QA_0572,QA,PNB,bởi,từ,Connectives/Aspect markers,3.609093427658081,3.473421812057495,-0.1356716156005859
QA_0572,QA,PNT2,thế nào,răng,Interrogatives,3.609093427658081,4.794902324676514,1.1858088970184326
QA_0572,QA,PNT3,thế nào,răng,Interrogatives,3.609093427658081,4.794902324676514,1.1858088970184326
QA_10410,QA,PNN,những việc,mấy chuyện,Negation/Function words,3.954020977020264,4.150204181671143,0.1961832046508789
QA_11800,QA,PNN,như thế nào,ra sao,Interrogatives,3.224625825881958,3.3646745681762695,0.1400487422943115
QA_11800,QA,PNN,sự việc,vụ,Predicate vocabulary,3.224625825881958,3.4616544246673584,0.2370285987854004
QA_11800,QA,PNT1,thế nào,răng,Interrogatives,3.224625825881958,4.411531925201416,1.186906099319458
QA_12019,QA,PNT1,nào,mô,Negation/Function words,2.97096848487854,3.503542184829712,0.5325736999511719
QA_1203,QA,PNT2,như thế nào,a răng,Interrogatives,5.720480918884277,6.939450263977051,1.2189693450927734
QA_1203,QA,PNT3,thế nào,răng,Interrogatives,5.720480918884277,6.696925640106201,0.9764447212219238
QA_12099,QA,PNN,và,với,Connectives/Aspect markers,3.6093571186065674,3.983330726623535,0.3739736080169678
QA_12099,QA,PNN,như thế nào đến,ra sao tới,Interrogatives,3.6093571186065674,3.968047857284546,0.3586907386779785
QA_12099,QA,PNT4,như thế nào đến,ra ren tới,Interrogatives,3.6093571186065674,4.5441436767578125,0.9347865581512452
QA_1224,QA,PNB,hiểu,biết được,Predicate vocabulary,4.3464250564575195,4.121564865112305,-0.2248601913452148
QA_1224,QA,PNT2,đó,nớ,Demonstratives/Deixis,4.3464250564575195,4.679205894470215,0.3327808380126953
QA_1224,QA,PNT2,nó,hấn,Pronouns,4.3464250564575195,4.781325817108154,0.4349007606506347
QA_1224,QA,PNT3,đó,nớ,Demonstratives/Deixis,4.3464250564575195,4.679205894470215,0.3327808380126953
QA_1224,QA,PNT3,nó,hắn,Pronouns,4.3464250564575195,4.683817386627197,0.3373923301696777
QA_12824,QA,PNN,vào,hồi,Connectives/Aspect markers,3.1132326126098633,3.245399236679077,0.1321666240692138
QA_12824,QA,PNN,như thế nào,ra sao,Interrogatives,3.1132326126098633,3.090388059616089,-0.0228445529937744
QA_12824,QA,PNT1,thế nào,răng,Interrogatives,3.1132326126098633,4.113382339477539,1.0001497268676758
QA_12824,QA,PNT2,vào,vô,Connectives/Aspect markers,3.1132326126098633,3.711565971374512,0.5983333587646484
QA_12824,QA,PNT2,như thế nào,a răng,Interrogatives,3.1132326126098633,4.067112922668457,0.9538803100585938
QA_12824,QA,PNT4,vào,hồi,Connectives/Aspect markers,3.1132326126098633,3.245399236679077,0.1321666240692138
QA_12824,QA,PNT4,thế nào,ren,Interrogatives,3.1132326126098633,4.0593414306640625,0.9461088180541992
QA_12824,QA,PNT4,các,mấy,Negation/Function words,3.1132326126098633,3.580564498901367,0.4673318862915039
QA_12824,QA,PNT4,tại,ở,Predicate vocabulary,3.1132326126098633,3.038381576538086,-0.0748510360717773
QA_13646,QA,PNN,như thế nào,ra sao,Interrogatives,2.362168550491333,2.5181708335876465,0.1560022830963134
QA_13646,QA,PNT1,thế nào,răng,Interrogatives,2.362168550491333,3.2691121101379395,0.9069435596466064
QA_13646,QA,PNT2,như thế nào,a răng,Interrogatives,2.362168550491333,3.2898690700531006,0.9277005195617676
QA_13646,QA,PNT3,và,với,Connectives/Aspect markers,2.362168550491333,2.644082546234131,0.2819139957427978
QA_13646,QA,PNT3,thế nào,răng,Interrogatives,2.362168550491333,3.2691121101379395,0.9069435596466064
QA_13646,QA,PNT3,và,với,Connectives/Aspect markers,2.362168550491333,2.644082546234131,0.2819139957427978
QA_13646,QA,PNT4,như thế nào,ra ren,Interrogatives,2.362168550491333,3.352289915084839,0.990121364593506
QA_13794,QA,PNN,khi,lúc,Connectives/Aspect markers,2.892192840576172,3.0212080478668213,0.1290152072906494
QA_13794,QA,PNT2,như thế nào,a răng,Interrogatives,2.892192840576172,4.127373695373535,1.2351808547973633
QA_13794,QA,PNT2,nó,hấn,Pronouns,2.892192840576172,3.605782985687256,0.713590145111084
QA_13794,QA,PNT4,thế nào,ren,Interrogatives,2.892192840576172,4.1967339515686035,1.3045411109924316
QA_13818,QA,PNN,như thế nào,làm sao,Interrogatives,3.28464674949646,3.5843048095703125,0.2996580600738525
QA_13818,QA,PNT2,thế nào,răng,Interrogatives,3.28464674949646,4.064706802368164,0.7800600528717041
QA_13818,QA,PNT3,rằng,là,Connectives/Aspect markers,3.28464674949646,3.4068524837493896,0.1222057342529296
QA_13818,QA,PNT3,thế nào,răng,Interrogatives,3.28464674949646,4.064706802368164,0.7800600528717041
QA_13818,QA,PNT4,như thế nào,ra ren,Interrogatives,3.28464674949646,4.091446399688721,0.8067996501922607
QA_14176,QA,PNT1,gì,chi,Interrogatives,2.5950567722320557,3.011908531188965,0.4168517589569092
QA_14176,QA,PNT2,gì,chi,Interrogatives,2.5950567722320557,3.011908531188965,0.4168517589569092
QA_14176,QA,PNT3,vào,ở,Predicate vocabulary,2.5950567722320557,2.6424269676208496,0.0473701953887939
QA_14176,QA,PNT3,và,với,Connectives/Aspect markers,2.5950567722320557,3.30961537361145,0.7145586013793945
QA_14176,QA,PNT3,đã,đạ,Connectives/Aspect markers,2.5950567722320557,3.2079784870147705,0.6129217147827148
QA_14176,QA,PNT3,gì,chi,Interrogatives,2.5950567722320557,3.011908531188965,0.4168517589569092
QA_14176,QA,PNT4,gì,chi,Interrogatives,2.5950567722320557,3.011908531188965,0.4168517589569092
QA_14184,QA,PNB,tại,ở,Predicate vocabulary,3.2110464572906494,3.1567015647888184,-0.054344892501831
QA_14184,QA,PNN,các,mấy,Negation/Function words,3.2110464572906494,3.2876124382019043,0.0765659809112548
QA_14184,QA,PNN,tại,ở,Predicate vocabulary,3.2110464572906494,3.1567015647888184,-0.054344892501831
QA_14184,QA,PNN,và,với,Connectives/Aspect markers,3.2110464572906494,3.392845392227173,0.1817989349365234
QA_14184,QA,PNT1,gì,chi,Interrogatives,3.2110464572906494,3.649465322494507,0.4384188652038574
QA_14184,QA,PNT2,đã,đạ,Connectives/Aspect markers,3.2110464572906494,3.616363525390625,0.4053170680999756
QA_14184,QA,PNT2,gì,chi,Interrogatives,3.2110464572906494,3.649465322494507,0.4384188652038574
QA_14184,QA,PNT3,các,mấy,Negation/Function words,3.2110464572906494,3.2876124382019043,0.0765659809112548
QA_14184,QA,PNT3,tại,ở,Predicate vocabulary,3.2110464572906494,3.1567015647888184,-0.054344892501831
QA_14184,QA,PNT3,và,với,Connectives/Aspect markers,3.2110464572906494,3.392845392227173,0.1817989349365234
QA_14184,QA,PNT3,gì,chi,Interrogatives,3.2110464572906494,3.649465322494507,0.4384188652038574
QA_14184,QA,PNT4,các,mấy,Negation/Function words,3.2110464572906494,3.2876124382019043,0.0765659809112548
QA_14184,QA,PNT4,gì,chi,Interrogatives,3.2110464572906494,3.649465322494507,0.4384188652038574
QA_14257,QA,PNB,xem,coi,Predicate vocabulary,2.9561779499053955,3.035088300704956,0.0789103507995605
QA_14257,QA,PNN,xem,coi,Predicate vocabulary,2.9561779499053955,3.035088300704956,0.0789103507995605
QA_14257,QA,PNT2,thế nào,răng,Interrogatives,2.9561779499053955,3.916303157806397,0.960125207901001
QA_14257,QA,PNT3,xem,coi,Predicate vocabulary,2.9561779499053955,3.035088300704956,0.0789103507995605
QA_14257,QA,PNT3,thế nào,răng,Interrogatives,2.9561779499053955,3.916303157806397,0.960125207901001
QA_14257,QA,PNT4,xem,coi,Predicate vocabulary,2.9561779499053955,3.035088300704956,0.0789103507995605
QA_14257,QA,PNT4,thế nào,ren,Interrogatives,2.9561779499053955,3.9778168201446538,1.0216388702392578
QA_14728,QA,PNB,trải,rải,Predicate vocabulary,3.545642375946045,3.4653940200805664,-0.0802483558654785
QA_14728,QA,PNB,trải,rải,Predicate vocabulary,3.545642375946045,3.4653940200805664,-0.0802483558654785
QA_14728,QA,PNN,vào,hồi,Connectives/Aspect markers,3.545642375946045,3.737749338150024,0.1921069622039795
QA_14728,QA,PNN,và,với,Connectives/Aspect markers,3.545642375946045,4.088944435119629,0.543302059173584
QA_14728,QA,PNN,như thế nào,ra sao,Interrogatives,3.545642375946045,3.510142087936402,-0.0355002880096435
QA_14728,QA,PNT2,vào,vô,Connectives/Aspect markers,3.545642375946045,4.144531726837158,0.5988893508911133
QA_14728,QA,PNT2,không,nỏ,Negation/Function words,3.545642375946045,3.585904359817505,0.0402619838714599
QA_14728,QA,PNT2,như thế nào,a răng,Interrogatives,3.545642375946045,4.391602993011475,0.8459606170654297
QA_14728,QA,PNT3,vào,vô,Connectives/Aspect markers,3.545642375946045,4.144531726837158,0.5988893508911133
QA_14728,QA,PNT3,và,với,Connectives/Aspect markers,3.545642375946045,4.088944435119629,0.543302059173584
QA_14728,QA,PNT3,thế nào,răng,Interrogatives,3.545642375946045,4.311848163604736,0.7662057876586914
QA_14728,QA,PNT4,thế nào,răng,Interrogatives,3.545642375946045,4.311848163604736,0.7662057876586914
QA_1521,QA,PNT1,thế nào,răng,Interrogatives,2.868987560272217,3.8933398723602295,1.0243523120880127
QA_1521,QA,PNT2,như thế nào,a răng,Interrogatives,2.868987560272217,3.821253776550293,0.9522662162780762
QA_1521,QA,PNT3,vào,vô,Connectives/Aspect markers,2.868987560272217,3.470147609710694,0.6011600494384766
QA_1521,QA,PNT3,như thế nào,a răng,Interrogatives,2.868987560272217,3.821253776550293,0.9522662162780762
QA_15627,QA,PNN,rằng,là,Connectives/Aspect markers,3.986991405487061,3.9822702407836914,-0.0047211647033691
QA_15627,QA,PNN,như thế nào,ra sao,Interrogatives,3.986991405487061,3.958820104598999,-0.0281713008880615
QA_15627,QA,PNT1,thế nào,răng,Interrogatives,3.986991405487061,4.828028202056885,0.8410367965698242
QA_15627,QA,PNT2,như thế nào,ra răng,Interrogatives,3.986991405487061,4.673788070678711,0.6867966651916504
QA_15627,QA,PNT3,đã,đạ,Connectives/Aspect markers,3.986991405487061,4.420858383178711,0.4338669776916504
QA_15627,QA,PNT3,rằng,là,Connectives/Aspect markers,3.986991405487061,3.9822702407836914,-0.0047211647033691
QA_15627,QA,PNT3,thế nào,răng,Interrogatives,3.986991405487061,4.828028202056885,0.8410367965698242
QA_15627,QA,PNT4,thế nào,ren,Interrogatives,3.986991405487061,4.8317484855651855,0.844757080078125
QA_15710,QA,PNN,các,mấy,Negation/Function words,3.7010421752929688,4.361870288848877,0.6608281135559082
QA_15710,QA,PNN,như thế nào,sao,Interrogatives,3.7010421752929688,4.470412254333496,0.7693700790405273
QA_15710,QA,PNT2,như thế nào,ơ răng,Interrogatives,3.7010421752929688,5.175101280212402,1.4740591049194336
QA_15710,QA,PNT3,các,mấy,Negation/Function words,3.7010421752929688,4.361870288848877,0.6608281135559082
QA_15710,QA,PNT3,thế nào,răng,Interrogatives,3.7010421752929688,5.1130757331848145,1.4120335578918457
QA_15710,QA,PNT4,như thế nào,ra ren,Interrogatives,3.7010421752929688,5.332388401031494,1.6313462257385254
QA_16173,QA,PNN,không,hông,Negation/Function words,2.8019204139709473,3.3066515922546387,0.5047311782836914
QA_16173,QA,PNT2,không,mà nỏ,Negation/Function words,2.8019204139709473,3.7297487258911137,0.927828311920166
QA_16173,QA,PNT2,thế nào,răng,Interrogatives,2.8019204139709473,4.036792278289795,1.2348718643188477
QA_16173,QA,PNT3,không,nỏ,Negation/Function words,2.8019204139709473,3.6058075428009033,0.803887128829956
QA_16173,QA,PNT3,thế nào,răng rựa,Interrogatives,2.8019204139709473,3.9767327308654785,1.1748123168945312
QA_16173,QA,PNT4,thế nào,răng,Interrogatives,2.8019204139709473,4.036792278289795,1.2348718643188477
QA_17724,QA,PNB,nào,gì,Interrogatives,3.830728054046631,3.847458600997925,0.0167305469512939
QA_17724,QA,PNN,đến,tới,Predicate vocabulary,3.830728054046631,3.957869529724121,0.1271414756774902
QA_17724,QA,PNN,vào,hồi,Connectives/Aspect markers,3.830728054046631,3.958733320236206,0.1280052661895752
QA_17724,QA,PNT1,nên đã,niên đả,Connectives/Aspect markers,3.830728054046631,4.4786458015441895,0.6479177474975586
QA_17724,QA,PNT2,vào,vô,Connectives/Aspect markers,3.830728054046631,4.588263511657715,0.757535457611084
QA_17724,QA,PNT2,vào,vô,Connectives/Aspect markers,3.830728054046631,4.588263511657715,0.757535457611084
QA_17724,QA,PNT4,đến,tới,Predicate vocabulary,3.830728054046631,3.957869529724121,0.1271414756774902
QA_17724,QA,PNT4,vào,vô,Connectives/Aspect markers,3.830728054046631,4.588263511657715,0.757535457611084
QA_17724,QA,PNT4,nào,mô,Interrogatives,3.830728054046631,4.1838698387146,0.3531417846679687
QA_17758,QA,PNT1,nào đã,mô đả,Interrogatives,3.263227939605713,4.120769023895264,0.8575410842895508
QA_17758,QA,PNT2,vào,vô,Connectives/Aspect markers,3.263227939605713,3.960265636444092,0.6970376968383789
QA_17758,QA,PNT2,vào,vô,Connectives/Aspect markers,3.263227939605713,3.960265636444092,0.6970376968383789
QA_17758,QA,PNT3,vào,vô,Connectives/Aspect markers,3.263227939605713,3.960265636444092,0.6970376968383789
QA_17758,QA,PNT3,vào,vô,Connectives/Aspect markers,3.263227939605713,3.960265636444092,0.6970376968383789
QA_17758,QA,PNT4,vào,vô,Connectives/Aspect markers,3.263227939605713,3.960265636444092,0.6970376968383789
QA_17769,QA,PNN,những,mấy,Negation/Function words,3.345465660095215,3.915557861328125,0.5700922012329102
QA_17769,QA,PNN,khi,lúc,Connectives/Aspect markers,3.345465660095215,3.6146507263183594,0.2691850662231445
QA_17769,QA,PNN,tình,ý,Predicate vocabulary,3.345465660095215,3.3888654708862305,0.0433998107910156
QA_17769,QA,PNN,đến,tới,Predicate vocabulary,3.345465660095215,3.3509840965270996,0.0055184364318847
QA_17769,QA,PNT1,gì,cấy chi,Interrogatives,3.345465660095215,4.270205020904541,0.9247393608093262
QA_17769,QA,PNT2,gì,chi,Interrogatives,3.345465660095215,4.012360572814941,0.6668949127197266
QA_17769,QA,PNT3,những,mấy,Negation/Function words,3.345465660095215,3.915557861328125,0.5700922012329102
QA_17769,QA,PNT3,đã làm gì khi,mần chi lúc,Interrogatives,3.345465660095215,4.479541301727295,1.13407564163208
QA_17769,QA,PNT3,họ,mấy người nớ,Pronouns,3.345465660095215,4.309716701507568,0.9642510414123536
QA_17769,QA,PNT4,gì,chi,Interrogatives,3.345465660095215,4.012360572814941,0.6668949127197266
QA_17769,QA,PNT4,đến,tới,Predicate vocabulary,3.345465660095215,3.3509840965270996,0.0055184364318847
QA_17771,QA,PNT2,điều gì,cấy chi,Interrogatives,3.675539970397949,3.9087748527526855,0.2332348823547363
QA_17771,QA,PNT3,nhìn thấy,ngó chộ,Predicate vocabulary,3.675539970397949,4.351813316345215,0.6762733459472656
QA_17771,QA,PNT3,gì,chi,Interrogatives,3.675539970397949,4.084956645965576,0.4094166755676269
QA_17771,QA,PNT4,gì,chi,Interrogatives,3.675539970397949,4.084956645965576,0.4094166755676269
QA_17926,QA,PNN,một số,mấy,Negation/Function words,3.657808303833008,4.002462387084961,0.3446540832519531
QA_17926,QA,PNT1,nào,mô,Negation/Function words,3.657808303833008,4.053875923156738,0.3960676193237304
QA_17926,QA,PNT4,một số,mấy,Negation/Function words,3.657808303833008,4.002462387084961,0.3446540832519531
QA_17926,QA,PNT4,nào,mô,Interrogatives,3.657808303833008,4.053875923156738,0.3960676193237304
QA_17995,QA,PNN,những,mấy,Negation/Function words,3.4987523555755615,4.182952880859375,0.6842005252838135
QA_17995,QA,PNN,như thế nào,sao,Interrogatives,3.4987523555755615,3.8226006031036377,0.3238482475280761
QA_17995,QA,PNT2,đã,đạ,Connectives/Aspect markers,3.4987523555755615,3.968233346939087,0.4694809913635254
QA_17995,QA,PNT2,như thế nào,chi,Interrogatives,3.4987523555755615,4.133249282836914,0.6344969272613525
QA_17995,QA,PNT2,các,mấy,Negation/Function words,3.4987523555755615,3.641672134399414,0.1429197788238525
QA_17995,QA,PNT3,như thế nào,chi,Interrogatives,3.4987523555755615,4.133249282836914,0.6344969272613525
QA_17995,QA,PNT3,các,mấy,Negation/Function words,3.4987523555755615,3.641672134399414,0.1429197788238525
QA_17995,QA,PNT4,như thế nào,răng,Interrogatives,3.4987523555755615,4.506117820739746,1.0073654651641846
QA_18023,QA,PNN,cuộc,vụ,Predicate vocabulary,2.641887903213501,3.0491299629211426,0.4072420597076416
QA_18023,QA,PNN,như thế nào,ra sao,Interrogatives,2.641887903213501,2.8039820194244385,0.1620941162109375
QA_18023,QA,PNT1,cho,chua,Predicate vocabulary,2.641887903213501,3.2263784408569336,0.5844905376434326
QA_18023,QA,PNT2,thế nào,răng,Interrogatives,2.641887903213501,3.2640128135681152,0.6221249103546143
QA_18023,QA,PNT3,làm,mần,Predicate vocabulary,2.641887903213501,3.196280002593994,0.5543920993804932
QA_18023,QA,PNT3,thế nào,răng,Interrogatives,2.641887903213501,3.2640128135681152,0.6221249103546143
QA_18023,QA,PNT4,như thế nào,ra ren,Interrogatives,2.641887903213501,3.3217079639434814,0.6798200607299805
QA_18041,QA,PNN,vào,hồi,Connectives/Aspect markers,3.118800640106201,3.3177168369293213,0.1989161968231201
QA_18041,QA,PNN,điều,chuyện,Predicate vocabulary,3.118800640106201,3.3719124794006348,0.2531118392944336
QA_18041,QA,PNN,các,mấy,Negation/Function words,3.118800640106201,3.385293960571289,0.2664933204650879
QA_18041,QA,PNT2,vào,vô,Connectives/Aspect markers,3.118800640106201,3.681079864501953,0.562279224395752
QA_18041,QA,PNT2,này,ni,Demonstratives/Deixis,3.118800640106201,3.892889976501465,0.7740893363952637
QA_18041,QA,PNT3,vào,đoạn,Connectives/Aspect markers,3.118800640106201,3.123983383178711,0.0051827430725097
QA_18041,QA,PNT3,đã,đạ,Connectives/Aspect markers,3.118800640106201,3.54241943359375,0.4236187934875488
QA_18041,QA,PNT3,điều này đã,chuyện ni đạ,Demonstratives/Deixis,3.118800640106201,4.25935697555542,1.1405563354492188
QA_18041,QA,PNT3,các,những,Pronouns,3.118800640106201,3.1585497856140137,0.0397491455078125
QA_18041,QA,PNT4,này,ni,Demonstratives/Deixis,3.118800640106201,3.892889976501465,0.7740893363952637
QA_18041,QA,PNT4,nào,mô,Interrogatives,3.118800640106201,3.5108253955841064,0.3920247554779053
QA_18170,QA,PNN,điều,chuyện,Predicate vocabulary,3.334383249282837,3.529684066772461,0.195300817489624
QA_18170,QA,PNT1,gì,chi,Interrogatives,3.334383249282837,3.9796359539031982,0.6452527046203613
QA_18170,QA,PNT2,gì,chi,Interrogatives,3.334383249282837,3.9796359539031982,0.6452527046203613
QA_18170,QA,PNT3,gì,chi,Interrogatives,3.334383249282837,3.9796359539031982,0.6452527046203613
QA_18170,QA,PNT3,này,ni,Demonstratives/Deixis,3.334383249282837,4.296370983123779,0.9619877338409424
QA_18170,QA,PNT4,gì,ren,Interrogatives,3.334383249282837,4.137354373931885,0.8029711246490479
QA_18170,QA,PNT4,điều này,chuyện ni,Demonstratives/Deixis,3.334383249282837,4.231744766235352,0.8973615169525146
QA_18375,QA,PNT1,nào,mô,Negation/Function words,4.4902262687683105,5.333871841430664,0.8436455726623535
QA_18375,QA,PNT2,nào,mô đoạn,Interrogatives,4.4902262687683105,5.311585426330566,0.8213591575622559
QA_18375,QA,PNT2,đó,nớ,Demonstratives/Deixis,4.4902262687683105,4.932905197143555,0.4426789283752441
QA_18375,QA,PNT3,vào,vô,Connectives/Aspect markers,4.4902262687683105,4.8165974617004395,0.3263711929321289
QA_18375,QA,PNT4,nào,mô,Interrogatives,4.4902262687683105,5.333871841430664,0.8436455726623535
QA_18652,QA,PNT1,gì,cấy chi,Interrogatives,4.028894901275635,4.315249919891357,0.2863550186157226
QA_18652,QA,PNT2,là gì,cái chi,Interrogatives,4.028894901275635,4.469400405883789,0.4405055046081543
QA_18652,QA,PNT3,nữa sẽ,nựa là,Connectives/Aspect markers,4.028894901275635,4.2756781578063965,0.2467832565307617
QA_18652,QA,PNT3,đó,nớ,Demonstratives/Deixis,4.028894901275635,4.376555442810059,0.3476605415344238
QA_18652,QA,PNT3,gì,cấy chi,Interrogatives,4.028894901275635,4.315249919891357,0.2863550186157226
QA_18652,QA,PNT4,đó,nớ,Demonstratives/Deixis,4.028894901275635,4.376555442810059,0.3476605415344238
QA_18652,QA,PNT4,gọi,kêu,Predicate vocabulary,4.028894901275635,4.237946510314941,0.2090516090393066
QA_18652,QA,PNT4,gì,chi,Interrogatives,4.028894901275635,4.327482223510742,0.2985873222351074
QA_18786,QA,PNB,đưa,làm cho,Predicate vocabulary,4.908647537231445,4.547658443450928,-0.3609890937805176
QA_18786,QA,PNN,việc,vụ,Predicate vocabulary,4.908647537231445,5.268610000610352,0.3599624633789062
QA_18786,QA,PNN,không,hông,Negation/Function words,4.908647537231445,4.827494144439697,-0.081153392791748
QA_18786,QA,PNN,như thế nào,ra sao,Interrogatives,4.908647537231445,5.149194240570068,0.240546703338623
QA_18786,QA,PNT2,không,nỏ,Negation/Function words,4.908647537231445,4.983339309692383,0.0746917724609375
QA_18786,QA,PNT2,thế nào,răng,Interrogatives,4.908647537231445,5.934284210205078,1.0256366729736328
QA_18786,QA,PNT3,như thế nào,chi,Interrogatives,4.908647537231445,5.899776935577393,0.9911293983459472
QA_18786,QA,PNT4,thế nào,răng,Interrogatives,4.908647537231445,5.934284210205078,1.0256366729736328
QA_18828,QA,PNN,những khu vực,mấy vùng,Negation/Function words,3.8143062591552734,4.365931987762451,0.5516257286071777
QA_18828,QA,PNN,chịu,bị,Predicate vocabulary,3.8143062591552734,3.73463773727417,-0.0796685218811035
QA_18828,QA,PNN,từ,do,Connectives/Aspect markers,3.8143062591552734,3.838659048080444,0.0243527889251709
QA_18828,QA,PNN,vào,vô,Connectives/Aspect markers,3.8143062591552734,4.216663360595703,0.4023571014404297
QA_18828,QA,PNN,như thế nào,ra sao,Interrogatives,3.8143062591552734,3.8658368587493896,0.0515305995941162
QA_18828,QA,PNT1,thế nào,răng,Interrogatives,3.8143062591552734,4.605837821960449,0.7915315628051758
QA_18828,QA,PNT2,vào,vô,Connectives/Aspect markers,3.8143062591552734,4.216663360595703,0.4023571014404297
QA_18828,QA,PNT2,thế nào,răng,Interrogatives,3.8143062591552734,4.605837821960449,0.7915315628051758
QA_18828,QA,PNT3,nhờ vào,do,Connectives/Aspect markers,3.8143062591552734,3.646554708480835,-0.1677515506744384
QA_18828,QA,PNT3,thế nào,răng,Interrogatives,3.8143062591552734,4.605837821960449,0.7915315628051758
QA_18828,QA,PNT4,vào các,vô mấy,Connectives/Aspect markers,3.8143062591552734,4.229543209075928,0.4152369499206543
QA_18828,QA,PNT4,như thế nào,ra ren,Interrogatives,3.8143062591552734,4.718099594116211,0.9037933349609376
QA_19250,QA,PNT1,thế nào,cái chi,Interrogatives,3.9425182342529297,4.622525691986084,0.6800074577331543
QA_19250,QA,PNT2,vào,vô,Connectives/Aspect markers,3.9425182342529297,4.047691822052002,0.1051735877990722
QA_19250,QA,PNT2,như thế nào,a răng,Interrogatives,3.9425182342529297,4.612964630126953,0.6704463958740234
QA_19250,QA,PNT3,thế nào,răng,Interrogatives,3.9425182342529297,4.751770496368408,0.8092522621154785
QA_19250,QA,PNT4,vào,vô,Connectives/Aspect markers,3.9425182342529297,4.047691822052002,0.1051735877990722
QA_19250,QA,PNT4,như thế nào,kiểu ren,Interrogatives,3.9425182342529297,4.735619068145752,0.7931008338928223
QA_19280,QA,PNN,tại,ở,Predicate vocabulary,4.303919315338135,4.350270748138428,0.0463514328002929
QA_19280,QA,PNN,một nữa,phân nửa,Predicate vocabulary,4.303919315338135,4.128943920135498,-0.1749753952026367
QA_19280,QA,PNT3,một nữa số,nửa,Predicate vocabulary,4.303919315338135,4.269906997680664,-0.0340123176574707
QA_19280,QA,PNT4,nào,mô,Interrogatives,4.303919315338135,4.810009479522705,0.5060901641845703
QA_19281,QA,PNN,vào,hồi,Connectives/Aspect markers,3.5011892318725586,3.655703544616699,0.1545143127441406
QA_19281,QA,PNT2,thế nào,răng,Interrogatives,3.5011892318725586,4.110170364379883,0.6089811325073242
QA_19281,QA,PNT3,vào,vô,Connectives/Aspect markers,3.5011892318725586,4.096582889556885,0.5953936576843262
QA_19281,QA,PNT3,thế nào,răng,Interrogatives,3.5011892318725586,4.110170364379883,0.6089811325073242
QA_19281,QA,PNT4,thế nào,ren,Interrogatives,3.5011892318725586,4.1421990394592285,0.6410098075866699
QA_19329,QA,PNN,như thế nào,ra sao,Interrogatives,3.323610305786133,3.3824057579040527,0.0587954521179199
QA_19329,QA,PNN,khi,lúc,Connectives/Aspect markers,3.323610305786133,3.5105724334716797,0.1869621276855468
QA_19329,QA,PNT1,thế nào,răng,Interrogatives,3.323610305786133,4.335920333862305,1.012310028076172
QA_19329,QA,PNT2,như thế nào,ơ răng,Interrogatives,3.323610305786133,4.390854358673096,1.067244052886963
QA_19329,QA,PNT3,thế nào,răng,Interrogatives,3.323610305786133,4.335920333862305,1.012310028076172
QA_19329,QA,PNT4,như thế nào,ra ren,Interrogatives,3.323610305786133,4.307530403137207,0.9839200973510742
QA_19358,QA,PNN,không,hông,Negation/Function words,4.528817653656006,5.288915157318115,0.7600975036621094
QA_19358,QA,PNT1,gì,chi,Interrogatives,4.528817653656006,5.005706310272217,0.4768886566162109
QA_19358,QA,PNT2,không,nỏ,Negation/Function words,4.528817653656006,4.903518199920654,0.3747005462646484
QA_19358,QA,PNT2,gì,chi,Interrogatives,4.528817653656006,5.005706310272217,0.4768886566162109
QA_19358,QA,PNT3,gì,chi,Interrogatives,4.528817653656006,5.005706310272217,0.4768886566162109
QA_19358,QA,PNT4,gì,chi,Interrogatives,4.528817653656006,5.005706310272217,0.4768886566162109
QA_19406,QA,PNN,vào,hồi,Connectives/Aspect markers,3.2241697311401367,3.434187412261963,0.2100176811218261
QA_19406,QA,PNT1,gì,cái chi,Interrogatives,3.2241697311401367,3.5658111572265625,0.3416414260864258
QA_19406,QA,PNT2,gì,chi,Interrogatives,3.2241697311401367,3.4485723972320557,0.2244026660919189
QA_19406,QA,PNT3,vào,vô,Connectives/Aspect markers,3.2241697311401367,3.8392484188079834,0.6150786876678467
QA_19406,QA,PNT3,gì,chi,Interrogatives,3.2241697311401367,3.4485723972320557,0.2244026660919189
QA_19406,QA,PNT4,gì,chi,Interrogatives,3.2241697311401367,3.4485723972320557,0.2244026660919189
QA_19877,QA,PNN,vì không,tại hông,Negation/Function words,3.2032155990600586,4.014664173126221,0.8114485740661621
QA_19877,QA,PNN,các,mấy,Negation/Function words,3.2032155990600586,3.5054218769073486,0.30220627784729
QA_19877,QA,PNT2,không,nỏ,Negation/Function words,3.2032155990600586,4.016290187835693,0.8130745887756348
QA_19877,QA,PNT2,làm gì,mần chi,Interrogatives,3.2032155990600586,3.729556083679199,0.5263404846191406
QA_19877,QA,PNT3,các,mấy,Negation/Function words,3.2032155990600586,3.5054218769073486,0.30220627784729
QA_19877,QA,PNT3,gì,chi,Interrogatives,3.2032155990600586,3.5968258380889893,0.3936102390289306
QA_19877,QA,PNT4,vì,do,Connectives/Aspect markers,3.2032155990600586,3.611803770065307,0.408588171005249
QA_19877,QA,PNT4,gì,chi,Interrogatives,3.2032155990600586,3.5968258380889893,0.3936102390289306
QA_20004,QA,PNN,vì nguyên nhân,tại lí do,Predicate vocabulary,3.846343278884888,4.254965305328369,0.4086220264434814
QA_20004,QA,PNN,và,với,Connectives/Aspect markers,3.846343278884888,4.282791614532471,0.436448335647583
QA_20004,QA,PNN,những,mấy,Negation/Function words,3.846343278884888,4.037098407745361,0.1907551288604736
QA_20004,QA,PNN,khi,lúc,Connectives/Aspect markers,3.846343278884888,3.741453170776367,-0.1048901081085205
QA_20004,QA,PNT1,gì,chi,Interrogatives,3.846343278884888,4.351886749267578,0.5055434703826904
QA_20004,QA,PNT2,gì,chi,Interrogatives,3.846343278884888,4.351886749267578,0.5055434703826904
QA_20004,QA,PNT3,nên,bơ,Connectives/Aspect markers,3.846343278884888,4.25216817855835,0.4058248996734619
QA_20004,QA,PNT3,khi đó,chầu nớ,Demonstratives/Deixis,3.846343278884888,4.366937637329102,0.5205943584442139
QA_20004,QA,PNT3,làm gì,mần chi,Interrogatives,3.846343278884888,4.476879119873047,0.6305358409881592
QA_20004,QA,PNT4,vì,tại,Connectives/Aspect markers,3.846343278884888,4.389749050140381,0.5434057712554932
QA_20004,QA,PNT4,và,với,Connectives/Aspect markers,3.846343278884888,4.282791614532471,0.436448335647583
QA_20004,QA,PNT4,khi đó,hồi nớ,Demonstratives/Deixis,3.846343278884888,4.388321399688721,0.541978120803833
QA_20004,QA,PNT4,gì,chi,Interrogatives,3.846343278884888,4.351886749267578,0.5055434703826904
QA_20495,QA,PNN,như thế nào,ra sao,Interrogatives,3.371065378189087,3.4347429275512695,0.0636775493621826
QA_20495,QA,PNT1,thế nào,răng,Interrogatives,3.371065378189087,4.23654317855835,0.8654778003692627
QA_20495,QA,PNT2,các,mấy,Negation/Function words,3.371065378189087,3.4108874797821045,0.0398221015930175
QA_20495,QA,PNT2,như thế nào,ra răng,Interrogatives,3.371065378189087,4.625858306884766,1.2547929286956787
QA_20495,QA,PNT3,vào,vô,Connectives/Aspect markers,3.371065378189087,3.889602661132813,0.5185372829437256
QA_20495,QA,PNT3,như thế nào,chi,Interrogatives,3.371065378189087,4.202556610107422,0.831491231918335
QA_20495,QA,PNT4,như thế nào,ra ren,Interrogatives,3.371065378189087,4.569849491119385,1.198784112930298
QA_20639,QA,PNN,việc,chuyện,Predicate vocabulary,3.205805778503418,3.4075605869293213,0.2017548084259033
QA_20639,QA,PNT2,làm,mần,Predicate vocabulary,3.205805778503418,3.65045166015625,0.444645881652832
QA_20639,QA,PNT2,gì,chi,Interrogatives,3.205805778503418,3.763235330581665,0.5574295520782471
QA_20639,QA,PNT3,đã,đạ,Connectives/Aspect markers,3.205805778503418,4.046741485595703,0.8409357070922852
QA_20639,QA,PNT3,gì,chi,Interrogatives,3.205805778503418,3.763235330581665,0.5574295520782471
QA_20639,QA,PNT4,vào,vô,Connectives/Aspect markers,3.205805778503418,3.520873546600342,0.3150677680969238
QA_20639,QA,PNT4,việc gì,chuyện chi,Interrogatives,3.205805778503418,3.946942806243897,0.7411370277404785
QA_21117,QA,PNT2,này,ni,Demonstratives/Deixis,3.579481840133667,4.135348320007324,0.5558664798736572
QA_21117,QA,PNT2,này,ni,Demonstratives/Deixis,3.579481840133667,4.135348320007324,0.5558664798736572
QA_21117,QA,PNT2,gì,chi,Interrogatives,3.579481840133667,4.072230339050293,0.492748498916626
QA_21117,QA,PNT3,này,ni,Demonstratives/Deixis,3.579481840133667,4.135348320007324,0.5558664798736572
QA_21117,QA,PNT3,đó,nớ,Demonstratives/Deixis,3.579481840133667,4.192651271820068,0.6131694316864014
QA_21117,QA,PNT3,này,ni,Demonstratives/Deixis,3.579481840133667,4.135348320007324,0.5558664798736572
QA_21117,QA,PNT3,làm gì,mần chi,Interrogatives,3.579481840133667,4.412003517150879,0.8325216770172119
QA_21117,QA,PNT4,này,ni,Demonstratives/Deixis,3.579481840133667,4.135348320007324,0.5558664798736572
QA_21117,QA,PNT4,này,ni,Demonstratives/Deixis,3.579481840133667,4.135348320007324,0.5558664798736572
QA_21117,QA,PNT4,gì,chi,Interrogatives,3.579481840133667,4.072230339050293,0.492748498916626
QA_21489,QA,PNN,khi,lúc,Connectives/Aspect markers,4.502443313598633,4.973739147186279,0.4712958335876465
QA_21489,QA,PNN,ông,ổng,Pronouns,4.502443313598633,4.833108901977539,0.3306655883789062
QA_21489,QA,PNN,nhằm,đặng,Connectives/Aspect markers,4.502443313598633,4.7170186042785645,0.2145752906799316
QA_21489,QA,PNN,các,mấy cái,Negation/Function words,4.502443313598633,4.815296173095703,0.3128528594970703
QA_21489,QA,PNT1,gì,chi,Interrogatives,4.502443313598633,4.968718528747559,0.4662752151489258
QA_21489,QA,PNT2,làm gì,mần chi,Interrogatives,4.502443313598633,5.155880451202393,0.6534371376037598
QA_21489,QA,PNT3,gì,chi,Interrogatives,4.502443313598633,4.968718528747559,0.4662752151489258
QA_21489,QA,PNT3,nhằm,để,Connectives/Aspect markers,4.502443313598633,4.387573719024658,-0.1148695945739746
QA_21489,QA,PNT4,gì,chi,Interrogatives,4.502443313598633,4.968718528747559,0.4662752151489258
QA_22617,QA,PNB,nào,gì,Interrogatives,3.774367094039917,3.7323014736175537,-0.0420656204223632
QA_22617,QA,PNN,các,mấy,Negation/Function words,3.774367094039917,3.9561030864715576,0.1817359924316406
QA_22617,QA,PNN,nào,gì,Interrogatives,3.774367094039917,3.7323014736175537,-0.0420656204223632
QA_22617,QA,PNT1,nào,mô,Negation/Function words,3.774367094039917,4.199888229370117,0.4255211353302002
QA_22617,QA,PNT2,nào vào,mô vô,Interrogatives,3.774367094039917,4.309258460998535,0.5348913669586182
QA_22617,QA,PNT3,các,mấy,Negation/Function words,3.774367094039917,3.9561030864715576,0.1817359924316406
QA_22617,QA,PNT3,nào vào,chi vô,Interrogatives,3.774367094039917,4.4239301681518555,0.6495630741119385
QA_22617,QA,PNT4,các vùng,mấy khu,Predicate vocabulary,3.774367094039917,3.9769492149353023,0.2025821208953857
QA_22617,QA,PNT4,nào vào,chi ở,Interrogatives,3.774367094039917,4.113862037658691,0.3394949436187744
QA_22620,QA,PNB,tại,ở,Predicate vocabulary,3.5825977325439453,3.5776171684265137,-0.0049805641174316
QA_22620,QA,PNN,tại,ở,Predicate vocabulary,3.5825977325439453,3.5776171684265137,-0.0049805641174316
QA_22620,QA,PNN,trở nên,đâm ra,Predicate vocabulary,3.5825977325439453,3.751708030700683,0.1691102981567382
QA_22620,QA,PNN,như,mà,Connectives/Aspect markers,3.5825977325439453,3.6154167652130127,0.0328190326690673
QA_22620,QA,PNT1,nào,mô,Negation/Function words,3.5825977325439453,4.2875261306762695,0.7049283981323242
QA_22620,QA,PNT1,cho,chua,Predicate vocabulary,3.5825977325439453,4.11036491394043,0.5277671813964844
QA_22620,QA,PNT3,tại,ở,Predicate vocabulary,3.5825977325439453,3.5776171684265137,-0.0049805641174316
QA_22620,QA,PNT4,tại,ở,Predicate vocabulary,3.5825977325439453,3.5776171684265137,-0.0049805641174316
QA_22620,QA,PNT4,nào,mô,Interrogatives,3.5825977325439453,4.2875261306762695,0.7049283981323242
QA_22836,QA,PNN,như thế nào,ra sao,Interrogatives,3.084728479385376,3.158122301101685,0.0733938217163086
QA_22836,QA,PNT2,như thế nào,ra răng,Interrogatives,3.084728479385376,3.903126001358032,0.8183975219726562
QA_22836,QA,PNT3,thế nào vào,răng vô,Interrogatives,3.084728479385376,4.525745391845703,1.4410169124603271
QA_22836,QA,PNT4,thế nào,ren,Interrogatives,3.084728479385376,3.98593807220459,0.901209592819214
QA_2325,QA,PNN,vấn đề,vụ,Predicate vocabulary,3.4509835243225098,3.9033591747283936,0.4523756504058838
QA_2325,QA,PNN,và,với,Connectives/Aspect markers,3.4509835243225098,3.9859964847564697,0.53501296043396
QA_2325,QA,PNT1,gì,chi,Interrogatives,3.4509835243225098,3.997131586074829,0.5461480617523193
QA_2325,QA,PNT2,làm gì,mần chi,Interrogatives,3.4509835243225098,4.235167980194092,0.784184455871582
QA_2325,QA,PNT3,làm gì,mần chi,Interrogatives,3.4509835243225098,4.235167980194092,0.784184455871582
QA_23452,QA,PNN,như thế nào,sao,Interrogatives,4.394399166107178,4.760750770568848,0.3663516044616699
QA_23452,QA,PNT2,đã,đạ,Connectives/Aspect markers,4.394399166107178,4.723710060119629,0.3293108940124511
QA_23452,QA,PNT2,thế nào,răng,Interrogatives,4.394399166107178,5.274081707000732,0.8796825408935547
QA_23452,QA,PNT3,thế nào,răng,Interrogatives,4.394399166107178,5.274081707000732,0.8796825408935547
QA_23452,QA,PNT4,thế nào,răng,Interrogatives,4.394399166107178,5.274081707000732,0.8796825408935547
QA_23724,QA,PNT1,cho,chua,Predicate vocabulary,4.42885684967041,5.008609294891357,0.5797524452209473
QA_23724,QA,PNT2,vào,vô,Connectives/Aspect markers,4.42885684967041,4.902810096740723,0.4739532470703125
QA_23724,QA,PNT3,ngày nào,hôm mô,Interrogatives,4.42885684967041,5.304570198059082,0.8757133483886719
QA_23724,QA,PNT3,đã,đạ,Connectives/Aspect markers,4.42885684967041,4.745901107788086,0.3170442581176758
QA_23724,QA,PNT4,nào,mô,Interrogatives,4.42885684967041,5.251618385314941,0.8227615356445312
QA_23978,QA,PNN,và,với,Connectives/Aspect markers,3.1995444297790527,3.2724099159240723,0.0728654861450195
QA_23978,QA,PNN,tại,ở,Predicate vocabulary,3.1995444297790527,3.210737705230713,0.0111932754516601
QA_23978,QA,PNT2,làm,mần,Predicate vocabulary,3.1995444297790527,3.3345377445220947,0.134993314743042
QA_23978,QA,PNT2,ngày nay,bữa ni,Demonstratives/Deixis,3.1995444297790527,4.058972358703613,0.8594279289245605
QA_23978,QA,PNT2,nơi như thế nào,chỗ a răng,Interrogatives,3.1995444297790527,3.906256675720215,0.7067122459411621
QA_23978,QA,PNT3,và,với,Connectives/Aspect markers,3.1995444297790527,3.2724099159240723,0.0728654861450195
QA_23978,QA,PNT3,nay,ni,Demonstratives/Deixis,3.1995444297790527,3.805906057357788,0.6063616275787354
QA_23978,QA,PNT3,thế nào,răng,Interrogatives,3.1995444297790527,3.815680980682373,0.6161365509033203
QA_23978,QA,PNT4,nay,ni,Demonstratives/Deixis,3.1995444297790527,3.805906057357788,0.6063616275787354
QA_23978,QA,PNT4,thế nào,ren,Interrogatives,3.1995444297790527,3.885354042053222,0.6858096122741699
QA_24045,QA,PNN,dàn,từ từ,Predicate vocabulary,4.250314712524414,4.115642070770264,-0.1346726417541504
QA_24045,QA,PNN,điều,cái,Negation/Function words,4.250314712524414,4.258439540863037,0.008124828338623
QA_24045,QA,PNN,vào,vô,Connectives/Aspect markers,4.250314712524414,4.8136796951293945,0.5633649826049805
QA_24045,QA,PNT2,gì,chi,Interrogatives,4.250314712524414,4.606346607208252,0.3560318946838379
QA_24045,QA,PNT2,vào,vô,Connectives/Aspect markers,4.250314712524414,4.8136796951293945,0.5633649826049805
QA_24045,QA,PNT3,gì,chi,Interrogatives,4.250314712524414,4.606346607208252,0.3560318946838379
QA_24045,QA,PNT3,vào,vô,Connectives/Aspect markers,4.250314712524414,4.8136796951293945,0.5633649826049805
QA_24045,QA,PNT4,dàn,lần lần,Predicate vocabulary,4.250314712524414,4.2795209884643555,0.0292062759399414
QA_24045,QA,PNT4,gì,chi,Interrogatives,4.250314712524414,4.606346607208252,0.3560318946838379
QA_24045,QA,PNT4,vào,vô,Connectives/Aspect markers,4.250314712524414,4.8136796951293945,0.5633649826049805
QA_25984,QA,PNT1,nào,mô,Negation/Function words,4.1897172927856445,4.892055034637451,0.7023377418518066
QA_25984,QA,PNT2,nhỏ,bé,Predicate vocabulary,4.1897172927856445,4.309506416320801,0.1197891235351562
QA_25984,QA,PNT2,gia đình,nhà,Predicate vocabulary,4.1897172927856445,4.554773330688477,0.365056037902832
QA_25984,QA,PNT2,vào,vô,Connectives/Aspect markers,4.1897172927856445,4.767271995544434,0.5775547027587891
QA_25984,QA,PNT3,vào,vô kì,Predicate vocabulary,4.1897172927856445,5.1347808837890625,0.945063591003418
QA_25984,QA,PNT4,nổi bật,trội,Predicate vocabulary,4.1897172927856445,4.717772006988525,0.5280547142028809
QA_25984,QA,PNT4,vào,vô,Connectives/Aspect markers,4.1897172927856445,4.767271995544434,0.5775547027587891
QA_25984,QA,PNT4,nào,mô,Interrogatives,4.1897172927856445,4.892055034637451,0.7023377418518066
QA_26154,QA,PNN,không,hông,Negation/Function words,4.813230991363525,5.378200054168701,0.5649690628051758
QA_26154,QA,PNN,như thế nào,ra sao,Interrogatives,4.813230991363525,4.860910892486572,0.0476799011230468
QA_26154,QA,PNT2,không,nỏ,Negation/Function words,4.813230991363525,4.980776786804199,0.1675457954406738
QA_26154,QA,PNT2,thế nào,răng,Interrogatives,4.813230991363525,6.0211944580078125,1.207963466644287
QA_26154,QA,PNT3,không,nỏ,Negation/Function words,4.813230991363525,4.980776786804199,0.1675457954406738
QA_26154,QA,PNT3,thế nào,răng,Interrogatives,4.813230991363525,6.0211944580078125,1.207963466644287
QA_26154,QA,PNT4,như thế nào,ra ren,Interrogatives,4.813230991363525,5.901960849761963,1.0887298583984375
QA_26357,QA,PNT2,đã,đạ,Connectives/Aspect markers,3.1694703102111816,3.501178741455078,0.3317084312438965
QA_26357,QA,PNT3,vào,vô,Connectives/Aspect markers,3.1694703102111816,3.839011669158935,0.6695413589477539
QA_26357,QA,PNT4,nào,mô,Interrogatives,3.1694703102111816,4.040248394012451,0.8707780838012695
QA_26456,QA,PNN,vào,hồi,Connectives/Aspect markers,3.1782469749450684,3.3365256786346436,0.1582787036895752
QA_26456,QA,PNT2,vào,vô,Connectives/Aspect markers,3.1782469749450684,3.797784805297851,0.6195378303527832
QA_26456,QA,PNT2,làm gì,mần chi,Interrogatives,3.1782469749450684,3.8317387104034424,0.653491735458374
QA_26456,QA,PNT3,vào,vô,Connectives/Aspect markers,3.1782469749450684,3.797784805297851,0.6195378303527832
QA_26456,QA,PNT3,làm gì,mần cấy chi,Interrogatives,3.1782469749450684,3.889106273651123,0.7108592987060547
QA_26456,QA,PNT4,gì,chi,Interrogatives,3.1782469749450684,3.6268115043640137,0.4485645294189453
QA_26462,QA,PNN,bà,bả,Pronouns,4.832447528839111,5.072154998779297,0.2397074699401855
QA_26462,QA,PNT2,vào,vô,Connectives/Aspect markers,4.832447528839111,5.348869800567627,0.5164222717285156
QA_26462,QA,PNT3,bà đã tuyên bố,lạo xưng,Kinship/Honorific terms,4.832447528839111,5.21924352645874,0.3867959976196289
QA_26558,QA,PNB,trở thành,là,Predicate vocabulary,3.9288132190704346,3.704931497573853,-0.223881721496582
QA_26558,QA,PNT1,nào,mô,Negation/Function words,3.9288132190704346,5.150408744812012,1.2215955257415771
QA_26558,QA,PNT2,vào,vô,Connectives/Aspect markers,3.9288132190704346,4.7680344581604,0.8392212390899658
QA_26558,QA,PNT4,nào,mô,Interrogatives,3.9288132190704346,5.150408744812012,1.2215955257415771
QA_26719,QA,PNN,và,với,Connectives/Aspect markers,4.508391380310059,4.476082801818848,-0.0323085784912109
QA_26719,QA,PNN,thì như thế nào,ra sao,Interrogatives,4.508391380310059,4.654628753662109,0.1462373733520507
QA_26719,QA,PNT2,và,với,Connectives/Aspect markers,4.508391380310059,4.476082801818848,-0.0323085784912109
QA_26719,QA,PNT2,thế nào,răng,Interrogatives,4.508391380310059,5.212284564971924,0.7038931846618652
QA_26719,QA,PNT3,và,với,Connectives/Aspect markers,4.508391380310059,4.476082801818848,-0.0323085784912109
QA_26719,QA,PNT3,thế nào,răng,Interrogatives,4.508391380310059,5.212284564971924,0.7038931846618652
QA_26719,QA,PNT4,thế nào,ren,Interrogatives,4.508391380310059,5.35258674621582,0.8441953659057617
QA_26901,QA,PNN,các quốc gia,mấy nước,Negation/Function words,3.4213223457336426,4.092231273651123,0.6709089279174805
QA_26901,QA,PNN,như thế nào,ra sao,Interrogatives,3.4213223457336426,3.7037346363067623,0.2824122905731201
QA_26901,QA,PNT2,như thế nào,ơ răng,Interrogatives,3.4213223457336426,4.540825843811035,1.1195034980773926
QA_26901,QA,PNT3,đã,đạ,Connectives/Aspect markers,3.4213223457336426,4.276824951171875,0.8555026054382324
QA_26901,QA,PNT3,một,kì,Negation/Function words,3.4213223457336426,4.774296760559082,1.3529744148254397
QA_26901,QA,PNT3,thế nào,răng,Interrogatives,3.4213223457336426,4.5414509773254395,1.1201286315917969
QA_26901,QA,PNT4,như thế nào,ra ren,Interrogatives,3.4213223457336426,4.508726596832275,1.0874042510986328
QA_27000,QA,PNB,cha,bố,Kinship/Honorific terms,4.932615280151367,5.046413898468018,0.1137986183166503
QA_27000,QA,PNN,cha,ba,Kinship/Honorific terms,4.932615280151367,5.201676368713379,0.2690610885620117
QA_27000,QA,PNN,thế,như,Demonstratives/Deixis,4.932615280151367,4.891259670257568,-0.0413556098937988
QA_27000,QA,PNT1,thế nào,như răng,Interrogatives,4.932615280151367,5.5102362632751465,0.5776209831237793
QA_27000,QA,PNT2,trái,ngược lại,Predicate vocabulary,4.932615280151367,4.780386924743652,-0.1522283554077148
QA_27000,QA,PNT2,thế nào,như răng,Interrogatives,4.932615280151367,5.5102362632751465,0.5776209831237793
QA_27000,QA,PNT3,thế nào,như răng,Interrogatives,4.932615280151367,5.5102362632751465,0.5776209831237793
QA_27000,QA,PNT4,trái,ngược,Predicate vocabulary,4.932615280151367,5.074914455413818,0.1422991752624511
QA_27000,QA,PNT4,thế nào,ra ren,Interrogatives,4.932615280151367,5.437310218811035,0.504694938659668
QA_27033,QA,PNN,các,mấy,Negation/Function words,4.493771553039551,4.709473609924316,0.2157020568847656
QA_27033,QA,PNN,như thế nào,ra sao,Interrogatives,4.493771553039551,4.670003890991211,0.1762323379516601
QA_27033,QA,PNN,việc,vụ,Predicate vocabulary,4.493771553039551,4.4940996170043945,0.0003280639648437
QA_27033,QA,PNT2,như thế nào,à răng,Interrogatives,4.493771553039551,5.673421859741211,1.1796503067016602
QA_27033,QA,PNT3,chuyên,hay,Predicate vocabulary,4.493771553039551,4.520966529846191,0.0271949768066406
QA_27033,QA,PNT3,như thế nào,chi,Interrogatives,4.493771553039551,5.41748046875,0.9237089157104492
QA_27033,QA,PNT3,việc,chuyện,Predicate vocabulary,4.493771553039551,4.535428524017334,0.0416569709777832
QA_27033,QA,PNT4,thế nào,răn,Interrogatives,4.493771553039551,5.314754009246826,0.8209824562072754
QA_27033,QA,PNT4,thân,cơ,Predicate vocabulary,4.493771553039551,4.484726428985596,-0.009045124053955
QA_2707,QA,PNN,vào,vô,Connectives/Aspect markers,2.031655788421631,2.881134033203125,0.8494782447814941
QA_2707,QA,PNT2,vào,vô,Connectives/Aspect markers,2.031655788421631,2.881134033203125,0.8494782447814941
QA_2707,QA,PNT3,vào,vô,Connectives/Aspect markers,2.031655788421631,2.881134033203125,0.8494782447814941
QA_27538,QA,PNN,như thế nào,ra sao,Interrogatives,3.7761733531951904,4.015167713165283,0.2389943599700927
QA_27538,QA,PNN,việc,cái vụ,Predicate vocabulary,3.7761733531951904,3.937912940979004,0.1617395877838134
QA_27538,QA,PNT2,như thế nào,a răng,Interrogatives,3.7761733531951904,4.930117607116699,1.1539442539215088
QA_27538,QA,PNT3,thế nào,răng,Interrogatives,3.7761733531951904,4.91682767868042,1.1406543254852295
QA_27538,QA,PNT4,như thế nào,ra ren,Interrogatives,3.7761733531951904,4.710718154907227,0.934544801712036
QA_3137,QA,PNN,không,hông,Negation/Function words,3.611928224563598,4.0815534591674805,0.4696252346038818
QA_3137,QA,PNT1,nào,mô,Negation/Function words,3.611928224563598,5.17003870010376,1.5581104755401611
QA_3137,QA,PNT2,không thể,nỏ,Negation/Function words,3.611928224563598,4.6113433837890625,0.999415159225464
QA_3137,QA,PNT2,khu vực,mấy đoạn,Predicate vocabulary,3.611928224563598,4.52501916885376,0.9130909442901612
QA_3137,QA,PNT3,vào,vô,Connectives/Aspect markers,3.611928224563598,4.321671962738037,0.7097437381744385
QA_3137,QA,PNT3,nào thì,mô là,Interrogatives,3.611928224563598,5.03769588470459,1.4257676601409912
QA_3137,QA,PNT4,nào,mô,Interrogatives,3.611928224563598,5.17003870010376,1.5581104755401611
QA_3368,QA,PNN,rơi vào,lọt vô,Predicate vocabulary,3.1261351108551025,3.742694854736328,0.6165597438812256
QA_3368,QA,PNN,vào,hồi,Connectives/Aspect markers,3.1261351108551025,3.960500478744507,0.8343653678894043
QA_3368,QA,PNT2,vào,vô,Connectives/Aspect markers,3.1261351108551025,3.833569049835205,0.7074339389801025
QA_3368,QA,PNT3,vào,vô,Connectives/Aspect markers,3.1261351108551025,3.833569049835205,0.7074339389801025
QA_3368,QA,PNT3,vào,vô,Connectives/Aspect markers,3.1261351108551025,3.833569049835205,0.7074339389801025
QA_3410,QA,PNN,đến nơi nào,tới đâu,Interrogatives,4.615314483642578,4.603383541107178,-0.0119309425354003
QA_3410,QA,PNT2,đã,đạ,Connectives/Aspect markers,4.615314483642578,4.967355728149414,0.3520412445068359
QA_3410,QA,PNT3,nơi nào,từng mô,Interrogatives,4.615314483642578,5.194383144378662,0.579068660736084
QA_3410,QA,PNT4,nào,mô,Interrogatives,4.615314483642578,5.2276716232299805,0.6123571395874023
QA_3982,QA,PNN,khi không,lúc hông,Negation/Function words,3.955796718597412,4.321311950683594,0.3655152320861816
QA_3982,QA,PNN,sử dụng vào,xài vô,Predicate vocabulary,3.955796718597412,4.24159574508667,0.2857990264892578
QA_3982,QA,PNT2,không,nỏ,Negation/Function words,3.955796718597412,4.244137763977051,0.2883410453796386
QA_3982,QA,PNT2,vào,vô,Connectives/Aspect markers,3.955796718597412,4.075965404510498,0.1201686859130859
QA_3982,QA,PNT2,gì,chi,Interrogatives,3.955796718597412,4.212634086608887,0.2568373680114746
QA_3982,QA,PNT3,không,nọ,Negation/Function words,3.955796718597412,4.165194034576416,0.2093973159790039
QA_3982,QA,PNT3,đã,đạ,Connectives/Aspect markers,3.955796718597412,4.348121643066406,0.3923249244689941
QA_3982,QA,PNT3,vào,vô,Connectives/Aspect markers,3.955796718597412,4.075965404510498,0.1201686859130859
QA_3982,QA,PNT3,gì,chi rứa,Interrogatives,3.955796718597412,4.275248050689697,0.3194513320922851
QA_3982,QA,PNT4,gì,chi,Interrogatives,3.955796718597412,4.212634086608887,0.2568373680114746
QA_4111,QA,PNN,khi,lúc,Connectives/Aspect markers,2.906888246536255,3.0582528114318848,0.1513645648956298
QA_4111,QA,PNN,vào,hồi,Connectives/Aspect markers,2.906888246536255,3.1317524909973145,0.2248642444610595
QA_4111,QA,PNT1,thế nào,răng,Interrogatives,2.906888246536255,3.710371494293213,0.803483247756958
QA_4111,QA,PNT2,vào,vô,Connectives/Aspect markers,2.906888246536255,3.6108720302581783,0.7039837837219238
QA_4111,QA,PNT2,như thế nào,a răng,Interrogatives,2.906888246536255,3.730083703994751,0.8231954574584961
QA_4111,QA,PNT3,vào,vô,Connectives/Aspect markers,2.906888246536255,3.6108720302581783,0.7039837837219238
QA_4111,QA,PNT3,thế nào,răng,Interrogatives,2.906888246536255,3.710371494293213,0.803483247756958
QA_4111,QA,PNT4,thế nào,ren,Interrogatives,2.906888246536255,3.710708141326904,0.8038198947906494
QA_4230,QA,PNN,khi,lúc,Connectives/Aspect markers,3.503168821334839,4.0281453132629395,0.5249764919281006
QA_4230,QA,PNN,không,hông,Negation/Function words,3.503168821334839,3.8671391010284424,0.3639702796936035
QA_4230,QA,PNN,các,mấy,Negation/Function words,3.503168821334839,3.816774606704712,0.313605785369873
QA_4230,QA,PNT2,gì,chi,Interrogatives,3.503168821334839,3.9253547191619873,0.4221858978271484
QA_4230,QA,PNT3,không,khung,Negation/Function words,3.503168821334839,3.704269409179687,0.2011005878448486
QA_4230,QA,PNT3,làm gì,mần cấy chi,Interrogatives,3.503168821334839,4.290826797485352,0.7876579761505127
QA_4230,QA,PNT4,phủ quyết,bác bỏ,Predicate vocabulary,3.503168821334839,3.399580717086792,-0.1035881042480468
QA_4230,QA,PNT4,gì,chi,Interrogatives,3.503168821334839,3.9253547191619873,0.4221858978271484
QA_4380,QA,PNN,việc,vụ,Predicate vocabulary,2.97662353515625,3.3914504051208496,0.4148268699645996
QA_4380,QA,PNN,vào,vô,Connectives/Aspect markers,2.97662353515625,3.5049784183502197,0.5283548831939697
QA_4380,QA,PNN,như thế nào,ra sao,Interrogatives,2.97662353515625,3.1764254570007324,0.1998019218444824
QA_4380,QA,PNT2,vào,vô,Connectives/Aspect markers,2.97662353515625,3.5049784183502197,0.5283548831939697
QA_4380,QA,PNT2,đã,đạ,Connectives/Aspect markers,2.97662353515625,3.764484405517578,0.7878608703613281
QA_4380,QA,PNT2,như thế nào,chi,Interrogatives,2.97662353515625,3.930204391479492,0.9535808563232422
QA_4380,QA,PNT3,vào,vô,Connectives/Aspect markers,2.97662353515625,3.5049784183502197,0.5283548831939697
QA_4380,QA,PNT3,như thế nào đối với,chi tới,Interrogatives,2.97662353515625,4.2098822593688965,1.2332587242126465
QA_4380,QA,PNT4,thế nào,răn,Interrogatives,2.97662353515625,4.121237277984619,1.1446137428283691
QA_4814,QA,PNN,việc,chuyện,Predicate vocabulary,3.4331517219543457,3.7634060382843018,0.330254316329956
QA_4814,QA,PNN,không,hông,Negation/Function words,3.4331517219543457,3.839191913604736,0.4060401916503906
QA_4814,QA,PNT2,không,nỏ,Negation/Function words,3.4331517219543457,3.876713991165161,0.4435622692108154
QA_4814,QA,PNT2,nó,hấn,Pronouns,3.4331517219543457,4.01017427444458,0.5770225524902344
QA_4814,QA,PNT3,nó,hắn,Pronouns,3.4331517219543457,3.721390962600708,0.2882392406463623
QA_4814,QA,PNT4,nào,mô,Interrogatives,3.4331517219543457,4.280837059020996,0.8476853370666504
QA_4833,QA,PNT1,thế nào,răng,Interrogatives,3.6948447227478023,4.650375843048096,0.955531120300293
QA_4833,QA,PNT2,nó như thế nào,răng,Interrogatives,3.6948447227478023,4.718937873840332,1.0240931510925293
QA_4833,QA,PNT3,người ta,họ,Pronouns,3.6948447227478023,4.120991230010986,0.4261465072631836
QA_4833,QA,PNT3,nó,hắn,Pronouns,3.6948447227478023,3.8680191040039062,0.1731743812561035
QA_4833,QA,PNT3,thế nào,răng,Interrogatives,3.6948447227478023,4.650375843048096,0.955531120300293
QA_4833,QA,PNT4,thế nào,ren,Interrogatives,3.6948447227478023,4.750679969787598,1.055835247039795
QA_4887,QA,PNB,tại,ở,Predicate vocabulary,3.67413330078125,3.864922285079956,0.190788984298706
QA_4887,QA,PNN,tại,ở,Predicate vocabulary,3.67413330078125,3.864922285079956,0.190788984298706
QA_4887,QA,PNN,vào,vô,Connectives/Aspect markers,3.67413330078125,4.321232795715332,0.647099494934082
QA_4887,QA,PNT1,cho,chua,Predicate vocabulary,3.67413330078125,4.213482856750488,0.5393495559692383
QA_4887,QA,PNT2,vào,vô,Connectives/Aspect markers,3.67413330078125,4.321232795715332,0.647099494934082
QA_4887,QA,PNT3,vào,vô,Connectives/Aspect markers,3.67413330078125,4.321232795715332,0.647099494934082
QA_4887,QA,PNT4,nào,mô,Interrogatives,3.67413330078125,4.1445512771606445,0.4704179763793945
QA_5051,QA,PNT2,vào,vô,Connectives/Aspect markers,3.729598045349121,4.363766193389893,0.6341681480407715
QA_5051,QA,PNT3,vào,ở,Predicate vocabulary,3.729598045349121,3.647850751876831,-0.08174729347229
QA_5750,QA,PNN,mẹ,má,Kinship/Honorific terms,3.3849494457244873,3.934218645095825,0.5492691993713379
QA_5750,QA,PNN,thế nào khi,ra sao lúc,Predicate vocabulary,3.3849494457244873,3.716439247131348,0.3314898014068603
QA_5750,QA,PNN,không,hông,Negation/Function words,3.3849494457244873,3.8093838691711426,0.4244344234466553
QA_5750,QA,PNT2,thế nào,a răng,Interrogatives,3.3849494457244873,4.434237480163574,1.049288034439087
QA_5750,QA,PNT3,thế nào,ra răng,Interrogatives,3.3849494457244873,4.2528581619262695,0.8679087162017822
QA_5750,QA,PNT3,không,nỏ,Negation/Function words,3.3849494457244873,3.8658878803253174,0.4809384346008301
QA_5750,QA,PNT3,mình,miềng,Pronouns,3.3849494457244873,3.8397464752197266,0.4547970294952392
QA_5750,QA,PNT4,thế nào,như răn,Interrogatives,3.3849494457244873,4.17038631439209,0.7854368686676025
QA_6624,QA,PNT1,gì,chi,Interrogatives,3.284259080886841,4.435791015625,1.1515319347381592
QA_6624,QA,PNT2,đã,đạ,Connectives/Aspect markers,3.284259080886841,4.521351337432861,1.2370922565460205
QA_6624,QA,PNT2,làm gì,mần chi,Interrogatives,3.284259080886841,4.942637920379639,1.658378839492798
QA_6624,QA,PNT3,gì,chi,Interrogatives,3.284259080886841,4.435791015625,1.1515319347381592
QA_6624,QA,PNT4,gì,chi,Interrogatives,3.284259080886841,4.435791015625,1.1515319347381592
QA_6664,QA,PNB,đã,từng,Connectives/Aspect markers,3.078556537628174,3.122861862182617,0.0443053245544433
QA_6664,QA,PNB,với,bằng,Connectives/Aspect markers,3.078556537628174,3.265958309173584,0.1874017715454101
QA_6664,QA,PNN,những,mấy,Negation/Function words,3.078556537628174,3.450974702835083,0.3724181652069092
QA_6664,QA,PNN,như thế nào,ra sao,Interrogatives,3.078556537628174,3.1826019287109375,0.1040453910827636
QA_6664,QA,PNT2,như thế nào,ơ răng,Interrogatives,3.078556537628174,3.934159517288208,0.8556029796600342
QA_6664,QA,PNT3,đã,đạ,Connectives/Aspect markers,3.078556537628174,3.793410062789917,0.7148535251617432
QA_6664,QA,PNT3,đã,đạ,Connectives/Aspect markers,3.078556537628174,3.793410062789917,0.7148535251617432
QA_6664,QA,PNT3,thế nào,răng he,Interrogatives,3.078556537628174,4.198795795440674,1.1202392578125
QA_6664,QA,PNT4,thế nào,răn,Interrogatives,3.078556537628174,3.780623197555542,0.7020666599273682
QA_6673,QA,PNN,không,hông,Negation/Function words,2.970374822616577,3.632339000701904,0.6619641780853271
QA_6673,QA,PNT1,làm gì,mần chi,Interrogatives,2.970374822616577,3.939539194107056,0.9691643714904784
QA_6673,QA,PNT2,đã không,đạ nỏ,Negation/Function words,2.970374822616577,4.210743427276611,1.2403686046600342
QA_6673,QA,PNT2,làm gì,mần cấy chi,Interrogatives,2.970374822616577,3.974475622177124,1.0041007995605469
QA_6673,QA,PNT3,gì,chi,Interrogatives,2.970374822616577,3.616033792495727,0.6456589698791504
QA_6673,QA,PNT4,nào,mô,Interrogatives,2.970374822616577,4.4148268699646,1.4444520473480225
QA_6673,QA,PNT4,gì,chi,Interrogatives,2.970374822616577,3.616033792495727,0.6456589698791504
QA_6720,QA,PNN,các,mấy,Negation/Function words,3.873579740524292,4.169570446014404,0.2959907054901123
QA_6720,QA,PNN,vào,hồi,Connectives/Aspect markers,3.873579740524292,3.961202383041382,0.0876226425170898
QA_6720,QA,PNT2,vào,vô,Connectives/Aspect markers,3.873579740524292,4.4228410720825195,0.5492613315582275
QA_6720,QA,PNT3,các,mấy,Negation/Function words,3.873579740524292,4.169570446014404,0.2959907054901123
QA_6720,QA,PNT3,vào,vô,Connectives/Aspect markers,3.873579740524292,4.4228410720825195,0.5492613315582275
QA_6720,QA,PNT4,nào,mô,Interrogatives,3.873579740524292,4.476678371429443,0.6030986309051514
QA_7436,QA,PNT1,nào,mô,Negation/Function words,3.191526412963867,4.412210464477539,1.220684051513672
QA_7436,QA,PNT2,vào,vô,Connectives/Aspect markers,3.191526412963867,3.769899368286133,0.5783729553222656
QA_7436,QA,PNT4,vào,ở,Predicate vocabulary,3.191526412963867,3.550853490829468,0.3593270778656006
QA_7436,QA,PNT4,nào,mô,Interrogatives,3.191526412963867,4.412210464477539,1.220684051513672
QA_7442,QA,PNB,làm,đã khiến,Predicate vocabulary,2.9104316234588623,2.883911609649658,-0.0265200138092041
QA_7442,QA,PNT1,cho,chua,Predicate vocabulary,2.9104316234588623,3.46753191947937,0.5571002960205078
QA_7442,QA,PNT3,trong giai,ở kì,Predicate vocabulary,2.9104316234588623,3.851303815841675,0.9408721923828124
QA_7442,QA,PNT3,nào,chi,Interrogatives,2.9104316234588623,3.537794828414917,0.6273632049560547
QA_7442,QA,PNT4,nào,mô,Interrogatives,2.9104316234588623,3.7558863162994385,0.8454546928405762
QA_7517,QA,PNN,thời gian,lúc,Predicate vocabulary,2.850851058959961,3.1328303813934326,0.2819793224334717
QA_7517,QA,PNN,sử dụng,xài,Predicate vocabulary,2.850851058959961,3.200489044189453,0.3496379852294922
QA_7517,QA,PNT1,nào,mô,Negation/Function words,2.850851058959961,3.6509811878204346,0.8001301288604736
QA_7517,QA,PNT1,nào,chi,Interrogatives,2.850851058959961,3.4208343029022217,0.5699832439422607
QA_7517,QA,PNT3,sử dụng,dùng,Predicate vocabulary,2.850851058959961,3.045326232910156,0.1944751739501953
QA_7517,QA,PNT3,nào,mô khác,Interrogatives,2.850851058959961,3.597285032272339,0.7464339733123779
QA_7713,QA,PNN,khi,lúc,Connectives/Aspect markers,3.841905355453491,4.099890232086182,0.2579848766326904
QA_7713,QA,PNT2,nó,hấn,Pronouns,3.841905355453491,4.360342502593994,0.5184371471405029
QA_7713,QA,PNT2,gì,chi,Interrogatives,3.841905355453491,4.280184745788574,0.438279390335083
QA_7713,QA,PNT3,nó đã,hắn đạ,Pronouns,3.841905355453491,4.563770294189453,0.7218649387359619
QA_7713,QA,PNT3,gì,chi,Interrogatives,3.841905355453491,4.280184745788574,0.438279390335083
QA_7713,QA,PNT4,nó,hén,Pronouns,3.841905355453491,4.3932623863220215,0.5513570308685303
QA_7713,QA,PNT4,gì,chi,Interrogatives,3.841905355453491,4.280184745788574,0.438279390335083
QA_7747,QA,PNT1,thế nào,răng,Interrogatives,3.1635255813598633,4.25143575668335,1.0879101753234863
QA_7747,QA,PNT2,đã,đạ,Connectives/Aspect markers,3.1635255813598633,3.7264440059661865,0.5629184246063232
QA_7747,QA,PNT2,như thế nào,a răng,Interrogatives,3.1635255813598633,4.154599189758301,0.9910736083984376
QA_7747,QA,PNT3,vào,vô,Connectives/Aspect markers,3.1635255813598633,4.236592769622803,1.0730671882629397
QA_7747,QA,PNT3,thế nào,răng,Interrogatives,3.1635255813598633,4.25143575668335,1.0879101753234863
QA_7747,QA,PNT4,như thế nào,ra ren,Interrogatives,3.1635255813598633,4.180690765380859,1.017165184020996
QA_8086,QA,PNN,tại,ở,Predicate vocabulary,2.8369953632354736,3.065783977508545,0.2287886142730713
QA_8086,QA,PNN,nơi,chỗ,Predicate vocabulary,2.8369953632354736,2.991483211517334,0.1544878482818603
QA_8086,QA,PNN,vào,vô,Connectives/Aspect markers,2.8369953632354736,3.472404956817627,0.6354095935821533
QA_8086,QA,PNN,vào,hồi,Connectives/Aspect markers,2.8369953632354736,3.598040819168091,0.7610454559326172
QA_8086,QA,PNT2,vào,vô,Connectives/Aspect markers,2.8369953632354736,3.472404956817627,0.6354095935821533
QA_8086,QA,PNT2,vào,vô,Connectives/Aspect markers,2.8369953632354736,3.472404956817627,0.6354095935821533
QA_8086,QA,PNT3,nơi nào đã,lộ mô đạ,Interrogatives,2.8369953632354736,3.833808422088623,0.9968130588531494
QA_8086,QA,PNT3,vào,vô,Connectives/Aspect markers,2.8369953632354736,3.472404956817627,0.6354095935821533
QA_8086,QA,PNT4,nơi nào,chỗ mô,Interrogatives,2.8369953632354736,3.679063081741333,0.8420677185058594
QA_8086,QA,PNT4,vào,vô,Connectives/Aspect markers,2.8369953632354736,3.472404956817627,0.6354095935821533
QA_8137,QA,PNB,tại,ở,Predicate vocabulary,2.6672141551971436,2.6773242950439453,0.0101101398468017
QA_8137,QA,PNN,tại,ở,Predicate vocabulary,2.6672141551971436,2.6773242950439453,0.0101101398468017
QA_8137,QA,PNT1,đâu,mô,Negation/Function words,2.6672141551971436,3.252619504928589,0.5854053497314453
QA_8137,QA,PNT2,nó,hấn,Pronouns,2.6672141551971436,3.0474634170532227,0.3802492618560791
QA_8137,QA,PNT3,tại,ở,Predicate vocabulary,2.6672141551971436,2.6773242950439453,0.0101101398468017
QA_8137,QA,PNT3,nó,hắn,Pronouns,2.6672141551971436,2.8512868881225586,0.184072732925415
QA_8137,QA,PNT4,nó có vị trí,hén nằm,Predicate vocabulary,2.6672141551971436,3.033235788345337,0.3660216331481933
QA_8137,QA,PNT4,đâu,mô,Interrogatives,2.6672141551971436,3.252619504928589,0.5854053497314453
QA_8904,QA,PNB,lên,đến,Predicate vocabulary,3.640942335128784,3.475818395614624,-0.1651239395141601
QA_8904,QA,PNN,và,với,Connectives/Aspect markers,3.640942335128784,3.785125732421875,0.1441833972930908
QA_8904,QA,PNN,như thế nào lên,ra sao đến,Interrogatives,3.640942335128784,3.6652133464813232,0.024271011352539
QA_8904,QA,PNN,và,với,Connectives/Aspect markers,3.640942335128784,3.785125732421875,0.1441833972930908
QA_8904,QA,PNT2,như thế nào,a răng,Interrogatives,3.640942335128784,4.862316131591797,1.2213737964630127
QA_8904,QA,PNT3,đã,đạ,Connectives/Aspect markers,3.640942335128784,4.1230692863464355,0.4821269512176513
QA_8904,QA,PNT3,thế nào,răng,Interrogatives,3.640942335128784,4.907097339630127,1.2661550045013428
QA_8904,QA,PNT4,như thế nào,ra ren,Interrogatives,3.640942335128784,4.782867431640625,1.1419250965118408
QA_8904,QA,PNT4,và sự,với,Connectives/Aspect markers,3.640942335128784,4.173349857330322,0.5324075222015381
QA_9223,QA,PNN,không,hông,Negation/Function words,4.523305416107178,4.696523189544678,0.1732177734375
QA_9223,QA,PNT2,đã,đạ,Connectives/Aspect markers,4.523305416107178,4.954076766967773,0.4307713508605957
QA_9223,QA,PNT2,không,nỏ,Negation/Function words,4.523305416107178,4.970044136047363,0.4467387199401855
QA_9223,QA,PNT4,phần lớn,đa số,Predicate vocabulary,4.523305416107178,4.663194179534912,0.1398887634277343
QA_9223,QA,PNT4,nào,mô,Interrogatives,4.523305416107178,4.748501300811768,0.2251958847045898
QA_9483,QA,PNN,sự việc,vụ,Predicate vocabulary,3.184466600418091,3.3057162761688232,0.1212496757507324
QA_9483,QA,PNN,vào,hồi,Connectives/Aspect markers,3.184466600418091,3.334639310836792,0.1501727104187011
QA_9483,QA,PNN,không,hông,Negation/Function words,3.184466600418091,3.6087536811828618,0.4242870807647705
QA_9483,QA,PNT2,không,nỏ,Negation/Function words,3.184466600418091,3.7152955532073975,0.5308289527893066
QA_9483,QA,PNT3,sự việc gì,kì vụ chi đạ,Interrogatives,3.184466600418091,4.268577575683594,1.084110975265503
QA_9483,QA,PNT3,vào,vô,Connectives/Aspect markers,3.184466600418091,3.88469123840332,0.7002246379852295
QA_9483,QA,PNT3,đã không,đạ khung,Negation/Function words,3.184466600418091,3.936736583709717,0.752269983291626
QA_9483,QA,PNT4,gì,chi,Interrogatives,3.184466600418091,3.6166608333587646,0.4321942329406738
QA_9520,QA,PNN,các,mấy,Negation/Function words,4.156265735626221,4.372613906860352,0.2163481712341308
QA_9520,QA,PNN,và,với,Connectives/Aspect markers,4.156265735626221,4.5822577476501465,0.4259920120239258
QA_9520,QA,PNN,tại,ở,Predicate vocabulary,4.156265735626221,4.06431245803833,-0.0919532775878906
QA_9520,QA,PNT3,tại đâu,chỗ mô,Interrogatives,4.156265735626221,4.49851655960083,0.3422508239746094
QA_9601,QA,PNN,nhằm,để,Connectives/Aspect markers,2.960329294204712,2.635471820831299,-0.3248574733734131
QA_9601,QA,PNN,và,với,Connectives/Aspect markers,2.960329294204712,3.104645013809204,0.1443157196044922
QA_9601,QA,PNN,khi,lúc,Connectives/Aspect markers,2.960329294204712,3.033759117126465,0.0734298229217529
QA_9601,QA,PNT3,nào,mô rựa,Interrogatives,2.960329294204712,3.736747980117798,0.7764186859130859
QA_9601,QA,PNT4,nào,mô,Interrogatives,2.960329294204712,3.546833753585815,0.5865044593811035
QA_9637,QA,PNN,như thế nào,ra sao,Interrogatives,4.303011417388916,4.399144649505615,0.0961332321166992
QA_9637,QA,PNT1,thế nào,răng,Interrogatives,4.303011417388916,5.0972981452941895,0.7942867279052734
QA_9637,QA,PNT2,vào,vô,Connectives/Aspect markers,4.303011417388916,4.862585067749023,0.5595736503601074
QA_9637,QA,PNT2,như thế nào,a răng,Interrogatives,4.303011417388916,5.014012813568115,0.7110013961791992
QA_9637,QA,PNT3,vào,vô,Connectives/Aspect markers,4.303011417388916,4.862585067749023,0.5595736503601074
QA_9637,QA,PNT3,thế nào,răng,Interrogatives,4.303011417388916,5.0972981452941895,0.7942867279052734
QA_9637,QA,PNT4,như thế nào,ra ren,Interrogatives,4.303011417388916,5.192315101623535,0.8893036842346191
QA_9767,QA,PNN,như thế nào,ra sao,Interrogatives,3.5828638076782227,3.835305213928222,0.25244140625
QA_9767,QA,PNN,ông đến,ổng tới,Kinship/Honorific terms,3.5828638076782227,3.949368715286255,0.3665049076080322
QA_9767,QA,PNT2,như thế nào,a răng,Interrogatives,3.5828638076782227,5.003734588623047,1.4208707809448242
QA_9767,QA,PNT3,thế nào,răng,Interrogatives,3.5828638076782227,4.878326892852783,1.2954630851745603
QA_9767,QA,PNT4,như thế nào,ra ren,Interrogatives,3.5828638076782227,4.850695610046387,1.267831802368164
QA_9767,QA,PNT4,đến,tới,Predicate vocabulary,3.5828638076782227,3.608273983001709,0.0254101753234863
QA_9774,QA,PNN,không,hông,Negation/Function words,4.3501667976379395,4.701504230499268,0.3513374328613281
QA_9774,QA,PNT2,không,nỏ,Negation/Function words,4.3501667976379395,4.812957763671875,0.4627909660339355
QA_9774,QA,PNT3,không,nỏ,Negation/Function words,4.3501667976379395,4.812957763671875,0.4627909660339355
QA_9774,QA,PNT4,nào,mô,Interrogatives,4.3501667976379395,5.195115566253662,0.8449487686157227
SENT_0534,SENT,PNB,dã man,khinh khủng,Idiomatic expressions,4.5274271965026855,4.560287952423096,0.0328607559204101
SENT_0534,SENT,PNB,nhỉ,nghĩ,Discourse particles,4.5274271965026855,4.516879558563232,-0.0105476379394531
SENT_0696,SENT,PNT1,tao,tau,Pronouns,4.5763468742370605,4.693162441253662,0.1168155670166015
SENT_0696,SENT,PNT1,ù,cố,Predicate vocabulary,4.5763468742370605,4.51330041885376,-0.0630464553833007
SENT_0696,SENT,PNT2,tôi,tui,Pronouns,4.5763468742370605,4.649907112121582,0.0735602378845214
SENT_0696,SENT,PNT2,này,ni,Demonstratives/Deixis,4.5763468742370605,4.722757816314697,0.1464109420776367
SENT_0696,SENT,PNT2,nó,hấn,Pronouns,4.5763468742370605,4.633095741271973,0.0567488670349121
SENT_0696,SENT,PNT2,tao,tau,Pronouns,4.5763468742370605,4.693162441253662,0.1168155670166015
SENT_0696,SENT,PNT2,chúng nó,bọn hấn,Pronouns,4.5763468742370605,4.674709796905518,0.098362922668457
SENT_0696,SENT,PNT2,tôi,tui,Pronouns,4.5763468742370605,4.649907112121582,0.0735602378845214
SENT_0814,SENT,PNT1,này,ni,Demonstratives/Deixis,5.286576747894287,5.501801013946533,0.2152242660522461
SENT_0814,SENT,PNT1,kia,di,Demonstratives/Deixis,5.286576747894287,5.473464012145996,0.1868872642517089
SENT_0835,SENT,PNT1,tại sao,răng mà,Interrogatives,4.792160987854004,5.082189559936523,0.2900285720825195
SENT_0835,SENT,PNT1,kia,tê,Demonstratives/Deixis,4.792160987854004,4.89977502822876,0.1076140403747558
SENT_0895,SENT,PNT1,làm,mần,Predicate vocabulary,6.201655864715576,6.046324253082275,-0.1553316116333007
SENT_0895,SENT,PNT2,làm,mần,Predicate vocabulary,6.201655864715576,6.046324253082275,-0.1553316116333007
SENT_0895,SENT,PNT2,người vậy,ngài rứa,Demonstratives/Deixis,6.201655864715576,5.740483283996582,-0.4611725807189941
SENT_0895,SENT,PNT2,hôm nó,bữa hấn,Demonstratives/Deixis,6.201655864715576,6.5133891105651855,0.3117332458496094
SENT_0958,SENT,PNN,tao,tui,Pronouns,4.881076812744141,4.863521575927734,-0.0175552368164062
SENT_0958,SENT,PNN,bọn,tụi,Pronouns,4.881076812744141,4.95381498336792,0.0727381706237793
SENT_0958,SENT,PNN,tao,tui,Pronouns,4.881076812744141,4.863521575927734,-0.0175552368164062
SENT_0958,SENT,PNT1,tao,tau,Pronouns,4.881076812744141,5.182997226715088,0.3019204139709472
SENT_0958,SENT,PNT1,tao,tau,Pronouns,4.881076812744141,5.182997226715088,0.3019204139709472
SENT_1093,SENT,PNB,có,còn,Negation/Function words,5.485020637512207,5.756345748901367,0.2713251113891601
SENT_1093,SENT,PNN,không,hông,Negation/Function words,5.485020637512207,5.730786323547363,0.2457656860351562
SENT_1093,SENT,PNN,không,hông,Negation/Function words,5.485020637512207,5.730786323547363,0.2457656860351562
SENT_1093,SENT,PNN,quả,cú,Predicate vocabulary,5.485020637512207,5.588566303253174,0.1035456657409668
SENT_1093,SENT,PNN,thật đấy,thiệt đó,Predicate vocabulary,5.485020637512207,5.814638614654541,0.329617977142334
SENT_1093,SENT,PNT1,không,chả,Negation/Function words,5.485020637512207,5.907626628875732,0.4226059913635254
SENT_1093,SENT,PNT1,thật đấy,vải luôn ấy,Idiomatic expressions,5.485020637512207,5.839241981506348,0.3542213439941406
SENT_1098,SENT,PNB,vậy,thế,Demonstratives/Deixis,6.258448123931885,6.322359561920166,0.0639114379882812
SENT_1098,SENT,PNN,giống,y chang,Predicate vocabulary,6.258448123931885,6.4627275466918945,0.2042794227600097
SENT_1098,SENT,PNT1,sao,răng mà,Interrogatives,6.258448123931885,6.501142501831055,0.2426943778991699
SENT_1098,SENT,PNT1,tao vậy,tau ri,Pronouns,6.258448123931885,7.89796781539917,1.6395196914672852
SENT_1098,SENT,PNT2,sao,răng,Interrogatives,6.258448123931885,6.975339412689209,0.7168912887573242
SENT_1098,SENT,PNT2,tao vậy,tau rứa,Pronouns,6.258448123931885,6.641353130340576,0.3829050064086914
SENT_1146,SENT,PNB,kêu,bảo,Predicate vocabulary,4.833867073059082,4.845198154449463,0.0113310813903808
SENT_1146,SENT,PNB,liền,ngay,Demonstratives/Deixis,4.833867073059082,4.705562591552734,-0.1283044815063476
SENT_1146,SENT,PNB,không được,chịu,Negation/Function words,4.833867073059082,5.0323615074157715,0.1984944343566894
SENT_1146,SENT,PNN,do mẹ,tại má,Kinship/Honorific terms,4.833867073059082,5.260669231414795,0.4268021583557129
SENT_1146,SENT,PNN,để,đặng,Connectives/Aspect markers,4.833867073059082,4.92270040512085,0.0888333320617675
SENT_1146,SENT,PNN,không,hông,Negation/Function words,4.833867073059082,4.904191017150879,0.0703239440917968
SENT_1146,SENT,PNT1,phân biệt,nhận biết,Predicate vocabulary,4.833867073059082,4.840029716491699,0.0061626434326171
SENT_1146,SENT,PNT2,tao,tau,Pronouns,4.833867073059082,5.032197952270508,0.1983308792114257
SENT_1146,SENT,PNT2,tao,tau,Pronouns,4.833867073059082,5.032197952270508,0.1983308792114257
SENT_1146,SENT,PNT2,tao,tau,Pronouns,4.833867073059082,5.032197952270508,0.1983308792114257
SENT_1146,SENT,PNT2,không,nỏ,Negation/Function words,4.833867073059082,5.010542392730713,0.1766753196716308
SENT_1161,SENT,PNB,tới,đến,Predicate vocabulary,4.785452365875244,4.769576549530029,-0.0158758163452148
SENT_1161,SENT,PNB,tới,đến,Predicate vocabulary,4.785452365875244,4.769576549530029,-0.0158758163452148
SENT_1161,SENT,PNN,không,hông,Negation/Function words,4.785452365875244,4.823002338409424,0.0375499725341796
SENT_1161,SENT,PNN,xem,coi,Predicate vocabulary,4.785452365875244,4.86845064163208,0.0829982757568359
SENT_1161,SENT,PNT1,tao,tau,Pronouns,4.785452365875244,5.070146083831787,0.2846937179565429
SENT_1172,SENT,PNN,nhỉ,ghê,Discourse particles,4.840142726898193,5.33997106552124,0.4998283386230469
SENT_1172,SENT,PNN,mức,cỡ,Predicate vocabulary,4.840142726898193,5.054481506347656,0.2143387794494629
SENT_1172,SENT,PNT1,ta,cơ,Discourse particles,4.840142726898193,4.944172382354736,0.1040296554565429
SENT_1172,SENT,PNT2,đó vậy,nớ rứa,Demonstratives/Deixis,4.840142726898193,5.22420597076416,0.3840632438659668
SENT_1192,SENT,PNB,xơi,ăn,Predicate vocabulary,4.8917236328125,4.9350996017456055,0.0433759689331054
SENT_1192,SENT,PNN,gấu,bồ,Predicate vocabulary,4.8917236328125,4.979584217071533,0.0878605842590332
SENT_1192,SENT,PNN,nhé,nha,Discourse particles,4.8917236328125,4.97676944732666,0.0850458145141601
SENT_1192,SENT,PNN,bố láo,cà chớn,Idiomatic expressions,4.8917236328125,4.7676825523376465,-0.1240410804748535
SENT_1192,SENT,PNN,xơi,ăn,Predicate vocabulary,4.8917236328125,4.9350996017456055,0.0433759689331054
SENT_1192,SENT,PNN,đấy,đó,Demonstratives/Deixis,4.8917236328125,4.905766487121582,0.014042854309082
SENT_1192,SENT,PNT1,tao,tau,Pronouns,4.8917236328125,5.154662132263184,0.2629384994506836
SENT_1192,SENT,PNT2,nhé,nha,Discourse particles,4.8917236328125,4.97676944732666,0.0850458145141601
SENT_1192,SENT,PNT2,tao,tau,Pronouns,4.8917236328125,5.154662132263184,0.2629384994506836
SENT_1192,SENT,PNT2,đấy,đó,Discourse particles,4.8917236328125,4.905766487121582,0.014042854309082
SENT_1222,SENT,PNN,không,hông,Negation/Function words,4.913679122924805,5.002984046936035,0.0893049240112304
SENT_1222,SENT,PNT1,làm,mần,Predicate vocabulary,4.913679122924805,4.856257438659668,-0.0574216842651367
SENT_1222,SENT,PNT1,làm,mần,Predicate vocabulary,4.913679122924805,4.856257438659668,-0.0574216842651367
SENT_1222,SENT,PNT2,tao,tau,Pronouns,4.913679122924805,5.039984703063965,0.1263055801391601
SENT_1222,SENT,PNT2,nó,hấn,Pronouns,4.913679122924805,4.974148750305176,0.060469627380371
SENT_1222,SENT,PNT2,tao,tau,Pronouns,4.913679122924805,5.039984703063965,0.1263055801391601
SENT_1222,SENT,PNT2,tao,tau,Pronouns,4.913679122924805,5.039984703063965,0.1263055801391601
SENT_1222,SENT,PNT2,gì nó,chi hấn,Interrogatives,4.913679122924805,5.03926420211792,0.1255850791931152
SENT_1222,SENT,PNT2,tao,tau,Pronouns,4.913679122924805,5.039984703063965,0.1263055801391601
SENT_1222,SENT,PNT2,nó,hấn,Pronouns,4.913679122924805,4.974148750305176,0.060469627380371
SENT_1222,SENT,PNT2,nó,hấn,Pronouns,4.913679122924805,4.974148750305176,0.060469627380371
SENT_1239,SENT,PNN,không,hông,Negation/Function words,3.9437365531921382,4.145301342010498,0.2015647888183593
SENT_1239,SENT,PNN,không,hông,Negation/Function words,3.9437365531921382,4.145301342010498,0.2015647888183593
SENT_1239,SENT,PNT2,không,nỏ,Negation/Function words,3.9437365531921382,4.577472686767578,0.6337361335754395
SENT_1239,SENT,PNT2,gì,chi,Interrogatives,3.9437365531921382,4.995380401611328,1.0516438484191897
SENT_1239,SENT,PNT2,không,nỏ,Negation/Function words,3.9437365531921382,4.577472686767578,0.6337361335754395
SENT_1239,SENT,PNT2,thấy,chộ,Predicate vocabulary,3.9437365531921382,4.396425247192383,0.4526886940002441
SENT_1239,SENT,PNT3,này,ni,Demonstratives/Deixis,3.9437365531921382,4.759881019592285,0.8161444664001465
SENT_1239,SENT,PNT3,gì,chi,Interrogatives,3.9437365531921382,4.995380401611328,1.0516438484191897
SENT_1239,SENT,PNT3,thấy,chộ,Predicate vocabulary,3.9437365531921382,4.396425247192383,0.4526886940002441
SENT_1338,SENT,PNN,mồm,miệng,Predicate vocabulary,5.781129360198975,6.1415300369262695,0.3604006767272949
SENT_1338,SENT,PNN,rộng toang toác,bô bô,Idiomatic expressions,5.781129360198975,4.948566436767578,-0.8325629234313965
SENT_1338,SENT,PNN,như thế nhỉ,vậy ta,Interrogatives,5.781129360198975,6.742518424987793,0.9613890647888184
SENT_1338,SENT,PNT1,toác,hoang,Predicate vocabulary,5.781129360198975,5.68440580368042,-0.0967235565185546
SENT_1338,SENT,PNT1,thế nhỉ,rứa nhể,Demonstratives/Deixis,5.781129360198975,5.943967342376709,0.1628379821777343
SENT_1338,SENT,PNT2,này,ni,Demonstratives/Deixis,5.781129360198975,6.298333644866943,0.5172042846679688
SENT_1338,SENT,PNT2,nó,hấn,Pronouns,5.781129360198975,6.201720237731934,0.420590877532959
SENT_1338,SENT,PNT2,thế nhỉ,rứa hầy,Demonstratives/Deixis,5.781129360198975,5.976733207702637,0.1956038475036621
SENT_1338,SENT,PNT3,sao,răng,Interrogatives,5.781129360198975,5.377546787261963,-0.4035825729370117
SENT_1338,SENT,PNT3,này,ni,Demonstratives/Deixis,5.781129360198975,6.298333644866943,0.5172042846679688
SENT_1338,SENT,PNT3,nó,hắn,Pronouns,5.781129360198975,5.870688438415527,0.0895590782165527
SENT_1338,SENT,PNT3,thế nhỉ,rứa hè,Idiomatic expressions,5.781129360198975,6.117331504821777,0.3362021446228027
SENT_1410,SENT,PNN,hôm,bữa,Predicate vocabulary,5.133254528045654,5.207064628601074,0.0738101005554199
SENT_1410,SENT,PNN,vào,vô,Connectives/Aspect markers,5.133254528045654,5.3896164894104,0.2563619613647461
SENT_1410,SENT,PNN,ngờ,dè,Predicate vocabulary,5.133254528045654,5.043785095214844,-0.0894694328308105
SENT_1410,SENT,PNN,không,hông,Negation/Function words,5.133254528045654,5.262945652008057,0.1296911239624023
SENT_1410,SENT,PNT1,tao,tau,Pronouns,5.133254528045654,5.524867057800293,0.3916125297546386
SENT_1410,SENT,PNT1,nó,hấn,Pronouns,5.133254528045654,5.253044605255127,0.1197900772094726
SENT_1410,SENT,PNT1,tao,tau,Pronouns,5.133254528045654,5.524867057800293,0.3916125297546386
SENT_1410,SENT,PNT2,hôm tao,bựa tau,Pronouns,5.133254528045654,5.54660177230835,0.4133472442626953
SENT_1410,SENT,PNT2,vào,vô,Connectives/Aspect markers,5.133254528045654,5.3896164894104,0.2563619613647461
SENT_1410,SENT,PNT2,vào,vô,Connectives/Aspect markers,5.133254528045654,5.3896164894104,0.2563619613647461
SENT_1410,SENT,PNT2,tao không,tau nỏ,Pronouns,5.133254528045654,5.454354763031006,0.3211002349853515
SENT_1410,SENT,PNT3,hôm tao,bựa tau,Pronouns,5.133254528045654,5.54660177230835,0.4133472442626953
SENT_1410,SENT,PNT3,tính,định,Predicate vocabulary,5.133254528045654,5.057950496673584,-0.0753040313720703
SENT_1410,SENT,PNT3,vào,vô kì,Predicate vocabulary,5.133254528045654,5.4484758377075195,0.3152213096618652
SENT_1410,SENT,PNT3,nó,hắn,Pronouns,5.133254528045654,5.208996772766113,0.0757422447204589
SENT_1410,SENT,PNT3,vào,vô,Connectives/Aspect markers,5.133254528045654,5.3896164894104,0.2563619613647461
SENT_1410,SENT,PNT3,tao không,tau nỏ,Pronouns,5.133254528045654,5.454354763031006,0.3211002349853515
SENT_1410,SENT,PNT3,chơi nữa,dởi nựa,Predicate vocabulary,5.133254528045654,5.3856024742126465,0.2523479461669922
SENT_1485,SENT,PNB,chôm,trộm,Predicate vocabulary,5.864556312561035,5.457958698272705,-0.4065976142883301
SENT_1485,SENT,PNN,nhanh thế,lẹ dữ hồi,Predicate vocabulary,5.864556312561035,6.6596598625183105,0.7951035499572754
SENT_1485,SENT,PNT1,chôm,trộm,Predicate vocabulary,5.864556312561035,5.457958698272705,-0.4065976142883301
SENT_1485,SENT,PNT2,sao,răng,Interrogatives,5.864556312561035,6.207763671875,0.3432073593139648
SENT_1485,SENT,PNT2,thế,rứa,Demonstratives/Deixis,5.864556312561035,5.42704963684082,-0.4375066757202148
SENT_1485,SENT,PNT2,chôm,cướp,Predicate vocabulary,5.864556312561035,5.615875244140625,-0.2486810684204101
SENT_1485,SENT,PNT3,sao bắt nhanh thế,răng tóm lẹ rứa,Interrogatives,5.864556312561035,6.178452014923096,0.3138957023620605
SENT_1485,SENT,PNT3,bắt,tóm,Predicate vocabulary,5.864556312561035,6.09915018081665,0.2345938682556152
SENT_1485,SENT,PNT4,thế,rứa,Demonstratives/Deixis,5.864556312561035,5.42704963684082,-0.4375066757202148
SENT_1546,SENT,PNN,không,hông,Negation/Function words,4.780298233032227,4.91234827041626,0.1320500373840332
SENT_1546,SENT,PNT2,nó,hấn,Pronouns,4.780298233032227,5.302703380584717,0.5224051475524902
SENT_1546,SENT,PNT2,đỗ đâu,đậu mô,Interrogatives,4.780298233032227,5.446939468383789,0.6666412353515625
SENT_1546,SENT,PNT2,nó đỗ,hấn đậu,Predicate vocabulary,4.780298233032227,5.429007530212402,0.6487092971801758
SENT_1546,SENT,PNT2,không,nỏ,Negation/Function words,4.780298233032227,5.179401397705078,0.3991031646728515
SENT_1546,SENT,PNT3,nó thích đỗ đâu,hắn ưng đậu mô,Interrogatives,4.780298233032227,5.7222065925598145,0.941908359527588
SENT_1546,SENT,PNT3,nó đỗ mình thích,hắn đậu miềng ưng,Pronouns,4.780298233032227,5.435858726501465,0.6555604934692383
SENT_1546,SENT,PNT3,mình,miềng,Pronouns,4.780298233032227,4.927274703979492,0.1469764709472656
SENT_1546,SENT,PNT3,chứ mình không,chơ miềng nỏ,Pronouns,4.780298233032227,5.179965972900391,0.399667739868164
SENT_1546,SENT,PNT4,nó,hắn,Pronouns,4.780298233032227,5.278669834136963,0.4983716011047363
SENT_1546,SENT,PNT4,nó,hắn,Pronouns,4.780298233032227,5.278669834136963,0.4983716011047363
SENT_1579,SENT,PNB,mắc ói,buồn nôn,Idiomatic expressions,4.475040912628174,4.221853733062744,-0.2531871795654297
SENT_1579,SENT,PNB,đó,đấy,Demonstratives/Deixis,4.475040912628174,4.566334247589111,0.0912933349609375
SENT_1579,SENT,PNN,khi,chừng,Connectives/Aspect markers,4.475040912628174,4.6833720207214355,0.2083311080932617
SENT_1579,SENT,PNN,không,hông,Negation/Function words,4.475040912628174,4.573620319366455,0.0985794067382812
SENT_1579,SENT,PNN,khi,chừng,Connectives/Aspect markers,4.475040912628174,4.6833720207214355,0.2083311080932617
SENT_1579,SENT,PNT1,xò lông,dẩm,Idiomatic expressions,4.475040912628174,4.712305545806885,0.2372646331787109
SENT_1579,SENT,PNT2,nào tao,mô tau,Interrogatives,4.475040912628174,5.2753987312316895,0.8003578186035156
SENT_1579,SENT,PNT2,tao,tau,Pronouns,4.475040912628174,4.964005470275879,0.4889645576477051
SENT_1579,SENT,PNT2,đó tao,nớ tau,Pronouns,4.475040912628174,5.250888347625732,0.7758474349975586
SENT_1579,SENT,PNT3,nào tao nhìn,mô tau chộ,Interrogatives,4.475040912628174,5.340006351470947,0.8649654388427734
SENT_1579,SENT,PNT3,tao không mắc ói,tau nỏ buồn oẹ,Pronouns,4.475040912628174,5.424704074859619,0.9496631622314452
SENT_1579,SENT,PNT3,đó tao,nớ tau,Pronouns,4.475040912628174,5.250888347625732,0.7758474349975586
SENT_1626,SENT,PNN,xem,coi,Predicate vocabulary,5.782120704650879,5.924163818359375,0.1420431137084961
SENT_1626,SENT,PNN,và,với,Connectives/Aspect markers,5.782120704650879,5.706935882568359,-0.0751848220825195
SENT_1626,SENT,PNN,thật,thiệt,Connectives/Aspect markers,5.782120704650879,6.052084445953369,0.2699637413024902
SENT_1626,SENT,PNN,thật đấy,thiệt đó,Predicate vocabulary,5.782120704650879,6.0168609619140625,0.2347402572631836
SENT_1626,SENT,PNT1,này,ni,Demonstratives/Deixis,5.782120704650879,6.115242958068848,0.3331222534179687
SENT_1626,SENT,PNT1,này cơ cực thật đấy,ni khổ kinh,Demonstratives/Deixis,5.782120704650879,6.127991199493408,0.3458704948425293
SENT_1626,SENT,PNT2,này,ni,Demonstratives/Deixis,5.782120704650879,6.115242958068848,0.3331222534179687
SENT_1626,SENT,PNT2,này,ni,Demonstratives/Deixis,5.782120704650879,6.115242958068848,0.3331222534179687
SENT_1626,SENT,PNT3,này,ni,Demonstratives/Deixis,5.782120704650879,6.115242958068848,0.3331222534179687
SENT_1626,SENT,PNT3,và,với,Connectives/Aspect markers,5.782120704650879,5.706935882568359,-0.0751848220825195
SENT_1626,SENT,PNT3,này cơ,ni,Demonstratives/Deixis,5.782120704650879,6.097989559173584,0.3158688545227051
SENT_1626,SENT,PNT3,thật đấy,thiệt á,Predicate vocabulary,5.782120704650879,5.981650352478027,0.1995296478271484
SENT_1626,SENT,PNT4,xem,coi,Predicate vocabulary,5.782120704650879,5.924163818359375,0.1420431137084961
SENT_1626,SENT,PNT4,thật đấy,ghê lắm,Discourse particles,5.782120704650879,5.691715717315674,-0.090404987335205
SENT_1655,SENT,PNN,không,hông,Negation/Function words,5.0598649978637695,5.020977973937988,-0.0388870239257812
SENT_1655,SENT,PNN,đùa,giỡn,Predicate vocabulary,5.0598649978637695,5.157191276550293,0.0973262786865234
SENT_1655,SENT,PNT1,chừng,khéo lại,Predicate vocabulary,5.0598649978637695,5.14695405960083,0.0870890617370605
SENT_1655,SENT,PNT2,chứ,chơ,Connectives/Aspect markers,5.0598649978637695,5.2370781898498535,0.1772131919860839
SENT_1655,SENT,PNT3,chút nhưng,tí đều,Predicate vocabulary,5.0598649978637695,5.371349811553955,0.3114848136901855
SENT_1655,SENT,PNT3,không,coi,Predicate vocabulary,5.0598649978637695,4.83613395690918,-0.2237310409545898
SENT_1655,SENT,PNT3,ấy chứ,đó chơ,Predicate vocabulary,5.0598649978637695,5.128320693969727,0.068455696105957
SENT_1655,SENT,PNT4,ấy chứ,đó bớt,Demonstratives/Deixis,5.0598649978637695,5.088932037353516,0.029067039489746
SENT_1726,SENT,PNB,hết,nữa,Negation/Function words,4.937625408172607,4.937788963317871,0.0001635551452636
SENT_1726,SENT,PNN,lâu lâu,thảng thảng,Predicate vocabulary,4.937625408172607,5.449136734008789,0.5115113258361816
SENT_1726,SENT,PNN,thế này,vậy,Demonstratives/Deixis,4.937625408172607,5.059974670410156,0.1223492622375488
SENT_1726,SENT,PNN,không,hông,Negation/Function words,4.937625408172607,5.03239631652832,0.0947709083557128
SENT_1726,SENT,PNN,xem,coi,Predicate vocabulary,4.937625408172607,4.94297981262207,0.0053544044494628
SENT_1726,SENT,PNT2,thế này,như ri,Demonstratives/Deixis,4.937625408172607,5.3127665519714355,0.3751411437988281
SENT_1726,SENT,PNT2,không,nỏ,Negation/Function words,4.937625408172607,5.208728790283203,0.2711033821105957
SENT_1726,SENT,PNT2,gì,chi,Interrogatives,4.937625408172607,5.208602428436279,0.2709770202636719
SENT_1726,SENT,PNT3,lâu mới,mì,Connectives/Aspect markers,4.937625408172607,5.276429653167725,0.3388042449951172
SENT_1726,SENT,PNT3,thế này,như ri,Demonstratives/Deixis,4.937625408172607,5.3127665519714355,0.3751411437988281
SENT_1726,SENT,PNT3,không,chơ nỏ,Negation/Function words,4.937625408172607,5.189392566680908,0.2517671585083008
SENT_1726,SENT,PNT3,gì,chi,Interrogatives,4.937625408172607,5.208602428436279,0.2709770202636719
SENT_1726,SENT,PNT3,xem,nựa coi,Predicate vocabulary,4.937625408172607,5.124053001403809,0.1864275932312011
SENT_1726,SENT,PNT4,gì,chi,Interrogatives,4.937625408172607,5.208602428436279,0.2709770202636719
SENT_1726,SENT,PNT4,xem,coi,Predicate vocabulary,4.937625408172607,4.94297981262207,0.0053544044494628
SENT_1726,SENT,PNT4,bất hạnh,khổ,Predicate vocabulary,4.937625408172607,4.924121856689453,-0.0135035514831542
SENT_1771,SENT,PNN,thế,vậy,Demonstratives/Deixis,6.2065958976745605,6.137518882751465,-0.0690770149230957
SENT_1771,SENT,PNT1,này,ni,Demonstratives/Deixis,6.2065958976745605,6.992814064025879,0.7862181663513184
SENT_1771,SENT,PNT2,gì,chi,Interrogatives,6.2065958976745605,7.0792412757873535,0.872645378112793
SENT_1771,SENT,PNT2,cái này,cấy ni,Demonstratives/Deixis,6.2065958976745605,7.153350353240967,0.9467544555664062
SENT_1771,SENT,PNT2,thế,rứa,Demonstratives/Deixis,6.2065958976745605,5.76287841796875,-0.4437174797058105
SENT_1771,SENT,PNT3,mày,mi,Pronouns,6.2065958976745605,5.873674392700195,-0.3329215049743652
SENT_1771,SENT,PNT3,gì,chi,Interrogatives,6.2065958976745605,7.0792412757873535,0.872645378112793
SENT_1771,SENT,PNT3,cái này luôn thế,cấy ni rứa,Demonstratives/Deixis,6.2065958976745605,6.218838214874268,0.012242317199707
SENT_1771,SENT,PNT4,thế,rứa,Demonstratives/Deixis,6.2065958976745605,5.76287841796875,-0.4437174797058105
SENT_1894,SENT,PNB,gấu,người yêu,Predicate vocabulary,4.901889801025391,4.724065780639648,-0.1778240203857422
SENT_1894,SENT,PNN,đến việc,tới vụ,Predicate vocabulary,4.901889801025391,5.1324639320373535,0.2305741310119629
SENT_1894,SENT,PNN,gấu,bồ,Predicate vocabulary,4.901889801025391,4.592250823974609,-0.3096389770507812
SENT_1894,SENT,PNN,xem,coi,Predicate vocabulary,4.901889801025391,4.985363960266113,0.0834741592407226
SENT_1894,SENT,PNT1,tao,tau,Pronouns,4.901889801025391,5.143416881561279,0.2415270805358886
SENT_1894,SENT,PNT1,cho,chua,Predicate vocabulary,4.901889801025391,4.957764625549316,0.0558748245239257
SENT_1894,SENT,PNT1,đó,nứ,Demonstratives/Deixis,4.901889801025391,5.070944786071777,0.1690549850463867
SENT_1894,SENT,PNT2,gì,chi,Interrogatives,4.901889801025391,4.956215858459473,0.054326057434082
SENT_1894,SENT,PNT2,tao,tau,Pronouns,4.901889801025391,5.143416881561279,0.2415270805358886
SENT_1894,SENT,PNT2,đó,nớ,Demonstratives/Deixis,4.901889801025391,5.253377437591553,0.3514876365661621
SENT_1894,SENT,PNT2,chơi,nhởi,Predicate vocabulary,4.901889801025391,5.0477681159973145,0.1458783149719238
SENT_1894,SENT,PNT3,gì,chi,Interrogatives,4.901889801025391,4.956215858459473,0.054326057434082
SENT_1894,SENT,PNT3,tao,tau,Pronouns,4.901889801025391,5.143416881561279,0.2415270805358886
SENT_1894,SENT,PNT3,xem,ngó,Predicate vocabulary,4.901889801025391,5.174622535705566,0.2727327346801758
SENT_1894,SENT,PNT3,đó dắt,nớ đắc,Demonstratives/Deixis,4.901889801025391,5.2139129638671875,0.3120231628417969
SENT_1894,SENT,PNT3,chơi,rượng,Predicate vocabulary,4.901889801025391,5.123205661773682,0.221315860748291
SENT_1908,SENT,PNN,thế chân,vậy giò,Idiomatic expressions,5.078012943267822,5.110142707824707,0.0321297645568847
SENT_1908,SENT,PNN,phải,tính,Predicate vocabulary,5.078012943267822,5.525528430938721,0.4475154876708984
SENT_1908,SENT,PNT1,làm sao,mần răng,Interrogatives,5.078012943267822,6.018253803253174,0.9402408599853516
SENT_1908,SENT,PNT2,tao,tau,Pronouns,5.078012943267822,5.645046710968018,0.5670337677001953
SENT_1908,SENT,PNT2,sao,chi,Interrogatives,5.078012943267822,5.954593181610107,0.8765802383422852
SENT_1908,SENT,PNT3,thế chân,rứa cẳng,Predicate vocabulary,5.078012943267822,4.910543441772461,-0.1674695014953613
SENT_1908,SENT,PNT3,tao,tau,Pronouns,5.078012943267822,5.645046710968018,0.5670337677001953
SENT_1908,SENT,PNT3,sao,răng,Interrogatives,5.078012943267822,6.141819953918457,1.0638070106506348
SENT_1908,SENT,PNT3,cái,kì,Negation/Function words,5.078012943267822,5.496689796447754,0.4186768531799316
SENT_1915,SENT,PNN,khi,lúc,Connectives/Aspect markers,5.590160846710205,5.738008975982666,0.1478481292724609
SENT_1915,SENT,PNN,mẹ,má,Kinship/Honorific terms,5.590160846710205,5.996670246124268,0.4065093994140625
SENT_1915,SENT,PNN,không,hông,Negation/Function words,5.590160846710205,5.535425662994385,-0.0547351837158203
SENT_1915,SENT,PNT2,nào mẹ làm,mô mệ mần,Interrogatives,5.590160846710205,6.124654769897461,0.5344939231872559
SENT_1915,SENT,PNT2,này,ni,Demonstratives/Deixis,5.590160846710205,5.905355453491211,0.3151946067810058
SENT_1915,SENT,PNT3,nào mẹ làm,mô mạ mần,Interrogatives,5.590160846710205,6.099503040313721,0.5093421936035156
SENT_1915,SENT,PNT4,nào,mô,Interrogatives,5.590160846710205,6.176150321960449,0.5859894752502441
SENT_1915,SENT,PNT4,này,ni,Demonstratives/Deixis,5.590160846710205,5.905355453491211,0.3151946067810058
SENT_1971,SENT,PNN,đánh,uýnh,Predicate vocabulary,5.974308967590332,6.318388938903809,0.3440799713134765
SENT_1971,SENT,PNT1,đánh,nhể oánh,Predicate vocabulary,5.974308967590332,6.1325297355651855,0.1582207679748535
SENT_1971,SENT,PNT2,này,ni,Demonstratives/Deixis,5.974308967590332,5.862093448638916,-0.112215518951416
SENT_1971,SENT,PNT2,lớn,nậy,Predicate vocabulary,5.974308967590332,6.019110679626465,0.0448017120361328
SENT_1971,SENT,PNT2,sao ấy,răng rứa,Interrogatives,5.974308967590332,6.214326858520508,0.2400178909301757
SENT_1971,SENT,PNT2,không,nỏ,Negation/Function words,5.974308967590332,6.082417964935303,0.1081089973449707
SENT_1971,SENT,PNT2,nó,hấn,Pronouns,5.974308967590332,6.3095011711120605,0.3351922035217285
SENT_1971,SENT,PNT3,này,ni,Demonstratives/Deixis,5.974308967590332,5.862093448638916,-0.112215518951416
SENT_1971,SENT,PNT3,sao ấy,răng á,Interrogatives,5.974308967590332,6.789456367492676,0.8151473999023438
SENT_1971,SENT,PNT3,tụi nó,bọn hắn,Pronouns,5.974308967590332,6.254222393035889,0.2799134254455566
SENT_1971,SENT,PNT4,này,ni,Demonstratives/Deixis,5.974308967590332,5.862093448638916,-0.112215518951416
SENT_1971,SENT,PNT4,sao,ren,Interrogatives,5.974308967590332,6.752110004425049,0.7778010368347168
SENT_1971,SENT,PNT4,nó,hắn,Pronouns,5.974308967590332,6.141062259674072,0.1667532920837402
SENT_2129,SENT,PNB,nào,này,Demonstratives/Deixis,4.950563907623291,4.753596782684326,-0.1969671249389648
SENT_2129,SENT,PNN,và,với,Connectives/Aspect markers,4.950563907623291,5.163208961486816,0.2126450538635254
SENT_2129,SENT,PNN,nhé,nhen,Discourse particles,4.950563907623291,5.1818766593933105,0.2313127517700195
SENT_2129,SENT,PNT1,tao,tau,Pronouns,4.950563907623291,5.365307807922363,0.4147439002990722
SENT_2129,SENT,PNT1,thế nào,ri,Interrogatives,4.950563907623291,5.804389476776123,0.853825569152832
SENT_2129,SENT,PNT2,tao,tau,Pronouns,4.950563907623291,5.365307807922363,0.4147439002990722
SENT_2129,SENT,PNT2,thế nào,răng,Interrogatives,4.950563907623291,5.409445285797119,0.4588813781738281
SENT_2129,SENT,PNT3,tao,tau,Pronouns,4.950563907623291,5.365307807922363,0.4147439002990722
SENT_2129,SENT,PNT3,đã,đạ,Connectives/Aspect markers,4.950563907623291,5.2564616203308105,0.3058977127075195
SENT_2129,SENT,PNT3,thế nào,răng,Interrogatives,4.950563907623291,5.409445285797119,0.4588813781738281
SENT_2129,SENT,PNT3,nhé,nghe,Discourse particles,4.950563907623291,4.971230983734131,0.0206670761108398
SENT_2129,SENT,PNT4,kiểu như thế nào,rứa rồi,Interrogatives,4.950563907623291,4.898305892944336,-0.052258014678955
SENT_2129,SENT,PNT4,nhé,nghe,Discourse particles,4.950563907623291,4.971230983734131,0.0206670761108398
SENT_2148,SENT,PNB,má,mẹ,Kinship/Honorific terms,5.34180212020874,5.359515190124512,0.0177130699157714
SENT_2148,SENT,PNB,thấy mẹ hà,thế không biết,Idiomatic expressions,5.34180212020874,4.843457221984863,-0.4983448982238769
SENT_2148,SENT,PNT1,má,mẹ,Kinship/Honorific terms,5.34180212020874,5.359515190124512,0.0177130699157714
SENT_2148,SENT,PNT1,dữ,ghê,Predicate vocabulary,5.34180212020874,5.0968804359436035,-0.2449216842651367
SENT_2148,SENT,PNT2,nhìn thấy,chộ,Predicate vocabulary,5.34180212020874,5.759474277496338,0.4176721572875976
SENT_2148,SENT,PNT2,đầu,trốc,Predicate vocabulary,5.34180212020874,5.537582874298096,0.1957807540893554
SENT_2148,SENT,PNT2,gì,chi,Interrogatives,5.34180212020874,5.537844657897949,0.1960425376892089
SENT_2148,SENT,PNT2,dữ thấy,tợn bỏ,Predicate vocabulary,5.34180212020874,5.152072429656982,-0.1897296905517578
SENT_2148,SENT,PNT2,hà,rứa,Demonstratives/Deixis,5.34180212020874,5.878481864929199,0.536679744720459
SENT_2148,SENT,PNT3,má,vãi,Kinship/Honorific terms,5.34180212020874,5.570376396179199,0.2285742759704589
SENT_2148,SENT,PNT3,nó,hắn,Pronouns,5.34180212020874,5.416374206542969,0.0745720863342285
SENT_2148,SENT,PNT3,nó,hắn,Pronouns,5.34180212020874,5.416374206542969,0.0745720863342285
SENT_2148,SENT,PNT3,gì,chi,Interrogatives,5.34180212020874,5.537844657897949,0.1960425376892089
SENT_2148,SENT,PNT4,má,mẹ,Kinship/Honorific terms,5.34180212020874,5.359515190124512,0.0177130699157714
SENT_2148,SENT,PNT4,nào,mô,Interrogatives,5.34180212020874,5.857580661773682,0.5157785415649414
SENT_2148,SENT,PNT4,nhìn,ngó,Predicate vocabulary,5.34180212020874,5.342528343200684,0.0007262229919433
SENT_2148,SENT,PNT4,dữ,hung,Predicate vocabulary,5.34180212020874,5.326196193695068,-0.0156059265136718
SENT_2148,SENT,PNT4,hà,rứa,Discourse particles,5.34180212020874,5.878481864929199,0.536679744720459
SENT_2217,SENT,PNN,không,hông,Negation/Function words,4.983551979064941,5.1671295166015625,0.1835775375366211
SENT_2217,SENT,PNN,như thế nào nhỉ,sao ta,Interrogatives,4.983551979064941,5.603248119354248,0.6196961402893066
SENT_2217,SENT,PNT1,thụt,trượt,Predicate vocabulary,4.983551979064941,5.031460762023926,0.0479087829589843
SENT_2217,SENT,PNT2,không,nỏ,Negation/Function words,4.983551979064941,5.730206489562988,0.7466545104980469
SENT_2217,SENT,PNT2,như thế nào nhỉ,a răng biết,Interrogatives,4.983551979064941,6.395998001098633,1.4124460220336914
SENT_2217,SENT,PNT3,không,nọ,Negation/Function words,4.983551979064941,5.575991630554199,0.5924396514892578
SENT_2217,SENT,PNT3,chân,cẳng,Predicate vocabulary,4.983551979064941,5.185836315155029,0.2022843360900879
SENT_2217,SENT,PNT3,như thế nào nhỉ chắc,a răng hè e,Interrogatives,4.983551979064941,6.485650539398193,1.502098560333252
SENT_2217,SENT,PNT3,đến tận rốn,thấu lộ tún,Predicate vocabulary,4.983551979064941,5.457024097442627,0.4734721183776855
SENT_2217,SENT,PNT4,không may,lỡ,Predicate vocabulary,4.983551979064941,4.994165897369385,0.0106139183044433
SENT_2217,SENT,PNT4,như thế nào nhỉ,ren hè,Interrogatives,4.983551979064941,6.633624076843262,1.6500720977783203
SENT_2308,SENT,PNN,ấy,đó,Demonstratives/Deixis,4.371556758880615,4.422553539276123,0.0509967803955078
SENT_2308,SENT,PNN,không,hông,Negation/Function words,4.371556758880615,4.558849334716797,0.1872925758361816
SENT_2308,SENT,PNN,những,mấy,Negation/Function words,4.371556758880615,4.543659687042236,0.1721029281616211
SENT_2308,SENT,PNN,ta,mình,Pronouns,4.371556758880615,4.535315990447998,0.1637592315673828
SENT_2308,SENT,PNN,ngờ,dè,Predicate vocabulary,4.371556758880615,4.518187999725342,0.1466312408447265
SENT_2308,SENT,PNN,chúng ta,tụi mình,Pronouns,4.371556758880615,4.52104377746582,0.149487018585205
SENT_2308,SENT,PNT1,lạ,cách,Predicate vocabulary,4.371556758880615,4.409829139709473,0.0382723808288574
SENT_2308,SENT,PNT3,giờ đây chúng ta,chừ bọn miềng,Pronouns,4.371556758880615,4.814325332641602,0.4427685737609863
SENT_2308,SENT,PNT3,ấy giờ,nớ chừ,Demonstratives/Deixis,4.371556758880615,4.668703556060791,0.2971467971801758
SENT_2308,SENT,PNT3,những,mấy,Negation/Function words,4.371556758880615,4.543659687042236,0.1721029281616211
SENT_2308,SENT,PNT3,này chúng ta,ni bọn miềng,Pronouns,4.371556758880615,5.141521453857422,0.7699646949768066
SENT_2308,SENT,PNT4,giờ đây,bây chừ,Demonstratives/Deixis,4.371556758880615,4.633278846740723,0.2617220878601074
SENT_2308,SENT,PNT4,ấy giờ,đó chừ,Demonstratives/Deixis,4.371556758880615,4.467222690582275,0.0956659317016601
SENT_2308,SENT,PNT4,những,mấy,Negation/Function words,4.371556758880615,4.543659687042236,0.1721029281616211
SENT_2308,SENT,PNT4,đâu,có,Interrogatives,4.371556758880615,4.492198944091797,0.1206421852111816
SENT_2473,SENT,PNN,không,hông,Negation/Function words,5.580686092376709,5.6213154792785645,0.0406293869018554
SENT_2473,SENT,PNN,nhé,nhá,Discourse particles,5.580686092376709,5.451202869415283,-0.1294832229614257
SENT_2473,SENT,PNN,to,bự,Predicate vocabulary,5.580686092376709,5.442253589630127,-0.138432502746582
SENT_2473,SENT,PNN,như thế nào,sao,Interrogatives,5.580686092376709,5.721776485443115,0.1410903930664062
SENT_2473,SENT,PNT1,như thế nào,răng,Interrogatives,5.580686092376709,6.123044013977051,0.5423579216003418
SENT_2473,SENT,PNT2,không,nỏ,Negation/Function words,5.580686092376709,5.7623443603515625,0.1816582679748535
SENT_2473,SENT,PNT2,vậy,rứa,Demonstratives/Deixis,5.580686092376709,5.419789791107178,-0.1608963012695312
SENT_2473,SENT,PNT2,thế nào,răng,Interrogatives,5.580686092376709,6.201666831970215,0.6209807395935059
SENT_2473,SENT,PNT3,đường không,đàng nỏ,Negation/Function words,5.580686092376709,5.5987749099731445,0.0180888175964355
SENT_2473,SENT,PNT3,nên,bơ,Connectives/Aspect markers,5.580686092376709,5.751306056976318,0.1706199645996093
SENT_2473,SENT,PNT3,nhé,nghe,Discourse particles,5.580686092376709,5.563571929931641,-0.0171141624450683
SENT_2473,SENT,PNT3,to vậy,bà là rứa,Demonstratives/Deixis,5.580686092376709,5.467291355133057,-0.1133947372436523
SENT_2473,SENT,PNT3,muốn như thế nào,ưng chi nựa,Interrogatives,5.580686092376709,6.132740020751953,0.5520539283752441
SENT_2473,SENT,PNT4,nhé,nghe,Discourse particles,5.580686092376709,5.563571929931641,-0.0171141624450683
SENT_2473,SENT,PNT4,như thế nào,ren,Interrogatives,5.580686092376709,6.1680908203125,0.587404727935791
SENT_2507,SENT,PNN,thế này,vậy,Demonstratives/Deixis,4.965897083282471,5.045965671539307,0.0800685882568359
SENT_2507,SENT,PNT2,thế này,như ri,Demonstratives/Deixis,4.965897083282471,5.3021745681762695,0.3362774848937988
SENT_2507,SENT,PNT2,gì đâu,cây chi mô,Interrogatives,4.965897083282471,5.4684157371521,0.5025186538696289
SENT_2507,SENT,PNT2,đó,nớ,Demonstratives/Deixis,4.965897083282471,5.123579502105713,0.1576824188232422
SENT_2507,SENT,PNT2,vậy,rứa,Demonstratives/Deixis,4.965897083282471,4.999014377593994,0.0331172943115234
SENT_2507,SENT,PNT3,chứ,chơ,Connectives/Aspect markers,4.965897083282471,4.992208003997803,0.026310920715332
SENT_2507,SENT,PNT3,thế này,ri,Demonstratives/Deixis,4.965897083282471,5.254232883453369,0.2883358001708984
SENT_2507,SENT,PNT3,hồi đó đã,thời nớ,Demonstratives/Deixis,4.965897083282471,5.087631702423096,0.121734619140625
SENT_2507,SENT,PNT3,vậy,rứa,Demonstratives/Deixis,4.965897083282471,4.999014377593994,0.0331172943115234
SENT_2507,SENT,PNT4,vén,kéo,Predicate vocabulary,4.965897083282471,5.099844455718994,0.1339473724365234
SENT_2507,SENT,PNT4,thế này,như ri,Demonstratives/Deixis,4.965897083282471,5.3021745681762695,0.3362774848937988
SENT_2507,SENT,PNT4,gì,chi,Interrogatives,4.965897083282471,5.2166242599487305,0.2507271766662597
SENT_2507,SENT,PNT4,giờ,chừ,Negation/Function words,4.965897083282471,5.148633003234863,0.1827359199523925
SENT_2507,SENT,PNT4,vậy,rứa,Demonstratives/Deixis,4.965897083282471,4.999014377593994,0.0331172943115234
SENT_2515,SENT,PNN,thằng chúng mày,đứa tụi bây,Pronouns,5.313265323638916,6.270761013031006,0.9574956893920898
SENT_2515,SENT,PNN,không,hông,Negation/Function words,5.313265323638916,5.571907997131348,0.2586426734924316
SENT_2515,SENT,PNN,ư,hả,Discourse particles,5.313265323638916,6.394538402557373,1.081273078918457
SENT_2515,SENT,PNT1,mày,mi,Pronouns,5.313265323638916,6.116264343261719,0.8029990196228027
SENT_2515,SENT,PNT2,chúng mày,nhà bây,Pronouns,5.313265323638916,5.843262195587158,0.5299968719482422
SENT_2515,SENT,PNT2,không làm gì,nỏ mần chi,Interrogatives,5.313265323638916,6.348860740661621,1.035595417022705
SENT_2515,SENT,PNT3,chúng mày,bọn mi mà,Pronouns,5.313265323638916,6.058899879455566,0.7456345558166504
SENT_2515,SENT,PNT3,không,nỏ,Negation/Function words,5.313265323638916,5.997532367706299,0.6842670440673828
SENT_2515,SENT,PNT3,gì,chi,Interrogatives,5.313265323638916,5.9316229820251465,0.6183576583862305
SENT_2515,SENT,PNT3,ư,à,Discourse particles,5.313265323638916,5.748870849609375,0.435605525970459
SENT_2515,SENT,PNT4,chúng mày,tụi bây,Pronouns,5.313265323638916,5.684909343719482,0.3716440200805664
SENT_2515,SENT,PNT4,gì,chi,Interrogatives,5.313265323638916,5.9316229820251465,0.6183576583862305
SENT_2515,SENT,PNT4,ư,hả,Discourse particles,5.313265323638916,6.394538402557373,1.081273078918457
SENT_2727,SENT,PNB,đem,mang,Predicate vocabulary,4.787698745727539,4.7715253829956055,-0.0161733627319335
SENT_2727,SENT,PNN,công,mướn,Predicate vocabulary,4.787698745727539,4.702246189117432,-0.0854525566101074
SENT_2727,SENT,PNN,không,hông,Negation/Function words,4.787698745727539,4.831027984619141,0.0433292388916015
SENT_2727,SENT,PNN,vào,vô,Connectives/Aspect markers,4.787698745727539,4.9636030197143555,0.1759042739868164
SENT_2727,SENT,PNN,không,hông,Negation/Function words,4.787698745727539,4.831027984619141,0.0433292388916015
SENT_2727,SENT,PNT2,chứ,chơ,Connectives/Aspect markers,4.787698745727539,4.858285427093506,0.0705866813659668
SENT_2727,SENT,PNT2,gì,chi,Interrogatives,4.787698745727539,5.047492980957031,0.2597942352294922
SENT_2727,SENT,PNT2,nó,bọn,Pronouns,4.787698745727539,4.8351006507873535,0.0474019050598144
SENT_2727,SENT,PNT2,cái này vào,cấy ni vô,Demonstratives/Deixis,4.787698745727539,5.147986888885498,0.360288143157959
SENT_2727,SENT,PNT2,không,nỏ,Negation/Function words,4.787698745727539,5.013626575469971,0.2259278297424316
SENT_2727,SENT,PNT2,làm,mần,Predicate vocabulary,4.787698745727539,4.978133201599121,0.190434455871582
SENT_2727,SENT,PNT2,làm,mần,Predicate vocabulary,4.787698745727539,4.978133201599121,0.190434455871582
SENT_2727,SENT,PNT3,không,nỏ,Negation/Function words,4.787698745727539,5.013626575469971,0.2259278297424316
SENT_2727,SENT,PNT3,chứ,chơ,Connectives/Aspect markers,4.787698745727539,4.858285427093506,0.0705866813659668
SENT_2727,SENT,PNT3,gì,chi,Interrogatives,4.787698745727539,5.047492980957031,0.2597942352294922
SENT_2727,SENT,PNT3,nó,hắn,Pronouns,4.787698745727539,4.8044328689575195,0.0167341232299804
SENT_2727,SENT,PNT3,này vào,ni vô,Demonstratives/Deixis,4.787698745727539,5.064253807067871,0.276555061340332
SENT_2727,SENT,PNT3,không,nỏ,Negation/Function words,4.787698745727539,5.013626575469971,0.2259278297424316
SENT_2727,SENT,PNT3,làm,mần,Predicate vocabulary,4.787698745727539,4.978133201599121,0.190434455871582
SENT_2727,SENT,PNT3,làm,mần,Predicate vocabulary,4.787698745727539,4.978133201599121,0.190434455871582
SENT_2727,SENT,PNT4,gì,chi,Interrogatives,4.787698745727539,5.047492980957031,0.2597942352294922
SENT_2727,SENT,PNT4,nó,hắn,Pronouns,4.787698745727539,4.8044328689575195,0.0167341232299804
SENT_2727,SENT,PNT4,này vào,ni vô,Demonstratives/Deixis,4.787698745727539,5.064253807067871,0.276555061340332
SENT_2727,SENT,PNT4,việc,chuyện,Predicate vocabulary,4.787698745727539,4.890723705291748,0.1030249595642089
SENT_2816,SENT,PNN,không,hông,Negation/Function words,4.18359375,4.372542858123779,0.1889491081237793
SENT_2816,SENT,PNN,không,hông,Negation/Function words,4.18359375,4.372542858123779,0.1889491081237793
SENT_2816,SENT,PNN,nhỉ,ta,Discourse particles,4.18359375,4.770305156707764,0.5867114067077637
SENT_2816,SENT,PNT1,mình,tau,Pronouns,4.18359375,4.698061466217041,0.514467716217041
SENT_2816,SENT,PNT1,nó,hấn,Pronouns,4.18359375,4.992367744445801,0.8087739944458008
SENT_2816,SENT,PNT2,không,nỏ,Negation/Function words,4.18359375,4.933208465576172,0.7496147155761719
SENT_2816,SENT,PNT2,sao nó không,răng hấn nỏ,Interrogatives,4.18359375,6.243303298950195,2.0597095489501953
SENT_2816,SENT,PNT2,nhỉ,hè,Discourse particles,4.18359375,5.051798343658447,0.8682045936584473
SENT_2816,SENT,PNT3,mình không,mềng nỏ,Pronouns,4.18359375,5.540986061096191,1.3573923110961914
SENT_2816,SENT,PNT3,sao nó không,răng hắn khung,Interrogatives,4.18359375,6.244813919067383,2.061220169067383
SENT_2816,SENT,PNT3,nhỉ,hè,Discourse particles,4.18359375,5.051798343658447,0.8682045936584473
SENT_2816,SENT,PNT4,mình,ta,Pronouns,4.18359375,4.723186492919922,0.5395927429199219
SENT_2816,SENT,PNT4,sao,ren,Interrogatives,4.18359375,5.881099224090576,1.6975054740905762
SENT_2816,SENT,PNT4,nhỉ,hỉ,Discourse particles,4.18359375,4.500274658203125,0.316680908203125
SENT_2938,SENT,PNB,rược,đuổi theo,Predicate vocabulary,4.950180530548096,4.455172538757324,-0.4950079917907715
SENT_2938,SENT,PNN,không,hông,Negation/Function words,4.950180530548096,4.921079635620117,-0.0291008949279785
SENT_2938,SENT,PNT1,tao,tau,Pronouns,4.950180530548096,5.358836650848389,0.4086561203002929
SENT_2938,SENT,PNT1,làm gì,mần chi,Interrogatives,4.950180530548096,5.286201477050781,0.3360209465026855
SENT_2938,SENT,PNT1,rược,đuổi,Predicate vocabulary,4.950180530548096,4.8598551750183105,-0.0903253555297851
SENT_2938,SENT,PNT2,tao,tau,Pronouns,4.950180530548096,5.358836650848389,0.4086561203002929
SENT_2938,SENT,PNT2,này,ni,Demonstratives/Deixis,4.950180530548096,5.176517963409424,0.2263374328613281
SENT_2938,SENT,PNT2,gì,chi,Interrogatives,4.950180530548096,5.215939044952393,0.2657585144042969
SENT_2938,SENT,PNT2,nó,hấn,Pronouns,4.950180530548096,5.016144275665283,0.0659637451171875
SENT_2938,SENT,PNT3,tao,tau,Pronouns,4.950180530548096,5.358836650848389,0.4086561203002929
SENT_2938,SENT,PNT3,này,ni,Demonstratives/Deixis,4.950180530548096,5.176517963409424,0.2263374328613281
SENT_2938,SENT,PNT3,nó,hắn,Pronouns,4.950180530548096,4.973229885101318,0.0230493545532226
SENT_2938,SENT,PNT4,tao,ta,Pronouns,4.950180530548096,5.205502033233643,0.2553215026855469
SENT_2938,SENT,PNT4,này,ni,Demonstratives/Deixis,4.950180530548096,5.176517963409424,0.2263374328613281
SENT_2938,SENT,PNT4,gì,chi,Interrogatives,4.950180530548096,5.215939044952393,0.2657585144042969
SENT_2938,SENT,PNT4,rược,đuổi,Predicate vocabulary,4.950180530548096,4.8598551750183105,-0.0903253555297851
SENT_3023,SENT,PNN,kia,đó,Demonstratives/Deixis,4.069830417633057,4.133630752563477,0.0638003349304199
SENT_3023,SENT,PNN,ấy chứ,nít đó chớ,Discourse particles,4.069830417633057,4.117949962615967,0.0481195449829101
SENT_3023,SENT,PNN,thế,vậy,Demonstratives/Deixis,4.069830417633057,4.037846565246582,-0.0319838523864746
SENT_3023,SENT,PNT2,giờ,dừ,Demonstratives/Deixis,4.069830417633057,4.044968128204346,-0.0248622894287109
SENT_3023,SENT,PNT2,mẹ kia,mệ nớ,Pronouns,4.069830417633057,4.463434219360352,0.3936038017272949
SENT_3023,SENT,PNT2,thế,rứa,Demonstratives/Deixis,4.069830417633057,4.154914379119873,0.0850839614868164
SENT_3023,SENT,PNT3,giờ,bựa chừ,Demonstratives/Deixis,4.069830417633057,3.986550331115722,-0.0832800865173339
SENT_3023,SENT,PNT3,cái,kì,Negation/Function words,4.069830417633057,4.273050308227539,0.2032198905944824
SENT_3023,SENT,PNT3,kia mới,nớ mì,Demonstratives/Deixis,4.069830417633057,4.3585429191589355,0.2887125015258789
SENT_3023,SENT,PNT3,con ấy chứ,em đó chơ,Predicate vocabulary,4.069830417633057,4.215644836425781,0.1458144187927246
SENT_3023,SENT,PNT3,trêu đùa quái,chọc đại,Predicate vocabulary,4.069830417633057,4.694847106933594,0.6250166893005371
SENT_3023,SENT,PNT3,thế cũng,rứa cụng,Demonstratives/Deixis,4.069830417633057,4.310589790344238,0.2407593727111816
SENT_3023,SENT,PNT3,mệt,đoạ,Predicate vocabulary,4.069830417633057,4.272114276885986,0.2022838592529297
SENT_3023,SENT,PNT4,quá,kinh,Discourse particles,4.069830417633057,4.17014741897583,0.1003170013427734
SENT_3023,SENT,PNT4,ấy chứ,đó chớ,Demonstratives/Deixis,4.069830417633057,4.105620861053467,0.0357904434204101
SENT_3023,SENT,PNT4,thế,rứa,Demonstratives/Deixis,4.069830417633057,4.154914379119873,0.0850839614868164
SENT_3060,SENT,PNN,không,hông,Negation/Function words,4.849355697631836,4.902886390686035,0.0535306930541992
SENT_3060,SENT,PNN,được,nổi,Predicate vocabulary,4.849355697631836,4.914449691772461,0.065093994140625
SENT_3060,SENT,PNN,không,hông,Negation/Function words,4.849355697631836,4.902886390686035,0.0535306930541992
SENT_3060,SENT,PNN,như,y,Predicate vocabulary,4.849355697631836,5.069046974182129,0.2196912765502929
SENT_3060,SENT,PNT1,không,chả,Negation/Function words,4.849355697631836,4.858778476715088,0.0094227790832519
SENT_3060,SENT,PNT1,sao,răng,Interrogatives,4.849355697631836,5.094439506530762,0.2450838088989257
SENT_3060,SENT,PNT2,vậy,rứa,Demonstratives/Deixis,4.849355697631836,4.891702651977539,0.0423469543457031
SENT_3060,SENT,PNT3,này,ni,Demonstratives/Deixis,4.849355697631836,5.087437152862549,0.2380814552307129
SENT_3060,SENT,PNT3,ghê,thiệt,Connectives/Aspect markers,4.849355697631836,4.925013542175293,0.075657844543457
SENT_3060,SENT,PNT3,sao,răng,Interrogatives,4.849355697631836,5.094439506530762,0.2450838088989257
SENT_3060,SENT,PNT3,vậy,rứa,Demonstratives/Deixis,4.849355697631836,4.891702651977539,0.0423469543457031
SENT_3060,SENT,PNT4,này,ni,Demonstratives/Deixis,4.849355697631836,5.087437152862549,0.2380814552307129
SENT_3060,SENT,PNT4,vẫn,cũng,Connectives/Aspect markers,4.849355697631836,4.800102710723877,-0.0492529869079589
SENT_3060,SENT,PNT4,lắm,gớm,Discourse particles,4.849355697631836,4.777037620544434,-0.0723180770874023
SENT_3060,SENT,PNT4,sao,ren,Interrogatives,4.849355697631836,5.085946083068848,0.2365903854370117
SENT_3060,SENT,PNT4,vậy,rứa,Demonstratives/Deixis,4.849355697631836,4.891702651977539,0.0423469543457031
SENT_3067,SENT,PNN,cha mẹ,ba má,Kinship/Honorific terms,3.8765292167663574,4.338914394378662,0.4623851776123047
SENT_3067,SENT,PNT1,cha,bố,Kinship/Honorific terms,3.8765292167663574,3.8915915489196777,0.0150623321533203
SENT_3067,SENT,PNT1,này,ni,Demonstratives/Deixis,3.8765292167663574,4.493247032165527,0.6167178153991699
SENT_3067,SENT,PNT2,cha mẹ,ba mạ,Kinship/Honorific terms,3.8765292167663574,4.39447546005249,0.5179462432861328
SENT_3067,SENT,PNT2,này,ni,Demonstratives/Deixis,3.8765292167663574,4.493247032165527,0.6167178153991699
SENT_3067,SENT,PNT2,làm,mần,Predicate vocabulary,3.8765292167663574,4.2483134269714355,0.3717842102050781
SENT_3067,SENT,PNT3,này,ni,Demonstratives/Deixis,3.8765292167663574,4.493247032165527,0.6167178153991699
SENT_3094,SENT,PNN,thế kia không,vậy hông,Negation/Function words,4.561831474304199,4.807120323181152,0.2452888488769531
SENT_3094,SENT,PNN,à,hả,Discourse particles,4.561831474304199,5.112657070159912,0.5508255958557129
SENT_3094,SENT,PNN,này,nè,Demonstratives/Deixis,4.561831474304199,4.422458648681641,-0.1393728256225586
SENT_3094,SENT,PNT1,tao,tau,Pronouns,4.561831474304199,5.302412986755371,0.7405815124511719
SENT_3094,SENT,PNT1,tao,tau,Pronouns,4.561831474304199,5.302412986755371,0.7405815124511719
SENT_3094,SENT,PNT2,thế kia không,rứa nỏ,Demonstratives/Deixis,4.561831474304199,4.886621952056885,0.3247904777526855
SENT_3094,SENT,PNT2,tao,tau,Pronouns,4.561831474304199,5.302412986755371,0.7405815124511719
SENT_3094,SENT,PNT2,tao,tau,Pronouns,4.561831474304199,5.302412986755371,0.7405815124511719
SENT_3094,SENT,PNT2,này,nì,Discourse particles,4.561831474304199,4.68747091293335,0.1256394386291504
SENT_3094,SENT,PNT3,thế kia không,in rứa nỏ,Demonstratives/Deixis,4.561831474304199,5.079748630523682,0.5179171562194824
SENT_3094,SENT,PNT3,tao,tau,Pronouns,4.561831474304199,5.302412986755371,0.7405815124511719
SENT_3094,SENT,PNT3,tao,tau,Pronouns,4.561831474304199,5.302412986755371,0.7405815124511719
SENT_3094,SENT,PNT3,này,nì,Discourse particles,4.561831474304199,4.68747091293335,0.1256394386291504
SENT_3094,SENT,PNT4,thế kia,rứa,Demonstratives/Deixis,4.561831474304199,4.620356559753418,0.0585250854492187
SENT_3094,SENT,PNT4,này,nè,Demonstratives/Deixis,4.561831474304199,4.422458648681641,-0.1393728256225586
SENT_3169,SENT,PNN,vâng,dạ,Discourse particles,4.290816783905029,4.5804572105407715,0.2896404266357422
SENT_3169,SENT,PNN,tìm những,kiếm mấy,Predicate vocabulary,4.290816783905029,4.474881172180176,0.1840643882751464
SENT_3169,SENT,PNN,vào,vô,Connectives/Aspect markers,4.290816783905029,4.62998628616333,0.3391695022583008
SENT_3169,SENT,PNN,ấy,đó,Demonstratives/Deixis,4.290816783905029,4.3305439949035645,0.0397272109985351
SENT_3169,SENT,PNT2,vâng,dạ,Discourse particles,4.290816783905029,4.5804572105407715,0.2896404266357422
SENT_3169,SENT,PNT2,đây,dừ,Demonstratives/Deixis,4.290816783905029,4.49567985534668,0.2048630714416504
SENT_3169,SENT,PNT2,vào,vô,Connectives/Aspect markers,4.290816783905029,4.62998628616333,0.3391695022583008
SENT_3169,SENT,PNT2,ấy,nớ,Demonstratives/Deixis,4.290816783905029,4.457278251647949,0.1664614677429199
SENT_3169,SENT,PNT3,giờ đây,chừ,Negation/Function words,4.290816783905029,4.414490699768066,0.1236739158630371
SENT_3169,SENT,PNT3,vào,vô,Connectives/Aspect markers,4.290816783905029,4.62998628616333,0.3391695022583008
SENT_3169,SENT,PNT3,ấy,nớ,Demonstratives/Deixis,4.290816783905029,4.457278251647949,0.1664614677429199
SENT_3169,SENT,PNT4,vâng,dạ,Discourse particles,4.290816783905029,4.5804572105407715,0.2896404266357422
SENT_3169,SENT,PNT4,đây,chừ,Negation/Function words,4.290816783905029,4.426846504211426,0.1360297203063964
SENT_3169,SENT,PNT4,vào,vô,Connectives/Aspect markers,4.290816783905029,4.62998628616333,0.3391695022583008
SENT_3169,SENT,PNT4,ấy,nớ,Demonstratives/Deixis,4.290816783905029,4.457278251647949,0.1664614677429199
SENT_3243,SENT,PNN,đỗ,đậu,Predicate vocabulary,5.029175281524658,5.178491592407227,0.1493163108825683
SENT_3243,SENT,PNN,đỗ,đậu,Predicate vocabulary,5.029175281524658,5.178491592407227,0.1493163108825683
SENT_3243,SENT,PNN,không,hông,Negation/Function words,5.029175281524658,4.960549354553223,-0.0686259269714355
SENT_3243,SENT,PNN,các,mấy,Negation/Function words,5.029175281524658,5.0060296058654785,-0.0231456756591796
SENT_3243,SENT,PNN,thế,vậy,Demonstratives/Deixis,5.029175281524658,5.0428876876831055,0.0137124061584472
SENT_3243,SENT,PNN,ko,hông,Negation/Function words,5.029175281524658,5.006884574890137,-0.0222907066345214
SENT_3243,SENT,PNT1,này,ni,Demonstratives/Deixis,5.029175281524658,5.187539100646973,0.1583638191223144
SENT_3243,SENT,PNT2,này đâu,ni cả,Demonstratives/Deixis,5.029175281524658,5.281652927398682,0.2524776458740234
SENT_3243,SENT,PNT3,đỗ,đậu,Predicate vocabulary,5.029175281524658,5.178491592407227,0.1493163108825683
SENT_3243,SENT,PNT3,đỗ,đậu,Predicate vocabulary,5.029175281524658,5.178491592407227,0.1493163108825683
SENT_3243,SENT,PNT3,chứ đường,chơ đàng,Predicate vocabulary,5.029175281524658,5.038368225097656,0.009192943572998
SENT_3243,SENT,PNT3,các bà đâu,mấy mệ mô,Interrogatives,5.029175281524658,5.177114486694336,0.1479392051696777
SENT_3243,SENT,PNT3,thế,rứa,Demonstratives/Deixis,5.029175281524658,4.926318645477295,-0.1028566360473632
SENT_3243,SENT,PNT3,này đâu,ni mô,Interrogatives,5.029175281524658,5.235199928283691,0.2060246467590332
SENT_3243,SENT,PNT3,nó vừa,hắn bưa bưa,Pronouns,5.029175281524658,5.17549467086792,0.1463193893432617
SENT_3243,SENT,PNT4,đỗ,đậu,Predicate vocabulary,5.029175281524658,5.178491592407227,0.1493163108825683
SENT_3243,SENT,PNT4,đỗ lùi,đậu xích,Predicate vocabulary,5.029175281524658,5.3344292640686035,0.3052539825439453
SENT_3249,SENT,PNB,chế,bà,Kinship/Honorific terms,5.49454402923584,5.160981178283691,-0.3335628509521484
SENT_3249,SENT,PNB,đó kkkk,đấy,Demonstratives/Deixis,5.49454402923584,5.624307632446289,0.1297636032104492
SENT_3249,SENT,PNN,các,mấy,Negation/Function words,5.49454402923584,5.480199813842773,-0.0143442153930664
SENT_3249,SENT,PNN,không,hông,Negation/Function words,5.49454402923584,5.399358749389648,-0.0951852798461914
SENT_3249,SENT,PNT1,nó,hấn,Pronouns,5.49454402923584,5.747491836547852,0.2529478073120117
SENT_3249,SENT,PNT1,các chế,bọn mi,Pronouns,5.49454402923584,5.34683084487915,-0.1477131843566894
SENT_3249,SENT,PNT1,nào,mô,Negation/Function words,5.49454402923584,5.807225227355957,0.3126811981201172
SENT_3249,SENT,PNT3,nó yêu nhâu,hắn ưng chắc,Pronouns,5.49454402923584,5.623353958129883,0.1288099288940429
SENT_3249,SENT,PNT3,các chế ơi,mấy ả nở,Kinship/Honorific terms,5.49454402923584,5.554687976837158,0.0601439476013183
SENT_3249,SENT,PNT3,không,khung,Negation/Function words,5.49454402923584,5.4588236808776855,-0.0357203483581543
SENT_3249,SENT,PNT3,đó,đỏ,Discourse particles,5.49454402923584,5.615018844604492,0.1204748153686523
SENT_3249,SENT,PNT4,các chế,tụi bây,Pronouns,5.49454402923584,5.191286087036133,-0.303257942199707
SENT_3273,SENT,PNB,tao,tâm,Pronouns,5.2482194900512695,5.152553081512451,-0.0956664085388183
SENT_3273,SENT,PNN,những,mấy,Negation/Function words,5.2482194900512695,5.402354717254639,0.1541352272033691
SENT_3273,SENT,PNN,các chau,mấy đứa cháu,Negation/Function words,5.2482194900512695,5.011903762817383,-0.2363157272338867
SENT_3273,SENT,PNN,bẩn,dơ,Predicate vocabulary,5.2482194900512695,5.148142337799072,-0.1000771522521972
SENT_3273,SENT,PNN,không,hông,Negation/Function words,5.2482194900512695,5.382821083068848,0.1346015930175781
SENT_3273,SENT,PNN,lũ,tụi,Pronouns,5.2482194900512695,5.368369102478027,0.1201496124267578
SENT_3273,SENT,PNT1,tao,tâm,Pronouns,5.2482194900512695,5.152553081512451,-0.0956664085388183
SENT_3273,SENT,PNT2,tao,tâm,Pronouns,5.2482194900512695,5.152553081512451,-0.0956664085388183
SENT_3273,SENT,PNT3,những,mấy,Negation/Function words,5.2482194900512695,5.402354717254639,0.1541352272033691
SENT_3273,SENT,PNT3,các,mấy,Negation/Function words,5.2482194900512695,5.2569990158081055,0.0087795257568359
SENT_3273,SENT,PNT3,đó,nớ,Demonstratives/Deixis,5.2482194900512695,5.358404159545898,0.1101846694946289
SENT_3273,SENT,PNT3,lũ,bọn,Pronouns,5.2482194900512695,5.296196460723877,0.0479769706726074
SENT_3273,SENT,PNT4,các chau,mấy cháu,Predicate vocabulary,5.2482194900512695,5.085276126861572,-0.1629433631896972
SENT_3273,SENT,PNT4,bẩn,nhớp,Predicate vocabulary,5.2482194900512695,5.290440082550049,0.0422205924987793
SENT_3427,SENT,PNB,vô,vào,Predicate vocabulary,5.215763568878174,5.0629377365112305,-0.1528258323669433
SENT_3427,SENT,PNN,không,hông,Negation/Function words,5.215763568878174,5.284975051879883,0.0692114830017089
SENT_3427,SENT,PNN,không,hhông,Negation/Function words,5.215763568878174,5.4061760902404785,0.1904125213623047
SENT_3427,SENT,PNT2,nào,chi,Interrogatives,5.215763568878174,5.340543270111084,0.1247797012329101
SENT_3427,SENT,PNT2,nó,hấn,Pronouns,5.215763568878174,5.307366371154785,0.0916028022766113
SENT_3427,SENT,PNT3,nào,chi,Interrogatives,5.215763568878174,5.340543270111084,0.1247797012329101
SENT_3427,SENT,PNT3,nó,hắn,Pronouns,5.215763568878174,5.333428859710693,0.1176652908325195
SENT_3427,SENT,PNT4,nào,chi,Interrogatives,5.215763568878174,5.340543270111084,0.1247797012329101
SENT_3427,SENT,PNT4,nó,hắn,Pronouns,5.215763568878174,5.333428859710693,0.1176652908325195
SENT_3469,SENT,PNN,lúc,hồi,Connectives/Aspect markers,4.725738048553467,4.778906345367432,0.0531682968139648
SENT_3469,SENT,PNN,không,hông,Negation/Function words,4.725738048553467,4.844030857086182,0.1182928085327148
SENT_3469,SENT,PNT2,giờ mới,dừ mì,Predicate vocabulary,4.725738048553467,4.881376266479492,0.1556382179260254
SENT_3469,SENT,PNT2,sao,răng,Interrogatives,4.725738048553467,5.223770618438721,0.4980325698852539
SENT_3469,SENT,PNT2,không,nỏ,Negation/Function words,4.725738048553467,4.950136184692383,0.224398136138916
SENT_3469,SENT,PNT2,nó,hấn,Pronouns,4.725738048553467,4.889475345611572,0.1637372970581054
SENT_3469,SENT,PNT2,nó,hấn,Pronouns,4.725738048553467,4.889475345611572,0.1637372970581054
SENT_3469,SENT,PNT2,bà,mẹ,Kinship/Honorific terms,4.725738048553467,4.676296710968018,-0.0494413375854492
SENT_3469,SENT,PNT3,giờ mới,chừ mì,Demonstratives/Deixis,4.725738048553467,4.91758394241333,0.1918458938598632
SENT_3469,SENT,PNT3,sao,răng,Interrogatives,4.725738048553467,5.223770618438721,0.4980325698852539
SENT_3469,SENT,PNT3,không,nỏ,Negation/Function words,4.725738048553467,4.950136184692383,0.224398136138916
SENT_3469,SENT,PNT3,má nó,mẹ hắn,Kinship/Honorific terms,4.725738048553467,4.773449420928955,0.0477113723754882
SENT_3469,SENT,PNT3,nào cũng,mô cụng,Interrogatives,4.725738048553467,5.188705921173096,0.4629678726196289
SENT_3469,SENT,PNT3,nó,hắn,Pronouns,4.725738048553467,4.9549455642700195,0.2292075157165527
SENT_3469,SENT,PNT3,nữa chắc,nựa e,Predicate vocabulary,4.725738048553467,5.028759479522705,0.3030214309692383
SENT_3469,SENT,PNT3,bà nó,mẹ kì,Kinship/Honorific terms,4.725738048553467,4.899198055267334,0.1734600067138672
SENT_3469,SENT,PNT4,giờ,chừ,Negation/Function words,4.725738048553467,4.867624282836914,0.1418862342834472
SENT_3469,SENT,PNT4,sao,ren,Interrogatives,4.725738048553467,5.2471842765808105,0.5214462280273438
SENT_3469,SENT,PNT4,nào,mô,Interrogatives,4.725738048553467,5.018033504486084,0.2922954559326172
SENT_3469,SENT,PNT4,bà,mẹ,Kinship/Honorific terms,4.725738048553467,4.676296710968018,-0.0494413375854492
SENT_3514,SENT,PNN,ấy,đó,Demonstratives/Deixis,4.627753734588623,4.679521083831787,0.051767349243164
SENT_3514,SENT,PNN,chg,hông,Negation/Function words,4.627753734588623,4.45910120010376,-0.1686525344848632
SENT_3514,SENT,PNN,chúng tôi,tụi tui,Pronouns,4.627753734588623,4.7023749351501465,0.0746212005615234
SENT_3514,SENT,PNN,ấy,đó,Demonstratives/Deixis,4.627753734588623,4.679521083831787,0.051767349243164
SENT_3514,SENT,PNN,không,hông,Negation/Function words,4.627753734588623,4.701467037200928,0.0737133026123046
SENT_3514,SENT,PNT1,chg,chẳng,Negation/Function words,4.627753734588623,4.475467681884766,-0.1522860527038574
SENT_3514,SENT,PNT2,hôm ấy,bữa nớ,Demonstratives/Deixis,4.627753734588623,4.833966255187988,0.2062125205993652
SENT_3514,SENT,PNT2,chúng tôi,bọn tui,Pronouns,4.627753734588623,4.752453327178955,0.124699592590332
SENT_3514,SENT,PNT2,không,nỏ,Negation/Function words,4.627753734588623,4.789023399353027,0.1612696647644043
SENT_3514,SENT,PNT3,hôm ấy,nớ,Demonstratives/Deixis,4.627753734588623,4.732816219329834,0.1050624847412109
SENT_3514,SENT,PNT3,lũ chúng tôi,bọn tau,Pronouns,4.627753734588623,4.872747898101807,0.2449941635131836
SENT_3514,SENT,PNT3,ấy,nớ,Demonstratives/Deixis,4.627753734588623,4.64132022857666,0.0135664939880371
SENT_3514,SENT,PNT3,trông thấy,chộ,Predicate vocabulary,4.627753734588623,4.851535320281982,0.2237815856933593
SENT_3514,SENT,PNT4,ấy,nớ,Demonstratives/Deixis,4.627753734588623,4.64132022857666,0.0135664939880371
SENT_3514,SENT,PNT4,lũ,bọn,Pronouns,4.627753734588623,4.669384002685547,0.0416302680969238
SENT_3514,SENT,PNT4,ấy,nớ,Demonstratives/Deixis,4.627753734588623,4.64132022857666,0.0135664939880371
SENT_3514,SENT,PNT4,trông,nhìn,Predicate vocabulary,4.627753734588623,4.551145076751709,-0.076608657836914
SENT_3520,SENT,PNN,đến,tới,Predicate vocabulary,4.366471290588379,4.396546840667725,0.0300755500793457
SENT_3520,SENT,PNN,đấy,đó,Demonstratives/Deixis,4.366471290588379,4.350648403167725,-0.0158228874206542
SENT_3520,SENT,PNT1,tao,tau,Pronouns,4.366471290588379,4.48693323135376,0.1204619407653808
SENT_3520,SENT,PNT1,mày,mi,Pronouns,4.366471290588379,4.583967208862305,0.2174959182739257
SENT_3520,SENT,PNT1,mày,mi,Pronouns,4.366471290588379,4.583967208862305,0.2174959182739257
SENT_3520,SENT,PNT1,m,mi,Pronouns,4.366471290588379,4.728209495544434,0.3617382049560547
SENT_3520,SENT,PNT1,mày,mi,Pronouns,4.366471290588379,4.583967208862305,0.2174959182739257
SENT_3520,SENT,PNT1,hám,tham,Predicate vocabulary,4.366471290588379,4.447856426239014,0.0813851356506347
SENT_3520,SENT,PNT1,mày,mi,Pronouns,4.366471290588379,4.583967208862305,0.2174959182739257
SENT_3520,SENT,PNT2,mày,mi,Pronouns,4.366471290588379,4.583967208862305,0.2174959182739257
SENT_3520,SENT,PNT2,mày,mi,Pronouns,4.366471290588379,4.583967208862305,0.2174959182739257
SENT_3520,SENT,PNT2,mày,mi,Pronouns,4.366471290588379,4.583967208862305,0.2174959182739257
SENT_3520,SENT,PNT2,mày,mi,Pronouns,4.366471290588379,4.583967208862305,0.2174959182739257
SENT_3520,SENT,PNT3,tao,tau,Pronouns,4.366471290588379,4.48693323135376,0.1204619407653808
SENT_3520,SENT,PNT3,mày,mi,Pronouns,4.366471290588379,4.583967208862305,0.2174959182739257
SENT_3520,SENT,PNT3,mày,mi,Pronouns,4.366471290588379,4.583967208862305,0.2174959182739257
SENT_3520,SENT,PNT3,vậy,rứa,Demonstratives/Deixis,4.366471290588379,4.338253974914551,-0.0282173156738281
SENT_3520,SENT,PNT3,mày,mi,Pronouns,4.366471290588379,4.583967208862305,0.2174959182739257
SENT_3520,SENT,PNT3,đấy,đó,Discourse particles,4.366471290588379,4.350648403167725,-0.0158228874206542
SENT_3520,SENT,PNT3,mày,mi,Pronouns,4.366471290588379,4.583967208862305,0.2174959182739257
SENT_3520,SENT,PNT4,mày,mi,Pronouns,4.366471290588379,4.583967208862305,0.2174959182739257
SENT_3520,SENT,PNT4,đến,tới,Predicate vocabulary,4.366471290588379,4.396546840667725,0.0300755500793457
SENT_3520,SENT,PNT4,mày,mi,Pronouns,4.366471290588379,4.583967208862305,0.2174959182739257
SENT_3520,SENT,PNT4,vậy,rứa,Demonstratives/Deixis,4.366471290588379,4.338253974914551,-0.0282173156738281
SENT_3520,SENT,PNT4,mày,mi,Pronouns,4.366471290588379,4.583967208862305,0.2174959182739257
SENT_3520,SENT,PNT4,đấy,nớ,Demonstratives/Deixis,4.366471290588379,4.550036430358887,0.1835651397705078
SENT_3520,SENT,PNT4,mày,mi,Pronouns,4.366471290588379,4.583967208862305,0.2174959182739257
SENT_3555,SENT,PNB,ta,mình,Pronouns,4.417354583740234,4.437241554260254,0.0198869705200195
SENT_3555,SENT,PNB,cha,bố,Kinship/Honorific terms,4.417354583740234,4.449615001678467,0.0322604179382324
SENT_3555,SENT,PNB,"ta ""","mình""",Pronouns,4.417354583740234,4.478769302368164,0.0614147186279296
SENT_3555,SENT,PNN,ngày,hồi,Predicate vocabulary,4.417354583740234,4.50022029876709,0.0828657150268554
SENT_3555,SENT,PNN,cha mẹ,ba má,Kinship/Honorific terms,4.417354583740234,4.826399326324463,0.4090447425842285
SENT_3555,SENT,PNT2,sao,răng,Interrogatives,4.417354583740234,5.288263320922852,0.8709087371826172
SENT_3555,SENT,PNT2,đó,nớ,Demonstratives/Deixis,4.417354583740234,4.724192142486572,0.3068375587463379
SENT_3555,SENT,PNT2,thế này thế kia,như ri như rứa,Demonstratives/Deixis,4.417354583740234,5.14664363861084,0.7292890548706055
SENT_3555,SENT,PNT3,lớn lên,nậy,Predicate vocabulary,4.417354583740234,4.8233113288879395,0.4059567451477051
SENT_3555,SENT,PNT3,sao,răng,Interrogatives,4.417354583740234,5.288263320922852,0.8709087371826172
SENT_3555,SENT,PNT3,đó cha mẹ,nớ bọ mạ,Kinship/Honorific terms,4.417354583740234,4.978826522827148,0.5614719390869141
SENT_3555,SENT,PNT4,đó cha,nớ ba,Demonstratives/Deixis,4.417354583740234,4.728503704071045,0.3111491203308105
SENT_3618,SENT,PNB,nhìu,nhiều,Predicate vocabulary,5.084280014038086,5.3008551597595215,0.2165751457214355
SENT_3618,SENT,PNN,không,hông,Negation/Function words,5.084280014038086,5.118459224700928,0.0341792106628418
SENT_3618,SENT,PNT1,lộn,nhau,Predicate vocabulary,5.084280014038086,4.924196720123291,-0.1600832939147949
SENT_3618,SENT,PNT2,không,nỏ,Negation/Function words,5.084280014038086,5.356961727142334,0.272681713104248
SENT_3618,SENT,PNT2,nó,hấn,Pronouns,5.084280014038086,5.0953545570373535,0.0110745429992675
SENT_3618,SENT,PNT3,bởi vậy,vì rứa nên,Connectives/Aspect markers,5.084280014038086,4.730981826782227,-0.3532981872558594
SENT_3618,SENT,PNT3,nó,hắn,Pronouns,5.084280014038086,5.1949238777160645,0.1106438636779785
SENT_3618,SENT,PNT3,cãi lộn mệt,cại chắc dọc,Predicate vocabulary,5.084280014038086,5.4108147621154785,0.3265347480773926
SENT_3618,SENT,PNT4,vậy,rứa,Demonstratives/Deixis,5.084280014038086,5.162439823150635,0.0781598091125488
SENT_3618,SENT,PNT4,gì,chi,Interrogatives,5.084280014038086,5.310271263122559,0.2259912490844726
SENT_3618,SENT,PNT4,nó,hắn,Pronouns,5.084280014038086,5.1949238777160645,0.1106438636779785
SENT_3670,SENT,PNN,đến,tới,Predicate vocabulary,5.6393303871154785,5.6685967445373535,0.029266357421875
SENT_3670,SENT,PNN,thế nào,sao,Interrogatives,5.6393303871154785,5.633432865142822,-0.0058975219726562
SENT_3670,SENT,PNN,đấy,đó,Demonstratives/Deixis,5.6393303871154785,5.636919021606445,-0.0024113655090332
SENT_3670,SENT,PNT1,thế nào,răng,Interrogatives,5.6393303871154785,5.940208435058594,0.3008780479431152
SENT_3670,SENT,PNT1,mày,mi,Pronouns,5.6393303871154785,5.9303741455078125,0.291043758392334
SENT_3670,SENT,PNT2,thế nào,như răng,Interrogatives,5.6393303871154785,5.920380592346191,0.2810502052307129
SENT_3670,SENT,PNT2,mày,mi,Pronouns,5.6393303871154785,5.9303741455078125,0.291043758392334
SENT_3670,SENT,PNT3,thế nào,răng,Interrogatives,5.6393303871154785,5.940208435058594,0.3008780479431152
SENT_3670,SENT,PNT3,bà,mệ,Kinship/Honorific terms,5.6393303871154785,5.716250896453857,0.0769205093383789
SENT_3670,SENT,PNT3,mày,mi,Pronouns,5.6393303871154785,5.9303741455078125,0.291043758392334
SENT_3670,SENT,PNT3,đấy,đo,Discourse particles,5.6393303871154785,5.811083793640137,0.1717534065246582
SENT_3670,SENT,PNT4,ủi ui,trời ơi,Idiomatic expressions,5.6393303871154785,5.259640216827393,-0.3796901702880859
SENT_3670,SENT,PNT4,đến,tới,Predicate vocabulary,5.6393303871154785,5.6685967445373535,0.029266357421875
SENT_3670,SENT,PNT4,thế nào,ren,Interrogatives,5.6393303871154785,5.95427131652832,0.3149409294128418
SENT_3670,SENT,PNT4,mày,mi,Pronouns,5.6393303871154785,5.9303741455078125,0.291043758392334
SENT_3670,SENT,PNT4,đấy,đó,Demonstratives/Deixis,5.6393303871154785,5.636919021606445,-0.0024113655090332
SENT_3750,SENT,PNN,mẹ,má,Kinship/Honorific terms,5.247165679931641,5.245849132537842,-0.0013165473937988
SENT_3750,SENT,PNN,tốt thật,giỏi thiệt,Predicate vocabulary,5.247165679931641,5.445562839508057,0.198397159576416
SENT_3750,SENT,PNT2,này,ni,Demonstratives/Deixis,5.247165679931641,5.729148864746094,0.4819831848144531
SENT_3750,SENT,PNT2,nữa chứ,nựa chơ,Predicate vocabulary,5.247165679931641,5.738712310791016,0.491546630859375
SENT_3750,SENT,PNT3,mẹ,mạ,Kinship/Honorific terms,5.247165679931641,5.684788227081299,0.4376225471496582
SENT_3750,SENT,PNT3,này,ni,Demonstratives/Deixis,5.247165679931641,5.729148864746094,0.4819831848144531
SENT_3750,SENT,PNT3,thật,thiệt,Connectives/Aspect markers,5.247165679931641,5.399153709411621,0.1519880294799804
SENT_3750,SENT,PNT4,này,ni,Demonstratives/Deixis,5.247165679931641,5.729148864746094,0.4819831848144531
SENT_3750,SENT,PNT4,thật,thiệt,Predicate vocabulary,5.247165679931641,5.399153709411621,0.1519880294799804
SENT_3750,SENT,PNT4,chứ,chớ,Discourse particles,5.247165679931641,5.270079135894775,0.0229134559631347
SENT_3763,SENT,PNB,all,tất cả,Negation/Function words,3.7225501537323,3.5517430305480957,-0.1708071231842041
SENT_3763,SENT,PNN,ấy,đó,Demonstratives/Deixis,3.7225501537323,3.73393440246582,0.0113842487335205
SENT_3763,SENT,PNN,không,hông,Negation/Function words,3.7225501537323,3.78441858291626,0.0618684291839599
SENT_3763,SENT,PNT1,tao,tau,Pronouns,3.7225501537323,3.885140895843506,0.162590742111206
SENT_3763,SENT,PNT1,tao,tau,Pronouns,3.7225501537323,3.885140895843506,0.162590742111206
SENT_3763,SENT,PNT2,tao,tau,Pronouns,3.7225501537323,3.885140895843506,0.162590742111206
SENT_3763,SENT,PNT2,ấy,nớ,Demonstratives/Deixis,3.7225501537323,3.8878467082977295,0.1652965545654297
SENT_3763,SENT,PNT2,tao không,tau nỏ,Pronouns,3.7225501537323,4.078961372375488,0.3564112186431885
SENT_3763,SENT,PNT2,vào,vô,Connectives/Aspect markers,3.7225501537323,3.8644015789031982,0.1418514251708984
SENT_3763,SENT,PNT3,tao,tau,Pronouns,3.7225501537323,3.885140895843506,0.162590742111206
SENT_3763,SENT,PNT3,ấy,nớ,Demonstratives/Deixis,3.7225501537323,3.8878467082977295,0.1652965545654297
SENT_3763,SENT,PNT3,nhưng,chơ đều,Connectives/Aspect markers,3.7225501537323,4.03021764755249,0.3076674938201904
SENT_3763,SENT,PNT4,tao,ta,Pronouns,3.7225501537323,3.812758922576904,0.0902087688446044
SENT_3763,SENT,PNT4,ấy,nớ,Demonstratives/Deixis,3.7225501537323,3.8878467082977295,0.1652965545654297
SENT_3763,SENT,PNT4,tao,ta,Pronouns,3.7225501537323,3.812758922576904,0.0902087688446044
SENT_3763,SENT,PNT4,vào,vô,Connectives/Aspect markers,3.7225501537323,3.8644015789031982,0.1418514251708984
SENT_3814,SENT,PNB,chế,chị,Kinship/Honorific terms,6.282418251037598,5.989673614501953,-0.2927446365356445
SENT_3814,SENT,PNN,thủ,hườm,Predicate vocabulary,6.282418251037598,6.223252296447754,-0.0591659545898437
SENT_3814,SENT,PNT3,thấy chế,ngó chộ chị,Predicate vocabulary,6.282418251037598,6.461698532104492,0.1792802810668945
SENT_3814,SENT,PNT3,nhá,nghe,Discourse particles,6.282418251037598,6.347628116607666,0.0652098655700683
SENT_3814,SENT,PNT4,chế,chị,Kinship/Honorific terms,6.282418251037598,5.989673614501953,-0.2927446365356445
SENT_3814,SENT,PNT4,nhá,nghe,Discourse particles,6.282418251037598,6.347628116607666,0.0652098655700683
SENT_3906,SENT,PNB,la hoài,chửi mãi,Idiomatic expressions,4.463892459869385,4.309185981750488,-0.1547064781188964
SENT_3906,SENT,PNN,không,hông,Negation/Function words,4.463892459869385,4.519592761993408,0.0557003021240234
SENT_3906,SENT,PNN,không,hông,Negation/Function words,4.463892459869385,4.519592761993408,0.0557003021240234
SENT_3906,SENT,PNT2,không,nỏ,Negation/Function words,4.463892459869385,4.784092426300049,0.320199966430664
SENT_3906,SENT,PNT2,chứ,chơ,Connectives/Aspect markers,4.463892459869385,4.514667510986328,0.0507750511169433
SENT_3906,SENT,PNT2,sao,răng,Interrogatives,4.463892459869385,4.689731121063232,0.2258386611938476
SENT_3906,SENT,PNT2,vậy,rứa,Demonstratives/Deixis,4.463892459869385,4.39468240737915,-0.0692100524902343
SENT_3906,SENT,PNT2,vậy,rứa,Demonstratives/Deixis,4.463892459869385,4.39468240737915,-0.0692100524902343
SENT_3906,SENT,PNT3,không,nỏ,Negation/Function words,4.463892459869385,4.784092426300049,0.320199966430664
SENT_3906,SENT,PNT3,mình lúa,miềng ló,Pronouns,4.463892459869385,4.412613391876221,-0.051279067993164
SENT_3906,SENT,PNT3,chứ,chơ,Connectives/Aspect markers,4.463892459869385,4.514667510986328,0.0507750511169433
SENT_3906,SENT,PNT3,mình,miềng,Pronouns,4.463892459869385,4.4421563148498535,-0.0217361450195312
SENT_3906,SENT,PNT3,sao,răng,Interrogatives,4.463892459869385,4.689731121063232,0.2258386611938476
SENT_3906,SENT,PNT3,vậy,rứa,Demonstratives/Deixis,4.463892459869385,4.39468240737915,-0.0692100524902343
SENT_3906,SENT,PNT3,anh chồng la hoài là vậy,eng dông nạt mãi mà rứa tê,Kinship/Honorific terms,4.463892459869385,4.716310024261475,0.2524175643920898
SENT_3906,SENT,PNT4,sao,ren,Interrogatives,4.463892459869385,4.712201118469238,0.2483086585998535
SENT_3906,SENT,PNT4,vậy,rứa,Demonstratives/Deixis,4.463892459869385,4.39468240737915,-0.0692100524902343
SENT_3906,SENT,PNT4,hoài,miết,Predicate vocabulary,4.463892459869385,4.6399455070495605,0.1760530471801757
SENT_3906,SENT,PNT4,vậy,rứa,Demonstratives/Deixis,4.463892459869385,4.39468240737915,-0.0692100524902343
SENT_3910,SENT,PNN,xem,coi,Predicate vocabulary,5.329254150390625,5.512732028961182,0.1834778785705566
SENT_3910,SENT,PNN,không,hông,Negation/Function words,5.329254150390625,5.442393779754639,0.1131396293640136
SENT_3910,SENT,PNT1,tao,tau,Pronouns,5.329254150390625,5.941619873046875,0.61236572265625
SENT_3910,SENT,PNT2,này,ni,Demonstratives/Deixis,5.329254150390625,5.577568531036377,0.2483143806457519
SENT_3910,SENT,PNT2,vào,vô,Connectives/Aspect markers,5.329254150390625,5.5831427574157715,0.2538886070251465
SENT_3910,SENT,PNT2,chứ,chơ,Connectives/Aspect markers,5.329254150390625,5.476000785827637,0.1467466354370117
SENT_3910,SENT,PNT2,không,nỏ,Negation/Function words,5.329254150390625,5.820450305938721,0.4911961555480957
SENT_3910,SENT,PNT3,t,tau,Pronouns,5.329254150390625,5.458230972290039,0.128976821899414
SENT_3910,SENT,PNT3,này,ni,Demonstratives/Deixis,5.329254150390625,5.577568531036377,0.2483143806457519
SENT_3910,SENT,PNT3,vào,vô,Connectives/Aspect markers,5.329254150390625,5.5831427574157715,0.2538886070251465
SENT_3910,SENT,PNT3,chứ,chơ,Connectives/Aspect markers,5.329254150390625,5.476000785827637,0.1467466354370117
SENT_3910,SENT,PNT3,tao,tau,Pronouns,5.329254150390625,5.941619873046875,0.61236572265625
SENT_3910,SENT,PNT4,này,ni,Demonstratives/Deixis,5.329254150390625,5.577568531036377,0.2483143806457519
SENT_3910,SENT,PNT4,vào,vô,Connectives/Aspect markers,5.329254150390625,5.5831427574157715,0.2538886070251465
SENT_3910,SENT,PNT4,chứ,chớ,Discourse particles,5.329254150390625,5.396182537078857,0.0669283866882324
SENT_3910,SENT,PNT4,tao,ta,Pronouns,5.329254150390625,5.626302242279053,0.2970480918884277
SENT_4003,SENT,PNB,nghề nghiệp,manh áo của,Idiomatic expressions,5.321338653564453,5.224530220031738,-0.0968084335327148
SENT_4003,SENT,PNN,không,hông,Negation/Function words,5.321338653564453,5.372345447540283,0.05100679397583
SENT_4003,SENT,PNN,ấy,á,Demonstratives/Deixis,5.321338653564453,5.471742630004883,0.1504039764404297
SENT_4003,SENT,PNN,bố đời ấy,làm phách đó,Idiomatic expressions,5.321338653564453,5.2471113204956055,-0.0742273330688476
SENT_4003,SENT,PNT2,sao,răng,Interrogatives,5.321338653564453,5.612730503082275,0.2913918495178222
SENT_4003,SENT,PNT2,không,nỏ,Negation/Function words,5.321338653564453,5.478246688842773,0.1569080352783203
SENT_4003,SENT,PNT2,chứ đâu,chơ mô,Interrogatives,5.321338653564453,5.5596137046813965,0.2382750511169433
SENT_4003,SENT,PNT2,cái,cấy,Negation/Function words,5.321338653564453,5.408528804779053,0.0871901512145996
SENT_4003,SENT,PNT2,ấy,nớ,Demonstratives/Deixis,5.321338653564453,5.4294962882995605,0.1081576347351074
SENT_4003,SENT,PNT3,đã sao,đạ răng,Interrogatives,5.321338653564453,5.601558685302734,0.2802200317382812
SENT_4003,SENT,PNT3,người ta,họ,Pronouns,5.321338653564453,5.435890197753906,0.1145515441894531
SENT_4003,SENT,PNT3,không thích,nỏ ưng,Negation/Function words,5.321338653564453,5.404802322387695,0.0834636688232421
SENT_4003,SENT,PNT3,chứ đâu,chơ mô,Interrogatives,5.321338653564453,5.5596137046813965,0.2382750511169433
SENT_4003,SENT,PNT3,cái,kì,Negation/Function words,5.321338653564453,5.552762031555176,0.2314233779907226
SENT_4003,SENT,PNT4,đã sao,ren,Interrogatives,5.321338653564453,5.9171857833862305,0.5958471298217773
SENT_4003,SENT,PNT4,thích,ưng,Predicate vocabulary,5.321338653564453,5.245548725128174,-0.0757899284362793
SENT_4003,SENT,PNT4,ấy,nớ,Demonstratives/Deixis,5.321338653564453,5.4294962882995605,0.1081576347351074
SENT_4003,SENT,PNT4,ấy,nớ,Demonstratives/Deixis,5.321338653564453,5.4294962882995605,0.1081576347351074
SENT_4035,SENT,PNB,hên xui,may rủi,Idiomatic expressions,4.1125054359436035,4.020386219024658,-0.0921192169189453
SENT_4035,SENT,PNB,heo,lợn,Predicate vocabulary,4.1125054359436035,4.17660665512085,0.0641012191772461
SENT_4035,SENT,PNB,heo,lợn,Predicate vocabulary,4.1125054359436035,4.17660665512085,0.0641012191772461
SENT_4035,SENT,PNB,hay,tốt,Predicate vocabulary,4.1125054359436035,4.106125831604004,-0.0063796043395996
SENT_4035,SENT,PNN,quá,ghê,Predicate vocabulary,4.1125054359436035,4.179305553436279,0.0668001174926757
SENT_4035,SENT,PNN,cả,nguyên,Negation/Function words,4.1125054359436035,4.243014812469482,0.1305093765258789
SENT_4035,SENT,PNN,không,hông,Negation/Function words,4.1125054359436035,4.161495685577393,0.048990249633789
SENT_4035,SENT,PNN,thời gian,lúc,Predicate vocabulary,4.1125054359436035,4.332916736602783,0.2204113006591797
SENT_4035,SENT,PNN,các,mấy,Negation/Function words,4.1125054359436035,4.14897346496582,0.0364680290222168
SENT_4035,SENT,PNT1,sao,răng,Interrogatives,4.1125054359436035,4.470248222351074,0.3577427864074707
SENT_4035,SENT,PNT1,gì,chi,Interrogatives,4.1125054359436035,4.234385013580322,0.1218795776367187
SENT_4035,SENT,PNT2,giờ,dừ,Demonstratives/Deixis,4.1125054359436035,4.207024097442627,0.0945186614990234
SENT_4035,SENT,PNT2,chứ,chơ,Connectives/Aspect markers,4.1125054359436035,4.195035934448242,0.0825304985046386
SENT_4035,SENT,PNT2,heo,lợn,Predicate vocabulary,4.1125054359436035,4.17660665512085,0.0641012191772461
SENT_4035,SENT,PNT2,gì,chi,Interrogatives,4.1125054359436035,4.234385013580322,0.1218795776367187
SENT_4035,SENT,PNT2,sao,răng,Interrogatives,4.1125054359436035,4.470248222351074,0.3577427864074707
SENT_4035,SENT,PNT2,heo,lợn,Predicate vocabulary,4.1125054359436035,4.17660665512085,0.0641012191772461
SENT_4035,SENT,PNT2,này,ni,Demonstratives/Deixis,4.1125054359436035,4.317298889160156,0.2047934532165527
SENT_4035,SENT,PNT3,giờ,chừ,Negation/Function words,4.1125054359436035,4.131851673126221,0.0193462371826171
SENT_4035,SENT,PNT3,chứ,chơ,Connectives/Aspect markers,4.1125054359436035,4.195035934448242,0.0825304985046386
SENT_4035,SENT,PNT3,gì,chi,Interrogatives,4.1125054359436035,4.234385013580322,0.1218795776367187
SENT_4035,SENT,PNT3,sao,răng,Interrogatives,4.1125054359436035,4.470248222351074,0.3577427864074707
SENT_4035,SENT,PNT3,này,ni,Demonstratives/Deixis,4.1125054359436035,4.317298889160156,0.2047934532165527
SENT_4035,SENT,PNT4,sao,ren,Interrogatives,4.1125054359436035,4.450017929077148,0.3375124931335449
SENT_4035,SENT,PNT4,gì,chi,Interrogatives,4.1125054359436035,4.234385013580322,0.1218795776367187
SENT_4035,SENT,PNT4,sao,ren,Interrogatives,4.1125054359436035,4.450017929077148,0.3375124931335449
SENT_4035,SENT,PNT4,này,ni,Demonstratives/Deixis,4.1125054359436035,4.317298889160156,0.2047934532165527
SENT_4057,SENT,PNN,đến,tới,Predicate vocabulary,4.007944583892822,4.073125839233398,0.0651812553405761
SENT_4057,SENT,PNN,không,hông,Negation/Function words,4.007944583892822,4.111740589141846,0.1037960052490234
SENT_4057,SENT,PNN,việc ông ấy,vụ ổng,Predicate vocabulary,4.007944583892822,4.595727920532227,0.5877833366394043
SENT_4057,SENT,PNN,như thế nào,ra sao,Interrogatives,4.007944583892822,4.158369541168213,0.1504249572753906
SENT_4057,SENT,PNN,nhé,nha,Discourse particles,4.007944583892822,4.056637763977051,0.0486931800842285
SENT_4057,SENT,PNT1,mình,tau,Pronouns,4.007944583892822,4.22671365737915,0.2187690734863281
SENT_4057,SENT,PNT1,ấy,nứ,Demonstratives/Deixis,4.007944583892822,4.458592414855957,0.4506478309631347
SENT_4057,SENT,PNT2,không,nỏ,Negation/Function words,4.007944583892822,4.512706756591797,0.5047621726989746
SENT_4057,SENT,PNT2,gì,chi,Interrogatives,4.007944583892822,4.196901321411133,0.1889567375183105
SENT_4057,SENT,PNT2,ấy,nớ,Demonstratives/Deixis,4.007944583892822,4.586134433746338,0.5781898498535156
SENT_4057,SENT,PNT2,người như thế nào,ngài a răng,Interrogatives,4.007944583892822,4.663599967956543,0.6556553840637207
SENT_4057,SENT,PNT2,nhé,nha,Discourse particles,4.007944583892822,4.056637763977051,0.0486931800842285
SENT_4057,SENT,PNT3,mình,miềng,Pronouns,4.007944583892822,4.2221198081970215,0.2141752243041992
SENT_4057,SENT,PNT3,chứ không,chơ khung,Negation/Function words,4.007944583892822,4.579326152801514,0.5713815689086914
SENT_4057,SENT,PNT3,gì,chi,Interrogatives,4.007944583892822,4.196901321411133,0.1889567375183105
SENT_4057,SENT,PNT3,ấy,nớ,Demonstratives/Deixis,4.007944583892822,4.586134433746338,0.5781898498535156
SENT_4057,SENT,PNT3,thế nào,răng,Interrogatives,4.007944583892822,4.651817321777344,0.6438727378845215
SENT_4057,SENT,PNT3,nhé,nghe,Discourse particles,4.007944583892822,4.020127296447754,0.0121827125549316
SENT_4057,SENT,PNT4,đến,tới,Predicate vocabulary,4.007944583892822,4.073125839233398,0.0651812553405761
SENT_4057,SENT,PNT4,chứ,chớ,Discourse particles,4.007944583892822,4.070906162261963,0.0629615783691406
SENT_4057,SENT,PNT4,gì,chi,Interrogatives,4.007944583892822,4.196901321411133,0.1889567375183105
SENT_4057,SENT,PNT4,ấy,nớ,Demonstratives/Deixis,4.007944583892822,4.586134433746338,0.5781898498535156
SENT_4057,SENT,PNT4,như thế nào,ra ren,Interrogatives,4.007944583892822,4.827335834503174,0.8193912506103516
SENT_4084,SENT,PNN,quá,dữ,Predicate vocabulary,5.872800827026367,5.959433555603027,0.0866327285766601
SENT_4084,SENT,PNT1,tao,tau,Pronouns,5.872800827026367,7.345966815948486,1.4731659889221191
SENT_4084,SENT,PNT2,này,ni,Demonstratives/Deixis,5.872800827026367,7.092161178588867,1.2193603515625
SENT_4084,SENT,PNT2,tao quá vậy,tau rứa,Pronouns,5.872800827026367,6.539130210876465,0.6663293838500977
SENT_4084,SENT,PNT3,này sao,ni răng,Interrogatives,5.872800827026367,8.361838340759277,2.48903751373291
SENT_4084,SENT,PNT3,tao quá vậy,tau rứa he,Pronouns,5.872800827026367,6.540605068206787,0.6678042411804199
SENT_4084,SENT,PNT4,này sao,ni ren,Interrogatives,5.872800827026367,8.360469818115234,2.487668991088867
SENT_4084,SENT,PNT4,quá vậy,ghê rứa,Discourse particles,5.872800827026367,5.112363338470459,-0.7604374885559082
SENT_4150,SENT,PNN,ném vào,quăng vô,Predicate vocabulary,5.051182270050049,5.502860069274902,0.4516777992248535
SENT_4150,SENT,PNT2,nó,hấn,Pronouns,5.051182270050049,5.3413987159729,0.2902164459228515
SENT_4150,SENT,PNT2,vào,vô,Connectives/Aspect markers,5.051182270050049,5.419548988342285,0.3683667182922363
SENT_4150,SENT,PNT2,nó,hấn,Pronouns,5.051182270050049,5.3413987159729,0.2902164459228515
SENT_4150,SENT,PNT2,nó,hấn,Pronouns,5.051182270050049,5.3413987159729,0.2902164459228515
SENT_4150,SENT,PNT2,chứ nó,chơ hấn,Predicate vocabulary,5.051182270050049,5.513729572296143,0.4625473022460937
SENT_4150,SENT,PNT2,gì cái,chi cây,Interrogatives,5.051182270050049,5.383810997009277,0.3326287269592285
SENT_4150,SENT,PNT2,này,ni,Demonstratives/Deixis,5.051182270050049,5.40158748626709,0.350405216217041
SENT_4150,SENT,PNT3,nó,hắn,Pronouns,5.051182270050049,5.285334587097168,0.2341523170471191
SENT_4150,SENT,PNT3,nó,hắn,Pronouns,5.051182270050049,5.285334587097168,0.2341523170471191
SENT_4150,SENT,PNT3,nó,hắn,Pronouns,5.051182270050049,5.285334587097168,0.2341523170471191
SENT_4150,SENT,PNT3,nó,hắn,Pronouns,5.051182270050049,5.285334587097168,0.2341523170471191
SENT_4150,SENT,PNT3,gì cái,chi cấy,Interrogatives,5.051182270050049,5.3280816078186035,0.2768993377685547
SENT_4150,SENT,PNT3,này,ni,Demonstratives/Deixis,5.051182270050049,5.40158748626709,0.350405216217041
SENT_4150,SENT,PNT4,giờ,chừ,Negation/Function words,5.051182270050049,5.221954345703125,0.1707720756530761
SENT_4150,SENT,PNT4,vào,vô,Connectives/Aspect markers,5.051182270050049,5.419548988342285,0.3683667182922363
SENT_4150,SENT,PNT4,gì,chi,Interrogatives,5.051182270050049,5.37666130065918,0.3254790306091308
SENT_4150,SENT,PNT4,này,ni,Demonstratives/Deixis,5.051182270050049,5.40158748626709,0.350405216217041
SENT_4155,SENT,PNN,chúng ta,tụi mình,Pronouns,3.75436806678772,3.711249351501465,-0.0431187152862548
SENT_4155,SENT,PNN,không,hông,Negation/Function words,3.75436806678772,3.996185541152954,0.2418174743652343
SENT_4155,SENT,PNN,có lẽ,hông chừng,Predicate vocabulary,3.75436806678772,3.995835542678833,0.2414674758911132
SENT_4155,SENT,PNN,thật,thiệt,Connectives/Aspect markers,3.75436806678772,4.123569965362549,0.3692018985748291
SENT_4155,SENT,PNT1,nào đó,môđó,Interrogatives,3.75436806678772,4.903784275054932,1.149416208267212
SENT_4155,SENT,PNT2,không,nỏ,Negation/Function words,3.75436806678772,4.235527515411377,0.4811594486236572
SENT_4155,SENT,PNT2,đó,nớ,Demonstratives/Deixis,3.75436806678772,4.301301002502441,0.5469329357147217
SENT_4155,SENT,PNT3,chúng ta,mình,Pronouns,3.75436806678772,3.882647037506103,0.1282789707183838
SENT_4155,SENT,PNT3,đó,nớ,Demonstratives/Deixis,3.75436806678772,4.301301002502441,0.5469329357147217
SENT_4155,SENT,PNT4,nào,mô,Interrogatives,3.75436806678772,4.690483570098877,0.9361155033111572
SENT_4155,SENT,PNT4,đó,nớ,Demonstratives/Deixis,3.75436806678772,4.301301002502441,0.5469329357147217
SENT_4155,SENT,PNT4,thật,thiệt,Predicate vocabulary,3.75436806678772,4.123569965362549,0.3692018985748291
SENT_4160,SENT,PNB,sao,sau,Interrogatives,5.501713275909424,5.357882976531982,-0.1438302993774414
SENT_4160,SENT,PNN,cô,cổ,Pronouns,5.501713275909424,5.855427265167236,0.3537139892578125
SENT_4160,SENT,PNT2,vậy,rứa,Demonstratives/Deixis,5.501713275909424,5.552450180053711,0.0507369041442871
SENT_4160,SENT,PNT2,sao này,sau ni,Demonstratives/Deixis,5.501713275909424,5.867715358734131,0.366002082824707
SENT_4160,SENT,PNT2,cái,cây,Negation/Function words,5.501713275909424,5.748185157775879,0.246471881866455
SENT_4160,SENT,PNT3,nhỉ,he,Discourse particles,5.501713275909424,5.625635623931885,0.1239223480224609
SENT_4160,SENT,PNT3,vậy,rứa,Demonstratives/Deixis,5.501713275909424,5.552450180053711,0.0507369041442871
SENT_4160,SENT,PNT3,sao này,mài bựa,Idiomatic expressions,5.501713275909424,5.631406784057617,0.1296935081481933
SENT_4160,SENT,PNT4,nhỉ,hỉ,Discourse particles,5.501713275909424,5.4377593994140625,-0.0639538764953613
SENT_4160,SENT,PNT4,vậy,rứa,Demonstratives/Deixis,5.501713275909424,5.552450180053711,0.0507369041442871
SENT_4160,SENT,PNT4,sao này,sau ni,Demonstratives/Deixis,5.501713275909424,5.867715358734131,0.366002082824707
SENT_4428,SENT,PNN,mình,tui,Pronouns,4.0065507888793945,4.275781154632568,0.2692303657531738
SENT_4428,SENT,PNN,đến,tới,Predicate vocabulary,4.0065507888793945,4.03842306137085,0.031872272491455
SENT_4428,SENT,PNN,bố mình,ba tui,Pronouns,4.0065507888793945,4.34053373336792,0.3339829444885254
SENT_4428,SENT,PNN,vào,vô,Connectives/Aspect markers,4.0065507888793945,4.218255519866943,0.2117047309875488
SENT_4428,SENT,PNN,bố mình,ba tui,Pronouns,4.0065507888793945,4.34053373336792,0.3339829444885254
SENT_4428,SENT,PNN,mình,tui,Pronouns,4.0065507888793945,4.275781154632568,0.2692303657531738
SENT_4428,SENT,PNT2,cái,cấy,Negation/Function words,4.0065507888793945,4.170464515686035,0.1639137268066406
SENT_4428,SENT,PNT2,vào,vô,Connectives/Aspect markers,4.0065507888793945,4.218255519866943,0.2117047309875488
SENT_4428,SENT,PNT2,vậy,rứa,Demonstratives/Deixis,4.0065507888793945,4.073038101196289,0.0664873123168945
SENT_4428,SENT,PNT3,mình,tau,Pronouns,4.0065507888793945,4.199411392211914,0.1928606033325195
SENT_4428,SENT,PNT3,bố mình,bọ tau,Kinship/Honorific terms,4.0065507888793945,4.406815052032471,0.4002642631530761
SENT_4428,SENT,PNT3,cái,kì,Negation/Function words,4.0065507888793945,4.334649085998535,0.3280982971191406
SENT_4428,SENT,PNT3,vào,vô,Connectives/Aspect markers,4.0065507888793945,4.218255519866943,0.2117047309875488
SENT_4428,SENT,PNT3,bố mình,bọ tau,Kinship/Honorific terms,4.0065507888793945,4.406815052032471,0.4002642631530761
SENT_4428,SENT,PNT3,mình,tau,Pronouns,4.0065507888793945,4.199411392211914,0.1928606033325195
SENT_4428,SENT,PNT3,vậy nên,rứa bơ,Connectives/Aspect markers,4.0065507888793945,4.177519798278809,0.170969009399414
SENT_4428,SENT,PNT4,mình,ta,Pronouns,4.0065507888793945,4.072449207305908,0.0658984184265136
SENT_4428,SENT,PNT4,đến,tới,Predicate vocabulary,4.0065507888793945,4.03842306137085,0.031872272491455
SENT_4428,SENT,PNT4,bố,ba,Kinship/Honorific terms,4.0065507888793945,4.140449047088623,0.1338982582092285
SENT_4428,SENT,PNT4,vào,vô,Connectives/Aspect markers,4.0065507888793945,4.218255519866943,0.2117047309875488
SENT_4428,SENT,PNT4,bố mình,ba ta,Kinship/Honorific terms,4.0065507888793945,4.284090518951416,0.2775397300720215
SENT_4428,SENT,PNT4,mình,ta,Pronouns,4.0065507888793945,4.072449207305908,0.0658984184265136
SENT_4428,SENT,PNT4,vậy,rứa,Demonstratives/Deixis,4.0065507888793945,4.073038101196289,0.0664873123168945
SENT_4445,SENT,PNN,không,hông,Negation/Function words,4.289719104766846,4.347667217254639,0.0579481124877929
SENT_4445,SENT,PNN,mắng,la,Predicate vocabulary,4.289719104766846,4.3100385665893555,0.0203194618225097
SENT_4445,SENT,PNN,kinh,ghê,Predicate vocabulary,4.289719104766846,4.30631685256958,0.0165977478027343
SENT_4445,SENT,PNN,tầng,lầu,Predicate vocabulary,4.289719104766846,4.362182140350342,0.0724630355834961
SENT_4445,SENT,PNN,tầng,lầu,Predicate vocabulary,4.289719104766846,4.362182140350342,0.0724630355834961
SENT_4445,SENT,PNN,tầng,lầu,Predicate vocabulary,4.289719104766846,4.362182140350342,0.0724630355834961
SENT_4445,SENT,PNN,không,xó,Negation/Function words,4.289719104766846,4.65195369720459,0.3622345924377441
SENT_4445,SENT,PNT2,không,nỏ,Negation/Function words,4.289719104766846,4.5657429695129395,0.2760238647460937
SENT_4445,SENT,PNT2,sao,răng,Interrogatives,4.289719104766846,4.575737953186035,0.2860188484191894
SENT_4445,SENT,PNT2,làm,mần,Predicate vocabulary,4.289719104766846,4.364555358886719,0.074836254119873
SENT_4445,SENT,PNT3,không,khung,Negation/Function words,4.289719104766846,4.506808757781982,0.2170896530151367
SENT_4445,SENT,PNT3,mắng,chưởi,Predicate vocabulary,4.289719104766846,4.284361839294434,-0.0053572654724121
SENT_4445,SENT,PNT3,sao,răng,Interrogatives,4.289719104766846,4.575737953186035,0.2860188484191894
SENT_4445,SENT,PNT3,kinh,ghê,Predicate vocabulary,4.289719104766846,4.30631685256958,0.0165977478027343
SENT_4445,SENT,PNT3,trước mẹ,bựa mạ,Kinship/Honorific terms,4.289719104766846,4.288600921630859,-0.0011181831359863
SENT_4445,SENT,PNT3,làm,mần,Predicate vocabulary,4.289719104766846,4.364555358886719,0.074836254119873
SENT_4445,SENT,PNT3,nào cũng,mô cụng,Interrogatives,4.289719104766846,4.775940895080566,0.4862217903137207
SENT_4445,SENT,PNT4,sao,răng,Interrogatives,4.289719104766846,4.575737953186035,0.2860188484191894
SENT_4494,SENT,PNN,mồm,miệng,Predicate vocabulary,5.103007793426514,5.329246520996094,0.22623872756958
SENT_4494,SENT,PNN,vào,vô,Connectives/Aspect markers,5.103007793426514,5.224513053894043,0.1215052604675293
SENT_4494,SENT,PNN,tôi,tui,Pronouns,5.103007793426514,5.160881519317627,0.0578737258911132
SENT_4494,SENT,PNN,không,hông,Negation/Function words,5.103007793426514,5.209513187408447,0.1065053939819336
SENT_4494,SENT,PNT1,tát,vả,Predicate vocabulary,5.103007793426514,5.16335916519165,0.0603513717651367
SENT_4494,SENT,PNT2,tôi,tau,Pronouns,5.103007793426514,5.451636791229248,0.3486289978027344
SENT_4494,SENT,PNT3,cái,kì,Negation/Function words,5.103007793426514,5.373455047607422,0.2704472541809082
SENT_4494,SENT,PNT3,vào,vô,Connectives/Aspect markers,5.103007793426514,5.224513053894043,0.1215052604675293
SENT_4494,SENT,PNT3,nếu tôi,tau mà,Pronouns,5.103007793426514,5.479511737823486,0.3765039443969726
SENT_4494,SENT,PNT3,không trượt,nỏ lệch,Negation/Function words,5.103007793426514,5.153550148010254,0.0505423545837402
SENT_4494,SENT,PNT4,mồm,mỏ,Predicate vocabulary,5.103007793426514,5.22016716003418,0.117159366607666
SENT_4494,SENT,PNT4,vào,vô,Connectives/Aspect markers,5.103007793426514,5.224513053894043,0.1215052604675293
SENT_4494,SENT,PNT4,cô ấy,cổ,Pronouns,5.103007793426514,5.424421310424805,0.321413516998291
SENT_4494,SENT,PNT4,nào,mô,Interrogatives,5.103007793426514,5.250554084777832,0.1475462913513183
SENT_4519,SENT,PNN,lợn,heo,Predicate vocabulary,4.146884441375732,4.273521900177002,0.1266374588012695
SENT_4519,SENT,PNN,vào,vô,Connectives/Aspect markers,4.146884441375732,4.381767749786377,0.2348833084106445
SENT_4519,SENT,PNN,đấy,đó,Demonstratives/Deixis,4.146884441375732,4.129611015319824,-0.0172734260559082
SENT_4519,SENT,PNN,ông bà đấy thế nào,ổng bả ra sao,Kinship/Honorific terms,4.146884441375732,4.323775768280029,0.1768913269042968
SENT_4519,SENT,PNT1,này,ni,Demonstratives/Deixis,4.146884441375732,4.495401859283447,0.3485174179077148
SENT_4519,SENT,PNT1,đấy,nứ,Demonstratives/Deixis,4.146884441375732,4.521379470825195,0.3744950294494629
SENT_4519,SENT,PNT2,này vào,ni vô,Demonstratives/Deixis,4.146884441375732,4.656524658203125,0.5096402168273926
SENT_4519,SENT,PNT2,đấy,nớ,Demonstratives/Deixis,4.146884441375732,4.586094856262207,0.4392104148864746
SENT_4519,SENT,PNT2,đấy thế nào,nớ như răng,Interrogatives,4.146884441375732,4.659069538116455,0.5121850967407227
SENT_4519,SENT,PNT3,này vào đĩa,ni vô dịa,Demonstratives/Deixis,4.146884441375732,4.97626256942749,0.8293781280517578
SENT_4519,SENT,PNT3,bà đấy,mệ nớ,Pronouns,4.146884441375732,4.861352920532227,0.7144684791564941
SENT_4519,SENT,PNT3,xem,coi,Predicate vocabulary,4.146884441375732,4.257290363311768,0.1104059219360351
SENT_4519,SENT,PNT3,bà đấy thế nào,mệ nớ ra răng,Kinship/Honorific terms,4.146884441375732,4.911905288696289,0.7650208473205566
SENT_4519,SENT,PNT4,này vào,ni vô,Demonstratives/Deixis,4.146884441375732,4.656524658203125,0.5096402168273926
SENT_4550,SENT,PNN,không nhầm hôm,hông lầm bữa,Demonstratives/Deixis,5.344405174255371,5.5682549476623535,0.2238497734069824
SENT_4550,SENT,PNN,đến,tới,Predicate vocabulary,5.344405174255371,5.347998142242432,0.0035929679870605
SENT_4550,SENT,PNN,không,hông,Negation/Function words,5.344405174255371,5.387640476226807,0.0432353019714355
SENT_4550,SENT,PNN,nhỉ,hen,Discourse particles,5.344405174255371,6.11243200302124,0.7680268287658691
SENT_4550,SENT,PNT1,tao,tau,Pronouns,5.344405174255371,5.390655040740967,0.0462498664855957
SENT_4550,SENT,PNT2,tao,tau,Pronouns,5.344405174255371,5.390655040740967,0.0462498664855957
SENT_4550,SENT,PNT2,không,nỏ,Negation/Function words,5.344405174255371,5.597025394439697,0.2526202201843261
SENT_4550,SENT,PNT2,hôm nay nó,bựa ni hấn,Demonstratives/Deixis,5.344405174255371,5.829943656921387,0.4855384826660156
SENT_4550,SENT,PNT2,vậy,rứa,Demonstratives/Deixis,5.344405174255371,5.0249247550964355,-0.3194804191589355
SENT_4550,SENT,PNT2,không,nỏ,Negation/Function words,5.344405174255371,5.597025394439697,0.2526202201843261
SENT_4550,SENT,PNT2,đâu nhỉ,mô hầy,Interrogatives,5.344405174255371,5.920459747314453,0.576054573059082
SENT_4550,SENT,PNT3,tao,tau,Pronouns,5.344405174255371,5.390655040740967,0.0462498664855957
SENT_4550,SENT,PNT3,nay nó,ni hắn,Pronouns,5.344405174255371,6.197761535644531,0.8533563613891602
SENT_4550,SENT,PNT3,vậy,rứa,Demonstratives/Deixis,5.344405174255371,5.0249247550964355,-0.3194804191589355
SENT_4550,SENT,PNT3,đâu nhỉ,mô hè,Interrogatives,5.344405174255371,6.294406414031982,0.9500012397766112
SENT_4550,SENT,PNT4,tao,ta,Pronouns,5.344405174255371,5.2595319747924805,-0.0848731994628906
SENT_4550,SENT,PNT4,nhầm hôm nay,lầm bữa ni,Demonstratives/Deixis,5.344405174255371,6.402372360229492,1.057967185974121
SENT_4550,SENT,PNT4,đến,tới,Predicate vocabulary,5.344405174255371,5.347998142242432,0.0035929679870605
SENT_4550,SENT,PNT4,vậy,rứa,Demonstratives/Deixis,5.344405174255371,5.0249247550964355,-0.3194804191589355
SENT_4733,SENT,PNB,tý vào,tí,Predicate vocabulary,5.245635032653809,5.241854667663574,-0.0037803649902343
SENT_4733,SENT,PNB,đó,đấy,Demonstratives/Deixis,5.245635032653809,5.276824474334717,0.0311894416809082
SENT_4733,SENT,PNN,thật,thiệt,Connectives/Aspect markers,5.245635032653809,5.283791542053223,0.038156509399414
SENT_4733,SENT,PNN,vào,vô,Connectives/Aspect markers,5.245635032653809,5.3143720626831055,0.0687370300292968
SENT_4733,SENT,PNN,sau này,mai mốt,Predicate vocabulary,5.245635032653809,5.242856502532959,-0.0027785301208496
SENT_4733,SENT,PNN,không,hông,Negation/Function words,5.245635032653809,5.257103443145752,0.0114684104919433
SENT_4733,SENT,PNT2,chẳng,nỏ,Negation/Function words,5.245635032653809,5.337651252746582,0.0920162200927734
SENT_4733,SENT,PNT2,nghĩ gì,nghị chi,Interrogatives,5.245635032653809,5.483048439025879,0.2374134063720703
SENT_4733,SENT,PNT2,vấn đề,chi là,Predicate vocabulary,5.245635032653809,5.304347038269043,0.0587120056152343
SENT_4733,SENT,PNT2,này,ni,Demonstratives/Deixis,5.245635032653809,5.333401679992676,0.0877666473388671
SENT_4733,SENT,PNT3,thật chẳng,thiệt nỏ,Negation/Function words,5.245635032653809,5.392520904541016,0.146885871887207
SENT_4733,SENT,PNT3,bây giờ,bựa ni,Negation/Function words,5.245635032653809,5.46931266784668,0.2236776351928711
SENT_4733,SENT,PNT3,gì,chi,Interrogatives,5.245635032653809,5.357996463775635,0.1123614311218261
SENT_4733,SENT,PNT3,tý vào,một tỉ vô,Predicate vocabulary,5.245635032653809,5.391330718994141,0.145695686340332
SENT_4733,SENT,PNT3,này nọ,ni kêu tê,Demonstratives/Deixis,5.245635032653809,5.283390045166016,0.037755012512207
SENT_4733,SENT,PNT3,vấn đề,cấy chi,Interrogatives,5.245635032653809,5.431272983551025,0.1856379508972168
SENT_4733,SENT,PNT3,chứ sau này,chơ mài bựa,Demonstratives/Deixis,5.245635032653809,5.342051029205322,0.0964159965515136
SENT_4733,SENT,PNT3,nó vả không,hắn bả nỏ,Pronouns,5.245635032653809,5.292880535125732,0.0472455024719238
SENT_4733,SENT,PNT3,nào chứ,mô chơ,Interrogatives,5.245635032653809,5.39963960647583,0.1540045738220214
SENT_4733,SENT,PNT4,thật,thiệt,Predicate vocabulary,5.245635032653809,5.283791542053223,0.038156509399414
SENT_4733,SENT,PNT4,giờ,chừ,Negation/Function words,5.245635032653809,5.291738510131836,0.0461034774780273
SENT_4733,SENT,PNT4,gì,chi,Interrogatives,5.245635032653809,5.357996463775635,0.1123614311218261
SENT_4733,SENT,PNT4,vào,vô,Connectives/Aspect markers,5.245635032653809,5.3143720626831055,0.0687370300292968
SENT_4733,SENT,PNT4,chứ,chớ,Discourse particles,5.245635032653809,5.253182411193848,0.007547378540039
SENT_4733,SENT,PNT4,này,ni,Demonstratives/Deixis,5.245635032653809,5.333401679992676,0.0877666473388671
SENT_4733,SENT,PNT4,nào,nô,Interrogatives,5.245635032653809,5.283479690551758,0.0378446578979492
SENT_4737,SENT,PNT1,tao,tau,Pronouns,5.476476192474365,6.4625020027160645,0.9860258102416992
SENT_4737,SENT,PNT1,mày,mi,Pronouns,5.476476192474365,6.099610805511475,0.6231346130371094
SENT_4737,SENT,PNT2,này tao thấy mày,ni tau chộ mi,Pronouns,5.476476192474365,8.225851058959961,2.7493748664855957
SENT_4737,SENT,PNT3,này,ni,Demonstratives/Deixis,5.476476192474365,6.547950267791748,1.0714740753173828
SENT_4737,SENT,PNT3,mày,mi,Pronouns,5.476476192474365,6.099610805511475,0.6231346130371094
SENT_4737,SENT,PNT4,này tao,ni ta,Demonstratives/Deixis,5.476476192474365,6.924346446990967,1.4478702545166016
SENT_4737,SENT,PNT4,mày,mi,Pronouns,5.476476192474365,6.099610805511475,0.6231346130371094
SENT_4745,SENT,PNN,trèo,leo,Predicate vocabulary,4.162526607513428,4.424468517303467,0.261941909790039
SENT_4745,SENT,PNN,không,hông,Negation/Function words,4.162526607513428,4.290915012359619,0.1283884048461914
SENT_4745,SENT,PNN,bọn,tụi,Pronouns,4.162526607513428,4.002007484436035,-0.1605191230773925
SENT_4745,SENT,PNN,không,hông,Negation/Function words,4.162526607513428,4.290915012359619,0.1283884048461914
SENT_4745,SENT,PNT1,mình,tau,Pronouns,4.162526607513428,4.619618892669678,0.45709228515625
SENT_4745,SENT,PNT2,mình,tau,Pronouns,4.162526607513428,4.619618892669678,0.45709228515625
SENT_4745,SENT,PNT2,bạn,mày,Pronouns,4.162526607513428,4.2392096519470215,0.0766830444335937
SENT_4745,SENT,PNT2,không,nỏ,Negation/Function words,4.162526607513428,4.718742847442627,0.5562162399291992
SENT_4745,SENT,PNT2,sao,răng,Interrogatives,4.162526607513428,4.586743354797363,0.4242167472839355
SENT_4745,SENT,PNT2,nó không,hấn nỏ,Negation/Function words,4.162526607513428,4.748959541320801,0.586432933807373
SENT_4745,SENT,PNT3,mình,mềng,Pronouns,4.162526607513428,4.47412633895874,0.3115997314453125
SENT_4745,SENT,PNT3,trèo,leo,Predicate vocabulary,4.162526607513428,4.424468517303467,0.261941909790039
SENT_4745,SENT,PNT3,sao,răng,Interrogatives,4.162526607513428,4.586743354797363,0.4242167472839355
SENT_4745,SENT,PNT3,nó không,hắn nỏ,Pronouns,4.162526607513428,4.615536212921143,0.4530096054077148
SENT_4745,SENT,PNT4,trèo,leo,Predicate vocabulary,4.162526607513428,4.424468517303467,0.261941909790039
SENT_4745,SENT,PNT4,phóng,chích,Predicate vocabulary,4.162526607513428,4.102389335632324,-0.0601372718811035
SENT_4745,SENT,PNT4,sao bọn nó,ren tụi hắn,Interrogatives,4.162526607513428,4.920074462890625,0.7575478553771973
SENT_4768,SENT,PNN,bọn,tụi,Pronouns,5.418474197387695,5.351297378540039,-0.0671768188476562
SENT_4768,SENT,PNN,thật,thiệt,Connectives/Aspect markers,5.418474197387695,5.421500205993652,0.003026008605957
SENT_4768,SENT,PNN,với ạ,giùm cái,Discourse particles,5.418474197387695,5.4044294357299805,-0.0140447616577148
SENT_4768,SENT,PNN,bọn,tụi,Pronouns,5.418474197387695,5.351297378540039,-0.0671768188476562
SENT_4768,SENT,PNN,ấy,á,Demonstratives/Deixis,5.418474197387695,5.456302642822266,0.0378284454345703
SENT_4768,SENT,PNN,cha,ba,Kinship/Honorific terms,5.418474197387695,5.486254692077637,0.0677804946899414
SENT_4768,SENT,PNN,mẹ,má,Kinship/Honorific terms,5.418474197387695,5.536144733428955,0.1176705360412597
SENT_4768,SENT,PNT1,mày,mi,Pronouns,5.418474197387695,5.583281993865967,0.1648077964782714
SENT_4768,SENT,PNT1,dơ,bẩn,Predicate vocabulary,5.418474197387695,5.3894453048706055,-0.0290288925170898
SENT_4768,SENT,PNT2,mày,mi,Pronouns,5.418474197387695,5.583281993865967,0.1648077964782714
SENT_4768,SENT,PNT2,nó,nớ,Demonstratives/Deixis,5.418474197387695,5.531330585479736,0.112856388092041
SENT_4768,SENT,PNT3,mày,bây,Pronouns,5.418474197387695,5.521900653839111,0.103426456451416
SENT_4768,SENT,PNT3,thật,thiệt,Connectives/Aspect markers,5.418474197387695,5.421500205993652,0.003026008605957
SENT_4768,SENT,PNT3,nhưng làm,chơ mần,Predicate vocabulary,5.418474197387695,5.455043315887451,0.0365691184997558
SENT_4768,SENT,PNT3,ạ,cấy,Negation/Function words,5.418474197387695,5.491024494171143,0.0725502967834472
SENT_4768,SENT,PNT3,nó,nớ,Demonstratives/Deixis,5.418474197387695,5.531330585479736,0.112856388092041
SENT_4768,SENT,PNT3,đó,nớ,Demonstratives/Deixis,5.418474197387695,5.437231540679932,0.0187573432922363
SENT_4768,SENT,PNT3,làm cha làm mẹ,mần bọ mần mạ,Kinship/Honorific terms,5.418474197387695,5.409505844116211,-0.0089683532714843
SENT_4768,SENT,PNT3,dơ,dớp,Predicate vocabulary,5.418474197387695,5.456452369689941,0.037978172302246
SENT_4768,SENT,PNT4,mày,mi,Pronouns,5.418474197387695,5.583281993865967,0.1648077964782714
SENT_4768,SENT,PNT4,thật,thiệt,Predicate vocabulary,5.418474197387695,5.421500205993652,0.003026008605957
SENT_4768,SENT,PNT4,nó,hắn,Pronouns,5.418474197387695,5.610661506652832,0.1921873092651367
SENT_4768,SENT,PNT4,đó,nớ,Demonstratives/Deixis,5.418474197387695,5.437231540679932,0.0187573432922363
SENT_4768,SENT,PNT4,ấy,á,Demonstratives/Deixis,5.418474197387695,5.456302642822266,0.0378284454345703
SENT_4768,SENT,PNT4,dơ,nhớp,Predicate vocabulary,5.418474197387695,5.527541637420654,0.1090674400329589
SENT_4790,SENT,PNN,xem,coi,Predicate vocabulary,4.793370723724365,4.884943962097168,0.0915732383728027
SENT_4790,SENT,PNT1,tao,tau,Pronouns,4.793370723724365,5.27518892288208,0.4818181991577148
SENT_4790,SENT,PNT2,cái này,cấy ni,Demonstratives/Deixis,4.793370723724365,5.624309062957764,0.8309383392333984
SENT_4790,SENT,PNT2,tao,tau,Pronouns,4.793370723724365,5.27518892288208,0.4818181991577148
SENT_4790,SENT,PNT3,xem cái này,ngó cấy ni,Demonstratives/Deixis,4.793370723724365,5.852632999420166,1.0592622756958008
SENT_4790,SENT,PNT3,tao,tau,Pronouns,4.793370723724365,5.27518892288208,0.4818181991577148
SENT_4790,SENT,PNT3,này,cấy ni,Demonstratives/Deixis,4.793370723724365,5.399188995361328,0.6058182716369629
SENT_4790,SENT,PNT3,nè,nì,Discourse particles,4.793370723724365,5.122819900512695,0.3294491767883301
SENT_4790,SENT,PNT4,này,ni,Demonstratives/Deixis,4.793370723724365,5.355142116546631,0.5617713928222656
SENT_4809,SENT,PNT2,cái,cấy,Negation/Function words,5.05804443359375,5.231348991394043,0.1733045578002929
SENT_4809,SENT,PNT2,làm sao,mần răng,Interrogatives,5.05804443359375,5.663982391357422,0.6059379577636719
SENT_4809,SENT,PNT3,muốn,ưng,Predicate vocabulary,5.05804443359375,5.162450790405273,0.1044063568115234
SENT_4809,SENT,PNT3,làm sao ấy,răng á,Interrogatives,5.05804443359375,6.131885528564453,1.0738410949707031
SENT_4809,SENT,PNT4,sao ấy,ren á,Interrogatives,5.05804443359375,6.258845806121826,1.2008013725280762
SENT_4861,SENT,PNN,bố,ba,Kinship/Honorific terms,4.1504998207092285,4.19787073135376,0.0473709106445312
SENT_4861,SENT,PNN,em ấy,ẻm,Pronouns,4.1504998207092285,4.225512504577637,0.0750126838684082
SENT_4861,SENT,PNN,chúng ta,tụi mình,Pronouns,4.1504998207092285,4.190492630004883,0.0399928092956543
SENT_4861,SENT,PNN,phát ngôn,nói năng,Predicate vocabulary,4.1504998207092285,4.149291515350342,-0.0012083053588867
SENT_4861,SENT,PNN,không,hông,Negation/Function words,4.1504998207092285,4.212786674499512,0.0622868537902832
SENT_4861,SENT,PNN,tỏ,ra,Predicate vocabulary,4.1504998207092285,4.149641036987305,-0.0008587837219238
SENT_4861,SENT,PNT1,mắng,bới,Predicate vocabulary,4.1504998207092285,4.107827663421631,-0.0426721572875976
SENT_4861,SENT,PNT1,ấy,nứ,Demonstratives/Deixis,4.1504998207092285,4.331020355224609,0.1805205345153808
SENT_4861,SENT,PNT1,vậy,rứa,Demonstratives/Deixis,4.1504998207092285,4.191383361816406,0.0408835411071777
SENT_4861,SENT,PNT2,vậy,như rứa,Demonstratives/Deixis,4.1504998207092285,4.182514190673828,0.0320143699645996
SENT_4861,SENT,PNT2,không,nỏ,Negation/Function words,4.1504998207092285,4.410817623138428,0.2603178024291992
SENT_4861,SENT,PNT2,cái,mấy,Negation/Function words,4.1504998207092285,4.129825592041016,-0.0206742286682128
SENT_4861,SENT,PNT3,bố mẹ chửi mắng,bọ mạ chưởi,Kinship/Honorific terms,4.1504998207092285,4.465295791625977,0.314795970916748
SENT_4861,SENT,PNT3,ấy,nớ,Demonstratives/Deixis,4.1504998207092285,4.3178558349609375,0.1673560142517089
SENT_4861,SENT,PNT3,vậy,rứa,Demonstratives/Deixis,4.1504998207092285,4.191383361816406,0.0408835411071777
SENT_4861,SENT,PNT3,chúng ta,choa,Pronouns,4.1504998207092285,4.408573150634766,0.2580733299255371
SENT_4861,SENT,PNT3,già,tra,Predicate vocabulary,4.1504998207092285,4.225674152374268,0.075174331665039
SENT_4861,SENT,PNT3,không thể,nỏ,Negation/Function words,4.1504998207092285,4.389149188995361,0.2386493682861328
SENT_4861,SENT,PNT3,chả,nỏ,Negation/Function words,4.1504998207092285,4.3004326820373535,0.149932861328125
SENT_4861,SENT,PNT3,cái,kì,Negation/Function words,4.1504998207092285,4.345034599304199,0.1945347785949707
SENT_4861,SENT,PNT4,bố,ba,Kinship/Honorific terms,4.1504998207092285,4.19787073135376,0.0473709106445312
SENT_4861,SENT,PNT4,ấy,nớ,Demonstratives/Deixis,4.1504998207092285,4.3178558349609375,0.1673560142517089
SENT_4861,SENT,PNT4,vậy,rứa,Demonstratives/Deixis,4.1504998207092285,4.191383361816406,0.0408835411071777
SENT_4861,SENT,PNT4,xấc xược,hỗn hào bố,Predicate vocabulary,4.1504998207092285,4.3494672775268555,0.1989674568176269
SENT_4861,SENT,PNT4,chả,không,Negation/Function words,4.1504998207092285,4.21285343170166,0.0623536109924316
SENT_4861,SENT,PNT4,tỏ,ra,Predicate vocabulary,4.1504998207092285,4.149641036987305,-0.0008587837219238
SENT_4885,SENT,PNN,muốn,mắc,Predicate vocabulary,4.108530044555664,4.203815937042236,0.0952858924865722
SENT_4885,SENT,PNN,mẹ,má,Kinship/Honorific terms,4.108530044555664,4.186522483825684,0.0779924392700195
SENT_4885,SENT,PNN,thế không,dữ hông,Negation/Function words,4.108530044555664,4.257226943969727,0.1486968994140625
SENT_4885,SENT,PNT1,chửi,bới,Predicate vocabulary,4.108530044555664,4.28247594833374,0.1739459037780761
SENT_4885,SENT,PNT2,ba,bố,Kinship/Honorific terms,4.108530044555664,4.078143119812012,-0.0303869247436523
SENT_4885,SENT,PNT2,vậy,ri,Demonstratives/Deixis,4.108530044555664,4.378259658813477,0.2697296142578125
SENT_4885,SENT,PNT2,sao,răng,Interrogatives,4.108530044555664,4.452574729919434,0.3440446853637695
SENT_4885,SENT,PNT2,thế không,rứa nỏ,Demonstratives/Deixis,4.108530044555664,4.256808757781982,0.1482787132263183
SENT_4885,SENT,PNT3,rất,đại,Predicate vocabulary,4.108530044555664,4.074980735778809,-0.0335493087768554
SENT_4885,SENT,PNT3,nhìn,ngó,Predicate vocabulary,4.108530044555664,4.177670001983643,0.0691399574279785
SENT_4885,SENT,PNT3,muốn,ưng,Predicate vocabulary,4.108530044555664,4.135963439941406,0.0274333953857421
SENT_4885,SENT,PNT3,chửi,chưởi,Predicate vocabulary,4.108530044555664,4.224298477172852,0.1157684326171875
SENT_4885,SENT,PNT3,vậy,rứa,Demonstratives/Deixis,4.108530044555664,4.1683549880981445,0.0598249435424804
SENT_4885,SENT,PNT3,sao,răng,Interrogatives,4.108530044555664,4.452574729919434,0.3440446853637695
SENT_4885,SENT,PNT3,thế không,rứa nỏ,Demonstratives/Deixis,4.108530044555664,4.256808757781982,0.1482787132263183
SENT_4885,SENT,PNT4,vậy,rứa,Demonstratives/Deixis,4.108530044555664,4.1683549880981445,0.0598249435424804
SENT_4885,SENT,PNT4,sao,ren,Interrogatives,4.108530044555664,4.455084323883057,0.3465542793273926
SENT_4885,SENT,PNT4,thế,rứa,Demonstratives/Deixis,4.108530044555664,4.082754611968994,-0.0257754325866699
SENT_4959,SENT,PNB,dữ vậy,kinh thế,Idiomatic expressions,5.301856517791748,5.316367149353027,0.0145106315612792
SENT_4959,SENT,PNB,kiếm,tìm,Predicate vocabulary,5.301856517791748,5.296583652496338,-0.0052728652954101
SENT_4959,SENT,PNN,không,hông,Negation/Function words,5.301856517791748,5.471810817718506,0.1699542999267578
SENT_4959,SENT,PNT1,mày,mi,Pronouns,5.301856517791748,5.457319259643555,0.1554627418518066
SENT_4959,SENT,PNT1,dữ,gớm,Predicate vocabulary,5.301856517791748,5.0351033210754395,-0.2667531967163086
SENT_4959,SENT,PNT2,gì,chi,Interrogatives,5.301856517791748,5.389103889465332,0.0872473716735839
SENT_4959,SENT,PNT2,không,nỏ,Negation/Function words,5.301856517791748,5.731742858886719,0.4298863410949707
SENT_4959,SENT,PNT2,làm,mần,Predicate vocabulary,5.301856517791748,5.358752250671387,0.0568957328796386
SENT_4959,SENT,PNT3,vậy,rứa,Demonstratives/Deixis,5.301856517791748,5.174499034881592,-0.1273574829101562
SENT_4959,SENT,PNT3,không thích,nỏ ưng,Negation/Function words,5.301856517791748,5.720056056976318,0.4181995391845703
SENT_4959,SENT,PNT3,làm,mần,Predicate vocabulary,5.301856517791748,5.358752250671387,0.0568957328796386
SENT_4959,SENT,PNT4,mày,mi,Pronouns,5.301856517791748,5.457319259643555,0.1554627418518066
SENT_4959,SENT,PNT4,gì dữ vậy,chi kinh rứa,Interrogatives,5.301856517791748,5.090848922729492,-0.2110075950622558
SENT_4959,SENT,PNT4,việc,chuyện,Predicate vocabulary,5.301856517791748,5.4042487144470215,0.1023921966552734
SENT_4959,SENT,PNT4,việc,chuyện,Predicate vocabulary,5.301856517791748,5.4042487144470215,0.1023921966552734
SENT_4964,SENT,PNB,ra,đi,Predicate vocabulary,5.101962566375732,5.035399436950684,-0.0665631294250488
SENT_4964,SENT,PNN,vào,vô,Connectives/Aspect markers,5.101962566375732,5.148943901062012,0.0469813346862793
SENT_4964,SENT,PNN,trẻ em,con nít,Predicate vocabulary,5.101962566375732,5.003213405609131,-0.0987491607666015
SENT_4964,SENT,PNN,bọn,tụi,Pronouns,5.101962566375732,5.077877521514893,-0.0240850448608398
SENT_4964,SENT,PNT1,vào,vô,Connectives/Aspect markers,5.101962566375732,5.148943901062012,0.0469813346862793
SENT_4964,SENT,PNT2,vào,vô,Connectives/Aspect markers,5.101962566375732,5.148943901062012,0.0469813346862793
SENT_4964,SENT,PNT2,này,ni,Demonstratives/Deixis,5.101962566375732,5.242589950561523,0.140627384185791
SENT_4964,SENT,PNT3,cái lũ,cấy bọn,Pronouns,5.101962566375732,5.206090927124023,0.104128360748291
SENT_4964,SENT,PNT3,vào,vô,Connectives/Aspect markers,5.101962566375732,5.148943901062012,0.0469813346862793
SENT_4964,SENT,PNT3,này,ni,Demonstratives/Deixis,5.101962566375732,5.242589950561523,0.140627384185791
SENT_4964,SENT,PNT3,nó,hắn,Pronouns,5.101962566375732,5.176476955413818,0.0745143890380859
SENT_4964,SENT,PNT4,vào,vô,Connectives/Aspect markers,5.101962566375732,5.148943901062012,0.0469813346862793
SENT_4964,SENT,PNT4,này,ni,Demonstratives/Deixis,5.101962566375732,5.242589950561523,0.140627384185791
SENT_4989,SENT,PNN,không,hông,Negation/Function words,4.707159996032715,4.6871256828308105,-0.0200343132019042
SENT_4989,SENT,PNN,không,hông,Negation/Function words,4.707159996032715,4.6871256828308105,-0.0200343132019042
SENT_4989,SENT,PNN,không,hông,Negation/Function words,4.707159996032715,4.6871256828308105,-0.0200343132019042
SENT_4989,SENT,PNN,không,hông,Negation/Function words,4.707159996032715,4.6871256828308105,-0.0200343132019042
SENT_4989,SENT,PNT2,chứ,chơ,Connectives/Aspect markers,4.707159996032715,4.7311930656433105,0.0240330696105957
SENT_4989,SENT,PNT2,không làm,nỏ mần,Negation/Function words,4.707159996032715,4.977183818817139,0.2700238227844238
SENT_4989,SENT,PNT2,gì,chi,Interrogatives,4.707159996032715,4.813632488250732,0.1064724922180175
SENT_4989,SENT,PNT2,nó,hấn,Pronouns,4.707159996032715,4.870498180389404,0.1633381843566894
SENT_4989,SENT,PNT2,không,nỏ,Negation/Function words,4.707159996032715,4.701615333557129,-0.0055446624755859
SENT_4989,SENT,PNT2,không,nỏ,Negation/Function words,4.707159996032715,4.701615333557129,-0.0055446624755859
SENT_4989,SENT,PNT2,sao,răng,Interrogatives,4.707159996032715,4.897435188293457,0.1902751922607422
SENT_4989,SENT,PNT3,chứ,chơ,Connectives/Aspect markers,4.707159996032715,4.7311930656433105,0.0240330696105957
SENT_4989,SENT,PNT3,không làm,nỏ mần,Negation/Function words,4.707159996032715,4.977183818817139,0.2700238227844238
SENT_4989,SENT,PNT3,gì,chi,Interrogatives,4.707159996032715,4.813632488250732,0.1064724922180175
SENT_4989,SENT,PNT3,không,khung,Negation/Function words,4.707159996032715,4.667397499084473,-0.0397624969482421
SENT_4989,SENT,PNT3,không,nỏ,Negation/Function words,4.707159996032715,4.701615333557129,-0.0055446624755859
SENT_4989,SENT,PNT3,sao,răng,Interrogatives,4.707159996032715,4.897435188293457,0.1902751922607422
SENT_4989,SENT,PNT4,chứ,chớ,Discourse particles,4.707159996032715,4.844207763671875,0.1370477676391601
SENT_4989,SENT,PNT4,gì,chi,Interrogatives,4.707159996032715,4.813632488250732,0.1064724922180175
SENT_4989,SENT,PNT4,đâu,mô,Interrogatives,4.707159996032715,4.945662498474121,0.2385025024414062
SENT_4989,SENT,PNT4,bọn,tụi,Pronouns,4.707159996032715,4.595301628112793,-0.1118583679199218
SENT_4989,SENT,PNT4,sao,ren,Interrogatives,4.707159996032715,4.92208194732666,0.2149219512939453
SENT_5008,SENT,PNB,hả,à,Discourse particles,5.577178478240967,6.02276611328125,0.4455876350402832
SENT_5008,SENT,PNN,bọn,tụi,Pronouns,5.577178478240967,5.429800987243652,-0.1473774909973144
SENT_5008,SENT,PNT1,ngáo,dở,Predicate vocabulary,5.577178478240967,5.2654852867126465,-0.3116931915283203
SENT_5008,SENT,PNT1,người,đứa,Predicate vocabulary,5.577178478240967,6.046351432800293,0.4691729545593261
SENT_5008,SENT,PNT2,này,ni,Demonstratives/Deixis,5.577178478240967,6.471025466918945,0.8938469886779785
SENT_5008,SENT,PNT2,nó,hấn,Pronouns,5.577178478240967,5.849329948425293,0.2721514701843261
SENT_5008,SENT,PNT3,này,ni,Demonstratives/Deixis,5.577178478240967,6.471025466918945,0.8938469886779785
SENT_5008,SENT,PNT3,nó,hắn,Pronouns,5.577178478240967,5.772727012634277,0.1955485343933105
SENT_5008,SENT,PNT3,hả,à,Discourse particles,5.577178478240967,6.02276611328125,0.4455876350402832
SENT_5008,SENT,PNT4,bọn,tụi,Pronouns,5.577178478240967,5.429800987243652,-0.1473774909973144
SENT_5008,SENT,PNT4,này,ni,Demonstratives/Deixis,5.577178478240967,6.471025466918945,0.8938469886779785
SENT_5008,SENT,PNT4,người,thằng,Predicate vocabulary,5.577178478240967,5.672849178314209,0.0956707000732421
SENT_5008,SENT,PNT4,nó,hắn,Pronouns,5.577178478240967,5.772727012634277,0.1955485343933105
SENT_5017,SENT,PNN,bố mẹ,ba má,Kinship/Honorific terms,4.668072700500488,4.938872814178467,0.2708001136779785
SENT_5017,SENT,PNN,như thế nào,ra sao,Interrogatives,4.668072700500488,4.6726298332214355,0.0045571327209472
SENT_5017,SENT,PNN,chúng,tụi,Pronouns,4.668072700500488,4.699275493621826,0.0312027931213378
SENT_5017,SENT,PNN,không,hông,Negation/Function words,4.668072700500488,4.839317798614502,0.1712450981140136
SENT_5017,SENT,PNT1,mày,mi,Pronouns,4.668072700500488,4.8810224533081055,0.2129497528076172
SENT_5017,SENT,PNT1,mày,mi,Pronouns,4.668072700500488,4.8810224533081055,0.2129497528076172
SENT_5017,SENT,PNT2,thế nào,răng,Interrogatives,4.668072700500488,4.966739177703857,0.2986664772033691
SENT_5017,SENT,PNT2,gì,chi,Interrogatives,4.668072700500488,4.781301975250244,0.1132292747497558
SENT_5017,SENT,PNT3,ngu,đần,Predicate vocabulary,4.668072700500488,4.478114128112793,-0.1899585723876953
SENT_5017,SENT,PNT3,bố mẹ,bọ mạ,Kinship/Honorific terms,4.668072700500488,4.929744720458984,0.2616720199584961
SENT_5017,SENT,PNT3,như thế nào,in răng,Interrogatives,4.668072700500488,5.059637069702148,0.3915643692016601
SENT_5017,SENT,PNT3,chăng nữa,nựa,Connectives/Aspect markers,4.668072700500488,5.16087532043457,0.492802619934082
SENT_5017,SENT,PNT3,mày,mi,Pronouns,4.668072700500488,4.8810224533081055,0.2129497528076172
SENT_5017,SENT,PNT3,chúng mày lớn khôn lớn,bây nậy nậy,Predicate vocabulary,4.668072700500488,5.224650859832764,0.5565781593322754
SENT_5017,SENT,PNT3,không,nỏ,Negation/Function words,4.668072700500488,4.976796627044678,0.3087239265441894
SENT_5017,SENT,PNT3,gì,cấy chi,Interrogatives,4.668072700500488,4.849053859710693,0.180981159210205
SENT_5017,SENT,PNT4,bố,ba,Kinship/Honorific terms,4.668072700500488,4.80977201461792,0.1416993141174316
SENT_5017,SENT,PNT4,như thế nào,ra ren,Interrogatives,4.668072700500488,4.982328414916992,0.3142557144165039
SENT_5017,SENT,PNT4,mày,mi,Pronouns,4.668072700500488,4.8810224533081055,0.2129497528076172
SENT_5017,SENT,PNT4,chúng mày,tụi bây,Pronouns,4.668072700500488,4.93553352355957,0.267460823059082
SENT_5017,SENT,PNT4,gì,chi,Interrogatives,4.668072700500488,4.781301975250244,0.1132292747497558
SENT_5154,SENT,PNN,đấy,đó,Demonstratives/Deixis,3.875859022140503,3.749952793121338,-0.125906229019165
SENT_5154,SENT,PNN,không,hông,Negation/Function words,3.875859022140503,4.254265785217285,0.3784067630767822
SENT_5154,SENT,PNN,thế,vậy,Demonstratives/Deixis,3.875859022140503,3.8649697303771977,-0.0108892917633056
SENT_5154,SENT,PNT1,thế,di,Demonstratives/Deixis,3.875859022140503,4.262127876281738,0.3862688541412353
SENT_5154,SENT,PNT2,sao,răng,Interrogatives,3.875859022140503,4.854493141174316,0.9786341190338136
SENT_5154,SENT,PNT2,làm thế,mần rứa,Demonstratives/Deixis,3.875859022140503,4.039655685424805,0.1637966632843017
SENT_5154,SENT,PNT3,đấy,đó,Discourse particles,3.875859022140503,3.749952793121338,-0.125906229019165
SENT_5154,SENT,PNT3,không nhỉ,khung hè,Negation/Function words,3.875859022140503,5.161032199859619,1.2851731777191162
SENT_5154,SENT,PNT3,sao,răng,Interrogatives,3.875859022140503,4.854493141174316,0.9786341190338136
SENT_5154,SENT,PNT3,làm thế,mần rứa,Demonstratives/Deixis,3.875859022140503,4.039655685424805,0.1637966632843017
SENT_5154,SENT,PNT4,đấy,nớ,Demonstratives/Deixis,3.875859022140503,4.652596473693848,0.7767374515533447
SENT_5154,SENT,PNT4,sao,răng,Interrogatives,3.875859022140503,4.854493141174316,0.9786341190338136
SENT_5251,SENT,PNB,ly,cốc,Predicate vocabulary,5.672391891479492,5.427367687225342,-0.2450242042541504
SENT_5251,SENT,PNB,phì,béo,Predicate vocabulary,5.672391891479492,5.362473011016846,-0.3099188804626465
SENT_5251,SENT,PNN,không khiến,hông làm,Negation/Function words,5.672391891479492,5.621603488922119,-0.050788402557373
SENT_5251,SENT,PNN,phì,mập,Predicate vocabulary,5.672391891479492,5.390719413757324,-0.2816724777221679
SENT_5251,SENT,PNT1,mày phì đâu,mi béo mô,Interrogatives,5.672391891479492,5.987082481384277,0.3146905899047851
SENT_5251,SENT,PNT2,không,nỏ,Negation/Function words,5.672391891479492,6.035276889801025,0.3628849983215332
SENT_5251,SENT,PNT3,chứ,chơ,Connectives/Aspect markers,5.672391891479492,5.948809623718262,0.2764177322387695
SENT_5251,SENT,PNT3,không,nỏ,Negation/Function words,5.672391891479492,6.035276889801025,0.3628849983215332
SENT_5251,SENT,PNT3,mày,mi,Pronouns,5.672391891479492,5.920867919921875,0.2484760284423828
SENT_5251,SENT,PNT4,khiến,làm,Predicate vocabulary,5.672391891479492,5.542043685913086,-0.1303482055664062
SENT_5315,SENT,PNB,mẹ,mụ,Kinship/Honorific terms,5.737754821777344,5.802715301513672,0.0649604797363281
SENT_5315,SENT,PNB,đó,đấy,Demonstratives/Deixis,5.737754821777344,5.764401435852051,0.026646614074707
SENT_5315,SENT,PNB,bả,bà,Kinship/Honorific terms,5.737754821777344,5.767532825469971,0.0297780036926269
SENT_5315,SENT,PNB,con mẹ,mụ,Kinship/Honorific terms,5.737754821777344,5.789139270782471,0.0513844490051269
SENT_5315,SENT,PNB,chớ,chứ,Discourse particles,5.737754821777344,5.775719165802002,0.0379643440246582
SENT_5315,SENT,PNN,mẹ,má,Kinship/Honorific terms,5.737754821777344,5.794916152954102,0.0571613311767578
SENT_5315,SENT,PNN,ném,quăng,Predicate vocabulary,5.737754821777344,5.716228485107422,-0.0215263366699218
SENT_5315,SENT,PNN,thật,thiệt,Connectives/Aspect markers,5.737754821777344,5.809786796569824,0.0720319747924804
SENT_5315,SENT,PNN,nhặt xem,lượm coi,Predicate vocabulary,5.737754821777344,5.754746913909912,0.0169920921325683
SENT_5315,SENT,PNN,gọi,kêu,Predicate vocabulary,5.737754821777344,5.686976432800293,-0.0507783889770507
SENT_5315,SENT,PNN,không,hông,Negation/Function words,5.737754821777344,5.750367641448975,0.0126128196716308
SENT_5315,SENT,PNN,mẹ,má,Kinship/Honorific terms,5.737754821777344,5.794916152954102,0.0571613311767578
SENT_5315,SENT,PNN,thật,thiệt,Connectives/Aspect markers,5.737754821777344,5.809786796569824,0.0720319747924804
SENT_5315,SENT,PNT1,tao,tau,Pronouns,5.737754821777344,5.806886196136475,0.0691313743591308
SENT_5315,SENT,PNT1,tao tao,tau tau,Pronouns,5.737754821777344,5.9825439453125,0.2447891235351562
SENT_5315,SENT,PNT1,moá,mẹ,Kinship/Honorific terms,5.737754821777344,5.672760009765625,-0.0649948120117187
SENT_5315,SENT,PNT2,tao,tau,Pronouns,5.737754821777344,5.806886196136475,0.0691313743591308
SENT_5315,SENT,PNT2,tao tao,tau tau,Pronouns,5.737754821777344,5.9825439453125,0.2447891235351562
SENT_5315,SENT,PNT2,này,ni,Demonstratives/Deixis,5.737754821777344,5.837340831756592,0.099586009979248
SENT_5315,SENT,PNT3,tao ghét,tau két,Pronouns,5.737754821777344,5.737067699432373,-0.0006871223449707
SENT_5315,SENT,PNT3,mẹ,mạ,Kinship/Honorific terms,5.737754821777344,5.749505043029785,0.0117502212524414
SENT_5315,SENT,PNT3,mình,mềng,Pronouns,5.737754821777344,5.771214008331299,0.033459186553955
SENT_5315,SENT,PNT3,thật,đại,Connectives/Aspect markers,5.737754821777344,5.7718048095703125,0.0340499877929687
SENT_5315,SENT,PNT3,xem,coi,Predicate vocabulary,5.737754821777344,5.76707124710083,0.0293164253234863
SENT_5315,SENT,PNT3,đó gọi,nớ kêu,Demonstratives/Deixis,5.737754821777344,5.718642234802246,-0.0191125869750976
SENT_5315,SENT,PNT3,bả,mệ,Kinship/Honorific terms,5.737754821777344,5.79151725769043,0.0537624359130859
SENT_5315,SENT,PNT3,moá,mạ,Kinship/Honorific terms,5.737754821777344,5.690470218658447,-0.0472846031188964
SENT_5315,SENT,PNT3,không muốn,nỏ ưng,Negation/Function words,5.737754821777344,5.772439002990723,0.0346841812133789
SENT_5315,SENT,PNT3,mẹ già,mạ tra,Kinship/Honorific terms,5.737754821777344,5.798905372619629,0.0611505508422851
SENT_5315,SENT,PNT3,này,ni,Demonstratives/Deixis,5.737754821777344,5.837340831756592,0.099586009979248
SENT_5315,SENT,PNT3,thật chớ,thiệt chơ,Predicate vocabulary,5.737754821777344,5.80278205871582,0.0650272369384765
SENT_5315,SENT,PNT4,tao,ta,Pronouns,5.737754821777344,5.7343831062316895,-0.0033717155456542
SENT_5315,SENT,PNT4,toét,lếu,Predicate vocabulary,5.737754821777344,5.736123561859131,-0.0016312599182128
SENT_5315,SENT,PNT4,tao tao,ta ta,Pronouns,5.737754821777344,5.881303310394287,0.1435484886169433
SENT_5315,SENT,PNT4,ném,quăng,Predicate vocabulary,5.737754821777344,5.716228485107422,-0.0215263366699218
SENT_5315,SENT,PNT4,thật,thiệt,Predicate vocabulary,5.737754821777344,5.809786796569824,0.0720319747924804
SENT_5315,SENT,PNT4,nhặt xem,lượm coi,Predicate vocabulary,5.737754821777344,5.754746913909912,0.0169920921325683
SENT_5315,SENT,PNT4,gì,chi,Interrogatives,5.737754821777344,5.834510803222656,0.0967559814453125
SENT_5315,SENT,PNT4,này,ni,Demonstratives/Deixis,5.737754821777344,5.837340831756592,0.099586009979248
SENT_5315,SENT,PNT4,thật,thiệt,Predicate vocabulary,5.737754821777344,5.809786796569824,0.0720319747924804
SENT_5360,SENT,PNB,nhỏ,bé,Predicate vocabulary,5.2750115394592285,5.254230976104736,-0.0207805633544921
SENT_5360,SENT,PNN,không,hông,Negation/Function words,5.2750115394592285,5.327404499053955,0.0523929595947265
SENT_5360,SENT,PNN,lúc,hồi,Connectives/Aspect markers,5.2750115394592285,5.297990322113037,0.0229787826538085
SENT_5360,SENT,PNN,được,đặng,Connectives/Aspect markers,5.2750115394592285,5.247908592224121,-0.0271029472351074
SENT_5360,SENT,PNN,bố mẹ,ba má,Kinship/Honorific terms,5.2750115394592285,5.416810512542725,0.1417989730834961
SENT_5360,SENT,PNN,vào,vô,Connectives/Aspect markers,5.2750115394592285,5.379698276519775,0.1046867370605468
SENT_5360,SENT,PNT2,không,nỏ,Negation/Function words,5.2750115394592285,5.5394768714904785,0.26446533203125
SENT_5360,SENT,PNT2,cái,cấy,Negation/Function words,5.2750115394592285,5.360215663909912,0.0852041244506836
SENT_5360,SENT,PNT2,gì,chi,Interrogatives,5.2750115394592285,5.469117641448975,0.1941061019897461
SENT_5360,SENT,PNT2,gì,chi,Interrogatives,5.2750115394592285,5.469117641448975,0.1941061019897461
SENT_5360,SENT,PNT2,nó,hấn,Pronouns,5.2750115394592285,5.363929748535156,0.0889182090759277
SENT_5360,SENT,PNT2,mẹ,mệ,Kinship/Honorific terms,5.2750115394592285,5.454029083251953,0.1790175437927246
SENT_5360,SENT,PNT2,nó vào,hấn vô,Predicate vocabulary,5.2750115394592285,5.569277286529541,0.2942657470703125
SENT_5360,SENT,PNT3,không,khung,Negation/Function words,5.2750115394592285,5.3831467628479,0.1081352233886718
SENT_5360,SENT,PNT3,cái,kì,Negation/Function words,5.2750115394592285,5.502368450164795,0.2273569107055664
SENT_5360,SENT,PNT3,gì,chi,Interrogatives,5.2750115394592285,5.469117641448975,0.1941061019897461
SENT_5360,SENT,PNT3,gì,chi,Interrogatives,5.2750115394592285,5.469117641448975,0.1941061019897461
SENT_5360,SENT,PNT3,nó,hắn,Pronouns,5.2750115394592285,5.282064437866211,0.0070528984069824
SENT_5360,SENT,PNT3,đợi lớn,chơ mài bựa nậy,Demonstratives/Deixis,5.2750115394592285,5.325011253356934,0.049999713897705
SENT_5360,SENT,PNT3,bố mẹ,bọ mạ,Kinship/Honorific terms,5.2750115394592285,5.424627780914307,0.1496162414550781
SENT_5360,SENT,PNT3,nhìn nó vào,ngó hắn vô,Pronouns,5.2750115394592285,5.400274753570557,0.1252632141113281
SENT_5360,SENT,PNT4,gì,chi,Interrogatives,5.2750115394592285,5.469117641448975,0.1941061019897461
SENT_5360,SENT,PNT4,gì,chi,Interrogatives,5.2750115394592285,5.469117641448975,0.1941061019897461
SENT_5360,SENT,PNT4,giờ,chừ,Negation/Function words,5.2750115394592285,5.298676013946533,0.0236644744873046
SENT_5360,SENT,PNT4,lúc,hồi,Connectives/Aspect markers,5.2750115394592285,5.297990322113037,0.0229787826538085
SENT_5360,SENT,PNT4,vào,vô,Connectives/Aspect markers,5.2750115394592285,5.379698276519775,0.1046867370605468
SENT_5407,SENT,PNB,dí,đuổi,Predicate vocabulary,4.631948471069336,4.658137798309326,0.0261893272399902
SENT_5407,SENT,PNB,dí,đuổi,Predicate vocabulary,4.631948471069336,4.658137798309326,0.0261893272399902
SENT_5407,SENT,PNN,mẹ,má,Kinship/Honorific terms,4.631948471069336,4.63568115234375,0.003732681274414
SENT_5407,SENT,PNN,vào,vô,Connectives/Aspect markers,4.631948471069336,4.61664342880249,-0.0153050422668457
SENT_5407,SENT,PNN,cả,nguyên,Negation/Function words,4.631948471069336,4.652674674987793,0.020726203918457
SENT_5407,SENT,PNN,lao,nhào,Predicate vocabulary,4.631948471069336,4.64859676361084,0.0166482925415039
SENT_5407,SENT,PNN,khi,lúc,Connectives/Aspect markers,4.631948471069336,4.643436431884766,0.0114879608154296
SENT_5407,SENT,PNN,không,hông,Negation/Function words,4.631948471069336,4.643906116485596,0.0119576454162597
SENT_5407,SENT,PNN,dí,rượt,Predicate vocabulary,4.631948471069336,4.628990650177002,-0.0029578208923339
SENT_5407,SENT,PNN,dí,rượt,Predicate vocabulary,4.631948471069336,4.628990650177002,-0.0029578208923339
SENT_5407,SENT,PNN,dí,rượt,Predicate vocabulary,4.631948471069336,4.628990650177002,-0.0029578208923339
SENT_5407,SENT,PNT2,mẹ,mệ,Kinship/Honorific terms,4.631948471069336,4.657566070556641,0.0256175994873046
SENT_5407,SENT,PNT2,vào,vô,Connectives/Aspect markers,4.631948471069336,4.61664342880249,-0.0153050422668457
SENT_5407,SENT,PNT2,nó,hấn,Pronouns,4.631948471069336,4.664146423339844,0.0321979522705078
SENT_5407,SENT,PNT2,nó,hấn,Pronouns,4.631948471069336,4.664146423339844,0.0321979522705078
SENT_5407,SENT,PNT3,vào,vô,Connectives/Aspect markers,4.631948471069336,4.61664342880249,-0.0153050422668457
SENT_5407,SENT,PNT3,nó,hắn,Pronouns,4.631948471069336,4.646984100341797,0.0150356292724609
SENT_5407,SENT,PNT3,nó,hắn,Pronouns,4.631948471069336,4.646984100341797,0.0150356292724609
SENT_5407,SENT,PNT3,má mấy mẻ,mà bọn hắn,Pronouns,4.631948471069336,4.564452171325684,-0.0674962997436523
SENT_5407,SENT,PNT3,không,chả,Negation/Function words,4.631948471069336,4.617948532104492,-0.0139999389648437
SENT_5407,SENT,PNT4,vào,vô,Connectives/Aspect markers,4.631948471069336,4.61664342880249,-0.0153050422668457
SENT_5421,SENT,PNN,bố mẹ,ba má,Kinship/Honorific terms,4.793492794036865,5.169285774230957,0.3757929801940918
SENT_5421,SENT,PNN,xem,coi,Predicate vocabulary,4.793492794036865,4.734142303466797,-0.0593504905700683
SENT_5421,SENT,PNN,không,hông,Negation/Function words,4.793492794036865,4.953260898590088,0.1597681045532226
SENT_5421,SENT,PNT1,tao,tau,Pronouns,4.793492794036865,5.053164005279541,0.2596712112426758
SENT_5421,SENT,PNT1,này,ni,Demonstratives/Deixis,4.793492794036865,5.099568843841553,0.3060760498046875
SENT_5421,SENT,PNT1,tao,tau,Pronouns,4.793492794036865,5.053164005279541,0.2596712112426758
SENT_5421,SENT,PNT2,này +,ni với,Demonstratives/Deixis,4.793492794036865,4.818152904510498,0.0246601104736328
SENT_5421,SENT,PNT2,nay,ni,Demonstratives/Deixis,4.793492794036865,5.130766868591309,0.3372740745544433
SENT_5421,SENT,PNT2,không,nỏ,Negation/Function words,4.793492794036865,5.210641384124756,0.4171485900878906
SENT_5421,SENT,PNT3,tao,tau,Pronouns,4.793492794036865,5.053164005279541,0.2596712112426758
SENT_5421,SENT,PNT3,này,ni,Demonstratives/Deixis,4.793492794036865,5.099568843841553,0.3060760498046875
SENT_5421,SENT,PNT3,nay tao,ni tau,Pronouns,4.793492794036865,5.584550857543945,0.7910580635070801
SENT_5421,SENT,PNT3,mất,luôn,Predicate vocabulary,4.793492794036865,4.741907119750977,-0.0515856742858886
SENT_5421,SENT,PNT4,bố,ba,Kinship/Honorific terms,4.793492794036865,4.8526506423950195,0.0591578483581543
SENT_5421,SENT,PNT4,tao,ta,Pronouns,4.793492794036865,4.820963382720947,0.027470588684082
SENT_5421,SENT,PNT4,này,ni,Demonstratives/Deixis,4.793492794036865,5.099568843841553,0.3060760498046875
SENT_5421,SENT,PNT4,nay tao,ni ta,Demonstratives/Deixis,4.793492794036865,5.459778785705566,0.6662859916687012
SENT_5421,SENT,PNT4,mất,quá,Discourse particles,4.793492794036865,4.844253063201904,0.050760269165039
SENT_5441,SENT,PNN,mình,tui,Pronouns,4.700758457183838,4.660059452056885,-0.0406990051269531
SENT_5441,SENT,PNN,vì đến,tại tới,Predicate vocabulary,4.700758457183838,4.902915954589844,0.2021574974060058
SENT_5441,SENT,PNN,không,hông,Negation/Function words,4.700758457183838,4.897535800933838,0.19677734375
SENT_5441,SENT,PNN,bố,ba,Kinship/Honorific terms,4.700758457183838,4.795836925506592,0.0950784683227539
SENT_5441,SENT,PNN,thế,vậy,Demonstratives/Deixis,4.700758457183838,4.715137958526611,0.0143795013427734
SENT_5441,SENT,PNN,mắng,la,Predicate vocabulary,4.700758457183838,4.8040595054626465,0.1033010482788086
SENT_5441,SENT,PNT2,không,nỏ,Negation/Function words,4.700758457183838,4.864883899688721,0.1641254425048828
SENT_5441,SENT,PNT2,quát,nạt,Predicate vocabulary,4.700758457183838,4.81635046005249,0.1155920028686523
SENT_5441,SENT,PNT2,thế,rứa,Demonstratives/Deixis,4.700758457183838,4.69199275970459,-0.008765697479248
SENT_5441,SENT,PNT2,nó,hấn,Pronouns,4.700758457183838,4.935550689697266,0.2347922325134277
SENT_5441,SENT,PNT3,gái mình,cấy mềng,Pronouns,4.700758457183838,5.074029922485352,0.3732714653015136
SENT_5441,SENT,PNT3,bữa không,bựa nỏ,Demonstratives/Deixis,4.700758457183838,4.834410667419434,0.1336522102355957
SENT_5441,SENT,PNT3,bố quát,bọ nạt,Kinship/Honorific terms,4.700758457183838,4.704379558563232,0.0036211013793945
SENT_5441,SENT,PNT3,thế,rứa,Demonstratives/Deixis,4.700758457183838,4.69199275970459,-0.008765697479248
SENT_5441,SENT,PNT3,nó,hắn,Pronouns,4.700758457183838,4.76930046081543,0.0685420036315918
SENT_5441,SENT,PNT3,mắng,chưởi,Predicate vocabulary,4.700758457183838,4.7299113273620605,0.0291528701782226
SENT_5441,SENT,PNT3,đấy,đỏ,Discourse particles,4.700758457183838,4.7543134689331055,0.0535550117492675
SENT_5441,SENT,PNT4,mình,ta,Pronouns,4.700758457183838,4.707325458526611,0.0065670013427734
SENT_5441,SENT,PNT4,phòng,buồng,Predicate vocabulary,4.700758457183838,4.761992931365967,0.0612344741821289
SENT_5441,SENT,PNT4,bố quát,ba nộ,Kinship/Honorific terms,4.700758457183838,5.046924114227295,0.346165657043457
SENT_5441,SENT,PNT4,thế,rứa,Demonstratives/Deixis,4.700758457183838,4.69199275970459,-0.008765697479248
SENT_5441,SENT,PNT4,nó,hắn,Pronouns,4.700758457183838,4.76930046081543,0.0685420036315918
SENT_5441,SENT,PNT4,lầm lì,hầm hầm,Predicate vocabulary,4.700758457183838,4.726076602935791,0.0253181457519531
SENT_5441,SENT,PNT4,mắng,la,Predicate vocabulary,4.700758457183838,4.8040595054626465,0.1033010482788086
SENT_5441,SENT,PNT4,đấy,đó,Demonstratives/Deixis,4.700758457183838,4.724090099334717,0.0233316421508789
SENT_5456,SENT,PNB,chạy,phóng,Predicate vocabulary,4.905850410461426,5.000084400177002,0.0942339897155761
SENT_5456,SENT,PNB,cảnh sát,công an,Predicate vocabulary,4.905850410461426,4.9401445388793945,0.0342941284179687
SENT_5456,SENT,PNB,không,chả,Negation/Function words,4.905850410461426,4.845940113067627,-0.0599102973937988
SENT_5456,SENT,PNN,trước,bữa,Predicate vocabulary,4.905850410461426,4.993528366088867,0.0876779556274414
SENT_5456,SENT,PNN,nhanh,lẹ,Predicate vocabulary,4.905850410461426,5.117063045501709,0.2112126350402832
SENT_5456,SENT,PNN,chạy,nhào,Predicate vocabulary,4.905850410461426,5.107212543487549,0.201362133026123
SENT_5456,SENT,PNN,vì,tại,Connectives/Aspect markers,4.905850410461426,4.954362869262695,0.0485124588012695
SENT_5456,SENT,PNN,không,hông,Negation/Function words,4.905850410461426,4.899975299835205,-0.0058751106262207
SENT_5456,SENT,PNT1,tao,tau,Pronouns,4.905850410461426,5.302791118621826,0.3969407081604004
SENT_5456,SENT,PNT1,tao,tau,Pronouns,4.905850410461426,5.302791118621826,0.3969407081604004
SENT_5456,SENT,PNT2,không,nỏ,Negation/Function words,4.905850410461426,5.014307022094727,0.1084566116333007
SENT_5456,SENT,PNT3,trước tao,bựa tau,Pronouns,4.905850410461426,5.415551662445068,0.5097012519836426
SENT_5456,SENT,PNT3,chơi,rượng,Predicate vocabulary,4.905850410461426,5.125688076019287,0.2198376655578613
SENT_5456,SENT,PNT3,anh,eng,Kinship/Honorific terms,4.905850410461426,5.378470420837402,0.4726200103759765
SENT_5456,SENT,PNT3,làm tao sợ chetme,mần tau hại chetma,Idiomatic expressions,4.905850410461426,5.234231948852539,0.3283815383911133
SENT_5456,SENT,PNT3,không,khung,Negation/Function words,4.905850410461426,4.83834981918335,-0.0675005912780761
SENT_5456,SENT,PNT4,tao,ta,Pronouns,4.905850410461426,5.133428573608398,0.2275781631469726
SENT_5521,SENT,PNN,dí,rượt,Predicate vocabulary,5.4384026527404785,5.8245978355407715,0.3861951828002929
SENT_5521,SENT,PNN,dí,rượt,Predicate vocabulary,5.4384026527404785,5.8245978355407715,0.3861951828002929
SENT_5521,SENT,PNT2,tao,tau,Pronouns,5.4384026527404785,5.7178544998168945,0.279451847076416
SENT_5521,SENT,PNT3,tao,tau,Pronouns,5.4384026527404785,5.7178544998168945,0.279451847076416
SENT_5521,SENT,PNT3,nó,hắn,Pronouns,5.4384026527404785,5.679885387420654,0.2414827346801757
SENT_5521,SENT,PNT3,nó,hắn,Pronouns,5.4384026527404785,5.679885387420654,0.2414827346801757
SENT_5521,SENT,PNT3,cái,cấy,Negation/Function words,5.4384026527404785,5.490538597106934,0.052135944366455
SENT_5521,SENT,PNT4,tao,ta,Pronouns,5.4384026527404785,5.485091209411621,0.0466885566711425
SENT_5521,SENT,PNT4,nào,mô,Interrogatives,5.4384026527404785,5.876213073730469,0.4378104209899902
SENT_5531,SENT,PNN,hôm,bữa,Predicate vocabulary,4.992409706115723,5.058132648468018,0.0657229423522949
SENT_5531,SENT,PNT1,này,ni,Demonstratives/Deixis,4.992409706115723,5.801586627960205,0.8091769218444824
SENT_5531,SENT,PNT1,nào,mô,Negation/Function words,4.992409706115723,5.90790319442749,0.9154934883117676
SENT_5531,SENT,PNT1,tao,tau,Pronouns,4.992409706115723,5.955173015594482,0.9627633094787598
SENT_5531,SENT,PNT2,cái này,cấy ni,Demonstratives/Deixis,4.992409706115723,6.391587734222412,1.3991780281066897
SENT_5531,SENT,PNT2,hôm nào,bựa mô,Interrogatives,4.992409706115723,5.5879597663879395,0.5955500602722168
SENT_5531,SENT,PNT2,tao,tau,Pronouns,4.992409706115723,5.955173015594482,0.9627633094787598
SENT_5531,SENT,PNT3,cái này,cấy ni,Demonstratives/Deixis,4.992409706115723,6.391587734222412,1.3991780281066897
SENT_5531,SENT,PNT3,tao,tau,Pronouns,4.992409706115723,5.955173015594482,0.9627633094787598
SENT_5531,SENT,PNT4,này,ni,Demonstratives/Deixis,4.992409706115723,5.801586627960205,0.8091769218444824
SENT_5531,SENT,PNT4,nào,mô,Interrogatives,4.992409706115723,5.90790319442749,0.9154934883117676
MCQA_0002_4,MCQA,PNT1,nào,mô,Negation/Function words,2.523056745529175,2.8520548343658447,0.3289980888366699
MCQA_0002_4,MCQA,PNT2,những,mấy cấy,Negation/Function words,2.523056745529175,2.6982295513153076,0.1751728057861328
MCQA_0002_4,MCQA,PNT2,hạ,hè,Discourse particles,2.523056745529175,2.5159223079681396,-0.0071344375610351
MCQA_0002_4,MCQA,PNT3,thấy những,chộ mấy,Predicate vocabulary,2.523056745529175,2.830735206604004,0.3076784610748291
MCQA_0002_4,MCQA,PNT3,hạ,hè,Discourse particles,2.523056745529175,2.5159223079681396,-0.0071344375610351
MCQA_0002_4,MCQA,PNT4,những,mấy,Negation/Function words,2.523056745529175,2.5871989727020264,0.0641422271728515
MCQA_0002_4,MCQA,PNT4,hạ,hè,Predicate vocabulary,2.523056745529175,2.5159223079681396,-0.0071344375610351
MCQA_0004_3,MCQA,PNT1,gì,chi,Interrogatives,3.3239216804504395,3.5342586040496826,0.2103369235992431
MCQA_0004_3,MCQA,PNT2,đã làm gì,đạ mần chi,Interrogatives,3.3239216804504395,3.743104934692383,0.4191832542419433
MCQA_0004_3,MCQA,PNT3,gì,chi,Interrogatives,3.3239216804504395,3.5342586040496826,0.2103369235992431
MCQA_0004_3,MCQA,PNT4,gì,chi,Interrogatives,3.3239216804504395,3.5342586040496826,0.2103369235992431
MCQA_0010_1,MCQA,PNB,cha,bố,Kinship/Honorific terms,3.604546546936035,3.544423341751098,-0.0601232051849365
MCQA_0010_1,MCQA,PNB,cha,bố,Kinship/Honorific terms,3.604546546936035,3.544423341751098,-0.0601232051849365
MCQA_0010_1,MCQA,PNB,xuể,hết,Predicate vocabulary,3.604546546936035,3.6079118251800537,0.0033652782440185
MCQA_0010_1,MCQA,PNN,cha,ba,Kinship/Honorific terms,3.604546546936035,3.66910457611084,0.0645580291748046
MCQA_0010_1,MCQA,PNN,vì cha không,tại ba hổng,Kinship/Honorific terms,3.604546546936035,4.262482643127441,0.6579360961914062
MCQA_0010_1,MCQA,PNN,vì bố,tại ba,Kinship/Honorific terms,3.604546546936035,3.9129867553710938,0.3084402084350586
MCQA_0010_1,MCQA,PNN,vì,tại,Connectives/Aspect markers,3.604546546936035,3.6929094791412354,0.0883629322052002
MCQA_0010_1,MCQA,PNN,từ,hồi,Connectives/Aspect markers,3.604546546936035,3.636913776397705,0.0323672294616699
MCQA_0010_1,MCQA,PNN,vì,tại,Connectives/Aspect markers,3.604546546936035,3.6929094791412354,0.0883629322052002
MCQA_0010_1,MCQA,PNN,không,hổng,Negation/Function words,3.604546546936035,3.720790386199951,0.116243839263916
MCQA_0010_1,MCQA,PNT1,sao cha,răng bố,Interrogatives,3.604546546936035,4.071493625640869,0.466947078704834
MCQA_0010_1,MCQA,PNT1,cha,bố,Kinship/Honorific terms,3.604546546936035,3.544423341751098,-0.0601232051849365
MCQA_0010_1,MCQA,PNT2,vì sao cha,tại răng bố,Interrogatives,3.604546546936035,4.253120422363281,0.6485738754272461
MCQA_0010_1,MCQA,PNT2,vì cha không,tại bố nỏ,Kinship/Honorific terms,3.604546546936035,4.191017150878906,0.5864706039428711
MCQA_0010_1,MCQA,PNT2,vì,tại,Connectives/Aspect markers,3.604546546936035,3.6929094791412354,0.0883629322052002
MCQA_0010_1,MCQA,PNT2,vì,tại,Connectives/Aspect markers,3.604546546936035,3.6929094791412354,0.0883629322052002
MCQA_0010_1,MCQA,PNT2,vì,tại,Connectives/Aspect markers,3.604546546936035,3.6929094791412354,0.0883629322052002
MCQA_0010_1,MCQA,PNT2,không,nỏ,Negation/Function words,3.604546546936035,3.861400365829468,0.2568538188934326
MCQA_0010_1,MCQA,PNT3,sao cha muốn,răng bọ ưng,Interrogatives,3.604546546936035,4.267764091491699,0.6632175445556641
MCQA_0010_1,MCQA,PNT3,cha không thích,bọ nỏ ưng,Kinship/Honorific terms,3.604546546936035,3.844175577163696,0.2396290302276611
MCQA_0010_1,MCQA,PNT3,bố thích,bọ ưng,Kinship/Honorific terms,3.604546546936035,3.59181809425354,-0.0127284526824951
MCQA_0010_1,MCQA,PNT3,người khác,họ,Pronouns,3.604546546936035,3.667813539505005,0.0632669925689697
MCQA_0010_1,MCQA,PNT3,trước,bựa,Demonstratives/Deixis,3.604546546936035,3.6178460121154785,0.0132994651794433
MCQA_0010_1,MCQA,PNT3,không,nỏ,Negation/Function words,3.604546546936035,3.861400365829468,0.2568538188934326
MCQA_0010_1,MCQA,PNT4,sao cha,răng ba,Interrogatives,3.604546546936035,4.106518745422363,0.5019721984863281
MCQA_0010_1,MCQA,PNT4,cha,ba,Kinship/Honorific terms,3.604546546936035,3.66910457611084,0.0645580291748046
MCQA_0010_1,MCQA,PNT4,bố,ba,Kinship/Honorific terms,3.604546546936035,3.5445053577423096,-0.0600411891937255
MCQA_0010_3,MCQA,PNN,đã đưa ra ý kiến,nói,Idiomatic expressions,3.8307931423187256,3.6976895332336426,-0.133103609085083
MCQA_0010_3,MCQA,PNN,khi bố bảo,lúc ba kêu,Kinship/Honorific terms,3.8307931423187256,3.947202205657959,0.1164090633392334
MCQA_0010_3,MCQA,PNT1,gì,chi,Interrogatives,3.8307931423187256,4.023219108581543,0.1924259662628173
MCQA_0010_3,MCQA,PNT2,đã,đạ,Connectives/Aspect markers,3.8307931423187256,4.165192127227783,0.3343989849090576
MCQA_0010_3,MCQA,PNT2,gì,chi,Interrogatives,3.8307931423187256,4.023219108581543,0.1924259662628173
MCQA_0010_3,MCQA,PNT3,đưa ra,nói,Predicate vocabulary,3.8307931423187256,3.8427867889404297,0.0119936466217041
MCQA_0010_3,MCQA,PNT3,gì,chi,Interrogatives,3.8307931423187256,4.023219108581543,0.1924259662628173
MCQA_0010_3,MCQA,PNT3,bố,ba,Kinship/Honorific terms,3.8307931423187256,3.859370708465576,0.0285775661468505
MCQA_0010_3,MCQA,PNT4,gì,chi,Interrogatives,3.8307931423187256,4.023219108581543,0.1924259662628173
MCQA_0010_3,MCQA,PNT4,bố bảo,ba nói,Kinship/Honorific terms,3.8307931423187256,3.828965902328491,-0.0018272399902343
MCQA_0012_0,MCQA,PNN,bố,ba,Kinship/Honorific terms,3.7448394298553462,3.839597702026367,0.0947582721710205
MCQA_0012_0,MCQA,PNT2,làm gì,mần chi,Interrogatives,3.7448394298553462,4.111794948577881,0.3669555187225342
MCQA_0012_0,MCQA,PNT3,gì,chi,Interrogatives,3.7448394298553462,4.0215630531311035,0.2767236232757568
MCQA_0012_0,MCQA,PNT3,bố,ba,Kinship/Honorific terms,3.7448394298553462,3.839597702026367,0.0947582721710205
MCQA_0012_5,MCQA,PNN,không,hông,Negation/Function words,3.1138648986816406,3.2434275150299072,0.1295626163482666
MCQA_0012_5,MCQA,PNT2,sao,răng,Interrogatives,3.1138648986816406,3.596555233001709,0.4826903343200683
MCQA_0012_5,MCQA,PNT2,không,nỏ,Negation/Function words,3.1138648986816406,3.273364305496216,0.1594994068145752
MCQA_0012_5,MCQA,PNT2,bạn,lạo,Pronouns,3.1138648986816406,3.2925753593444824,0.1787104606628418
MCQA_0012_5,MCQA,PNT2,làm,mần,Predicate vocabulary,3.1138648986816406,3.2336232662200928,0.1197583675384521
MCQA_0012_5,MCQA,PNT2,vì,tại,Connectives/Aspect markers,3.1138648986816406,3.377957344055176,0.2640924453735351
MCQA_0012_5,MCQA,PNT2,vì,tại,Connectives/Aspect markers,3.1138648986816406,3.377957344055176,0.2640924453735351
MCQA_0012_5,MCQA,PNT3,sao,răng,Interrogatives,3.1138648986816406,3.596555233001709,0.4826903343200683
MCQA_0012_5,MCQA,PNT3,và,với,Connectives/Aspect markers,3.1138648986816406,3.205209493637085,0.0913445949554443
MCQA_0012_5,MCQA,PNT4,vì,tại/do,Connectives/Aspect markers,3.1138648986816406,3.6066157817840576,0.492750883102417
MCQA_0012_5,MCQA,PNT4,vì,tại/do,Connectives/Aspect markers,3.1138648986816406,3.6066157817840576,0.492750883102417
MCQA_0012_5,MCQA,PNT4,vì,tại/do,Connectives/Aspect markers,3.1138648986816406,3.6066157817840576,0.492750883102417
MCQA_0012_5,MCQA,PNT4,vì,tại/do,Connectives/Aspect markers,3.1138648986816406,3.6066157817840576,0.492750883102417
MCQA_0013_3,MCQA,PNT4,giúp mẹ một số công,phụ má mấy,Kinship/Honorific terms,3.752254486083984,4.168806552886963,0.4165520668029785
MCQA_0013_3,MCQA,PNT4,gì,chi,Interrogatives,3.752254486083984,4.007105827331543,0.2548513412475586
MCQA_0013_3,MCQA,PNT4,mẹ,má,Kinship/Honorific terms,3.752254486083984,3.861785888671875,0.1095314025878906
MCQA_0013_3,MCQA,PNT4,về,dìa,Predicate vocabulary,3.752254486083984,3.904851198196411,0.1525967121124267
MCQA_0013_3,MCQA,PNT4,và,với,Connectives/Aspect markers,3.752254486083984,3.8742754459381104,0.1220209598541259
MCQA_0013_3,MCQA,PNT4,bố,ba,Kinship/Honorific terms,3.752254486083984,3.796912670135498,0.0446581840515136
MCQA_0013_3,MCQA,PNT4,trông,coi,Predicate vocabulary,3.752254486083984,3.86461329460144,0.112358808517456
MCQA_0013_3,MCQA,PNT4,và,với,Connectives/Aspect markers,3.752254486083984,3.8742754459381104,0.1220209598541259
MCQA_0013_4,MCQA,PNT4,bố,ba,Kinship/Honorific terms,2.81641149520874,2.8450264930725098,0.0286149978637695
MCQA_0014_1,MCQA,PNT4,bố,ba,Kinship/Honorific terms,3.125565528869629,3.262056589126587,0.136491060256958
MCQA_0014_1,MCQA,PNT4,đâu,mô,Interrogatives,3.125565528869629,3.5952837467193604,0.4697182178497314
MCQA_0016_0,MCQA,PNT3,vào,vô,Connectives/Aspect markers,2.5017971992492676,2.6457607746124268,0.1439635753631591
MCQA_0016_0,MCQA,PNT3,làm gì,mần chi,Interrogatives,2.5017971992492676,2.791210889816284,0.2894136905670166
MCQA_0016_0,MCQA,PNT3,mẹ,mạ,Kinship/Honorific terms,2.5017971992492676,2.663809061050415,0.1620118618011474
MCQA_0016_0,MCQA,PNT3,bố,bọ,Kinship/Honorific terms,2.5017971992492676,2.682158946990967,0.1803617477416992
MCQA_0016_0,MCQA,PNT3,mong bố,trông bọ,Kinship/Honorific terms,2.5017971992492676,2.700897216796875,0.1991000175476074
MCQA_0016_0,MCQA,PNT4,vào,vô,Connectives/Aspect markers,2.5017971992492676,2.6457607746124268,0.1439635753631591
MCQA_0016_0,MCQA,PNT4,gì vào lúc,chi hồi,Interrogatives,2.5017971992492676,2.7280869483947754,0.2262897491455078
MCQA_0016_0,MCQA,PNT4,quá,ghê,Predicate vocabulary,2.5017971992492676,2.5607357025146484,0.0589385032653808
MCQA_0016_0,MCQA,PNT4,mẹ,má,Kinship/Honorific terms,2.5017971992492676,2.619826555252075,0.1180293560028076
MCQA_0016_0,MCQA,PNT4,bố,ba,Kinship/Honorific terms,2.5017971992492676,2.589646816253662,0.0878496170043945
MCQA_0016_0,MCQA,PNT4,bố,ba,Kinship/Honorific terms,2.5017971992492676,2.589646816253662,0.0878496170043945
MCQA_0018_4,MCQA,PNT3,làm gì,mần chi,Interrogatives,2.274907350540161,2.4372942447662354,0.1623868942260742
MCQA_0025_10,MCQA,PNN,bút,viết,Predicate vocabulary,2.482580184936523,2.7302815914154053,0.2477014064788818
MCQA_0025_10,MCQA,PNN,bút,viết,Predicate vocabulary,2.482580184936523,2.7302815914154053,0.2477014064788818
MCQA_0025_10,MCQA,PNN,bút,viết,Predicate vocabulary,2.482580184936523,2.7302815914154053,0.2477014064788818
MCQA_0025_10,MCQA,PNN,bút,viết,Predicate vocabulary,2.482580184936523,2.7302815914154053,0.2477014064788818
MCQA_0025_10,MCQA,PNT2,gì,chi,Interrogatives,2.482580184936523,2.574687957763672,0.0921077728271484
MCQA_0025_10,MCQA,PNT2,thế,rứa,Demonstratives/Deixis,2.482580184936523,2.557138442993164,0.0745582580566406
MCQA_0025_10,MCQA,PNT3,gì,chi,Interrogatives,2.482580184936523,2.574687957763672,0.0921077728271484
MCQA_0025_10,MCQA,PNT3,mình,miềng,Pronouns,2.482580184936523,2.668738603591919,0.1861584186553955
MCQA_0025_10,MCQA,PNT3,không thích,nỏ ưng,Negation/Function words,2.482580184936523,2.749734878540039,0.2671546936035156
MCQA_0025_10,MCQA,PNT3,không,nỏ,Negation/Function words,2.482580184936523,2.6929421424865723,0.2103619575500488
MCQA_0090_10,MCQA,PNN,như thế nào,ra sao,Interrogatives,2.760953903198242,2.7292773723602295,-0.0316765308380126
MCQA_0090_10,MCQA,PNN,mẹ,má,Kinship/Honorific terms,2.760953903198242,2.9466564655303955,0.1857025623321533
MCQA_0090_10,MCQA,PNN,hối hả,tất bật,Predicate vocabulary,2.760953903198242,3.050642490386963,0.2896885871887207
MCQA_0090_10,MCQA,PNN,ghen tị,phân bì,Predicate vocabulary,2.760953903198242,3.1496753692626953,0.3887214660644531
MCQA_0090_10,MCQA,PNN,xấu hổ,mắc cỡ,Predicate vocabulary,2.760953903198242,3.031632423400879,0.2706785202026367
MCQA_0090_10,MCQA,PNT2,như thế nào,a răng,Interrogatives,2.760953903198242,3.1002542972564697,0.3393003940582275
MCQA_0090_10,MCQA,PNT3,thế nào,răng,Interrogatives,2.760953903198242,3.169541358947754,0.4085874557495117
MCQA_0090_10,MCQA,PNT3,mẹ và anh,mạ với eng,Kinship/Honorific terms,2.760953903198242,3.440059185028076,0.679105281829834
MCQA_0090_10,MCQA,PNT3,hối hả,tất ta tất tưởi,Idiomatic expressions,2.760953903198242,3.3311829566955566,0.5702290534973145
MCQA_0090_10,MCQA,PNT3,ghen tị,èng neng,Predicate vocabulary,2.760953903198242,3.424426794052124,0.6634728908538818
MCQA_0090_10,MCQA,PNT3,xấu hổ,ồng ngai,Predicate vocabulary,2.760953903198242,3.1442036628723145,0.3832497596740722
NLI_0028,NLI,PNB,thục,thạo,Predicate vocabulary,3.199821710586548,3.0639071464538574,-0.1359145641326904
NLI_0028,NLI,PNN,thành thục,rành rọt,Predicate vocabulary,3.199821710586548,3.143085479736328,-0.0567362308502197
NLI_0028,NLI,PNT1,không,chả,Negation/Function words,3.199821710586548,3.3967692852020264,0.1969475746154785
NLI_0028,NLI,PNT2,rất,rành,Predicate vocabulary,3.199821710586548,3.6112349033355713,0.4114131927490234
NLI_0028,NLI,PNT3,những,mấy,Negation/Function words,3.199821710586548,3.290177345275879,0.090355634689331
NLI_0028,NLI,PNT3,thể sử dụng,dùng,Predicate vocabulary,3.199821710586548,3.331660509109497,0.1318387985229492
NLI_0028,NLI,PNT4,thục,thạo,Predicate vocabulary,3.199821710586548,3.0639071464538574,-0.1359145641326904
NLI_0064,NLI,PNT2,và,với,Connectives/Aspect markers,3.5175185203552246,3.654976129531861,0.1374576091766357
NLI_0064,NLI,PNT2,thế nào,răng,Interrogatives,3.5175185203552246,4.358112812042236,0.8405942916870117
NLI_0064,NLI,PNT3,thế nào,răng,Interrogatives,3.5175185203552246,4.358112812042236,0.8405942916870117
NLI_0064,NLI,PNT4,thế nào,răng,Interrogatives,3.5175185203552246,4.358112812042236,0.8405942916870117
NLI_0157,NLI,PNN,ngày qua,bữa,Predicate vocabulary,4.1391401290893555,4.70550537109375,0.5663652420043945
NLI_0157,NLI,PNT1,ấy,nứ,Demonstratives/Deixis,4.1391401290893555,4.654297351837158,0.5151572227478027
NLI_0157,NLI,PNT2,đã,đạ,Connectives/Aspect markers,4.1391401290893555,4.736656665802002,0.5975165367126465
NLI_0157,NLI,PNT2,các,mấy,Negation/Function words,4.1391401290893555,4.336811542510986,0.1976714134216308
NLI_0157,NLI,PNT2,qua,vừa rồi,Connectives/Aspect markers,4.1391401290893555,4.202896595001221,0.0637564659118652
NLI_0157,NLI,PNT3,các,mấy cì,Pronouns,4.1391401290893555,4.756921291351318,0.6177811622619629
NLI_0157,NLI,PNT3,ấy,nớ,Demonstratives/Deixis,4.1391401290893555,4.650012016296387,0.5108718872070312
NLI_0240,NLI,PNT1,do chưa đóng,doa chư đuống,Predicate vocabulary,3.740235567092895,4.576277256011963,0.8360416889190674
NLI_0240,NLI,PNT2,không,nỏ,Negation/Function words,3.740235567092895,4.08176851272583,0.3415329456329345
NLI_0240,NLI,PNT2,vào,vô,Connectives/Aspect markers,3.740235567092895,4.396500110626221,0.6562645435333252
NLI_0240,NLI,PNT3,đóng,nộp,Predicate vocabulary,3.740235567092895,3.910635471343994,0.1703999042510986
NLI_0240,NLI,PNT3,không,khung,Negation/Function words,3.740235567092895,4.073034286499023,0.3327987194061279
NLI_0240,NLI,PNT3,vào,vô,Connectives/Aspect markers,3.740235567092895,4.396500110626221,0.6562645435333252
NLI_0240,NLI,PNT3,tới,ni,Demonstratives/Deixis,3.740235567092895,4.168350696563721,0.4281151294708252
NLI_0337,NLI,PNN,tại thời điểm,lúc,Connectives/Aspect markers,4.182571887969971,4.4784345626831055,0.2958626747131347
NLI_0337,NLI,PNN,không,hông,Negation/Function words,4.182571887969971,4.4536261558532715,0.2710542678833008
NLI_0337,NLI,PNT1,gì,chi,Interrogatives,4.182571887969971,4.6830549240112305,0.5004830360412598
NLI_0337,NLI,PNT2,không,nỏ,Negation/Function words,4.182571887969971,4.69627571105957,0.5137038230895996
NLI_0337,NLI,PNT2,gì,chi,Interrogatives,4.182571887969971,4.6830549240112305,0.5004830360412598
NLI_0337,NLI,PNT3,không,khung,Negation/Function words,4.182571887969971,4.557469367980957,0.3748974800109863
NLI_0337,NLI,PNT3,gì,chi,Interrogatives,4.182571887969971,4.6830549240112305,0.5004830360412598
NLI_0337,NLI,PNT4,này,ni,Demonstratives/Deixis,4.182571887969971,4.468080520629883,0.2855086326599121
NLI_0337,NLI,PNT4,gì,chi,Interrogatives,4.182571887969971,4.6830549240112305,0.5004830360412598
NLI_0448,NLI,PNN,lặp,làm,Predicate vocabulary,3.7712109088897705,4.164029598236084,0.3928186893463135
NLI_0448,NLI,PNN,những,mấy cái,Negation/Function words,3.7712109088897705,4.252490997314453,0.4812800884246826
NLI_0448,NLI,PNT3,những,mấy,Negation/Function words,3.7712109088897705,4.121342182159424,0.3501312732696533
NLI_0459,NLI,PNN,vào,vô,Connectives/Aspect markers,5.620736122131348,5.922766208648682,0.302030086517334
NLI_0459,NLI,PNN,và,với,Connectives/Aspect markers,5.620736122131348,5.605080604553223,-0.015655517578125
NLI_0459,NLI,PNT1,mắng mỏ và bêu riếu,chửi bới với bếu rếu,Predicate vocabulary,5.620736122131348,5.252657413482666,-0.3680787086486816
NLI_0459,NLI,PNT1,chàng trai,nó,Pronouns,5.620736122131348,6.140399932861328,0.5196638107299805
NLI_0459,NLI,PNT2,chàng trai,của anh nớ,Idiomatic expressions,5.620736122131348,5.712237358093262,0.091501235961914
NLI_0459,NLI,PNT3,vào,vô,Connectives/Aspect markers,5.620736122131348,5.922766208648682,0.302030086517334
NLI_0459,NLI,PNT3,và,với,Connectives/Aspect markers,5.620736122131348,5.605080604553223,-0.015655517578125
NLI_0459,NLI,PNT3,chàng trai,anh nớ,Idiomatic expressions,5.620736122131348,5.957052230834961,0.3363161087036133
NLI_0459,NLI,PNT4,bêu riếu,trêu chọc,Predicate vocabulary,5.620736122131348,4.784468173980713,-0.8362679481506348
NLI_0511,NLI,PNN,đến,tới,Predicate vocabulary,3.6053624153137207,3.7232651710510254,0.1179027557373046
NLI_0511,NLI,PNN,không,hông,Negation/Function words,3.6053624153137207,3.958717823028565,0.3533554077148437
NLI_0511,NLI,PNT1,sao,răng,Interrogatives,3.6053624153137207,4.716368198394775,1.111005783081055
NLI_0511,NLI,PNT2,sao,răng,Interrogatives,3.6053624153137207,4.716368198394775,1.111005783081055
NLI_0511,NLI,PNT3,và,rồi,Connectives/Aspect markers,3.6053624153137207,3.756145477294922,0.1507830619812011
NLI_0511,NLI,PNT3,sao,răng,Interrogatives,3.6053624153137207,4.716368198394775,1.111005783081055
NLI_0511,NLI,PNT3,tấm,tờ,Predicate vocabulary,3.6053624153137207,3.761721134185791,0.1563587188720703
NLI_0515,NLI,PNN,tốt,giỏi,Predicate vocabulary,3.3754773139953613,3.5320608615875244,0.156583547592163
NLI_0515,NLI,PNN,gọi,kêu,Predicate vocabulary,3.3754773139953613,3.1804847717285156,-0.1949925422668457
NLI_0515,NLI,PNT1,đó,đớ,Demonstratives/Deixis,3.3754773139953613,3.9032585620880127,0.5277812480926514
NLI_0515,NLI,PNT2,người đàn ông,ci anh nớ,Idiomatic expressions,3.3754773139953613,4.435844421386719,1.0603671073913574
NLI_0515,NLI,PNT3,đó,nớ,Demonstratives/Deixis,3.3754773139953613,3.5788145065307617,0.2033371925354004
NLI_0515,NLI,PNT3,rất,khá,Predicate vocabulary,3.3754773139953613,3.533541679382324,0.1580643653869629
NLI_0515,NLI,PNT3,gọi,hú mấy người xung quanh,Predicate vocabulary,3.3754773139953613,3.575522184371948,0.2000448703765869
NLI_0515,NLI,PNT4,lúc đó,hồi nớ,Demonstratives/Deixis,3.3754773139953613,3.783382654190063,0.4079053401947021
NLI_0516,NLI,PNN,tại,ở,Predicate vocabulary,4.338087558746338,4.286104202270508,-0.05198335647583
NLI_0516,NLI,PNT3,tại 1,ở một,Predicate vocabulary,4.338087558746338,4.480354309082031,0.1422667503356933
NLI_0521,NLI,PNT1,ấy,nứ,Demonstratives/Deixis,4.101953983306885,4.884744167327881,0.7827901840209961
NLI_0521,NLI,PNT2,cô ấy,hấn,Pronouns,4.101953983306885,4.784162998199463,0.6822090148925781
NLI_0521,NLI,PNT3,mẹ cô đã cảm thấy,mạ ả đạ chộ,Kinship/Honorific terms,4.101953983306885,5.48429012298584,1.382336139678955
NLI_0521,NLI,PNT3,mình,miềng,Pronouns,4.101953983306885,4.492240905761719,0.390286922454834
NLI_0521,NLI,PNT3,cô ấy,ả nớ,Pronouns,4.101953983306885,4.944065570831299,0.8421115875244141
NLI_0521,NLI,PNT4,cô ấy,cổ,Pronouns,4.101953983306885,4.800956726074219,0.699002742767334
NLI_0647,NLI,PNB,tin chuẩn,chính xác,Idiomatic expressions,3.598254919052124,2.9653918743133545,-0.6328630447387695
NLI_0647,NLI,PNT3,vào nó,vô hắn,Pronouns,3.598254919052124,4.5469069480896,0.9486520290374756
NLI_0716,NLI,PNT2,không,khung,Negation/Function words,4.270226955413818,4.644875526428223,0.3746485710144043
NLI_0716,NLI,PNT2,cô gái cưới chồng,ả nớ lấy nhông,Kinship/Honorific terms,4.270226955413818,5.2140960693359375,0.9438691139221193
NLI_0716,NLI,PNT3,không,nỏ,Negation/Function words,4.270226955413818,4.748410224914551,0.4781832695007324
NLI_0716,NLI,PNT3,cô gái cưới chồng,ả nớ lấy dông,Kinship/Honorific terms,4.270226955413818,5.153237342834473,0.8830103874206543
NLI_0716,NLI,PNT4,gái cưới,nớ lấy,Predicate vocabulary,4.270226955413818,4.592606544494629,0.3223795890808105
NLI_0729,NLI,PNT2,như thế nào,ra răng,Interrogatives,2.9791228771209717,4.178807735443115,1.1996848583221436
NLI_0729,NLI,PNT3,nhưng không,chơ đều nỏ,Negation/Function words,2.9791228771209717,4.1875081062316895,1.2083852291107178
NLI_0729,NLI,PNT3,thế nào,răng,Interrogatives,2.9791228771209717,3.9651267528533936,0.986003875732422
NLI_0729,NLI,PNT4,ông ấy như thế nào,ổng ren hết,Interrogatives,2.9791228771209717,4.465237140655518,1.486114263534546
NLI_0830,NLI,PNT3,hôm,bữa,Predicate vocabulary,3.5533158779144287,3.90055513381958,0.3472392559051513
NLI_0830,NLI,PNT4,hôm,bữa,Predicate vocabulary,3.5533158779144287,3.90055513381958,0.3472392559051513
NLI_0959,NLI,PNT4,trong tương lai,sau ni,Idiomatic expressions,3.3606326580047607,4.092588901519775,0.7319562435150146
NLI_0959,NLI,PNT4,những ngưới,mấy người,Predicate vocabulary,3.3606326580047607,3.2718987464904785,-0.0887339115142822
NLI_0959,NLI,PNT4,đến,tới,Predicate vocabulary,3.3606326580047607,3.3627443313598633,0.0021116733551025
NLI_1019,NLI,PNT2,không,nỏ,Negation/Function words,4.0167646408081055,4.477872371673584,0.4611077308654785
NLI_1069,NLI,PNT2,không,nỏ,Negation/Function words,3.1217339038848877,3.566802978515625,0.4450690746307373
NLI_1069,NLI,PNT2,vậy,rứa,Demonstratives/Deixis,3.1217339038848877,3.4645142555236816,0.3427803516387939
NLI_1069,NLI,PNT2,không,nỏ,Negation/Function words,3.1217339038848877,3.566802978515625,0.4450690746307373
NLI_1077,NLI,PNT3,cái,cấy,Negation/Function words,7.076441287994385,6.708713054656982,-0.3677282333374023
NLI_1114,NLI,PNT3,chúng tôi,bọn tau,Pronouns,3.0658676624298096,4.707162380218506,1.6412947177886963
QA_0268,QA,PNN,như thế nào,ra sao,Interrogatives,4.642796516418457,4.798868656158447,0.1560721397399902
QA_0268,QA,PNT2,như thế nào,a răng,Interrogatives,4.642796516418457,5.798738956451416,1.155942440032959
QA_0363,QA,PNT1,gì,chi,Interrogatives,3.5584583282470703,4.055624485015869,0.4971661567687988
QA_0363,QA,PNT1,về,viền,Predicate vocabulary,3.5584583282470703,3.992101192474365,0.4336428642272949
QA_0363,QA,PNT2,điều gì,cái chi,Interrogatives,3.5584583282470703,4.563290119171143,1.0048317909240725
QA_0363,QA,PNT3,gì,chi,Interrogatives,3.5584583282470703,4.055624485015869,0.4971661567687988
QA_0363,QA,PNT3,khiến,mần,Predicate vocabulary,3.5584583282470703,4.303908824920654,0.745450496673584
QA_0572,QA,PNN,như thế nào,làm sao,Interrogatives,3.609093427658081,3.7107770442962646,0.1016836166381836
QA_0572,QA,PNN,các,mấy cái,Negation/Function words,3.609093427658081,4.071207046508789,0.462113618850708
QA_10332,QA,PNT1,này,ni,Demonstratives/Deixis,4.169771194458008,4.753497123718262,0.5837259292602539
QA_10332,QA,PNT1,gì,chi,Interrogatives,4.169771194458008,4.482206344604492,0.3124351501464844
QA_10332,QA,PNT2,đã,đạ,Connectives/Aspect markers,4.169771194458008,4.446337699890137,0.2765665054321289
QA_10332,QA,PNT2,này,ni,Demonstratives/Deixis,4.169771194458008,4.753497123718262,0.5837259292602539
QA_10332,QA,PNT2,gì,chi,Interrogatives,4.169771194458008,4.482206344604492,0.3124351501464844
QA_10332,QA,PNT3,vào,trong,Predicate vocabulary,4.169771194458008,4.030500411987305,-0.1392707824707031
QA_10332,QA,PNT3,này,ni,Demonstratives/Deixis,4.169771194458008,4.753497123718262,0.5837259292602539
QA_10332,QA,PNT3,gì,chi,Interrogatives,4.169771194458008,4.482206344604492,0.3124351501464844
QA_10332,QA,PNT4,này,ni,Demonstratives/Deixis,4.169771194458008,4.753497123718262,0.5837259292602539
QA_10332,QA,PNT4,gì,chi,Interrogatives,4.169771194458008,4.482206344604492,0.3124351501464844
QA_10377,QA,PNB,cái,thứ,Negation/Function words,3.1572327613830566,3.195725440979004,0.0384926795959472
QA_10377,QA,PNT1,gì,chi,Interrogatives,3.1572327613830566,3.5444624423980713,0.3872296810150146
QA_10377,QA,PNT2,đã,đạ,Connectives/Aspect markers,3.1572327613830566,3.6443605422973633,0.4871277809143066
QA_10377,QA,PNT2,gì,chi,Interrogatives,3.1572327613830566,3.5444624423980713,0.3872296810150146
QA_10377,QA,PNT3,gì tại,chi ở cì chỗ,Interrogatives,3.1572327613830566,4.02194356918335,0.864710807800293
QA_10377,QA,PNT4,gì,chi,Interrogatives,3.1572327613830566,3.5444624423980713,0.3872296810150146
QA_10410,QA,PNT2,đã,đạ,Connectives/Aspect markers,3.954020977020264,4.507531642913818,0.5535106658935547
QA_10410,QA,PNT2,vào làm những,vô mần nhửng,Predicate vocabulary,3.954020977020264,5.008498191833496,1.0544772148132324
QA_10410,QA,PNT2,gì,chi,Interrogatives,3.954020977020264,4.483219146728516,0.529198169708252
QA_10410,QA,PNT3,đã,đạ,Connectives/Aspect markers,3.954020977020264,4.507531642913818,0.5535106658935547
QA_10410,QA,PNT3,vào làm,vô mần,Predicate vocabulary,3.954020977020264,4.7831315994262695,0.8291106224060059
QA_10410,QA,PNT3,gì,chi,Interrogatives,3.954020977020264,4.483219146728516,0.529198169708252
QA_10410,QA,PNT4,vào,vô,Connectives/Aspect markers,3.954020977020264,4.4226579666137695,0.4686369895935058
QA_10410,QA,PNT4,những,mấy,Negation/Function words,3.954020977020264,4.142440319061279,0.1884193420410156
QA_10410,QA,PNT4,gì,chi,Interrogatives,3.954020977020264,4.483219146728516,0.529198169708252
QA_11490,QA,PNT1,làm,mằn,Predicate vocabulary,4.653783798217773,5.23944091796875,0.5856571197509766
QA_11490,QA,PNT2,đã làm gì,đạ mần chi,Interrogatives,4.653783798217773,5.243142604827881,0.5893588066101074
QA_11490,QA,PNT3,làm gì,mần chi,Interrogatives,4.653783798217773,5.429279804229736,0.7754960060119629
QA_11490,QA,PNT4,tin,nói,Predicate vocabulary,4.653783798217773,4.515933036804199,-0.1378507614135742
QA_11490,QA,PNT4,gì,chi,Interrogatives,4.653783798217773,5.021721839904785,0.3679380416870117
QA_11800,QA,PNB,người,quân,Predicate vocabulary,3.224625825881958,3.1773529052734375,-0.0472729206085205
QA_11800,QA,PNB,đối với,trước,Connectives/Aspect markers,3.224625825881958,3.4143636226654053,0.1897377967834472
QA_11800,QA,PNT2,thế nào,răng,Interrogatives,3.224625825881958,4.411531925201416,1.186906099319458
QA_11800,QA,PNT2,này,ni,Demonstratives/Deixis,3.224625825881958,4.089344501495361,0.8647186756134033
QA_11800,QA,PNT3,người,quân,Predicate vocabulary,3.224625825881958,3.1773529052734375,-0.0472729206085205
QA_11800,QA,PNT3,thế nào,răng,Interrogatives,3.224625825881958,4.411531925201416,1.186906099319458
QA_11800,QA,PNT3,này,ni,Demonstratives/Deixis,3.224625825881958,4.089344501495361,0.8647186756134033
QA_12019,QA,PNT2,vào,vô,Connectives/Aspect markers,2.97096848487854,3.6546053886413574,0.6836369037628174
QA_12019,QA,PNT3,vào,vô,Connectives/Aspect markers,2.97096848487854,3.6546053886413574,0.6836369037628174
QA_1203,QA,PNT1,thế nào,răng,Interrogatives,5.720480918884277,6.696925640106201,0.9764447212219238
QA_12099,QA,PNT2,như thế nào,ra răng,Interrogatives,3.6093571186065674,4.711228847503662,1.1018717288970947
QA_12099,QA,PNT3,thế nào,răng,Interrogatives,3.6093571186065674,4.6860480308532715,1.076690912246704
QA_12824,QA,PNT3,vào,vô,Connectives/Aspect markers,3.1132326126098633,3.711565971374512,0.5983333587646484
QA_12824,QA,PNT3,thế nào,răng,Interrogatives,3.1132326126098633,4.113382339477539,1.0001497268676758
QA_13794,QA,PNT3,thế,thể,Demonstratives/Deixis,2.892192840576172,3.653772354125977,0.7615795135498047
QA_13794,QA,PNT3,thế nào,răng,Interrogatives,2.892192840576172,4.277765274047852,1.3855724334716797
QA_1521,QA,PNT4,giai đoạn,thời gian,Predicate vocabulary,2.868987560272217,2.9105398654937744,0.0415523052215576
QA_1521,QA,PNT4,thế nào,ren,Interrogatives,2.868987560272217,3.9390556812286377,1.070068120956421
SENT_0018,SENT,PNB,chừ,giờ,Demonstratives/Deixis,4.696091175079346,4.696111679077148,2.0503997802734375e-05
SENT_0018,SENT,PNN,chừ,giờ,Negation/Function words,4.696091175079346,4.696111679077148,2.0503997802734375e-05
SENT_0018,SENT,PNN,trất,dẹp đi,Predicate vocabulary,4.696091175079346,4.233251571655273,-0.4628396034240722
SENT_0018,SENT,PNT1,gì,chi,Interrogatives,4.696091175079346,5.075005531311035,0.3789143562316894
SENT_0018,SENT,PNT2,bây chừ,ni,Demonstratives/Deixis,4.696091175079346,5.293822288513184,0.5977311134338379
SENT_0018,SENT,PNT2,gì cũng,chi cụng,Interrogatives,4.696091175079346,5.333899974822998,0.6378087997436523
SENT_0018,SENT,PNT2,trất,dẹp,Predicate vocabulary,4.696091175079346,4.350360870361328,-0.3457303047180176
SENT_0018,SENT,PNT3,bây chừ,ni,Demonstratives/Deixis,4.696091175079346,5.293822288513184,0.5977311134338379
SENT_0018,SENT,PNT3,gì,chi,Interrogatives,4.696091175079346,5.075005531311035,0.3789143562316894
SENT_0018,SENT,PNT3,thôi trất,dẹp đi,Idiomatic expressions,4.696091175079346,4.197667598724365,-0.4984235763549804
SENT_0018,SENT,PNT4,bây chừ,bi giờ,Negation/Function words,4.696091175079346,5.208501815795898,0.5124106407165527
SENT_0018,SENT,PNT4,gì,chi,Interrogatives,4.696091175079346,5.075005531311035,0.3789143562316894
SENT_0018,SENT,PNT4,vậy,rứa,Demonstratives/Deixis,4.696091175079346,4.7867021560668945,0.0906109809875488
SENT_0018,SENT,PNT4,trất,tốt nhứt,Predicate vocabulary,4.696091175079346,4.740558624267578,0.0444674491882324
SENT_0070,SENT,PNB,vốn,trình độ,Predicate vocabulary,5.505317687988281,4.616193771362305,-0.8891239166259766
SENT_0070,SENT,PNT1,xem cái này,xiêm cấy ni,Demonstratives/Deixis,5.505317687988281,6.230526924133301,0.7252092361450195
SENT_0070,SENT,PNT2,này,ni,Demonstratives/Deixis,5.505317687988281,6.203868389129639,0.6985507011413574
SENT_0070,SENT,PNT2,cũng khá,cụng được,Predicate vocabulary,5.505317687988281,5.5215678215026855,0.0162501335144042
SENT_0070,SENT,PNT3,xem,coi,Predicate vocabulary,5.505317687988281,5.813424587249756,0.3081068992614746
SENT_0070,SENT,PNT3,này,ni,Demonstratives/Deixis,5.505317687988281,6.203868389129639,0.6985507011413574
SENT_0070,SENT,PNT3,mình,tau,Pronouns,5.505317687988281,6.421517848968506,0.9162001609802246
SENT_0070,SENT,PNT4,này,ni,Demonstratives/Deixis,5.505317687988281,6.203868389129639,0.6985507011413574
SENT_0192,SENT,PNN,phát khổ,mệt,Predicate vocabulary,4.938327312469482,4.680338382720947,-0.2579889297485351
SENT_0192,SENT,PNN,bố mẹ,ba má,Kinship/Honorific terms,4.938327312469482,5.138605117797852,0.2002778053283691
SENT_0192,SENT,PNN,mấy,họ,Pronouns,4.938327312469482,4.75507926940918,-0.1832480430603027
SENT_0192,SENT,PNN,thế nào,vậy,Demonstratives/Deixis,4.938327312469482,5.062983512878418,0.1246562004089355
SENT_0192,SENT,PNT1,làm,mần,Predicate vocabulary,4.938327312469482,5.08182954788208,0.1435022354125976
SENT_0192,SENT,PNT1,chứ,chớ,Discourse particles,4.938327312469482,5.014872074127197,0.0765447616577148
SENT_0192,SENT,PNT2,làm,mần,Predicate vocabulary,4.938327312469482,5.08182954788208,0.1435022354125976
SENT_0192,SENT,PNT2,sẽ,có lẹ,Connectives/Aspect markers,4.938327312469482,5.110978603363037,0.1726512908935547
SENT_0192,SENT,PNT2,như thế nào,ni,Demonstratives/Deixis,4.938327312469482,5.361657619476318,0.4233303070068359
SENT_0192,SENT,PNT3,mình,mà tau,Pronouns,4.938327312469482,5.2361369132995605,0.2978096008300781
SENT_0192,SENT,PNT3,chứ,chơ,Connectives/Aspect markers,4.938327312469482,5.06951904296875,0.1311917304992675
SENT_0192,SENT,PNT3,phát khổ,phải khổi,Predicate vocabulary,4.938327312469482,4.960771083831787,0.0224437713623046
SENT_0192,SENT,PNT3,bố,ba,Kinship/Honorific terms,4.938327312469482,5.006673812866211,0.0683465003967285
SENT_0192,SENT,PNT3,thế nào,răng,Interrogatives,4.938327312469482,5.421052932739258,0.4827256202697754
SENT_0192,SENT,PNT4,bố mẹ,ba má,Kinship/Honorific terms,4.938327312469482,5.138605117797852,0.2002778053283691
SENT_0192,SENT,PNT4,thế nào,ri,Interrogatives,4.938327312469482,5.504781246185303,0.5664539337158203
SENT_0237,SENT,PNN,không nhỉ,lắm hông,Negation/Function words,3.525765180587769,3.662554979324341,0.1367897987365722
SENT_0237,SENT,PNN,ông ấy,ổng,Pronouns,3.525765180587769,3.7010016441345215,0.1752364635467529
SENT_0237,SENT,PNN,không,hông,Negation/Function words,3.525765180587769,3.5251293182373047,-0.0006358623504638
SENT_0237,SENT,PNN,không,hông,Negation/Function words,3.525765180587769,3.5251293182373047,-0.0006358623504638
SENT_0237,SENT,PNT1,này,ni,Demonstratives/Deixis,3.525765180587769,3.881634473800659,0.3558692932128906
SENT_0237,SENT,PNT1,ấy,nứ,Demonstratives/Deixis,3.525765180587769,4.073768615722656,0.5480034351348877
SENT_0237,SENT,PNT1,or,hoặc,Connectives/Aspect markers,3.525765180587769,3.231448173522949,-0.2943170070648193
SENT_0237,SENT,PNT2,nhìn thấy,chộ,Predicate vocabulary,3.525765180587769,3.927679300308227,0.401914119720459
SENT_0237,SENT,PNT2,này,ni,Demonstratives/Deixis,3.525765180587769,3.881634473800659,0.3558692932128906
SENT_0237,SENT,PNT2,ấy,ni,Demonstratives/Deixis,3.525765180587769,3.888050079345703,0.3622848987579345
SENT_0237,SENT,PNT2,không,nỏ,Negation/Function words,3.525765180587769,3.784265756607056,0.2585005760192871
SENT_0237,SENT,PNT2,or không,hoặc nỏ,Negation/Function words,3.525765180587769,3.647368907928467,0.1216037273406982
SENT_0237,SENT,PNT3,nhìn thấy,chộ,Predicate vocabulary,3.525765180587769,3.927679300308227,0.401914119720459
SENT_0237,SENT,PNT3,này,ni,Demonstratives/Deixis,3.525765180587769,3.881634473800659,0.3558692932128906
SENT_0237,SENT,PNT4,này,nớ,Demonstratives/Deixis,3.525765180587769,3.930606842041016,0.404841661453247
SENT_0237,SENT,PNT4,ấy,nớ,Demonstratives/Deixis,3.525765180587769,4.01649808883667,0.4907329082489013
SENT_0343,SENT,PNN,nhỉ,ta,Discourse particles,6.055375576019287,6.881957530975342,0.8265819549560547
SENT_0343,SENT,PNT1,này,ni,Demonstratives/Deixis,6.055375576019287,6.259059429168701,0.203683853149414
SENT_0343,SENT,PNT1,làm gì,mằn chi,Interrogatives,6.055375576019287,6.285848140716553,0.2304725646972656
SENT_0343,SENT,PNT2,làm gì vậy nhỉ,mần chi rứa hè,Interrogatives,6.055375576019287,6.757546424865723,0.7021708488464355
SENT_0343,SENT,PNT3,móa,mẹ,Kinship/Honorific terms,6.055375576019287,5.964398384094238,-0.0909771919250488
SENT_0343,SENT,PNT3,chứ,chơ,Connectives/Aspect markers,6.055375576019287,5.971368789672852,-0.0840067863464355
SENT_0343,SENT,PNT3,này,ni,Demonstratives/Deixis,6.055375576019287,6.259059429168701,0.203683853149414
SENT_0343,SENT,PNT3,gì vậy nhỉ,chi rứa he,Interrogatives,6.055375576019287,6.647491455078125,0.5921158790588379
SENT_0343,SENT,PNT4,chứ,chớ,Discourse particles,6.055375576019287,5.894734859466553,-0.1606407165527343
SENT_0343,SENT,PNT4,này,ni,Demonstratives/Deixis,6.055375576019287,6.259059429168701,0.203683853149414
SENT_0343,SENT,PNT4,gì vậy nhỉ,chi ri bây,Interrogatives,6.055375576019287,8.007257461547852,1.9518818855285645
SENT_0462,SENT,PNB,không,chả,Negation/Function words,4.898232936859131,4.759537696838379,-0.1386952400207519
SENT_0462,SENT,PNN,thế này,vầy,Demonstratives/Deixis,4.898232936859131,5.172818183898926,0.2745852470397949
SENT_0462,SENT,PNN,không,hông,Negation/Function words,4.898232936859131,4.858419418334961,-0.0398135185241699
SENT_0462,SENT,PNN,lười,làm biếng,Predicate vocabulary,4.898232936859131,4.75865364074707,-0.1395792961120605
SENT_0462,SENT,PNT1,tao,tau,Pronouns,4.898232936859131,4.968658447265625,0.0704255104064941
SENT_0462,SENT,PNT1,thế này,ri,Demonstratives/Deixis,4.898232936859131,5.872410297393799,0.974177360534668
SENT_0462,SENT,PNT1,giờ,chừ,Demonstratives/Deixis,4.898232936859131,4.947057723999023,0.0488247871398925
SENT_0462,SENT,PNT2,tao đã,tau đạ,Pronouns,4.898232936859131,5.312343120574951,0.4141101837158203
SENT_0462,SENT,PNT2,lười,nhác,Predicate vocabulary,4.898232936859131,4.975718021392822,0.0774850845336914
SENT_0462,SENT,PNT3,lười,nhác,Predicate vocabulary,4.898232936859131,4.975718021392822,0.0774850845336914
SENT_0462,SENT,PNT4,tao,ta,Pronouns,4.898232936859131,4.958440780639648,0.0602078437805175
SENT_0462,SENT,PNT4,thế này,ri,Demonstratives/Deixis,4.898232936859131,5.872410297393799,0.974177360534668
SENT_0462,SENT,PNT4,giờ,chừ,Negation/Function words,4.898232936859131,4.947057723999023,0.0488247871398925
SENT_0534,SENT,PNN,thật quá,thiệt,Connectives/Aspect markers,4.5274271965026855,4.5912184715271,0.063791275024414
SENT_0534,SENT,PNN,các,mấy,Negation/Function words,4.5274271965026855,4.590216159820557,0.0627889633178711
SENT_0534,SENT,PNN,ấy,nấy,Demonstratives/Deixis,4.5274271965026855,4.490589618682861,-0.0368375778198242
SENT_0534,SENT,PNN,nhé nhỉ,như,Discourse particles,4.5274271965026855,4.373877048492432,-0.1535501480102539
SENT_0534,SENT,PNT1,này đời,ni đơì,Demonstratives/Deixis,4.5274271965026855,4.753931045532227,0.226503849029541
SENT_0534,SENT,PNT1,ấy,nấy,Demonstratives/Deixis,4.5274271965026855,4.490589618682861,-0.0368375778198242
SENT_0534,SENT,PNT1,giờ,chừ,Demonstratives/Deixis,4.5274271965026855,4.556488513946533,0.0290613174438476
SENT_0534,SENT,PNT1,nhé nhỉ,như,Discourse particles,4.5274271965026855,4.373877048492432,-0.1535501480102539
SENT_0534,SENT,PNT1,sao,răng,Interrogatives,4.5274271965026855,4.643499851226807,0.1160726547241211
SENT_0534,SENT,PNT2,cái,ci,Negation/Function words,4.5274271965026855,4.534479141235352,0.007051944732666
SENT_0534,SENT,PNT2,mai này,sau ni,Demonstratives/Deixis,4.5274271965026855,4.678335666656494,0.1509084701538086
SENT_0534,SENT,PNT2,đó,nớ,Demonstratives/Deixis,4.5274271965026855,4.6385498046875,0.1111226081848144
SENT_0534,SENT,PNT2,ấy,nớ,Demonstratives/Deixis,4.5274271965026855,4.589596748352051,0.0621695518493652
SENT_0534,SENT,PNT2,bây giờ,giừ,Negation/Function words,4.5274271965026855,4.623753547668457,0.0963263511657714
SENT_0534,SENT,PNT2,thế,rứa,Demonstratives/Deixis,4.5274271965026855,4.5031890869140625,-0.024238109588623
SENT_0534,SENT,PNT2,sao,can chi,Interrogatives,4.5274271965026855,4.623951435089111,0.0965242385864257
SENT_0534,SENT,PNT3,cái,kì,Negation/Function words,4.5274271965026855,4.618804454803467,0.0913772583007812
SENT_0534,SENT,PNT3,các,mấy,Negation/Function words,4.5274271965026855,4.590216159820557,0.0627889633178711
SENT_0534,SENT,PNT3,thật,thiệt,Connectives/Aspect markers,4.5274271965026855,4.562068462371826,0.0346412658691406
SENT_0534,SENT,PNT3,các,mấy,Negation/Function words,4.5274271965026855,4.590216159820557,0.0627889633178711
SENT_0534,SENT,PNT3,này,rồi,Demonstratives/Deixis,4.5274271965026855,4.572197437286377,0.0447702407836914
SENT_0534,SENT,PNT3,sẽ,cũng,Connectives/Aspect markers,4.5274271965026855,4.510210037231445,-0.0172171592712402
SENT_0534,SENT,PNT3,đó,nớ,Demonstratives/Deixis,4.5274271965026855,4.6385498046875,0.1111226081848144
SENT_0534,SENT,PNT3,ấy,nớ,Demonstratives/Deixis,4.5274271965026855,4.589596748352051,0.0621695518493652
SENT_0534,SENT,PNT3,bây giờ,chừ,Negation/Function words,4.5274271965026855,4.598845958709717,0.0714187622070312
SENT_0534,SENT,PNT3,thế,rứa,Demonstratives/Deixis,4.5274271965026855,4.5031890869140625,-0.024238109588623
SENT_0534,SENT,PNT3,sao,răng,Interrogatives,4.5274271965026855,4.643499851226807,0.1160726547241211
SENT_0534,SENT,PNT4,thật quá,thiệt,Predicate vocabulary,4.5274271965026855,4.5912184715271,0.063791275024414
SENT_0534,SENT,PNT4,này,ni,Demonstratives/Deixis,4.5274271965026855,4.6460957527160645,0.1186685562133789
SENT_0534,SENT,PNT4,đó,nớ,Demonstratives/Deixis,4.5274271965026855,4.6385498046875,0.1111226081848144
SENT_0534,SENT,PNT4,nào,mô,Interrogatives,4.5274271965026855,4.578407287597656,0.0509800910949707
SENT_0534,SENT,PNT4,ấy,nớ,Demonstratives/Deixis,4.5274271965026855,4.589596748352051,0.0621695518493652
SENT_0534,SENT,PNT4,bây,bi,Demonstratives/Deixis,4.5274271965026855,4.626591205596924,0.0991640090942382
SENT_0534,SENT,PNT4,nhé nhỉ thế,nghe như rứa,Discourse particles,4.5274271965026855,4.4397711753845215,-0.087656021118164
SENT_0572,SENT,PNB,răng,sao,Interrogatives,5.573436737060547,5.127439498901367,-0.4459972381591797
SENT_0572,SENT,PNB,rứa,thế,Demonstratives/Deixis,5.573436737060547,5.621817588806152,0.0483808517456054
SENT_0572,SENT,PNN,răng,sao,Interrogatives,5.573436737060547,5.127439498901367,-0.4459972381591797
SENT_0572,SENT,PNN,to,bự,Predicate vocabulary,5.573436737060547,5.5310139656066895,-0.0424227714538574
SENT_0572,SENT,PNN,rứa,vậy,Demonstratives/Deixis,5.573436737060547,5.58626651763916,0.0128297805786132
SENT_0572,SENT,PNT1,răng,sao,Interrogatives,5.573436737060547,5.127439498901367,-0.4459972381591797
SENT_0572,SENT,PNT1,gì,chi,Interrogatives,5.573436737060547,5.732701778411865,0.1592650413513183
SENT_0572,SENT,PNT2,nhỉ,hè,Discourse particles,5.573436737060547,6.018579006195068,0.4451422691345215
SENT_0572,SENT,PNT2,nó,hấn,Pronouns,5.573436737060547,5.890068531036377,0.3166317939758301
SENT_0572,SENT,PNT2,nó,hấn,Pronouns,5.573436737060547,5.890068531036377,0.3166317939758301
SENT_0572,SENT,PNT2,gì,chi,Interrogatives,5.573436737060547,5.732701778411865,0.1592650413513183
SENT_0572,SENT,PNT3,tại,vì,Connectives/Aspect markers,5.573436737060547,5.568987846374512,-0.0044488906860351
SENT_0572,SENT,PNT3,nhỉ,hè,Discourse particles,5.573436737060547,6.018579006195068,0.4451422691345215
SENT_0572,SENT,PNT3,nó,hắn,Pronouns,5.573436737060547,5.870509147644043,0.2970724105834961
SENT_0572,SENT,PNT3,gì,chi,Interrogatives,5.573436737060547,5.732701778411865,0.1592650413513183
SENT_0572,SENT,PNT4,nhỉ,rứa,Discourse particles,5.573436737060547,5.414004325866699,-0.1594324111938476
SENT_0572,SENT,PNT4,to,bự,Predicate vocabulary,5.573436737060547,5.5310139656066895,-0.0424227714538574
SENT_0572,SENT,PNT4,gì,chi,Interrogatives,5.573436737060547,5.732701778411865,0.1592650413513183
SENT_0626,SENT,PNT1,nào cũng,mô củng,Interrogatives,4.888733863830566,5.798563480377197,0.9098296165466307
SENT_0626,SENT,PNT1,không,chả,Negation/Function words,4.888733863830566,5.122703552246094,0.2339696884155273
SENT_0626,SENT,PNT1,tao,tau,Pronouns,4.888733863830566,5.211263656616211,0.3225297927856445
SENT_0626,SENT,PNT2,tao,tau,Pronouns,4.888733863830566,5.211263656616211,0.3225297927856445
SENT_0626,SENT,PNT3,tao,tau,Pronouns,4.888733863830566,5.211263656616211,0.3225297927856445
SENT_0626,SENT,PNT4,tao,ta,Pronouns,4.888733863830566,4.8008832931518555,-0.0878505706787109
SENT_0696,SENT,PNN,tôi,tui,Pronouns,4.5763468742370605,4.649907112121582,0.0735602378845214
SENT_0696,SENT,PNN,đuổi,rượt,Predicate vocabulary,4.5763468742370605,4.557400703430176,-0.0189461708068847
SENT_0696,SENT,PNN,chúng,tụi,Pronouns,4.5763468742370605,4.514669418334961,-0.0616774559020996
SENT_0696,SENT,PNN,không,hông,Negation/Function words,4.5763468742370605,4.634729385375977,0.058382511138916
SENT_0696,SENT,PNN,đuổi,rượt,Predicate vocabulary,4.5763468742370605,4.557400703430176,-0.0189461708068847
SENT_0696,SENT,PNN,tôi,tui,Pronouns,4.5763468742370605,4.649907112121582,0.0735602378845214
SENT_0696,SENT,PNT3,tôi,tau,Pronouns,4.5763468742370605,4.812969207763672,0.2366223335266113
SENT_0696,SENT,PNT3,này,ni,Demonstratives/Deixis,4.5763468742370605,4.722757816314697,0.1464109420776367
SENT_0696,SENT,PNT3,ngõ,trổng,Predicate vocabulary,4.5763468742370605,4.630253314971924,0.0539064407348632
SENT_0696,SENT,PNT3,nó,hắn,Pronouns,4.5763468742370605,4.639769554138184,0.063422679901123
SENT_0696,SENT,PNT3,tao,tau,Pronouns,4.5763468742370605,4.693162441253662,0.1168155670166015
SENT_0696,SENT,PNT4,tôi,ta,Pronouns,4.5763468742370605,4.646884918212891,0.07053804397583
SENT_0696,SENT,PNT4,này,ni ak,Demonstratives/Deixis,4.5763468742370605,4.887146949768066,0.3108000755310058
SENT_0696,SENT,PNT4,nó,hén,Pronouns,4.5763468742370605,4.699322700500488,0.1229758262634277
SENT_0696,SENT,PNT4,tao lại,ta,Pronouns,4.5763468742370605,4.570600986480713,-0.0057458877563476
SENT_0696,SENT,PNT4,thục mạng,chết mẹ,Idiomatic expressions,4.5763468742370605,4.604872703552246,0.0285258293151855
SENT_0696,SENT,PNT4,chạy,qua,Predicate vocabulary,4.5763468742370605,4.643051624298096,0.0667047500610351
SENT_0696,SENT,PNT4,tôi,ta,Pronouns,4.5763468742370605,4.646884918212891,0.07053804397583
SENT_0814,SENT,PNB,cứ phải,toàn như,Idiomatic expressions,5.286576747894287,5.207058429718018,-0.0795183181762695
SENT_0814,SENT,PNB,gì,sao,Interrogatives,5.286576747894287,5.210335731506348,-0.0762410163879394
SENT_0814,SENT,PNT2,này,ni,Demonstratives/Deixis,5.286576747894287,5.501801013946533,0.2152242660522461
SENT_0814,SENT,PNT2,vào,vô,Connectives/Aspect markers,5.286576747894287,5.498109340667725,0.2115325927734375
SENT_0814,SENT,PNT2,chứ làm gì,chơ mần chi,Interrogatives,5.286576747894287,5.6451897621154785,0.3586130142211914
SENT_0814,SENT,PNT2,thế kia,rứa tê,Demonstratives/Deixis,5.286576747894287,5.314215660095215,0.0276389122009277
SENT_0814,SENT,PNT3,không,nỏ,Negation/Function words,5.286576747894287,5.36416482925415,0.0775880813598632
SENT_0814,SENT,PNT3,này,ni,Demonstratives/Deixis,5.286576747894287,5.501801013946533,0.2152242660522461
SENT_0814,SENT,PNT3,thật,thiệt,Connectives/Aspect markers,5.286576747894287,5.325082302093506,0.0385055541992187
SENT_0814,SENT,PNT3,mẹ vào,vô,Kinship/Honorific terms,5.286576747894287,5.402438163757324,0.1158614158630371
SENT_0814,SENT,PNT3,chứ làm gì,cho rồi chơ mần chi,Interrogatives,5.286576747894287,5.625590801239014,0.3390140533447265
SENT_0814,SENT,PNT3,dắt,đắc,Predicate vocabulary,5.286576747894287,5.474321365356445,0.1877446174621582
SENT_0814,SENT,PNT3,thế kia,rứa,Demonstratives/Deixis,5.286576747894287,5.296779155731201,0.010202407836914
SENT_0814,SENT,PNT4,thế này,tri,Demonstratives/Deixis,5.286576747894287,5.540469646453857,0.2538928985595703
SENT_0814,SENT,PNT4,làm gì,mắc chi,Predicate vocabulary,5.286576747894287,5.582458972930908,0.2958822250366211
SENT_0835,SENT,PNN,kia,đó,Demonstratives/Deixis,4.792160987854004,4.9046244621276855,0.1124634742736816
SENT_0835,SENT,PNN,không,hông,Negation/Function words,4.792160987854004,4.826527118682861,0.0343661308288574
SENT_0835,SENT,PNT2,nó,hấn,Pronouns,4.792160987854004,4.9687418937683105,0.1765809059143066
SENT_0835,SENT,PNT2,sao,răng,Interrogatives,4.792160987854004,5.407016277313232,0.6148552894592285
SENT_0835,SENT,PNT2,cũng không thấy,cụng nỏ chộ,Negation/Function words,4.792160987854004,5.102582931518555,0.3104219436645508
SENT_0835,SENT,PNT3,nó,trời,Pronouns,4.792160987854004,4.87383508682251,0.0816740989685058
SENT_0835,SENT,PNT3,sao,răng,Interrogatives,4.792160987854004,5.407016277313232,0.6148552894592285
SENT_0835,SENT,PNT3,không,nỏ,Negation/Function words,4.792160987854004,5.047016143798828,0.2548551559448242
SENT_0895,SENT,PNT3,làm,mần,Predicate vocabulary,6.201655864715576,6.046324253082275,-0.1553316116333007
SENT_0895,SENT,PNT3,vậy,rứa,Demonstratives/Deixis,6.201655864715576,5.907022476196289,-0.2946333885192871
SENT_0895,SENT,PNT3,hôm nó gặm,bựa hắn cắm,Pronouns,6.201655864715576,6.496696949005127,0.2950410842895508
SENT_0895,SENT,PNT3,cả,với,Connectives/Aspect markers,6.201655864715576,6.329036235809326,0.12738037109375
SENT_0895,SENT,PNT4,vậy,rứa,Demonstratives/Deixis,6.201655864715576,5.907022476196289,-0.2946333885192871
SENT_0895,SENT,PNT4,hôm nó,bữa hén,Demonstratives/Deixis,6.201655864715576,6.305215358734131,0.1035594940185546
SENT_0958,SENT,PNT2,chơi hoặc làm,nhởi hay mần,Predicate vocabulary,4.881076812744141,5.04005241394043,0.158975601196289
SENT_0958,SENT,PNT2,cùng,với,Connectives/Aspect markers,4.881076812744141,4.824002265930176,-0.0570745468139648
SENT_0958,SENT,PNT2,thì tao,chắc tau,Pronouns,4.881076812744141,5.4432268142700195,0.5621500015258789
SENT_0958,SENT,PNT2,sau đó bị,quá mấy nữa,Predicate vocabulary,4.881076812744141,5.357784748077393,0.4767079353332519
SENT_0958,SENT,PNT3,tao,tau,Pronouns,4.881076812744141,5.182997226715088,0.3019204139709472
SENT_0958,SENT,PNT3,chơi hoặc làm,dởi hay mần,Predicate vocabulary,4.881076812744141,5.10659646987915,0.2255196571350097
SENT_0958,SENT,PNT3,gái,cấy,Negation/Function words,4.881076812744141,4.991588592529297,0.1105117797851562
SENT_0958,SENT,PNT3,thời gian,tỉ,Predicate vocabulary,4.881076812744141,5.367727279663086,0.4866504669189453
SENT_0958,SENT,PNT3,tao,tau,Pronouns,4.881076812744141,5.182997226715088,0.3019204139709472
SENT_0958,SENT,PNT4,hoặc làm,hay lồm,Predicate vocabulary,4.881076812744141,5.050857067108154,0.1697802543640136
SENT_0958,SENT,PNT4,cùng bọn,với tụi,Pronouns,4.881076812744141,4.85543155670166,-0.0256452560424804
SENT_0958,SENT,PNT4,một thời gian,mấy bữa,Predicate vocabulary,4.881076812744141,5.296970367431641,0.4158935546875
SENT_0958,SENT,PNT4,tao ngày nào,ta ngà mô,Interrogatives,4.881076812744141,5.408626556396484,0.5275497436523438
SENT_0958,SENT,PNT4,sờ,xì,Predicate vocabulary,4.881076812744141,4.938701629638672,0.0576248168945312
SENT_1093,SENT,PNT2,không,nỏ,Negation/Function words,5.485020637512207,5.854257106781006,0.3692364692687988
SENT_1093,SENT,PNT2,này sợ thật đấy,hết cả hồn,Idiomatic expressions,5.485020637512207,5.38262414932251,-0.1023964881896972
SENT_1093,SENT,PNT3,không,nỏ,Negation/Function words,5.485020637512207,5.854257106781006,0.3692364692687988
SENT_1093,SENT,PNT3,này,ni,Demonstratives/Deixis,5.485020637512207,6.045905113220215,0.5608844757080078
SENT_1093,SENT,PNT3,thật đấy,thiệt,Connectives/Aspect markers,5.485020637512207,5.602278709411621,0.117258071899414
SENT_1093,SENT,PNT4,quả này,cú ni,Demonstratives/Deixis,5.485020637512207,6.293071269989014,0.8080506324768066
SENT_1093,SENT,PNT4,thật đấy,kinh á,Discourse particles,5.485020637512207,5.337358474731445,-0.1476621627807617
SENT_1098,SENT,PNT3,sao,răng,Interrogatives,6.258448123931885,6.975339412689209,0.7168912887573242
SENT_1098,SENT,PNT3,tao vậy,tau ri,Pronouns,6.258448123931885,7.89796781539917,1.6395196914672852
SENT_1098,SENT,PNT4,sao,ren,Interrogatives,6.258448123931885,6.8364763259887695,0.5780282020568848
SENT_1098,SENT,PNT4,tao vậy,ta rứa,Demonstratives/Deixis,6.258448123931885,6.146148681640625,-0.1122994422912597
SENT_1146,SENT,PNT3,giống tao nhưng,y tau mà,Pronouns,4.833867073059082,5.440968990325928,0.6071019172668457
SENT_1146,SENT,PNT3,tao,tau,Pronouns,4.833867073059082,5.032197952270508,0.1983308792114257
SENT_1146,SENT,PNT3,mẹ tao xưa,mạ tau hồi ơ,Pronouns,4.833867073059082,5.1759209632873535,0.3420538902282715
SENT_1146,SENT,PNT3,nên,bơ,Connectives/Aspect markers,4.833867073059082,4.892718315124512,0.0588512420654296
SENT_1146,SENT,PNT3,chứ,chơ răng,Connectives/Aspect markers,4.833867073059082,4.976576805114746,0.142709732055664
SENT_1146,SENT,PNT3,liền là không,luôn,Predicate vocabulary,4.833867073059082,4.951419353485107,0.1175522804260253
SENT_1146,SENT,PNT4,tao,ta,Pronouns,4.833867073059082,4.986124515533447,0.1522574424743652
SENT_1146,SENT,PNT4,tao,ta,Pronouns,4.833867073059082,4.986124515533447,0.1522574424743652
SENT_1146,SENT,PNT4,tao,ta,Pronouns,4.833867073059082,4.986124515533447,0.1522574424743652
SENT_1146,SENT,PNT4,chứ,chớ,Discourse particles,4.833867073059082,4.837085723876953,0.003218650817871
SENT_1161,SENT,PNT2,này,ni,Demonstratives/Deixis,4.785452365875244,5.216113567352295,0.4306612014770508
SENT_1161,SENT,PNT2,không,nỏ,Negation/Function words,4.785452365875244,5.111756801605225,0.3263044357299804
SENT_1161,SENT,PNT2,tao,tau,Pronouns,4.785452365875244,5.070146083831787,0.2846937179565429
SENT_1161,SENT,PNT3,này,ri,Demonstratives/Deixis,4.785452365875244,5.193679332733154,0.4082269668579101
SENT_1161,SENT,PNT3,không,nỏ,Negation/Function words,4.785452365875244,5.111756801605225,0.3263044357299804
SENT_1161,SENT,PNT3,bước,đoạn,Predicate vocabulary,4.785452365875244,4.9351487159729,0.1496963500976562
SENT_1161,SENT,PNT3,xem,răng,Interrogatives,4.785452365875244,5.151035785675049,0.3655834197998047
SENT_1161,SENT,PNT3,tao,tau,Pronouns,4.785452365875244,5.070146083831787,0.2846937179565429
SENT_1161,SENT,PNT4,này,ni,Demonstratives/Deixis,4.785452365875244,5.216113567352295,0.4306612014770508
SENT_1161,SENT,PNT4,xem,coi,Predicate vocabulary,4.785452365875244,4.86845064163208,0.0829982757568359
SENT_1161,SENT,PNT4,tao,ta,Pronouns,4.785452365875244,4.914004802703857,0.1285524368286132
SENT_1161,SENT,PNT4,ngay,liền,Predicate vocabulary,4.785452365875244,4.994429111480713,0.2089767456054687
SENT_1172,SENT,PNT3,đó vậy ta,nớ hè,Demonstratives/Deixis,4.840142726898193,5.571227550506592,0.7310848236083984
SENT_1172,SENT,PNT4,nhỉ,dậy,Discourse particles,4.840142726898193,5.978175163269043,1.1380324363708496
SENT_1172,SENT,PNT4,tới,xuống,Predicate vocabulary,4.840142726898193,4.967196464538574,0.1270537376403808
SENT_1172,SENT,PNT4,vậy,dậy,Demonstratives/Deixis,4.840142726898193,5.587794303894043,0.7476515769958496
SENT_1192,SENT,PNT3,dẫn gấu,đắc bồ,Predicate vocabulary,4.8917236328125,4.986483097076416,0.094759464263916
SENT_1192,SENT,PNT3,đám,chỗ,Predicate vocabulary,4.8917236328125,4.981321811676025,0.0895981788635253
SENT_1192,SENT,PNT3,chen,xô,Predicate vocabulary,4.8917236328125,4.677606582641602,-0.2141170501708984
SENT_1192,SENT,PNT3,tao,tau,Pronouns,4.8917236328125,5.154662132263184,0.2629384994506836
SENT_1192,SENT,PNT3,xơi,ăn,Predicate vocabulary,4.8917236328125,4.9350996017456055,0.0433759689331054
SENT_1192,SENT,PNT3,đấy,đó,Discourse particles,4.8917236328125,4.905766487121582,0.014042854309082
SENT_1192,SENT,PNT4,thằng,đứa,Predicate vocabulary,4.8917236328125,4.938144207000732,0.0464205741882324
SENT_1192,SENT,PNT4,gấu,ghệ,Predicate vocabulary,4.8917236328125,5.1259355545043945,0.2342119216918945
SENT_1192,SENT,PNT4,tránh xa,né,Predicate vocabulary,4.8917236328125,5.166034698486328,0.2743110656738281
SENT_1192,SENT,PNT4,nhé,nghe,Discourse particles,4.8917236328125,5.007048606872559,0.1153249740600586
SENT_1192,SENT,PNT4,xơi,ăn,Predicate vocabulary,4.8917236328125,4.9350996017456055,0.0433759689331054
SENT_1192,SENT,PNT4,đấy,đó,Demonstratives/Deixis,4.8917236328125,4.905766487121582,0.014042854309082
SENT_1222,SENT,PNT3,tao,tau,Pronouns,4.913679122924805,5.039984703063965,0.1263055801391601
SENT_1222,SENT,PNT3,làm,mần,Predicate vocabulary,4.913679122924805,4.856257438659668,-0.0574216842651367
SENT_1222,SENT,PNT3,nó vương,hắn vươn,Pronouns,4.913679122924805,4.877967834472656,-0.0357112884521484
SENT_1222,SENT,PNT3,muốn,ưng,Predicate vocabulary,4.913679122924805,4.973657131195068,0.0599780082702636
SENT_1222,SENT,PNT3,tao,tau,Pronouns,4.913679122924805,5.039984703063965,0.1263055801391601
SENT_1222,SENT,PNT3,tao,tau còn,Pronouns,4.913679122924805,5.086953163146973,0.1732740402221679
SENT_1222,SENT,PNT3,làm gì nó,mần chi hắn,Interrogatives,4.913679122924805,5.143974781036377,0.2302956581115722
SENT_1222,SENT,PNT3,tao,tay,Pronouns,4.913679122924805,4.915999412536621,0.0023202896118164
SENT_1222,SENT,PNT3,ly,xa,Predicate vocabulary,4.913679122924805,4.896994590759277,-0.0166845321655273
SENT_1222,SENT,PNT4,tao,ta,Pronouns,4.913679122924805,4.970778465270996,0.0570993423461914
SENT_1222,SENT,PNT4,không,chả,Negation/Function words,4.913679122924805,4.881909370422363,-0.0317697525024414
SENT_1222,SENT,PNT4,gì,chi,Interrogatives,4.913679122924805,5.0696234703063965,0.1559443473815918
SENT_1222,SENT,PNT4,bỏ mẹ,thấy mồ,Idiomatic expressions,4.913679122924805,4.848090648651123,-0.0655884742736816
SENT_1338,SENT,PNT4,rộng toang toác,ngoác mồm,Idiomatic expressions,5.781129360198975,5.039461612701416,-0.7416677474975586
SENT_1410,SENT,PNT4,tính,định,Predicate vocabulary,5.133254528045654,5.057950496673584,-0.0753040313720703
SENT_1410,SENT,PNT4,dội,bật,Predicate vocabulary,5.133254528045654,5.304664134979248,0.1714096069335937
