standard_span,dialect_span,category,n_occurrences,delta_nll_swap_mean,delta_nll_swap_std,delta_nll_swap_median,dialects,tasks
này tao thấy mày,ni tau chộ mi,Pronouns,1,2.7493748664855957,,2.7493748664855957,PNT2,SENT
này sao,ni răng,Interrogatives,1,2.48903751373291,,2.48903751373291,PNT3,SENT
này sao,ni ren,Interrogatives,1,2.487668991088867,,2.487668991088867,PNT4,SENT
vợ chồng tôi không hiểu,cấy dông tau nỏ khỏi nghi ngờ,Pronouns,1,2.296542167663574,,2.296542167663574,PNT3,NLI
sao nó không,răng hắn khung,Interrogatives,1,2.061220169067383,,2.061220169067383,PNT3,SENT
sao nó không,răng hấn nỏ,Interrogatives,1,2.0597095489501953,,2.0597095489501953,PNT2,SENT
cứ nào,mô,Negation/Function words,1,2.0419411659240723,,2.0419411659240723,PNT1,NLI
gì vậy nhỉ,chi ri bây,Interrogatives,1,1.9518818855285645,,1.9518818855285645,PNT4,SENT
tôi đã,tui đạ,Pronouns,1,1.9118788242340088,,1.9118788242340088,PNT3,NLI
không,nỏ có,Negation/Function words,1,1.7062442302703855,,1.7062442302703855,PNT3,NLI
vậy tôi,rứa tau,Pronouns,1,1.7015695571899414,,1.7015695571899414,PNT3,NLI
tôi đã,tau đạ,Pronouns,1,1.6786599159240725,,1.6786599159240725,PNT2,NLI
đó,đứa,Demonstratives/Deixis,1,1.6784453392028809,,1.6784453392028809,PNT1,NLI
như thế nào nhỉ,ren hè,Interrogatives,1,1.6500720977783203,,1.6500720977783203,PNT4,SENT
chúng tôi,bọn tau,Pronouns,2,1.6412947177886963,0.0,1.6412947177886963,"PNT1, PNT3",NLI
tao vậy,tau ri,Pronouns,2,1.6395196914672852,0.0,1.6395196914672852,"PNT1, PNT3",SENT
như thế nào nhỉ chắc,a răng hè e,Interrogatives,1,1.502098560333252,,1.502098560333252,PNT3,SENT
nên người ta mới gọi nó,bơ họ mì kêu hắn,Pronouns,1,1.487877368927002,,1.487877368927002,PNT2,NLI
ông ấy như thế nào,ổng ren hết,Interrogatives,1,1.486114263534546,,1.486114263534546,PNT4,NLI
gia đình,kì nhà,Kinship/Honorific terms,1,1.4770476818084717,,1.4770476818084717,PNT3,NLI
nay,ni đỏ,Demonstratives/Deixis,1,1.465073823928833,,1.465073823928833,PNT3,NLI
này tao,ni ta,Demonstratives/Deixis,1,1.4478702545166016,,1.4478702545166016,PNT4,SENT
thế nào vào,răng vô,Interrogatives,1,1.4410169124603271,,1.4410169124603271,PNT3,QA
nào thì,mô là,Interrogatives,1,1.4257676601409912,,1.4257676601409912,PNT3,QA
như thế nào nhỉ,a răng biết,Interrogatives,1,1.4124460220336914,,1.4124460220336914,PNT2,SENT
không cảm thấy,nỏ chộ,Negation/Function words,1,1.401498317718506,,1.401498317718506,PNT3,NLI
mẹ cô đã cảm thấy,mạ ả đạ chộ,Kinship/Honorific terms,1,1.382336139678955,,1.382336139678955,PNT3,NLI
anh ấy,eng nớ,Pronouns,1,1.365907907485962,,1.365907907485962,PNT3,NLI
mình không,mềng nỏ,Pronouns,1,1.3573923110961914,,1.3573923110961914,PNT3,SENT
một,kì,Negation/Function words,1,1.3529744148254397,,1.3529744148254397,PNT3,QA
này có vẻ ngoài không được,ni trông nỏ,Demonstratives/Deixis,1,1.332139015197754,,1.332139015197754,PNT3,NLI
không nhỉ,khung hè,Negation/Function words,1,1.2851731777191162,,1.2851731777191162,PNT3,SENT
này nên không mệt mỏi gì,ni bơ nỏ dọc chi,Interrogatives,1,1.2692103385925293,,1.2692103385925293,PNT3,NLI
như thế nào đối với,chi tới,Interrogatives,1,1.2332587242126465,,1.2332587242126465,PNT3,QA
nhưng không,chơ đều nỏ,Negation/Function words,1,1.2083852291107178,,1.2083852291107178,PNT3,NLI
sao ấy,ren á,Interrogatives,1,1.2008013725280762,,1.2008013725280762,PNT4,SENT
thế nào,răng rựa,Interrogatives,1,1.1748123168945312,,1.1748123168945312,PNT3,QA
nào đó,môđó,Interrogatives,1,1.149416208267212,,1.149416208267212,PNT1,SENT
cái này,cấy ni,Demonstratives/Deixis,4,1.144012212753296,0.2984097070031285,1.1729662418365479,"PNT2, PNT3",SENT
điều này đã,chuyện ni đạ,Demonstratives/Deixis,1,1.1405563354492188,,1.1405563354492188,PNT3,QA
nhỉ,dậy,Discourse particles,1,1.1380324363708496,,1.1380324363708496,PNT4,SENT
bởi vì,do cấy,Connectives/Aspect markers,1,1.1377201080322266,,1.1377201080322266,PNT2,NLI
đã làm gì khi,mần chi lúc,Interrogatives,1,1.13407564163208,,1.13407564163208,PNT3,QA
như vậy,in ri,Demonstratives/Deixis,1,1.1330618858337402,,1.1330618858337402,PNT3,NLI
thế nào,răng he,Interrogatives,1,1.1202392578125,,1.1202392578125,PNT3,QA
điều đó,cấy nớ,Demonstratives/Deixis,1,1.109145164489746,,1.109145164489746,PNT3,NLI
qua,ni,Demonstratives/Deixis,1,1.102182149887085,,1.102182149887085,PNT3,NLI
nào làm,mô mần,Interrogatives,4,1.0968472957611084,0.5695776660831124,1.0968472957611084,"PNT2, PNT3",NLI
sự việc gì,kì vụ chi đạ,Interrogatives,1,1.084110975265503,,1.084110975265503,PNT3,QA
ư,hả,Discourse particles,2,1.081273078918457,0.0,1.081273078918457,"PNN, PNT4",SENT
làm sao ấy,răng á,Interrogatives,1,1.0738410949707031,,1.0738410949707031,PNT3,SENT
người đàn ông,ci anh nớ,Idiomatic expressions,1,1.0603671073913574,,1.0603671073913574,PNT2,NLI
cậu ấy,thằng cu nớ,Pronouns,1,1.0595817565917969,,1.0595817565917969,PNT3,NLI
xem cái này,ngó cấy ni,Demonstratives/Deixis,1,1.0592622756958008,,1.0592622756958008,PNT3,SENT
nhầm hôm nay,lầm bữa ni,Demonstratives/Deixis,1,1.057967185974121,,1.057967185974121,PNT4,SENT
vào làm những,vô mần nhửng,Predicate vocabulary,1,1.0544772148132324,,1.0544772148132324,PNT2,QA
thế nào,a răng,Interrogatives,1,1.049288034439087,,1.049288034439087,PNT2,QA
không làm gì,nỏ mần chi,Interrogatives,1,1.035595417022705,,1.035595417022705,PNT2,SENT
nó như thế nào,răng,Interrogatives,1,1.0240931510925293,,1.0240931510925293,PNT2,QA
tự do,thả giàn,Idiomatic expressions,1,1.023883581161499,,1.023883581161499,PNN,NLI
gì chúng tôi,chi choa,Interrogatives,1,1.005937576293945,,1.005937576293945,PNT3,NLI
điều gì,cái chi,Interrogatives,1,1.0048317909240725,,1.0048317909240725,PNT2,QA
nơi nào đã,lộ mô đạ,Interrogatives,1,0.9968130588531494,,0.9968130588531494,PNT3,QA
họ,mấy người nớ,Pronouns,1,0.9642510414123536,,0.9642510414123536,PNT3,QA
như thế nhỉ,vậy ta,Interrogatives,1,0.9613890647888184,,0.9613890647888184,PNN,SENT
thằng chúng mày,đứa tụi bây,Pronouns,1,0.9574956893920898,,0.9574956893920898,PNN,SENT
đâu nhỉ,mô hè,Interrogatives,1,0.9500012397766112,,0.9500012397766112,PNT3,SENT
tao không mắc ói,tau nỏ buồn oẹ,Pronouns,1,0.9496631622314452,,0.9496631622314452,PNT3,SENT
vào nó,vô hắn,Pronouns,1,0.9486520290374756,,0.9486520290374756,PNT3,NLI
như thế nào,ơ răng,Interrogatives,5,0.9463246822357178,0.46526057280018623,1.067244052886963,PNT2,"MCQA, QA"
tôi không,tau khung,Pronouns,1,0.946021318435669,,0.946021318435669,PNT3,NLI
cô gái cưới chồng,ả nớ lấy nhông,Kinship/Honorific terms,1,0.9438691139221193,,0.9438691139221193,PNT2,NLI
nó thích đỗ đâu,hắn ưng đậu mô,Interrogatives,1,0.941908359527588,,0.941908359527588,PNT3,SENT
trong giai,ở kì,Predicate vocabulary,1,0.9408721923828124,,0.9408721923828124,PNT3,QA
như thế nào đến,ra ren tới,Interrogatives,1,0.9347865581512452,,0.9347865581512452,PNT4,QA
nào,mô cả,Interrogatives,1,0.9329347610473632,,0.9329347610473632,PNT2,NLI
cô ấy,o nớ,Pronouns,1,0.9298522472381592,,0.9298522472381592,PNT2,NLI
không,mà nỏ,Negation/Function words,1,0.927828311920166,,0.927828311920166,PNT2,QA
người phụ nữ đã,ả nớ đạ,Kinship/Honorific terms,1,0.9231207370758056,,0.9231207370758056,PNT3,NLI
khu vực,mấy đoạn,Predicate vocabulary,1,0.9130909442901612,,0.9130909442901612,PNT2,QA
cô ấy,ả nớ,Pronouns,3,0.9130471547444662,0.07796955152142351,0.9005007743835449,PNT3,NLI
nào cũng,mô củng,Interrogatives,1,0.9098296165466307,,0.9098296165466307,PNT1,SENT
điều đó,chuyện nớ,Demonstratives/Deixis,1,0.9028301239013672,,0.9028301239013672,PNT4,NLI
chúng tôi,nhà choa,Pronouns,1,0.9024386405944824,,0.9024386405944824,PNT2,NLI
vậy nên,di niên,Connectives/Aspect markers,1,0.901146411895752,,0.901146411895752,PNT1,NLI
điều này,chuyện ni,Demonstratives/Deixis,1,0.8973615169525146,,0.8973615169525146,PNT4,QA
đó không,nớ nỏ,Demonstratives/Deixis,3,0.8921909332275391,0.26332614666443244,0.7401595115661621,"PNT2, PNT3",NLI
cô ấy vỡ vụn,cổ nát bét,Pronouns,1,0.8895292282104492,,0.8895292282104492,PNT4,NLI
cô gái cưới chồng,ả nớ lấy dông,Kinship/Honorific terms,1,0.8830103874206543,,0.8830103874206543,PNT3,NLI
khổng lồ như vậy,bà lả in rứa,Demonstratives/Deixis,1,0.8769145011901855,,0.8769145011901855,PNT3,NLI
sao,chi,Interrogatives,1,0.8765802383422852,,0.8765802383422852,PNT2,SENT
ngày nào,hôm mô,Interrogatives,1,0.8757133483886719,,0.8757133483886719,PNT3,QA
gặp,chộ,Predicate vocabulary,2,0.8691451549530029,0.5594441173168719,0.8691451549530029,PNT3,NLI
thế nào,ra răng,Interrogatives,1,0.8679087162017822,,0.8679087162017822,PNT3,QA
nào tao nhìn,mô tau chộ,Interrogatives,1,0.8649654388427734,,0.8649654388427734,PNT3,SENT
gì tại,chi ở cì chỗ,Interrogatives,1,0.864710807800293,,0.864710807800293,PNT3,QA
ngày nay,bữa ni,Demonstratives/Deixis,1,0.8594279289245605,,0.8594279289245605,PNT2,QA
nào đã,mô đả,Interrogatives,1,0.8575410842895508,,0.8575410842895508,PNT1,QA
nay nó,ni hắn,Pronouns,1,0.8533563613891602,,0.8533563613891602,PNT3,SENT
nói rằng ông,kêu là ổng,Predicate vocabulary,1,0.8488187789916992,,0.8488187789916992,PNN,NLI
nơi nào,chỗ mô,Interrogatives,1,0.8420677185058594,,0.8420677185058594,PNT4,QA
do chưa đóng,doa chư đuống,Predicate vocabulary,1,0.8360416889190674,,0.8360416889190674,PNT1,NLI
xem,chộ,Predicate vocabulary,1,0.8322501182556152,,0.8322501182556152,PNT3,NLI
này vào đĩa,ni vô dịa,Demonstratives/Deixis,1,0.8293781280517578,,0.8293781280517578,PNT3,SENT
vào làm,vô mần,Predicate vocabulary,1,0.8291106224060059,,0.8291106224060059,PNT3,QA
ngay lập,tắp lự,Predicate vocabulary,1,0.8243930339813232,,0.8243930339813232,PNT2,NLI
như thế nào,ra ren,Interrogatives,22,0.8238303661346436,0.36984231594232014,0.8965485095977783,PNT4,"MCQA, QA, SENT"
nào,mô đoạn,Interrogatives,1,0.8213591575622559,,0.8213591575622559,PNT2,QA
ngày,bữa,Predicate vocabulary,1,0.8188509941101074,,0.8188509941101074,PNN,NLI
sao ấy,răng á,Interrogatives,1,0.8151473999023438,,0.8151473999023438,PNT3,SENT
điên rồ,tửng,Predicate vocabulary,1,0.8134417533874512,,0.8134417533874512,PNN,NLI
gì nhưng mọi người đều,chi chớ ai cũng,Interrogatives,1,0.8122334480285645,,0.8122334480285645,PNT4,NLI
cô,lạo,Pronouns,1,0.8117871284484863,,0.8117871284484863,PNT3,NLI
vì không,tại hông,Negation/Function words,1,0.8114485740661621,,0.8114485740661621,PNN,QA
quả này,cú ni,Demonstratives/Deixis,1,0.8080506324768066,,0.8080506324768066,PNT4,SENT
trong giai đoạn,hồi,Connectives/Aspect markers,1,0.8021876811981201,,0.8021876811981201,PNT4,NLI
nào tao,mô tau,Interrogatives,1,0.8003578186035156,,0.8003578186035156,PNT2,SENT
nhanh thế,lẹ dữ hồi,Predicate vocabulary,1,0.7951035499572754,,0.7951035499572754,PNN,SENT
như thế nào,kiểu ren,Interrogatives,1,0.7931008338928223,,0.7931008338928223,PNT4,QA
nay tao,ni tau,Pronouns,1,0.7910580635070801,,0.7910580635070801,PNT3,SENT
hôm kia đâu,bựa nớ mô,Demonstratives/Deixis,1,0.7905082702636719,,0.7905082702636719,PNT2,MCQA
thế nào,như răn,Interrogatives,1,0.7854368686676025,,0.7854368686676025,PNT4,QA
khổng lồ,bự chảng,Predicate vocabulary,1,0.777674674987793,,0.777674674987793,PNN,NLI
sợ hãi,sình hại,Predicate vocabulary,1,0.7772178649902344,,0.7772178649902344,PNT2,NLI
nào,mô rựa,Interrogatives,1,0.7764186859130859,,0.7764186859130859,PNT3,QA
đó tao,nớ tau,Pronouns,2,0.7758474349975586,0.0,0.7758474349975586,"PNT2, PNT3",SENT
làm sao,mần răng,Interrogatives,2,0.7730894088745117,0.23638784913129304,0.7730894088745117,"PNT1, PNT2",SENT
này chúng ta,ni bọn miềng,Pronouns,1,0.7699646949768066,,0.7699646949768066,PNT3,SENT
nhỉ,hen,Discourse particles,1,0.7680268287658691,,0.7680268287658691,PNN,SENT
bà đấy thế nào,mệ nớ ra răng,Kinship/Honorific terms,1,0.7650208473205566,,0.7650208473205566,PNT3,SENT
hôm nay đâu,bựa ni mô,Demonstratives/Deixis,1,0.7623474597930908,,0.7623474597930908,PNT2,MCQA
thế,thể,Demonstratives/Deixis,1,0.7615795135498047,,0.7615795135498047,PNT3,QA
sao bọn nó,ren tụi hắn,Interrogatives,1,0.7575478553771973,,0.7575478553771973,PNT4,SENT
đã không,đạ khung,Negation/Function words,1,0.752269983291626,,0.752269983291626,PNT3,QA
"thân""","thân tau""",Pronouns,1,0.750800609588623,,0.750800609588623,PNT3,NLI
đã không,đạ nỏ,Negation/Function words,2,0.7477978467941284,0.6966002462023578,0.7477978467941284,PNT2,"MCQA, QA"
vậy,dậy,Demonstratives/Deixis,1,0.7476515769958496,,0.7476515769958496,PNT4,SENT
nào,mô khác,Interrogatives,1,0.7464339733123779,,0.7464339733123779,PNT3,QA
chúng mày,bọn mi mà,Pronouns,1,0.7456345558166504,,0.7456345558166504,PNT3,SENT
thế này,ri,Demonstratives/Deixis,3,0.7455635070800781,0.39597080949745533,0.974177360534668,"PNT1, PNT3, PNT4",SENT
vỡ vụn,banh,Predicate vocabulary,1,0.7413849830627441,,0.7413849830627441,PNN,NLI
trong tương lai,sau ni,Idiomatic expressions,2,0.7319562435150146,0.0,0.7319562435150146,"PNT3, PNT4",NLI
cô,ả,Pronouns,1,0.7313828468322754,,0.7313828468322754,PNT3,NLI
đó vậy ta,nớ hè,Demonstratives/Deixis,1,0.7310848236083984,,0.7310848236083984,PNT3,SENT
thế này thế kia,như ri như rứa,Demonstratives/Deixis,1,0.7292890548706055,,0.7292890548706055,PNT2,SENT
ấy đã,đạ,Connectives/Aspect markers,1,0.7263388633728027,,0.7263388633728027,PNT3,NLI
xem cái này,xiêm cấy ni,Demonstratives/Deixis,1,0.7252092361450195,,0.7252092361450195,PNT1,SENT
nó đã,hắn đạ,Pronouns,1,0.7218649387359619,,0.7218649387359619,PNT3,QA
cô bé,ả nớ,Pronouns,1,0.7212066650390625,,0.7212066650390625,PNT3,NLI
rất lâu,khi mô đến chừ,Idiomatic expressions,1,0.7192144393920898,,0.7192144393920898,PNT3,NLI
tôi,tau,Pronouns,8,0.7182494103908539,0.45040225211863405,0.6569074392318726,"PNT1, PNT2, PNT3","NLI, SENT"
tình hình kinh doanh,vụ làm ăn,Idiomatic expressions,1,0.7177684307098389,,0.7177684307098389,PNN,NLI
từng,khi mô,Interrogatives,1,0.7145185470581055,,0.7145185470581055,PNT3,NLI
bà đấy,mệ nớ,Pronouns,1,0.7144684791564941,,0.7144684791564941,PNT3,SENT
thế nào,ri,Interrogatives,2,0.7101397514343262,0.20320243213817935,0.7101397514343262,"PNT1, PNT4",SENT
thế nào,ren,Interrogatives,17,0.7086538146523869,0.3341099060376609,0.8038198947906494,PNT4,"MCQA, QA, SENT"
thế nào,răng,Interrogatives,104,0.7074407637119293,0.35148573189489124,0.7857958078384399,"PNT1, PNT2, PNT3, PNT4","MCQA, NLI, QA, SENT"
nơi như thế nào,chỗ a răng,Interrogatives,1,0.7067122459411621,,0.7067122459411621,PNT2,QA
nhỉ,ta,Discourse particles,2,0.7066466808319092,0.16961409127330151,0.7066466808319092,PNN,SENT
làm gì vậy nhỉ,mần chi rứa hè,Interrogatives,1,0.7021708488464355,,0.7021708488464355,PNT2,SENT
những gì,mấy cấy,Interrogatives,1,0.6999771595001221,,0.6999771595001221,PNT3,NLI
như thế nào,ra răng,Interrogatives,11,0.6976199583573774,0.3706121267558152,0.6867966651916504,"PNT1, PNT2","MCQA, NLI, QA"
cô ấy,chị nớ,Pronouns,1,0.6949410438537598,,0.6949410438537598,PNT3,NLI
số lượng lớn,vơ trời,Idiomatic expressions,1,0.6948709487915039,,0.6948709487915039,PNT2,NLI
nhưng không,mà nỏ,Negation/Function words,1,0.6873540878295898,,0.6873540878295898,PNT3,NLI
làm gì,mần cấy chi,Interrogatives,5,0.6836966037750244,0.23511457740127234,0.7108592987060547,"PNT2, PNT3","MCQA, NLI, QA"
cô ấy,hấn,Pronouns,1,0.6822090148925781,,0.6822090148925781,PNT2,NLI
như thế nào,à răng,Interrogatives,3,0.6814766724904379,0.4821116968020028,0.64756178855896,PNT2,"MCQA, QA"
thế nào,cái chi,Interrogatives,1,0.6800074577331543,,0.6800074577331543,PNT1,QA
mẹ và anh,mạ với eng,Kinship/Honorific terms,1,0.679105281829834,,0.679105281829834,PNT3,MCQA
nhìn thấy,ngó chộ,Predicate vocabulary,1,0.6762733459472656,,0.6762733459472656,PNT3,QA
như thế nào,a răng,Interrogatives,30,0.6750568230946858,0.3887357454172983,0.6907238960266113,"PNT2, PNT3","MCQA, QA"
các quốc gia,mấy nước,Negation/Function words,1,0.6709089279174805,,0.6709089279174805,PNN,QA
tao quá vậy,tau rứa he,Pronouns,1,0.6678042411804199,,0.6678042411804199,PNT3,SENT
ấy đã,nớ đạ,Demonstratives/Deixis,1,0.6669020652770996,,0.6669020652770996,PNT3,NLI
đỗ đâu,đậu mô,Interrogatives,1,0.6666412353515625,,0.6666412353515625,PNT2,SENT
tao quá vậy,tau rứa,Pronouns,1,0.6663293838500977,,0.6663293838500977,PNT2,SENT
nay tao,ni ta,Demonstratives/Deixis,1,0.6662859916687012,,0.6662859916687012,PNT4,SENT
ghen tị,èng neng,Predicate vocabulary,1,0.6634728908538818,,0.6634728908538818,PNT3,MCQA
sao cha muốn,răng bọ ưng,Interrogatives,1,0.6632175445556641,,0.6632175445556641,PNT3,MCQA
vì cha không,tại ba hổng,Kinship/Honorific terms,1,0.6579360961914062,,0.6579360961914062,PNN,MCQA
mong muốn,ưng,Predicate vocabulary,3,0.6570694446563721,0.0,0.6570694446563721,"PNT1, PNT2, PNT3",NLI
người như thế nào,ngài a răng,Interrogatives,1,0.6556553840637207,,0.6556553840637207,PNT2,SENT
nó đỗ mình thích,hắn đậu miềng ưng,Pronouns,1,0.6555604934692383,,0.6555604934692383,PNT3,SENT
cô ấy,cổ,Pronouns,11,0.6516786705363881,0.17609793401356735,0.699002742767334,"PNN, PNT4","NLI, SENT"
đâu,đi mô,Interrogatives,4,0.6512911319732666,0.0,0.6512911319732666,PNT1,MCQA
nào vào,chi vô,Interrogatives,1,0.6495630741119385,,0.6495630741119385,PNT3,QA
cô ấy,bả mới,Pronouns,1,0.6490774154663086,,0.6490774154663086,PNT4,NLI
nó đỗ,hấn đậu,Predicate vocabulary,1,0.6487092971801758,,0.6487092971801758,PNT2,SENT
vì sao cha,tại răng bố,Interrogatives,1,0.6485738754272461,,0.6485738754272461,PNT2,MCQA
nên đã,niên đả,Connectives/Aspect markers,1,0.6479177474975586,,0.6479177474975586,PNT1,QA
chúng tôi,choa,Pronouns,1,0.6461091041564941,,0.6461091041564941,PNT3,NLI
cô,con,Kinship/Honorific terms,4,0.6448091268539429,0.7350946339362067,0.6448091268539429,"PNN, PNT2","MCQA, NLI"
sợ hãi,hại,Predicate vocabulary,2,0.6409392356872559,0.0,0.6409392356872559,"PNT2, PNT3",NLI
hôm xưa đâu,chầu tê mô,Interrogatives,1,0.6399943828582764,,0.6399943828582764,PNT3,MCQA
gì cũng,chi cụng,Interrogatives,1,0.6378087997436523,,0.6378087997436523,PNT2,SENT
vào,vô kì,Predicate vocabulary,2,0.6301424503326416,0.4453657482146173,0.6301424503326416,PNT3,"QA, SENT"
trêu đùa quái,chọc đại,Predicate vocabulary,1,0.6250166893005371,,0.6250166893005371,PNT3,SENT
khi xem những,lúc coi mấy,Predicate vocabulary,1,0.6228902339935303,,0.6228902339935303,PNN,NLI
hôm xưa đâu,mọi hồi mô,Interrogatives,1,0.6214199066162109,,0.6214199066162109,PNT2,MCQA
như thế nào nhỉ,sao ta,Interrogatives,1,0.6196961402893066,,0.6196961402893066,PNN,SENT
mới muốn giành,mì ưng treng,Predicate vocabulary,1,0.6194319725036621,,0.6194319725036621,PNT3,NLI
không thể,nỏ,Negation/Function words,2,0.6190322637557983,0.5379426496679484,0.6190322637557983,"PNT2, PNT3","QA, SENT"
các,mấy cì,Pronouns,1,0.6177811622619629,,0.6177811622619629,PNT3,NLI
rơi vào,lọt vô,Predicate vocabulary,1,0.6165597438812256,,0.6165597438812256,PNN,QA
giống tao nhưng,y tau mà,Pronouns,1,0.6071019172668457,,0.6071019172668457,PNT3,SENT
nay,ni,Demonstratives/Deixis,9,0.6069345209333632,0.37094165763116205,0.6063616275787354,"PNT1, PNT2, PNT3, PNT4","MCQA, NLI, QA, SENT"
này,cấy ni,Demonstratives/Deixis,1,0.6058182716369629,,0.6058182716369629,PNT3,SENT
có vẻ ngoài không,nhìn hông,Negation/Function words,1,0.6026382446289062,,0.6026382446289062,PNN,NLI
này không,ni nỏ,Demonstratives/Deixis,1,0.6006011962890625,,0.6006011962890625,PNT2,NLI
đã,nớ,Demonstratives/Deixis,1,0.5993227958679199,,0.5993227958679199,PNT4,NLI
bây chừ,ni,Demonstratives/Deixis,2,0.5977311134338379,0.0,0.5977311134338379,"PNT2, PNT3",SENT
đã sao,ren,Interrogatives,1,0.5958471298217773,,0.5958471298217773,PNT4,SENT
hôm nào,bựa mô,Interrogatives,1,0.5955500602722168,,0.5955500602722168,PNT2,SENT
bởi vì,tại,Connectives/Aspect markers,1,0.5943212509155273,,0.5943212509155273,PNT3,NLI
như thế nào,chi,Interrogatives,10,0.5934284448623657,0.3258437674186099,0.6344969272613525,"PNT2, PNT3, PNT4","MCQA, QA"
miệt,kì,Predicate vocabulary,1,0.5930604934692383,,0.5930604934692383,PNT1,NLI
gì vậy nhỉ,chi rứa he,Interrogatives,1,0.5921158790588379,,0.5921158790588379,PNT3,SENT
như thế nào,dư răng,Interrogatives,1,0.5917272567749023,,0.5917272567749023,PNT3,MCQA
việc ông ấy,vụ ổng,Predicate vocabulary,1,0.5877833366394043,,0.5877833366394043,PNN,SENT
vì cha không,tại bố nỏ,Kinship/Honorific terms,1,0.5864706039428711,,0.5864706039428711,PNT2,MCQA
nó không,hấn nỏ,Negation/Function words,1,0.586432933807373,,0.586432933807373,PNT2,SENT
nơi nào,từng mô,Interrogatives,1,0.579068660736084,,0.579068660736084,PNT3,QA
chiến,ni,Demonstratives/Deixis,1,0.5788445472717285,,0.5788445472717285,PNT3,NLI
này không,ni khung,Demonstratives/Deixis,1,0.5776970386505127,,0.5776970386505127,PNT3,NLI
khiến các,mần mấy,Predicate vocabulary,1,0.5776150226593018,,0.5776150226593018,PNT3,NLI
đâu nhỉ,mô hầy,Interrogatives,1,0.576054573059082,,0.576054573059082,PNT2,SENT
chứ không,chơ khung,Negation/Function words,1,0.5713815689086914,,0.5713815689086914,PNT3,SENT
hối hả,tất ta tất tưởi,Idiomatic expressions,1,0.5702290534973145,,0.5702290534973145,PNT3,MCQA
ôtô cá nhân,xe hơi riêng,Predicate vocabulary,1,0.5698761940002441,,0.5698761940002441,PNT4,NLI
không thành công,hông được,Negation/Function words,1,0.5687518119812012,,0.5687518119812012,PNT4,NLI
anh ấy,hấn,Pronouns,1,0.5670595169067383,,0.5670595169067383,PNT3,NLI
ngày qua,bữa,Predicate vocabulary,1,0.5663652420043945,,0.5663652420043945,PNN,NLI
thì tao,chắc tau,Pronouns,1,0.5621500015258789,,0.5621500015258789,PNT2,SENT
đó cha mẹ,nớ bọ mạ,Kinship/Honorific terms,1,0.5614719390869141,,0.5614719390869141,PNT3,SENT
nay đâu,ni mô,Interrogatives,1,0.5567498207092285,,0.5567498207092285,PNT3,MCQA
chúng mày lớn khôn lớn,bây nậy nậy,Predicate vocabulary,1,0.5565781593322754,,0.5565781593322754,PNT3,SENT
nào,mô,Interrogatives,48,0.5520658145348231,0.38824356663753046,0.4541141986846923,PNT4,"MCQA, NLI, QA, SENT"
muốn như thế nào,ưng chi nựa,Interrogatives,1,0.5520539283752441,,0.5520539283752441,PNT3,SENT
những khu vực,mấy vùng,Negation/Function words,1,0.5516257286071777,,0.5516257286071777,PNN,QA
à,hả,Discourse particles,1,0.5508255958557129,,0.5508255958557129,PNN,SENT
gì đã,chi đạ,Interrogatives,5,0.5481591701507569,0.250070052514059,0.5824027061462402,"PNT2, PNT3","MCQA, NLI"
vì cậu,tại lạo,Pronouns,3,0.546600341796875,0.0,0.546600341796875,PNT2,MCQA
những gì đã,mấy chuyện,Predicate vocabulary,1,0.5435428619384766,,0.5435428619384766,PNT4,NLI
khi đó,hồi nớ,Demonstratives/Deixis,1,0.541978120803833,,0.541978120803833,PNT4,QA
cậu bé,thằng cu,Pronouns,1,0.5382590293884277,,0.5382590293884277,PNT3,NLI
hà,rứa,Demonstratives/Deixis,1,0.536679744720459,,0.536679744720459,PNT2,SENT
hà,rứa,Discourse particles,1,0.536679744720459,,0.536679744720459,PNT4,SENT
nào vào,mô vô,Interrogatives,1,0.5348913669586182,,0.5348913669586182,PNT2,QA
nào mẹ làm,mô mệ mần,Interrogatives,1,0.5344939231872559,,0.5344939231872559,PNT2,SENT
và sự,với,Connectives/Aspect markers,1,0.5324075222015381,,0.5324075222015381,PNT4,QA
chúng mày,nhà bây,Pronouns,1,0.5299968719482422,,0.5299968719482422,PNT2,SENT
nổi bật,trội,Predicate vocabulary,1,0.5280547142028809,,0.5280547142028809,PNT4,QA
đó,đớ,Demonstratives/Deixis,1,0.5277812480926514,,0.5277812480926514,PNT1,NLI
tao ngày nào,ta ngà mô,Interrogatives,1,0.5275497436523438,,0.5275497436523438,PNT4,SENT
cô,cổ,Pronouns,4,0.5269336700439453,0.22514283428351778,0.5334949493408203,PNN,"NLI, SENT"
khi đó,chầu nớ,Demonstratives/Deixis,1,0.5205943584442139,,0.5205943584442139,PNT3,QA
chàng trai,nó,Pronouns,1,0.5196638107299805,,0.5196638107299805,PNT1,NLI
những,mấy cấy,Negation/Function words,2,0.5190185308456421,0.4862712877431684,0.5190185308456421,PNT2,"MCQA, NLI"
cha mẹ,ba mạ,Kinship/Honorific terms,1,0.5179462432861328,,0.5179462432861328,PNT2,SENT
thế kia không,in rứa nỏ,Demonstratives/Deixis,1,0.5179171562194824,,0.5179171562194824,PNT3,SENT
và làm theo,rồi mần dọi,Connectives/Aspect markers,1,0.5164492130279541,,0.5164492130279541,PNT3,MCQA
thế nào,răn,Interrogatives,8,0.5159668922424316,0.345184611009316,0.4107364416122436,PNT4,"MCQA, QA"
gì,ren,Interrogatives,2,0.5126907825469971,0.41051839669102197,0.5126907825469971,PNT4,"MCQA, QA"
bây chừ,bi giờ,Negation/Function words,1,0.5124106407165527,,0.5124106407165527,PNT4,SENT
đấy thế nào,nớ như răng,Interrogatives,1,0.5121850967407227,,0.5121850967407227,PNT2,SENT
lâu lâu,thảng thảng,Predicate vocabulary,1,0.5115113258361816,,0.5115113258361816,PNN,SENT
trước tao,bựa tau,Pronouns,1,0.5097012519836426,,0.5097012519836426,PNT3,SENT
nào mẹ làm,mô mạ mần,Interrogatives,1,0.5093421936035156,,0.5093421936035156,PNT3,SENT
vì cậu không,tại lạo nỏ,Pronouns,1,0.5070662498474121,,0.5070662498474121,PNT2,MCQA
thế nào,ra ren,Interrogatives,1,0.504694938659668,,0.504694938659668,PNT4,QA
thế nào,như răng,Interrogatives,4,0.5034782886505127,0.1482853889465332,0.5776209831237793,"PNT1, PNT2, PNT3","QA, SENT"
làm như thế nào,mằn răng,Interrogatives,1,0.5032775402069092,,0.5032775402069092,PNT1,MCQA
gì đâu,cây chi mô,Interrogatives,1,0.5025186538696289,,0.5025186538696289,PNT2,SENT
sao cha,răng ba,Interrogatives,1,0.5019721984863281,,0.5019721984863281,PNT4,MCQA
không,nọ,Negation/Function words,5,0.5014979839324951,0.32897787834130454,0.5642752647399902,"PNT2, PNT3","MCQA, NLI, QA, SENT"
chúng tôi,tụi tui,Pronouns,5,0.5010393619537353,0.4028822788544413,0.4791803359985351,PNN,"MCQA, NLI, SENT"
nhỉ,ghê,Discourse particles,1,0.4998283386230469,,0.4998283386230469,PNN,SENT
vì mẹ bảo,tại má biểu,Kinship/Honorific terms,1,0.4988901615142822,,0.4988901615142822,PNN,MCQA
làm theo,mần dọi,Predicate vocabulary,1,0.4984524250030517,,0.4984524250030517,PNT3,MCQA
ấy,nứ,Demonstratives/Deixis,9,0.4968094560835097,0.19927308768088078,0.5151572227478027,PNT1,"MCQA, NLI, SENT"
giành,treng,Predicate vocabulary,1,0.4968075752258301,,0.4968075752258301,PNT3,NLI
vậy,ri,Demonstratives/Deixis,2,0.4961543083190918,0.32021287319763997,0.4961543083190918,"PNT2, PNT4","NLI, SENT"
làm gì,mần chi,Interrogatives,32,0.49498001486063004,0.30800875637722186,0.3697472810745239,"PNT1, PNT2, PNT3","MCQA, NLI, QA, SENT"
chăng nữa,nựa,Connectives/Aspect markers,1,0.492802619934082,,0.492802619934082,PNT3,SENT
vì,tại/do,Connectives/Aspect markers,4,0.492750883102417,0.0,0.492750883102417,PNT4,MCQA
người dân,bà con,Predicate vocabulary,1,0.4918537139892578,,0.4918537139892578,PNT2,NLI
nó,hén,Pronouns,5,0.4915632247924805,0.31681598017175616,0.5513570308685303,PNT4,"MCQA, NLI, QA, SENT"
nữa chứ,nựa chơ,Predicate vocabulary,1,0.491546630859375,,0.491546630859375,PNT2,SENT
xem những,coi mấy,Predicate vocabulary,1,0.4893620014190674,,0.4893620014190674,PNT3,NLI
sao,ren,Interrogatives,14,0.48926654883793425,0.38170118406160686,0.34203338623046875,PNT4,"MCQA, SENT"
này có vẻ ngoài,ni nhìn,Demonstratives/Deixis,1,0.4888291358947754,,0.4888291358947754,PNT4,NLI
thời gian,tỉ,Predicate vocabulary,1,0.4866504669189453,,0.4866504669189453,PNT3,SENT
hôm nay nó,bựa ni hấn,Demonstratives/Deixis,1,0.4855384826660156,,0.4855384826660156,PNT2,SENT
sợ hãi,tởn,Predicate vocabulary,1,0.4838557243347168,,0.4838557243347168,PNT3,NLI
nhỉ,hè,Discourse particles,6,0.4803030490875244,0.33234315744461834,0.4451422691345215,"PNT2, PNT3","MCQA, SENT"
nào,mô,Negation/Function words,31,0.47891841396208734,0.3639246832269682,0.3126811981201172,PNT1,"MCQA, NLI, QA, SENT"
sau đó bị,quá mấy nữa,Predicate vocabulary,1,0.4767079353332519,,0.4767079353332519,PNT2,SENT
sao không,răng nỏ,Interrogatives,1,0.4747376441955566,,0.4747376441955566,PNT2,MCQA
nào cũng,mô cụng,Interrogatives,2,0.4745948314666748,0.016443002890646152,0.4745948314666748,PNT3,SENT
đến tận rốn,thấu lộ tún,Predicate vocabulary,1,0.4734721183776855,,0.4734721183776855,PNT3,SENT
anh,eng,Kinship/Honorific terms,1,0.4726200103759765,,0.4726200103759765,PNT3,SENT
cậu trèo,nó leo,Pronouns,1,0.4716415405273437,,0.4716415405273437,PNN,MCQA
sao cha,răng bố,Interrogatives,1,0.466947078704834,,0.466947078704834,PNT1,MCQA
đấy,nớ,Demonstratives/Deixis,3,0.4665043354034424,0.29752658106350544,0.4392104148864746,"PNT2, PNT4",SENT
mặc,bận,Predicate vocabulary,1,0.4630060195922851,,0.4630060195922851,PNN,NLI
nhiều,nhóc,Predicate vocabulary,1,0.4629812240600586,,0.4629812240600586,PNN,NLI
sao,răng,Interrogatives,60,0.46275073687235513,0.28364356283635767,0.361579418182373,"PNT1, PNT2, PNT3, PNT4","MCQA, NLI, SENT"
chứ nó,chơ hấn,Predicate vocabulary,1,0.4625473022460937,,0.4625473022460937,PNT2,SENT
mỏi gì,mõi chi,Interrogatives,1,0.4611353874206543,,0.4611353874206543,PNT1,NLI
nó làm gì,hấn mần chi,Interrogatives,1,0.4605050086975097,,0.4605050086975097,PNT2,MCQA
nó không,hắn nỏ,Pronouns,1,0.4530096054077148,,0.4530096054077148,PNT3,SENT
vấn đề,vụ,Predicate vocabulary,1,0.4523756504058838,,0.4523756504058838,PNN,QA
ném vào,quăng vô,Predicate vocabulary,1,0.4516777992248535,,0.4516777992248535,PNN,SENT
việc gì,chuyện chi,Interrogatives,2,0.45005083084106445,0.41165804747475654,0.45005083084106445,PNT4,"MCQA, QA"
phải,tính,Predicate vocabulary,1,0.4475154876708984,,0.4475154876708984,PNN,SENT
hả,à,Discourse particles,2,0.4455876350402832,0.0,0.4455876350402832,"PNB, PNT3",SENT
giờ đây chúng ta,chừ bọn miềng,Pronouns,1,0.4427685737609863,,0.4427685737609863,PNT3,SENT
là gì,cái chi,Interrogatives,1,0.4405055046081543,,0.4405055046081543,PNT2,QA
như vậy,rứa,Demonstratives/Deixis,1,0.4387810230255127,,0.4387810230255127,PNT3,NLI
cha mẹ,ba má,Kinship/Honorific terms,2,0.4357149600982666,0.037717383319793116,0.4357149600982666,PNN,SENT
ư,à,Discourse particles,1,0.435605525970459,,0.435605525970459,PNT3,SENT
đã,đạ,Connectives/Aspect markers,63,0.4348730965266152,0.23953283483084842,0.3799061775207519,"PNT2, PNT3","MCQA, NLI, QA, SENT"
bao giờ bảo,hồi mô sai,Interrogatives,1,0.4329588413238525,,0.4329588413238525,PNT4,MCQA
làm gì,mằn chi,Interrogatives,11,0.43179223754189233,0.16061495213783306,0.4209368228912353,PNT1,"MCQA, SENT"
tới,ni,Demonstratives/Deixis,1,0.4281151294708252,,0.4281151294708252,PNT3,NLI
lớn,to,Predicate vocabulary,3,0.4276285171508789,0.0,0.4276285171508789,"PNT2, PNT3, PNT4",MCQA
họ,bọn nớ,Pronouns,4,0.427201509475708,0.0,0.427201509475708,PNT2,MCQA
do mẹ,tại má,Kinship/Honorific terms,1,0.4268021583557129,,0.4268021583557129,PNN,SENT
tại sao,vì răng mà,Interrogatives,1,0.4267382621765136,,0.4267382621765136,PNT2,MCQA
thể sẽ,khi đã,Connectives/Aspect markers,1,0.4265632629394531,,0.4265632629394531,PNT3,NLI
đã làm gì,đạ mần chi,Interrogatives,12,0.424921711285909,0.10681041547104791,0.3971796035766601,"PNT2, PNT3","MCQA, QA"
khiến các,làm mấy,Predicate vocabulary,1,0.4248785972595215,,0.4248785972595215,PNN,NLI
tôi không,tui hông,Pronouns,3,0.423581600189209,0.23211640063906291,0.5103659629821777,PNN,"MCQA, NLI"
như thế nào,ni,Demonstratives/Deixis,1,0.4233303070068359,,0.4233303070068359,PNT2,SENT
mình,tau,Pronouns,7,0.42133467538016184,0.2587007446562473,0.45709228515625,"PNT1, PNT2, PNT3",SENT
giúp mẹ một số công,phụ má mấy,Kinship/Honorific terms,1,0.4165520668029785,,0.4165520668029785,PNT4,MCQA
một thời gian,mấy bữa,Predicate vocabulary,1,0.4158935546875,,0.4158935546875,PNT4,SENT
vào các,vô mấy,Connectives/Aspect markers,1,0.4152369499206543,,0.4152369499206543,PNT4,QA
tao đã,tau đạ,Pronouns,1,0.4141101837158203,,0.4141101837158203,PNT2,SENT
hôm tao,bựa tau,Pronouns,2,0.4133472442626953,0.0,0.4133472442626953,"PNT2, PNT3",SENT
rất,ràng,Predicate vocabulary,1,0.412961483001709,,0.412961483001709,PNT2,NLI
vì mẹ,tại má,Kinship/Honorific terms,2,0.4126167297363281,0.0,0.4126167297363281,PNN,MCQA
rất,rành,Predicate vocabulary,1,0.4114131927490234,,0.4114131927490234,PNT2,NLI
vì nguyên nhân,tại lí do,Predicate vocabulary,1,0.4086220264434814,,0.4086220264434814,PNN,QA
vì,do,Connectives/Aspect markers,1,0.408588171005249,,0.408588171005249,PNT4,QA
này,ri,Demonstratives/Deixis,1,0.4082269668579101,,0.4082269668579101,PNT3,SENT
như thế nào,ren,Interrogatives,3,0.4080875714619954,0.15721569871292598,0.342940092086792,PNT4,"MCQA, SENT"
lúc đó,hồi nớ,Demonstratives/Deixis,1,0.4079053401947021,,0.4079053401947021,PNT4,NLI
mẹ,mạ,Kinship/Honorific terms,5,0.40770974159240714,0.43590951066918676,0.2923300266265869,PNT3,"MCQA, NLI, SENT"
cuộc,vụ,Predicate vocabulary,1,0.4072420597076416,,0.4072420597076416,PNN,QA
những gì,mấy chuyện,Predicate vocabulary,1,0.4072108268737793,,0.4072108268737793,PNN,NLI
này,ni,Demonstratives/Deixis,108,0.40718539776625456,0.30987589128931464,0.3331222534179687,"PNT1, PNT2, PNT3, PNT4","MCQA, NLI, QA, SENT"
nơi,chộ,Predicate vocabulary,1,0.4064226150512695,,0.4064226150512695,PNT2,NLI
lớn lên,nậy,Predicate vocabulary,1,0.4059567451477051,,0.4059567451477051,PNT3,SENT
này,nớ,Demonstratives/Deixis,1,0.404841661453247,,0.404841661453247,PNT4,SENT
trong tương lai,sau này,Predicate vocabulary,1,0.4042544364929199,,0.4042544364929199,PNN,NLI
vì cậu suốt ngày,tại nó cứ,Predicate vocabulary,2,0.403132677078247,0.0,0.403132677078247,PNN,MCQA
họ,bọn hấn,Pronouns,4,0.4028971195220947,0.0,0.4028971195220947,PNT1,MCQA
những việc đó,mấy chuyện nớ,Demonstratives/Deixis,1,0.4007325172424316,,0.4007325172424316,PNT4,NLI
hối hả,quíu,Predicate vocabulary,1,0.4003431797027588,,0.4003431797027588,PNT4,MCQA
bố mình,bọ tau,Kinship/Honorific terms,2,0.4002642631530761,0.0,0.4002642631530761,PNT3,SENT
chứ mình không,chơ miềng nỏ,Pronouns,1,0.399667739868164,,0.399667739868164,PNT3,SENT
lập tức,luôn,Predicate vocabulary,1,0.3970315456390381,,0.3970315456390381,PNT1,NLI
những việc,mấy vụ,Negation/Function words,1,0.3946294784545898,,0.3946294784545898,PNN,NLI
cậu,cu nớ,Pronouns,1,0.3942584991455078,,0.3942584991455078,PNT3,NLI
cô gái cưới,cổ lấy,Pronouns,1,0.3940129280090332,,0.3940129280090332,PNN,NLI
mẹ kia,mệ nớ,Pronouns,1,0.3936038017272949,,0.3936038017272949,PNT2,SENT
này vào,ni vô,Demonstratives/Deixis,4,0.3930976390838623,0.1345717772645602,0.3930976390838623,"PNT2, PNT3, PNT4",SENT
lặp,làm,Predicate vocabulary,1,0.3928186893463135,,0.3928186893463135,PNN,NLI
như thế nào,in răng,Interrogatives,1,0.3915643692016601,,0.3915643692016601,PNT3,SENT
tại sao,vì răng,Interrogatives,1,0.3888418674468994,,0.3888418674468994,PNT3,MCQA
ghen tị,phân bì,Predicate vocabulary,1,0.3887214660644531,,0.3887214660644531,PNN,MCQA
nên,bưa,Connectives/Aspect markers,1,0.3884768486022949,,0.3884768486022949,PNT3,NLI
và các,với mấy,Connectives/Aspect markers,4,0.38696157932281494,0.056464315193012975,0.38696157932281494,"PNN, PNT4",NLI
bà đã tuyên bố,lạo xưng,Kinship/Honorific terms,1,0.3867959976196289,,0.3867959976196289,PNT3,QA
thế,di,Demonstratives/Deixis,1,0.3862688541412353,,0.3862688541412353,PNT1,SENT
đó vậy,nớ rứa,Demonstratives/Deixis,1,0.3840632438659668,,0.3840632438659668,PNT2,SENT
lão vào,già vô,Predicate vocabulary,1,0.383455753326416,,0.383455753326416,PNT4,MCQA
vì cậu,tại nó,Predicate vocabulary,1,0.3834366798400879,,0.3834366798400879,PNN,MCQA
xấu hổ,ồng ngai,Predicate vocabulary,1,0.3832497596740722,,0.3832497596740722,PNT3,MCQA
tao vậy,tau rứa,Pronouns,1,0.3829050064086914,,0.3829050064086914,PNT2,SENT
đã làm như thế nào,đạ mần a răng,Interrogatives,1,0.382317304611206,,0.382317304611206,PNT2,MCQA
bé nhỏ,dỏ,Predicate vocabulary,1,0.3814051151275635,,0.3814051151275635,PNT3,MCQA
bà mong mình,mệ trông mềng,Pronouns,3,0.3798699378967285,0.0,0.3798699378967285,PNT3,MCQA
điều gì,cấy chi,Interrogatives,4,0.3777106404304504,0.20611345683914967,0.3753697872161865,"PNT2, PNT3","MCQA, NLI, QA"
nếu tôi,tau mà,Pronouns,1,0.3765039443969726,,0.3765039443969726,PNT3,SENT
bởi,tại,Connectives/Aspect markers,2,0.3763685226440429,0.0,0.3763685226440429,"PNN, PNT4",NLI
bát nào,chén mô,Interrogatives,4,0.375356912612915,0.0,0.375356912612915,PNT3,MCQA
cùng cậu,với cu nớ,Demonstratives/Deixis,1,0.3752717971801758,,0.3752717971801758,PNT2,NLI
đấy,nứ,Demonstratives/Deixis,1,0.3744950294494629,,0.3744950294494629,PNT1,SENT
nào khác,mô nữa,Interrogatives,1,0.3742654323577881,,0.3742654323577881,PNT4,MCQA
gái mình,cấy mềng,Pronouns,1,0.3732714653015136,,0.3732714653015136,PNT3,SENT
nghĩ tới,nhờ tời,Predicate vocabulary,1,0.3729326725006103,,0.3729326725006103,PNT3,MCQA
gì,cấy chi,Interrogatives,6,0.3727108637491862,0.27350386674385946,0.2840921878814697,"PNT1, PNT3","MCQA, QA, SENT"
nào cho ta,mô làm miềng,Interrogatives,1,0.3707509040832519,,0.3707509040832519,PNT3,MCQA
như thế nào,răng,Interrogatives,9,0.3704751862419976,0.2639317337768552,0.2371835708618164,"PNT1, PNT4","MCQA, QA, SENT"
các,mấy cái,Negation/Function words,3,0.36827826499938965,0.08170793517055559,0.3298683166503906,"PNN, PNT3","NLI, QA"
giai đoạn này,đợt ni,Demonstratives/Deixis,1,0.3674774169921875,,0.3674774169921875,PNT4,NLI
ông đến,ổng tới,Kinship/Honorific terms,1,0.3665049076080322,,0.3665049076080322,PNN,QA
nó có vị trí,hén nằm,Predicate vocabulary,1,0.3660216331481933,,0.3660216331481933,PNT4,QA
sao này,sau ni,Demonstratives/Deixis,2,0.366002082824707,0.0,0.366002082824707,"PNT2, PNT4",SENT
xem,răng,Interrogatives,1,0.3655834197998047,,0.3655834197998047,PNT3,SENT
khi không,lúc hông,Negation/Function words,1,0.3655152320861816,,0.3655152320861816,PNN,QA
gia đình,nhà,Predicate vocabulary,1,0.365056037902832,,0.365056037902832,PNT2,QA
làm việc,mần,Predicate vocabulary,1,0.3648886680603027,,0.3648886680603027,PNT2,NLI
ấy,ni,Demonstratives/Deixis,1,0.3622848987579345,,0.3622848987579345,PNT2,SENT
không,xó,Negation/Function words,1,0.3622345924377441,,0.3622345924377441,PNN,SENT
tao,tau,Pronouns,75,0.3620332018534342,0.27167544892824347,0.2846937179565429,"PNT1, PNT2, PNT3",SENT
m,mi,Pronouns,1,0.3617382049560547,,0.3617382049560547,PNT1,SENT
đó,nứ,Demonstratives/Deixis,3,0.36152346928914386,0.21614274433442934,0.3201546669006347,PNT1,"NLI, SENT"
cái này vào,cấy ni vô,Demonstratives/Deixis,1,0.360288143157959,,0.360288143157959,PNT2,SENT
một số,mấy,Negation/Function words,3,0.3601924578348796,0.02691325424466545,0.3446540832519531,"PNN, PNT4","NLI, QA"
ngay lập tức,liền,Predicate vocabulary,2,0.3599436283111572,0.0,0.3599436283111572,"PNN, PNT3",NLI
vì,tại cái,Connectives/Aspect markers,1,0.3593668937683105,,0.3593668937683105,PNN,MCQA
như thế nào đến,ra sao tới,Interrogatives,1,0.3586907386779785,,0.3586907386779785,PNN,QA
chứ làm gì,chơ mần chi,Interrogatives,1,0.3586130142211914,,0.3586130142211914,PNT2,SENT
chàng lười,ảnh làm biếng mà,Idiomatic expressions,3,0.3571043014526367,0.0,0.3571043014526367,PNN,MCQA
thế này,như ri,Demonstratives/Deixis,4,0.3557093143463135,0.02243794393051248,0.3557093143463135,"PNT2, PNT3, PNT4",SENT
thật đấy,vải luôn ấy,Idiomatic expressions,1,0.3542213439941406,,0.3542213439941406,PNT1,SENT
bạn nhỏ,thằng cu,Kinship/Honorific terms,5,0.353771448135376,0.0,0.353771448135376,PNT4,MCQA
vào,vô,Connectives/Aspect markers,180,0.3535396509700351,0.25504660166216503,0.265578031539917,"PNN, PNT1, PNT2, PNT3, PNT4","MCQA, NLI, QA, SENT"
đâu,mô,Negation/Function words,5,0.3524279594421386,0.21085572435280756,0.4488697052001953,PNT1,"MCQA, NLI, QA"
không,hhông,Negation/Function words,2,0.3504350185394287,0.22630598579269912,0.3504350185394287,PNN,"NLI, SENT"
chúng tôi đã,choa đạ,Pronouns,1,0.3499341011047363,,0.3499341011047363,PNT2,MCQA
sử dụng,xài,Predicate vocabulary,1,0.3496379852294922,,0.3496379852294922,PNN,QA
nó,răng a hấn,Pronouns,1,0.3492743968963623,,0.3492743968963623,PNT2,MCQA
những gì,mấy cái,Predicate vocabulary,2,0.3488445281982422,0.012213482348880917,0.3488445281982422,PNN,NLI
vì cậu không,tại nó hông,Negation/Function words,1,0.3478591442108154,,0.3478591442108154,PNN,MCQA
không,nỏ,Negation/Function words,135,0.34732654006392866,0.23389673797088584,0.2922811508178711,"PNT1, PNT2, PNT3","MCQA, NLI, QA, SENT"
bố quát,ba nộ,Kinship/Honorific terms,1,0.346165657043457,,0.346165657043457,PNT4,SENT
này cơ cực thật đấy,ni khổ kinh,Demonstratives/Deixis,1,0.3458704948425293,,0.3458704948425293,PNT1,SENT
đánh,uýnh,Predicate vocabulary,1,0.3440799713134765,,0.3440799713134765,PNN,SENT
hôm nay,bữa ni,Demonstratives/Deixis,3,0.3431074619293213,0.0,0.3431074619293213,"PNT2, PNT3, PNT4",MCQA
gái,cấy,Negation/Function words,3,0.3426041603088379,0.25954547337401246,0.2944440841674804,PNT3,"MCQA, NLI, SENT"
tại đâu,chỗ mô,Interrogatives,1,0.3422508239746094,,0.3422508239746094,PNT3,QA
mẹ tao xưa,mạ tau hồi ơ,Pronouns,1,0.3420538902282715,,0.3420538902282715,PNT3,SENT
rất to,bự chảng,Predicate vocabulary,1,0.3411431312561035,,0.3411431312561035,PNN,NLI
nào vào,chi ở,Interrogatives,1,0.3394949436187744,,0.3394949436187744,PNT4,QA
tiêm,chích,Predicate vocabulary,1,0.3390147686004638,,0.3390147686004638,PNN,NLI
chứ làm gì,cho rồi chơ mần chi,Interrogatives,1,0.3390140533447265,,0.3390140533447265,PNT3,SENT
lâu mới,mì,Connectives/Aspect markers,1,0.3388042449951172,,0.3388042449951172,PNT3,SENT
đó chẳng,nớ nỏ,Demonstratives/Deixis,2,0.3367512226104736,0.0,0.3367512226104736,"PNT2, PNT3",MCQA
cũng đều,cụng,Negation/Function words,1,0.3366570472717285,,0.3366570472717285,PNT2,NLI
chàng trai,anh nớ,Idiomatic expressions,1,0.3363161087036133,,0.3363161087036133,PNT3,NLI
thế nhỉ,rứa hè,Idiomatic expressions,1,0.3362021446228027,,0.3362021446228027,PNT3,SENT
bố vào thời điểm nào,ba khi mô,Kinship/Honorific terms,1,0.3351161479949951,,0.3351161479949951,PNT3,MCQA
bố mình,ba tui,Pronouns,2,0.3339829444885254,0.0,0.3339829444885254,PNN,SENT
tao không,tau nỏ,Pronouns,3,0.3328705628712972,0.02038680592020264,0.3211002349853515,"PNT2, PNT3",SENT
gì cái,chi cây,Interrogatives,1,0.3326287269592285,,0.3326287269592285,PNT2,SENT
rất,đại,Predicate vocabulary,2,0.3316903114318848,0.5165268244151987,0.3316903114318848,PNT3,"NLI, SENT"
thế nào khi,ra sao lúc,Predicate vocabulary,1,0.3314898014068603,,0.3314898014068603,PNN,QA
vợ chồng,cấy dông,Kinship/Honorific terms,2,0.3307640552520752,0.0,0.3307640552520752,PNT3,MCQA
và,lẫn,Connectives/Aspect markers,1,0.3299448490142822,,0.3299448490142822,PNT1,MCQA
nè,nì,Discourse particles,1,0.3294491767883301,,0.3294491767883301,PNT3,SENT
làm tao sợ chetme,mần tau hại chetma,Idiomatic expressions,1,0.3283815383911133,,0.3283815383911133,PNT3,SENT
hoảng hốt,quýnh quáng,Predicate vocabulary,1,0.3267052173614502,,0.3267052173614502,PNN,MCQA
cãi lộn mệt,cại chắc dọc,Predicate vocabulary,1,0.3265347480773926,,0.3265347480773926,PNT3,SENT
này như thế nào,ni ra ren,Interrogatives,1,0.3261363506317138,,0.3261363506317138,PNT4,MCQA
cậu không thích,hắn nỏ ưng,Pronouns,1,0.325756311416626,,0.325756311416626,PNT3,MCQA
thế kia không,rứa nỏ,Demonstratives/Deixis,1,0.3247904777526855,,0.3247904777526855,PNT2,SENT
thành công,được,Predicate vocabulary,1,0.3232631683349609,,0.3232631683349609,PNB,NLI
vậy,rứ,Demonstratives/Deixis,2,0.3230156898498535,0.0,0.3230156898498535,PNT1,MCQA
gái cưới,nớ lấy,Predicate vocabulary,1,0.3223795890808105,,0.3223795890808105,PNT4,NLI
đó,nớ,Demonstratives/Deixis,40,0.3209309577941894,0.23006818129315165,0.2281911373138427,"PNT1, PNT2, PNT3, PNT4","MCQA, NLI, QA, SENT"
nó,hấn,Pronouns,37,0.3203738315685375,0.25131814364571503,0.2902164459228515,"PNT1, PNT2, PNT3","NLI, QA, SENT"
chúng mày,tụi bây,Pronouns,2,0.3195524215698242,0.07366864509958578,0.3195524215698242,PNT4,SENT
gì,chi rứa,Interrogatives,1,0.3194513320922851,,0.3194513320922851,PNT3,QA
điều gì,cây chi,Interrogatives,1,0.3184018135070801,,0.3184018135070801,PNT2,MCQA
này cơ,ni,Demonstratives/Deixis,1,0.3158688545227051,,0.3158688545227051,PNT3,SENT
này như thế nào,ni a răng,Interrogatives,1,0.3158447742462158,,0.3158447742462158,PNT2,MCQA
cái,kì,Negation/Function words,12,0.31542581319808954,0.20196113872060958,0.25093531608581543,PNT3,"MCQA, NLI, SENT"
bố mẹ chửi mắng,bọ mạ chưởi,Kinship/Honorific terms,1,0.314795970916748,,0.314795970916748,PNT3,SENT
mày phì đâu,mi béo mô,Interrogatives,1,0.3146905899047851,,0.3146905899047851,PNT1,SENT
sao bắt nhanh thế,răng tóm lẹ rứa,Interrogatives,1,0.3138957023620605,,0.3138957023620605,PNT3,SENT
đã,nớ đạ,Connectives/Aspect markers,1,0.3136758804321289,,0.3136758804321289,PNT2,MCQA
nhìn thấy,chộ,Predicate vocabulary,5,0.3121484756469727,0.13026814364912065,0.401914119720459,"PNT2, PNT3","MCQA, SENT"
đó dắt,nớ đắc,Demonstratives/Deixis,1,0.3120231628417969,,0.3120231628417969,PNT3,SENT
hôm nó,bữa hấn,Demonstratives/Deixis,1,0.3117332458496094,,0.3117332458496094,PNT2,SENT
chút nhưng,tí đều,Predicate vocabulary,1,0.3114848136901855,,0.3114848136901855,PNT3,SENT
đó cha,nớ ba,Demonstratives/Deixis,1,0.3111491203308105,,0.3111491203308105,PNT4,SENT
như vậy,in rứa,Demonstratives/Deixis,1,0.310976505279541,,0.310976505279541,PNT3,NLI
này,ni ak,Demonstratives/Deixis,1,0.3108000755310058,,0.3108000755310058,PNT4,SENT
cũng không thấy,cụng nỏ chộ,Negation/Function words,1,0.3104219436645508,,0.3104219436645508,PNT2,SENT
đâu,mô,Interrogatives,5,0.3103545188903808,0.20776649958429366,0.2385025024414062,PNT4,"MCQA, QA, SENT"
cùng bố,với bọ,Kinship/Honorific terms,1,0.309427261352539,,0.309427261352539,PNT3,MCQA
vì bố,tại ba,Kinship/Honorific terms,1,0.3084402084350586,,0.3084402084350586,PNN,MCQA
mệt mỏi,oải,Predicate vocabulary,1,0.3081569671630859,,0.3081569671630859,PNN,NLI
gì,chi,Interrogatives,264,0.3078872913664037,0.21511896224266547,0.23835921287536616,"PNT1, PNT2, PNT3, PNT4","MCQA, NLI, QA, SENT"
thấy những,chộ mấy,Predicate vocabulary,1,0.3076784610748291,,0.3076784610748291,PNT3,MCQA
nhưng,chơ đều,Connectives/Aspect markers,1,0.3076674938201904,,0.3076674938201904,PNT3,SENT
cho,chua,Predicate vocabulary,17,0.3060186750748578,0.23759343580418787,0.220362901687622,PNT1,"MCQA, NLI, QA, SENT"
bố điều gì,bọ cấy chi,Kinship/Honorific terms,1,0.305795669555664,,0.305795669555664,PNT3,MCQA
sẽ nói cho,sĩa nuối choa,Pronouns,1,0.3057484626770019,,0.3057484626770019,PNT1,MCQA
bao giờ,hồi mô,Interrogatives,1,0.3055253028869629,,0.3055253028869629,PNT4,MCQA
đỗ lùi,đậu xích,Predicate vocabulary,1,0.3052539825439453,,0.3052539825439453,PNT4,SENT
mẩu,méng,Predicate vocabulary,2,0.3047661781311035,0.0,0.3047661781311035,PNT3,MCQA
thấy,chộ,Predicate vocabulary,6,0.30417545636494947,0.1298072605454108,0.2726798057556152,"PNT2, PNT3","MCQA, SENT"
nữa chắc,nựa e,Predicate vocabulary,1,0.3030214309692383,,0.3030214309692383,PNT3,SENT
nào,chi,Interrogatives,6,0.30201737085978186,0.23481464823855086,0.1825991868972778,"PNT1, PNT2, PNT3, PNT4","MCQA, QA, SENT"
không chơi,nỏ dởi,Negation/Function words,1,0.301891565322876,,0.301891565322876,PNT3,MCQA
bẩn,bửn,Predicate vocabulary,1,0.3018717765808105,,0.3018717765808105,PNT1,MCQA
số,phần,Predicate vocabulary,1,0.3014802932739258,,0.3014802932739258,PNN,NLI
mang thai,có chửa,Predicate vocabulary,1,0.3012123107910156,,0.3012123107910156,PNN,NLI
rừng,rú,Predicate vocabulary,1,0.3006176948547363,,0.3006176948547363,PNT3,MCQA
mọi,hết thảy,Negation/Function words,1,0.3004076480865478,,0.3004076480865478,PNN,NLI
khiến,mần,Predicate vocabulary,4,0.3001176714897156,0.3021530411662559,0.1913826465606689,"PNT2, PNT3","MCQA, QA"
mình,mà tau,Pronouns,1,0.2978096008300781,,0.2978096008300781,PNT3,SENT
ấy giờ,nớ chừ,Demonstratives/Deixis,1,0.2971467971801758,,0.2971467971801758,PNT3,SENT
cho,choa,Pronouns,4,0.2959558963775635,0.07666540145874025,0.3342885971069336,PNT1,MCQA
làm gì,mắc chi,Predicate vocabulary,1,0.2958822250366211,,0.2958822250366211,PNT4,SENT
tại thời điểm,lúc,Connectives/Aspect markers,1,0.2958626747131347,,0.2958626747131347,PNN,NLI
tôi,tui,Pronouns,21,0.29563186282203313,0.32548981565445045,0.0735602378845214,"PNN, PNT2, PNT4","MCQA, NLI, SENT"
hôm nó gặm,bựa hắn cắm,Pronouns,1,0.2950410842895508,,0.2950410842895508,PNT3,SENT
khi nào,lúc mô,Interrogatives,1,0.2945592403411865,,0.2945592403411865,PNT4,MCQA
chú,kì con,Kinship/Honorific terms,1,0.2943482398986816,,0.2943482398986816,PNT3,NLI
nó vào,hấn vô,Predicate vocabulary,1,0.2942657470703125,,0.2942657470703125,PNT2,SENT
mẹ bảo,má biểu,Kinship/Honorific terms,1,0.2934722900390625,,0.2934722900390625,PNN,MCQA
không thấy cái đầu,nỏ chộ kì trốc,Negation/Function words,1,0.2933599948883056,,0.2933599948883056,PNT3,MCQA
mồm,miệng,Predicate vocabulary,2,0.29331970214843744,0.09486682402662502,0.29331970214843744,PNN,SENT
tại sao,răng mà,Interrogatives,1,0.2900285720825195,,0.2900285720825195,PNT1,SENT
hối hả,tất bật,Predicate vocabulary,1,0.2896885871887207,,0.2896885871887207,PNN,MCQA
vâng,dạ,Discourse particles,3,0.2896404266357422,0.0,0.2896404266357422,"PNN, PNT2, PNT4",SENT
kia mới,nớ mì,Demonstratives/Deixis,1,0.2887125015258789,,0.2887125015258789,PNT3,SENT
mất lịch sự,bờ hơ,Predicate vocabulary,1,0.2885537147521972,,0.2885537147521972,PNT3,MCQA
làm gì vào,mần chi,Interrogatives,1,0.2883105278015136,,0.2883105278015136,PNT2,MCQA
chơi gì,chi,Interrogatives,2,0.2875118255615234,0.0,0.2875118255615234,"PNT1, PNT2",MCQA
nên,bơ,Connectives/Aspect markers,7,0.2866028376988002,0.2334150308408005,0.1768426895141601,PNT3,"MCQA, NLI, QA, SENT"
thật đáng thương,ên thiệt tội nghiệp,Idiomatic expressions,1,0.2858288288116455,,0.2858288288116455,PNN,MCQA
sử dụng vào,xài vô,Predicate vocabulary,1,0.2857990264892578,,0.2857990264892578,PNN,QA
làm gì,mằn răng,Interrogatives,1,0.2826664447784424,,0.2826664447784424,PNT1,MCQA
và bật,với té,Predicate vocabulary,1,0.2825915813446045,,0.2825915813446045,PNN,NLI
thật đấy,thiệt đó,Predicate vocabulary,2,0.2821791172027588,0.06708867911006494,0.2821791172027588,PNN,SENT
đã sao,đạ răng,Interrogatives,1,0.2802200317382812,,0.2802200317382812,PNT3,SENT
tụi nó,bọn hắn,Pronouns,1,0.2799134254455566,,0.2799134254455566,PNT3,SENT
ông ấy,ổng,Pronouns,4,0.2788753509521484,0.08159848912396335,0.2827253341674804,"PNN, PNT4","NLI, SENT"
có vẻ điều,coi bộ chuyện,Predicate vocabulary,1,0.2788381576538086,,0.2788381576538086,PNN,NLI
định đánh,tính ăn,Predicate vocabulary,1,0.2785878181457519,,0.2785878181457519,PNN,MCQA
gì,cái chi,Interrogatives,5,0.2784955024719238,0.0986560575552148,0.2811079025268554,"PNT1, PNT4","MCQA, QA"
vào,hồi,Connectives/Aspect markers,17,0.2781563927145565,0.22043473487337129,0.1921069622039795,"PNN, PNT3, PNT4","MCQA, NLI, QA"
bố mình,ba ta,Kinship/Honorific terms,1,0.2775397300720215,,0.2775397300720215,PNT4,SENT
gì cái,chi cấy,Interrogatives,1,0.2768993377685547,,0.2768993377685547,PNT3,SENT
cái,cấy,Negation/Function words,13,0.2746586616222675,0.45425026285364417,0.1476235389709472,"PNT1, PNT2, PNT3","MCQA, NLI, SENT"
thế này,vầy,Demonstratives/Deixis,1,0.2745852470397949,,0.2745852470397949,PNN,SENT
tránh xa,né,Predicate vocabulary,1,0.2743110656738281,,0.2743110656738281,PNT4,SENT
đàn ngan,bầy vịt xiêm,Predicate vocabulary,2,0.2736248970031738,0.0,0.2736248970031738,PNN,MCQA
xem,ngó,Predicate vocabulary,1,0.2727327346801758,,0.2727327346801758,PNT3,SENT
có kích thước rất to,bự quá chừng,Predicate vocabulary,1,0.2722611427307129,,0.2722611427307129,PNT4,NLI
có,còn,Negation/Function words,1,0.2713251113891601,,0.2713251113891601,PNB,SENT
xấu hổ,mắc cỡ,Predicate vocabulary,2,0.2706785202026367,0.0,0.2706785202026367,"PNN, PNT4",MCQA
bao giờ,lần mô,Interrogatives,1,0.2705345153808594,,0.2705345153808594,PNT3,MCQA
người ta,họ,Pronouns,2,0.27034902572631836,0.2203309113730067,0.27034902572631836,PNT3,"QA, SENT"
không làm,nỏ mần,Negation/Function words,2,0.2700238227844238,0.0,0.2700238227844238,"PNT2, PNT3",SENT
làm,mằn,Predicate vocabulary,9,0.26793673303392196,0.1202805183839843,0.2154505252838134,PNT1,"MCQA, QA"
mẹ và,má với,Kinship/Honorific terms,1,0.2662110328674316,,0.2662110328674316,PNT4,MCQA
ấy,nớ,Demonstratives/Deixis,29,0.26605716244927763,0.22021488459698177,0.1664614677429199,"PNT2, PNT3, PNT4","MCQA, NLI, SENT"
tôi không,tui nỏ,Pronouns,1,0.2625768184661865,,0.2625768184661865,PNT2,MCQA
giờ đây,bây chừ,Demonstratives/Deixis,1,0.2617220878601074,,0.2617220878601074,PNT4,SENT
điều gì qua,cấy chi trong,Interrogatives,1,0.2609322071075439,,0.2609322071075439,PNT3,MCQA
nói rằng,kêu là,Predicate vocabulary,2,0.2589784860610962,0.003887456719250763,0.2589784860610962,PNN,NLI
việc,vụ,Predicate vocabulary,3,0.25837246576944983,0.22515041806428615,0.3599624633789062,PNN,QA
chồng,dông,Kinship/Honorific terms,1,0.2582106590270996,,0.2582106590270996,PNT3,NLI
chúng ta,choa,Pronouns,1,0.2580733299255371,,0.2580733299255371,PNT3,SENT
chúng tôi,bọn mềng,Pronouns,1,0.2579379081726074,,0.2579379081726074,PNT3,MCQA
chúng tôi,bọn tui,Pronouns,2,0.2572208642959595,0.18741337974902825,0.2572208642959595,"PNT2, PNT3","NLI, SENT"
không thích,nỏ ưng,Negation/Function words,3,0.2562726338704427,0.16763305206511214,0.2671546936035156,PNT3,"MCQA, SENT"
cậu cởi,nó lột,Pronouns,1,0.2553753852844238,,0.2553753852844238,PNN,MCQA
cậu,thằng nớ,Pronouns,4,0.2540211677551269,0.0,0.2540211677551269,PNT4,MCQA
mày,mi,Pronouns,35,0.25397757121494835,0.18242835095290094,0.2174959182739257,"PNT1, PNT2, PNT3, PNT4",SENT
thế này,tri,Demonstratives/Deixis,1,0.2538928985595703,,0.2538928985595703,PNT4,SENT
chiếc,kì,Negation/Function words,1,0.2525415420532226,,0.2525415420532226,PNT3,NLI
này đâu,ni cả,Demonstratives/Deixis,1,0.2524776458740234,,0.2524776458740234,PNT2,SENT
anh chồng la hoài là vậy,eng dông nạt mãi mà rứa tê,Kinship/Honorific terms,1,0.2524175643920898,,0.2524175643920898,PNT3,SENT
chơi nữa,dởi nựa,Predicate vocabulary,1,0.2523479461669922,,0.2523479461669922,PNT3,SENT
không,chơ nỏ,Negation/Function words,1,0.2517671585083008,,0.2517671585083008,PNT3,SENT
thời gian,lúc,Predicate vocabulary,2,0.2511953115463257,0.043535165700842884,0.2511953115463257,PNN,"QA, SENT"
“tôi mong mình,“tau trông mềng,Pronouns,1,0.2508974075317383,,0.2508974075317383,PNT3,MCQA
từng,hồi mô,Interrogatives,2,0.2485854625701904,0.0,0.2485854625701904,PNT4,MCQA
mẹ bật,má mở,Kinship/Honorific terms,2,0.2482349872589111,0.0,0.2482349872589111,"PNN, PNT4",MCQA
bút,viết,Predicate vocabulary,4,0.2477014064788818,0.0,0.2477014064788818,PNN,MCQA
gì,răng,Interrogatives,3,0.24704988797505692,0.05013298364742235,0.2272675037384033,"PNT3, PNT4",MCQA
không,khung,Negation/Function words,11,0.2469888383691961,0.2519532928535358,0.2170896530151367,"PNT2, PNT3","NLI, QA, SENT"
nữa sẽ,nựa là,Connectives/Aspect markers,1,0.2467832565307617,,0.2467832565307617,PNT3,QA
cái,cây,Negation/Function words,1,0.246471881866455,,0.246471881866455,PNT2,SENT
thế kia không,vậy hông,Negation/Function words,1,0.2452888488769531,,0.2452888488769531,PNN,SENT
lũ chúng tôi,bọn tau,Pronouns,1,0.2449941635131836,,0.2449941635131836,PNT3,SENT
tao tao,tau tau,Pronouns,2,0.2447891235351562,0.0,0.2447891235351562,"PNT1, PNT2",SENT
tại đó,chỗ nớ,Demonstratives/Deixis,1,0.2447562217712402,,0.2447562217712402,PNT3,MCQA
đã làm,đạ mần,Connectives/Aspect markers,1,0.2436034679412841,,0.2436034679412841,PNT2,MCQA
sao,răng mà,Interrogatives,1,0.2426943778991699,,0.2426943778991699,PNT1,SENT
câu hỏi,thắc mắc,Predicate vocabulary,1,0.2419805526733398,,0.2419805526733398,PNB,NLI
có lẽ,hông chừng,Predicate vocabulary,1,0.2414674758911132,,0.2414674758911132,PNN,SENT
thế cũng,rứa cụng,Demonstratives/Deixis,1,0.2407593727111816,,0.2407593727111816,PNT3,SENT
sao ấy,răng rứa,Interrogatives,1,0.2400178909301757,,0.2400178909301757,PNT2,SENT
góp,tặng,Predicate vocabulary,1,0.2397382259368896,,0.2397382259368896,PNB,MCQA
bà,bả,Pronouns,1,0.2397074699401855,,0.2397074699401855,PNN,QA
cha không thích,bọ nỏ ưng,Kinship/Honorific terms,1,0.2396290302276611,,0.2396290302276611,PNT3,MCQA
làm gì,mần cấy chi,Predicate vocabulary,1,0.2388832569122314,,0.2388832569122314,PNT4,MCQA
chứ đâu,chơ mô,Interrogatives,2,0.2382750511169433,0.0,0.2382750511169433,"PNT2, PNT3",SENT
những,mấy cái,Negation/Function words,2,0.23805546760559085,0.343971557465413,0.23805546760559085,PNN,"MCQA, NLI"
thật không,thiệt hông,Negation/Function words,1,0.2374963760375976,,0.2374963760375976,PNN,MCQA
nghĩ gì,nghị chi,Interrogatives,1,0.2374134063720703,,0.2374134063720703,PNT2,SENT
xò lông,dẩm,Idiomatic expressions,1,0.2372646331787109,,0.2372646331787109,PNT1,SENT
ngờ,ngại,Predicate vocabulary,1,0.2365450859069824,,0.2365450859069824,PNT3,NLI
kêu khóc,khóoc,Predicate vocabulary,1,0.2354300022125244,,0.2354300022125244,PNT3,MCQA
bắt,tóm,Predicate vocabulary,1,0.2345938682556152,,0.2345938682556152,PNT3,SENT
gấu,ghệ,Predicate vocabulary,1,0.2342119216918945,,0.2342119216918945,PNT4,SENT
réo rắt,véo von,Idiomatic expressions,1,0.2337086200714111,,0.2337086200714111,PNB,MCQA
chui,bò,Predicate vocabulary,1,0.2332191467285156,,0.2332191467285156,PNT1,NLI
dẫn,dắt,Predicate vocabulary,8,0.2327723503112793,0.0,0.2327723503112793,"PNN, PNT1",MCQA
mẹ nhé,má nhen,Kinship/Honorific terms,1,0.2323346138000488,,0.2323346138000488,PNN,MCQA
tạo,mần,Predicate vocabulary,3,0.2319204807281494,0.0,0.2319204807281494,PNT3,MCQA
bố mẹ,ba má,Kinship/Honorific terms,6,0.2306830883026123,0.08207087748490292,0.2002778053283691,"PNN, PNT4","MCQA, SENT"
đến việc,tới vụ,Predicate vocabulary,1,0.2305741310119629,,0.2305741310119629,PNN,SENT
làm gì nó,mần chi hắn,Interrogatives,1,0.2302956581115722,,0.2302956581115722,PNT3,SENT
hư,rách,Predicate vocabulary,1,0.2287871837615966,,0.2287871837615966,PNB,MCQA
má,vãi,Kinship/Honorific terms,1,0.2285742759704589,,0.2285742759704589,PNT3,SENT
lão,già,Predicate vocabulary,4,0.2279374599456787,0.0,0.2279374599456787,PNT4,MCQA
giúp bố,phụ ba,Kinship/Honorific terms,2,0.2278811931610107,0.0,0.2278811931610107,PNN,MCQA
này đời,ni đơì,Demonstratives/Deixis,1,0.226503849029541,,0.226503849029541,PNT1,SENT
gì vào lúc,chi hồi,Interrogatives,1,0.2262897491455078,,0.2262897491455078,PNT4,MCQA
chơi hoặc làm,dởi hay mần,Predicate vocabulary,1,0.2255196571350097,,0.2255196571350097,PNT3,SENT
không,hổng,Negation/Function words,5,0.22531328201293946,0.24707860400567952,0.3852972984313965,PNN,"MCQA, NLI"
vì,tại,Connectives/Aspect markers,29,0.2244651153169829,0.12733799665529505,0.2502486705780029,"PNB, PNN, PNT2, PNT4","MCQA, NLI, QA, SENT"
không nhầm hôm,hông lầm bữa,Demonstratives/Deixis,1,0.2238497734069824,,0.2238497734069824,PNN,SENT
trông thấy,chộ,Predicate vocabulary,1,0.2237815856933593,,0.2237815856933593,PNT3,SENT
bây giờ,bựa ni,Negation/Function words,1,0.2236776351928711,,0.2236776351928711,PNT3,SENT
trèo,leo,Predicate vocabulary,4,0.22200536727905268,0.07987308502197266,0.261941909790039,"PNN, PNT3, PNT4","MCQA, SENT"
như thế nào,sao,Interrogatives,9,0.22096758418613005,0.23546278066492946,0.1092917919158935,PNN,"MCQA, QA, SENT"
chơi,rượng,Predicate vocabulary,2,0.22057676315307614,0.001045241843070172,0.22057676315307614,PNT3,SENT
trở thành,làm,Predicate vocabulary,1,0.2201290130615234,,0.2201290130615234,PNT4,NLI
như,y,Predicate vocabulary,1,0.2196912765502929,,0.2196912765502929,PNN,SENT
đồng ý,chịu,Predicate vocabulary,2,0.219001293182373,0.0,0.219001293182373,PNN,NLI
vờ,giả đò,Predicate vocabulary,4,0.2176072597503662,0.0,0.2176072597503662,"PNN, PNT3",MCQA
ông bố,bọ,Kinship/Honorific terms,1,0.216876745223999,,0.216876745223999,PNT3,MCQA
nhìu,nhiều,Predicate vocabulary,1,0.2165751457214355,,0.2165751457214355,PNB,SENT
nhằm,đặng,Connectives/Aspect markers,1,0.2145752906799316,,0.2145752906799316,PNN,QA
mức,cỡ,Predicate vocabulary,1,0.2143387794494629,,0.2143387794494629,PNN,SENT
nhặt quả,luợm trái,Predicate vocabulary,1,0.2122559547424316,,0.2122559547424316,PNN,MCQA
bắt,tống,Predicate vocabulary,1,0.2120618820190429,,0.2120618820190429,PNT1,NLI
nhiều,một mớ,Predicate vocabulary,1,0.2112631797790527,,0.2112631797790527,PNT2,NLI
nhanh,lẹ,Predicate vocabulary,1,0.2112126350402832,,0.2112126350402832,PNN,SENT
muốn làm,ưng mần,Predicate vocabulary,1,0.2091319561004638,,0.2091319561004638,PNT3,MCQA
ngay,liền,Predicate vocabulary,1,0.2089767456054687,,0.2089767456054687,PNT4,SENT
cả,hết,Negation/Function words,1,0.208967924118042,,0.208967924118042,PNN,NLI
hôm,bữa,Predicate vocabulary,4,0.20850288867950434,0.1602329756196473,0.2105246782302856,"PNN, PNT3, PNT4","NLI, SENT"
khi,chừng,Connectives/Aspect markers,2,0.2083311080932617,0.0,0.2083311080932617,PNN,SENT
rơi vào,rớt vô,Predicate vocabulary,2,0.2070207595825195,0.0,0.2070207595825195,"PNT3, PNT4",MCQA
hôm ấy,bữa nớ,Demonstratives/Deixis,1,0.2062125205993652,,0.2062125205993652,PNT2,SENT
này đâu,ni mô,Interrogatives,1,0.2060246467590332,,0.2060246467590332,PNT3,SENT
bố mẹ,bọ mạ,Kinship/Honorific terms,2,0.2056441307067871,0.07923540085090464,0.2056441307067871,PNT3,SENT
đây,dừ,Demonstratives/Deixis,1,0.2048630714416504,,0.2048630714416504,PNT2,SENT
"""người đâu","""ngài mô",Interrogatives,1,0.2046244144439697,,0.2046244144439697,PNT2,MCQA
giống,y chang,Predicate vocabulary,1,0.2042794227600097,,0.2042794227600097,PNN,SENT
và không,với hông,Negation/Function words,1,0.203885793685913,,0.203885793685913,PNN,MCQA
mình,miềng,Pronouns,8,0.20349550247192383,0.15306058560977265,0.16656744480133057,PNT3,"MCQA, NLI, QA, SENT"
các vùng,mấy khu,Predicate vocabulary,1,0.2025821208953857,,0.2025821208953857,PNT4,QA
chúng ta,miềng,Pronouns,1,0.202521800994873,,0.202521800994873,PNT3,MCQA
chân,cẳng,Predicate vocabulary,1,0.2022843360900879,,0.2022843360900879,PNT3,SENT
mệt,đoạ,Predicate vocabulary,1,0.2022838592529297,,0.2022838592529297,PNT3,SENT
vì đến,tại tới,Predicate vocabulary,1,0.2021574974060058,,0.2021574974060058,PNN,SENT
ngơi khi,lúc,Connectives/Aspect markers,1,0.2014133930206298,,0.2014133930206298,PNN,MCQA
chạy,nhào,Predicate vocabulary,1,0.201362133026123,,0.201362133026123,PNN,SENT
về,viền,Predicate vocabulary,5,0.20126304626464844,0.13180787313915948,0.1302814483642578,PNT1,"MCQA, QA"
gọi,hú mấy người xung quanh,Predicate vocabulary,1,0.2000448703765869,,0.2000448703765869,PNT3,NLI
thật đấy,thiệt á,Predicate vocabulary,1,0.1995296478271484,,0.1995296478271484,PNT3,SENT
mong bố,trông bọ,Kinship/Honorific terms,1,0.1991000175476074,,0.1991000175476074,PNT3,MCQA
xấc xược,hỗn hào bố,Predicate vocabulary,1,0.1989674568176269,,0.1989674568176269,PNT4,SENT
mọi,tất cả,Negation/Function words,1,0.1987526416778564,,0.1987526416778564,PNB,NLI
không được,chịu,Negation/Function words,1,0.1984944343566894,,0.1984944343566894,PNB,SENT
tốt thật,giỏi thiệt,Predicate vocabulary,1,0.198397159576416,,0.198397159576416,PNN,SENT
mẹ và,má rồi,Kinship/Honorific terms,1,0.19777512550354,,0.19777512550354,PNN,MCQA
dùng,lấy,Predicate vocabulary,2,0.197157621383667,0.0,0.197157621383667,PNT4,MCQA
bao giờ bảo,từng nói,Idiomatic expressions,1,0.1966960430145263,,0.1966960430145263,PNT3,MCQA
những việc,mấy chuyện,Negation/Function words,1,0.1961832046508789,,0.1961832046508789,PNN,QA
đầu,trốc,Predicate vocabulary,1,0.1957807540893554,,0.1957807540893554,PNT2,SENT
thế nhỉ,rứa hầy,Demonstratives/Deixis,1,0.1956038475036621,,0.1956038475036621,PNT2,SENT
bật,bổ,Predicate vocabulary,1,0.1925723552703857,,0.1925723552703857,PNT2,NLI
giờ mới,chừ mì,Demonstratives/Deixis,1,0.1918458938598632,,0.1918458938598632,PNT3,SENT
chẳng,nỏ,Negation/Function words,3,0.19016218185424802,0.08499689616429312,0.2392351627349853,"PNT2, PNT3","MCQA, SENT"
đối với,trước,Connectives/Aspect markers,1,0.1897377967834472,,0.1897377967834472,PNB,QA
dắt,đắc,Predicate vocabulary,1,0.1877446174621582,,0.1877446174621582,PNT3,SENT
với,bằng,Connectives/Aspect markers,1,0.1874017715454101,,0.1874017715454101,PNB,QA
gấp gáp,rốp rẻng,Predicate vocabulary,1,0.1870787143707275,,0.1870787143707275,PNN,MCQA
kia,di,Demonstratives/Deixis,1,0.1868872642517089,,0.1868872642517089,PNT1,SENT
và,ví,Connectives/Aspect markers,3,0.18674373626708982,0.01509632620150931,0.1954596042633056,PNT1,MCQA
xem,nựa coi,Predicate vocabulary,1,0.1864275932312011,,0.1864275932312011,PNT3,SENT
chàng hoảng hốt,ảnh quýnh quáng,Kinship/Honorific terms,1,0.1860566139221191,,0.1860566139221191,PNN,MCQA
vấn đề,cấy chi,Interrogatives,1,0.1856379508972168,,0.1856379508972168,PNT3,SENT
tìm những,kiếm mấy,Predicate vocabulary,1,0.1840643882751464,,0.1840643882751464,PNN,SENT
sao,răn,Interrogatives,1,0.18365478515625,,0.18365478515625,PNT4,MCQA
giúp mẹ,phụ má,Kinship/Honorific terms,2,0.18362259864807123,0.06300414372717715,0.18362259864807123,PNN,MCQA
chọn,lựa,Predicate vocabulary,2,0.18327212333679194,0.20238141152918712,0.18327212333679194,"PNN, PNT4","MCQA, NLI"
nói gì,nuối chi,Interrogatives,1,0.1826860904693603,,0.1826860904693603,PNT1,MCQA
yêu cầu,biểu,Predicate vocabulary,1,0.18196702003479,,0.18196702003479,PNN,MCQA
không,chả,Negation/Function words,14,0.18195434979030065,0.290940028851771,0.16078698635101313,"PNB, PNT1, PNT3, PNT4","NLI, SENT"
thấy chế,ngó chộ chị,Predicate vocabulary,1,0.1792802810668945,,0.1792802810668945,PNT3,SENT
sự việc,vụ,Predicate vocabulary,2,0.1791391372680664,0.08186806159628912,0.1791391372680664,PNN,QA
vội vàng,quíu quắn,Predicate vocabulary,1,0.1789040565490722,,0.1789040565490722,PNT4,MCQA
bạn,lạo,Pronouns,1,0.1787104606628418,,0.1787104606628418,PNT2,MCQA
bạn,cô,Kinship/Honorific terms,3,0.17830777168273917,0.0,0.1783077716827392,PNB,MCQA
ông bà đấy thế nào,ổng bả ra sao,Kinship/Honorific terms,1,0.1768913269042968,,0.1768913269042968,PNN,SENT
khuyên,kêu,Predicate vocabulary,1,0.176809549331665,,0.176809549331665,PNT3,MCQA
hoài,miết,Predicate vocabulary,1,0.1760530471801757,,0.1760530471801757,PNT4,SENT
và không,rồi hông,Negation/Function words,1,0.1756458282470703,,0.1756458282470703,PNN,MCQA
nó,hắn,Pronouns,39,0.17503482867509887,0.1546849742469091,0.1667532920837402,"PNT3, PNT4","MCQA, NLI, QA, SENT"
chửi,bới,Predicate vocabulary,1,0.1739459037780761,,0.1739459037780761,PNT1,SENT
ông,ổng,Pronouns,13,0.17360236094548148,0.05266679138163303,0.1479630470275879,"PNN, PNT4","MCQA, QA"
bà nó,mẹ kì,Kinship/Honorific terms,1,0.1734600067138672,,0.1734600067138672,PNT3,SENT
tao,tau còn,Pronouns,1,0.1732740402221679,,0.1732740402221679,PNT3,SENT
mãi không,hoài hông,Negation/Function words,1,0.1729879379272461,,0.1729879379272461,PNN,MCQA
sẽ,có lẹ,Connectives/Aspect markers,1,0.1726512908935547,,0.1726512908935547,PNT2,SENT
làm,mần,Predicate vocabulary,41,0.17199386619940035,0.16895285351075556,0.1567251682281494,"PNN, PNT1, PNT2, PNT3","MCQA, NLI, QA, SENT"
đấy,đo,Discourse particles,1,0.1717534065246582,,0.1717534065246582,PNT3,SENT
mẹ,má,Kinship/Honorific terms,31,0.17151169623098064,0.1372215502845742,0.1286821365356445,"PNN, PNT4","MCQA, NLI, QA, SENT"
dội,bật,Predicate vocabulary,1,0.1714096069335937,,0.1714096069335937,PNT4,SENT
vậy nên,rứa bơ,Connectives/Aspect markers,1,0.170969009399414,,0.170969009399414,PNT3,SENT
chắn,cú,Predicate vocabulary,1,0.1709249019622802,,0.1709249019622802,PNN,NLI
gì cả,chi hết,Interrogatives,1,0.1708414554595947,,0.1708414554595947,PNT4,MCQA
các,mấy,Negation/Function words,73,0.1704568666954563,0.20263395428750874,0.0819342136383056,"PNN, PNT2, PNT3, PNT4","MCQA, NLI, QA, SENT"
đóng,nộp,Predicate vocabulary,1,0.1703999042510986,,0.1703999042510986,PNT3,NLI
nào,nớ,Demonstratives/Deixis,1,0.1700325012207031,,0.1700325012207031,PNT3,MCQA
vất vả,khổ,Predicate vocabulary,1,0.1700015068054199,,0.1700015068054199,PNT3,MCQA
bố,bọ,Kinship/Honorific terms,6,0.16991464296976724,0.08146559201261906,0.17965030670166016,PNT3,MCQA
hoặc làm,hay lồm,Predicate vocabulary,1,0.1697802543640136,,0.1697802543640136,PNT4,SENT
cạnh nơi,kế bên chỗ,Predicate vocabulary,1,0.1697378158569336,,0.1697378158569336,PNN,NLI
mình,ta,Pronouns,4,0.1694891452789306,0.24831591125767113,0.0658984184265136,PNT4,SENT
nào không,mô nỏ,Interrogatives,1,0.1693565845489502,,0.1693565845489502,PNT2,MCQA
đó nhìn,nớ nhòm,Demonstratives/Deixis,1,0.1692769527435302,,0.1692769527435302,PNT3,MCQA
trở nên,đâm ra,Predicate vocabulary,1,0.1691102981567382,,0.1691102981567382,PNN,QA
như thế,a rứa,Demonstratives/Deixis,2,0.1682322025299072,0.0,0.1682322025299072,PNT2,MCQA
kia,nớ,Demonstratives/Deixis,1,0.1680092811584472,,0.1680092811584472,PNT4,MCQA
nhắc,nói,Predicate vocabulary,1,0.1679720878601074,,0.1679720878601074,PNT4,NLI
không về,hông dìa,Negation/Function words,1,0.1675953865051269,,0.1675953865051269,PNN,MCQA
sử dụng,dùng,Predicate vocabulary,4,0.16635191440582273,0.06257445124798235,0.15461933612823486,"PNT1, PNT3, PNT4","MCQA, NLI, QA"
định,tính,Predicate vocabulary,5,0.16614685058593745,0.02871896923082418,0.178990364074707,PNN,MCQA
mình,tui,Pronouns,3,0.16592057545979813,0.1789378057074126,0.2692303657531738,PNN,SENT
lười,làm,Predicate vocabulary,1,0.1658546924591064,,0.1658546924591064,PNN,MCQA
làm thế,mần rứa,Demonstratives/Deixis,2,0.1637966632843017,0.0,0.1637966632843017,"PNT2, PNT3",SENT
như thế nào,làm sao,Interrogatives,3,0.16347336769103998,0.11810768618100781,0.1016836166381836,PNN,"MCQA, QA"
thế nhỉ,rứa nhể,Demonstratives/Deixis,1,0.1628379821777343,,0.1628379821777343,PNT1,SENT
việc,cái vụ,Predicate vocabulary,1,0.1617395877838134,,0.1617395877838134,PNN,QA
đó,chỗ nớ,Demonstratives/Deixis,2,0.16160655021667475,0.07734755921240467,0.16160655021667475,"PNT2, PNT4",MCQA
bảo,biểu,Predicate vocabulary,2,0.1607544422149658,0.0,0.1607544422149658,PNN,MCQA
không,hông,Negation/Function words,134,0.16017347841120474,0.16509517639250032,0.10854136943817135,"PNN, PNT4","MCQA, NLI, QA, SENT"
điều gì,chi,Interrogatives,1,0.1601617336273193,,0.1601617336273193,PNT3,MCQA
và,với,Connectives/Aspect markers,64,0.1596202105283737,0.16094931927160583,0.1220209598541259,"PNN, PNT2, PNT3, PNT4","MCQA, NLI, QA, SENT"
nhé,nhen,Discourse particles,2,0.15941226482391355,0.10168264378041271,0.15941226482391355,PNN,"MCQA, SENT"
chơi hoặc làm,nhởi hay mần,Predicate vocabulary,1,0.158975601196289,,0.158975601196289,PNT2,SENT
đánh,nhể oánh,Predicate vocabulary,1,0.1582207679748535,,0.1582207679748535,PNT1,SENT
rất,khá,Predicate vocabulary,1,0.1580643653869629,,0.1580643653869629,PNT3,NLI
cậu,hắn,Pronouns,11,0.15782408280806107,0.0365597366640979,0.1791703701019287,"PNT3, PNT4",MCQA
không thấy,nỏ chộ,Negation/Function words,1,0.157693862915039,,0.157693862915039,PNT2,MCQA
tốt,giỏi,Predicate vocabulary,1,0.156583547592163,,0.156583547592163,PNN,NLI
tấm,tờ,Predicate vocabulary,1,0.1563587188720703,,0.1563587188720703,PNT3,NLI
những,mấy,Negation/Function words,44,0.15635359829122367,0.1505044776680483,0.094031810760498,"PNN, PNT1, PNT2, PNT3, PNT4","MCQA, NLI, QA, SENT"
mình,mềng,Pronouns,3,0.1560707887013753,0.14196198139669522,0.1231534481048584,PNT3,"MCQA, SENT"
giờ mới,dừ mì,Predicate vocabulary,1,0.1556382179260254,,0.1556382179260254,PNT2,SENT
đâu,mô mà,Interrogatives,3,0.1554930210113525,0.0,0.1554930210113525,"PNT2, PNT3, PNT4",MCQA
chúng,bọn,Pronouns,5,0.1548581600189209,0.1643216177934632,0.0726513862609863,"PNB, PNT3","MCQA, NLI"
nào chứ,mô chơ,Interrogatives,1,0.1540045738220214,,0.1540045738220214,PNT3,SENT
cha,ba,Kinship/Honorific terms,11,0.1532455574382435,0.1919357885021463,0.0645580291748046,"PNN, PNT4","MCQA, NLI, QA, SENT"
dí,rượt,Predicate vocabulary,5,0.15270338058471683,0.2131478784433429,-0.0029578208923339,PNN,SENT
cô,bà,Kinship/Honorific terms,1,0.1520650386810302,,0.1520650386810302,PNB,NLI
thai,bầu,Predicate vocabulary,1,0.1510004997253418,,0.1510004997253418,PNT3,NLI
mai này,sau ni,Demonstratives/Deixis,1,0.1509084701538086,,0.1509084701538086,PNT2,SENT
chả,nỏ,Negation/Function words,1,0.149932861328125,,0.149932861328125,PNT3,SENT
bước,đoạn,Predicate vocabulary,1,0.1496963500976562,,0.1496963500976562,PNT3,SENT
đâu,chi mà,Interrogatives,1,0.1493341922760009,,0.1493341922760009,PNT1,MCQA
đỗ,đậu,Predicate vocabulary,5,0.1493163108825683,0.0,0.1493163108825683,"PNN, PNT3, PNT4",SENT
thế không,dữ hông,Negation/Function words,1,0.1486968994140625,,0.1486968994140625,PNN,SENT
dỗi,lẫy,Predicate vocabulary,2,0.1486892700195312,0.0,0.1486892700195312,PNT3,MCQA
đã,dạ,Connectives/Aspect markers,1,0.1485571861267089,,0.1485571861267089,PNT2,MCQA
thế không,rứa nỏ,Demonstratives/Deixis,2,0.1482787132263183,0.0,0.1482787132263183,"PNT2, PNT3",SENT
các bà đâu,mấy mệ mô,Interrogatives,1,0.1479392051696777,,0.1479392051696777,PNT3,SENT
thật chẳng,thiệt nỏ,Negation/Function words,1,0.146885871887207,,0.146885871887207,PNT3,SENT
khi cha,lúc ba,Kinship/Honorific terms,1,0.1466870307922363,,0.1466870307922363,PNN,MCQA
nó vừa,hắn bưa bưa,Pronouns,1,0.1463193893432617,,0.1463193893432617,PNT3,SENT
chẳng,hông có,Negation/Function words,1,0.1462752819061279,,0.1462752819061279,PNN,MCQA
thì như thế nào,ra sao,Interrogatives,1,0.1462373733520507,,0.1462373733520507,PNN,QA
chơi,nhởi,Predicate vocabulary,1,0.1458783149719238,,0.1458783149719238,PNT2,SENT
con ấy chứ,em đó chơ,Predicate vocabulary,1,0.1458144187927246,,0.1458144187927246,PNT3,SENT
tý vào,một tỉ vô,Predicate vocabulary,1,0.145695686340332,,0.145695686340332,PNT3,SENT
bịn rịn,lưu luyến,Idiomatic expressions,1,0.1449615955352783,,0.1449615955352783,PNB,MCQA
tao tao,ta ta,Pronouns,1,0.1435484886169433,,0.1435484886169433,PNT4,SENT
chứ,chơ răng,Connectives/Aspect markers,1,0.142709732055664,,0.142709732055664,PNT3,SENT
cha,bọ,Kinship/Honorific terms,2,0.1423096656799316,0.0395903892676173,0.1423096656799316,PNT3,MCQA
trái,ngược,Predicate vocabulary,1,0.1422991752624511,,0.1422991752624511,PNT4,QA
tại 1,ở một,Predicate vocabulary,1,0.1422667503356933,,0.1422667503356933,PNT3,NLI
gọi thật,hú đại,Predicate vocabulary,1,0.1415855884552002,,0.1415855884552002,PNT3,MCQA
ngừa,hờ,Predicate vocabulary,1,0.1411402225494384,,0.1411402225494384,PNN,MCQA
phần lớn,đa số,Predicate vocabulary,1,0.1398887634277343,,0.1398887634277343,PNT4,QA
thêm khó chịu và,bực mình với,Idiomatic expressions,1,0.1394917964935302,,0.1394917964935302,PNN,MCQA
tôi,ta,Pronouns,4,0.1380899548530578,0.20569744713282775,0.07053804397583,PNT4,"MCQA, NLI, SENT"
ảnh,hình,Predicate vocabulary,1,0.1375691890716552,,0.1375691890716552,PNT4,NLI
bao giờ bảo,từng kêu,Idiomatic expressions,1,0.1369376182556152,,0.1369376182556152,PNT3,MCQA
không nhỉ,lắm hông,Negation/Function words,1,0.1367897987365722,,0.1367897987365722,PNN,SENT
di chuyển,đi,Predicate vocabulary,1,0.1360962390899658,,0.1360962390899658,PNT4,NLI
đây,chừ,Negation/Function words,1,0.1360297203063964,,0.1360297203063964,PNT4,SENT
mẹ già,mạ tra,Kinship/Honorific terms,2,0.1346995830535888,0.10401403885264134,0.1346995830535888,PNT3,"MCQA, SENT"
nói rằng,bảo là,Idiomatic expressions,1,0.1343803405761718,,0.1343803405761718,PNB,NLI
về,dìa,Predicate vocabulary,2,0.13422942161560056,0.025975271324658003,0.13422942161560056,"PNN, PNT4",MCQA
vén,kéo,Predicate vocabulary,1,0.1339473724365234,,0.1339473724365234,PNT4,SENT
bữa không,bựa nỏ,Demonstratives/Deixis,1,0.1336522102355957,,0.1336522102355957,PNT3,SENT
bát,chén,Predicate vocabulary,8,0.132296085357666,0.0,0.132296085357666,"PNN, PNT3",MCQA
thể sử dụng,dùng,Predicate vocabulary,1,0.1318387985229492,,0.1318387985229492,PNT3,NLI
chứa,bỏ,Predicate vocabulary,1,0.1313047409057617,,0.1313047409057617,PNT3,QA
chúng,nhà,Pronouns,5,0.13082013130187986,0.05584016831462872,0.1102161407470703,PNT2,"MCQA, NLI"
cậu,nó,Pronouns,3,0.13042354583740232,0.28162740181661916,0.2930212020874023,"PNB, PNN","MCQA, NLI"
lên,vô,Predicate vocabulary,1,0.1303465366363525,,0.1303465366363525,PNT1,MCQA
chẳng,nọ,Negation/Function words,1,0.1299898624420166,,0.1299898624420166,PNT3,MCQA
những việc gì,chi,Interrogatives,1,0.1298146247863769,,0.1298146247863769,PNT3,MCQA
đó kkkk,đấy,Demonstratives/Deixis,1,0.1297636032104492,,0.1297636032104492,PNB,SENT
sao này,mài bựa,Idiomatic expressions,1,0.1296935081481933,,0.1296935081481933,PNT3,SENT
vào túi,vô bịch,Predicate vocabulary,1,0.129582405090332,,0.129582405090332,PNN,MCQA
t,tau,Pronouns,1,0.128976821899414,,0.128976821899414,PNT3,SENT
bỏ mặc,kệ,Predicate vocabulary,1,0.1289665699005127,,0.1289665699005127,PNN,MCQA
và những,với mấy,Predicate vocabulary,1,0.1288156509399414,,0.1288156509399414,PNN,MCQA
nó yêu nhâu,hắn ưng chắc,Pronouns,1,0.1288099288940429,,0.1288099288940429,PNT3,SENT
khi mẹ,lúc má,Kinship/Honorific terms,1,0.1286954879760742,,0.1286954879760742,PNN,MCQA
vấn đề,chuyện,Predicate vocabulary,1,0.1283397674560547,,0.1283397674560547,PNT3,NLI
chúng ta,mình,Pronouns,1,0.1282789707183838,,0.1282789707183838,PNT3,SENT
nơi,chỗ,Predicate vocabulary,2,0.12807738780975336,0.03735003138817217,0.12807738780975336,"PNN, PNT4","NLI, QA"
thật,thiệt,Connectives/Aspect markers,15,0.12801675796508782,0.1273765273246335,0.1109123229980468,"PNN, PNT3","MCQA, NLI, SENT"
cả,với,Connectives/Aspect markers,1,0.12738037109375,,0.12738037109375,PNT3,SENT
khi,lúc,Connectives/Aspect markers,25,0.1273304748535156,0.15386706215730955,0.0612602233886718,PNN,"MCQA, NLI, QA, SENT"
tới,xuống,Predicate vocabulary,1,0.1270537376403808,,0.1270537376403808,PNT4,SENT
lợn,heo,Predicate vocabulary,1,0.1266374588012695,,0.1266374588012695,PNN,SENT
nhỉ,hỉ,Discourse particles,2,0.12636351585388184,0.2691494374157812,0.12636351585388184,PNT4,SENT
cậu,cu,Pronouns,1,0.126039981842041,,0.126039981842041,PNT3,MCQA
này,nì,Discourse particles,2,0.1256394386291504,0.0,0.1256394386291504,"PNT2, PNT3",SENT
gì nó,chi hấn,Interrogatives,1,0.1255850791931152,,0.1255850791931152,PNT2,SENT
gọi thật,hú thiệt,Predicate vocabulary,1,0.1253933906555175,,0.1253933906555175,PNT2,MCQA
nhìn nó vào,ngó hắn vô,Pronouns,1,0.1252632141113281,,0.1252632141113281,PNT3,SENT
rất nhiều,quá trời,Idiomatic expressions,1,0.1251242160797119,,0.1251242160797119,PNT4,MCQA
thế nào,vậy,Demonstratives/Deixis,1,0.1246562004089355,,0.1246562004089355,PNN,SENT
em,mi,Pronouns,1,0.1245565414428711,,0.1245565414428711,PNT1,MCQA
nhỉ,he,Discourse particles,1,0.1239223480224609,,0.1239223480224609,PNT3,SENT
điều,chuyện,Predicate vocabulary,9,0.12377516428629552,0.09334000977538684,0.0855398178100586,PNN,"MCQA, NLI, QA"
giờ đây,chừ,Negation/Function words,1,0.1236739158630371,,0.1236739158630371,PNT3,SENT
người mẹ,má,Kinship/Honorific terms,6,0.12360755602518715,0.012618960825318779,0.1184558868408203,"PNN, PNT4",MCQA
giả vờ,làm bộ,Predicate vocabulary,1,0.1218585968017578,,0.1218585968017578,PNN,MCQA
hồi đó đã,thời nớ,Demonstratives/Deixis,1,0.121734619140625,,0.121734619140625,PNT3,SENT
or không,hoặc nỏ,Negation/Function words,1,0.1216037273406982,,0.1216037273406982,PNT2,SENT
người cha,ba,Kinship/Honorific terms,1,0.1210646629333496,,0.1210646629333496,PNN,MCQA
mãi đến,hoài tới,Predicate vocabulary,2,0.1207749843597412,0.0,0.1207749843597412,"PNN, PNT4",MCQA
người kia mới,đứa tê,Idiomatic expressions,1,0.1207592487335205,,0.1207592487335205,PNT3,MCQA
đâu,có,Interrogatives,1,0.1206421852111816,,0.1206421852111816,PNT4,SENT
dỗi,giận,Predicate vocabulary,2,0.1205747127532959,0.0,0.1205747127532959,PNN,MCQA
đó,đỏ,Discourse particles,1,0.1204748153686523,,0.1204748153686523,PNT3,SENT
em,con,Kinship/Honorific terms,1,0.1204664707183837,,0.1204664707183837,PNT4,NLI
lũ,tụi,Pronouns,1,0.1201496124267578,,0.1201496124267578,PNN,SENT
như vậy,a rứa,Demonstratives/Deixis,2,0.119713544845581,0.0009214986958422264,0.119713544845581,PNT2,MCQA
bùn,sình,Predicate vocabulary,2,0.1196849346160888,0.0,0.1196849346160888,PNN,MCQA
đầy,toàn,Predicate vocabulary,1,0.1187081336975097,,0.1187081336975097,PNT3,MCQA
thật,thiệt,Predicate vocabulary,6,0.1177393992741902,0.13272324053489853,0.0720319747924804,PNT4,SENT
liền là không,luôn,Predicate vocabulary,1,0.1175522804260253,,0.1175522804260253,PNT3,SENT
trắng,thâu,Predicate vocabulary,1,0.1174352169036865,,0.1174352169036865,PNT3,MCQA
thật đấy,thiệt,Connectives/Aspect markers,1,0.117258071899414,,0.117258071899414,PNT3,SENT
mồm,mỏ,Predicate vocabulary,1,0.117159366607666,,0.117159366607666,PNT4,SENT
chê trách,quở,Predicate vocabulary,1,0.1169617176055908,,0.1169617176055908,PNN,MCQA
khi bố bảo,lúc ba kêu,Kinship/Honorific terms,1,0.1164090633392334,,0.1164090633392334,PNN,MCQA
mẹ vào,vô,Kinship/Honorific terms,1,0.1158614158630371,,0.1158614158630371,PNT3,SENT
chửi,chưởi,Predicate vocabulary,1,0.1157684326171875,,0.1157684326171875,PNT3,SENT
quả,trái,Predicate vocabulary,5,0.11566934585571284,0.09155613241070548,0.1569912433624267,"PNN, PNT4","MCQA, NLI"
quát,nạt,Predicate vocabulary,1,0.1155920028686523,,0.1155920028686523,PNT2,SENT
điều may mắn,chuyện hên,Predicate vocabulary,1,0.1152911186218261,,0.1152911186218261,PNN,MCQA
không chạm,hông đụng,Negation/Function words,1,0.11513352394104,,0.11513352394104,PNN,NLI
các vị,mấy người,Pronouns,1,0.1149961948394775,,0.1149961948394775,PNT3,MCQA
các nẻo đường,mấy lộ,Predicate vocabulary,1,0.1147334575653076,,0.1147334575653076,PNT3,MCQA
và rất,với,Predicate vocabulary,1,0.1145582199096679,,0.1145582199096679,PNN,MCQA
mẹ,mệ,Kinship/Honorific terms,6,0.114468773206075,0.05586318783084367,0.11175322532653806,PNT2,"MCQA, SENT"
nó,nớ,Demonstratives/Deixis,2,0.112856388092041,0.0,0.112856388092041,"PNT2, PNT3",SENT
trông,coi,Predicate vocabulary,1,0.112358808517456,,0.112358808517456,PNT4,MCQA
lạ,cục,Predicate vocabulary,2,0.111318826675415,0.0,0.111318826675415,PNT4,MCQA
mặc,lơ,Predicate vocabulary,1,0.1104574203491211,,0.1104574203491211,PNT4,MCQA
quá,kinh,Discourse particles,2,0.11036098003387446,0.014204330885141482,0.11036098003387446,PNT4,"MCQA, SENT"
xem,coi,Predicate vocabulary,30,0.10944665273030596,0.06833645532175259,0.09039473533630366,"PNB, PNN, PNT1, PNT3, PNT4","MCQA, NLI, QA, SENT"
dơ,nhớp,Predicate vocabulary,1,0.1090674400329589,,0.1090674400329589,PNT4,SENT
người,đứa,Predicate vocabulary,4,0.10901510715484618,0.25958226226108977,0.02384161949157715,"PNT1, PNT2, PNT3, PNT4","MCQA, NLI, SENT"
giai đoạn,lúc,Predicate vocabulary,1,0.1089251041412353,,0.1089251041412353,PNN,NLI
nhìn,nhòm,Predicate vocabulary,1,0.1088337898254394,,0.1088337898254394,PNT3,MCQA
vào,ở,Predicate vocabulary,3,0.10831665992736816,0.22676530580667012,0.0473701953887939,"PNT3, PNT4",QA
kia,tê,Demonstratives/Deixis,1,0.1076140403747558,,0.1076140403747558,PNT1,SENT
và,rồi,Connectives/Aspect markers,15,0.10731263160705562,0.09330392096245473,0.0520026683807373,"PNN, PNT1, PNT3, PNT4","MCQA, NLI"
ngoại,vãi,Predicate vocabulary,1,0.1069791316986084,,0.1069791316986084,PNB,MCQA
không muốn,nỏ ưng,Negation/Function words,2,0.10692346096038816,0.10216176915428453,0.10692346096038816,PNT3,"MCQA, SENT"
ông bố,ba,Kinship/Honorific terms,1,0.1065084934234619,,0.1065084934234619,PNN,MCQA
lớn,bà lả,Predicate vocabulary,1,0.1058952808380127,,0.1058952808380127,PNT3,MCQA
đến thối,tới thúi,Predicate vocabulary,1,0.1058030128479003,,0.1058030128479003,PNN,MCQA
hôm ấy,nớ,Demonstratives/Deixis,1,0.1050624847412109,,0.1050624847412109,PNT3,SENT
cái lũ,cấy bọn,Pronouns,1,0.104128360748291,,0.104128360748291,PNT3,SENT
ta,cơ,Discourse particles,1,0.1040296554565429,,0.1040296554565429,PNT1,SENT
hôm nó,bữa hén,Demonstratives/Deixis,1,0.1035594940185546,,0.1035594940185546,PNT4,SENT
quả,cú,Predicate vocabulary,1,0.1035456657409668,,0.1035456657409668,PNN,SENT
mày,bây,Pronouns,1,0.103426456451416,,0.103426456451416,PNT3,SENT
cáu,quạu,Predicate vocabulary,1,0.1023371219635009,,0.1023371219635009,PNN,MCQA
thế này,vậy,Demonstratives/Deixis,2,0.10120892524719236,0.029896951284899716,0.10120892524719236,PNN,SENT
để,đặng,Connectives/Aspect markers,2,0.10020053386688224,0.016075650959025207,0.10020053386688224,PNN,"MCQA, SENT"
bây,bi,Demonstratives/Deixis,1,0.0991640090942382,,0.0991640090942382,PNT4,SENT
việc,chuyện,Predicate vocabulary,14,0.09868185860770086,0.09566597024006918,0.08926045894622794,"PNN, PNT3, PNT4","MCQA, NLI, QA, SENT"
chúng nó,bọn hấn,Pronouns,1,0.098362922668457,,0.098362922668457,PNT2,SENT
tao,ta,Pronouns,16,0.09756630659103391,0.10954810101246953,0.0902087688446044,PNT4,SENT
đùa,giỡn,Predicate vocabulary,1,0.0973262786865234,,0.0973262786865234,PNN,SENT
mẩu,mảnh,Predicate vocabulary,3,0.09731650352478032,0.12163326862224932,0.16754150390625,PNB,MCQA
mẫu,méng,Predicate vocabulary,1,0.0970866680145263,,0.0970866680145263,PNT3,MCQA
đến,qua,Predicate vocabulary,2,0.0967705249786377,0.0,0.0967705249786377,PNN,MCQA
sao,can chi,Interrogatives,1,0.0965242385864257,,0.0965242385864257,PNT2,SENT
lười thế,nhác rứa,Demonstratives/Deixis,1,0.0964653491973877,,0.0964653491973877,PNT2,MCQA
chứ sau này,chơ mài bựa,Demonstratives/Deixis,1,0.0964159965515136,,0.0964159965515136,PNT3,SENT
bây giờ,giừ,Negation/Function words,1,0.0963263511657714,,0.0963263511657714,PNT2,SENT
như thế nào,ra sao,Interrogatives,30,0.09607844352722165,0.09093760120277754,0.06902968883514399,PNN,"MCQA, QA, SENT"
cả,nguyên,Negation/Function words,3,0.09572903315226233,0.06501132611720484,0.1305093765258789,"PNN, PNT4","MCQA, SENT"
người,thằng,Predicate vocabulary,1,0.0956707000732421,,0.0956707000732421,PNT4,SENT
ấy giờ,đó chừ,Demonstratives/Deixis,1,0.0956659317016601,,0.0956659317016601,PNT4,SENT
muốn,mắc,Predicate vocabulary,1,0.0952858924865722,,0.0952858924865722,PNN,SENT
đường đến,đàng tới,Predicate vocabulary,1,0.0952033996582031,,0.0952033996582031,PNT3,MCQA
dẫn gấu,đắc bồ,Predicate vocabulary,1,0.094759464263916,,0.094759464263916,PNT3,SENT
chạy,phóng,Predicate vocabulary,1,0.0942339897155761,,0.0942339897155761,PNB,SENT
dạy,bày,Predicate vocabulary,1,0.0940654277801513,,0.0940654277801513,PNT4,MCQA
người nấy,ngài nớ,Demonstratives/Deixis,1,0.0926945209503173,,0.0926945209503173,PNT2,MCQA
mắng,thét,Predicate vocabulary,1,0.0921111106872558,,0.0921111106872558,PNB,MCQA
cho,bỏ,Predicate vocabulary,1,0.0920324325561523,,0.0920324325561523,PNN,MCQA
chàng trai,của anh nớ,Idiomatic expressions,1,0.091501235961914,,0.091501235961914,PNT2,NLI
vậy,rứa,Demonstratives/Deixis,53,0.09109587489434008,0.23500287957902444,0.0598249435424804,"PNT1, PNT2, PNT3, PNT4","MCQA, NLI, SENT"
tấm,cấy,Negation/Function words,1,0.0908374786376953,,0.0908374786376953,PNT3,MCQA
giờ,chừ,Negation/Function words,7,0.09047617231096532,0.07168139248467152,0.0488247871398925,"PNT3, PNT4",SENT
đã không,hông,Negation/Function words,1,0.0901453495025634,,0.0901453495025634,PNN,MCQA
đám,chỗ,Predicate vocabulary,1,0.0895981788635253,,0.0895981788635253,PNT3,SENT
ôtô cá,xe hơi cá,Predicate vocabulary,1,0.0893774032592773,,0.0893774032592773,PNN,NLI
đã,đả,Connectives/Aspect markers,1,0.0892996788024902,,0.0892996788024902,PNT2,MCQA
bảo,kêu,Predicate vocabulary,17,0.08851696463192203,0.0230459151652184,0.0961582660675048,"PNN, PNT2, PNT3, PNT4",MCQA
kia,đó,Demonstratives/Deixis,2,0.08813190460205075,0.03441003582344622,0.08813190460205075,PNN,SENT
trước,bữa,Predicate vocabulary,1,0.0876779556274414,,0.0876779556274414,PNN,SENT
chừng,khéo lại,Predicate vocabulary,1,0.0870890617370605,,0.0870890617370605,PNT1,SENT
vờ,bộ,Predicate vocabulary,3,0.08666626612345374,0.004583228722319058,0.0840201377868652,"PNN, PNT1",MCQA
quá,dữ,Predicate vocabulary,1,0.0866327285766601,,0.0866327285766601,PNN,SENT
cáu,đóa,Predicate vocabulary,1,0.086423635482788,,0.086423635482788,PNT3,MCQA
chứ,chơ,Connectives/Aspect markers,15,0.08509804407755531,0.08328730843132351,0.0705866813659668,"PNT2, PNT3",SENT
mắng,la,Predicate vocabulary,4,0.08485782146453855,0.04324400922712838,0.1033010482788086,"PNN, PNT4","MCQA, SENT"
quần áo,đồ,Predicate vocabulary,1,0.0842185020446777,,0.0842185020446777,PNN,MCQA
đâu,chi,Interrogatives,1,0.0834629535675048,,0.0834629535675048,PNT4,MCQA
ngày,hồi,Predicate vocabulary,1,0.0828657150268554,,0.0828657150268554,PNN,SENT
nó,trời,Pronouns,1,0.0816740989685058,,0.0816740989685058,PNT3,SENT
hám,tham,Predicate vocabulary,1,0.0813851356506347,,0.0813851356506347,PNT1,SENT
chiếc,cấy,Negation/Function words,3,0.0778889656066894,0.05486081833494318,0.109562873840332,PNT3,MCQA
bão vắng mẹ,bạo thiếu mạ,Kinship/Honorific terms,1,0.0774528980255127,,0.0774528980255127,PNT3,MCQA
bà,mệ,Kinship/Honorific terms,1,0.0769205093383789,,0.0769205093383789,PNT3,SENT
bạn,mày,Pronouns,1,0.0766830444335937,,0.0766830444335937,PNT2,SENT
ghê,thiệt,Connectives/Aspect markers,1,0.075657844543457,,0.075657844543457,PNT3,SENT
ấy,á,Demonstratives/Deixis,3,0.07535362243652342,0.06499551313039799,0.0378284454345703,"PNN, PNT4",SENT
già,tra,Predicate vocabulary,1,0.075174331665039,,0.075174331665039,PNT3,SENT
em ấy,ẻm,Pronouns,1,0.0750126838684082,,0.0750126838684082,PNN,SENT
lười,nhác,Predicate vocabulary,6,0.07490364710489907,0.0019995728341978443,0.0736129283905029,"PNT1, PNT2, PNT3","MCQA, SENT"
bố,ba,Kinship/Honorific terms,36,0.07313581970002914,0.048323410214135346,0.0780980587005615,"PNN, PNT3, PNT4","MCQA, SENT"
nói chuyện,gọi,Predicate vocabulary,1,0.073077917098999,,0.073077917098999,PNT3,MCQA
bà mẹ,má,Kinship/Honorific terms,1,0.0725922584533691,,0.0725922584533691,PNN,MCQA
ạ,cấy,Negation/Function words,1,0.0725502967834472,,0.0725502967834472,PNT3,SENT
tầng,lầu,Predicate vocabulary,3,0.0724630355834961,0.0,0.0724630355834961,PNN,SENT
bây giờ,chừ,Negation/Function words,1,0.0714187622070312,,0.0714187622070312,PNT3,SENT
chăm,giữ,Predicate vocabulary,2,0.0705931186676025,0.0,0.0705931186676025,PNT4,MCQA
muốn bạn ấy,ưng hắn,Pronouns,1,0.0700123310089111,,0.0700123310089111,PNT3,MCQA
và,nên,Connectives/Aspect markers,1,0.0695776939392089,,0.0695776939392089,PNT3,MCQA
chúng ta,tụi mình,Pronouns,6,0.06955552101135253,0.0717308599773643,0.07792627811431885,PNN,"MCQA, SENT"
cô tại,cổ ở,Pronouns,1,0.0694556236267089,,0.0694556236267089,PNT4,NLI
ấy chứ,đó chơ,Predicate vocabulary,1,0.068455696105957,,0.068455696105957,PNT3,SENT
đánh cắp,lấy trộm,Predicate vocabulary,1,0.0669381618499755,,0.0669381618499755,PNT1,MCQA
chạy,qua,Predicate vocabulary,1,0.0667047500610351,,0.0667047500610351,PNT4,SENT
các con,mấy đứa,Pronouns,2,0.0656268596649169,0.0,0.0656268596649169,PNT3,MCQA
những mẩu,mớ,Predicate vocabulary,1,0.0653827190399169,,0.0653827190399169,PNT3,MCQA
nhá,nghe,Discourse particles,2,0.0652098655700683,0.0,0.0652098655700683,"PNT3, PNT4",SENT
“tôi,“tau,Pronouns,1,0.0651218891143798,,0.0651218891143798,PNT1,MCQA
được,nổi,Predicate vocabulary,1,0.065093994140625,,0.065093994140625,PNN,SENT
thật chớ,thiệt chơ,Predicate vocabulary,1,0.0650272369384765,,0.0650272369384765,PNT3,SENT
mẹ,mụ,Kinship/Honorific terms,1,0.0649604797363281,,0.0649604797363281,PNB,SENT
về điều,nghe chuyện,Predicate vocabulary,1,0.0642662048339843,,0.0642662048339843,PNN,MCQA
heo,lợn,Predicate vocabulary,4,0.0641012191772461,0.0,0.0641012191772461,"PNB, PNT2",SENT
không chú,hông để,Negation/Function words,1,0.0639982223510742,,0.0639982223510742,PNN,MCQA
muốn,ưng,Predicate vocabulary,3,0.06393925348917637,0.03863907084062677,0.0599780082702636,PNT3,SENT
thật quá,thiệt,Connectives/Aspect markers,1,0.063791275024414,,0.063791275024414,PNN,SENT
thật quá,thiệt,Predicate vocabulary,1,0.063791275024414,,0.063791275024414,PNT4,SENT
qua,vừa rồi,Connectives/Aspect markers,1,0.0637564659118652,,0.0637564659118652,PNT2,NLI
đánh,ăn,Predicate vocabulary,1,0.0635507106781005,,0.0635507106781005,PNT4,MCQA
người khác,họ,Pronouns,1,0.0632669925689697,,0.0632669925689697,PNT3,MCQA
quá,ghê,Predicate vocabulary,2,0.06286931037902825,0.005559000731192867,0.06286931037902825,"PNN, PNT4","MCQA, SENT"
chả,không,Negation/Function words,1,0.0623536109924316,,0.0623536109924316,PNT4,SENT
miêu,mô,Interrogatives,1,0.0621871948242187,,0.0621871948242187,PNT4,MCQA
"ta ""","mình""",Pronouns,1,0.0614147186279296,,0.0614147186279296,PNB,SENT
phòng,buồng,Predicate vocabulary,1,0.0612344741821289,,0.0612344741821289,PNT4,SENT
tát,vả,Predicate vocabulary,1,0.0603513717651367,,0.0603513717651367,PNT1,SENT
các chế ơi,mấy ả nở,Kinship/Honorific terms,1,0.0601439476013183,,0.0601439476013183,PNT3,SENT
hối hả,vội vã,Idiomatic expressions,1,0.0595014095306396,,0.0595014095306396,PNB,MCQA
rằng,là,Connectives/Aspect markers,14,0.059105566569737,0.057830165151467924,0.0460931062698364,"PNN, PNT2, PNT3, PNT4","MCQA, NLI, QA"
chăn,mền,Predicate vocabulary,2,0.0589652061462402,0.0,0.0589652061462402,"PNN, PNT4",MCQA
nhìn,ngó,Predicate vocabulary,5,0.05893340110778802,0.04047555364905584,0.060805320739746,"PNN, PNT3, PNT4","MCQA, SENT"
chúng,tụi,Pronouns,5,0.05892066955566402,0.07524083666861568,0.1083593368530273,PNN,"MCQA, SENT"
vấn đề,chi là,Predicate vocabulary,1,0.0587120056152343,,0.0587120056152343,PNT2,SENT
tìm,kiếm,Predicate vocabulary,2,0.05860519409179679,0.02617589032356989,0.05860519409179679,PNN,MCQA
nhưng,mà,Connectives/Aspect markers,1,0.0580916404724121,,0.0580916404724121,PNT3,NLI
sờ,xì,Predicate vocabulary,1,0.0576248168945312,,0.0576248168945312,PNT4,SENT
mang thai,có bầu,Predicate vocabulary,1,0.0571124553680419,,0.0571124553680419,PNT1,NLI
và bảo,rồi kêu,Connectives/Aspect markers,1,0.0567648410797119,,0.0567648410797119,PNN,MCQA
chỗ,lộ,Predicate vocabulary,1,0.0567643642425537,,0.0567643642425537,PNT3,MCQA
gọi thật,kêu thiệt,Predicate vocabulary,1,0.0562870502471923,,0.0562870502471923,PNN,MCQA
khiến,làm,Predicate vocabulary,5,0.0561268329620361,0.12697723842528094,0.0812597274780273,"PNT3, PNT4","MCQA, NLI, SENT"
cậu,thằng,Pronouns,4,0.05548077821731565,0.06837444113848479,0.0798944234848022,"PNT3, PNT4",MCQA
vào túi ni lông và,vô bao xì dầu rồi,Connectives/Aspect markers,1,0.0554578304290771,,0.0554578304290771,PNT3,MCQA
"cây""","cơn""",Predicate vocabulary,2,0.0542545318603515,0.0,0.0542545318603515,PNT3,MCQA
gì,chi cả,Interrogatives,1,0.0540516376495361,,0.0540516376495361,PNT1,MCQA
ngõ,trổng,Predicate vocabulary,1,0.0539064407348632,,0.0539064407348632,PNT3,SENT
bả,mệ,Kinship/Honorific terms,1,0.0537624359130859,,0.0537624359130859,PNT3,SENT
chân,thiệt,Connectives/Aspect markers,2,0.053593635559082,0.0,0.053593635559082,"PNN, PNT3",MCQA
đấy,đỏ,Discourse particles,1,0.0535550117492675,,0.0535550117492675,PNT3,SENT
mảnh,miếng,Predicate vocabulary,3,0.05296969413757321,0.0,0.0529696941375732,PNN,MCQA
hoặc,hay,Connectives/Aspect markers,1,0.0528168678283691,,0.0528168678283691,PNN,NLI
tập,hành,Predicate vocabulary,2,0.0526952743530273,0.0,0.0526952743530273,PNN,MCQA
lao,phóng,Predicate vocabulary,1,0.0524063110351562,,0.0524063110351562,PNT1,MCQA
sự,lúc,Predicate vocabulary,1,0.0523688793182373,,0.0523688793182373,PNT1,MCQA
đáng buồn,mắc,Predicate vocabulary,1,0.0515007972717285,,0.0515007972717285,PNN,MCQA
con mẹ,mụ,Kinship/Honorific terms,1,0.0513844490051269,,0.0513844490051269,PNB,SENT
đâu,gì,Interrogatives,1,0.0513505935668945,,0.0513505935668945,PNN,MCQA
mất,quá,Discourse particles,1,0.050760269165039,,0.050760269165039,PNT4,SENT
không trượt,nỏ lệch,Negation/Function words,1,0.0505423545837402,,0.0505423545837402,PNT3,SENT
nhé,nha,Discourse particles,5,0.05046410560607908,0.04093974707447191,0.0486931800842285,"PNN, PNT2","MCQA, SENT"
xưa,kìa,Demonstratives/Deixis,1,0.0503499507904052,,0.0503499507904052,PNB,MCQA
đợi lớn,chơ mài bựa nậy,Demonstratives/Deixis,1,0.049999713897705,,0.049999713897705,PNT3,SENT
đó,đấy,Demonstratives/Deixis,3,0.04970979690551757,0.03608396179149172,0.0311894416809082,PNB,SENT
nhỏ,bé,Predicate vocabulary,2,0.049504280090332045,0.09939777882894003,0.049504280090332045,"PNB, PNT2","QA, SENT"
ầm,váng,Predicate vocabulary,1,0.0494370460510253,,0.0494370460510253,PNN,MCQA
cuối,sau,Predicate vocabulary,1,0.049217939376831,,0.049217939376831,PNN,MCQA
anh ấy,mình,Pronouns,1,0.0490422248840332,,0.0490422248840332,PNB,NLI
rứa,thế,Demonstratives/Deixis,1,0.0483808517456054,,0.0483808517456054,PNB,SENT
ấy chứ,nít đó chớ,Discourse particles,1,0.0481195449829101,,0.0481195449829101,PNN,SENT
thụt,trượt,Predicate vocabulary,1,0.0479087829589843,,0.0479087829589843,PNT1,SENT
ngã,té,Predicate vocabulary,1,0.0479018688201904,,0.0479018688201904,PNN,MCQA
má nó,mẹ hắn,Kinship/Honorific terms,1,0.0477113723754882,,0.0477113723754882,PNT3,SENT
để,mà,Connectives/Aspect markers,1,0.0474059581756591,,0.0474059581756591,PNT3,MCQA
nó,bọn,Pronouns,1,0.0474019050598144,,0.0474019050598144,PNT2,SENT
nó vả không,hắn bả nỏ,Pronouns,1,0.0472455024719238,,0.0472455024719238,PNT3,SENT
cây,cơn,Predicate vocabulary,3,0.04696289698282874,0.012629482078110694,0.0542545318603515,PNT3,MCQA
miền,vùng,Predicate vocabulary,3,0.046831846237182596,0.0,0.0468318462371826,PNB,MCQA
cạnh,kế bên,Predicate vocabulary,2,0.04678344726562495,0.03144660661094829,0.04678344726562495,PNN,MCQA
thằng,đứa,Predicate vocabulary,1,0.0464205741882324,,0.0464205741882324,PNT4,SENT
kia,trước,Demonstratives/Deixis,1,0.0461852550506591,,0.0461852550506591,PNN,MCQA
điều,việc,Predicate vocabulary,1,0.0453157424926757,,0.0453157424926757,PNT1,MCQA
lũ,bọn,Pronouns,2,0.0448036193847656,0.004487796429439999,0.0448036193847656,"PNT3, PNT4",SENT
lớn,nậy,Predicate vocabulary,1,0.0448017120361328,,0.0448017120361328,PNT2,SENT
này,rồi,Demonstratives/Deixis,1,0.0447702407836914,,0.0447702407836914,PNT3,SENT
siêng năng,chăm chỉ,Idiomatic expressions,1,0.0447330474853515,,0.0447330474853515,PNB,MCQA
trất,tốt nhứt,Predicate vocabulary,1,0.0444674491882324,,0.0444674491882324,PNT4,SENT
đã,từng,Connectives/Aspect markers,1,0.0443053245544433,,0.0443053245544433,PNB,QA
những chiếc,mấy cái,Negation/Function words,1,0.0438125133514404,,0.0438125133514404,PNN,MCQA
mắng,chưởi,Predicate vocabulary,4,0.04362988471984857,0.03925631557122372,0.05225741863250725,"PNT2, PNT3","MCQA, SENT"
để,được,Negation/Function words,1,0.0435643196105957,,0.0435643196105957,PNB,MCQA
tình,ý,Predicate vocabulary,1,0.0433998107910156,,0.0433998107910156,PNN,QA
xơi,ăn,Predicate vocabulary,4,0.0433759689331054,0.0,0.0433759689331054,"PNB, PNN, PNT3, PNT4",SENT
mến,quý,Predicate vocabulary,1,0.0430026054382324,,0.0430026054382324,PNT3,MCQA
khuất,mất,Predicate vocabulary,1,0.0424506664276123,,0.0424506664276123,PNN,MCQA
hốt,sợ,Predicate vocabulary,1,0.0423011779785156,,0.0423011779785156,PNT4,MCQA
bẩn,nhớp,Predicate vocabulary,1,0.0422205924987793,,0.0422205924987793,PNT4,SENT
vì,tại anh,Predicate vocabulary,1,0.0418493747711181,,0.0418493747711181,PNN,MCQA
ngạc nhiên,bất ngờ,Predicate vocabulary,1,0.0416357517242431,,0.0416357517242431,PNT4,MCQA
giai đoạn,thời gian,Predicate vocabulary,1,0.0415523052215576,,0.0415523052215576,PNT4,QA
mẩu,miếng,Predicate vocabulary,3,0.0415217876434326,0.0,0.0415217876434326,"PNN, PNT4",MCQA
ấy,đó,Demonstratives/Deixis,5,0.04112858772277828,0.017395669566249265,0.0509967803955078,PNN,SENT
các,những,Pronouns,1,0.0397491455078125,,0.0397491455078125,PNT3,QA
hoặc sang,hay qua,Predicate vocabulary,1,0.0394237041473388,,0.0394237041473388,PNT4,NLI
giờ,chừ,Demonstratives/Deixis,2,0.03894305229187005,0.013974883441848182,0.03894305229187005,PNT1,SENT
người bố,ba,Kinship/Honorific terms,1,0.0387439727783203,,0.0387439727783203,PNN,MCQA
thôi thúc,giục,Predicate vocabulary,1,0.0387217998504638,,0.0387217998504638,PNT1,MCQA
cái,thứ,Negation/Function words,1,0.0384926795959472,,0.0384926795959472,PNB,QA
lạ,cách,Predicate vocabulary,1,0.0382723808288574,,0.0382723808288574,PNT1,SENT
vậy,thế,Demonstratives/Deixis,2,0.0380291938781738,0.03660302064516504,0.0380291938781738,"PNB, PNN","MCQA, SENT"
dơ,dớp,Predicate vocabulary,1,0.037978172302246,,0.037978172302246,PNT3,SENT
chớ,chứ,Discourse particles,1,0.0379643440246582,,0.0379643440246582,PNB,SENT
nào,nô,Interrogatives,1,0.0378446578979492,,0.0378446578979492,PNT4,SENT
này nọ,ni kêu tê,Demonstratives/Deixis,1,0.037755012512207,,0.037755012512207,PNT3,SENT
gọi,hú,Predicate vocabulary,4,0.03769284486770622,0.01087534427642825,0.0322551727294921,"PNT1, PNT2, PNT3",MCQA
mang,đem,Predicate vocabulary,1,0.0375137329101562,,0.0375137329101562,PNT4,MCQA
chúng,hắn,Pronouns,1,0.0374658107757568,,0.0374658107757568,PNT3,MCQA
bạn,nó,Pronouns,2,0.0370081663131714,0.10009724792682692,0.0370081663131714,PNT4,MCQA
nhưng làm,chơ mần,Predicate vocabulary,1,0.0365691184997558,,0.0365691184997558,PNT3,SENT
ấy chứ,đó chớ,Demonstratives/Deixis,1,0.0357904434204101,,0.0357904434204101,PNT4,SENT
ấy,ta,Demonstratives/Deixis,1,0.0356326103210449,,0.0356326103210449,PNB,NLI
giờ,dừ,Demonstratives/Deixis,2,0.03482818603515625,0.08441507994549938,0.03482818603515625,PNT2,SENT
thế kia,rứa,Demonstratives/Deixis,2,0.03436374664306635,0.034169293024752016,0.03436374664306635,"PNT3, PNT4",SENT
cảnh sát,công an,Predicate vocabulary,1,0.0342941284179687,,0.0342941284179687,PNB,SENT
vội vàng,lật đật,Predicate vocabulary,1,0.0342607498168945,,0.0342607498168945,PNT3,MCQA
đến,tới,Predicate vocabulary,46,0.03423190635183579,0.028761307160037834,0.03097391128540035,"PNN, PNT1, PNT3, PNT4","MCQA, NLI, QA, SENT"
thật,đại,Connectives/Aspect markers,1,0.0340499877929687,,0.0340499877929687,PNT3,SENT
lười thế,làm biếng vậy,Predicate vocabulary,1,0.0336761474609375,,0.0336761474609375,PNN,MCQA
bảo,nói,Predicate vocabulary,3,0.0334687232971191,0.030379808724051466,0.0400724411010742,PNT3,MCQA
nhé,hè,Discourse particles,1,0.0334084033966064,,0.0334084033966064,PNT2,MCQA
lúc,hồi,Connectives/Aspect markers,3,0.03304195404052727,0.01742992412707026,0.0229787826538085,"PNN, PNT4",SENT
dã man,khinh khủng,Idiomatic expressions,1,0.0328607559204101,,0.0328607559204101,PNB,SENT
như,mà,Connectives/Aspect markers,1,0.0328190326690673,,0.0328190326690673,PNN,QA
từ,hồi,Connectives/Aspect markers,1,0.0323672294616699,,0.0323672294616699,PNN,MCQA
nói,là,Predicate vocabulary,1,0.0322041511535644,,0.0322041511535644,PNN,MCQA
thế chân,vậy giò,Idiomatic expressions,1,0.0321297645568847,,0.0321297645568847,PNN,SENT
vậy,như rứa,Demonstratives/Deixis,1,0.0320143699645996,,0.0320143699645996,PNT2,SENT
tập làm,viết,Predicate vocabulary,1,0.031754732131958,,0.031754732131958,PNN,MCQA
bả,bà,Kinship/Honorific terms,1,0.0297780036926269,,0.0297780036926269,PNB,SENT
lại,về,Predicate vocabulary,1,0.0295119285583496,,0.0295119285583496,PNN,MCQA
mọc,lên,Predicate vocabulary,1,0.029447317123413,,0.029447317123413,PNB,MCQA
rất,thật,Predicate vocabulary,1,0.0293431282043457,,0.0293431282043457,PNB,MCQA
dàn,lần lần,Predicate vocabulary,1,0.0292062759399414,,0.0292062759399414,PNT4,QA
ấy chứ,đó bớt,Demonstratives/Deixis,1,0.029067039489746,,0.029067039489746,PNT4,SENT
tận,tuốt,Predicate vocabulary,1,0.0287275314331054,,0.0287275314331054,PNN,MCQA
ngờ,dè,Predicate vocabulary,2,0.028580904006958,0.1669483873986844,0.028580904006958,PNN,SENT
thục mạng,chết mẹ,Idiomatic expressions,1,0.0285258293151855,,0.0285258293151855,PNT4,SENT
thế kia,rứa tê,Demonstratives/Deixis,1,0.0276389122009277,,0.0276389122009277,PNT2,SENT
chuyên,hay,Predicate vocabulary,1,0.0271949768066406,,0.0271949768066406,PNT3,QA
chứ,chớ,Discourse particles,8,0.027065157890319786,0.087523357853104,0.04293751716613765,"PNT1, PNT4",SENT
gọi,kêu,Predicate vocabulary,13,0.027058784778301533,0.12340586108910792,0.0148353576660156,"PNN, PNT2, PNT3, PNT4","MCQA, NLI, QA, SENT"
mình đành,miềng thì,Pronouns,1,0.0264506340026855,,0.0264506340026855,PNT3,MCQA
dí,đuổi,Predicate vocabulary,2,0.0261893272399902,0.0,0.0261893272399902,PNB,SENT
chăm,lo,Predicate vocabulary,1,0.0259559154510498,,0.0259559154510498,PNT4,MCQA
luôn,cứ,Predicate vocabulary,1,0.0257031917572021,,0.0257031917572021,PNT1,MCQA
lầm lì,hầm hầm,Predicate vocabulary,1,0.0253181457519531,,0.0253181457519531,PNT4,SENT
này +,ni với,Demonstratives/Deixis,1,0.0246601104736328,,0.0246601104736328,PNT2,SENT
rớm,chớm,Predicate vocabulary,1,0.0244317054748535,,0.0244317054748535,PNT4,MCQA
từ,do,Connectives/Aspect markers,1,0.0243527889251709,,0.0243527889251709,PNN,QA
như thế nào lên,ra sao đến,Interrogatives,1,0.024271011352539,,0.024271011352539,PNN,QA
tôi,em,Pronouns,4,0.0242180824279785,0.0,0.0242180824279785,PNT3,MCQA
chép,lại,Predicate vocabulary,1,0.0230066776275634,,0.0230066776275634,PNN,MCQA
nấp mau,núp lẹ,Predicate vocabulary,1,0.022874116897583,,0.022874116897583,PNN,MCQA
trách,cười,Predicate vocabulary,1,0.0228548049926757,,0.0228548049926757,PNB,MCQA
phát khổ,phải khổi,Predicate vocabulary,1,0.0224437713623046,,0.0224437713623046,PNT3,SENT
thế,vậy,Demonstratives/Deixis,8,0.02198630571365356,0.05987066429557874,0.0140459537506103,PNN,"MCQA, SENT"
những,các,Negation/Function words,1,0.0219311714172363,,0.0219311714172363,PNN,MCQA
áo quần,đồ,Predicate vocabulary,1,0.0214524269104003,,0.0214524269104003,PNN,MCQA
khi các,lúc mấy,Predicate vocabulary,1,0.0211155414581298,,0.0211155414581298,PNN,MCQA
khóm,bụi,Predicate vocabulary,3,0.0196595191955566,0.0,0.0196595191955566,"PNB, PNN, PNT3",MCQA
nhiều,mấy,Negation/Function words,1,0.0193192958831787,,0.0193192958831787,PNN,MCQA
khuyên,dặn,Predicate vocabulary,1,0.0190083980560302,,0.0190083980560302,PNT1,MCQA
muốn gọi,ưng kêu,Predicate vocabulary,1,0.0183620452880859,,0.0183620452880859,PNT3,MCQA
đường không,đàng nỏ,Negation/Function words,1,0.0180888175964355,,0.0180888175964355,PNT3,SENT
mãi,hoài,Predicate vocabulary,2,0.0179700851440429,0.0,0.0179700851440429,"PNN, PNT4",MCQA
họ,ông ấy,Pronouns,1,0.0178043842315673,,0.0178043842315673,PNB,MCQA
má,mẹ,Kinship/Honorific terms,3,0.0177130699157714,0.0,0.0177130699157714,"PNB, PNT1, PNT4",SENT
kìm kẹp,khống chế,Idiomatic expressions,1,0.0172011852264404,,0.0172011852264404,PNB,MCQA
tại,ở,Predicate vocabulary,20,0.017167544364929205,0.09106526640596532,-0.0049805641174316,"PNB, PNN, PNT3, PNT4","MCQA, NLI, QA"
nhặt xem,lượm coi,Predicate vocabulary,2,0.0169920921325683,0.0,0.0169920921325683,"PNN, PNT4",SENT
lao,nhào,Predicate vocabulary,1,0.0166482925415039,,0.0166482925415039,PNN,SENT
kinh,ghê,Predicate vocabulary,2,0.0165977478027343,0.0,0.0165977478027343,"PNN, PNT3",SENT
cũng khá,cụng được,Predicate vocabulary,1,0.0162501335144042,,0.0162501335144042,PNT2,SENT
thời điểm,lúc,Connectives/Aspect markers,1,0.0155153274536132,,0.0155153274536132,PNB,MCQA
rời,bỏ,Predicate vocabulary,1,0.0149838924407958,,0.0149838924407958,PNT4,MCQA
dạt,tấp,Predicate vocabulary,1,0.0148146152496337,,0.0148146152496337,PNN,MCQA
hoa,bông,Predicate vocabulary,5,0.01478457450866692,0.01690386449247749,0.0024397373199462,PNN,MCQA
dữ vậy,kinh thế,Idiomatic expressions,1,0.0145106315612792,,0.0145106315612792,PNB,SENT
trước,bựa,Demonstratives/Deixis,1,0.0132994651794433,,0.0132994651794433,PNT3,MCQA
rứa,vậy,Demonstratives/Deixis,1,0.0128297805786132,,0.0128297805786132,PNN,SENT
nhé,nghe,Discourse particles,10,0.01282739639282226,0.04256783123764359,0.0164248943328857,"PNT3, PNT4","MCQA, SENT"
bạn,con,Kinship/Honorific terms,1,0.0127441883087158,,0.0127441883087158,PNT2,MCQA
cái này luôn thế,cấy ni rứa,Demonstratives/Deixis,1,0.012242317199707,,0.012242317199707,PNT3,SENT
mặc,lại,Connectives/Aspect markers,1,0.01202392578125,,0.01202392578125,PNB,MCQA
đưa ra,nói,Predicate vocabulary,1,0.0119936466217041,,0.0119936466217041,PNT3,MCQA
qua,bằng,Predicate vocabulary,1,0.0119776725769042,,0.0119776725769042,PNT3,MCQA
rơi,rớt,Predicate vocabulary,6,0.01173082987467445,0.011460130119987305,0.0080780982971191,"PNN, PNT3, PNT4",MCQA
kêu,bảo,Predicate vocabulary,1,0.0113310813903808,,0.0113310813903808,PNB,SENT
điều,cái,Negation/Function words,2,0.01077198982238765,0.003743651672131654,0.01077198982238765,PNN,"MCQA, QA"
không may,lỡ,Predicate vocabulary,1,0.0106139183044433,,0.0106139183044433,PNT4,SENT
cha,bố,Kinship/Honorific terms,14,0.010164993149893628,0.0713096294386154,-0.0031633377075195,"PNB, PNT1","MCQA, NLI, QA, SENT"
chứ đường,chơ đàng,Predicate vocabulary,1,0.009192943572998,,0.009192943572998,PNT3,SENT
ta,mình,Pronouns,4,0.008845567703247077,0.11238430778138765,-0.02712249755859375,"PNB, PNN, PNT3","MCQA, SENT"
tìm,kêu,Predicate vocabulary,1,0.0077183246612548,,0.0077183246612548,PNT4,MCQA
chết,mất,Predicate vocabulary,1,0.0076589584350585,,0.0076589584350585,PNB,MCQA
cái,ci,Negation/Function words,1,0.007051944732666,,0.007051944732666,PNT2,SENT
gì,như nào,Interrogatives,1,0.0070288181304931,,0.0070288181304931,PNN,MCQA
trút,quăng,Predicate vocabulary,1,0.0067121982574462,,0.0067121982574462,PNN,MCQA
đợi,chờ,Predicate vocabulary,1,0.0066657066345214,,0.0066657066345214,PNT3,MCQA
phân biệt,nhận biết,Predicate vocabulary,1,0.0061626434326171,,0.0061626434326171,PNT1,SENT
bận,mắc,Predicate vocabulary,2,0.0060393810272216,0.0,0.0060393810272216,"PNT3, PNT4",MCQA
sang,qua,Predicate vocabulary,1,0.0055408477783203,,0.0055408477783203,PNT3,NLI
vào,đoạn,Connectives/Aspect markers,1,0.0051827430725097,,0.0051827430725097,PNT3,QA
bố quát,bọ nạt,Kinship/Honorific terms,1,0.0036211013793945,,0.0036211013793945,PNT3,SENT
xuể,hết,Predicate vocabulary,1,0.0033652782440185,,0.0033652782440185,PNB,MCQA
hoa quả,trái cây,Predicate vocabulary,1,0.0033116340637207,,0.0033116340637207,PNN,MCQA
“tôi,“tui,Pronouns,2,0.0032961368560791,0.0,0.0032961368560791,"PNN, PNT2",MCQA
tao,tay,Pronouns,1,0.0023202896118164,,0.0023202896118164,PNT3,SENT
vùng,nơi,Predicate vocabulary,1,0.001338243484497,,0.001338243484497,PNB,MCQA
hết,nữa,Negation/Function words,1,0.0001635551452636,,0.0001635551452636,PNB,SENT
chừ,giờ,Demonstratives/Deixis,1,2.0503997802734375e-05,,2.0503997802734375e-05,PNB,SENT
chừ,giờ,Negation/Function words,1,2.0503997802734375e-05,,2.0503997802734375e-05,PNN,SENT
tao ghét,tau két,Pronouns,1,-0.0006871223449707,,-0.0006871223449707,PNT3,SENT
tỏ,ra,Predicate vocabulary,2,-0.0008587837219238,0.0,-0.0008587837219238,"PNN, PNT4",SENT
trước mẹ,bựa mạ,Kinship/Honorific terms,1,-0.0011181831359863,,-0.0011181831359863,PNT3,SENT
chóng,mau,Predicate vocabulary,1,-0.0011887550354003,,-0.0011887550354003,PNN,MCQA
phát ngôn,nói năng,Predicate vocabulary,1,-0.0012083053588867,,-0.0012083053588867,PNN,SENT
toét,lếu,Predicate vocabulary,1,-0.0016312599182128,,-0.0016312599182128,PNT4,SENT
bố bảo,ba nói,Kinship/Honorific terms,1,-0.0018272399902343,,-0.0018272399902343,PNT4,MCQA
sầm sì,âm u,Idiomatic expressions,1,-0.0018281936645507,,-0.0018281936645507,PNB,MCQA
nẻo,con,Predicate vocabulary,1,-0.0023858547210693,,-0.0023858547210693,PNN,MCQA
sau này,mai mốt,Predicate vocabulary,1,-0.0027785301208496,,-0.0027785301208496,PNN,SENT
túi,bao,Predicate vocabulary,1,-0.0033607482910156,,-0.0033607482910156,PNT2,MCQA
lười,làm biếng,Predicate vocabulary,4,-0.003665506839752246,0.0906091928482055,0.0416390895843505,PNN,"MCQA, SENT"
tý vào,tí,Predicate vocabulary,1,-0.0037803649902343,,-0.0037803649902343,PNB,SENT
tại,vì,Connectives/Aspect markers,1,-0.0044488906860351,,-0.0044488906860351,PNT3,SENT
kiếm,tìm,Predicate vocabulary,1,-0.0052728652954101,,-0.0052728652954101,PNB,SENT
ló rạng,ngoi lên,Predicate vocabulary,1,-0.0053052902221679,,-0.0053052902221679,PNT3,MCQA
tao lại,ta,Pronouns,1,-0.0057458877563476,,-0.0057458877563476,PNT4,SENT
thế nào,sao,Interrogatives,1,-0.0058975219726562,,-0.0058975219726562,PNN,SENT
hay,tốt,Predicate vocabulary,1,-0.0063796043395996,,-0.0063796043395996,PNB,SENT
bố điều,ba chuyện,Kinship/Honorific terms,1,-0.0064830780029296,,-0.0064830780029296,PNN,MCQA
giúp,phụ,Predicate vocabulary,1,-0.0069978237152099,,-0.0069978237152099,PNT4,MCQA
hạ,hè,Discourse particles,2,-0.0071344375610351,0.0,-0.0071344375610351,"PNT2, PNT3",MCQA
hạ,hè,Predicate vocabulary,1,-0.0071344375610351,,-0.0071344375610351,PNT4,MCQA
bố,cha,Kinship/Honorific terms,3,-0.007485310236612933,0.08211040912759723,-0.0544962882995605,"PNN, PNT3",MCQA
làm cha làm mẹ,mần bọ mần mạ,Kinship/Honorific terms,1,-0.0089683532714843,,-0.0089683532714843,PNT3,SENT
thân,cơ,Predicate vocabulary,1,-0.009045124053955,,-0.009045124053955,PNT4,QA
rời,đi,Predicate vocabulary,1,-0.0091767311096191,,-0.0091767311096191,PNT4,MCQA
hão huyền,viển vông,Idiomatic expressions,1,-0.010488748550415,,-0.010488748550415,PNB,MCQA
nhỉ,nghĩ,Discourse particles,1,-0.0105476379394531,,-0.0105476379394531,PNB,SENT
phúc đáp,phản hồi,Idiomatic expressions,1,-0.011472463607788,,-0.011472463607788,PNB,MCQA
dịu cơn,đỡ,Predicate vocabulary,1,-0.0117275714874267,,-0.0117275714874267,PNB,MCQA
vào,lên,Predicate vocabulary,1,-0.0119051933288574,,-0.0119051933288574,PNT3,MCQA
đến nơi nào,tới đâu,Interrogatives,1,-0.0119309425354003,,-0.0119309425354003,PNN,QA
gàn dở,khùng,Predicate vocabulary,1,-0.0119574069976806,,-0.0119574069976806,PNT4,MCQA
phúc đáp,hồi âm,Predicate vocabulary,1,-0.0125861167907714,,-0.0125861167907714,PNN,MCQA
bẩn,dơ,Predicate vocabulary,2,-0.012708067893981899,0.12355854403150711,-0.012708067893981899,PNN,"MCQA, SENT"
bố thích,bọ ưng,Kinship/Honorific terms,1,-0.0127284526824951,,-0.0127284526824951,PNT3,MCQA
sau,từ,Connectives/Aspect markers,1,-0.0129780769348144,,-0.0129780769348144,PNB,NLI
vẫn,cứ,Connectives/Aspect markers,1,-0.0132567882537841,,-0.0132567882537841,PNT4,MCQA
bất hạnh,khổ,Predicate vocabulary,1,-0.0135035514831542,,-0.0135035514831542,PNT4,SENT
với ạ,giùm cái,Discourse particles,1,-0.0140447616577148,,-0.0140447616577148,PNN,SENT
đấy,đó,Demonstratives/Deixis,8,-0.014050990343093863,0.047467386231982635,-0.0024113655090332,"PNN, PNT4",SENT
chiếc,cái,Negation/Function words,9,-0.01417875289916991,0.0437722662193576,-0.003962755203247,"PNB, PNN, PNT3, PNT4","MCQA, NLI"
thông tin,chuyện,Predicate vocabulary,1,-0.0142772197723388,,-0.0142772197723388,PNN,MCQA
cậu,anh,Pronouns,1,-0.0146708488464355,,-0.0146708488464355,PNT4,MCQA
gàn dở,khùng điên,Predicate vocabulary,1,-0.0147099494934082,,-0.0147099494934082,PNN,MCQA
đáng,để,Predicate vocabulary,1,-0.0150535106658935,,-0.0150535106658935,PNN,MCQA
dữ,hung,Predicate vocabulary,1,-0.0156059265136718,,-0.0156059265136718,PNT4,SENT
tới,đến,Predicate vocabulary,2,-0.0158758163452148,0.0,-0.0158758163452148,PNB,SENT
đem,mang,Predicate vocabulary,1,-0.0161733627319335,,-0.0161733627319335,PNB,SENT
ly,xa,Predicate vocabulary,1,-0.0166845321655273,,-0.0166845321655273,PNT3,SENT
làm,khiến,Predicate vocabulary,1,-0.0168242454528808,,-0.0168242454528808,PNB,NLI
sẽ,cũng,Connectives/Aspect markers,1,-0.0172171592712402,,-0.0172171592712402,PNT3,SENT
tao,tui,Pronouns,2,-0.0175552368164062,0.0,-0.0175552368164062,PNN,SENT
dạt,trôi,Predicate vocabulary,1,-0.018409252166748,,-0.018409252166748,PNB,MCQA
mắng,chửi,Predicate vocabulary,1,-0.0185475349426269,,-0.0185475349426269,PNT4,MCQA
như thế nào,gì,Interrogatives,2,-0.018589258193969702,0.09105236564899497,-0.018589258193969702,PNB,MCQA
đuổi,rượt,Predicate vocabulary,2,-0.0189461708068847,0.0,-0.0189461708068847,PNN,SENT
đó gọi,nớ kêu,Demonstratives/Deixis,1,-0.0191125869750976,,-0.0191125869750976,PNT3,SENT
chẳng,không,Negation/Function words,1,-0.019197940826416,,-0.019197940826416,PNT4,MCQA
cùng,chung với,Predicate vocabulary,1,-0.0199291706085205,,-0.0199291706085205,PNN,MCQA
cái,mấy,Negation/Function words,1,-0.0206742286682128,,-0.0206742286682128,PNT2,SENT
thấy,nghe,Predicate vocabulary,1,-0.0210330486297607,,-0.0210330486297607,PNT4,MCQA
ném,quăng,Predicate vocabulary,2,-0.0215263366699218,0.0,-0.0215263366699218,"PNN, PNT4",SENT
lui,quay,Predicate vocabulary,1,-0.021531343460083,,-0.021531343460083,PNB,MCQA
ko,hông,Negation/Function words,1,-0.0222907066345214,,-0.0222907066345214,PNN,SENT
nào,gì,Interrogatives,3,-0.022466897964477497,0.033945983060499216,-0.0420656204223632,"PNB, PNN",QA
gì,sao,Interrogatives,3,-0.024713436762491835,0.053212476615152944,-0.0279366970062255,"PNB, PNN","MCQA, NLI, SENT"
cũng,còn,Negation/Function words,1,-0.0253465175628662,,-0.0253465175628662,PNT2,MCQA
cùng bọn,với tụi,Pronouns,1,-0.0256452560424804,,-0.0256452560424804,PNT4,SENT
buồn,sầu,Predicate vocabulary,1,-0.0262093544006347,,-0.0262093544006347,PNN,NLI
làm,đã khiến,Predicate vocabulary,1,-0.0265200138092041,,-0.0265200138092041,PNB,QA
người,vị,Predicate vocabulary,1,-0.0268535614013671,,-0.0268535614013671,PNB,MCQA
vâng,nghe,Discourse particles,4,-0.027012825012207,0.0,-0.027012825012207,"PNB, PNN, PNT1, PNT4",MCQA
được,đặng,Connectives/Aspect markers,1,-0.0271029472351074,,-0.0271029472351074,PNN,SENT
đấy,đó,Discourse particles,4,-0.028410851955413804,0.06650423483036143,-0.0008900165557860999,"PNT2, PNT3",SENT
dơ,bẩn,Predicate vocabulary,1,-0.0290288925170898,,-0.0290288925170898,PNT1,SENT
nấp mau,núp nhanh,Predicate vocabulary,1,-0.0295517444610595,,-0.0295517444610595,PNT4,MCQA
ba,bố,Kinship/Honorific terms,1,-0.0303869247436523,,-0.0303869247436523,PNT2,SENT
dịu,bớt,Predicate vocabulary,1,-0.0331485271453857,,-0.0331485271453857,PNT1,MCQA
một nữa số,nửa,Predicate vocabulary,1,-0.0340123176574707,,-0.0340123176574707,PNT3,QA
sự,tính,Predicate vocabulary,1,-0.0341217517852783,,-0.0341217517852783,PNB,NLI
chi,chị,Kinship/Honorific terms,1,-0.0347397327423095,,-0.0347397327423095,PNB,MCQA
cùng,với,Connectives/Aspect markers,3,-0.03511714935302727,0.019015664002163837,-0.0241384506225585,"PNT2, PNT3","MCQA, SENT"
trẻ em,con nít,Predicate vocabulary,2,-0.035168528556823696,0.08991659237532341,-0.035168528556823696,PNN,"MCQA, SENT"
nó vương,hắn vươn,Pronouns,1,-0.0357112884521484,,-0.0357112884521484,PNT3,SENT
thức,đồ,Predicate vocabulary,1,-0.036339521408081,,-0.036339521408081,PNN,MCQA
ấy,nấy,Demonstratives/Deixis,2,-0.0368375778198242,0.0,-0.0368375778198242,"PNN, PNT1",SENT
gàn dở,bị điên,Predicate vocabulary,1,-0.0371043682098388,,-0.0371043682098388,PNT2,MCQA
mắc,bị,Predicate vocabulary,1,-0.0395882129669189,,-0.0395882129669189,PNT1,NLI
thế,rứa,Demonstratives/Deixis,23,-0.039599118025406534,0.19756069419920125,0.0362472534179687,"PNT1, PNT2, PNT3, PNT4","MCQA, SENT"
giúp,giùm,Predicate vocabulary,1,-0.0398252010345459,,-0.0398252010345459,PNT4,MCQA
trả lời,giải đáp,Idiomatic expressions,1,-0.0404620170593261,,-0.0404620170593261,PNB,NLI
thế,như,Demonstratives/Deixis,1,-0.0413556098937988,,-0.0413556098937988,PNN,QA
hiệu,hàng,Predicate vocabulary,1,-0.0417892932891845,,-0.0417892932891845,PNT4,MCQA
không,chuồng,Negation/Function words,1,-0.0424320697784423,,-0.0424320697784423,PNN,MCQA
mắng,bới,Predicate vocabulary,1,-0.0426721572875976,,-0.0426721572875976,PNT1,SENT
đàn,bầy,Predicate vocabulary,2,-0.0426898002624511,0.0,-0.0426898002624511,PNT3,MCQA
thuê,mướn,Predicate vocabulary,2,-0.0429997444152832,0.0,-0.0429997444152832,PNN,MCQA
nông,ruộng,Predicate vocabulary,1,-0.0463061332702636,,-0.0463061332702636,PNN,MCQA
người,quân,Predicate vocabulary,2,-0.0472729206085205,0.0,-0.0472729206085205,"PNB, PNT3",QA
moá,mạ,Kinship/Honorific terms,1,-0.0472846031188964,,-0.0472846031188964,PNT3,SENT
ổ,chuồng,Predicate vocabulary,1,-0.0473837852478027,,-0.0473837852478027,PNB,MCQA
oi bức,nóng nực,Predicate vocabulary,1,-0.0475406646728515,,-0.0475406646728515,PNN,MCQA
vẫn,cũng,Connectives/Aspect markers,1,-0.0492529869079589,,-0.0492529869079589,PNT4,SENT
bà,mẹ,Kinship/Honorific terms,2,-0.0494413375854492,0.0,-0.0494413375854492,"PNT2, PNT4",SENT
điều khiển,lái,Predicate vocabulary,1,-0.0495975017547607,,-0.0495975017547607,PNN,MCQA
gắn,lắp,Predicate vocabulary,1,-0.0498442649841308,,-0.0498442649841308,PNT4,NLI
không khiến,hông làm,Negation/Function words,1,-0.050788402557373,,-0.050788402557373,PNN,SENT
mình lúa,miềng ló,Pronouns,1,-0.051279067993164,,-0.051279067993164,PNT3,SENT
mất,luôn,Predicate vocabulary,1,-0.0515856742858886,,-0.0515856742858886,PNT3,SENT
bãi,bờ,Predicate vocabulary,1,-0.0522365570068359,,-0.0522365570068359,PNT4,MCQA
khá,rất,Predicate vocabulary,1,-0.0522375106811523,,-0.0522375106811523,PNT4,NLI
kiểu như thế nào,rứa rồi,Interrogatives,1,-0.052258014678955,,-0.052258014678955,PNT4,SENT
nữ,con gái,Predicate vocabulary,1,-0.0545272827148437,,-0.0545272827148437,PNN,NLI
tấm,cái,Negation/Function words,1,-0.0551991462707519,,-0.0551991462707519,PNN,MCQA
mang,chở,Predicate vocabulary,1,-0.0555214881896972,,-0.0555214881896972,PNN,MCQA
thành thục,rành rọt,Predicate vocabulary,1,-0.0567362308502197,,-0.0567362308502197,PNN,NLI
thủ,hườm,Predicate vocabulary,1,-0.0591659545898437,,-0.0591659545898437,PNN,SENT
phóng,chích,Predicate vocabulary,1,-0.0601372718811035,,-0.0601372718811035,PNT4,SENT
ù,cố,Predicate vocabulary,1,-0.0630464553833007,,-0.0630464553833007,PNT1,SENT
đàn,các,Negation/Function words,1,-0.0645036697387695,,-0.0645036697387695,PNB,MCQA
là,rằng,Connectives/Aspect markers,1,-0.0647511482238769,,-0.0647511482238769,PNB,NLI
moá,mẹ,Kinship/Honorific terms,1,-0.0649948120117187,,-0.0649948120117187,PNT1,SENT
bỏ mẹ,thấy mồ,Idiomatic expressions,1,-0.0655884742736816,,-0.0655884742736816,PNT4,SENT
ông ấy,mình,Pronouns,1,-0.0662915706634521,,-0.0662915706634521,PNB,NLI
ra,đi,Predicate vocabulary,1,-0.0665631294250488,,-0.0665631294250488,PNB,SENT
má mấy mẻ,mà bọn hắn,Pronouns,1,-0.0674962997436523,,-0.0674962997436523,PNT3,SENT
vật lộn,chống chọi,Predicate vocabulary,1,-0.068162202835083,,-0.068162202835083,PNT4,MCQA
ví,bóp,Predicate vocabulary,2,-0.0700457096099853,0.06150776201764635,-0.0700457096099853,"PNN, PNT4",NLI
lắm,gớm,Discourse particles,1,-0.0723180770874023,,-0.0723180770874023,PNT4,SENT
bố đời ấy,làm phách đó,Idiomatic expressions,1,-0.0742273330688476,,-0.0742273330688476,PNN,SENT
to,bự,Predicate vocabulary,3,-0.07442601521809894,0.055431244206678186,-0.0424227714538574,"PNN, PNT4",SENT
tính,định,Predicate vocabulary,2,-0.0753040313720703,0.0,-0.0753040313720703,"PNT3, PNT4",SENT
mẫu,miếng,Predicate vocabulary,1,-0.0754287242889404,,-0.0754287242889404,PNT4,MCQA
thích,ưng,Predicate vocabulary,1,-0.0757899284362793,,-0.0757899284362793,PNT4,SENT
trông,nhìn,Predicate vocabulary,1,-0.076608657836914,,-0.076608657836914,PNT4,SENT
tác động,ảnh hưởng,Predicate vocabulary,1,-0.0786819458007812,,-0.0786819458007812,PNB,QA
cứ phải,toàn như,Idiomatic expressions,1,-0.0795183181762695,,-0.0795183181762695,PNB,SENT
chịu,bị,Predicate vocabulary,1,-0.0796685218811035,,-0.0796685218811035,PNN,QA
đám,mảnh,Predicate vocabulary,1,-0.0797157287597656,,-0.0797157287597656,PNB,MCQA
trải,rải,Predicate vocabulary,2,-0.0802483558654785,0.0,-0.0802483558654785,PNB,QA
bọn,tụi,Pronouns,8,-0.0816041231155395,0.07868694810045505,-0.08951759338378901,"PNN, PNT4",SENT
giờ,bựa chừ,Demonstratives/Deixis,1,-0.0832800865173339,,-0.0832800865173339,PNT3,SENT
công,mướn,Predicate vocabulary,1,-0.0854525566101074,,-0.0854525566101074,PNN,SENT
nhé nhỉ thế,nghe như rứa,Discourse particles,1,-0.087656021118164,,-0.087656021118164,PNT4,SENT
những ngưới,mấy người,Predicate vocabulary,1,-0.0887339115142822,,-0.0887339115142822,PNT4,NLI
khỏi,thể không,Negation/Function words,1,-0.0900444984436035,,-0.0900444984436035,PNT1,NLI
rược,đuổi,Predicate vocabulary,2,-0.0903253555297851,0.0,-0.0903253555297851,"PNT1, PNT4",SENT
thật đấy,ghê lắm,Discourse particles,1,-0.090404987335205,,-0.090404987335205,PNT4,SENT
tấm,chiếc,Predicate vocabulary,1,-0.0907411575317382,,-0.0907411575317382,PNB,MCQA
móa,mẹ,Kinship/Honorific terms,1,-0.0909771919250488,,-0.0909771919250488,PNT3,SENT
vệ,lề,Predicate vocabulary,2,-0.091958999633789,0.0,-0.091958999633789,"PNN, PNT4",MCQA
hên xui,may rủi,Idiomatic expressions,1,-0.0921192169189453,,-0.0921192169189453,PNB,SENT
thời,tuổi,Predicate vocabulary,1,-0.0937767028808593,,-0.0937767028808593,PNB,MCQA
nảy,mọc,Predicate vocabulary,1,-0.0938680171966552,,-0.0938680171966552,PNN,MCQA
tao,tâm,Pronouns,3,-0.0956664085388183,0.0,-0.0956664085388183,"PNB, PNT1, PNT2",SENT
toác,hoang,Predicate vocabulary,1,-0.0967235565185546,,-0.0967235565185546,PNT1,SENT
nghề nghiệp,manh áo của,Idiomatic expressions,1,-0.0968084335327148,,-0.0968084335327148,PNB,SENT
van xin,năn nỉ,Idiomatic expressions,1,-0.0995876789093017,,-0.0995876789093017,PNN,MCQA
này sợ thật đấy,hết cả hồn,Idiomatic expressions,1,-0.1023964881896972,,-0.1023964881896972,PNT2,SENT
mẫu,mảnh,Predicate vocabulary,1,-0.1035101413726806,,-0.1035101413726806,PNB,MCQA
phủ quyết,bác bỏ,Predicate vocabulary,1,-0.1035881042480468,,-0.1035881042480468,PNT4,QA
gấu,bồ,Predicate vocabulary,2,-0.110889196395874,0.28107463532084753,-0.110889196395874,PNN,SENT
tao vậy,ta rứa,Demonstratives/Deixis,1,-0.1122994422912597,,-0.1122994422912597,PNT4,SENT
to vậy,bà là rứa,Demonstratives/Deixis,1,-0.1133947372436523,,-0.1133947372436523,PNT3,SENT
bố láo,cà chớn,Idiomatic expressions,1,-0.1240410804748535,,-0.1240410804748535,PNN,SENT
liền,ngay,Demonstratives/Deixis,1,-0.1283044815063476,,-0.1283044815063476,PNB,SENT
nhé,nhá,Discourse particles,1,-0.1294832229614257,,-0.1294832229614257,PNN,SENT
gàn dở,ngớ ngẩn,Predicate vocabulary,1,-0.1324286460876464,,-0.1324286460876464,PNB,MCQA
đã đưa ra ý kiến,nói,Idiomatic expressions,1,-0.133103609085083,,-0.133103609085083,PNN,MCQA
dàn,từ từ,Predicate vocabulary,1,-0.1346726417541504,,-0.1346726417541504,PNN,QA
ghi đông,tay xe,Predicate vocabulary,1,-0.13480806350708,,-0.13480806350708,PNT1,MCQA
bởi,từ,Connectives/Aspect markers,1,-0.1356716156005859,,-0.1356716156005859,PNB,QA
thục,thạo,Predicate vocabulary,2,-0.1359145641326904,0.0,-0.1359145641326904,"PNB, PNT4",NLI
tin,nói,Predicate vocabulary,1,-0.1378507614135742,,-0.1378507614135742,PNT4,QA
vào,trong,Predicate vocabulary,1,-0.1392707824707031,,-0.1392707824707031,PNT3,QA
này,nè,Demonstratives/Deixis,2,-0.1393728256225586,0.0,-0.1393728256225586,"PNN, PNT4",SENT
sao,sau,Interrogatives,1,-0.1438302993774414,,-0.1438302993774414,PNB,SENT
thật đấy,kinh á,Discourse particles,1,-0.1476621627807617,,-0.1476621627807617,PNT4,SENT
các chế,bọn mi,Pronouns,1,-0.1477131843566894,,-0.1477131843566894,PNT1,SENT
bản,xóm,Predicate vocabulary,1,-0.1483373641967773,,-0.1483373641967773,PNT2,MCQA
nhằm,để,Connectives/Aspect markers,3,-0.14967274665832517,0.1606361328671911,-0.1148695945739746,"PNN, PNT3, PNT4","MCQA, QA"
xác,chính,Predicate vocabulary,1,-0.1508755683898925,,-0.1508755683898925,PNT2,NLI
trái,ngược lại,Predicate vocabulary,1,-0.1522283554077148,,-0.1522283554077148,PNT2,QA
chg,chẳng,Negation/Function words,1,-0.1522860527038574,,-0.1522860527038574,PNT1,SENT
vô,vào,Predicate vocabulary,1,-0.1528258323669433,,-0.1528258323669433,PNB,SENT
nhé nhỉ,như,Discourse particles,2,-0.1535501480102539,0.0,-0.1535501480102539,"PNN, PNT1",SENT
mắc,dính,Predicate vocabulary,1,-0.1540777683258056,,-0.1540777683258056,PNT3,NLI
la hoài,chửi mãi,Idiomatic expressions,1,-0.1547064781188964,,-0.1547064781188964,PNB,SENT
nhỉ,rứa,Discourse particles,1,-0.1594324111938476,,-0.1594324111938476,PNT4,SENT
lộn,nhau,Predicate vocabulary,1,-0.1600832939147949,,-0.1600832939147949,PNT1,SENT
các chau,mấy cháu,Predicate vocabulary,1,-0.1629433631896972,,-0.1629433631896972,PNT4,SENT
lên,đến,Predicate vocabulary,1,-0.1651239395141601,,-0.1651239395141601,PNB,QA
cặp,gắp,Predicate vocabulary,2,-0.1665241718292236,0.0,-0.1665241718292236,"PNB, PNT4",MCQA
thế chân,rứa cẳng,Predicate vocabulary,1,-0.1674695014953613,,-0.1674695014953613,PNT3,SENT
nhờ vào,do,Connectives/Aspect markers,1,-0.1677515506744384,,-0.1677515506744384,PNT3,QA
chg,hông,Negation/Function words,1,-0.1686525344848632,,-0.1686525344848632,PNN,SENT
all,tất cả,Negation/Function words,1,-0.1708071231842041,,-0.1708071231842041,PNB,SENT
một nữa,phân nửa,Predicate vocabulary,1,-0.1749753952026367,,-0.1749753952026367,PNN,QA
toòng teng,hoa tai,Predicate vocabulary,1,-0.1770346164703369,,-0.1770346164703369,PNT2,MCQA
gấu,người yêu,Predicate vocabulary,1,-0.1778240203857422,,-0.1778240203857422,PNB,SENT
mấy,họ,Pronouns,1,-0.1832480430603027,,-0.1832480430603027,PNN,SENT
chú,con,Kinship/Honorific terms,2,-0.1886930465698242,0.0,-0.1886930465698242,"PNN, PNT4",NLI
dữ thấy,tợn bỏ,Predicate vocabulary,1,-0.1897296905517578,,-0.1897296905517578,PNT2,SENT
ngu,đần,Predicate vocabulary,1,-0.1899585723876953,,-0.1899585723876953,PNT3,SENT
nào,này,Demonstratives/Deixis,1,-0.1969671249389648,,-0.1969671249389648,PNB,SENT
ghi đông,tay lái,Predicate vocabulary,1,-0.1972994804382324,,-0.1972994804382324,PNT4,MCQA
gì dữ vậy,chi kinh rứa,Interrogatives,1,-0.2110075950622558,,-0.2110075950622558,PNT4,SENT
chen,xô,Predicate vocabulary,1,-0.2141170501708984,,-0.2141170501708984,PNT3,SENT
không,coi,Predicate vocabulary,1,-0.2237310409545898,,-0.2237310409545898,PNT3,SENT
trở thành,là,Predicate vocabulary,1,-0.223881721496582,,-0.223881721496582,PNB,QA
hiểu,biết được,Predicate vocabulary,1,-0.2248601913452148,,-0.2248601913452148,PNB,QA
các chau,mấy đứa cháu,Negation/Function words,1,-0.2363157272338867,,-0.2363157272338867,PNN,SENT
dữ,ghê,Predicate vocabulary,1,-0.2449216842651367,,-0.2449216842651367,PNT1,SENT
ly,cốc,Predicate vocabulary,1,-0.2450242042541504,,-0.2450242042541504,PNB,SENT
chôm,cướp,Predicate vocabulary,1,-0.2486810684204101,,-0.2486810684204101,PNT2,SENT
mắc ói,buồn nôn,Idiomatic expressions,1,-0.2531871795654297,,-0.2531871795654297,PNB,SENT
phát khổ,mệt,Predicate vocabulary,1,-0.2579889297485351,,-0.2579889297485351,PNN,SENT
lại,cản,Predicate vocabulary,1,-0.258939266204834,,-0.258939266204834,PNB,NLI
mỏi,nhọc,Predicate vocabulary,1,-0.2630062103271484,,-0.2630062103271484,PNB,NLI
dữ,gớm,Predicate vocabulary,1,-0.2667531967163086,,-0.2667531967163086,PNT1,SENT
phì,mập,Predicate vocabulary,1,-0.2816724777221679,,-0.2816724777221679,PNN,SENT
chế,chị,Kinship/Honorific terms,2,-0.2927446365356445,0.0,-0.2927446365356445,"PNB, PNT4",SENT
or,hoặc,Connectives/Aspect markers,1,-0.2943170070648193,,-0.2943170070648193,PNT1,SENT
các chế,tụi bây,Pronouns,1,-0.303257942199707,,-0.303257942199707,PNT4,SENT
phì,béo,Predicate vocabulary,1,-0.3099188804626465,,-0.3099188804626465,PNB,SENT
ngáo,dở,Predicate vocabulary,1,-0.3116931915283203,,-0.3116931915283203,PNT1,SENT
chế,bà,Kinship/Honorific terms,1,-0.3335628509521484,,-0.3335628509521484,PNB,SENT
nóng,sốt,Predicate vocabulary,2,-0.337803840637207,0.0,-0.337803840637207,"PNB, PNT1",NLI
trất,dẹp,Predicate vocabulary,1,-0.3457303047180176,,-0.3457303047180176,PNT2,SENT
bởi vậy,vì rứa nên,Connectives/Aspect markers,1,-0.3532981872558594,,-0.3532981872558594,PNT3,SENT
đưa,làm cho,Predicate vocabulary,1,-0.3609890937805176,,-0.3609890937805176,PNB,QA
mắng mỏ và bêu riếu,chửi bới với bếu rếu,Predicate vocabulary,1,-0.3680787086486816,,-0.3680787086486816,PNT1,NLI
ủi ui,trời ơi,Idiomatic expressions,1,-0.3796901702880859,,-0.3796901702880859,PNT4,SENT
mong,trông,Predicate vocabulary,1,-0.4043605327606201,,-0.4043605327606201,PNT3,NLI
chôm,trộm,Predicate vocabulary,2,-0.4065976142883301,0.0,-0.4065976142883301,"PNB, PNT1",SENT
xác đáng,minh bạch,Predicate vocabulary,1,-0.433452844619751,,-0.433452844619751,PNT1,NLI
răng,sao,Interrogatives,3,-0.4459972381591797,0.0,-0.4459972381591797,"PNB, PNN, PNT1",SENT
người vậy,ngài rứa,Demonstratives/Deixis,1,-0.4611725807189941,,-0.4611725807189941,PNT2,SENT
trất,dẹp đi,Predicate vocabulary,1,-0.4628396034240722,,-0.4628396034240722,PNN,SENT
rược,đuổi theo,Predicate vocabulary,1,-0.4950079917907715,,-0.4950079917907715,PNB,SENT
thấy mẹ hà,thế không biết,Idiomatic expressions,1,-0.4983448982238769,,-0.4983448982238769,PNB,SENT
thôi trất,dẹp đi,Idiomatic expressions,1,-0.4984235763549804,,-0.4984235763549804,PNT3,SENT
do,tại,Connectives/Aspect markers,5,-0.589984941482544,0.37330060021639205,-0.6604504585266113,"PNN, PNT4",NLI
tin chuẩn,chính xác,Idiomatic expressions,1,-0.6328630447387695,,-0.6328630447387695,PNB,NLI
rộng toang toác,ngoác mồm,Idiomatic expressions,1,-0.7416677474975586,,-0.7416677474975586,PNT4,SENT
quá vậy,ghê rứa,Discourse particles,1,-0.7604374885559082,,-0.7604374885559082,PNT4,SENT
rộng toang toác,bô bô,Idiomatic expressions,1,-0.8325629234313965,,-0.8325629234313965,PNN,SENT
bêu riếu,trêu chọc,Predicate vocabulary,1,-0.8362679481506348,,-0.8362679481506348,PNT4,NLI
vốn,trình độ,Predicate vocabulary,1,-0.8891239166259766,,-0.8891239166259766,PNB,SENT
do,vì,Connectives/Aspect markers,1,-0.903134822845459,,-0.903134822845459,PNB,NLI
trả,mượn,Predicate vocabulary,1,-1.3722481727600098,,-1.3722481727600098,PNB,NLI
