sample_id,task,target_dialect,opcode,opcode_seq,standard_span,dialect_span,standard_span_len,dialect_span_len,is_known,match_direction,category,lexicon_standard_word,lexicon_region_column
MCQA_0013_3,MCQA,PNN,replace,0,giúp mẹ,phụ má,2,2,False,none,Multi-word idiom,,
MCQA_0013_3,MCQA,PNN,replace,1,việc,chuyện,1,1,False,none,Predicate vocabulary,,
MCQA_0013_3,MCQA,PNN,replace,2,mẹ,má,1,1,False,none,Kinship/Honorific terms,,
MCQA_0013_3,MCQA,PNN,replace,3,bố,ba,1,1,False,none,Kinship/Honorific terms,,
MCQA_0013_3,MCQA,PNN,replace,4,và,với,1,1,False,none,Connectives/Aspect markers,,
MCQA_0013_3,MCQA,PNT2,replace,0,đã,đạ,1,1,True,dialect_phrase,Connectives/Aspect markers,đã,HaTinh_QB_QT
MCQA_0013_3,MCQA,PNT2,replace,1,gì,chi,1,1,True,dialect_phrase,Interrogatives,gì,HaTinh_QB_QT; NgheAn
MCQA_0013_3,MCQA,PNT2,replace,2,làm,mần,1,1,True,dialect_phrase,Predicate vocabulary,làm,HaTinh_QB_QT
MCQA_0013_3,MCQA,PNT3,replace,0,gì,chi,1,1,True,dialect_phrase,Interrogatives,gì; sao / thế nào,HaTinh_QB_QT; Hue
MCQA_0013_3,MCQA,PNT3,replace,1,và,với,1,1,False,none,Connectives/Aspect markers,,
MCQA_0013_3,MCQA,PNT3,replace,2,bố,ba,1,1,True,standard_word,Kinship/Honorific terms,bọ; ôn,HaTinh_QB_QT; Hue
MCQA_0013_3,MCQA,PNT3,replace,3,và,với,1,1,False,none,Connectives/Aspect markers,,
MCQA_0013_4,MCQA,PNB,replace,0,thời điểm,lúc,2,1,False,none,Connectives/Aspect markers,,
MCQA_0013_4,MCQA,PNB,insert,1,,còn,0,1,False,none,Unknown,,
MCQA_0013_4,MCQA,PNB,insert,2,,thì,0,1,False,none,Unknown,,
MCQA_0013_4,MCQA,PNN,replace,0,bố,ba,1,1,False,none,Kinship/Honorific terms,,
MCQA_0013_4,MCQA,PNN,replace,1,mẹ,má,1,1,False,none,Kinship/Honorific terms,,
MCQA_0013_4,MCQA,PNN,replace,2,làm,mần,1,1,True,standard_word,Predicate vocabulary,làm,NamBo
MCQA_0013_4,MCQA,PNN,replace,3,mẹ,má,1,1,False,none,Kinship/Honorific terms,,
MCQA_0013_4,MCQA,PNT1,replace,0,về,viền,1,1,True,dialect_phrase,Predicate vocabulary,về,ThanhHoa
MCQA_0013_4,MCQA,PNT2,replace,0,vào,vô,1,1,False,none,Connectives/Aspect markers,,
MCQA_0013_4,MCQA,PNT2,replace,1,nào,mô,1,1,True,dialect_phrase,Interrogatives; Negation/Function words,đâu (phủ định); đâu / nào,HaTinh_QB_QT; NgheAn
MCQA_0013_4,MCQA,PNT2,replace,2,đã,đạ,1,1,True,dialect_phrase,Connectives/Aspect markers,đã,HaTinh_QB_QT
MCQA_0013_4,MCQA,PNT2,replace,3,làm,mần,1,1,True,dialect_phrase,Predicate vocabulary,làm,HaTinh_QB_QT
MCQA_0013_4,MCQA,PNT2,replace,4,đã,dạ,1,1,True,standard_word,Connectives/Aspect markers,đạ,HaTinh_QB_QT
MCQA_0013_4,MCQA,PNT3,replace,0,bố vào thời điểm nào,ba khi mô,5,3,False,none,Kinship/Honorific terms,,
MCQA_0013_4,MCQA,PNT3,replace,1,và,với,1,1,False,none,Connectives/Aspect markers,,
MCQA_0014_1,MCQA,PNN,replace,0,bố,ba,1,1,False,none,Kinship/Honorific terms,,
MCQA_0014_1,MCQA,PNT1,replace,0,đâu,mô,1,1,True,dialect_phrase,Negation/Function words,đâu (phủ định),ThanhHoa
MCQA_0014_1,MCQA,PNT1,replace,1,mùa hè,mù hiè,2,2,False,none,Orthographic variant,,
MCQA_0014_1,MCQA,PNT1,replace,2,chùa,chù,1,1,False,none,Orthographic variant,,
MCQA_0014_1,MCQA,PNT1,replace,3,leo,lieo,1,1,False,none,Orthographic variant,,
MCQA_0014_1,MCQA,PNT1,replace,4,biển,bỉn,1,1,False,none,Orthographic variant,,
MCQA_0014_1,MCQA,PNT2,replace,0,đâu,mô,1,1,True,dialect_phrase,Interrogatives; Negation/Function words,đâu (phủ định); đâu / nào,HaTinh_QB_QT; NgheAn
MCQA_0014_1,MCQA,PNT3,replace,0,cùng bố,với bọ,2,2,False,none,Kinship/Honorific terms,,
MCQA_0014_1,MCQA,PNT3,replace,1,đâu vào,mô,2,1,True,dialect_phrase,Interrogatives; Negation/Function words,đâu (phủ định); đâu / nào,HaTinh_QB_QT; Hue
MCQA_0014_1,MCQA,PNT3,replace,2,rừng,rú,1,1,False,none,Predicate vocabulary,,
MCQA_0016_0,MCQA,PNB,insert,0,,để,0,1,False,none,Unknown,,
MCQA_0016_0,MCQA,PNB,replace,1,dịu cơn,đỡ,2,1,False,none,Predicate vocabulary,,
MCQA_0016_0,MCQA,PNN,replace,0,vào,vô,1,1,False,none,Connectives/Aspect markers,,
MCQA_0016_0,MCQA,PNN,replace,1,hoa,bông,1,1,False,none,Predicate vocabulary,,
MCQA_0016_0,MCQA,PNN,replace,2,vào,hồi,1,1,False,none,Connectives/Aspect markers,,
MCQA_0016_0,MCQA,PNN,replace,3,hoa,bông,1,1,False,none,Predicate vocabulary,,
MCQA_0016_0,MCQA,PNN,replace,4,mẹ,má,1,1,False,none,Kinship/Honorific terms,,
MCQA_0016_0,MCQA,PNN,replace,5,hoa,bông,1,1,False,none,Predicate vocabulary,,
MCQA_0016_0,MCQA,PNN,replace,6,bố,ba,1,1,False,none,Kinship/Honorific terms,,
MCQA_0016_0,MCQA,PNN,replace,7,bố,ba,1,1,False,none,Kinship/Honorific terms,,
MCQA_0016_0,MCQA,PNT1,replace,0,gì,cái chi,1,2,False,none,Interrogatives,,
MCQA_0016_0,MCQA,PNT1,replace,1,dịu,bớt,1,1,False,none,Predicate vocabulary,,
MCQA_0016_0,MCQA,PNT2,replace,0,vào,vô,1,1,False,none,Connectives/Aspect markers,,
MCQA_0016_0,MCQA,PNT2,replace,1,làm gì vào,mần chi,3,2,True,dialect_phrase,Interrogatives,làm gì,HaTinh_QB_QT; NgheAn
MCQA_0016_0,MCQA,PNT2,replace,2,vì,tại,1,1,False,none,Connectives/Aspect markers,,
MCQA_0016_5,MCQA,PNB,insert,0,,ạ,0,1,False,none,Unknown,,
MCQA_0016_5,MCQA,PNB,insert,1,,thôi ạ,0,2,False,none,Unknown,,
MCQA_0016_5,MCQA,PNT1,replace,0,vậy,rứa,1,1,False,none,Demonstratives/Deixis,,
MCQA_0016_5,MCQA,PNT2,replace,0,đã,đạ,1,1,True,dialect_phrase,Connectives/Aspect markers,đã,HaTinh_QB_QT
MCQA_0016_5,MCQA,PNT2,replace,1,gì,chi,1,1,True,dialect_phrase,Interrogatives,gì,HaTinh_QB_QT; NgheAn
MCQA_0016_5,MCQA,PNT2,replace,2,như vậy,a rứa,2,2,True,dialect_phrase,Demonstratives/Deixis,vậy / thế,HaTinh_QB_QT
MCQA_0016_5,MCQA,PNT2,insert,3,,có,0,1,False,none,Unknown,,
MCQA_0016_5,MCQA,PNT2,replace,4,lầm,nhầm,1,1,False,none,Orthographic variant,,
MCQA_0016_5,MCQA,PNT2,replace,5,nay,ni,1,1,True,dialect_phrase,Demonstratives/Deixis,này,HaTinh_QB_QT; NgheAn
MCQA_0016_5,MCQA,PNT2,replace,6,nhỉ,hè,1,1,True,dialect_phrase,Discourse particles,nhỉ,HaTinh_QB_QT
MCQA_0016_5,MCQA,PNT3,replace,0,gì,chi,1,1,True,dialect_phrase,Interrogatives,gì; sao / thế nào,HaTinh_QB_QT; Hue
MCQA_0016_5,MCQA,PNT3,replace,1,vậy,rứa,1,1,True,standard_word,Demonstratives/Deixis,a rứa; như ri; như rứa; ri,HaTinh_QB_QT; Hue
MCQA_0016_5,MCQA,PNT3,replace,2,lầm,nhầm,1,1,False,none,Orthographic variant,,
MCQA_0016_5,MCQA,PNT3,replace,3,nay,ni,1,1,True,dialect_phrase,Demonstratives/Deixis,này,HaTinh_QB_QT; Hue
MCQA_0016_5,MCQA,PNT3,replace,4,nhỉ,hè,1,1,True,dialect_phrase,Discourse particles,nhỉ,HaTinh_QB_QT
MCQA_0018_4,MCQA,PNB,insert,0,,thôi,0,1,False,none,Unknown,,
MCQA_0018_4,MCQA,PNB,insert,1,,thôi,0,1,False,none,Unknown,,
MCQA_0018_4,MCQA,PNN,replace,0,khi,lúc,1,1,False,none,Connectives/Aspect markers,,
MCQA_0018_4,MCQA,PNN,replace,1,thông tin,chuyện,2,1,False,none,Predicate vocabulary,,
MCQA_0018_4,MCQA,PNN,replace,2,không,hông,1,1,True,dialect_phrase,Negation/Function words,không,NamBo
MCQA_0018_4,MCQA,PNN,replace,3,như thế nào,sao,3,1,True,dialect_phrase,Interrogatives,sao / thế nào,NamBo
MCQA_0018_4,MCQA,PNN,replace,4,không,hông,1,1,True,dialect_phrase,Negation/Function words,không,NamBo
MCQA_0018_4,MCQA,PNN,replace,5,không,hông,1,1,True,dialect_phrase,Negation/Function words,không,NamBo
MCQA_0018_4,MCQA,PNN,replace,6,không,hông,1,1,True,dialect_phrase,Negation/Function words,không,NamBo
MCQA_0018_4,MCQA,PNN,insert,7,,rồi,0,1,False,none,Unknown,,
MCQA_0018_4,MCQA,PNT1,replace,0,có,cúa,1,1,False,none,Orthographic variant,,
MCQA_0018_4,MCQA,PNT1,replace,1,như thế nào,răng,3,1,False,none,Interrogatives,,
MCQA_0018_4,MCQA,PNT1,replace,2,gì,chi,1,1,False,none,Interrogatives,,
MCQA_0018_4,MCQA,PNT1,replace,3,có,cúa,1,1,False,none,Orthographic variant,,
MCQA_0018_4,MCQA,PNT1,replace,4,có,cúa,1,1,False,none,Orthographic variant,,
MCQA_0018_4,MCQA,PNT2,replace,0,như thế nào,a răng,3,2,False,none,Interrogatives,,
MCQA_0018_4,MCQA,PNT2,replace,1,gì,chi,1,1,True,dialect_phrase,Interrogatives,gì,HaTinh_QB_QT; NgheAn
MCQA_0018_6,MCQA,PNN,replace,0,các,mấy,1,1,False,none,Negation/Function words,,
MCQA_0018_6,MCQA,PNN,delete,1,thế,,1,0,True,standard_word,Demonstratives/Deixis,vậy,NamBo
MCQA_0018_6,MCQA,PNN,replace,2,không,hông,1,1,True,dialect_phrase,Negation/Function words,không,NamBo
MCQA_0018_6,MCQA,PNN,replace,3,cáu,quạu,1,1,False,none,Predicate vocabulary,,
MCQA_0018_6,MCQA,PNT1,replace,0,như thế nào,răng,3,1,False,none,Interrogatives,,
MCQA_0018_6,MCQA,PNT1,insert,1,,mô,0,1,True,dialect_phrase,Negation/Function words,đâu (phủ định),ThanhHoa
MCQA_0018_6,MCQA,PNT2,replace,0,các,mấy,1,1,False,none,Negation/Function words,,
MCQA_0018_6,MCQA,PNT2,replace,1,như thế nào,a răng,3,2,False,none,Interrogatives,,
MCQA_0018_6,MCQA,PNT2,replace,2,không,nỏ,1,1,True,dialect_phrase,Negation/Function words,không,HaTinh_QB_QT; NgheAn
MCQA_0018_6,MCQA,PNT3,replace,0,các vị,mấy người,2,2,False,none,Pronouns,,
MCQA_0018_6,MCQA,PNT3,replace,1,thế nào,răng,2,1,True,dialect_phrase,Interrogatives,sao / thế nào,HaTinh_QB_QT; Hue
MCQA_0018_6,MCQA,PNT3,replace,2,cáu,đóa,1,1,False,none,Predicate vocabulary,,
MCQA_0020_1,MCQA,PNB,replace,0,thời,tuổi,1,1,False,none,Predicate vocabulary,,
MCQA_0020_1,MCQA,PNB,delete,1,ấy,,1,0,True,standard_word,Demonstratives/Deixis,ấy,BacBo
MCQA_0020_1,MCQA,PNN,replace,0,tôi,tui,1,1,True,dialect_phrase,Pronouns,tôi,NamBo
MCQA_0020_1,MCQA,PNT1,replace,0,bó với,bóa vứi,2,2,False,none,Orthographic variant,,
MCQA_0020_1,MCQA,PNT1,replace,1,ấy,nứ,1,1,True,dialect_phrase,Demonstratives/Deixis,ấy / đó,ThanhHoa
MCQA_0020_1,MCQA,PNT1,replace,2,trâu,tru,1,1,False,none,Orthographic variant,,
MCQA_0020_1,MCQA,PNT2,replace,0,gì đã,chi đạ,2,2,False,none,Multi-word idiom,,
MCQA_0020_1,MCQA,PNT2,replace,1,ấy,ấu,1,1,True,standard_word,Demonstratives/Deixis; Discourse particles,nớ; đỏ,HaTinh_QB_QT; NgheAn
MCQA_0020_1,MCQA,PNT2,replace,2,trâu,tru,1,1,False,none,Orthographic variant,,
MCQA_0020_1,MCQA,PNT3,replace,0,gì đã,chi đạ,2,2,False,none,Multi-word idiom,,
MCQA_0020_1,MCQA,PNT3,replace,1,ấy của,ấu cụa,2,2,False,none,Orthographic variant,,
MCQA_0020_2,MCQA,PNB,insert,0,,nhà,0,1,False,none,Unknown,,
MCQA_0020_2,MCQA,PNT1,replace,0,miêu,miu,1,1,False,none,Orthographic variant,,
MCQA_0020_2,MCQA,PNT2,replace,0,thế nào,răng,2,1,True,dialect_phrase,Interrogatives,sao / thế nào,HaTinh_QB_QT; NgheAn
MCQA_0020_2,MCQA,PNT2,replace,1,lớn,to,1,1,True,standard_word,Predicate vocabulary,nậy,HaTinh_QB_QT; NgheAn
MCQA_0020_2,MCQA,PNT2,replace,2,giữa,giửa,1,1,False,none,Orthographic variant,,
MCQA_0020_2,MCQA,PNT3,replace,0,cây,cơn,1,1,False,none,Predicate vocabulary,,
MCQA_0020_2,MCQA,PNT3,replace,1,thế nào,răng,2,1,True,dialect_phrase,Interrogatives,sao / thế nào,HaTinh_QB_QT; Hue
MCQA_0020_2,MCQA,PNT3,replace,2,lớn,to,1,1,True,standard_word,Predicate vocabulary,nậy,HaTinh_QB_QT
MCQA_0020_2,MCQA,PNT4,replace,0,miêu,mô,1,1,True,dialect_phrase,Interrogatives,đâu / nào,QuangNam
MCQA_0020_2,MCQA,PNT4,replace,1,như thế nào,ra ren,3,2,False,none,Interrogatives,,
MCQA_0020_2,MCQA,PNT4,replace,2,cả,nguyên,1,1,False,none,Negation/Function words,,
MCQA_0020_2,MCQA,PNT4,replace,3,lớn,to,1,1,False,none,Predicate vocabulary,,
MCQA_0025_10,MCQA,PNB,insert,0,,đâu,0,1,True,dialect_phrase,Interrogatives,đâu / nào,BacBo
MCQA_0025_10,MCQA,PNB,insert,1,,đi ạ,0,2,False,none,Unknown,,
MCQA_0025_10,MCQA,PNB,insert,2,,ạ,0,1,False,none,Unknown,,
MCQA_0025_10,MCQA,PNB,insert,3,,ạ,0,1,False,none,Unknown,,
MCQA_0025_10,MCQA,PNT1,replace,0,nói gì,nuối chi,2,2,False,none,Multi-word idiom,,
MCQA_0025_10,MCQA,PNT1,replace,1,viết,vít,1,1,False,none,Orthographic variant,,
MCQA_0025_10,MCQA,PNT1,replace,2,viết,vít,1,1,False,none,Orthographic variant,,
MCQA_0025_10,MCQA,PNT4,replace,0,gì,chi,1,1,True,dialect_phrase,Interrogatives,gì,QuangNam
MCQA_0025_10,MCQA,PNT4,insert,1,,dạ,0,1,False,none,Unknown,,
MCQA_0025_10,MCQA,PNT4,delete,2,ạ,,1,0,False,none,Unknown,,
MCQA_0025_10,MCQA,PNT4,insert,3,,dạ,0,1,False,none,Unknown,,
MCQA_0025_10,MCQA,PNT4,delete,4,ạ,,1,0,False,none,Unknown,,
MCQA_0025_10,MCQA,PNT4,insert,5,,dạ,0,1,False,none,Unknown,,
MCQA_0025_10,MCQA,PNT4,replace,6,ạ thế,rứa,2,1,False,none,Demonstratives/Deixis,,
MCQA_0025_10,MCQA,PNT4,insert,7,,dạ,0,1,False,none,Unknown,,
MCQA_0025_10,MCQA,PNT4,delete,8,ạ,,1,0,False,none,Unknown,,
MCQA_0025_9,MCQA,PNN,delete,0,như,,1,0,False,none,Unknown,,
MCQA_0025_9,MCQA,PNN,replace,1,khi,lúc,1,1,False,none,Connectives/Aspect markers,,
MCQA_0025_9,MCQA,PNN,replace,2,định,tính,1,1,False,none,Predicate vocabulary,,
MCQA_0025_9,MCQA,PNT1,replace,0,như thế nào,răng,3,1,False,none,Interrogatives,,
MCQA_0025_9,MCQA,PNT1,replace,1,nuối,núi,1,1,False,none,Orthographic variant,,
MCQA_0025_9,MCQA,PNT2,replace,0,như thế nào,a răng,3,2,False,none,Interrogatives,,
MCQA_0025_9,MCQA,PNT3,replace,0,thế nào,răng,2,1,True,dialect_phrase,Interrogatives,sao / thế nào,HaTinh_QB_QT; Hue
MCQA_0025_9,MCQA,PNT3,replace,1,bảo,nói,1,1,False,none,Predicate vocabulary,,
MCQA_0025_9,MCQA,PNT4,replace,0,thế nào,răn,2,1,True,standard_word,Interrogatives,ren; sao; sô,PhuYen; QuangNam; QuangNgai
MCQA_0025_9,MCQA,PNT4,replace,1,bảo,kêu,1,1,True,dialect_phrase,Predicate vocabulary,gọi,PhuYen; QuangNgai
MCQA_0030_1,MCQA,PNN,replace,0,van xin,năn nỉ,2,2,False,none,Idiomatic expressions,,
MCQA_0030_1,MCQA,PNN,replace,1,về điều,nghe chuyện,2,2,False,none,Predicate vocabulary,,
MCQA_0030_1,MCQA,PNN,replace,2,bảo,kêu,1,1,True,dialect_phrase,Predicate vocabulary,gọi,NamBo
MCQA_0030_1,MCQA,PNN,replace,3,về,dìa,1,1,True,dialect_phrase,Predicate vocabulary,về,NamBo
MCQA_0030_1,MCQA,PNN,replace,4,bảo,kêu,1,1,True,dialect_phrase,Predicate vocabulary,gọi,NamBo
MCQA_0030_1,MCQA,PNN,replace,5,bảo,kêu,1,1,True,dialect_phrase,Predicate vocabulary,gọi,NamBo
MCQA_0030_1,MCQA,PNN,replace,6,thức,đồ,1,1,False,none,Predicate vocabulary,,
MCQA_0030_1,MCQA,PNT1,replace,0,sẽ nói cho,sĩa nuối choa,3,3,False,none,Multi-word idiom,,
MCQA_0030_1,MCQA,PNT1,replace,1,chồng,chòng,1,1,False,none,Orthographic variant,,
MCQA_0030_1,MCQA,PNT1,replace,2,gì,chi,1,1,False,none,Interrogatives,,
MCQA_0030_1,MCQA,PNT1,replace,3,có,cóa,1,1,False,none,Orthographic variant,,
MCQA_0030_1,MCQA,PNT1,replace,4,có,cóa,1,1,False,none,Orthographic variant,,
MCQA_0030_1,MCQA,PNT1,replace,5,có,cóa,1,1,False,none,Orthographic variant,,
MCQA_0030_1,MCQA,PNT1,replace,6,có,cóa,1,1,False,none,Orthographic variant,,
MCQA_0030_1,MCQA,PNT2,replace,0,gì,chi,1,1,True,dialect_phrase,Interrogatives,gì,HaTinh_QB_QT; NgheAn
MCQA_0030_1,MCQA,PNT2,replace,1,bảo,kêu,1,1,False,none,Predicate vocabulary,,
MCQA_0030_1,MCQA,PNT2,replace,2,bảo,kêu,1,1,False,none,Predicate vocabulary,,
MCQA_0030_1,MCQA,PNT2,replace,3,bảo,kêu,1,1,False,none,Predicate vocabulary,,
MCQA_0030_1,MCQA,PNT3,replace,0,gì,chi,1,1,True,dialect_phrase,Interrogatives,gì; sao / thế nào,HaTinh_QB_QT; Hue
MCQA_0030_1,MCQA,PNT4,replace,0,gì,chi,1,1,True,dialect_phrase,Interrogatives,gì,QuangNam
MCQA_0030_1,MCQA,PNT4,replace,1,bảo,kêu,1,1,True,dialect_phrase,Predicate vocabulary,gọi,PhuYen; QuangNgai
MCQA_0030_1,MCQA,PNT4,replace,2,bảo,kêu,1,1,True,dialect_phrase,Predicate vocabulary,gọi,PhuYen; QuangNgai
MCQA_0030_1,MCQA,PNT4,replace,3,rời,đi,1,1,False,none,Predicate vocabulary,,
MCQA_0030_1,MCQA,PNT4,replace,4,bảo,kêu,1,1,True,dialect_phrase,Predicate vocabulary,gọi,PhuYen; QuangNgai
MCQA_0030_3,MCQA,PNB,replace,0,mắng,thét,1,1,True,standard_word,Predicate vocabulary,mắng,BacBo
MCQA_0030_3,MCQA,PNB,replace,1,gàn dở,ngớ ngẩn,2,2,False,none,Predicate vocabulary,,
MCQA_0030_3,MCQA,PNN,insert,0,,mà,0,1,False,none,Unknown,,
MCQA_0030_3,MCQA,PNN,replace,1,mắng,la,1,1,False,none,Predicate vocabulary,,
MCQA_0030_3,MCQA,PNN,replace,2,gàn dở,khùng điên,2,2,False,none,Predicate vocabulary,,
MCQA_0030_3,MCQA,PNN,replace,3,chẳng,hông có,1,2,False,none,Negation/Function words,,
MCQA_0030_3,MCQA,PNT1,replace,0,con,coan,1,1,False,none,Orthographic variant,,
MCQA_0030_3,MCQA,PNT1,replace,1,gì,chi,1,1,False,none,Interrogatives,,
MCQA_0030_3,MCQA,PNT2,replace,0,đã,đạ,1,1,True,dialect_phrase,Connectives/Aspect markers,đã,HaTinh_QB_QT
MCQA_0030_3,MCQA,PNT2,replace,1,bản,xóm,1,1,False,none,Predicate vocabulary,,
MCQA_0030_3,MCQA,PNT2,replace,2,gì đã,chi đạ,2,2,False,none,Multi-word idiom,,
MCQA_0030_3,MCQA,PNT2,replace,3,mắng,chưởi,1,1,True,dialect_phrase,Predicate vocabulary,mắng,HaTinh_QB_QT
MCQA_0030_3,MCQA,PNT2,replace,4,gàn dở,bị điên,2,2,False,none,Predicate vocabulary,,
MCQA_0030_3,MCQA,PNT2,replace,5,chẳng,nỏ,1,1,True,dialect_phrase,Negation/Function words,không,HaTinh_QB_QT; NgheAn
MCQA_0030_3,MCQA,PNT3,replace,0,vợ chồng,cấy dông,2,2,False,none,Kinship/Honorific terms,,
MCQA_0030_3,MCQA,PNT3,replace,1,gì,chi,1,1,True,dialect_phrase,Interrogatives,gì; sao / thế nào,HaTinh_QB_QT; Hue
MCQA_0030_3,MCQA,PNT3,replace,2,và làm theo,rồi mần dọi,3,3,False,none,Multi-word idiom,,
MCQA_0030_3,MCQA,PNT3,replace,3,mắng,chưởi,1,1,True,dialect_phrase,Predicate vocabulary,mắng,HaTinh_QB_QT
MCQA_0030_3,MCQA,PNT3,replace,4,vợ chồng,cấy dông,2,2,False,none,Kinship/Honorific terms,,
MCQA_0030_3,MCQA,PNT3,replace,5,chẳng,nỏ,1,1,True,dialect_phrase,Negation/Function words,không,HaTinh_QB_QT
MCQA_0030_3,MCQA,PNT3,replace,6,làm theo,mần dọi,2,2,False,none,Multi-word idiom,,
MCQA_0030_3,MCQA,PNT4,replace,0,gì,chi,1,1,True,dialect_phrase,Interrogatives,gì,QuangNam
MCQA_0030_3,MCQA,PNT4,replace,1,mắng,chửi,1,1,True,dialect_phrase,Predicate vocabulary,mắng,QuangNam
MCQA_0030_3,MCQA,PNT4,replace,2,gàn dở,khùng,2,1,False,none,Predicate vocabulary,,
MCQA_0036_5,MCQA,PNN,replace,0,bát,chén,1,1,False,none,Predicate vocabulary,,
MCQA_0036_5,MCQA,PNN,replace,1,bát,chén,1,1,False,none,Predicate vocabulary,,
MCQA_0036_5,MCQA,PNN,replace,2,bát,chén,1,1,False,none,Predicate vocabulary,,
MCQA_0036_5,MCQA,PNN,replace,3,bát,chén,1,1,False,none,Predicate vocabulary,,
MCQA_0036_5,MCQA,PNN,replace,4,bát,chén,1,1,False,none,Predicate vocabulary,,
MCQA_0036_5,MCQA,PNN,replace,5,bát,chén,1,1,False,none,Predicate vocabulary,,
MCQA_0036_5,MCQA,PNT1,replace,0,hỏi,huổi,1,1,False,none,Orthographic variant,,
MCQA_0036_5,MCQA,PNT1,replace,1,gì,chi,1,1,False,none,Interrogatives,,
MCQA_0036_5,MCQA,PNT1,replace,2,nào,mô,1,1,True,dialect_phrase,Negation/Function words,đâu (phủ định),ThanhHoa
MCQA_0036_5,MCQA,PNT1,replace,3,nào,mô,1,1,True,dialect_phrase,Negation/Function words,đâu (phủ định),ThanhHoa
MCQA_0036_5,MCQA,PNT1,replace,4,nào,mô,1,1,True,dialect_phrase,Negation/Function words,đâu (phủ định),ThanhHoa
MCQA_0036_5,MCQA,PNT1,replace,5,nào,mô,1,1,True,dialect_phrase,Negation/Function words,đâu (phủ định),ThanhHoa
MCQA_0036_5,MCQA,PNT1,replace,6,nào,mô,1,1,True,dialect_phrase,Negation/Function words,đâu (phủ định),ThanhHoa
MCQA_0036_5,MCQA,PNT1,replace,7,nào,mô,1,1,True,dialect_phrase,Negation/Function words,đâu (phủ định),ThanhHoa
MCQA_0036_5,MCQA,PNT1,replace,8,như thế nào,răng,3,1,False,none,Interrogatives,,
MCQA_0036_5,MCQA,PNT2,replace,0,gì,chi,1,1,True,dialect_phrase,Interrogatives,gì,HaTinh_QB_QT; NgheAn
MCQA_0036_5,MCQA,PNT2,replace,1,nào,mô,1,1,True,dialect_phrase,Interrogatives; Negation/Function words,đâu (phủ định); đâu / nào,HaTinh_QB_QT; NgheAn
MCQA_0036_5,MCQA,PNT2,replace,2,nào,mô,1,1,True,dialect_phrase,Interrogatives; Negation/Function words,đâu (phủ định); đâu / nào,HaTinh_QB_QT; NgheAn
MCQA_0036_5,MCQA,PNT2,replace,3,nào,mô,1,1,True,dialect_phrase,Interrogatives; Negation/Function words,đâu (phủ định); đâu / nào,HaTinh_QB_QT; NgheAn
MCQA_0036_5,MCQA,PNT2,replace,4,nào,mô,1,1,True,dialect_phrase,Interrogatives; Negation/Function words,đâu (phủ định); đâu / nào,HaTinh_QB_QT; NgheAn
MCQA_0036_5,MCQA,PNT2,replace,5,nào,mô,1,1,True,dialect_phrase,Interrogatives; Negation/Function words,đâu (phủ định); đâu / nào,HaTinh_QB_QT; NgheAn
MCQA_0036_5,MCQA,PNT2,replace,6,nào,mô,1,1,True,dialect_phrase,Interrogatives; Negation/Function words,đâu (phủ định); đâu / nào,HaTinh_QB_QT; NgheAn
MCQA_0036_5,MCQA,PNT2,replace,7,như thế nào,a răng,3,2,False,none,Interrogatives,,
MCQA_0036_5,MCQA,PNT3,replace,0,cậu,thằng,1,1,False,none,Pronouns,,
MCQA_0036_5,MCQA,PNT3,replace,1,điều gì,cấy chi,2,2,False,none,Multi-word idiom,,
MCQA_0036_5,MCQA,PNT3,replace,2,bát nào,chén mô,2,2,False,none,Multi-word idiom,,
MCQA_0036_5,MCQA,PNT3,replace,3,bát,chén,1,1,False,none,Predicate vocabulary,,
MCQA_0036_5,MCQA,PNT3,replace,4,bát nào,chén mô,2,2,False,none,Multi-word idiom,,
MCQA_0036_5,MCQA,PNT3,replace,5,bát,chén,1,1,False,none,Predicate vocabulary,,
MCQA_0036_5,MCQA,PNT3,replace,6,bát nào,chén mô,2,2,False,none,Multi-word idiom,,
MCQA_0036_5,MCQA,PNT3,replace,7,bát nào,chén mô,2,2,False,none,Multi-word idiom,,
MCQA_0036_5,MCQA,PNT3,replace,8,nào,mô,1,1,True,dialect_phrase,Interrogatives; Negation/Function words,đâu (phủ định); đâu / nào,HaTinh_QB_QT; Hue
MCQA_0036_5,MCQA,PNT3,replace,9,nào,mô,1,1,True,dialect_phrase,Interrogatives; Negation/Function words,đâu (phủ định); đâu / nào,HaTinh_QB_QT; Hue
MCQA_0036_5,MCQA,PNT3,replace,10,và,với,1,1,False,none,Connectives/Aspect markers,,
MCQA_0036_5,MCQA,PNT3,replace,11,thế nào,răng,2,1,True,dialect_phrase,Interrogatives,sao / thế nào,HaTinh_QB_QT; Hue
MCQA_0036_5,MCQA,PNT4,replace,0,gì,chi,1,1,True,dialect_phrase,Interrogatives,gì,QuangNam
MCQA_0036_5,MCQA,PNT4,replace,1,nào,mô,1,1,True,dialect_phrase,Interrogatives,đâu / nào,QuangNam
MCQA_0036_5,MCQA,PNT4,replace,2,nào,mô,1,1,True,dialect_phrase,Interrogatives,đâu / nào,QuangNam
MCQA_0036_5,MCQA,PNT4,replace,3,nào,mô,1,1,True,dialect_phrase,Interrogatives,đâu / nào,QuangNam
MCQA_0036_5,MCQA,PNT4,replace,4,nào,mô,1,1,True,dialect_phrase,Interrogatives,đâu / nào,QuangNam
MCQA_0036_5,MCQA,PNT4,replace,5,nào,mô,1,1,True,dialect_phrase,Interrogatives,đâu / nào,QuangNam
MCQA_0036_5,MCQA,PNT4,replace,6,nào,mô,1,1,True,dialect_phrase,Interrogatives,đâu / nào,QuangNam
MCQA_0036_5,MCQA,PNT4,replace,7,thế nào,răng,2,1,True,standard_word,Interrogatives,ren; sao; sô,PhuYen; QuangNam; QuangNgai
MCQA_0037_2,MCQA,PNN,replace,0,ông bố,ba,2,1,False,none,Kinship/Honorific terms,,
MCQA_0037_2,MCQA,PNN,replace,1,mẹ nhé,má nhen,2,2,False,none,Kinship/Honorific terms,,
MCQA_0037_2,MCQA,PNN,replace,2,không,hông,1,1,True,dialect_phrase,Negation/Function words,không,NamBo
MCQA_0037_2,MCQA,PNN,replace,3,mẹ,má,1,1,False,none,Kinship/Honorific terms,,
MCQA_0037_2,MCQA,PNN,replace,4,mẹ,má,1,1,False,none,Kinship/Honorific terms,,
MCQA_0037_2,MCQA,PNN,replace,5,lại,về,1,1,False,none,Predicate vocabulary,,
MCQA_0037_2,MCQA,PNN,replace,6,mẹ và,má rồi,2,2,False,none,Kinship/Honorific terms,,
MCQA_0037_2,MCQA,PNN,replace,7,cạnh,kế bên,1,2,False,none,Predicate vocabulary,,
MCQA_0037_2,MCQA,PNN,replace,8,bố,ba,1,1,False,none,Kinship/Honorific terms,,
MCQA_0037_2,MCQA,PNT1,replace,0,nói,nuối,1,1,False,none,Orthographic variant,,
MCQA_0037_2,MCQA,PNT1,replace,1,gì,chi,1,1,False,none,Interrogatives,,
MCQA_0037_2,MCQA,PNT1,replace,2,cho,choa,1,1,True,dialect_phrase,Pronouns,tao; tôi,ThanhHoa
MCQA_0037_2,MCQA,PNT1,replace,3,cho,choa,1,1,True,dialect_phrase,Pronouns,tao; tôi,ThanhHoa
MCQA_0037_2,MCQA,PNT1,replace,4,cho,choa,1,1,True,dialect_phrase,Pronouns,tao; tôi,ThanhHoa
MCQA_0037_2,MCQA,PNT1,replace,5,nghe,nghie,1,1,False,none,Orthographic variant,,
MCQA_0037_2,MCQA,PNT1,replace,6,nói,nuối,1,1,False,none,Orthographic variant,,
MCQA_0037_2,MCQA,PNT2,replace,0,nhé,nha,1,1,True,standard_word,Discourse particles,nghe,HaTinh_QB_QT
MCQA_0037_2,MCQA,PNT2,replace,1,đã làm gì,đạ mần chi,3,3,False,none,Multi-word idiom,,
MCQA_0037_2,MCQA,PNT2,replace,2,không,nỏ,1,1,True,dialect_phrase,Negation/Function words,không,HaTinh_QB_QT; NgheAn
MCQA_0037_2,MCQA,PNT3,replace,0,ông bố,bọ,2,1,True,dialect_phrase,Kinship/Honorific terms,bố,HaTinh_QB_QT
MCQA_0037_2,MCQA,PNT3,replace,1,nhé,nghe,1,1,True,dialect_phrase,Discourse particles,nha; nhé,HaTinh_QB_QT; Hue
MCQA_0037_2,MCQA,PNT3,replace,2,làm gì,mần cấy chi,2,3,True,standard_word,Interrogatives,mần chi,HaTinh_QB_QT; Hue
MCQA_0037_2,MCQA,PNT3,replace,3,không,nọ,1,1,True,standard_word,Negation/Function words,nỏ,HaTinh_QB_QT
MCQA_0037_2,MCQA,PNT3,replace,4,và,rồi,1,1,False,none,Connectives/Aspect markers,,
MCQA_0037_2,MCQA,PNT3,replace,5,bố,bọ,1,1,True,dialect_phrase,Kinship/Honorific terms,bố,HaTinh_QB_QT
MCQA_0037_2,MCQA,PNT4,replace,0,bố,ba,1,1,True,dialect_phrase,Kinship/Honorific terms,bố,QuangNam; QuangNgai
MCQA_0037_2,MCQA,PNT4,replace,1,nhé,nghe,1,1,False,none,Discourse particles,,
MCQA_0037_2,MCQA,PNT4,replace,2,gì,chi,1,1,True,dialect_phrase,Interrogatives,gì,QuangNam
MCQA_0037_2,MCQA,PNT4,replace,3,bố,ba,1,1,True,dialect_phrase,Kinship/Honorific terms,bố,QuangNam; QuangNgai
MCQA_0037_4,MCQA,PNN,replace,0,không,hông,1,1,True,dialect_phrase,Negation/Function words,không,NamBo
MCQA_0037_4,MCQA,PNN,replace,1,không,hông,1,1,True,dialect_phrase,Negation/Function words,không,NamBo
MCQA_0037_4,MCQA,PNN,replace,2,đến,tới,1,1,False,none,Predicate vocabulary,,
MCQA_0037_4,MCQA,PNT1,replace,0,nghe người,nghie ngừi,2,2,False,none,Orthographic variant,,
MCQA_0037_4,MCQA,PNT1,replace,1,nói,nuối,1,1,False,none,Orthographic variant,,
MCQA_0037_4,MCQA,PNT1,replace,2,điện,địn,1,1,False,none,Orthographic variant,,
MCQA_0037_4,MCQA,PNT1,replace,3,vậy,rứ,1,1,False,none,Demonstratives/Deixis,,
MCQA_0037_4,MCQA,PNT1,replace,4,vậy,rứ,1,1,False,none,Demonstratives/Deixis,,
MCQA_0037_4,MCQA,PNT2,replace,0,sao không,răng nỏ,2,2,False,none,Interrogatives,,
MCQA_0037_4,MCQA,PNT2,replace,1,vậy,rứa,1,1,True,dialect_phrase,Demonstratives/Deixis,vậy / thế,NgheAn
MCQA_0037_4,MCQA,PNT2,replace,2,vậy,rứa,1,1,True,dialect_phrase,Demonstratives/Deixis,vậy / thế,NgheAn
MCQA_0037_4,MCQA,PNT2,replace,3,không,nỏ,1,1,True,dialect_phrase,Negation/Function words,không,HaTinh_QB_QT; NgheAn
MCQA_0037_4,MCQA,PNT3,replace,0,tại sao,vì răng,2,2,False,none,Interrogatives,,
MCQA_0037_4,MCQA,PNT3,replace,1,nói chuyện,gọi,2,1,False,none,Predicate vocabulary,,
MCQA_0037_4,MCQA,PNT3,replace,2,vậy,rứa,1,1,True,standard_word,Demonstratives/Deixis,a rứa; như ri; như rứa; ri,HaTinh_QB_QT; Hue
MCQA_0037_4,MCQA,PNT3,replace,3,mất lịch sự,bờ hơ,3,2,True,dialect_phrase,Predicate vocabulary,vô duyên,HaTinh_QB_QT
MCQA_0037_4,MCQA,PNT3,replace,4,vậy,rứa,1,1,True,standard_word,Demonstratives/Deixis,a rứa; như ri; như rứa; ri,HaTinh_QB_QT; Hue
MCQA_0037_4,MCQA,PNT4,replace,0,sao,ren,1,1,True,dialect_phrase,Interrogatives,sao / thế nào,QuangNam
MCQA_0037_4,MCQA,PNT4,replace,1,vậy,rứa,1,1,True,standard_word,Demonstratives/Deixis,như dậy; như ri; như rứa; như vầy; như vậy,PhuYen; QuangNam; QuangNgai
MCQA_0037_4,MCQA,PNT4,replace,2,vậy,rứa,1,1,True,standard_word,Demonstratives/Deixis,như dậy; như ri; như rứa; như vầy; như vậy,PhuYen; QuangNam; QuangNgai
MCQA_0037_4,MCQA,PNT4,replace,3,đến,tới,1,1,False,none,Predicate vocabulary,,
MCQA_0039_4,MCQA,PNN,replace,0,khi,lúc,1,1,False,none,Connectives/Aspect markers,,
MCQA_0039_4,MCQA,PNN,replace,1,gấp gáp,rốp rẻng,2,2,False,none,Predicate vocabulary,,
MCQA_0039_4,MCQA,PNN,delete,2,ý,,1,0,False,none,Unknown,,
MCQA_0039_4,MCQA,PNN,replace,3,gì,sao,1,1,True,dialect_phrase,Interrogatives,sao / thế nào,NamBo
MCQA_0039_4,MCQA,PNN,replace,4,các,mấy,1,1,False,none,Negation/Function words,,
MCQA_0039_4,MCQA,PNN,replace,5,đến,tới,1,1,False,none,Predicate vocabulary,,
MCQA_0039_4,MCQA,PNN,replace,6,không,hông,1,1,True,dialect_phrase,Negation/Function words,không,NamBo
MCQA_0039_4,MCQA,PNN,replace,7,các,mấy,1,1,False,none,Negation/Function words,,
MCQA_0039_4,MCQA,PNN,replace,8,nấp mau,núp lẹ,2,2,False,none,Predicate vocabulary,,
MCQA_0039_4,MCQA,PNT1,replace,0,mẹ,miẹ,1,1,False,none,Orthographic variant,,
MCQA_0039_4,MCQA,PNT1,replace,1,liên,lin,1,1,False,none,Orthographic variant,,
MCQA_0039_4,MCQA,PNT1,replace,2,gì,chi,1,1,False,none,Interrogatives,,
MCQA_0039_4,MCQA,PNT1,replace,3,con,coan,1,1,False,none,Orthographic variant,,
MCQA_0039_4,MCQA,PNT1,replace,4,ngon,ngoan,1,1,False,none,Orthographic variant,,
MCQA_0039_4,MCQA,PNT1,replace,5,con,coan,1,1,False,none,Orthographic variant,,
MCQA_0039_4,MCQA,PNT1,replace,6,gì,chi,1,1,False,none,Interrogatives,,
MCQA_0039_4,MCQA,PNT1,replace,7,hiểm,hỉm,1,1,False,none,Orthographic variant,,
MCQA_0039_4,MCQA,PNT1,replace,8,con kiếm,coan kím,2,2,False,none,Orthographic variant,,
MCQA_0039_4,MCQA,PNT2,replace,0,mẹ,mệ,1,1,True,dialect_phrase,Kinship/Honorific terms,bà,HaTinh_QB_QT; NgheAn
MCQA_0039_4,MCQA,PNT2,replace,1,gì,chi,1,1,True,dialect_phrase,Interrogatives,gì,HaTinh_QB_QT; NgheAn
MCQA_0039_4,MCQA,PNT2,replace,2,không,nỏ,1,1,True,dialect_phrase,Negation/Function words,không,HaTinh_QB_QT; NgheAn
MCQA_0039_4,MCQA,PNT2,replace,3,gì,chi,1,1,True,dialect_phrase,Interrogatives,gì,HaTinh_QB_QT; NgheAn
MCQA_0039_4,MCQA,PNT3,delete,0,ý,,1,0,False,none,Unknown,,
MCQA_0039_4,MCQA,PNT3,replace,1,gì,răng,1,1,True,dialect_phrase,Interrogatives,sao / thế nào,HaTinh_QB_QT; Hue
MCQA_0039_4,MCQA,PNT3,replace,2,các con,mấy đứa,2,2,False,none,Pronouns,,
MCQA_0039_4,MCQA,PNT3,replace,3,gì,chi,1,1,True,dialect_phrase,Interrogatives,gì; sao / thế nào,HaTinh_QB_QT; Hue
MCQA_0039_4,MCQA,PNT3,replace,4,các con,mấy đứa,2,2,False,none,Pronouns,,
MCQA_0039_4,MCQA,PNT3,replace,5,tai họa nấp,nguy hiểm trốn,3,3,False,none,Predicate vocabulary,,
MCQA_0039_4,MCQA,PNT4,replace,0,gì,chi,1,1,True,dialect_phrase,Interrogatives,gì,QuangNam
MCQA_0039_4,MCQA,PNT4,replace,1,gì,chi,1,1,True,dialect_phrase,Interrogatives,gì,QuangNam
MCQA_0039_4,MCQA,PNT4,replace,2,nấp mau,núp nhanh,2,2,False,none,Predicate vocabulary,,
MCQA_0041_5,MCQA,PNB,replace,0,cặp,gắp,1,1,False,none,Predicate vocabulary,,
MCQA_0041_5,MCQA,PNB,replace,1,trách,cười,1,1,False,none,Predicate vocabulary,,
MCQA_0041_5,MCQA,PNN,replace,0,lười,làm,1,1,True,dialect_phrase,Predicate vocabulary,làm,NamBo
MCQA_0041_5,MCQA,PNN,delete,1,như,,1,0,False,none,Unknown,,
MCQA_0041_5,MCQA,PNN,replace,2,quả,trái,1,1,False,none,Predicate vocabulary,,
MCQA_0041_5,MCQA,PNN,replace,3,nhặt quả,luợm trái,2,2,False,none,Predicate vocabulary,,
MCQA_0041_5,MCQA,PNN,replace,4,quả,trái,1,1,False,none,Predicate vocabulary,,
MCQA_0041_5,MCQA,PNN,replace,5,chê trách,quở,2,1,False,none,Predicate vocabulary,,
MCQA_0041_5,MCQA,PNT1,replace,0,lười biếng,lừi bíng,2,2,False,none,Orthographic variant,,
MCQA_0041_5,MCQA,PNT1,replace,1,như thế nào,răng,3,1,False,none,Interrogatives,,
MCQA_0041_5,MCQA,PNT1,replace,2,bỏ vào,bỏa vô,2,2,False,none,Orthographic variant,,
MCQA_0041_5,MCQA,PNT1,replace,3,vào,vô,1,1,False,none,Connectives/Aspect markers,,
MCQA_0041_5,MCQA,PNT2,replace,0,đã,đạ,1,1,True,dialect_phrase,Connectives/Aspect markers,đã,HaTinh_QB_QT
MCQA_0041_5,MCQA,PNT2,insert,1,,cái,0,1,False,none,Unknown,,
MCQA_0041_5,MCQA,PNT2,replace,2,này như thế nào,ni a răng,4,3,False,none,Multi-word idiom,,
MCQA_0041_5,MCQA,PNT2,replace,3,vào,vô,1,1,False,none,Connectives/Aspect markers,,
MCQA_0041_5,MCQA,PNT2,replace,4,vào,vô,1,1,False,none,Connectives/Aspect markers,,
MCQA_0041_5,MCQA,PNT3,replace,0,này,ni,1,1,True,dialect_phrase,Demonstratives/Deixis,này,HaTinh_QB_QT; Hue
MCQA_0041_5,MCQA,PNT3,replace,1,thế nào,răng,2,1,True,dialect_phrase,Interrogatives,sao / thế nào,HaTinh_QB_QT; Hue
MCQA_0041_5,MCQA,PNT3,replace,2,vào,vô,1,1,False,none,Connectives/Aspect markers,,
MCQA_0041_5,MCQA,PNT3,replace,3,vào,vô,1,1,False,none,Connectives/Aspect markers,,
MCQA_0041_5,MCQA,PNT4,replace,0,này như thế nào,ni ra ren,4,3,False,none,Interrogatives,,
MCQA_0041_5,MCQA,PNT4,replace,1,dùng,lấy,1,1,False,none,Predicate vocabulary,,
MCQA_0041_5,MCQA,PNT4,replace,2,cặp,gắp,1,1,False,none,Predicate vocabulary,,
MCQA_0041_5,MCQA,PNT4,replace,3,dùng,lấy,1,1,False,none,Predicate vocabulary,,
MCQA_0041_7,MCQA,PNB,replace,0,siêng năng,chăm chỉ,2,2,False,none,Idiomatic expressions,,
MCQA_0041_7,MCQA,PNN,replace,0,đâu,gì,1,1,True,dialect_phrase,Interrogatives,gì,NamBo
MCQA_0041_7,MCQA,PNN,replace,1,lười thế,làm biếng vậy,2,3,False,none,Multi-word idiom,,
MCQA_0041_7,MCQA,PNN,replace,2,lười,làm biếng,1,2,False,none,Predicate vocabulary,,
MCQA_0041_7,MCQA,PNN,replace,3,đáng buồn,mắc,2,1,False,none,Predicate vocabulary,,
MCQA_0041_7,MCQA,PNN,replace,4,chàng lười,ảnh làm biếng mà,2,4,False,none,Multi-word idiom,,
MCQA_0041_7,MCQA,PNN,replace,5,chàng lười,ảnh làm biếng mà,2,4,False,none,Multi-word idiom,,
MCQA_0041_7,MCQA,PNN,replace,6,chàng lười,ảnh làm biếng mà,2,4,False,none,Multi-word idiom,,
MCQA_0041_7,MCQA,PNN,replace,7,lười,làm biếng,1,2,False,none,Predicate vocabulary,,
MCQA_0041_7,MCQA,PNN,replace,8,vì,tại anh,1,2,False,none,Multi-word idiom,,
MCQA_0041_7,MCQA,PNN,replace,9,lười,làm biếng,1,2,False,none,Predicate vocabulary,,
MCQA_0041_7,MCQA,PNT1,replace,0,nói,nuối,1,1,False,none,Orthographic variant,,
MCQA_0041_7,MCQA,PNT1,replace,1,lười,nhác,1,1,False,none,Predicate vocabulary,,
MCQA_0041_7,MCQA,PNT1,replace,2,lười,nhác,1,1,False,none,Predicate vocabulary,,
MCQA_0041_7,MCQA,PNT1,replace,3,lười,nhác,1,1,False,none,Predicate vocabulary,,
MCQA_0041_7,MCQA,PNT1,replace,4,lười,nhác,1,1,False,none,Predicate vocabulary,,
MCQA_0041_7,MCQA,PNT2,replace,0,"""người đâu","""ngài mô",2,2,False,none,Multi-word idiom,,
MCQA_0041_7,MCQA,PNT2,replace,1,lười thế,nhác rứa,2,2,False,none,Multi-word idiom,,
MCQA_0041_7,MCQA,PNT2,replace,2,gì,chi,1,1,True,dialect_phrase,Interrogatives,gì,HaTinh_QB_QT; NgheAn
MCQA_0041_7,MCQA,PNT3,replace,0,đâu,mô,1,1,True,dialect_phrase,Interrogatives; Negation/Function words,đâu (phủ định); đâu / nào,HaTinh_QB_QT; Hue
MCQA_0041_7,MCQA,PNT3,replace,1,thế,rứa,1,1,True,standard_word,Demonstratives/Deixis,a rứa; như rứa,HaTinh_QB_QT; Hue
MCQA_0041_7,MCQA,PNT3,replace,2,gì,chi,1,1,True,dialect_phrase,Interrogatives,gì; sao / thế nào,HaTinh_QB_QT; Hue
MCQA_0041_7,MCQA,PNT4,replace,0,đâu,chi,1,1,True,dialect_phrase,Interrogatives,gì,QuangNam
MCQA_0041_7,MCQA,PNT4,replace,1,thế,rứa,1,1,True,standard_word,Demonstratives/Deixis,như dậy; như rứa; như vậy,PhuYen; QuangNam; QuangNgai
MCQA_0041_7,MCQA,PNT4,replace,2,gì,cái chi,1,2,True,standard_word,Interrogatives,chi; gì,PhuYen; QuangNam; QuangNgai
MCQA_0042_2,MCQA,PNB,replace,0,ta,mình,1,1,False,none,Pronouns,,
MCQA_0042_2,MCQA,PNN,replace,0,điều,cái,1,1,True,dialect_phrase,Negation/Function words,cái,NamBo
MCQA_0042_2,MCQA,PNN,delete,1,1,,1,0,False,none,Unknown,,
MCQA_0042_2,MCQA,PNN,insert,2,,ên,0,1,False,none,Unknown,,
MCQA_0042_2,MCQA,PNN,replace,3,1,phân,1,1,False,none,Out-of-scope,,
MCQA_0042_2,MCQA,PNN,replace,4,thật không,thiệt hông,2,2,False,none,Multi-word idiom,,
MCQA_0042_2,MCQA,PNN,delete,5,1,,1,0,False,none,Unknown,,
MCQA_0042_2,MCQA,PNN,insert,6,,ên,0,1,False,none,Unknown,,
MCQA_0042_2,MCQA,PNN,replace,7,thật,thiệt,1,1,True,dialect_phrase,Connectives/Aspect markers,thật,NamBo
MCQA_0042_2,MCQA,PNN,delete,8,một thân một,,3,0,False,none,Unknown,,
MCQA_0042_2,MCQA,PNN,replace,9,thật đáng thương,ên thiệt tội nghiệp,3,4,False,none,Idiomatic expressions,,
MCQA_0042_2,MCQA,PNN,replace,10,không,hông,1,1,True,dialect_phrase,Negation/Function words,không,NamBo
MCQA_0042_2,MCQA,PNT1,replace,0,em,eim,1,1,False,none,Orthographic variant,,
MCQA_0042_2,MCQA,PNT1,replace,1,có,cóa,1,1,False,none,Orthographic variant,,
MCQA_0042_2,MCQA,PNT1,replace,2,có,cóa,1,1,False,none,Orthographic variant,,
MCQA_0042_2,MCQA,PNT2,replace,0,gì,chi,1,1,True,dialect_phrase,Interrogatives,gì,HaTinh_QB_QT; NgheAn
MCQA_0042_2,MCQA,PNT2,replace,1,mình,chắc,1,1,False,none,Noise/Non-linguistic,,
MCQA_0042_2,MCQA,PNT2,replace,2,không,nỏ,1,1,True,dialect_phrase,Negation/Function words,không,HaTinh_QB_QT; NgheAn
MCQA_0042_2,MCQA,PNT2,replace,3,mình,chắc,1,1,False,none,Noise/Non-linguistic,,
MCQA_0042_2,MCQA,PNT2,replace,4,thân một mình,chắc,3,1,False,none,Noise/Non-linguistic,,
MCQA_0042_2,MCQA,PNT2,replace,5,không,nỏ,1,1,True,dialect_phrase,Negation/Function words,không,HaTinh_QB_QT; NgheAn
MCQA_0042_2,MCQA,PNT3,replace,0,điều gì,chi,2,1,True,dialect_phrase,Interrogatives,gì; sao / thế nào,HaTinh_QB_QT; Hue
MCQA_0042_2,MCQA,PNT3,replace,1,thật,thiệt,1,1,True,dialect_phrase,Connectives/Aspect markers,thật,HaTinh_QB_QT
MCQA_0042_2,MCQA,PNT3,replace,2,ta,mình,1,1,False,none,Pronouns,,
MCQA_0042_2,MCQA,PNT3,replace,3,thật,thiệt,1,1,True,dialect_phrase,Connectives/Aspect markers,thật,HaTinh_QB_QT
MCQA_0042_2,MCQA,PNT4,replace,0,gì,chi,1,1,True,dialect_phrase,Interrogatives,gì,QuangNam
MCQA_0042_7,MCQA,PNN,replace,0,việc,chuyện,1,1,False,none,Predicate vocabulary,,
MCQA_0042_7,MCQA,PNN,replace,1,rằng,là,1,1,False,none,Connectives/Aspect markers,,
MCQA_0042_7,MCQA,PNN,replace,2,như thế nào,ra sao,3,2,False,none,Interrogatives,,
MCQA_0042_7,MCQA,PNN,replace,3,không,hông,1,1,True,dialect_phrase,Negation/Function words,không,NamBo
MCQA_0042_7,MCQA,PNN,delete,4,rất,,1,0,True,standard_word,Predicate vocabulary,dữ,NamBo
MCQA_0042_7,MCQA,PNN,insert,5,,dữ lắm,0,2,False,none,Unknown,,
MCQA_0042_7,MCQA,PNN,delete,6,rất,,1,0,True,standard_word,Predicate vocabulary,dữ,NamBo
MCQA_0042_7,MCQA,PNN,insert,7,,dữ lắm,0,2,False,none,Unknown,,
MCQA_0042_7,MCQA,PNT1,replace,0,cho,choa,1,1,True,dialect_phrase,Pronouns,tao; tôi,ThanhHoa
MCQA_0042_7,MCQA,PNT1,replace,1,toán,tón,1,1,False,none,Orthographic variant,,
MCQA_0042_7,MCQA,PNT1,replace,2,lúa,lú,1,1,False,none,Orthographic variant,,
MCQA_0042_7,MCQA,PNT1,replace,3,thương,thưng,1,1,False,none,Orthographic variant,,
MCQA_0042_7,MCQA,PNT2,replace,0,kia,tê,1,1,True,dialect_phrase,Demonstratives/Deixis; Pronouns,anh ấy; kia,HaTinh_QB_QT; NgheAn
MCQA_0042_7,MCQA,PNT2,replace,1,như thế nào,a răng,3,2,False,none,Interrogatives,,
MCQA_0042_7,MCQA,PNT2,replace,2,không,nỏ,1,1,True,dialect_phrase,Negation/Function words,không,HaTinh_QB_QT; NgheAn
MCQA_0042_7,MCQA,PNT2,replace,3,lúa,ló,1,1,False,none,Orthographic variant,,
MCQA_0042_7,MCQA,PNT3,replace,0,mình,miềng,1,1,False,none,Pronouns,,
MCQA_0042_7,MCQA,PNT3,replace,1,người kia mới,đứa tê,3,2,False,none,Multi-word idiom,,
MCQA_0042_7,MCQA,PNT3,replace,2,thế nào,răng,2,1,True,dialect_phrase,Interrogatives,sao / thế nào,HaTinh_QB_QT; Hue
MCQA_0042_7,MCQA,PNT4,replace,0,thế nào,ren,2,1,True,dialect_phrase,Interrogatives,sao / thế nào,QuangNam
MCQA_0043_3,MCQA,PNB,replace,0,hão huyền,viển vông,2,2,False,none,Idiomatic expressions,,
MCQA_0043_3,MCQA,PNB,replace,1,đám,mảnh,1,1,False,none,Predicate vocabulary,,
MCQA_0043_3,MCQA,PNN,replace,0,người cha,ba,2,1,False,none,Kinship/Honorific terms,,
MCQA_0043_3,MCQA,PNN,replace,1,mảnh,miếng,1,1,False,none,Predicate vocabulary,,
MCQA_0043_3,MCQA,PNN,replace,2,mảnh,miếng,1,1,False,none,Predicate vocabulary,,
MCQA_0043_3,MCQA,PNN,replace,3,mảnh,miếng,1,1,False,none,Predicate vocabulary,,
MCQA_0043_3,MCQA,PNT1,replace,0,con,coan,1,1,False,none,Orthographic variant,,
MCQA_0043_3,MCQA,PNT1,replace,1,gì,chi,1,1,False,none,Interrogatives,,
MCQA_0043_3,MCQA,PNT1,replace,2,con,coan,1,1,False,none,Orthographic variant,,
MCQA_0043_3,MCQA,PNT1,replace,3,hương,hưng,1,1,False,none,Orthographic variant,,
MCQA_0043_3,MCQA,PNT1,replace,4,đuổi,đủi,1,1,False,none,Orthographic variant,,
MCQA_0043_3,MCQA,PNT1,replace,5,con,coan,1,1,False,none,Orthographic variant,,
MCQA_0043_3,MCQA,PNT1,replace,6,đâu,mô,1,1,True,dialect_phrase,Negation/Function words,đâu (phủ định),ThanhHoa
MCQA_0043_3,MCQA,PNT1,replace,7,con,coan,1,1,False,none,Orthographic variant,,
MCQA_0043_3,MCQA,PNT1,replace,8,phiên,phin,1,1,False,none,Orthographic variant,,
MCQA_0043_3,MCQA,PNT1,replace,9,con,coan,1,1,False,none,Orthographic variant,,
MCQA_0043_3,MCQA,PNT2,replace,0,đã,đạ,1,1,True,dialect_phrase,Connectives/Aspect markers,đã,HaTinh_QB_QT
MCQA_0043_3,MCQA,PNT2,replace,1,đã làm gì,đạ mần chi,3,3,False,none,Multi-word idiom,,
MCQA_0043_3,MCQA,PNT2,replace,2,đâu,mô,1,1,True,dialect_phrase,Interrogatives; Negation/Function words,đâu (phủ định); đâu / nào,HaTinh_QB_QT; NgheAn
MCQA_0043_3,MCQA,PNT3,replace,0,cha,bọ,1,1,True,dialect_phrase,Kinship/Honorific terms,bố,HaTinh_QB_QT
MCQA_0043_3,MCQA,PNT3,replace,1,làm gì,mần chi,2,2,True,dialect_phrase,Interrogatives,làm gì,HaTinh_QB_QT; Hue
MCQA_0043_3,MCQA,PNT3,replace,2,chẳng,nọ,1,1,False,none,Negation/Function words,,
MCQA_0043_3,MCQA,PNT3,replace,3,đâu,mô,1,1,True,dialect_phrase,Interrogatives; Negation/Function words,đâu (phủ định); đâu / nào,HaTinh_QB_QT; Hue
MCQA_0043_3,MCQA,PNT4,replace,0,đâu,mô,1,1,True,dialect_phrase,Interrogatives,đâu / nào,QuangNam
MCQA_0043_4,MCQA,PNB,replace,0,cha,bố,1,1,True,dialect_phrase,Kinship/Honorific terms,bố,BacBo
MCQA_0043_4,MCQA,PNN,replace,0,không,hông,1,1,True,dialect_phrase,Negation/Function words,không,NamBo
MCQA_0043_4,MCQA,PNN,replace,1,cha,ba,1,1,False,none,Kinship/Honorific terms,,
MCQA_0043_4,MCQA,PNN,replace,2,thuê,mướn,1,1,False,none,Predicate vocabulary,,
MCQA_0043_4,MCQA,PNN,replace,3,thuê,mướn,1,1,False,none,Predicate vocabulary,,
MCQA_0043_4,MCQA,PNT1,replace,0,con,coan,1,1,False,none,Orthographic variant,,
MCQA_0043_4,MCQA,PNT1,replace,1,gì,chi,1,1,False,none,Interrogatives,,
MCQA_0043_4,MCQA,PNT1,replace,2,họ,bọn hấn,1,2,False,none,Pronouns,,
MCQA_0043_4,MCQA,PNT1,replace,3,họ,bọn hấn,1,2,False,none,Pronouns,,
MCQA_0043_4,MCQA,PNT1,replace,4,họ,bọn hấn,1,2,False,none,Pronouns,,
MCQA_0043_4,MCQA,PNT1,replace,5,họ,bọn hấn,1,2,False,none,Pronouns,,
MCQA_0043_4,MCQA,PNT2,replace,0,người,đứa,1,1,False,none,Predicate vocabulary,,
MCQA_0043_4,MCQA,PNT2,replace,1,gì,chi,1,1,True,dialect_phrase,Interrogatives,gì,HaTinh_QB_QT; NgheAn
MCQA_0043_4,MCQA,PNT2,replace,2,họ,bọn nớ,1,2,True,dialect_phrase,Pronouns,chúng nó,HaTinh_QB_QT
MCQA_0043_4,MCQA,PNT2,replace,3,họ,bọn nớ,1,2,True,dialect_phrase,Pronouns,chúng nó,HaTinh_QB_QT
MCQA_0043_4,MCQA,PNT2,replace,4,họ,bọn nớ,1,2,True,dialect_phrase,Pronouns,chúng nó,HaTinh_QB_QT
MCQA_0043_4,MCQA,PNT2,replace,5,họ,bọn nớ,1,2,True,dialect_phrase,Pronouns,chúng nó,HaTinh_QB_QT
MCQA_0043_4,MCQA,PNT3,replace,0,làm gì,mần chi,2,2,True,dialect_phrase,Interrogatives,làm gì,HaTinh_QB_QT; Hue
MCQA_0043_4,MCQA,PNT4,replace,0,gì,chi,1,1,True,dialect_phrase,Interrogatives,gì,QuangNam
MCQA_0047_2,MCQA,PNB,replace,0,mẩu,mảnh,1,1,False,none,Predicate vocabulary,,
MCQA_0047_2,MCQA,PNN,replace,0,vào,vô,1,1,False,none,Connectives/Aspect markers,,
MCQA_0047_2,MCQA,PNN,insert,1,,quá,0,1,False,none,Unknown,,
MCQA_0047_2,MCQA,PNN,replace,2,bẩn,dơ,1,1,False,none,Predicate vocabulary,,
MCQA_0047_2,MCQA,PNN,replace,3,những,mấy,1,1,False,none,Negation/Function words,,
MCQA_0047_2,MCQA,PNT1,replace,0,bẩn,bửn,1,1,True,standard_word,Predicate vocabulary,nhớp nhúa,ThanhHoa
MCQA_0047_2,MCQA,PNT2,replace,0,đã,đạ,1,1,True,dialect_phrase,Connectives/Aspect markers,đã,HaTinh_QB_QT
MCQA_0047_2,MCQA,PNT2,replace,1,gì,chi,1,1,True,dialect_phrase,Interrogatives,gì,HaTinh_QB_QT; NgheAn
MCQA_0047_2,MCQA,PNT2,replace,2,vào,vô,1,1,False,none,Connectives/Aspect markers,,
MCQA_0047_2,MCQA,PNT2,replace,3,hôm nay,bữa ni,2,2,False,none,Demonstratives/Deixis,,
MCQA_0047_2,MCQA,PNT2,insert,4,,cái,0,1,False,none,Unknown,,
MCQA_0047_2,MCQA,PNT2,replace,5,đã,đạ,1,1,True,dialect_phrase,Connectives/Aspect markers,đã,HaTinh_QB_QT
MCQA_0047_2,MCQA,PNT3,replace,0,gì,chi,1,1,True,dialect_phrase,Interrogatives,gì; sao / thế nào,HaTinh_QB_QT; Hue
MCQA_0047_2,MCQA,PNT3,replace,1,vào,vô,1,1,False,none,Connectives/Aspect markers,,
MCQA_0047_2,MCQA,PNT3,replace,2,hôm nay,bữa ni,2,2,False,none,Demonstratives/Deixis,,
MCQA_0047_2,MCQA,PNT3,replace,3,những mẩu,mớ,2,1,False,none,Predicate vocabulary,,
MCQA_0047_2,MCQA,PNT4,replace,0,gì,chi,1,1,True,dialect_phrase,Interrogatives,gì,QuangNam
MCQA_0047_2,MCQA,PNT4,replace,1,vào,vô,1,1,False,none,Connectives/Aspect markers,,
MCQA_0047_2,MCQA,PNT4,replace,2,hôm nay,bữa ni,2,2,False,none,Demonstratives/Deixis,,
MCQA_0047_2,MCQA,PNT4,replace,3,quá,kinh,1,1,False,none,Discourse particles,,
MCQA_0047_4,MCQA,PNB,replace,0,mẫu,mảnh,1,1,False,none,Predicate vocabulary,,
MCQA_0047_4,MCQA,PNB,replace,1,mẩu,mảnh,1,1,False,none,Predicate vocabulary,,
MCQA_0047_4,MCQA,PNB,replace,2,mẩu,mảnh,1,1,False,none,Predicate vocabulary,,
MCQA_0047_4,MCQA,PNN,replace,0,khi,lúc,1,1,False,none,Connectives/Aspect markers,,
MCQA_0047_4,MCQA,PNN,replace,1,yêu cầu,biểu,2,1,False,none,Predicate vocabulary,,
MCQA_0047_4,MCQA,PNN,replace,2,mẩu,miếng,1,1,False,none,Predicate vocabulary,,
MCQA_0047_4,MCQA,PNN,replace,3,mẩu,miếng,1,1,False,none,Predicate vocabulary,,
MCQA_0047_4,MCQA,PNT1,replace,0,mẫu,mẩu,1,1,False,none,Orthographic variant,,
MCQA_0047_4,MCQA,PNT1,replace,1,gì,chi,1,1,False,none,Interrogatives,,
MCQA_0047_4,MCQA,PNT1,replace,2,làm gì,mằn chi,2,2,True,standard_word,Interrogatives,mần chi,ThanhHoa
MCQA_0047_4,MCQA,PNT2,replace,0,mẫu,mẩu,1,1,False,none,Orthographic variant,,
MCQA_0047_4,MCQA,PNT2,replace,1,đã,đạ,1,1,True,dialect_phrase,Connectives/Aspect markers,đã,HaTinh_QB_QT
MCQA_0047_4,MCQA,PNT2,replace,2,gì,chi,1,1,True,dialect_phrase,Interrogatives,gì,HaTinh_QB_QT; NgheAn
MCQA_0047_4,MCQA,PNT3,replace,0,mẫu,méng,1,1,False,none,Predicate vocabulary,,
MCQA_0047_4,MCQA,PNT3,replace,1,gì,chi,1,1,True,dialect_phrase,Interrogatives,gì; sao / thế nào,HaTinh_QB_QT; Hue
MCQA_0047_4,MCQA,PNT3,replace,2,làm gì,mần chi,2,2,True,dialect_phrase,Interrogatives,làm gì,HaTinh_QB_QT; Hue
MCQA_0047_4,MCQA,PNT3,replace,3,mẩu,méng,1,1,False,none,Predicate vocabulary,,
MCQA_0047_4,MCQA,PNT3,replace,4,mẩu,méng,1,1,False,none,Predicate vocabulary,,
MCQA_0047_4,MCQA,PNT4,replace,0,mẫu,miếng,1,1,False,none,Predicate vocabulary,,
MCQA_0047_4,MCQA,PNT4,replace,1,gì cả,chi nguyên,2,2,False,none,Interrogatives,,
MCQA_0047_4,MCQA,PNT4,replace,2,gì,chi,1,1,True,dialect_phrase,Interrogatives,gì,QuangNam
MCQA_0047_4,MCQA,PNT4,replace,3,lạ,cục,1,1,False,none,Predicate vocabulary,,
MCQA_0047_4,MCQA,PNT4,replace,4,lạ,cục,1,1,False,none,Predicate vocabulary,,
MCQA_0047_4,MCQA,PNT4,replace,5,mẩu,miếng,1,1,False,none,Predicate vocabulary,,
MCQA_0048_2,MCQA,PNB,insert,0,,con,0,1,False,none,Unknown,,
MCQA_0048_2,MCQA,PNN,replace,0,mẹ,má,1,1,False,none,Kinship/Honorific terms,,
MCQA_0048_2,MCQA,PNN,replace,1,mẹ,má,1,1,False,none,Kinship/Honorific terms,,
MCQA_0048_2,MCQA,PNN,replace,2,mẹ,má,1,1,False,none,Kinship/Honorific terms,,
MCQA_0048_2,MCQA,PNN,replace,3,mẹ,má,1,1,False,none,Kinship/Honorific terms,,
MCQA_0048_2,MCQA,PNN,replace,4,mẹ bật,má mở,2,2,False,none,Kinship/Honorific terms,,
MCQA_0048_2,MCQA,PNT1,replace,0,làm gì,mằn chi,2,2,True,standard_word,Interrogatives,mần chi,ThanhHoa
MCQA_0048_2,MCQA,PNT2,replace,0,làm gì,mần chi,2,2,True,dialect_phrase,Interrogatives,làm gì,HaTinh_QB_QT; NgheAn
MCQA_0048_2,MCQA,PNT3,replace,0,mình,miềng,1,1,False,none,Pronouns,,
MCQA_0048_2,MCQA,PNT3,replace,1,làm gì,mần chi,2,2,True,dialect_phrase,Interrogatives,làm gì,HaTinh_QB_QT; Hue
MCQA_0048_2,MCQA,PNT3,replace,2,và,với,1,1,False,none,Connectives/Aspect markers,,
MCQA_0048_2,MCQA,PNT4,replace,0,người mẹ,má,2,1,True,dialect_phrase,Kinship/Honorific terms,mẹ,QuangNam; QuangNgai
MCQA_0048_2,MCQA,PNT4,replace,1,gì,răng,1,1,True,standard_word,Interrogatives,chi; gì,PhuYen; QuangNam; QuangNgai
MCQA_0048_2,MCQA,PNT4,replace,2,mẹ,má,1,1,True,dialect_phrase,Kinship/Honorific terms,mẹ,QuangNam; QuangNgai
MCQA_0048_2,MCQA,PNT4,replace,3,mẹ,má,1,1,True,dialect_phrase,Kinship/Honorific terms,mẹ,QuangNam; QuangNgai
MCQA_0048_2,MCQA,PNT4,replace,4,mẹ,má,1,1,True,dialect_phrase,Kinship/Honorific terms,mẹ,QuangNam; QuangNgai
MCQA_0048_2,MCQA,PNT4,replace,5,mẹ bật,má mở,2,2,False,none,Kinship/Honorific terms,,
MCQA_0048_5,MCQA,PNB,insert,0,,nóng,0,1,False,none,Unknown,,
MCQA_0048_5,MCQA,PNN,replace,0,người mẹ,má,2,1,False,none,Kinship/Honorific terms,,
MCQA_0048_5,MCQA,PNN,replace,1,người mẹ,má,2,1,False,none,Kinship/Honorific terms,,
MCQA_0048_5,MCQA,PNN,replace,2,oi bức,nóng nực,2,2,False,none,Predicate vocabulary,,
MCQA_0048_5,MCQA,PNN,replace,3,người mẹ,má,2,1,False,none,Kinship/Honorific terms,,
MCQA_0048_5,MCQA,PNN,replace,4,chăn,mền,1,1,False,none,Predicate vocabulary,,
MCQA_0048_5,MCQA,PNN,replace,5,người mẹ,má,2,1,False,none,Kinship/Honorific terms,,
MCQA_0048_5,MCQA,PNN,replace,6,người mẹ,má,2,1,False,none,Kinship/Honorific terms,,
MCQA_0048_5,MCQA,PNT1,insert,0,,con,0,1,False,none,Unknown,,
MCQA_0048_5,MCQA,PNT1,delete,1,cho con,,2,0,False,none,Unknown,,
MCQA_0048_5,MCQA,PNT1,replace,2,làm gì,mằn chi,2,2,True,standard_word,Interrogatives,mần chi,ThanhHoa
MCQA_0048_5,MCQA,PNT1,insert,3,,nắng,0,1,False,none,Unknown,,
MCQA_0048_5,MCQA,PNT2,replace,0,đã làm gì,đạ mần chi,3,3,False,none,Multi-word idiom,,
MCQA_0048_5,MCQA,PNT2,replace,1,đã,đạ,1,1,True,dialect_phrase,Connectives/Aspect markers,đã,HaTinh_QB_QT
MCQA_0048_5,MCQA,PNT2,replace,2,làm,mần,1,1,True,dialect_phrase,Predicate vocabulary,làm,HaTinh_QB_QT
MCQA_0048_5,MCQA,PNT2,replace,3,đã,đạ,1,1,True,dialect_phrase,Connectives/Aspect markers,đã,HaTinh_QB_QT
MCQA_0048_5,MCQA,PNT2,replace,4,đã,đạ,1,1,True,dialect_phrase,Connectives/Aspect markers,đã,HaTinh_QB_QT
MCQA_0048_5,MCQA,PNT3,replace,0,làm gì,mần chi,2,2,True,dialect_phrase,Interrogatives,làm gì,HaTinh_QB_QT; Hue
MCQA_0048_5,MCQA,PNT3,replace,1,cái,kì,1,1,True,dialect_phrase,Negation/Function words,cái,HaTinh_QB_QT
MCQA_0048_5,MCQA,PNT3,replace,2,trắng,thâu,1,1,False,none,Predicate vocabulary,,
MCQA_0048_5,MCQA,PNT4,replace,0,gì,chi,1,1,True,dialect_phrase,Interrogatives,gì,QuangNam
MCQA_0048_5,MCQA,PNT4,replace,1,chăn,mền,1,1,False,none,Predicate vocabulary,,
MCQA_0051_0,MCQA,PNB,replace,0,xưa,kìa,1,1,False,none,Demonstratives/Deixis,,
MCQA_0051_0,MCQA,PNN,replace,0,bố điều,ba chuyện,2,2,False,none,Kinship/Honorific terms,,
MCQA_0051_0,MCQA,PNN,replace,1,kia,trước,1,1,True,standard_word,Demonstratives/Deixis,đó,NamBo
MCQA_0051_0,MCQA,PNT1,replace,0,gì,chi,1,1,False,none,Interrogatives,,
MCQA_0051_0,MCQA,PNT1,replace,1,đâu,đi mô,1,2,False,none,Interrogatives,,
MCQA_0051_0,MCQA,PNT1,replace,2,đâu,đi mô,1,2,False,none,Interrogatives,,
MCQA_0051_0,MCQA,PNT1,replace,3,đâu,đi mô,1,2,False,none,Interrogatives,,
MCQA_0051_0,MCQA,PNT1,replace,4,đâu,đi mô,1,2,False,none,Interrogatives,,
MCQA_0051_0,MCQA,PNT2,replace,0,điều gì,cây chi,2,2,False,none,Multi-word idiom,,
MCQA_0051_0,MCQA,PNT2,replace,1,hôm kia đâu,bựa nớ mô,3,3,False,none,Multi-word idiom,,
MCQA_0051_0,MCQA,PNT2,replace,2,hôm nay đâu,bựa ni mô,3,3,False,none,Multi-word idiom,,
MCQA_0051_0,MCQA,PNT2,replace,3,hôm xưa đâu,mọi hồi mô,3,3,False,none,Multi-word idiom,,
MCQA_0051_0,MCQA,PNT2,replace,4,hôm,bựa,1,1,False,none,Orthographic variant,,
MCQA_0051_0,MCQA,PNT2,replace,5,đâu,mô,1,1,True,dialect_phrase,Interrogatives; Negation/Function words,đâu (phủ định); đâu / nào,HaTinh_QB_QT; NgheAn
MCQA_0051_0,MCQA,PNT3,replace,0,bố điều gì,bọ cấy chi,3,3,False,none,Kinship/Honorific terms,,
MCQA_0051_0,MCQA,PNT3,replace,1,cũ,cộ,1,1,False,none,Orthographic variant,,
MCQA_0051_0,MCQA,PNT3,replace,2,đâu,mô,1,1,True,dialect_phrase,Interrogatives; Negation/Function words,đâu (phủ định); đâu / nào,HaTinh_QB_QT; Hue
MCQA_0051_0,MCQA,PNT3,replace,3,nay đâu,ni mô,2,2,False,none,Multi-word idiom,,
MCQA_0051_0,MCQA,PNT3,replace,4,hôm xưa đâu,chầu tê mô,3,3,False,none,Multi-word idiom,,
MCQA_0051_0,MCQA,PNT3,replace,5,hôm,bựa,1,1,False,none,Orthographic variant,,
MCQA_0051_0,MCQA,PNT3,replace,6,đâu,mô,1,1,True,dialect_phrase,Interrogatives; Negation/Function words,đâu (phủ định); đâu / nào,HaTinh_QB_QT; Hue
MCQA_0051_0,MCQA,PNT4,replace,0,gì,chi,1,1,True,dialect_phrase,Interrogatives,gì,QuangNam
MCQA_0051_0,MCQA,PNT4,replace,1,kia,nớ,1,1,True,dialect_phrase,Demonstratives/Deixis,ấy / đó,QuangNam
MCQA_0051_0,MCQA,PNT4,replace,2,nay,ni,1,1,True,dialect_phrase,Demonstratives/Deixis,này,QuangNam
MCQA_0051_4,MCQA,PNN,replace,0,bố,ba,1,1,False,none,Kinship/Honorific terms,,
MCQA_0051_4,MCQA,PNN,replace,1,điều,chuyện,1,1,False,none,Predicate vocabulary,,
MCQA_0051_4,MCQA,PNN,replace,2,xem,coi,1,1,False,none,Predicate vocabulary,,
MCQA_0051_4,MCQA,PNT1,replace,0,gì,chi,1,1,False,none,Interrogatives,,
MCQA_0051_4,MCQA,PNT2,replace,0,đã,đạ,1,1,True,dialect_phrase,Connectives/Aspect markers,đã,HaTinh_QB_QT
MCQA_0051_4,MCQA,PNT2,replace,1,gì,chi,1,1,True,dialect_phrase,Interrogatives,gì,HaTinh_QB_QT; NgheAn
MCQA_0051_4,MCQA,PNT2,replace,2,ngày hôm,bữa,2,1,False,none,Orthographic variant,,
MCQA_0051_4,MCQA,PNT3,replace,0,bố,ba,1,1,True,standard_word,Kinship/Honorific terms,bọ; ôn,HaTinh_QB_QT; Hue
MCQA_0051_4,MCQA,PNT3,replace,1,điều gì,cấy chi,2,2,False,none,Multi-word idiom,,
MCQA_0051_4,MCQA,PNT4,replace,0,bố,ba,1,1,True,dialect_phrase,Kinship/Honorific terms,bố,QuangNam; QuangNgai
MCQA_0051_4,MCQA,PNT4,replace,1,gì,chi,1,1,True,dialect_phrase,Interrogatives,gì,QuangNam
MCQA_0055_0,MCQA,PNB,replace,0,mặc,lại,1,1,False,none,Connectives/Aspect markers,,
MCQA_0055_0,MCQA,PNN,replace,0,ầm,váng,1,1,False,none,Predicate vocabulary,,
MCQA_0055_0,MCQA,PNN,replace,1,vờ,bộ,1,1,False,none,Predicate vocabulary,,
MCQA_0055_0,MCQA,PNN,replace,2,bỏ mặc,kệ,2,1,False,none,Predicate vocabulary,,
MCQA_0055_0,MCQA,PNN,replace,3,tìm,kiếm,1,1,False,none,Predicate vocabulary,,
MCQA_0055_0,MCQA,PNN,replace,4,đến,tới,1,1,False,none,Predicate vocabulary,,
MCQA_0055_0,MCQA,PNT1,replace,0,khóc,khốc,1,1,False,none,Orthographic variant,,
MCQA_0055_0,MCQA,PNT1,replace,1,làm gì,mằn chi,2,2,True,standard_word,Interrogatives,mần chi,ThanhHoa
MCQA_0055_0,MCQA,PNT1,replace,2,khóc,khốc,1,1,False,none,Orthographic variant,,
MCQA_0055_0,MCQA,PNT1,replace,3,vờ,bộ,1,1,False,none,Predicate vocabulary,,
MCQA_0055_0,MCQA,PNT1,delete,4,bỏ,,1,0,False,none,Unknown,,
MCQA_0055_0,MCQA,PNT2,replace,0,đã làm gì,đạ mần chi,3,3,False,none,Multi-word idiom,,
MCQA_0055_0,MCQA,PNT2,insert,1,,cí,0,1,False,none,Unknown,,
MCQA_0055_0,MCQA,PNT3,replace,0,kêu khóc,khóoc,2,1,False,none,Predicate vocabulary,,
MCQA_0055_0,MCQA,PNT3,replace,1,đã làm gì,đạ mần chi,3,3,False,none,Multi-word idiom,,
MCQA_0055_0,MCQA,PNT3,replace,2,khóc,khóoc,1,1,False,none,Orthographic variant,,
MCQA_0055_0,MCQA,PNT4,replace,0,gì,chi,1,1,True,dialect_phrase,Interrogatives,gì,QuangNam
MCQA_0055_0,MCQA,PNT4,replace,1,vội vàng,quíu quắn,2,2,False,none,Predicate vocabulary,,
MCQA_0055_0,MCQA,PNT4,replace,2,vờ,đò,1,1,False,none,Orthographic variant,,
MCQA_0055_0,MCQA,PNT4,replace,3,mặc,lơ,1,1,False,none,Predicate vocabulary,,
MCQA_0055_0,MCQA,PNT4,replace,4,tìm,kêu,1,1,True,dialect_phrase,Predicate vocabulary,gọi,PhuYen; QuangNgai
MCQA_0055_0,MCQA,PNT4,replace,5,đến,tới,1,1,False,none,Predicate vocabulary,,
MCQA_0055_1,MCQA,PNB,replace,0,thân,nạn,1,1,False,none,Noise/Non-linguistic,,
MCQA_0055_1,MCQA,PNN,replace,0,hoảng hốt,quýnh quáng,2,2,False,none,Predicate vocabulary,,
MCQA_0055_1,MCQA,PNN,replace,1,giả vờ,làm bộ,2,2,True,dialect_phrase,Predicate vocabulary,giả vờ,NamBo
MCQA_0055_1,MCQA,PNN,insert,2,,kế,0,1,False,none,Unknown,,
MCQA_0055_1,MCQA,PNN,delete,3,cạnh,,1,0,False,none,Unknown,,
MCQA_0055_1,MCQA,PNT1,replace,0,làm gì,mằn chi,2,2,True,standard_word,Interrogatives,mần chi,ThanhHoa
MCQA_0055_1,MCQA,PNT1,replace,1,vờ,bộ,1,1,False,none,Predicate vocabulary,,
MCQA_0055_1,MCQA,PNT1,replace,2,nước,nác,1,1,False,none,Orthographic variant,,
MCQA_0055_1,MCQA,PNT2,replace,0,làm gì,mần chi,2,2,True,dialect_phrase,Interrogatives,làm gì,HaTinh_QB_QT; NgheAn
MCQA_0055_1,MCQA,PNT3,replace,0,gì,chi,1,1,True,dialect_phrase,Interrogatives,gì; sao / thế nào,HaTinh_QB_QT; Hue
MCQA_0055_1,MCQA,PNT3,replace,1,vội vàng,lật đật,2,2,False,none,Predicate vocabulary,,
MCQA_0055_1,MCQA,PNT3,replace,2,vờ,đò,1,1,False,none,Orthographic variant,,
MCQA_0055_1,MCQA,PNT4,replace,0,gì,ren,1,1,True,dialect_phrase,Interrogatives,sao / thế nào,QuangNam
MCQA_0055_1,MCQA,PNT4,replace,1,hốt,sợ,1,1,False,none,Predicate vocabulary,,
MCQA_0055_1,MCQA,PNT4,replace,2,vờ,đò,1,1,False,none,Orthographic variant,,
MCQA_0056_1,MCQA,PNB,replace,0,bạn,cô,1,1,False,none,Kinship/Honorific terms,,
MCQA_0056_1,MCQA,PNB,replace,1,bạn,cô,1,1,False,none,Kinship/Honorific terms,,
MCQA_0056_1,MCQA,PNB,replace,2,bạn,cô,1,1,False,none,Kinship/Honorific terms,,
MCQA_0056_1,MCQA,PNN,replace,0,đến,tới,1,1,False,none,Predicate vocabulary,,
MCQA_0056_1,MCQA,PNN,replace,1,nói,là,1,1,False,none,Predicate vocabulary,,
MCQA_0056_1,MCQA,PNN,replace,2,không,hông,1,1,True,dialect_phrase,Negation/Function words,không,NamBo
MCQA_0056_1,MCQA,PNT1,replace,0,gì,chi,1,1,False,none,Interrogatives,,
MCQA_0056_1,MCQA,PNT1,replace,1,luôn,cứ,1,1,False,none,Predicate vocabulary,,
MCQA_0056_1,MCQA,PNT2,replace,0,gì,chi,1,1,True,dialect_phrase,Interrogatives,gì,HaTinh_QB_QT; NgheAn
MCQA_0056_1,MCQA,PNT2,replace,1,gái,gấy,1,1,False,none,Orthographic variant,,
MCQA_0056_1,MCQA,PNT2,replace,2,gái,gấy,1,1,False,none,Orthographic variant,,
MCQA_0056_1,MCQA,PNT2,replace,3,gái,gấy,1,1,False,none,Orthographic variant,,
MCQA_0056_1,MCQA,PNT2,replace,4,gái,gấy,1,1,False,none,Orthographic variant,,
MCQA_0056_1,MCQA,PNT2,replace,5,không,nỏ,1,1,True,dialect_phrase,Negation/Function words,không,HaTinh_QB_QT; NgheAn
MCQA_0056_1,MCQA,PNT3,replace,0,gì,răng,1,1,True,dialect_phrase,Interrogatives,sao / thế nào,HaTinh_QB_QT; Hue
MCQA_0056_1,MCQA,PNT3,replace,1,và,với,1,1,False,none,Connectives/Aspect markers,,
MCQA_0056_1,MCQA,PNT3,replace,2,gái,cấy,1,1,True,dialect_phrase,Negation/Function words,cái,HaTinh_QB_QT
MCQA_0056_1,MCQA,PNT3,replace,3,không muốn,nỏ ưng,2,2,False,none,Multi-word idiom,,
MCQA_0056_1,MCQA,PNT3,replace,4,nữa,nựa,1,1,False,none,Orthographic variant,,
MCQA_0056_2,MCQA,PNB,replace,0,vâng,nghe,1,1,False,none,Discourse particles,,
MCQA_0056_2,MCQA,PNB,replace,1,inh,minh,1,1,False,none,Noise/Non-linguistic,,
MCQA_0056_2,MCQA,PNN,replace,0,bà mẹ,má,2,1,False,none,Kinship/Honorific terms,,
MCQA_0056_2,MCQA,PNN,replace,1,cô,con,1,1,False,none,Kinship/Honorific terms,,
MCQA_0056_2,MCQA,PNN,replace,2,và những,với mấy,2,2,False,none,Multi-word idiom,,
MCQA_0056_2,MCQA,PNN,replace,3,và,với,1,1,False,none,Connectives/Aspect markers,,
MCQA_0056_2,MCQA,PNN,replace,4,vâng,nghe,1,1,False,none,Discourse particles,,
MCQA_0056_2,MCQA,PNN,replace,5,ông,ổng,1,1,True,dialect_phrase,Pronouns,ông ấy,NamBo
MCQA_0056_2,MCQA,PNT1,replace,0,gì,chi,1,1,False,none,Interrogatives,,
MCQA_0056_2,MCQA,PNT1,replace,1,vâng,nghe,1,1,False,none,Discourse particles,,
MCQA_0056_2,MCQA,PNT1,replace,2,inh,minh,1,1,False,none,Noise/Non-linguistic,,
MCQA_0056_2,MCQA,PNT2,replace,0,cô,con,1,1,False,none,Kinship/Honorific terms,,
MCQA_0056_2,MCQA,PNT2,replace,1,gì,chi,1,1,True,dialect_phrase,Interrogatives,gì,HaTinh_QB_QT; NgheAn
MCQA_0056_2,MCQA,PNT3,replace,0,gì,chi,1,1,True,dialect_phrase,Interrogatives,gì; sao / thế nào,HaTinh_QB_QT; Hue
MCQA_0056_2,MCQA,PNT3,replace,1,inh,minh,1,1,False,none,Noise/Non-linguistic,,
MCQA_0056_2,MCQA,PNT4,replace,0,gì,cái chi,1,2,True,standard_word,Interrogatives,chi; gì,PhuYen; QuangNam; QuangNgai
MCQA_0056_2,MCQA,PNT4,replace,1,vật lộn,chống chọi,2,2,False,none,Predicate vocabulary,,
MCQA_0056_2,MCQA,PNT4,replace,2,vâng,nghe,1,1,False,none,Discourse particles,,
MCQA_0058_0,MCQA,PNB,replace,0,ổ,chuồng,1,1,False,none,Predicate vocabulary,,
MCQA_0058_0,MCQA,PNN,replace,0,rơi,rớt,1,1,False,none,Predicate vocabulary,,
MCQA_0058_0,MCQA,PNT1,replace,0,thế nào,răng,2,1,False,none,Interrogatives,,
MCQA_0058_0,MCQA,PNT2,replace,0,thế nào,răng,2,1,True,dialect_phrase,Interrogatives,sao / thế nào,HaTinh_QB_QT; NgheAn
MCQA_0058_0,MCQA,PNT3,replace,0,rơi vào,rớt vô,2,2,False,none,Predicate vocabulary,,
MCQA_0058_0,MCQA,PNT3,replace,1,thế nào,răng,2,1,True,dialect_phrase,Interrogatives,sao / thế nào,HaTinh_QB_QT; Hue
MCQA_0058_0,MCQA,PNT4,replace,0,rơi vào,rớt vô,2,2,False,none,Predicate vocabulary,,
MCQA_0058_0,MCQA,PNT4,replace,1,như thế nào,ra ren,3,2,False,none,Interrogatives,,
MCQA_0060_1,MCQA,PNB,replace,0,réo rắt,véo von,2,2,False,none,Idiomatic expressions,,
MCQA_0060_1,MCQA,PNN,delete,0,ngữ,,1,0,False,none,Unknown,,
MCQA_0060_1,MCQA,PNT1,replace,0,nào,mô,1,1,True,dialect_phrase,Negation/Function words,đâu (phủ định),ThanhHoa
MCQA_0060_1,MCQA,PNT2,replace,0,nào,mô,1,1,True,dialect_phrase,Interrogatives; Negation/Function words,đâu (phủ định); đâu / nào,HaTinh_QB_QT; NgheAn
MCQA_0060_1,MCQA,PNT3,replace,0,nào,mô,1,1,True,dialect_phrase,Interrogatives; Negation/Function words,đâu (phủ định); đâu / nào,HaTinh_QB_QT; Hue
MCQA_0060_1,MCQA,PNT4,replace,0,nào,mô,1,1,True,dialect_phrase,Interrogatives,đâu / nào,QuangNam
MCQA_0060_2,MCQA,PNB,insert,0,,mà,0,1,False,none,Unknown,,
MCQA_0060_2,MCQA,PNB,replace,1,vùng,nơi,1,1,False,none,Predicate vocabulary,,
MCQA_0060_2,MCQA,PNN,insert,0,,mà,0,1,False,none,Unknown,,
MCQA_0060_2,MCQA,PNN,replace,1,vậy,thế,1,1,True,standard_word,Demonstratives/Deixis,vậy,NamBo
MCQA_0060_2,MCQA,PNN,replace,2,không,hông,1,1,True,dialect_phrase,Negation/Function words,không,NamBo
MCQA_0060_2,MCQA,PNN,replace,3,chép,lại,1,1,False,none,Predicate vocabulary,,
MCQA_0060_2,MCQA,PNT1,replace,0,đâu,chi mà,1,2,False,none,Interrogatives,,
MCQA_0060_2,MCQA,PNT1,replace,1,vậy,rứa,1,1,False,none,Demonstratives/Deixis,,
MCQA_0060_2,MCQA,PNT2,replace,0,đâu,mô mà,1,2,True,standard_word,Interrogatives,mô,HaTinh_QB_QT; NgheAn
MCQA_0060_2,MCQA,PNT2,replace,1,như vậy,a rứa,2,2,True,dialect_phrase,Demonstratives/Deixis,vậy / thế,HaTinh_QB_QT
MCQA_0060_2,MCQA,PNT2,replace,2,đã,đạ,1,1,True,dialect_phrase,Connectives/Aspect markers,đã,HaTinh_QB_QT
MCQA_0060_2,MCQA,PNT2,replace,3,không,nỏ,1,1,True,dialect_phrase,Negation/Function words,không,HaTinh_QB_QT; NgheAn
MCQA_0060_2,MCQA,PNT3,replace,0,đâu,mô mà,1,2,True,standard_word,Interrogatives,mô,HaTinh_QB_QT; Hue
MCQA_0060_2,MCQA,PNT3,replace,1,và,rồi,1,1,False,none,Connectives/Aspect markers,,
MCQA_0060_2,MCQA,PNT3,replace,2,chúng,hắn,1,1,True,dialect_phrase,Pronouns,nó,HaTinh_QB_QT; Hue
MCQA_0060_2,MCQA,PNT3,replace,3,vậy,rứa,1,1,True,standard_word,Demonstratives/Deixis,a rứa; như ri; như rứa; ri,HaTinh_QB_QT; Hue
MCQA_0060_2,MCQA,PNT4,replace,0,đâu,mô mà,1,2,True,standard_word,Interrogatives,mô; đâu,PhuYen; QuangNam; QuangNgai
MCQA_0060_2,MCQA,PNT4,replace,1,vậy,rứa,1,1,True,standard_word,Demonstratives/Deixis,như dậy; như ri; như rứa; như vầy; như vậy,PhuYen; QuangNam; QuangNgai
MCQA_0062_0,MCQA,PNB,replace,0,kìm kẹp,khống chế,2,2,False,none,Idiomatic expressions,,
MCQA_0062_0,MCQA,PNN,replace,0,các,mấy,1,1,False,none,Negation/Function words,,
MCQA_0062_0,MCQA,PNN,replace,1,chúng tôi,tụi tui,2,2,True,dialect_phrase,Pronouns,chúng tôi,NamBo
MCQA_0062_0,MCQA,PNN,replace,2,chúng ta,tụi mình,2,2,False,none,Pronouns,,
MCQA_0062_0,MCQA,PNN,replace,3,thật,thiệt,1,1,True,dialect_phrase,Connectives/Aspect markers,thật,NamBo
MCQA_0062_0,MCQA,PNT1,replace,0,nào,mô,1,1,True,dialect_phrase,Negation/Function words,đâu (phủ định),ThanhHoa
MCQA_0062_0,MCQA,PNT2,replace,0,nào,mô,1,1,True,dialect_phrase,Interrogatives; Negation/Function words,đâu (phủ định); đâu / nào,HaTinh_QB_QT; NgheAn
MCQA_0062_0,MCQA,PNT2,replace,1,chúng tôi đã,choa đạ,3,2,False,none,Multi-word idiom,,
MCQA_0062_0,MCQA,PNT3,replace,0,nào,mô,1,1,True,dialect_phrase,Interrogatives; Negation/Function words,đâu (phủ định); đâu / nào,HaTinh_QB_QT; Hue
MCQA_0062_0,MCQA,PNT3,replace,1,các,mấy,1,1,False,none,Negation/Function words,,
MCQA_0062_0,MCQA,PNT3,replace,2,chúng,bọn,1,1,False,none,Pronouns,,
MCQA_0062_0,MCQA,PNT3,replace,3,chúng tôi,bọn mềng,2,2,True,standard_word,Pronouns,choa; tụi mền; tụi tau,HaTinh_QB_QT; Hue
MCQA_0062_0,MCQA,PNT4,replace,0,nào,mô,1,1,True,dialect_phrase,Interrogatives,đâu / nào,QuangNam
MCQA_0062_0,MCQA,PNT4,replace,1,các,mấy,1,1,False,none,Negation/Function words,,
MCQA_0062_0,MCQA,PNT4,replace,2,tôi,ta,1,1,True,dialect_phrase,Pronouns,tao; tôi,QuangNam
MCQA_0062_0,MCQA,PNT4,replace,3,đó,chỗ nớ,1,2,True,standard_word,Demonstratives/Deixis,nớ; đó,PhuYen; QuangNam; QuangNgai
MCQA_0062_2,MCQA,PNB,replace,0,miền,vùng,1,1,False,none,Predicate vocabulary,,
MCQA_0062_2,MCQA,PNB,replace,1,chết,mất,1,1,False,none,Predicate vocabulary,,
MCQA_0062_2,MCQA,PNB,replace,2,miền,vùng,1,1,False,none,Predicate vocabulary,,
MCQA_0062_2,MCQA,PNB,replace,3,miền,vùng,1,1,False,none,Predicate vocabulary,,
MCQA_0062_2,MCQA,PNN,replace,0,tại,ở,1,1,False,none,Predicate vocabulary,,
MCQA_0062_2,MCQA,PNN,replace,1,các,mấy,1,1,False,none,Negation/Function words,,
MCQA_0062_2,MCQA,PNT1,replace,0,nào,mô,1,1,True,dialect_phrase,Negation/Function words,đâu (phủ định),ThanhHoa
MCQA_0062_2,MCQA,PNT1,replace,1,đó,nớ,1,1,True,standard_word,Demonstratives/Deixis,nứ,ThanhHoa
MCQA_0062_2,MCQA,PNT2,replace,0,nào,mô,1,1,True,dialect_phrase,Interrogatives; Negation/Function words,đâu (phủ định); đâu / nào,HaTinh_QB_QT; NgheAn
MCQA_0062_2,MCQA,PNT3,replace,0,nào cho ta,mô làm miềng,3,3,False,none,Multi-word idiom,,
MCQA_0062_2,MCQA,PNT3,replace,1,tại đó,chỗ nớ,2,2,False,none,Demonstratives/Deixis,,
MCQA_0062_2,MCQA,PNT3,replace,2,các,mấy,1,1,False,none,Negation/Function words,,
MCQA_0064_1,MCQA,PNB,replace,0,ngoại,vãi,1,1,False,none,Predicate vocabulary,,
MCQA_0064_1,MCQA,PNN,replace,0,như thế nào,làm sao,3,2,False,none,Interrogatives,,
MCQA_0064_1,MCQA,PNN,replace,1,dẫn,dắt,1,1,False,none,Predicate vocabulary,,
MCQA_0064_1,MCQA,PNN,replace,2,dẫn,dắt,1,1,False,none,Predicate vocabulary,,
MCQA_0064_1,MCQA,PNN,replace,3,vở chọn bút,tập lựa viết,3,3,False,none,Multi-word idiom,,
MCQA_0064_1,MCQA,PNN,replace,4,và,với,1,1,False,none,Connectives/Aspect markers,,
MCQA_0064_1,MCQA,PNN,replace,5,những,mấy,1,1,False,none,Negation/Function words,,
MCQA_0064_1,MCQA,PNN,replace,6,dẫn,dắt,1,1,False,none,Predicate vocabulary,,
MCQA_0064_1,MCQA,PNN,replace,7,áo quần,đồ,2,1,False,none,Predicate vocabulary,,
MCQA_0064_1,MCQA,PNN,replace,8,dẫn,dắt,1,1,False,none,Predicate vocabulary,,
MCQA_0064_1,MCQA,PNN,replace,9,đến,tới,1,1,False,none,Predicate vocabulary,,
MCQA_0064_1,MCQA,PNT1,replace,0,như thế nào,ra răng,3,2,False,none,Interrogatives,,
MCQA_0064_1,MCQA,PNT1,replace,1,dẫn,dắt,1,1,False,none,Predicate vocabulary,,
MCQA_0064_1,MCQA,PNT1,replace,2,dẫn,dắt,1,1,False,none,Predicate vocabulary,,
MCQA_0064_1,MCQA,PNT1,replace,3,dẫn,dắt,1,1,False,none,Predicate vocabulary,,
MCQA_0064_1,MCQA,PNT1,replace,4,dẫn,dắt,1,1,False,none,Predicate vocabulary,,
MCQA_0064_1,MCQA,PNT2,replace,0,đã,đạ,1,1,True,dialect_phrase,Connectives/Aspect markers,đã,HaTinh_QB_QT
MCQA_0064_1,MCQA,PNT2,replace,1,như thế nào,a răng,3,2,False,none,Interrogatives,,
MCQA_0064_1,MCQA,PNT3,replace,0,thế nào,răng,2,1,True,dialect_phrase,Interrogatives,sao / thế nào,HaTinh_QB_QT; Hue
MCQA_0064_1,MCQA,PNT3,replace,1,và,với,1,1,False,none,Connectives/Aspect markers,,
MCQA_0064_1,MCQA,PNT3,replace,2,những,mấy,1,1,False,none,Negation/Function words,,
MCQA_0064_1,MCQA,PNT3,replace,3,đến,tới,1,1,False,none,Predicate vocabulary,,
MCQA_0064_1,MCQA,PNT4,replace,0,bạn nhỏ,thằng cu,2,2,False,none,Kinship/Honorific terms,,
MCQA_0064_1,MCQA,PNT4,replace,1,thế nào,ren,2,1,True,dialect_phrase,Interrogatives,sao / thế nào,QuangNam
MCQA_0064_1,MCQA,PNT4,replace,2,bạn nhỏ,thằng cu,2,2,False,none,Kinship/Honorific terms,,
MCQA_0064_1,MCQA,PNT4,replace,3,bạn nhỏ,thằng cu,2,2,False,none,Kinship/Honorific terms,,
MCQA_0064_1,MCQA,PNT4,replace,4,chọn,lựa,1,1,False,none,Predicate vocabulary,,
MCQA_0064_1,MCQA,PNT4,replace,5,dạy,bày,1,1,False,none,Predicate vocabulary,,
MCQA_0064_1,MCQA,PNT4,replace,6,bạn nhỏ,thằng cu,2,2,False,none,Kinship/Honorific terms,,
MCQA_0064_1,MCQA,PNT4,replace,7,bạn nhỏ,thằng cu,2,2,False,none,Kinship/Honorific terms,,
MCQA_0065_2,MCQA,PNB,replace,0,nhờ,ngờ,1,1,False,none,Noise/Non-linguistic,,
MCQA_0065_2,MCQA,PNB,replace,1,bả,bã,1,1,False,none,Orthographic variant,,
MCQA_0065_2,MCQA,PNN,replace,0,đến,tới,1,1,False,none,Predicate vocabulary,,
MCQA_0065_2,MCQA,PNN,delete,1,thế,,1,0,True,standard_word,Demonstratives/Deixis,vậy,NamBo
MCQA_0065_2,MCQA,PNN,replace,2,nhờ,ngờ,1,1,False,none,Noise/Non-linguistic,,
MCQA_0065_2,MCQA,PNN,replace,3,bả,bã,1,1,False,none,Orthographic variant,,
MCQA_0065_2,MCQA,PNN,replace,4,không,hông,1,1,True,dialect_phrase,Negation/Function words,không,NamBo
MCQA_0065_2,MCQA,PNT1,replace,0,như thế nào,ra răng,3,2,False,none,Interrogatives,,
MCQA_0065_2,MCQA,PNT1,replace,1,nhờ,ngờ,1,1,False,none,Noise/Non-linguistic,,
MCQA_0065_2,MCQA,PNT1,replace,2,bả,bã,1,1,False,none,Orthographic variant,,
MCQA_0065_2,MCQA,PNT1,insert,3,,chi,0,1,False,none,Unknown,,
MCQA_0065_2,MCQA,PNT2,replace,0,như thế nào,à răng,3,2,False,none,Interrogatives,,
MCQA_0065_2,MCQA,PNT2,replace,1,không,nỏ,1,1,True,dialect_phrase,Negation/Function words,không,HaTinh_QB_QT; NgheAn
MCQA_0065_2,MCQA,PNT3,replace,0,thế nào,răng,2,1,True,dialect_phrase,Interrogatives,sao / thế nào,HaTinh_QB_QT; Hue
MCQA_0065_2,MCQA,PNT3,replace,1,nhờ,ngờ,1,1,False,none,Noise/Non-linguistic,,
MCQA_0065_2,MCQA,PNT3,replace,2,bả,bã,1,1,False,none,Orthographic variant,,
MCQA_0065_2,MCQA,PNT4,replace,0,đến,tới,1,1,False,none,Predicate vocabulary,,
MCQA_0065_2,MCQA,PNT4,replace,1,như thế nào,ra ren,3,2,False,none,Interrogatives,,
MCQA_0065_2,MCQA,PNT4,replace,2,nhờ,ngờ,1,1,False,none,Noise/Non-linguistic,,
MCQA_0065_5,MCQA,PNB,replace,0,phúc đáp,phản hồi,2,2,False,none,Idiomatic expressions,,
MCQA_0065_5,MCQA,PNN,replace,0,phúc đáp,hồi âm,2,2,False,none,Predicate vocabulary,,
MCQA_0065_5,MCQA,PNN,replace,1,chúng ta,tụi mình,2,2,False,none,Pronouns,,
MCQA_0065_5,MCQA,PNN,replace,2,các,mấy,1,1,False,none,Negation/Function words,,
MCQA_0065_5,MCQA,PNN,replace,3,các,mấy,1,1,False,none,Negation/Function words,,
MCQA_0065_5,MCQA,PNN,replace,4,đến,qua,1,1,False,none,Predicate vocabulary,,
MCQA_0065_5,MCQA,PNN,replace,5,các,mấy,1,1,False,none,Negation/Function words,,
MCQA_0065_5,MCQA,PNN,replace,6,đến,qua,1,1,False,none,Predicate vocabulary,,
MCQA_0065_5,MCQA,PNN,replace,7,các,mấy,1,1,False,none,Negation/Function words,,
MCQA_0065_5,MCQA,PNN,delete,8,rất,,1,0,True,standard_word,Predicate vocabulary,dữ,NamBo
MCQA_0065_5,MCQA,PNN,replace,9,các,mấy,1,1,False,none,Negation/Function words,,
MCQA_0065_5,MCQA,PNN,insert,10,,dữ lắm,0,2,False,none,Unknown,,
MCQA_0065_5,MCQA,PNT1,replace,0,nào,mô,1,1,True,dialect_phrase,Negation/Function words,đâu (phủ định),ThanhHoa
MCQA_0065_5,MCQA,PNT2,replace,0,nào,mô,1,1,True,dialect_phrase,Interrogatives; Negation/Function words,đâu (phủ định); đâu / nào,HaTinh_QB_QT; NgheAn
MCQA_0065_5,MCQA,PNT2,replace,1,chúng,nhà,1,1,False,none,Pronouns,,
MCQA_0065_5,MCQA,PNT3,replace,0,nào,mô,1,1,True,dialect_phrase,Interrogatives; Negation/Function words,đâu (phủ định); đâu / nào,HaTinh_QB_QT; Hue
MCQA_0065_5,MCQA,PNT3,replace,1,chúng ta,miềng,2,1,False,none,Pronouns,,
MCQA_0065_5,MCQA,PNT3,replace,2,các,mấy,1,1,False,none,Negation/Function words,,
MCQA_0065_5,MCQA,PNT3,replace,3,các,mấy,1,1,False,none,Negation/Function words,,
MCQA_0065_5,MCQA,PNT3,replace,4,các,mấy,1,1,False,none,Negation/Function words,,
MCQA_0065_5,MCQA,PNT3,replace,5,mến,quý,1,1,False,none,Predicate vocabulary,,
MCQA_0065_5,MCQA,PNT3,replace,6,các,mấy,1,1,False,none,Negation/Function words,,
MCQA_0069_1,MCQA,PNB,replace,0,sầm sì,âm u,2,2,False,none,Idiomatic expressions,,
MCQA_0069_1,MCQA,PNT1,replace,0,nào,mô,1,1,True,dialect_phrase,Negation/Function words,đâu (phủ định),ThanhHoa
MCQA_0069_1,MCQA,PNT2,replace,0,nào,mô,1,1,True,dialect_phrase,Interrogatives; Negation/Function words,đâu (phủ định); đâu / nào,HaTinh_QB_QT; NgheAn
MCQA_0069_1,MCQA,PNT3,replace,0,nào,mô,1,1,True,dialect_phrase,Interrogatives; Negation/Function words,đâu (phủ định); đâu / nào,HaTinh_QB_QT; Hue
MCQA_0069_1,MCQA,PNT3,replace,1,ló rạng,ngoi lên,2,2,False,none,Predicate vocabulary,,
MCQA_0069_1,MCQA,PNT4,replace,0,nào,mô,1,1,True,dialect_phrase,Interrogatives,đâu / nào,QuangNam
MCQA_0069_5,MCQA,PNB,replace,0,lui,quay,1,1,False,none,Predicate vocabulary,,
MCQA_0069_5,MCQA,PNB,replace,1,mọc,lên,1,1,False,none,Predicate vocabulary,,
MCQA_0069_5,MCQA,PNN,delete,0,lui,,1,0,False,none,Unknown,,
MCQA_0069_5,MCQA,PNN,replace,1,ngơi khi,lúc,2,1,False,none,Connectives/Aspect markers,,
MCQA_0069_5,MCQA,PNN,replace,2,khi,lúc,1,1,False,none,Connectives/Aspect markers,,
MCQA_0069_5,MCQA,PNN,replace,3,khi,lúc,1,1,False,none,Connectives/Aspect markers,,
MCQA_0069_5,MCQA,PNN,replace,4,khi,lúc,1,1,False,none,Connectives/Aspect markers,,
MCQA_0069_5,MCQA,PNN,replace,5,khi,lúc,1,1,False,none,Connectives/Aspect markers,,
MCQA_0069_5,MCQA,PNT1,replace,0,nào,mô,1,1,True,dialect_phrase,Negation/Function words,đâu (phủ định),ThanhHoa
MCQA_0069_5,MCQA,PNT2,replace,0,nào,mô,1,1,True,dialect_phrase,Interrogatives; Negation/Function words,đâu (phủ định); đâu / nào,HaTinh_QB_QT; NgheAn
MCQA_0069_5,MCQA,PNT3,replace,0,nào,mô,1,1,True,dialect_phrase,Interrogatives; Negation/Function words,đâu (phủ định); đâu / nào,HaTinh_QB_QT; Hue
MCQA_0069_5,MCQA,PNT4,replace,0,khi nào,lúc mô,2,2,False,none,Interrogatives,,
MCQA_0072_2,MCQA,PNB,replace,0,vẫn,vần,1,1,False,none,Noise/Non-linguistic,,
MCQA_0072_2,MCQA,PNN,replace,0,những,mấy,1,1,False,none,Negation/Function words,,
MCQA_0072_2,MCQA,PNN,replace,1,gì,như nào,1,2,True,standard_word,Interrogatives,gì,NamBo
MCQA_0072_2,MCQA,PNN,replace,2,vẫn,vần,1,1,False,none,Noise/Non-linguistic,,
MCQA_0072_2,MCQA,PNT1,replace,0,những,mấy,1,1,False,none,Negation/Function words,,
MCQA_0072_2,MCQA,PNT1,replace,1,"""ai",“ai,1,1,False,none,Noise/Non-linguistic,,
MCQA_0072_2,MCQA,PNT1,replace,2,"cây"" ""người",cây” “người,2,2,False,none,Orthographic variant,,
MCQA_0072_2,MCQA,PNT1,replace,3,"có"" ""em",có” “em,2,2,False,none,Orthographic variant,,
MCQA_0072_2,MCQA,PNT1,replace,4,"cây""",cây”,1,1,False,none,Orthographic variant,,
MCQA_0072_2,MCQA,PNT1,replace,5,gì,chi,1,1,False,none,Interrogatives,,
MCQA_0072_2,MCQA,PNT1,replace,6,vẫn,vần,1,1,False,none,Noise/Non-linguistic,,
MCQA_0072_2,MCQA,PNT2,replace,0,gì,chi,1,1,True,dialect_phrase,Interrogatives,gì,HaTinh_QB_QT; NgheAn
MCQA_0072_2,MCQA,PNT3,replace,0,những,mấy,1,1,False,none,Negation/Function words,,
MCQA_0072_2,MCQA,PNT3,replace,1,"cây""","cơn""",1,1,False,none,Predicate vocabulary,,
MCQA_0072_2,MCQA,PNT3,replace,2,đó,nớ,1,1,True,dialect_phrase,Demonstratives/Deixis,kia; ấy / đó,HaTinh_QB_QT; Hue
MCQA_0072_2,MCQA,PNT3,replace,3,"cây""","cơn""",1,1,False,none,Predicate vocabulary,,
MCQA_0072_2,MCQA,PNT3,replace,4,gì,chi,1,1,True,dialect_phrase,Interrogatives,gì; sao / thế nào,HaTinh_QB_QT; Hue
MCQA_0072_2,MCQA,PNT3,replace,5,tạo,mần,1,1,True,dialect_phrase,Predicate vocabulary,làm,HaTinh_QB_QT; Hue
MCQA_0072_2,MCQA,PNT3,replace,6,cây,cơn,1,1,False,none,Predicate vocabulary,,
MCQA_0072_2,MCQA,PNT3,replace,7,tạo,mần,1,1,True,dialect_phrase,Predicate vocabulary,làm,HaTinh_QB_QT; Hue
MCQA_0072_2,MCQA,PNT3,replace,8,khiến,mần,1,1,True,dialect_phrase,Predicate vocabulary,làm,HaTinh_QB_QT; Hue
MCQA_0072_2,MCQA,PNT3,replace,9,tạo,mần,1,1,True,dialect_phrase,Predicate vocabulary,làm,HaTinh_QB_QT; Hue
MCQA_0072_2,MCQA,PNT3,replace,10,khiến,mần,1,1,True,dialect_phrase,Predicate vocabulary,làm,HaTinh_QB_QT; Hue
MCQA_0072_2,MCQA,PNT3,replace,11,và,với,1,1,False,none,Connectives/Aspect markers,,
MCQA_0072_2,MCQA,PNT3,replace,12,cây,cơn,1,1,False,none,Predicate vocabulary,,
MCQA_0072_2,MCQA,PNT4,replace,0,việc,chuyện,1,1,False,none,Predicate vocabulary,,
MCQA_0072_2,MCQA,PNT4,replace,1,những,mấy,1,1,False,none,Negation/Function words,,
MCQA_0072_2,MCQA,PNT4,replace,2,gì,chi,1,1,True,dialect_phrase,Interrogatives,gì,QuangNam
MCQA_0072_2,MCQA,PNT4,replace,3,khiến,làm,1,1,True,dialect_phrase,Predicate vocabulary,làm,PhuYen; QuangNam; QuangNgai
MCQA_0072_2,MCQA,PNT4,replace,4,khiến,làm,1,1,True,dialect_phrase,Predicate vocabulary,làm,PhuYen; QuangNam; QuangNgai
MCQA_0072_2,MCQA,PNT4,replace,5,các,mấy,1,1,False,none,Negation/Function words,,
MCQA_0074_5,MCQA,PNN,replace,0,khi,lúc,1,1,False,none,Connectives/Aspect markers,,
MCQA_0074_5,MCQA,PNN,replace,1,mẹ bảo,má biểu,2,2,False,none,Kinship/Honorific terms,,
MCQA_0074_5,MCQA,PNN,replace,2,vì mẹ,tại má,2,2,False,none,Multi-word idiom,,
MCQA_0074_5,MCQA,PNN,replace,3,bảo,biểu,1,1,False,none,Predicate vocabulary,,
MCQA_0074_5,MCQA,PNN,replace,4,việc,chuyện,1,1,False,none,Predicate vocabulary,,
MCQA_0074_5,MCQA,PNN,replace,5,vì,tại,1,1,False,none,Connectives/Aspect markers,,
MCQA_0074_5,MCQA,PNN,replace,6,việc,chuyện,1,1,False,none,Predicate vocabulary,,
MCQA_0074_5,MCQA,PNN,replace,7,vì mẹ,tại má,2,2,False,none,Multi-word idiom,,
MCQA_0074_5,MCQA,PNN,replace,8,bảo,biểu,1,1,False,none,Predicate vocabulary,,
MCQA_0074_5,MCQA,PNN,replace,9,vì mẹ bảo,tại má biểu,3,3,False,none,Multi-word idiom,,
MCQA_0074_5,MCQA,PNT1,replace,0,sao,răng,1,1,False,none,Interrogatives,,
MCQA_0074_5,MCQA,PNT1,insert,1,,áo,0,1,False,none,Unknown,,
MCQA_0074_5,MCQA,PNT1,delete,2,áo,,1,0,False,none,Unknown,,
MCQA_0074_5,MCQA,PNT1,replace,3,làm,mằn,1,1,True,standard_word,Predicate vocabulary,mần,ThanhHoa
MCQA_0074_5,MCQA,PNT1,replace,4,gì,chi,1,1,False,none,Interrogatives,,
MCQA_0074_5,MCQA,PNT1,replace,5,làm,mằn,1,1,True,standard_word,Predicate vocabulary,mần,ThanhHoa
MCQA_0074_5,MCQA,PNT1,replace,6,làm,mằn,1,1,True,standard_word,Predicate vocabulary,mần,ThanhHoa
MCQA_0074_5,MCQA,PNT1,replace,7,làm,mằn,1,1,True,standard_word,Predicate vocabulary,mần,ThanhHoa
MCQA_0074_5,MCQA,PNT1,replace,8,gì,chi,1,1,False,none,Interrogatives,,
MCQA_0074_5,MCQA,PNT1,replace,9,làm,mằn,1,1,True,standard_word,Predicate vocabulary,mần,ThanhHoa
MCQA_0074_5,MCQA,PNT2,replace,0,sao,răng,1,1,True,dialect_phrase,Interrogatives,sao / thế nào,HaTinh_QB_QT; NgheAn
MCQA_0074_5,MCQA,PNT2,replace,1,thấy,chộ,1,1,True,dialect_phrase,Predicate vocabulary,thấy,HaTinh_QB_QT
MCQA_0074_5,MCQA,PNT2,replace,2,bảo,kêu,1,1,False,none,Predicate vocabulary,,
MCQA_0074_5,MCQA,PNT2,replace,3,bảo,kêu,1,1,False,none,Predicate vocabulary,,
MCQA_0074_5,MCQA,PNT2,replace,4,gì,chi,1,1,True,dialect_phrase,Interrogatives,gì,HaTinh_QB_QT; NgheAn
MCQA_0074_5,MCQA,PNT2,replace,5,làm,mần,1,1,True,dialect_phrase,Predicate vocabulary,làm,HaTinh_QB_QT
MCQA_0074_5,MCQA,PNT2,replace,6,làm,mần,1,1,True,dialect_phrase,Predicate vocabulary,làm,HaTinh_QB_QT
MCQA_0074_5,MCQA,PNT2,replace,7,bảo,kêu,1,1,False,none,Predicate vocabulary,,
MCQA_0074_5,MCQA,PNT2,replace,8,làm,mần,1,1,True,dialect_phrase,Predicate vocabulary,làm,HaTinh_QB_QT
MCQA_0074_5,MCQA,PNT2,replace,9,gì,chi,1,1,True,dialect_phrase,Interrogatives,gì,HaTinh_QB_QT; NgheAn
MCQA_0074_5,MCQA,PNT2,replace,10,bảo,kêu,1,1,False,none,Predicate vocabulary,,
MCQA_0074_5,MCQA,PNT2,replace,11,vào,vô,1,1,False,none,Connectives/Aspect markers,,
MCQA_0074_5,MCQA,PNT3,replace,0,sao,răng,1,1,True,dialect_phrase,Interrogatives,sao / thế nào,HaTinh_QB_QT; Hue
MCQA_0074_5,MCQA,PNT3,replace,1,bảo,nói,1,1,False,none,Predicate vocabulary,,
MCQA_0074_5,MCQA,PNT3,replace,2,bao giờ bảo,từng kêu,3,2,False,none,Multi-word idiom,,
MCQA_0074_5,MCQA,PNT3,replace,3,gì,chi,1,1,True,dialect_phrase,Interrogatives,gì; sao / thế nào,HaTinh_QB_QT; Hue
MCQA_0074_5,MCQA,PNT3,replace,4,bao giờ,lần mô,2,2,False,none,Interrogatives,,
MCQA_0074_5,MCQA,PNT3,replace,5,bao giờ bảo,từng nói,3,2,False,none,Multi-word idiom,,
MCQA_0074_5,MCQA,PNT3,replace,6,gì,chi,1,1,True,dialect_phrase,Interrogatives,gì; sao / thế nào,HaTinh_QB_QT; Hue
MCQA_0074_5,MCQA,PNT3,replace,7,bảo,kêu,1,1,True,dialect_phrase,Predicate vocabulary,gọi,Hue
MCQA_0074_5,MCQA,PNT4,replace,0,sao,ren,1,1,True,dialect_phrase,Interrogatives,sao / thế nào,QuangNam
MCQA_0074_5,MCQA,PNT4,replace,1,ngạc nhiên,bất ngờ,2,2,False,none,Predicate vocabulary,,
MCQA_0074_5,MCQA,PNT4,replace,2,thấy,nghe,1,1,True,standard_word,Predicate vocabulary,coi; thấy,PhuYen; QuangNam; QuangNgai
MCQA_0074_5,MCQA,PNT4,replace,3,bảo,kêu,1,1,True,dialect_phrase,Predicate vocabulary,gọi,PhuYen; QuangNgai
MCQA_0074_5,MCQA,PNT4,replace,4,bao giờ bảo,hồi mô sai,3,3,False,none,Interrogatives,,
MCQA_0074_5,MCQA,PNT4,replace,5,việc gì,chuyện chi,2,2,True,dialect_phrase,Interrogatives,chuyện gì,QuangNam
MCQA_0074_5,MCQA,PNT4,replace,6,bạn,nó,1,1,True,dialect_phrase,Pronouns,nó,PhuYen; QuangNgai
MCQA_0074_5,MCQA,PNT4,replace,7,từng,hồi mô,1,2,False,none,Interrogatives,,
MCQA_0074_5,MCQA,PNT4,replace,8,từng,hồi mô,1,2,False,none,Interrogatives,,
MCQA_0074_5,MCQA,PNT4,delete,9,bao giờ,,2,0,False,none,Unknown,,
MCQA_0074_5,MCQA,PNT4,replace,10,bao giờ,hồi mô,2,2,False,none,Interrogatives,,
MCQA_0074_5,MCQA,PNT4,replace,11,gì cả,chi hết,2,2,False,none,Interrogatives,,
MCQA_0074_6,MCQA,PNN,replace,0,mẹ,má,1,1,False,none,Kinship/Honorific terms,,
MCQA_0074_6,MCQA,PNN,replace,1,vì,tại,1,1,False,none,Connectives/Aspect markers,,
MCQA_0074_6,MCQA,PNN,replace,2,điều,chuyện,1,1,False,none,Predicate vocabulary,,
MCQA_0074_6,MCQA,PNN,replace,3,tập làm,viết,2,1,False,none,Predicate vocabulary,,
MCQA_0074_6,MCQA,PNN,replace,4,vì,tại,1,1,False,none,Connectives/Aspect markers,,
MCQA_0074_6,MCQA,PNN,replace,5,điều,chuyện,1,1,False,none,Predicate vocabulary,,
MCQA_0074_6,MCQA,PNN,replace,6,vì,tại,1,1,False,none,Connectives/Aspect markers,,
MCQA_0074_6,MCQA,PNN,replace,7,điều,chuyện,1,1,False,none,Predicate vocabulary,,
MCQA_0074_6,MCQA,PNN,replace,8,các,mấy,1,1,False,none,Negation/Function words,,
MCQA_0074_6,MCQA,PNN,replace,9,vì,tại,1,1,False,none,Connectives/Aspect markers,,
MCQA_0074_6,MCQA,PNN,replace,10,điều,chuyện,1,1,False,none,Predicate vocabulary,,
MCQA_0074_6,MCQA,PNN,replace,11,mẹ,má,1,1,False,none,Kinship/Honorific terms,,
MCQA_0074_6,MCQA,PNT1,replace,0,sao,răng,1,1,False,none,Interrogatives,,
MCQA_0074_6,MCQA,PNT1,replace,1,đó,nớ,1,1,True,standard_word,Demonstratives/Deixis,nứ,ThanhHoa
MCQA_0074_6,MCQA,PNT1,insert,2,,lại,0,1,False,none,Unknown,,
MCQA_0074_6,MCQA,PNT1,replace,3,làm,mằn,1,1,True,standard_word,Predicate vocabulary,mần,ThanhHoa
MCQA_0074_6,MCQA,PNT1,replace,4,làm,mằn,1,1,True,standard_word,Predicate vocabulary,mần,ThanhHoa
MCQA_0074_6,MCQA,PNT1,replace,5,làm,mằn,1,1,True,standard_word,Predicate vocabulary,mần,ThanhHoa
MCQA_0074_6,MCQA,PNT2,replace,0,sao,răng,1,1,True,dialect_phrase,Interrogatives,sao / thế nào,HaTinh_QB_QT; NgheAn
MCQA_0074_6,MCQA,PNT2,replace,1,mẹ,mệ,1,1,True,dialect_phrase,Kinship/Honorific terms,bà,HaTinh_QB_QT; NgheAn
MCQA_0074_6,MCQA,PNT2,replace,2,làm,mần,1,1,True,dialect_phrase,Predicate vocabulary,làm,HaTinh_QB_QT
MCQA_0074_6,MCQA,PNT2,replace,3,mẹ,mệ,1,1,True,dialect_phrase,Kinship/Honorific terms,bà,HaTinh_QB_QT; NgheAn
MCQA_0074_6,MCQA,PNT2,replace,4,làm,mần,1,1,True,dialect_phrase,Predicate vocabulary,làm,HaTinh_QB_QT
MCQA_0074_6,MCQA,PNT3,replace,0,sao,răng,1,1,True,dialect_phrase,Interrogatives,sao / thế nào,HaTinh_QB_QT; Hue
MCQA_0074_6,MCQA,PNT3,replace,1,làm,mần,1,1,True,dialect_phrase,Predicate vocabulary,làm,HaTinh_QB_QT; Hue
MCQA_0074_6,MCQA,PNT3,replace,2,muốn làm,ưng mần,2,2,False,none,Multi-word idiom,,
MCQA_0074_6,MCQA,PNT3,replace,3,muốn bạn ấy,ưng hắn,3,2,False,none,Multi-word idiom,,
MCQA_0074_6,MCQA,PNT4,replace,0,sao,ren,1,1,True,dialect_phrase,Interrogatives,sao / thế nào,QuangNam
MCQA_0074_6,MCQA,PNT4,replace,1,ấy,nớ,1,1,True,dialect_phrase,Demonstratives/Deixis,ấy / đó,QuangNam
MCQA_0077_0,MCQA,PNN,replace,0,vì,tại,1,1,False,none,Connectives/Aspect markers,,
MCQA_0077_0,MCQA,PNN,replace,1,gọi,kêu,1,1,True,dialect_phrase,Predicate vocabulary,gọi,NamBo
MCQA_0077_0,MCQA,PNN,replace,2,vì cậu suốt ngày,tại nó cứ,4,3,False,none,Multi-word idiom,,
MCQA_0077_0,MCQA,PNN,replace,3,không,hông,1,1,True,dialect_phrase,Negation/Function words,không,NamBo
MCQA_0077_0,MCQA,PNN,replace,4,vì cậu suốt ngày,tại nó cứ,4,3,False,none,Multi-word idiom,,
MCQA_0077_0,MCQA,PNN,replace,5,không,hông,1,1,True,dialect_phrase,Negation/Function words,không,NamBo
MCQA_0077_0,MCQA,PNN,replace,6,vì cậu không,tại nó hông,3,3,False,none,Multi-word idiom,,
MCQA_0077_0,MCQA,PNN,delete,7,tham gia trò,,3,0,False,none,Unknown,,
MCQA_0077_0,MCQA,PNN,replace,8,cùng,chung với,1,2,False,none,Predicate vocabulary,,
MCQA_0077_0,MCQA,PNN,replace,9,vì cậu,tại nó,2,2,False,none,Multi-word idiom,,
MCQA_0077_0,MCQA,PNN,replace,10,không,hông,1,1,True,dialect_phrase,Negation/Function words,không,NamBo
MCQA_0077_0,MCQA,PNN,replace,11,các,mấy,1,1,False,none,Negation/Function words,,
MCQA_0077_0,MCQA,PNT1,replace,0,sao,răng,1,1,False,none,Interrogatives,,
MCQA_0077_0,MCQA,PNT2,replace,0,sao,răng,1,1,True,dialect_phrase,Interrogatives,sao / thế nào,HaTinh_QB_QT; NgheAn
MCQA_0077_0,MCQA,PNT2,replace,1,gọi,kêu,1,1,True,standard_word,Predicate vocabulary,hú,HaTinh_QB_QT
MCQA_0077_0,MCQA,PNT2,replace,2,vì cậu,tại lạo,2,2,False,none,Multi-word idiom,,
MCQA_0077_0,MCQA,PNT2,replace,3,ngày,ngay,1,1,False,none,Orthographic variant,,
MCQA_0077_0,MCQA,PNT2,replace,4,không,nỏ,1,1,True,dialect_phrase,Negation/Function words,không,HaTinh_QB_QT; NgheAn
MCQA_0077_0,MCQA,PNT2,replace,5,vì cậu,tại lạo,2,2,False,none,Multi-word idiom,,
MCQA_0077_0,MCQA,PNT2,replace,6,ngày,ngay,1,1,False,none,Orthographic variant,,
MCQA_0077_0,MCQA,PNT2,replace,7,mình,chắc,1,1,False,none,Noise/Non-linguistic,,
MCQA_0077_0,MCQA,PNT2,replace,8,không,nỏ,1,1,True,dialect_phrase,Negation/Function words,không,HaTinh_QB_QT; NgheAn
MCQA_0077_0,MCQA,PNT2,replace,9,vì cậu không,tại lạo nỏ,3,3,False,none,Multi-word idiom,,
MCQA_0077_0,MCQA,PNT2,replace,10,cùng,với,1,1,False,none,Connectives/Aspect markers,,
MCQA_0077_0,MCQA,PNT2,replace,11,vì cậu,tại lạo,2,2,False,none,Multi-word idiom,,
MCQA_0077_0,MCQA,PNT2,replace,12,ngày,ngay,1,1,False,none,Orthographic variant,,
MCQA_0077_0,MCQA,PNT2,replace,13,không,nỏ,1,1,True,dialect_phrase,Negation/Function words,không,HaTinh_QB_QT; NgheAn
MCQA_0077_0,MCQA,PNT3,replace,0,sao,răng,1,1,True,dialect_phrase,Interrogatives,sao / thế nào,HaTinh_QB_QT; Hue
MCQA_0077_0,MCQA,PNT3,replace,1,cậu,hắn,1,1,True,dialect_phrase,Pronouns,nó,HaTinh_QB_QT; Hue
MCQA_0077_0,MCQA,PNT3,replace,2,chơi không,dởi nỏ,2,2,False,none,Multi-word idiom,,
MCQA_0077_0,MCQA,PNT3,replace,3,cậu,hắn,1,1,True,dialect_phrase,Pronouns,nó,HaTinh_QB_QT; Hue
MCQA_0077_0,MCQA,PNT3,replace,4,mình,chắc,1,1,False,none,Noise/Non-linguistic,,
MCQA_0077_0,MCQA,PNT3,replace,5,không,nỏ,1,1,True,dialect_phrase,Negation/Function words,không,HaTinh_QB_QT
MCQA_0077_0,MCQA,PNT3,replace,6,cậu không thích,hắn nỏ ưng,3,3,False,none,Multi-word idiom,,
MCQA_0077_0,MCQA,PNT3,insert,7,,mấy,0,1,False,none,Unknown,,
MCQA_0077_0,MCQA,PNT3,delete,8,chơi,,1,0,False,none,Unknown,,
MCQA_0077_0,MCQA,PNT3,replace,9,cùng,với,1,1,False,none,Connectives/Aspect markers,,
MCQA_0077_0,MCQA,PNT3,replace,10,cậu,hắn,1,1,True,dialect_phrase,Pronouns,nó,HaTinh_QB_QT; Hue
MCQA_0077_0,MCQA,PNT3,replace,11,không chơi,nỏ dởi,2,2,False,none,Multi-word idiom,,
MCQA_0077_0,MCQA,PNT3,replace,12,các,mấy,1,1,False,none,Negation/Function words,,
MCQA_0077_0,MCQA,PNT4,replace,0,sao,răn,1,1,True,standard_word,Interrogatives,ren; sao; sô,PhuYen; QuangNam; QuangNgai
MCQA_0077_0,MCQA,PNT4,replace,1,cậu,thằng nớ,1,2,False,none,Pronouns,,
MCQA_0077_0,MCQA,PNT4,replace,2,cậu,thằng nớ,1,2,False,none,Pronouns,,
MCQA_0077_0,MCQA,PNT4,replace,3,cậu,thằng nớ,1,2,False,none,Pronouns,,
MCQA_0077_0,MCQA,PNT4,replace,4,cậu,thằng nớ,1,2,False,none,Pronouns,,
MCQA_0080_0,MCQA,PNT1,replace,0,chơi gì,chi,2,1,False,none,Interrogatives,,
MCQA_0080_0,MCQA,PNT1,replace,1,này,ni,1,1,True,dialect_phrase,Demonstratives/Deixis,này,ThanhHoa
MCQA_0080_0,MCQA,PNT2,replace,0,chơi gì,chi,2,1,True,dialect_phrase,Interrogatives,gì,HaTinh_QB_QT; NgheAn
MCQA_0080_0,MCQA,PNT2,replace,1,này,ni,1,1,True,dialect_phrase,Demonstratives/Deixis,này,HaTinh_QB_QT; NgheAn
MCQA_0080_0,MCQA,PNT3,replace,0,gì,chi,1,1,True,dialect_phrase,Interrogatives,gì; sao / thế nào,HaTinh_QB_QT; Hue
MCQA_0080_0,MCQA,PNT3,replace,1,này,ni,1,1,True,dialect_phrase,Demonstratives/Deixis,này,HaTinh_QB_QT; Hue
MCQA_0080_0,MCQA,PNT4,replace,0,gì,chi,1,1,True,dialect_phrase,Interrogatives,gì,QuangNam
MCQA_0081_3,MCQA,PNB,replace,0,bịn rịn,lưu luyến,2,2,False,none,Idiomatic expressions,,
MCQA_0081_3,MCQA,PNN,replace,0,mẹ,má,1,1,False,none,Kinship/Honorific terms,,
MCQA_0081_3,MCQA,PNN,replace,1,như thế nào,ra sao,3,2,False,none,Interrogatives,,
MCQA_0081_3,MCQA,PNT1,replace,0,như thế nào,ra răng,3,2,False,none,Interrogatives,,
MCQA_0081_3,MCQA,PNT2,replace,0,như thế nào,a răng,3,2,False,none,Interrogatives,,
MCQA_0081_3,MCQA,PNT3,replace,0,mẹ già,mạ tra,2,2,False,none,Kinship/Honorific terms,,
MCQA_0081_3,MCQA,PNT3,replace,1,thế nào,răng,2,1,True,dialect_phrase,Interrogatives,sao / thế nào,HaTinh_QB_QT; Hue
MCQA_0081_3,MCQA,PNT3,replace,2,bé nhỏ,dỏ,2,1,True,dialect_phrase,Predicate vocabulary,nhỏ,HaTinh_QB_QT
MCQA_0081_3,MCQA,PNT4,replace,0,mẹ,má,1,1,True,dialect_phrase,Kinship/Honorific terms,mẹ,QuangNam; QuangNgai
MCQA_0081_3,MCQA,PNT4,replace,1,thế nào,ren,2,1,True,dialect_phrase,Interrogatives,sao / thế nào,QuangNam
MCQA_0081_4,MCQA,PNB,replace,0,đàn,các,1,1,False,none,Negation/Function words,,
MCQA_0081_4,MCQA,PNB,replace,1,mặt,mặc,1,1,False,none,Noise/Non-linguistic,,
MCQA_0081_4,MCQA,PNN,replace,0,mặt,mặc,1,1,False,none,Noise/Non-linguistic,,
MCQA_0081_4,MCQA,PNT1,replace,0,sao,răng,1,1,False,none,Interrogatives,,
MCQA_0081_4,MCQA,PNT1,replace,1,này,ni,1,1,True,dialect_phrase,Demonstratives/Deixis,này,ThanhHoa
MCQA_0081_4,MCQA,PNT1,replace,2,mặt,mặc,1,1,False,none,Noise/Non-linguistic,,
MCQA_0081_4,MCQA,PNT2,replace,0,sao,răng,1,1,True,dialect_phrase,Interrogatives,sao / thế nào,HaTinh_QB_QT; NgheAn
MCQA_0081_4,MCQA,PNT2,replace,1,này,ni,1,1,True,dialect_phrase,Demonstratives/Deixis,này,HaTinh_QB_QT; NgheAn
MCQA_0081_4,MCQA,PNT3,replace,0,sao,răng,1,1,True,dialect_phrase,Interrogatives,sao / thế nào,HaTinh_QB_QT; Hue
MCQA_0081_4,MCQA,PNT3,replace,1,này,ni,1,1,True,dialect_phrase,Demonstratives/Deixis,này,HaTinh_QB_QT; Hue
MCQA_0081_4,MCQA,PNT4,replace,0,sao,răng,1,1,True,standard_word,Interrogatives,ren; sao; sô,PhuYen; QuangNam; QuangNgai
MCQA_0087_0,MCQA,PNT1,replace,0,nào,mô,1,1,True,dialect_phrase,Negation/Function words,đâu (phủ định),ThanhHoa
MCQA_0087_0,MCQA,PNT2,replace,0,nào,mô,1,1,True,dialect_phrase,Interrogatives; Negation/Function words,đâu (phủ định); đâu / nào,HaTinh_QB_QT; NgheAn
MCQA_0087_0,MCQA,PNT2,replace,1,trâu,tru,1,1,False,none,Orthographic variant,,
MCQA_0087_0,MCQA,PNT3,replace,0,đến,tới,1,1,False,none,Predicate vocabulary,,
MCQA_0087_0,MCQA,PNT3,replace,1,nào,mô,1,1,True,dialect_phrase,Interrogatives; Negation/Function words,đâu (phủ định); đâu / nào,HaTinh_QB_QT; Hue
MCQA_0087_0,MCQA,PNT4,replace,0,đến,tới,1,1,False,none,Predicate vocabulary,,
MCQA_0090_10,MCQA,PNB,replace,0,hối hả,vội vã,2,2,False,none,Idiomatic expressions,,
MCQA_0090_10,MCQA,PNT1,replace,0,như thế nào,ra răng,3,2,False,none,Interrogatives,,
MCQA_0090_10,MCQA,PNT4,replace,0,như thế nào,ra ren,3,2,False,none,Interrogatives,,
MCQA_0090_10,MCQA,PNT4,replace,1,mẹ và,má với,2,2,False,none,Kinship/Honorific terms,,
MCQA_0090_10,MCQA,PNT4,replace,2,hối hả,quíu,2,1,False,none,Predicate vocabulary,,
MCQA_0090_10,MCQA,PNT4,replace,3,xấu hổ,mắc cỡ,2,2,True,dialect_phrase,Predicate vocabulary,xấu hổ,QuangNgai
MCQA_0090_6,MCQA,PNB,insert,0,,giả,0,1,False,none,Unknown,,
MCQA_0090_6,MCQA,PNB,delete,1,thiu,,1,0,False,none,Unknown,,
MCQA_0090_6,MCQA,PNB,insert,2,,giả,0,1,False,none,Unknown,,
MCQA_0090_6,MCQA,PNN,delete,0,thế,,1,0,True,standard_word,Demonstratives/Deixis,vậy,NamBo
MCQA_0090_6,MCQA,PNN,replace,1,không,hông,1,1,True,dialect_phrase,Negation/Function words,không,NamBo
MCQA_0090_6,MCQA,PNN,replace,2,chiếc,cái,1,1,True,dialect_phrase,Negation/Function words,cái,NamBo
MCQA_0090_6,MCQA,PNN,replace,3,chiếc,cái,1,1,True,dialect_phrase,Negation/Function words,cái,NamBo
MCQA_0090_6,MCQA,PNN,replace,4,thế,vậy,1,1,True,dialect_phrase,Demonstratives/Deixis,thế này / vậy; vậy / thế,NamBo
MCQA_0090_6,MCQA,PNN,replace,5,dỗi,giận,1,1,False,none,Predicate vocabulary,,
MCQA_0090_6,MCQA,PNN,replace,6,vờ,giả đò,1,2,False,none,Predicate vocabulary,,
MCQA_0090_6,MCQA,PNN,replace,7,dỗi,giận,1,1,False,none,Predicate vocabulary,,
MCQA_0090_6,MCQA,PNN,replace,8,vờ,giả đò,1,2,False,none,Predicate vocabulary,,
MCQA_0090_6,MCQA,PNN,replace,9,chiếc,cái,1,1,True,dialect_phrase,Negation/Function words,cái,NamBo
MCQA_0090_6,MCQA,PNN,replace,10,thế,vậy,1,1,True,dialect_phrase,Demonstratives/Deixis,thế này / vậy; vậy / thế,NamBo
MCQA_0090_6,MCQA,PNT1,replace,0,như thế nào,ra răng,3,2,False,none,Interrogatives,,
MCQA_0090_6,MCQA,PNT1,replace,1,thế,rứa,1,1,False,none,Demonstratives/Deixis,,
MCQA_0090_6,MCQA,PNT1,replace,2,thế,rứa,1,1,False,none,Demonstratives/Deixis,,
MCQA_0090_6,MCQA,PNT2,replace,0,như thế nào,a răng,3,2,False,none,Interrogatives,,
MCQA_0090_6,MCQA,PNT2,replace,1,bạn,con,1,1,False,none,Kinship/Honorific terms,,
MCQA_0090_6,MCQA,PNT2,replace,2,như thế,a rứa,2,2,True,dialect_phrase,Demonstratives/Deixis,vậy / thế,HaTinh_QB_QT
MCQA_0090_6,MCQA,PNT2,replace,3,như thế,a rứa,2,2,True,dialect_phrase,Demonstratives/Deixis,vậy / thế,HaTinh_QB_QT
MCQA_0090_6,MCQA,PNT3,replace,0,thế nào,răng,2,1,True,dialect_phrase,Interrogatives,sao / thế nào,HaTinh_QB_QT; Hue
MCQA_0090_6,MCQA,PNT3,replace,1,chiếc,cái,1,1,True,dialect_phrase,Negation/Function words,cái,Hue
MCQA_0090_6,MCQA,PNT3,replace,2,thế,rứa,1,1,True,standard_word,Demonstratives/Deixis,a rứa; như rứa,HaTinh_QB_QT; Hue
MCQA_0090_6,MCQA,PNT3,replace,3,dỗi,lẫy,1,1,False,none,Predicate vocabulary,,
MCQA_0090_6,MCQA,PNT3,replace,4,vờ,giả đò,1,2,True,dialect_phrase,Predicate vocabulary,giả vờ,HaTinh_QB_QT; Hue
MCQA_0090_6,MCQA,PNT3,replace,5,dỗi,lẫy,1,1,False,none,Predicate vocabulary,,
MCQA_0090_6,MCQA,PNT3,replace,6,vờ,giả đò,1,2,True,dialect_phrase,Predicate vocabulary,giả vờ,HaTinh_QB_QT; Hue
MCQA_0090_6,MCQA,PNT3,replace,7,thế,rứa,1,1,True,standard_word,Demonstratives/Deixis,a rứa; như rứa,HaTinh_QB_QT; Hue
MCQA_0090_6,MCQA,PNT4,replace,0,thế nào,răn,2,1,True,standard_word,Interrogatives,ren; sao; sô,PhuYen; QuangNam; QuangNgai
MCQA_0090_6,MCQA,PNT4,insert,1,,giả,0,1,False,none,Unknown,,
MCQA_0091_0,MCQA,PNN,replace,0,cho,bỏ,1,1,False,none,Predicate vocabulary,,
MCQA_0091_0,MCQA,PNN,replace,1,vào túi,vô bịch,2,2,False,none,Multi-word idiom,,
MCQA_0091_0,MCQA,PNN,replace,2,và,rồi,1,1,False,none,Connectives/Aspect markers,,
MCQA_0091_0,MCQA,PNT1,replace,0,làm gì,mằn răng,2,2,True,standard_word,Interrogatives,mần chi,ThanhHoa
MCQA_0091_0,MCQA,PNT1,replace,1,vào,vô,1,1,False,none,Connectives/Aspect markers,,
MCQA_0091_0,MCQA,PNT1,replace,2,và,rồi,1,1,False,none,Connectives/Aspect markers,,
MCQA_0091_0,MCQA,PNT2,replace,0,đã,nớ đạ,1,2,True,standard_word,Connectives/Aspect markers,đạ,HaTinh_QB_QT
MCQA_0091_0,MCQA,PNT2,replace,1,gì,chi,1,1,True,dialect_phrase,Interrogatives,gì,HaTinh_QB_QT; NgheAn
MCQA_0091_0,MCQA,PNT2,replace,2,túi,bao,1,1,False,none,Predicate vocabulary,,
MCQA_0091_0,MCQA,PNT2,delete,3,dưới,,1,0,False,none,Unknown,,
MCQA_0091_0,MCQA,PNT3,replace,0,làm gì,mần chi,2,2,True,dialect_phrase,Interrogatives,làm gì,HaTinh_QB_QT; Hue
MCQA_0091_0,MCQA,PNT3,replace,1,vào túi ni lông và,vô bao xì dầu rồi,5,5,False,none,Multi-word idiom,,
MCQA_0091_0,MCQA,PNT4,replace,0,gì,chi,1,1,True,dialect_phrase,Interrogatives,gì,QuangNam
MCQA_0091_0,MCQA,PNT4,replace,1,vào,vô,1,1,False,none,Connectives/Aspect markers,,
MCQA_0091_0,MCQA,PNT4,replace,2,và,rồi,1,1,False,none,Connectives/Aspect markers,,
MCQA_0091_1,MCQA,PNT1,replace,0,làm gì,mằn chi,2,2,True,standard_word,Interrogatives,mần chi,ThanhHoa
MCQA_0091_1,MCQA,PNT1,replace,1,vào,vô,1,1,False,none,Connectives/Aspect markers,,
MCQA_0091_1,MCQA,PNT1,replace,2,vào,vô,1,1,False,none,Connectives/Aspect markers,,
MCQA_0091_1,MCQA,PNT2,replace,0,thấy,chộ,1,1,True,dialect_phrase,Predicate vocabulary,thấy,HaTinh_QB_QT
MCQA_0091_1,MCQA,PNT2,replace,1,đã làm gì,đạ mần chi,3,3,False,none,Multi-word idiom,,
MCQA_0091_1,MCQA,PNT2,replace,2,vào,vô,1,1,False,none,Connectives/Aspect markers,,
MCQA_0091_1,MCQA,PNT2,replace,3,vào,vô,1,1,False,none,Connectives/Aspect markers,,
MCQA_0091_1,MCQA,PNT2,insert,4,,cí,0,1,False,none,Unknown,,
MCQA_0091_1,MCQA,PNT2,replace,5,cái,cấy,1,1,True,dialect_phrase,Negation/Function words,cái,HaTinh_QB_QT; NgheAn
MCQA_0091_1,MCQA,PNT3,replace,0,gì,chi,1,1,True,dialect_phrase,Interrogatives,gì; sao / thế nào,HaTinh_QB_QT; Hue
MCQA_0091_1,MCQA,PNT3,replace,1,vào,vô,1,1,False,none,Connectives/Aspect markers,,
MCQA_0091_1,MCQA,PNT3,replace,2,vào,vô,1,1,False,none,Connectives/Aspect markers,,
MCQA_0091_1,MCQA,PNT4,replace,0,lão,già,1,1,False,none,Predicate vocabulary,,
MCQA_0091_1,MCQA,PNT4,replace,1,gì,chi,1,1,True,dialect_phrase,Interrogatives,gì,QuangNam
MCQA_0091_1,MCQA,PNT4,replace,2,lão vào,già vô,2,2,False,none,Predicate vocabulary,,
MCQA_0091_1,MCQA,PNT4,replace,3,vào,vô,1,1,False,none,Connectives/Aspect markers,,
MCQA_0091_1,MCQA,PNT4,replace,4,lão,già,1,1,False,none,Predicate vocabulary,,
MCQA_0091_1,MCQA,PNT4,replace,5,lão,già,1,1,False,none,Predicate vocabulary,,
MCQA_0091_1,MCQA,PNT4,replace,6,lão,già,1,1,False,none,Predicate vocabulary,,
MCQA_0092_1,MCQA,PNN,replace,0,khi các,lúc mấy,2,2,False,none,Multi-word idiom,,
MCQA_0092_1,MCQA,PNN,replace,1,đến,tới,1,1,False,none,Predicate vocabulary,,
MCQA_0092_1,MCQA,PNN,delete,2,thì,,1,0,False,none,Unknown,,
MCQA_0092_1,MCQA,PNN,delete,3,bạn,,1,0,False,none,Unknown,,
MCQA_0092_1,MCQA,PNN,replace,4,giúp mẹ,phụ má,2,2,False,none,Multi-word idiom,,
MCQA_0092_1,MCQA,PNT1,replace,0,làm gì,mằn chi,2,2,True,standard_word,Interrogatives,mần chi,ThanhHoa
MCQA_0092_1,MCQA,PNT2,replace,0,làm gì,mần chi,2,2,True,dialect_phrase,Interrogatives,làm gì,HaTinh_QB_QT; NgheAn
MCQA_0092_1,MCQA,PNT2,replace,1,mẹ,mệ,1,1,True,dialect_phrase,Kinship/Honorific terms,bà,HaTinh_QB_QT; NgheAn
MCQA_0092_1,MCQA,PNT3,replace,0,các,mấy,1,1,False,none,Negation/Function words,,
MCQA_0092_1,MCQA,PNT3,replace,1,gì,chi,1,1,True,dialect_phrase,Interrogatives,gì; sao / thế nào,HaTinh_QB_QT; Hue
MCQA_0092_1,MCQA,PNT4,replace,0,gì,cái chi,1,2,True,standard_word,Interrogatives,chi; gì,PhuYen; QuangNam; QuangNgai
MCQA_0092_2,MCQA,PNB,replace,0,tấm,chiếc,1,1,False,none,Predicate vocabulary,,
MCQA_0092_2,MCQA,PNB,replace,1,góp,tặng,1,1,False,none,Predicate vocabulary,,
MCQA_0092_2,MCQA,PNN,replace,0,các,mấy,1,1,False,none,Negation/Function words,,
MCQA_0092_2,MCQA,PNN,replace,1,đến,tới,1,1,False,none,Predicate vocabulary,,
MCQA_0092_2,MCQA,PNN,replace,2,tấm,cái,1,1,True,dialect_phrase,Negation/Function words,cái,NamBo
MCQA_0092_2,MCQA,PNN,replace,3,đến,tới,1,1,False,none,Predicate vocabulary,,
MCQA_0092_2,MCQA,PNT1,replace,0,làm gì,mằn chi,2,2,True,standard_word,Interrogatives,mần chi,ThanhHoa
MCQA_0092_2,MCQA,PNT2,replace,0,đã,đạ,1,1,True,dialect_phrase,Connectives/Aspect markers,đã,HaTinh_QB_QT
MCQA_0092_2,MCQA,PNT2,replace,1,đã làm gì,đạ mần chi,3,3,False,none,Multi-word idiom,,
MCQA_0092_2,MCQA,PNT3,replace,0,và,với,1,1,False,none,Connectives/Aspect markers,,
MCQA_0092_2,MCQA,PNT3,replace,1,làm gì,mần chi,2,2,True,dialect_phrase,Interrogatives,làm gì,HaTinh_QB_QT; Hue
MCQA_0092_2,MCQA,PNT3,replace,2,tấm,cấy,1,1,True,dialect_phrase,Negation/Function words,cái,HaTinh_QB_QT
MCQA_0092_2,MCQA,PNT4,replace,0,các,mấy,1,1,False,none,Negation/Function words,,
MCQA_0092_2,MCQA,PNT4,replace,1,gì,chi,1,1,True,dialect_phrase,Interrogatives,gì,QuangNam
MCQA_0092_2,MCQA,PNT4,replace,2,giúp,giùm,1,1,False,none,Predicate vocabulary,,
MCQA_0092_2,MCQA,PNT4,replace,3,hàng,hằng,1,1,False,none,Orthographic variant,,
MCQA_0092_2,MCQA,PNT4,replace,4,đến,tới,1,1,False,none,Predicate vocabulary,,
MCQA_0092_2,MCQA,PNT4,replace,5,giúp,phụ,1,1,False,none,Predicate vocabulary,,
MCQA_0092_2,MCQA,PNT4,replace,6,đến,tới,1,1,False,none,Predicate vocabulary,,
MCQA_0095_1,MCQA,PNB,replace,0,bứt,đứt,1,1,False,none,Orthographic variant,,
MCQA_0095_1,MCQA,PNB,replace,1,dạt,trôi,1,1,False,none,Predicate vocabulary,,
MCQA_0095_1,MCQA,PNB,replace,2,hư,rách,1,1,False,none,Predicate vocabulary,,
MCQA_0095_1,MCQA,PNN,replace,0,khi,lúc,1,1,False,none,Connectives/Aspect markers,,
MCQA_0095_1,MCQA,PNN,replace,1,rơi,rớt,1,1,False,none,Predicate vocabulary,,
MCQA_0095_1,MCQA,PNN,replace,2,như thế nào,ra sao,3,2,False,none,Interrogatives,,
MCQA_0095_1,MCQA,PNN,replace,3,mãi,hoài,1,1,False,none,Predicate vocabulary,,
MCQA_0095_1,MCQA,PNN,replace,4,mãi đến,hoài tới,2,2,False,none,Multi-word idiom,,
MCQA_0095_1,MCQA,PNN,replace,5,và,rồi,1,1,False,none,Connectives/Aspect markers,,
MCQA_0095_1,MCQA,PNN,replace,6,dạt,tấp,1,1,False,none,Predicate vocabulary,,
MCQA_0095_1,MCQA,PNN,replace,7,bùn,sình,1,1,False,none,Predicate vocabulary,,
MCQA_0095_1,MCQA,PNN,replace,8,và,với,1,1,False,none,Connectives/Aspect markers,,
MCQA_0095_1,MCQA,PNN,replace,9,bùn,sình,1,1,False,none,Predicate vocabulary,,
MCQA_0095_1,MCQA,PNT1,replace,0,thế nào,răng,2,1,False,none,Interrogatives,,
MCQA_0095_1,MCQA,PNT1,replace,1,đến,tới,1,1,False,none,Predicate vocabulary,,
MCQA_0095_1,MCQA,PNT1,replace,2,vào,vô,1,1,False,none,Connectives/Aspect markers,,
MCQA_0095_1,MCQA,PNT2,delete,0,như thế nào,,3,0,False,none,Unknown,,
MCQA_0095_1,MCQA,PNT2,replace,1,nó,răng a hấn,1,3,True,standard_word,Pronouns,hắn; nghị,HaTinh_QB_QT
MCQA_0095_1,MCQA,PNT2,replace,2,vào,vô,1,1,False,none,Connectives/Aspect markers,,
MCQA_0095_1,MCQA,PNT3,replace,0,rơi,rớt,1,1,False,none,Predicate vocabulary,,
MCQA_0095_1,MCQA,PNT3,replace,1,thế nào,răng,2,1,True,dialect_phrase,Interrogatives,sao / thế nào,HaTinh_QB_QT; Hue
MCQA_0095_1,MCQA,PNT3,replace,2,nó,hắn,1,1,True,dialect_phrase,Pronouns,nó,HaTinh_QB_QT; Hue
MCQA_0095_1,MCQA,PNT3,replace,3,và,rồi,1,1,False,none,Connectives/Aspect markers,,
MCQA_0095_1,MCQA,PNT3,replace,4,vào,vô,1,1,False,none,Connectives/Aspect markers,,
MCQA_0095_1,MCQA,PNT3,replace,5,đầy,toàn,1,1,False,none,Predicate vocabulary,,
MCQA_0095_1,MCQA,PNT3,replace,6,và,với,1,1,False,none,Connectives/Aspect markers,,
MCQA_0095_1,MCQA,PNT4,replace,0,rơi,rớt,1,1,False,none,Predicate vocabulary,,
MCQA_0095_1,MCQA,PNT4,replace,1,như thế nào,ra ren,3,2,False,none,Interrogatives,,
MCQA_0095_1,MCQA,PNT4,replace,2,nó,hén,1,1,True,dialect_phrase,Pronouns,nó,QuangNam
MCQA_0095_1,MCQA,PNT4,replace,3,mãi,hoài,1,1,False,none,Predicate vocabulary,,
MCQA_0095_1,MCQA,PNT4,replace,4,mãi đến,hoài tới,2,2,False,none,Multi-word idiom,,
MCQA_0095_1,MCQA,PNT4,replace,5,vào,vô,1,1,False,none,Connectives/Aspect markers,,
MCQA_0096_0,MCQA,PNN,replace,0,nông,ruộng,1,1,False,none,Predicate vocabulary,,
MCQA_0096_0,MCQA,PNN,replace,1,tận,tuốt,1,1,False,none,Predicate vocabulary,,
MCQA_0096_0,MCQA,PNN,delete,2,lòng,,1,0,False,none,Unknown,,
MCQA_0096_0,MCQA,PNT1,replace,0,như thế nào,ra răng,3,2,False,none,Interrogatives,,
MCQA_0096_0,MCQA,PNT1,replace,1,vào,vô,1,1,False,none,Connectives/Aspect markers,,
MCQA_0096_0,MCQA,PNT1,delete,2,các,,1,0,False,none,Unknown,,
MCQA_0096_0,MCQA,PNT1,delete,3,các,,1,0,False,none,Unknown,,
MCQA_0096_0,MCQA,PNT2,replace,0,làm,mần,1,1,True,dialect_phrase,Predicate vocabulary,làm,HaTinh_QB_QT
MCQA_0096_0,MCQA,PNT2,replace,1,nước,nác,1,1,False,none,Orthographic variant,,
MCQA_0096_0,MCQA,PNT2,replace,2,ruộng,rọng,1,1,False,none,Orthographic variant,,
MCQA_0096_0,MCQA,PNT2,replace,3,thế nào,răng,2,1,True,dialect_phrase,Interrogatives,sao / thế nào,HaTinh_QB_QT; NgheAn
MCQA_0096_0,MCQA,PNT2,replace,4,nước,nác,1,1,False,none,Orthographic variant,,
MCQA_0096_0,MCQA,PNT2,replace,5,vào,vô,1,1,False,none,Connectives/Aspect markers,,
MCQA_0096_0,MCQA,PNT2,replace,6,ruộng,rộng,1,1,False,none,Orthographic variant,,
MCQA_0096_0,MCQA,PNT2,replace,7,sâu,su,1,1,False,none,Orthographic variant,,
MCQA_0096_0,MCQA,PNT2,replace,8,nước,nác,1,1,False,none,Orthographic variant,,
MCQA_0096_0,MCQA,PNT2,replace,9,ruộng,rọng,1,1,False,none,Orthographic variant,,
MCQA_0096_0,MCQA,PNT2,replace,10,nước,nác,1,1,False,none,Orthographic variant,,
MCQA_0096_0,MCQA,PNT2,replace,11,nước,nác,1,1,False,none,Orthographic variant,,
MCQA_0096_0,MCQA,PNT2,replace,12,dậy,dị,1,1,False,none,Orthographic variant,,
MCQA_0096_0,MCQA,PNT2,replace,13,nước,nác,1,1,False,none,Orthographic variant,,
MCQA_0096_0,MCQA,PNT2,replace,14,ruộng,rọng,1,1,False,none,Orthographic variant,,
MCQA_0096_0,MCQA,PNT3,replace,0,thế nào,răng,2,1,True,dialect_phrase,Interrogatives,sao / thế nào,HaTinh_QB_QT; Hue
MCQA_0096_0,MCQA,PNT3,replace,1,vào,vô,1,1,False,none,Connectives/Aspect markers,,
MCQA_0096_0,MCQA,PNT3,replace,2,các,mấy,1,1,False,none,Negation/Function words,,
MCQA_0096_0,MCQA,PNT3,replace,3,các,mấy,1,1,False,none,Negation/Function words,,
MCQA_0096_0,MCQA,PNT3,replace,4,các,mấy,1,1,False,none,Negation/Function words,,
MCQA_0096_0,MCQA,PNT4,replace,0,thế nào,răn,2,1,True,standard_word,Interrogatives,ren; sao; sô,PhuYen; QuangNam; QuangNgai
MCQA_0096_0,MCQA,PNT4,replace,1,vào,vô,1,1,False,none,Connectives/Aspect markers,,
MCQA_0098_4,MCQA,PNB,replace,0,khóm,bụi,1,1,False,none,Predicate vocabulary,,
MCQA_0098_4,MCQA,PNB,replace,1,cha,bố,1,1,True,dialect_phrase,Kinship/Honorific terms,bố,BacBo
MCQA_0098_4,MCQA,PNB,replace,2,cha,bố,1,1,True,dialect_phrase,Kinship/Honorific terms,bố,BacBo
MCQA_0098_4,MCQA,PNB,replace,3,cha,bố,1,1,True,dialect_phrase,Kinship/Honorific terms,bố,BacBo
MCQA_0098_4,MCQA,PNB,replace,4,cha,bố,1,1,True,dialect_phrase,Kinship/Honorific terms,bố,BacBo
MCQA_0098_4,MCQA,PNN,replace,0,chàng hoảng hốt,ảnh quýnh quáng,3,3,False,none,Kinship/Honorific terms,,
MCQA_0098_4,MCQA,PNN,replace,1,khóm,bụi,1,1,False,none,Predicate vocabulary,,
MCQA_0098_4,MCQA,PNN,delete,2,ẩn,,1,0,False,none,Unknown,,
MCQA_0098_4,MCQA,PNN,replace,3,mẹ,má,1,1,False,none,Kinship/Honorific terms,,
MCQA_0098_4,MCQA,PNN,replace,4,cha,ba,1,1,False,none,Kinship/Honorific terms,,
MCQA_0098_4,MCQA,PNN,replace,5,chàng,ảnh,1,1,True,dialect_phrase,Kinship/Honorific terms; Pronouns,anh; anh ấy,NamBo
MCQA_0098_4,MCQA,PNN,replace,6,chàng,ảnh,1,1,True,dialect_phrase,Kinship/Honorific terms; Pronouns,anh; anh ấy,NamBo
MCQA_0098_4,MCQA,PNN,replace,7,và,với,1,1,False,none,Connectives/Aspect markers,,
MCQA_0098_4,MCQA,PNN,replace,8,khi cha,lúc ba,2,2,False,none,Multi-word idiom,,
MCQA_0098_4,MCQA,PNN,replace,9,chàng,ảnh,1,1,True,dialect_phrase,Kinship/Honorific terms; Pronouns,anh; anh ấy,NamBo
MCQA_0098_4,MCQA,PNN,replace,10,cha,ba,1,1,False,none,Kinship/Honorific terms,,
MCQA_0098_4,MCQA,PNN,replace,11,cha,ba,1,1,False,none,Kinship/Honorific terms,,
MCQA_0098_4,MCQA,PNN,replace,12,không,chuồng,1,1,True,standard_word,Negation/Function words,hông,NamBo
MCQA_0098_4,MCQA,PNT1,replace,0,nào,mô,1,1,True,dialect_phrase,Negation/Function words,đâu (phủ định),ThanhHoa
MCQA_0098_4,MCQA,PNT2,replace,0,nào,mô,1,1,True,dialect_phrase,Interrogatives; Negation/Function words,đâu (phủ định); đâu / nào,HaTinh_QB_QT; NgheAn
MCQA_0098_4,MCQA,PNT2,replace,1,đã,đả,1,1,True,standard_word,Connectives/Aspect markers,đạ,HaTinh_QB_QT
MCQA_0098_4,MCQA,PNT3,replace,0,qua,bằng,1,1,False,none,Predicate vocabulary,,
MCQA_0098_4,MCQA,PNT3,replace,1,nào,mô,1,1,True,dialect_phrase,Interrogatives; Negation/Function words,đâu (phủ định); đâu / nào,HaTinh_QB_QT; Hue
MCQA_0098_4,MCQA,PNT3,replace,2,khóm,bụi,1,1,False,none,Predicate vocabulary,,
MCQA_0098_4,MCQA,PNT3,replace,3,chiếc,cấy,1,1,True,dialect_phrase,Negation/Function words,cái,HaTinh_QB_QT
MCQA_0098_4,MCQA,PNT3,replace,4,mình đành,miềng thì,2,2,False,none,Multi-word idiom,,
MCQA_0098_4,MCQA,PNT4,replace,0,nào,mô,1,1,True,dialect_phrase,Interrogatives,đâu / nào,QuangNam
MCQA_0098_4,MCQA,PNT4,replace,1,bãi,bờ,1,1,False,none,Predicate vocabulary,,
MCQA_0098_8,MCQA,PNN,replace,0,ông,ổng,1,1,True,dialect_phrase,Pronouns,ông ấy,NamBo
MCQA_0098_8,MCQA,PNN,replace,1,ông,ổng,1,1,True,dialect_phrase,Pronouns,ông ấy,NamBo
MCQA_0098_8,MCQA,PNT1,replace,0,làm gì,mằn chi,2,2,True,standard_word,Interrogatives,mần chi,ThanhHoa
MCQA_0098_8,MCQA,PNT2,replace,0,đã làm gì,đạ mần chi,3,3,False,none,Multi-word idiom,,
MCQA_0098_8,MCQA,PNT3,replace,0,gì,chi,1,1,True,dialect_phrase,Interrogatives,gì; sao / thế nào,HaTinh_QB_QT; Hue
MCQA_0098_8,MCQA,PNT3,replace,1,ông,ổng,1,1,False,none,Orthographic variant,,
MCQA_0098_8,MCQA,PNT3,replace,2,ông,ổng,1,1,False,none,Orthographic variant,,
MCQA_0098_8,MCQA,PNT4,replace,0,gì,chi,1,1,True,dialect_phrase,Interrogatives,gì,QuangNam
MCQA_0100_1,MCQA,PNN,replace,0,vì,tại,1,1,False,none,Connectives/Aspect markers,,
MCQA_0100_1,MCQA,PNN,replace,1,khi,lúc,1,1,False,none,Connectives/Aspect markers,,
MCQA_0100_1,MCQA,PNN,replace,2,cuối,sau,1,1,False,none,Predicate vocabulary,,
MCQA_0100_1,MCQA,PNN,replace,3,không,hông,1,1,True,dialect_phrase,Negation/Function words,không,NamBo
MCQA_0100_1,MCQA,PNN,replace,4,và,rồi,1,1,False,none,Connectives/Aspect markers,,
MCQA_0100_1,MCQA,PNN,replace,5,rằng,là,1,1,False,none,Connectives/Aspect markers,,
MCQA_0100_1,MCQA,PNN,replace,6,vì,tại,1,1,False,none,Connectives/Aspect markers,,
MCQA_0100_1,MCQA,PNN,replace,7,chóng,mau,1,1,False,none,Predicate vocabulary,,
MCQA_0100_1,MCQA,PNN,replace,8,vì,tại,1,1,False,none,Connectives/Aspect markers,,
MCQA_0100_1,MCQA,PNN,replace,9,không,hông,1,1,True,dialect_phrase,Negation/Function words,không,NamBo
MCQA_0100_1,MCQA,PNN,replace,10,vì,tại,1,1,False,none,Connectives/Aspect markers,,
MCQA_0100_1,MCQA,PNN,replace,11,không chú,hông để,2,2,False,none,Multi-word idiom,,
MCQA_0100_1,MCQA,PNN,replace,12,khuất,mất,1,1,False,none,Predicate vocabulary,,
MCQA_0100_1,MCQA,PNT1,replace,0,sao,răng,1,1,False,none,Interrogatives,,
MCQA_0100_1,MCQA,PNT1,insert,1,,nên,0,1,False,none,Unknown,,
MCQA_0100_1,MCQA,PNT1,insert,2,,nên,0,1,False,none,Unknown,,
MCQA_0100_1,MCQA,PNT2,replace,0,sao,răng,1,1,True,dialect_phrase,Interrogatives,sao / thế nào,HaTinh_QB_QT; NgheAn
MCQA_0100_1,MCQA,PNT2,replace,1,không,nỏ,1,1,True,dialect_phrase,Negation/Function words,không,HaTinh_QB_QT; NgheAn
MCQA_0100_1,MCQA,PNT2,replace,2,thấy,chộ,1,1,True,dialect_phrase,Predicate vocabulary,thấy,HaTinh_QB_QT
MCQA_0100_1,MCQA,PNT2,replace,3,rằng,là,1,1,False,none,Connectives/Aspect markers,,
MCQA_0100_1,MCQA,PNT2,replace,4,không,nỏ,1,1,True,dialect_phrase,Negation/Function words,không,HaTinh_QB_QT; NgheAn
MCQA_0100_1,MCQA,PNT2,replace,5,thấy,chộ,1,1,True,dialect_phrase,Predicate vocabulary,thấy,HaTinh_QB_QT
MCQA_0100_1,MCQA,PNT2,replace,6,không,nỏ,1,1,True,dialect_phrase,Negation/Function words,không,HaTinh_QB_QT; NgheAn
MCQA_0100_1,MCQA,PNT3,replace,0,sao,răng,1,1,True,dialect_phrase,Interrogatives,sao / thế nào,HaTinh_QB_QT; Hue
MCQA_0100_1,MCQA,PNT3,replace,1,nhìn thấy,chộ,2,1,True,dialect_phrase,Predicate vocabulary,thấy,HaTinh_QB_QT; Hue
MCQA_0100_1,MCQA,PNT3,replace,2,nên,bơ,1,1,True,dialect_phrase,Connectives/Aspect markers,thì / nên,HaTinh_QB_QT
MCQA_0100_1,MCQA,PNT3,replace,3,nhìn thấy,chộ,2,1,True,dialect_phrase,Predicate vocabulary,thấy,HaTinh_QB_QT; Hue
MCQA_0100_1,MCQA,PNT4,replace,0,sao,răng,1,1,True,standard_word,Interrogatives,ren; sao; sô,PhuYen; QuangNam; QuangNgai
MCQA_0100_2,MCQA,PNN,replace,0,hoa,bông,1,1,False,none,Predicate vocabulary,,
MCQA_0100_2,MCQA,PNN,replace,1,hoa,bông,1,1,False,none,Predicate vocabulary,,
MCQA_0100_2,MCQA,PNN,replace,2,gọi,kêu,1,1,True,dialect_phrase,Predicate vocabulary,gọi,NamBo
MCQA_0100_2,MCQA,PNN,replace,3,nhiều,mấy,1,1,False,none,Negation/Function words,,
MCQA_0100_2,MCQA,PNT1,replace,0,làm gì,mằn chi,2,2,True,standard_word,Interrogatives,mần chi,ThanhHoa
MCQA_0100_2,MCQA,PNT1,replace,1,vào,vô,1,1,False,none,Connectives/Aspect markers,,
MCQA_0100_2,MCQA,PNT1,replace,2,vào,vô,1,1,False,none,Connectives/Aspect markers,,
MCQA_0100_2,MCQA,PNT1,replace,3,vào,vô,1,1,False,none,Connectives/Aspect markers,,
MCQA_0100_2,MCQA,PNT1,replace,4,gọi,hú,1,1,False,none,Predicate vocabulary,,
MCQA_0100_2,MCQA,PNT2,replace,0,gì,chi,1,1,True,dialect_phrase,Interrogatives,gì,HaTinh_QB_QT; NgheAn
MCQA_0100_2,MCQA,PNT2,replace,1,vào,vô,1,1,False,none,Connectives/Aspect markers,,
MCQA_0100_2,MCQA,PNT2,replace,2,vào,vô,1,1,False,none,Connectives/Aspect markers,,
MCQA_0100_2,MCQA,PNT2,replace,3,gọi,hú,1,1,True,dialect_phrase,Predicate vocabulary,gọi,HaTinh_QB_QT
MCQA_0100_2,MCQA,PNT3,replace,0,làm gì,mần chi,2,2,True,dialect_phrase,Interrogatives,làm gì,HaTinh_QB_QT; Hue
MCQA_0100_2,MCQA,PNT3,replace,1,và,với,1,1,False,none,Connectives/Aspect markers,,
MCQA_0100_2,MCQA,PNT3,delete,2,thức,,1,0,False,none,Unknown,,
MCQA_0100_2,MCQA,PNT3,replace,3,vào,vô,1,1,False,none,Connectives/Aspect markers,,
MCQA_0100_2,MCQA,PNT3,replace,4,vào,lên,1,1,False,none,Predicate vocabulary,,
MCQA_0100_2,MCQA,PNT3,replace,5,nó,hắn,1,1,True,dialect_phrase,Pronouns,nó,HaTinh_QB_QT; Hue
MCQA_0100_2,MCQA,PNT3,replace,6,vào,vô,1,1,False,none,Connectives/Aspect markers,,
MCQA_0100_2,MCQA,PNT3,replace,7,gọi,hú,1,1,True,dialect_phrase,Predicate vocabulary,gọi,HaTinh_QB_QT
MCQA_0100_2,MCQA,PNT4,replace,0,làm gì,mần cấy chi,2,3,False,none,Predicate vocabulary,,
MCQA_0100_2,MCQA,PNT4,replace,1,vào,vô,1,1,False,none,Connectives/Aspect markers,,
MCQA_0100_2,MCQA,PNT4,replace,2,vào,vô,1,1,False,none,Connectives/Aspect markers,,
MCQA_0100_2,MCQA,PNT4,replace,3,gọi,kêu,1,1,True,dialect_phrase,Predicate vocabulary,gọi,PhuYen; QuangNgai
MCQA_0104_4,MCQA,PNT1,replace,0,vào,vô,1,1,False,none,Connectives/Aspect markers,,
MCQA_0104_4,MCQA,PNT1,replace,1,này,ni,1,1,True,dialect_phrase,Demonstratives/Deixis,này,ThanhHoa
MCQA_0104_4,MCQA,PNT1,insert,2,,đứng,0,1,False,none,Unknown,,
MCQA_0104_4,MCQA,PNT1,insert,3,,"""",0,1,False,none,Unknown,,
MCQA_0104_4,MCQA,PNT1,replace,4,em,mi,1,1,False,none,Pronouns,,
MCQA_0104_4,MCQA,PNT1,replace,5,sử dụng,dùng,2,1,False,none,Predicate vocabulary,,
MCQA_0104_4,MCQA,PNT1,replace,6,nào,mô,1,1,True,dialect_phrase,Negation/Function words,đâu (phủ định),ThanhHoa
MCQA_0104_4,MCQA,PNT1,replace,7,nào,chi,1,1,False,none,Interrogatives,,
MCQA_0104_4,MCQA,PNT1,replace,8,và,lẫn,1,1,False,none,Connectives/Aspect markers,,
MCQA_0104_4,MCQA,PNT2,replace,0,vào,vô,1,1,False,none,Connectives/Aspect markers,,
MCQA_0104_4,MCQA,PNT2,replace,1,này,ni,1,1,True,dialect_phrase,Demonstratives/Deixis,này,HaTinh_QB_QT; NgheAn
MCQA_0104_4,MCQA,PNT2,replace,2,đã,đạ,1,1,True,dialect_phrase,Connectives/Aspect markers,đã,HaTinh_QB_QT
MCQA_0104_4,MCQA,PNT2,replace,3,nào,mô,1,1,True,dialect_phrase,Interrogatives; Negation/Function words,đâu (phủ định); đâu / nào,HaTinh_QB_QT; NgheAn
MCQA_0104_4,MCQA,PNT2,replace,4,không,nỏ,1,1,True,dialect_phrase,Negation/Function words,không,HaTinh_QB_QT; NgheAn
MCQA_0104_4,MCQA,PNT2,replace,5,nào,mô,1,1,True,dialect_phrase,Interrogatives; Negation/Function words,đâu (phủ định); đâu / nào,HaTinh_QB_QT; NgheAn
MCQA_0104_4,MCQA,PNT3,replace,0,vào,vô,1,1,False,none,Connectives/Aspect markers,,
MCQA_0104_4,MCQA,PNT3,replace,1,này,ni,1,1,True,dialect_phrase,Demonstratives/Deixis,này,HaTinh_QB_QT; Hue
MCQA_0104_4,MCQA,PNT3,replace,2,đợi,chờ,1,1,False,none,Predicate vocabulary,,
MCQA_0104_4,MCQA,PNT3,replace,3,sử dụng,dùng,2,1,False,none,Predicate vocabulary,,
MCQA_0104_4,MCQA,PNT3,replace,4,nào,mô,1,1,True,dialect_phrase,Interrogatives; Negation/Function words,đâu (phủ định); đâu / nào,HaTinh_QB_QT; Hue
MCQA_0104_4,MCQA,PNT3,replace,5,nào,mô,1,1,True,dialect_phrase,Interrogatives; Negation/Function words,đâu (phủ định); đâu / nào,HaTinh_QB_QT; Hue
MCQA_0104_4,MCQA,PNT4,replace,0,nào,mô,1,1,True,dialect_phrase,Interrogatives,đâu / nào,QuangNam
MCQA_0104_4,MCQA,PNT4,replace,1,nào,mô,1,1,True,dialect_phrase,Interrogatives,đâu / nào,QuangNam
MCQA_0106_3,MCQA,PNT1,insert,0,,theo,0,1,False,none,Unknown,,
MCQA_0106_3,MCQA,PNT1,replace,1,gì,chi,1,1,False,none,Interrogatives,,
MCQA_0106_3,MCQA,PNT2,replace,0,gì,chi,1,1,True,dialect_phrase,Interrogatives,gì,HaTinh_QB_QT; NgheAn
MCQA_0106_3,MCQA,PNT3,replace,0,gì,chi,1,1,True,dialect_phrase,Interrogatives,gì; sao / thế nào,HaTinh_QB_QT; Hue
MCQA_0106_3,MCQA,PNT4,replace,0,gì,chi,1,1,True,dialect_phrase,Interrogatives,gì,QuangNam
MCQA_0114_1,MCQA,PNB,replace,0,như thế nào,gì,3,1,True,dialect_phrase,Interrogatives,gì,BacBo
MCQA_0114_1,MCQA,PNN,replace,0,định,tính,1,1,False,none,Predicate vocabulary,,
MCQA_0114_1,MCQA,PNN,delete,1,thế,,1,0,True,standard_word,Demonstratives/Deixis,vậy,NamBo
MCQA_0114_1,MCQA,PNN,replace,2,định,tính,1,1,False,none,Predicate vocabulary,,
MCQA_0114_1,MCQA,PNN,replace,3,xem,coi,1,1,False,none,Predicate vocabulary,,
MCQA_0114_1,MCQA,PNN,replace,4,định,tính,1,1,False,none,Predicate vocabulary,,
MCQA_0114_1,MCQA,PNN,replace,5,định đánh,tính ăn,2,2,False,none,Multi-word idiom,,
MCQA_0114_1,MCQA,PNN,replace,6,định,tính,1,1,False,none,Predicate vocabulary,,
MCQA_0114_1,MCQA,PNT1,replace,0,làm như thế nào,mằn răng,4,2,False,none,Multi-word idiom,,
MCQA_0114_1,MCQA,PNT1,replace,1,xem,coi,1,1,False,none,Predicate vocabulary,,
MCQA_0114_1,MCQA,PNT1,replace,2,lên,vô,1,1,False,none,Predicate vocabulary,,
MCQA_0114_1,MCQA,PNT1,replace,3,đánh cắp,lấy trộm,2,2,False,none,Predicate vocabulary,,
MCQA_0114_1,MCQA,PNT2,replace,0,đã,đạ,1,1,True,dialect_phrase,Connectives/Aspect markers,đã,HaTinh_QB_QT
MCQA_0114_1,MCQA,PNT2,replace,1,như thế nào,chi,3,1,True,dialect_phrase,Interrogatives,gì,HaTinh_QB_QT; NgheAn
MCQA_0114_1,MCQA,PNT3,replace,0,như thế nào,chi,3,1,True,dialect_phrase,Interrogatives,gì; sao / thế nào,HaTinh_QB_QT; Hue
MCQA_0114_1,MCQA,PNT3,replace,1,xem,coi,1,1,True,dialect_phrase,Predicate vocabulary,xem,HaTinh_QB_QT
MCQA_0114_1,MCQA,PNT4,replace,0,như thế nào,ren,3,1,True,dialect_phrase,Interrogatives,sao / thế nào,QuangNam
MCQA_0114_1,MCQA,PNT4,replace,1,xem,coi,1,1,True,dialect_phrase,Predicate vocabulary,thấy,PhuYen; QuangNgai
MCQA_0114_1,MCQA,PNT4,replace,2,đánh,ăn,1,1,False,none,Predicate vocabulary,,
MCQA_0114_6,MCQA,PNN,replace,0,vì,tại,1,1,False,none,Connectives/Aspect markers,,
MCQA_0114_6,MCQA,PNN,replace,1,đáng,để,1,1,False,none,Predicate vocabulary,,
MCQA_0114_6,MCQA,PNN,replace,2,vì,tại,1,1,False,none,Connectives/Aspect markers,,
MCQA_0114_6,MCQA,PNN,delete,3,rất,,1,0,True,standard_word,Predicate vocabulary,dữ,NamBo
MCQA_0114_6,MCQA,PNN,insert,4,,lắm,0,1,False,none,Unknown,,
MCQA_0114_6,MCQA,PNN,replace,5,vì,tại,1,1,False,none,Connectives/Aspect markers,,
MCQA_0114_6,MCQA,PNN,replace,6,vì,tại,1,1,False,none,Connectives/Aspect markers,,
MCQA_0114_6,MCQA,PNN,delete,7,rất,,1,0,True,standard_word,Predicate vocabulary,dữ,NamBo
MCQA_0114_6,MCQA,PNN,insert,8,,lắm,0,1,False,none,Unknown,,
MCQA_0114_6,MCQA,PNT1,replace,0,sao,răng,1,1,False,none,Interrogatives,,
MCQA_0114_6,MCQA,PNT1,replace,1,xem,coi,1,1,False,none,Predicate vocabulary,,
MCQA_0114_6,MCQA,PNT1,replace,2,đó,nớ,1,1,True,standard_word,Demonstratives/Deixis,nứ,ThanhHoa
MCQA_0114_6,MCQA,PNT1,replace,3,gì,chi,1,1,False,none,Interrogatives,,
MCQA_0114_6,MCQA,PNT1,replace,4,xem,coi,1,1,False,none,Predicate vocabulary,,
MCQA_0114_6,MCQA,PNT1,replace,5,xem,coi,1,1,False,none,Predicate vocabulary,,
MCQA_0114_6,MCQA,PNT1,insert,6,,của người ta,0,3,False,none,Unknown,,
MCQA_0114_6,MCQA,PNT1,delete,7,rất,,1,0,False,none,Unknown,,
MCQA_0114_6,MCQA,PNT1,insert,8,,lắm,0,1,False,none,Unknown,,
MCQA_0114_6,MCQA,PNT1,replace,9,đó,nớ,1,1,True,standard_word,Demonstratives/Deixis,nứ,ThanhHoa
MCQA_0114_6,MCQA,PNT1,replace,10,đó,nớ,1,1,True,standard_word,Demonstratives/Deixis,nứ,ThanhHoa
MCQA_0114_6,MCQA,PNT1,delete,11,rất,,1,0,False,none,Unknown,,
MCQA_0114_6,MCQA,PNT1,insert,12,,quá,0,1,False,none,Unknown,,
MCQA_0114_6,MCQA,PNT2,replace,0,sao,răng,1,1,True,dialect_phrase,Interrogatives,sao / thế nào,HaTinh_QB_QT; NgheAn
MCQA_0114_6,MCQA,PNT2,replace,1,không,nỏ,1,1,True,dialect_phrase,Negation/Function words,không,HaTinh_QB_QT; NgheAn
MCQA_0114_6,MCQA,PNT2,replace,2,đó chẳng,nớ nỏ,2,2,False,none,Multi-word idiom,,
MCQA_0114_6,MCQA,PNT2,replace,3,gì,chi,1,1,True,dialect_phrase,Interrogatives,gì,HaTinh_QB_QT; NgheAn
MCQA_0114_6,MCQA,PNT2,replace,4,đó,nớ,1,1,True,dialect_phrase,Demonstratives/Deixis,ấy / đó,HaTinh_QB_QT; NgheAn
MCQA_0114_6,MCQA,PNT2,replace,5,đó,nớ,1,1,True,dialect_phrase,Demonstratives/Deixis,ấy / đó,HaTinh_QB_QT; NgheAn
MCQA_0114_6,MCQA,PNT3,replace,0,sao,răng,1,1,True,dialect_phrase,Interrogatives,sao / thế nào,HaTinh_QB_QT; Hue
MCQA_0114_6,MCQA,PNT3,replace,1,xem,coi,1,1,True,dialect_phrase,Predicate vocabulary,xem,HaTinh_QB_QT
MCQA_0114_6,MCQA,PNT3,replace,2,đó chẳng,nớ nỏ,2,2,False,none,Multi-word idiom,,
MCQA_0114_6,MCQA,PNT3,replace,3,gì,chi,1,1,True,dialect_phrase,Interrogatives,gì; sao / thế nào,HaTinh_QB_QT; Hue
MCQA_0114_6,MCQA,PNT3,replace,4,xem,coi,1,1,True,dialect_phrase,Predicate vocabulary,xem,HaTinh_QB_QT
MCQA_0114_6,MCQA,PNT3,replace,5,xem,coi,1,1,True,dialect_phrase,Predicate vocabulary,xem,HaTinh_QB_QT
MCQA_0114_6,MCQA,PNT3,replace,6,đó,nớ,1,1,True,dialect_phrase,Demonstratives/Deixis,kia; ấy / đó,HaTinh_QB_QT; Hue
MCQA_0114_6,MCQA,PNT3,replace,7,đó nhìn,nớ nhòm,2,2,False,none,Multi-word idiom,,
MCQA_0114_6,MCQA,PNT4,replace,0,sao,ren,1,1,True,dialect_phrase,Interrogatives,sao / thế nào,QuangNam
MCQA_0114_6,MCQA,PNT4,replace,1,bạn,nó,1,1,True,dialect_phrase,Pronouns,nó,PhuYen; QuangNgai
MCQA_0114_6,MCQA,PNT4,replace,2,chẳng,không,1,1,True,dialect_phrase,Negation/Function words,không,QuangNam
MCQA_0114_6,MCQA,PNT4,replace,3,gì,chi,1,1,True,dialect_phrase,Interrogatives,gì,QuangNam
MCQA_0114_6,MCQA,PNT4,replace,4,xem,coi,1,1,True,dialect_phrase,Predicate vocabulary,thấy,PhuYen; QuangNgai
MCQA_0114_6,MCQA,PNT4,replace,5,đó,nớ,1,1,True,dialect_phrase,Demonstratives/Deixis,ấy / đó,QuangNam
MCQA_0114_6,MCQA,PNT4,replace,6,nhìn,ngó,1,1,False,none,Predicate vocabulary,,
MCQA_0116_5,MCQA,PNB,replace,0,người,vị,1,1,False,none,Predicate vocabulary,,
MCQA_0116_5,MCQA,PNB,replace,1,họ,ông ấy,1,2,True,dialect_phrase,Pronouns,ông ấy,BacBo
MCQA_0116_5,MCQA,PNN,replace,0,những,mấy,1,1,False,none,Negation/Function words,,
MCQA_0116_5,MCQA,PNN,replace,1,chân,thiệt,1,1,True,dialect_phrase,Connectives/Aspect markers,thật,NamBo
MCQA_0116_5,MCQA,PNN,replace,2,như thế nào,ra sao,3,2,False,none,Interrogatives,,
MCQA_0116_5,MCQA,PNN,delete,3,thêm,,1,0,False,none,Unknown,,
MCQA_0116_5,MCQA,PNN,delete,4,thêm,,1,0,False,none,Unknown,,
MCQA_0116_5,MCQA,PNN,delete,5,thêm,,1,0,False,none,Unknown,,
MCQA_0116_5,MCQA,PNN,replace,6,và,với,1,1,False,none,Connectives/Aspect markers,,
MCQA_0116_5,MCQA,PNN,replace,7,mãi không,hoài hông,2,2,False,none,Multi-word idiom,,
MCQA_0116_5,MCQA,PNN,replace,8,thêm khó chịu và,bực mình với,4,3,False,none,Multi-word idiom,,
MCQA_0116_5,MCQA,PNT1,replace,0,chân tình,chăn tềnh,2,2,False,none,Orthographic variant,,
MCQA_0116_5,MCQA,PNT1,replace,1,viên,vin,1,1,False,none,Orthographic variant,,
MCQA_0116_5,MCQA,PNT1,replace,2,khiến,khín,1,1,False,none,Orthographic variant,,
MCQA_0116_5,MCQA,PNT1,replace,3,như thế nào,răng,3,1,False,none,Interrogatives,,
MCQA_0116_5,MCQA,PNT2,replace,0,khiến,mần,1,1,True,dialect_phrase,Predicate vocabulary,làm,HaTinh_QB_QT
MCQA_0116_5,MCQA,PNT2,replace,1,như thế nào,ơ răng,3,2,False,none,Interrogatives,,
MCQA_0116_5,MCQA,PNT2,replace,2,không,nỏ,1,1,True,dialect_phrase,Negation/Function words,không,HaTinh_QB_QT; NgheAn
MCQA_0116_5,MCQA,PNT3,replace,0,những,mấy,1,1,False,none,Negation/Function words,,
MCQA_0116_5,MCQA,PNT3,replace,1,chân,thiệt,1,1,True,dialect_phrase,Connectives/Aspect markers,thật,HaTinh_QB_QT
MCQA_0116_5,MCQA,PNT3,replace,2,khiến,làm,1,1,True,dialect_phrase,Predicate vocabulary,làm,Hue
MCQA_0116_5,MCQA,PNT3,delete,3,cảm,,1,0,False,none,Unknown,,
MCQA_0116_5,MCQA,PNT3,replace,4,thế nào,răng,2,1,True,dialect_phrase,Interrogatives,sao / thế nào,HaTinh_QB_QT; Hue
MCQA_0116_5,MCQA,PNT3,replace,5,nước,nác,1,1,False,none,Orthographic variant,,
MCQA_0116_5,MCQA,PNT4,replace,0,như thế nào,răng,3,1,False,none,Interrogatives,,
MCQA_0116_6,MCQA,PNN,replace,0,chúng ta,tụi mình,2,2,False,none,Pronouns,,
MCQA_0116_6,MCQA,PNN,replace,1,như thế nào,sao,3,1,True,dialect_phrase,Interrogatives,sao / thế nào,NamBo
MCQA_0116_6,MCQA,PNN,replace,2,các,mấy,1,1,False,none,Negation/Function words,,
MCQA_0116_6,MCQA,PNT1,replace,0,này,ni,1,1,True,dialect_phrase,Demonstratives/Deixis,này,ThanhHoa
MCQA_0116_6,MCQA,PNT2,replace,0,này chúng,ni,2,1,True,dialect_phrase,Demonstratives/Deixis,này,HaTinh_QB_QT; NgheAn
MCQA_0116_6,MCQA,PNT2,replace,1,như thế nào,a răng,3,2,False,none,Interrogatives,,
MCQA_0116_6,MCQA,PNT3,replace,0,này,ni,1,1,True,dialect_phrase,Demonstratives/Deixis,này,HaTinh_QB_QT; Hue
MCQA_0116_6,MCQA,PNT3,replace,1,thế nào,răng,2,1,True,dialect_phrase,Interrogatives,sao / thế nào,HaTinh_QB_QT; Hue
MCQA_0116_6,MCQA,PNT3,replace,2,các,mấy,1,1,False,none,Negation/Function words,,
MCQA_0116_6,MCQA,PNT4,replace,0,này,ni,1,1,True,dialect_phrase,Demonstratives/Deixis,này,QuangNam
MCQA_0116_6,MCQA,PNT4,replace,1,thế nào,răng,2,1,True,standard_word,Interrogatives,ren; sao; sô,PhuYen; QuangNam; QuangNgai
MCQA_0120_3,MCQA,PNB,replace,0,để,được,1,1,False,none,Negation/Function words,,
MCQA_0120_3,MCQA,PNN,replace,0,cậu trèo,nó leo,2,2,False,none,Pronouns,,
MCQA_0120_3,MCQA,PNN,replace,1,cậu,nó,1,1,True,dialect_phrase,Pronouns,nó,NamBo
MCQA_0120_3,MCQA,PNN,replace,2,cậu,nó,1,1,True,dialect_phrase,Pronouns,nó,NamBo
MCQA_0120_3,MCQA,PNN,replace,3,trèo,leo,1,1,False,none,Predicate vocabulary,,
MCQA_0120_3,MCQA,PNN,replace,4,cậu cởi,nó lột,2,2,False,none,Pronouns,,
MCQA_0120_3,MCQA,PNN,replace,5,quần áo,đồ,2,1,False,none,Predicate vocabulary,,
MCQA_0120_3,MCQA,PNT1,replace,0,gì,cấy chi,1,2,False,none,Interrogatives,,
MCQA_0120_3,MCQA,PNT2,replace,0,đã làm gì,đạ mần chi,3,3,False,none,Multi-word idiom,,
MCQA_0120_3,MCQA,PNT3,replace,0,cậu,thằng,1,1,False,none,Pronouns,,
MCQA_0120_3,MCQA,PNT3,replace,1,làm gì,mần chi,2,2,True,dialect_phrase,Interrogatives,làm gì,HaTinh_QB_QT; Hue
MCQA_0120_3,MCQA,PNT3,replace,2,cậu,hắn,1,1,True,dialect_phrase,Pronouns,nó,HaTinh_QB_QT; Hue
MCQA_0120_3,MCQA,PNT3,replace,3,cậu,hắn,1,1,True,dialect_phrase,Pronouns,nó,HaTinh_QB_QT; Hue
MCQA_0120_3,MCQA,PNT3,replace,4,cậu,hắn,1,1,True,dialect_phrase,Pronouns,nó,HaTinh_QB_QT; Hue
MCQA_0120_3,MCQA,PNT3,replace,5,cậu,hắn,1,1,True,dialect_phrase,Pronouns,nó,HaTinh_QB_QT; Hue
MCQA_0120_3,MCQA,PNT4,replace,0,cậu,thằng,1,1,False,none,Pronouns,,
MCQA_0120_3,MCQA,PNT4,replace,1,gì,chi,1,1,True,dialect_phrase,Interrogatives,gì,QuangNam
MCQA_0120_3,MCQA,PNT4,replace,2,cậu,hắn,1,1,False,none,Pronouns,,
MCQA_0120_3,MCQA,PNT4,replace,3,cậu,hắn,1,1,False,none,Pronouns,,
MCQA_0120_3,MCQA,PNT4,replace,4,cậu,hắn,1,1,False,none,Pronouns,,
MCQA_0120_3,MCQA,PNT4,replace,5,cậu,hắn,1,1,False,none,Pronouns,,
MCQA_0120_7,MCQA,PNT1,replace,0,cho,chua,1,1,False,none,Predicate vocabulary,,
MCQA_0120_7,MCQA,PNT1,replace,1,bé,bíe,1,1,False,none,Orthographic variant,,
MCQA_0120_7,MCQA,PNT2,replace,0,thế nào,răng,2,1,True,dialect_phrase,Interrogatives,sao / thế nào,HaTinh_QB_QT; NgheAn
MCQA_0120_7,MCQA,PNT3,replace,0,cậu,thằng,1,1,False,none,Pronouns,,
MCQA_0120_7,MCQA,PNT3,replace,1,thế nào,răng,2,1,True,dialect_phrase,Interrogatives,sao / thế nào,HaTinh_QB_QT; Hue
MCQA_0120_7,MCQA,PNT4,replace,0,thế nào,răn,2,1,True,standard_word,Interrogatives,ren; sao; sô,PhuYen; QuangNam; QuangNgai
MCQA_0120_7,MCQA,PNT4,delete,1,nhút,,1,0,False,none,Unknown,,
MCQA_0120_7,MCQA,PNT4,insert,2,,gan,0,1,False,none,Unknown,,
MCQA_0123_0,MCQA,PNB,replace,0,như thế nào,gì,3,1,True,dialect_phrase,Interrogatives,gì,BacBo
MCQA_0123_0,MCQA,PNN,replace,0,và,với,1,1,False,none,Connectives/Aspect markers,,
MCQA_0123_0,MCQA,PNN,replace,1,như thế nào,sao,3,1,True,dialect_phrase,Interrogatives,sao / thế nào,NamBo
MCQA_0123_0,MCQA,PNN,insert,2,,tại,0,1,False,none,Unknown,,
MCQA_0123_0,MCQA,PNN,replace,3,đã không,hông,2,1,True,dialect_phrase,Negation/Function words,không,NamBo
MCQA_0123_0,MCQA,PNN,replace,4,vào,vô,1,1,False,none,Connectives/Aspect markers,,
MCQA_0123_0,MCQA,PNN,replace,5,và,với,1,1,False,none,Connectives/Aspect markers,,
MCQA_0123_0,MCQA,PNT1,replace,0,làm,mần,1,1,True,dialect_phrase,Predicate vocabulary,làm,ThanhHoa
MCQA_0123_0,MCQA,PNT2,replace,0,nhau,chắc,1,1,False,none,Noise/Non-linguistic,,
MCQA_0123_0,MCQA,PNT2,replace,1,đã làm như thế nào,đạ mần a răng,5,4,False,none,Multi-word idiom,,
MCQA_0123_0,MCQA,PNT2,replace,2,nhau,chắc,1,1,False,none,Noise/Non-linguistic,,
MCQA_0123_0,MCQA,PNT2,replace,3,đã không,đạ nỏ,2,2,False,none,Multi-word idiom,,
MCQA_0123_0,MCQA,PNT2,replace,4,vào,vô,1,1,False,none,Connectives/Aspect markers,,
MCQA_0123_0,MCQA,PNT2,replace,5,giữa,trửa,1,1,False,none,Orthographic variant,,
MCQA_0123_0,MCQA,PNT3,replace,0,thế nào,răng,2,1,True,dialect_phrase,Interrogatives,sao / thế nào,HaTinh_QB_QT; Hue
MCQA_0123_0,MCQA,PNT3,replace,1,vào,vô,1,1,False,none,Connectives/Aspect markers,,
MCQA_0123_0,MCQA,PNT3,replace,2,giữa,trữa,1,1,False,none,Orthographic variant,,
MCQA_0123_0,MCQA,PNT4,replace,0,như thế nào,ren,3,1,True,dialect_phrase,Interrogatives,sao / thế nào,QuangNam
MCQA_0123_0,MCQA,PNT4,replace,1,vào,vô,1,1,False,none,Connectives/Aspect markers,,
MCQA_0123_0,MCQA,PNT4,replace,2,nhìn,ngó,1,1,False,none,Predicate vocabulary,,
MCQA_0123_6,MCQA,PNN,replace,0,không,hông,1,1,True,dialect_phrase,Negation/Function words,không,NamBo
MCQA_0123_6,MCQA,PNN,replace,1,các,mấy,1,1,False,none,Negation/Function words,,
MCQA_0123_6,MCQA,PNN,replace,2,đến,tới,1,1,False,none,Predicate vocabulary,,
MCQA_0123_6,MCQA,PNN,replace,3,không về,hông dìa,2,2,False,none,Multi-word idiom,,
MCQA_0123_6,MCQA,PNT1,replace,0,không,nỏ,1,1,False,none,Negation/Function words,,
MCQA_0123_6,MCQA,PNT1,replace,1,và,ví,1,1,False,none,Connectives/Aspect markers,,
MCQA_0123_6,MCQA,PNT2,replace,0,nào không,mô nỏ,2,2,False,none,Multi-word idiom,,
MCQA_0123_6,MCQA,PNT2,replace,1,không,nỏ,1,1,True,dialect_phrase,Negation/Function words,không,HaTinh_QB_QT; NgheAn
MCQA_0123_6,MCQA,PNT3,replace,0,các,mấy,1,1,False,none,Negation/Function words,,
MCQA_0123_6,MCQA,PNT4,replace,0,nào,mô,1,1,True,dialect_phrase,Interrogatives,đâu / nào,QuangNam
MCQA_0123_6,MCQA,PNT4,replace,1,đến,tới,1,1,False,none,Predicate vocabulary,,
MCQA_0123_6,MCQA,PNT4,replace,2,rời,bỏ,1,1,False,none,Predicate vocabulary,,
MCQA_0123_6,MCQA,PNT4,replace,3,rớm,chớm,1,1,False,none,Predicate vocabulary,,
MCQA_0126_2,MCQA,PNN,replace,0,hạt,hột,1,1,False,none,Orthographic variant,,
MCQA_0126_2,MCQA,PNN,replace,1,như thế nào,ra sao,3,2,False,none,Interrogatives,,
MCQA_0126_2,MCQA,PNN,replace,2,hạt,hột,1,1,False,none,Orthographic variant,,
MCQA_0126_2,MCQA,PNN,replace,3,nảy,mọc,1,1,False,none,Predicate vocabulary,,
MCQA_0126_2,MCQA,PNN,replace,4,những,mấy,1,1,False,none,Negation/Function words,,
MCQA_0126_2,MCQA,PNN,replace,5,hạt,hột,1,1,False,none,Orthographic variant,,
MCQA_0126_2,MCQA,PNN,replace,6,những chiếc,mấy cái,2,2,False,none,Negation/Function words,,
MCQA_0126_2,MCQA,PNN,replace,7,hạt,hột,1,1,False,none,Orthographic variant,,
MCQA_0126_2,MCQA,PNN,replace,8,hạt,hột,1,1,False,none,Orthographic variant,,
MCQA_0126_2,MCQA,PNN,replace,9,đến thối,tới thúi,2,2,False,none,Multi-word idiom,,
MCQA_0126_2,MCQA,PNT1,replace,0,với,ví,1,1,False,none,Orthographic variant,,
MCQA_0126_2,MCQA,PNT2,replace,0,như thế nào,a răng,3,2,False,none,Interrogatives,,
MCQA_0126_2,MCQA,PNT3,replace,0,thế nào,răng,2,1,True,dialect_phrase,Interrogatives,sao / thế nào,HaTinh_QB_QT; Hue
MCQA_0126_2,MCQA,PNT3,replace,1,những,mấy,1,1,False,none,Negation/Function words,,
MCQA_0126_2,MCQA,PNT3,replace,2,những,mấy,1,1,False,none,Negation/Function words,,
MCQA_0126_2,MCQA,PNT3,replace,3,đến,tới,1,1,False,none,Predicate vocabulary,,
MCQA_0127_0,MCQA,PNN,replace,0,hoa quả,trái cây,2,2,False,none,Predicate vocabulary,,
MCQA_0127_0,MCQA,PNT2,replace,0,gì,chi,1,1,True,dialect_phrase,Interrogatives,gì,HaTinh_QB_QT; NgheAn
MCQA_0127_0,MCQA,PNT3,replace,0,làm gì,mần chi,2,2,True,dialect_phrase,Interrogatives,làm gì,HaTinh_QB_QT; Hue
MCQA_0127_0,MCQA,PNT3,replace,1,và,với,1,1,False,none,Connectives/Aspect markers,,
MCQA_0127_0,MCQA,PNT3,replace,2,và,với,1,1,False,none,Connectives/Aspect markers,,
MCQA_0127_0,MCQA,PNT4,replace,0,gì,chi,1,1,True,dialect_phrase,Interrogatives,gì,QuangNam
MCQA_0127_3,MCQA,PNN,replace,0,không,hông,1,1,True,dialect_phrase,Negation/Function words,không,NamBo
MCQA_0127_3,MCQA,PNN,replace,1,điều may mắn,chuyện hên,3,2,False,none,Predicate vocabulary,,
MCQA_0127_3,MCQA,PNN,replace,2,điều khiển,lái,2,1,False,none,Predicate vocabulary,,
MCQA_0127_3,MCQA,PNN,replace,3,tìm,kiếm,1,1,False,none,Predicate vocabulary,,
MCQA_0127_3,MCQA,PNN,replace,4,gọi thật,kêu thiệt,2,2,False,none,Multi-word idiom,,
MCQA_0127_3,MCQA,PNN,replace,5,đến,tới,1,1,False,none,Predicate vocabulary,,
MCQA_0127_3,MCQA,PNT1,replace,0,sự,lúc,1,1,False,none,Predicate vocabulary,,
MCQA_0127_3,MCQA,PNT1,replace,1,làm gì,mần chi,2,2,True,dialect_phrase,Interrogatives,làm gì,ThanhHoa
MCQA_0127_3,MCQA,PNT1,replace,2,lao,phóng,1,1,False,none,Predicate vocabulary,,
MCQA_0127_3,MCQA,PNT1,replace,3,ghi đông,tay xe,2,2,False,none,Predicate vocabulary,,
MCQA_0127_3,MCQA,PNT1,replace,4,gọi,hú,1,1,False,none,Predicate vocabulary,,
MCQA_0127_3,MCQA,PNT2,replace,0,đã làm gì,đạ mần chi,3,3,False,none,Multi-word idiom,,
MCQA_0127_3,MCQA,PNT2,replace,1,không,nỏ,1,1,True,dialect_phrase,Negation/Function words,không,HaTinh_QB_QT; NgheAn
MCQA_0127_3,MCQA,PNT2,delete,2,tới,,1,0,False,none,Unknown,,
MCQA_0127_3,MCQA,PNT2,replace,3,gọi thật,hú thiệt,2,2,False,none,Multi-word idiom,,
MCQA_0127_3,MCQA,PNT3,replace,0,gì,chi,1,1,True,dialect_phrase,Interrogatives,gì; sao / thế nào,HaTinh_QB_QT; Hue
MCQA_0127_3,MCQA,PNT3,replace,1,nghĩ tới,nhờ tời,2,2,False,none,Predicate vocabulary,,
MCQA_0127_3,MCQA,PNT3,replace,2,gọi thật,hú đại,2,2,False,none,Predicate vocabulary,,
MCQA_0127_3,MCQA,PNT3,replace,3,đường đến,đàng tới,2,2,False,none,Multi-word idiom,,
MCQA_0127_3,MCQA,PNT4,replace,0,gì,chi,1,1,True,dialect_phrase,Interrogatives,gì,QuangNam
MCQA_0127_3,MCQA,PNT4,replace,1,ghi đông,tay lái,2,2,False,none,Predicate vocabulary,,
MCQA_0127_3,MCQA,PNT4,replace,2,gọi,kêu,1,1,True,dialect_phrase,Predicate vocabulary,gọi,PhuYen; QuangNgai
MCQA_0128_1,MCQA,PNN,replace,0,những,các,1,1,False,none,Negation/Function words,,
MCQA_0128_1,MCQA,PNN,replace,1,bố mẹ,ba má,2,2,False,none,Kinship/Honorific terms,,
MCQA_0128_1,MCQA,PNN,replace,2,không,hông,1,1,True,dialect_phrase,Negation/Function words,không,NamBo
MCQA_0128_1,MCQA,PNN,replace,3,rơi,rớt,1,1,False,none,Predicate vocabulary,,
MCQA_0128_1,MCQA,PNN,replace,4,không,hông,1,1,True,dialect_phrase,Negation/Function words,không,NamBo
MCQA_0128_1,MCQA,PNN,replace,5,rơi,rớt,1,1,False,none,Predicate vocabulary,,
MCQA_0128_1,MCQA,PNT1,replace,0,nào,mô,1,1,True,dialect_phrase,Negation/Function words,đâu (phủ định),ThanhHoa
MCQA_0128_1,MCQA,PNT1,replace,1,không,nỏ,1,1,False,none,Negation/Function words,,
MCQA_0128_1,MCQA,PNT1,replace,2,và,ví,1,1,False,none,Connectives/Aspect markers,,
MCQA_0128_1,MCQA,PNT1,replace,3,không,nỏ,1,1,False,none,Negation/Function words,,
MCQA_0128_1,MCQA,PNT1,replace,4,và,ví,1,1,False,none,Connectives/Aspect markers,,
MCQA_0128_1,MCQA,PNT2,replace,0,nào,mô,1,1,True,dialect_phrase,Interrogatives; Negation/Function words,đâu (phủ định); đâu / nào,HaTinh_QB_QT; NgheAn
MCQA_0128_1,MCQA,PNT3,replace,0,nào,mô,1,1,True,dialect_phrase,Interrogatives; Negation/Function words,đâu (phủ định); đâu / nào,HaTinh_QB_QT; Hue
MCQA_0128_1,MCQA,PNT3,replace,1,nhìn,nhòm,1,1,True,dialect_phrase,Predicate vocabulary,nhìn,HaTinh_QB_QT
MCQA_0128_1,MCQA,PNT3,replace,2,bố,cha,1,1,True,standard_word,Kinship/Honorific terms,bọ; ôn,HaTinh_QB_QT; Hue
MCQA_0128_1,MCQA,PNT4,replace,0,nào,mô,1,1,True,dialect_phrase,Interrogatives,đâu / nào,QuangNam
MCQA_0128_1,MCQA,PNT4,replace,1,bố,ba,1,1,True,dialect_phrase,Kinship/Honorific terms,bố,QuangNam; QuangNgai
MCQA_0128_2,MCQA,PNB,delete,0,bố,,1,0,True,standard_word,Kinship/Honorific terms,bố,BacBo
MCQA_0128_2,MCQA,PNB,replace,1,rất,thật,1,1,True,standard_word,Predicate vocabulary,rất,BacBo
MCQA_0128_2,MCQA,PNN,replace,0,bố,ba,1,1,False,none,Kinship/Honorific terms,,
MCQA_0128_2,MCQA,PNN,replace,1,và bảo,rồi kêu,2,2,False,none,Multi-word idiom,,
MCQA_0128_2,MCQA,PNN,replace,2,ngừa,hờ,1,1,False,none,Predicate vocabulary,,
MCQA_0128_2,MCQA,PNN,delete,3,rất,,1,0,True,standard_word,Predicate vocabulary,dữ,NamBo
MCQA_0128_2,MCQA,PNN,insert,4,,lắm,0,1,False,none,Unknown,,
MCQA_0128_2,MCQA,PNT1,replace,0,gì,cấy chi,1,2,False,none,Interrogatives,,
MCQA_0128_2,MCQA,PNT2,replace,0,làm gì,mần chi,2,2,True,dialect_phrase,Interrogatives,làm gì,HaTinh_QB_QT; NgheAn
MCQA_0128_2,MCQA,PNT3,replace,0,làm gì,mần chi,2,2,True,dialect_phrase,Interrogatives,làm gì,HaTinh_QB_QT; Hue
MCQA_0128_2,MCQA,PNT3,replace,1,bảo,nói,1,1,False,none,Predicate vocabulary,,
MCQA_0128_2,MCQA,PNT4,replace,0,gì,chi,1,1,True,dialect_phrase,Interrogatives,gì,QuangNam
MCQA_0128_2,MCQA,PNT4,replace,1,bảo,kêu,1,1,True,dialect_phrase,Predicate vocabulary,gọi,PhuYen; QuangNgai
MCQA_0137_1,MCQA,PNN,replace,0,bố,ba,1,1,False,none,Kinship/Honorific terms,,
MCQA_0137_1,MCQA,PNN,replace,1,nẻo,con,1,1,False,none,Predicate vocabulary,,
MCQA_0137_1,MCQA,PNN,replace,2,trẻ em,con nít,2,2,False,none,Predicate vocabulary,,
MCQA_0137_1,MCQA,PNT1,replace,0,điểm,đỉm,1,1,False,none,Orthographic variant,,
MCQA_0137_1,MCQA,PNT1,insert,1,,cuôn,0,1,False,none,Unknown,,
MCQA_0137_1,MCQA,PNT1,replace,2,dưới,dứi,1,1,False,none,Orthographic variant,,
MCQA_0137_1,MCQA,PNT1,replace,3,gì,chi,1,1,False,none,Interrogatives,,
MCQA_0137_1,MCQA,PNT1,replace,4,khó,khúa,1,1,False,none,Orthographic variant,,
MCQA_0137_1,MCQA,PNT1,replace,5,có,cúa,1,1,False,none,Orthographic variant,,
MCQA_0137_1,MCQA,PNT1,replace,6,con,cuôn,1,1,False,none,Orthographic variant,,
MCQA_0137_1,MCQA,PNT2,replace,0,gì,chi,1,1,True,dialect_phrase,Interrogatives,gì,HaTinh_QB_QT; NgheAn
MCQA_0137_1,MCQA,PNT3,replace,0,các nẻo đường,mấy lộ,3,2,False,none,Predicate vocabulary,,
MCQA_0137_1,MCQA,PNT3,replace,1,các,mấy,1,1,False,none,Negation/Function words,,
MCQA_0137_1,MCQA,PNT3,replace,2,những,mấy,1,1,False,none,Negation/Function words,,
MCQA_0137_1,MCQA,PNT3,replace,3,các,mấy,1,1,False,none,Negation/Function words,,
MCQA_0137_1,MCQA,PNT3,replace,4,gì,chi,1,1,True,dialect_phrase,Interrogatives,gì; sao / thế nào,HaTinh_QB_QT; Hue
MCQA_0137_1,MCQA,PNT3,replace,5,chỗ,lộ,1,1,False,none,Predicate vocabulary,,
MCQA_0137_1,MCQA,PNT3,replace,6,để,mà,1,1,False,none,Connectives/Aspect markers,,
MCQA_0137_1,MCQA,PNT4,replace,0,bố,ba,1,1,True,dialect_phrase,Kinship/Honorific terms,bố,QuangNam; QuangNgai
MCQA_0137_1,MCQA,PNT4,replace,1,rất nhiều,quá trời,2,2,False,none,Idiomatic expressions,,
MCQA_0137_1,MCQA,PNT4,replace,2,các,mấy,1,1,False,none,Negation/Function words,,
MCQA_0137_1,MCQA,PNT4,replace,3,các,mấy,1,1,False,none,Negation/Function words,,
MCQA_0137_1,MCQA,PNT4,replace,4,những,mấy,1,1,False,none,Negation/Function words,,
MCQA_0137_1,MCQA,PNT4,replace,5,đến,tới,1,1,False,none,Predicate vocabulary,,
MCQA_0137_1,MCQA,PNT4,replace,6,nhằm,để,1,1,False,none,Connectives/Aspect markers,,
MCQA_0137_1,MCQA,PNT4,replace,7,gì,chi,1,1,True,dialect_phrase,Interrogatives,gì,QuangNam
MCQA_0137_3,MCQA,PNN,replace,0,người bố,ba,2,1,False,none,Kinship/Honorific terms,,
MCQA_0137_3,MCQA,PNN,replace,1,những,mấy,1,1,False,none,Negation/Function words,,
MCQA_0137_3,MCQA,PNN,replace,2,để,đặng,1,1,False,none,Connectives/Aspect markers,,
MCQA_0137_3,MCQA,PNN,replace,3,tập,hành,1,1,False,none,Predicate vocabulary,,
MCQA_0137_3,MCQA,PNN,replace,4,tập,hành,1,1,False,none,Predicate vocabulary,,
MCQA_0137_3,MCQA,PNT1,replace,0,điều,việc,1,1,False,none,Predicate vocabulary,,
MCQA_0137_3,MCQA,PNT1,replace,1,khuyên,dặn,1,1,False,none,Predicate vocabulary,,
MCQA_0137_3,MCQA,PNT1,replace,2,thôi thúc,giục,2,1,False,none,Predicate vocabulary,,
MCQA_0137_3,MCQA,PNT2,replace,0,gì,chi,1,1,True,dialect_phrase,Interrogatives,gì,HaTinh_QB_QT; NgheAn
MCQA_0137_3,MCQA,PNT2,replace,1,những,nhửng,1,1,False,none,Orthographic variant,,
MCQA_0137_3,MCQA,PNT3,replace,0,bố,cha,1,1,True,standard_word,Kinship/Honorific terms,bọ; ôn,HaTinh_QB_QT; Hue
MCQA_0137_3,MCQA,PNT3,replace,1,điều gì qua,cấy chi trong,3,3,False,none,Multi-word idiom,,
MCQA_0137_3,MCQA,PNT3,replace,2,khuyên,kêu,1,1,True,dialect_phrase,Predicate vocabulary,gọi,Hue
MCQA_0137_3,MCQA,PNT4,replace,0,gì,chi,1,1,True,dialect_phrase,Interrogatives,gì,QuangNam
MCQA_0138_3,MCQA,PNB,replace,0,mát,lát,1,1,False,none,Noise/Non-linguistic,,
MCQA_0138_3,MCQA,PNN,replace,0,như thế nào,sao,3,1,True,dialect_phrase,Interrogatives,sao / thế nào,NamBo
MCQA_0138_3,MCQA,PNN,replace,1,thế,vậy,1,1,True,dialect_phrase,Demonstratives/Deixis,thế này / vậy; vậy / thế,NamBo
MCQA_0138_3,MCQA,PNN,replace,2,tôi,tui,1,1,True,dialect_phrase,Pronouns,tôi,NamBo
MCQA_0138_3,MCQA,PNN,replace,3,tôi,tui,1,1,True,dialect_phrase,Pronouns,tôi,NamBo
MCQA_0138_3,MCQA,PNN,replace,4,nhé,nhen,1,1,True,dialect_phrase,Discourse particles,nha; nhé,NamBo
MCQA_0138_3,MCQA,PNN,replace,5,tôi không,tui hông,2,2,False,none,Multi-word idiom,,
MCQA_0138_3,MCQA,PNN,replace,6,tôi,tui,1,1,True,dialect_phrase,Pronouns,tôi,NamBo
MCQA_0138_3,MCQA,PNT1,replace,0,cho,chua,1,1,False,none,Predicate vocabulary,,
MCQA_0138_3,MCQA,PNT1,replace,1,cho,chua,1,1,False,none,Predicate vocabulary,,
MCQA_0138_3,MCQA,PNT1,replace,2,đâu,mô,1,1,True,dialect_phrase,Negation/Function words,đâu (phủ định),ThanhHoa
MCQA_0138_3,MCQA,PNT1,replace,3,cho,chua,1,1,False,none,Predicate vocabulary,,
MCQA_0138_3,MCQA,PNT2,replace,0,như thế nào,a răng,3,2,False,none,Interrogatives,,
MCQA_0138_3,MCQA,PNT2,replace,1,thế,rứa,1,1,True,dialect_phrase,Demonstratives/Deixis,vậy / thế,NgheAn
MCQA_0138_3,MCQA,PNT2,replace,2,tôi,tui,1,1,True,dialect_phrase,Pronouns,tôi,HaTinh_QB_QT
MCQA_0138_3,MCQA,PNT2,replace,3,tôi,tui,1,1,True,dialect_phrase,Pronouns,tôi,HaTinh_QB_QT
MCQA_0138_3,MCQA,PNT2,replace,4,nhé,hè,1,1,True,dialect_phrase,Discourse particles,nhỉ,HaTinh_QB_QT
MCQA_0138_3,MCQA,PNT2,replace,5,người nấy,ngài nớ,2,2,False,none,Multi-word idiom,,
MCQA_0138_3,MCQA,PNT2,replace,6,tôi không,tui nỏ,2,2,False,none,Multi-word idiom,,
MCQA_0138_3,MCQA,PNT2,replace,7,đâu,mô,1,1,True,dialect_phrase,Interrogatives; Negation/Function words,đâu (phủ định); đâu / nào,HaTinh_QB_QT; NgheAn
MCQA_0138_3,MCQA,PNT2,replace,8,tôi,tui,1,1,True,dialect_phrase,Pronouns,tôi,HaTinh_QB_QT
MCQA_0138_3,MCQA,PNT3,replace,0,như thế nào,chi,3,1,True,dialect_phrase,Interrogatives,gì; sao / thế nào,HaTinh_QB_QT; Hue
MCQA_0138_3,MCQA,PNT3,replace,1,thế,rứa,1,1,True,standard_word,Demonstratives/Deixis,a rứa; như rứa,HaTinh_QB_QT; Hue
MCQA_0138_3,MCQA,PNT3,replace,2,tôi,em,1,1,True,standard_word,Pronouns,tau; tui,HaTinh_QB_QT; Hue
MCQA_0138_3,MCQA,PNT3,replace,3,tôi,em,1,1,True,standard_word,Pronouns,tau; tui,HaTinh_QB_QT; Hue
MCQA_0138_3,MCQA,PNT3,replace,4,nhé,nghe,1,1,True,dialect_phrase,Discourse particles,nha; nhé,HaTinh_QB_QT; Hue
MCQA_0138_3,MCQA,PNT3,replace,5,tôi,em,1,1,True,standard_word,Pronouns,tau; tui,HaTinh_QB_QT; Hue
MCQA_0138_3,MCQA,PNT3,replace,6,đâu,mô,1,1,True,dialect_phrase,Interrogatives; Negation/Function words,đâu (phủ định); đâu / nào,HaTinh_QB_QT; Hue
MCQA_0138_3,MCQA,PNT3,replace,7,tôi,em,1,1,True,standard_word,Pronouns,tau; tui,HaTinh_QB_QT; Hue
MCQA_0138_3,MCQA,PNT4,replace,0,như thế nào,chi,3,1,True,dialect_phrase,Interrogatives,gì,QuangNam
MCQA_0138_3,MCQA,PNT4,replace,1,thế,rứa,1,1,True,standard_word,Demonstratives/Deixis,như dậy; như rứa; như vậy,PhuYen; QuangNam; QuangNgai
MCQA_0138_3,MCQA,PNT4,replace,2,nhé,nghe,1,1,False,none,Discourse particles,,
MCQA_0138_3,MCQA,PNT4,replace,3,đâu,mô,1,1,True,dialect_phrase,Interrogatives,đâu / nào,QuangNam
MCQA_0138_5,MCQA,PNN,replace,0,điều,chuyện,1,1,False,none,Predicate vocabulary,,
MCQA_0138_5,MCQA,PNN,replace,1,khi,lúc,1,1,False,none,Connectives/Aspect markers,,
MCQA_0138_5,MCQA,PNN,replace,2,mang,chở,1,1,False,none,Predicate vocabulary,,
MCQA_0138_5,MCQA,PNN,replace,3,và không,rồi hông,2,2,False,none,Multi-word idiom,,
MCQA_0138_5,MCQA,PNN,replace,4,trút,quăng,1,1,False,none,Predicate vocabulary,,
MCQA_0138_5,MCQA,PNN,replace,5,và,rồi,1,1,False,none,Connectives/Aspect markers,,
MCQA_0138_5,MCQA,PNN,replace,6,và không,với hông,2,2,False,none,Multi-word idiom,,
MCQA_0138_5,MCQA,PNN,replace,7,ngã,té,1,1,True,dialect_phrase,Predicate vocabulary,ngã,NamBo
MCQA_0138_5,MCQA,PNN,replace,8,và,rồi,1,1,False,none,Connectives/Aspect markers,,
MCQA_0138_5,MCQA,PNN,replace,9,vệ,lề,1,1,False,none,Predicate vocabulary,,
MCQA_0138_5,MCQA,PNT1,replace,0,gì,chi,1,1,False,none,Interrogatives,,
MCQA_0138_5,MCQA,PNT1,replace,1,với,ví,1,1,False,none,Orthographic variant,,
MCQA_0138_5,MCQA,PNT2,replace,0,gì đã,chi đạ,2,2,False,none,Multi-word idiom,,
MCQA_0138_5,MCQA,PNT2,replace,1,không,nỏ,1,1,True,dialect_phrase,Negation/Function words,không,HaTinh_QB_QT; NgheAn
MCQA_0138_5,MCQA,PNT3,replace,0,gì,chi,1,1,True,dialect_phrase,Interrogatives,gì; sao / thế nào,HaTinh_QB_QT; Hue
MCQA_0138_5,MCQA,PNT3,replace,1,và,rồi,1,1,False,none,Connectives/Aspect markers,,
MCQA_0138_5,MCQA,PNT3,replace,2,và,rồi,1,1,False,none,Connectives/Aspect markers,,
MCQA_0138_5,MCQA,PNT3,replace,3,và,nên,1,1,False,none,Connectives/Aspect markers,,
MCQA_0138_5,MCQA,PNT3,replace,4,và,rồi,1,1,False,none,Connectives/Aspect markers,,
MCQA_0138_5,MCQA,PNT4,replace,0,gì,chi,1,1,True,dialect_phrase,Interrogatives,gì,QuangNam
MCQA_0138_5,MCQA,PNT4,replace,1,vẫn,cứ,1,1,False,none,Connectives/Aspect markers,,
MCQA_0138_5,MCQA,PNT4,replace,2,đó,nớ,1,1,True,dialect_phrase,Demonstratives/Deixis,ấy / đó,QuangNam
MCQA_0138_5,MCQA,PNT4,replace,3,vệ,lề,1,1,False,none,Predicate vocabulary,,
MCQA_0140_3,MCQA,PNN,replace,0,ông,ổng,1,1,True,dialect_phrase,Pronouns,ông ấy,NamBo
MCQA_0140_3,MCQA,PNN,replace,1,như thế nào,ra sao,3,2,False,none,Interrogatives,,
MCQA_0140_3,MCQA,PNN,replace,2,ông,ổng,1,1,True,dialect_phrase,Pronouns,ông ấy,NamBo
MCQA_0140_3,MCQA,PNN,replace,3,và rất,với,2,1,False,none,Multi-word idiom,,
MCQA_0140_3,MCQA,PNN,insert,4,,lắm,0,1,False,none,Unknown,,
MCQA_0140_3,MCQA,PNN,replace,5,ông,ổng,1,1,True,dialect_phrase,Pronouns,ông ấy,NamBo
MCQA_0140_3,MCQA,PNN,replace,6,và,với,1,1,False,none,Connectives/Aspect markers,,
MCQA_0140_3,MCQA,PNN,replace,7,ông,ổng,1,1,True,dialect_phrase,Pronouns,ông ấy,NamBo
MCQA_0140_3,MCQA,PNN,delete,8,rất,,1,0,True,standard_word,Predicate vocabulary,dữ,NamBo
MCQA_0140_3,MCQA,PNN,replace,9,và,lắm với,1,2,False,none,Noise/Non-linguistic,,
MCQA_0140_3,MCQA,PNN,replace,10,ông,ổng,1,1,True,dialect_phrase,Pronouns,ông ấy,NamBo
MCQA_0140_3,MCQA,PNN,replace,11,và,với,1,1,False,none,Connectives/Aspect markers,,
MCQA_0140_3,MCQA,PNT1,replace,0,cho,chua,1,1,False,none,Predicate vocabulary,,
MCQA_0140_3,MCQA,PNT2,replace,0,như thế nào,a răng,3,2,False,none,Interrogatives,,
MCQA_0140_3,MCQA,PNT3,replace,0,thế nào,răng,2,1,True,dialect_phrase,Interrogatives,sao / thế nào,HaTinh_QB_QT; Hue
MCQA_0140_3,MCQA,PNT3,replace,1,và,với,1,1,False,none,Connectives/Aspect markers,,
MCQA_0140_3,MCQA,PNT3,replace,2,và,với,1,1,False,none,Connectives/Aspect markers,,
MCQA_0140_3,MCQA,PNT3,replace,3,và,với,1,1,False,none,Connectives/Aspect markers,,
MCQA_0140_3,MCQA,PNT4,replace,0,thế nào,răn,2,1,True,standard_word,Interrogatives,ren; sao; sô,PhuYen; QuangNam; QuangNgai
MCQA_0140_3,MCQA,PNT4,replace,1,ông,ổng,1,1,True,dialect_phrase,Pronouns,ông ấy,PhuYen; QuangNgai
MCQA_0140_3,MCQA,PNT4,delete,2,rất,,1,0,True,standard_word,Predicate vocabulary,"dữ; dữ, quá chừng, ghê",PhuYen; QuangNam; QuangNgai
MCQA_0140_3,MCQA,PNT4,insert,3,,dữ,0,1,True,dialect_phrase,Predicate vocabulary,rất,QuangNam; QuangNgai
MCQA_0140_3,MCQA,PNT4,replace,4,ông,ổng,1,1,True,dialect_phrase,Pronouns,ông ấy,PhuYen; QuangNgai
MCQA_0140_3,MCQA,PNT4,replace,5,ông,ổng,1,1,True,dialect_phrase,Pronouns,ông ấy,PhuYen; QuangNgai
MCQA_0140_3,MCQA,PNT4,replace,6,ông,ổng,1,1,True,dialect_phrase,Pronouns,ông ấy,PhuYen; QuangNgai
MCQA_0141_2,MCQA,PNN,delete,0,tại,,1,0,False,none,Unknown,,
MCQA_0141_2,MCQA,PNN,insert,1,,cái,0,1,True,dialect_phrase,Negation/Function words,cái,NamBo
MCQA_0141_2,MCQA,PNN,replace,2,vì,tại,1,1,False,none,Connectives/Aspect markers,,
MCQA_0141_2,MCQA,PNN,replace,3,vì,tại,1,1,False,none,Connectives/Aspect markers,,
MCQA_0141_2,MCQA,PNN,replace,4,vì,tại,1,1,False,none,Connectives/Aspect markers,,
MCQA_0141_2,MCQA,PNN,replace,5,quả,trái,1,1,False,none,Predicate vocabulary,,
MCQA_0141_2,MCQA,PNN,replace,6,vì,tại cái,1,2,False,none,Connectives/Aspect markers,,
MCQA_0141_2,MCQA,PNN,replace,7,những,mấy cái,1,2,False,none,Negation/Function words,,
MCQA_0141_2,MCQA,PNT2,replace,0,tại sao,vì răng mà,2,3,False,none,Interrogatives,,
MCQA_0141_2,MCQA,PNT2,replace,1,cũng,còn,1,1,False,none,Negation/Function words,,
MCQA_0141_2,MCQA,PNT3,replace,0,sao,răng,1,1,True,dialect_phrase,Interrogatives,sao / thế nào,HaTinh_QB_QT; Hue
MCQA_0141_2,MCQA,PNT3,replace,1,những,mấy,1,1,False,none,Negation/Function words,,
MCQA_0141_2,MCQA,PNT4,replace,0,sao,răng,1,1,True,standard_word,Interrogatives,ren; sao; sô,PhuYen; QuangNam; QuangNgai
MCQA_0141_2,MCQA,PNT4,replace,1,những,mấy,1,1,False,none,Negation/Function words,,
MCQA_0141_3,MCQA,PNN,replace,0,quả,trái,1,1,False,none,Predicate vocabulary,,
MCQA_0141_3,MCQA,PNT2,replace,0,nào,mô,1,1,True,dialect_phrase,Interrogatives; Negation/Function words,đâu (phủ định); đâu / nào,HaTinh_QB_QT; NgheAn
MCQA_0141_3,MCQA,PNT3,replace,0,cái,kì,1,1,True,dialect_phrase,Negation/Function words,cái,HaTinh_QB_QT
MCQA_0141_3,MCQA,PNT3,replace,1,nào,mô,1,1,True,dialect_phrase,Interrogatives; Negation/Function words,đâu (phủ định); đâu / nào,HaTinh_QB_QT; Hue
MCQA_0141_3,MCQA,PNT4,replace,0,nào khác,mô nữa,2,2,False,none,Interrogatives,,
MCQA_0142_1,MCQA,PNN,replace,0,những,mấy,1,1,False,none,Negation/Function words,,
MCQA_0142_1,MCQA,PNN,replace,1,những,mấy,1,1,False,none,Negation/Function words,,
MCQA_0142_1,MCQA,PNN,replace,2,vào,vô,1,1,False,none,Connectives/Aspect markers,,
MCQA_0142_1,MCQA,PNN,replace,3,vào,vô,1,1,False,none,Connectives/Aspect markers,,
MCQA_0142_1,MCQA,PNN,delete,4,nhìn,,1,0,False,none,Unknown,,
MCQA_0142_1,MCQA,PNN,replace,5,những,mấy,1,1,False,none,Negation/Function words,,
MCQA_0142_1,MCQA,PNT1,replace,0,cho,chua,1,1,False,none,Predicate vocabulary,,
MCQA_0142_1,MCQA,PNT1,replace,1,với,ví,1,1,False,none,Orthographic variant,,
MCQA_0142_1,MCQA,PNT2,replace,0,nào,mô,1,1,True,dialect_phrase,Interrogatives; Negation/Function words,đâu (phủ định); đâu / nào,HaTinh_QB_QT; NgheAn
MCQA_0142_1,MCQA,PNT2,replace,1,vào,vô,1,1,False,none,Connectives/Aspect markers,,
MCQA_0142_1,MCQA,PNT2,replace,2,đó,chỗ nớ,1,2,True,standard_word,Demonstratives/Deixis,nớ,HaTinh_QB_QT; NgheAn
MCQA_0142_1,MCQA,PNT2,replace,3,vào,vô,1,1,False,none,Connectives/Aspect markers,,
MCQA_0142_1,MCQA,PNT3,replace,0,nào,nớ,1,1,True,dialect_phrase,Demonstratives/Deixis,kia; ấy / đó,HaTinh_QB_QT; Hue
MCQA_0142_1,MCQA,PNT3,replace,1,vào,vô,1,1,False,none,Connectives/Aspect markers,,
MCQA_0142_1,MCQA,PNT3,replace,2,vào,vô,1,1,False,none,Connectives/Aspect markers,,
MCQA_0142_1,MCQA,PNT4,replace,0,nào,mô,1,1,True,dialect_phrase,Interrogatives,đâu / nào,QuangNam
MCQA_0144_0,MCQA,PNB,replace,0,cha,bố,1,1,True,dialect_phrase,Kinship/Honorific terms,bố,BacBo
MCQA_0144_0,MCQA,PNN,replace,0,mẹ,má,1,1,False,none,Kinship/Honorific terms,,
MCQA_0144_0,MCQA,PNN,delete,1,thế,,1,0,True,standard_word,Demonstratives/Deixis,vậy,NamBo
MCQA_0144_0,MCQA,PNN,replace,2,chiếc,cái,1,1,True,dialect_phrase,Negation/Function words,cái,NamBo
MCQA_0144_0,MCQA,PNN,replace,3,chiếc,cái,1,1,True,dialect_phrase,Negation/Function words,cái,NamBo
MCQA_0144_0,MCQA,PNN,replace,4,bố,cha,1,1,False,none,Kinship/Honorific terms,,
MCQA_0144_0,MCQA,PNN,replace,5,ngan bố,vịt xiêm ba,2,3,False,none,Kinship/Honorific terms,,
MCQA_0144_0,MCQA,PNN,replace,6,và,với,1,1,False,none,Connectives/Aspect markers,,
MCQA_0144_0,MCQA,PNT1,replace,0,cha,bố,1,1,False,none,Kinship/Honorific terms,,
MCQA_0144_0,MCQA,PNT1,replace,1,có,cúa,1,1,False,none,Orthographic variant,,
MCQA_0144_0,MCQA,PNT1,replace,2,cho,chua,1,1,False,none,Predicate vocabulary,,
MCQA_0144_0,MCQA,PNT2,replace,0,thế nào,răng,2,1,True,dialect_phrase,Interrogatives,sao / thế nào,HaTinh_QB_QT; NgheAn
MCQA_0144_0,MCQA,PNT3,replace,0,bão vắng mẹ,bạo thiếu mạ,3,3,False,none,Kinship/Honorific terms,,
MCQA_0144_0,MCQA,PNT3,replace,1,cha,bọ,1,1,True,dialect_phrase,Kinship/Honorific terms,bố,HaTinh_QB_QT
MCQA_0144_0,MCQA,PNT3,replace,2,vất vả,khổ,2,1,False,none,Predicate vocabulary,,
MCQA_0144_0,MCQA,PNT3,replace,3,thế nào,răng,2,1,True,dialect_phrase,Interrogatives,sao / thế nào,HaTinh_QB_QT; Hue
MCQA_0144_0,MCQA,PNT3,replace,4,chiếc,cấy,1,1,True,dialect_phrase,Negation/Function words,cái,HaTinh_QB_QT
MCQA_0144_0,MCQA,PNT3,replace,5,chiếc,cấy,1,1,True,dialect_phrase,Negation/Function words,cái,HaTinh_QB_QT
MCQA_0144_0,MCQA,PNT3,replace,6,bố,bọ,1,1,True,dialect_phrase,Kinship/Honorific terms,bố,HaTinh_QB_QT
MCQA_0144_0,MCQA,PNT3,replace,7,bố,bọ,1,1,True,dialect_phrase,Kinship/Honorific terms,bố,HaTinh_QB_QT
MCQA_0144_0,MCQA,PNT4,replace,0,cha,ba,1,1,True,dialect_phrase,Kinship/Honorific terms,bố,QuangNam; QuangNgai
MCQA_0144_0,MCQA,PNT4,replace,1,thế nào,ren,2,1,True,dialect_phrase,Interrogatives,sao / thế nào,QuangNam
MCQA_0144_0,MCQA,PNT4,replace,2,chiếc,cái,1,1,True,dialect_phrase,Negation/Function words,cái,QuangNam; QuangNgai
MCQA_0144_0,MCQA,PNT4,replace,3,chiếc,cái,1,1,True,dialect_phrase,Negation/Function words,cái,QuangNam; QuangNgai
MCQA_0144_0,MCQA,PNT4,replace,4,bố,ba,1,1,True,dialect_phrase,Kinship/Honorific terms,bố,QuangNam; QuangNgai
MCQA_0144_0,MCQA,PNT4,replace,5,chăm,lo,1,1,False,none,Predicate vocabulary,,
MCQA_0144_0,MCQA,PNT4,replace,6,bố,ba,1,1,True,dialect_phrase,Kinship/Honorific terms,bố,QuangNam; QuangNgai
MCQA_0144_3,MCQA,PNB,replace,0,chi,chị,1,1,True,dialect_phrase,Kinship/Honorific terms,chị,BacBo
MCQA_0144_3,MCQA,PNN,replace,0,khi mẹ,lúc má,2,2,False,none,Multi-word idiom,,
MCQA_0144_3,MCQA,PNN,delete,1,đã,,1,0,False,none,Unknown,,
MCQA_0144_3,MCQA,PNN,replace,2,những,mấy,1,1,False,none,Negation/Function words,,
MCQA_0144_3,MCQA,PNN,replace,3,giúp bố,phụ ba,2,2,False,none,Multi-word idiom,,
MCQA_0144_3,MCQA,PNN,replace,4,giúp bố,phụ ba,2,2,False,none,Multi-word idiom,,
MCQA_0144_3,MCQA,PNN,replace,5,và,với,1,1,False,none,Connectives/Aspect markers,,
MCQA_0144_3,MCQA,PNN,replace,6,đàn ngan,bầy vịt xiêm,2,3,False,none,Predicate vocabulary,,
MCQA_0144_3,MCQA,PNN,replace,7,đàn ngan,bầy vịt xiêm,2,3,False,none,Predicate vocabulary,,
MCQA_0144_3,MCQA,PNN,replace,8,và,với,1,1,False,none,Connectives/Aspect markers,,
MCQA_0144_3,MCQA,PNT2,replace,0,đã làm,đạ mần,2,2,False,none,Multi-word idiom,,
MCQA_0144_3,MCQA,PNT2,replace,1,gì,chi,1,1,True,dialect_phrase,Interrogatives,gì,HaTinh_QB_QT; NgheAn
MCQA_0144_3,MCQA,PNT3,replace,0,những việc gì,chi,3,1,True,dialect_phrase,Interrogatives,gì; sao / thế nào,HaTinh_QB_QT; Hue
MCQA_0144_3,MCQA,PNT3,replace,1,bố,bọ,1,1,True,dialect_phrase,Kinship/Honorific terms,bố,HaTinh_QB_QT
MCQA_0144_3,MCQA,PNT3,replace,2,bố,bọ,1,1,True,dialect_phrase,Kinship/Honorific terms,bố,HaTinh_QB_QT
MCQA_0144_3,MCQA,PNT3,replace,3,và,với,1,1,False,none,Connectives/Aspect markers,,
MCQA_0144_3,MCQA,PNT3,replace,4,và,với,1,1,False,none,Connectives/Aspect markers,,
MCQA_0144_3,MCQA,PNT4,replace,0,gì,chi,1,1,True,dialect_phrase,Interrogatives,gì,QuangNam
MCQA_0144_3,MCQA,PNT4,replace,1,bố,ba,1,1,True,dialect_phrase,Kinship/Honorific terms,bố,QuangNam; QuangNgai
MCQA_0144_3,MCQA,PNT4,replace,2,bố,ba,1,1,True,dialect_phrase,Kinship/Honorific terms,bố,QuangNam; QuangNgai
MCQA_0144_3,MCQA,PNT4,replace,3,chăm,giữ,1,1,False,none,Predicate vocabulary,,
MCQA_0144_3,MCQA,PNT4,replace,4,chăm,giữ,1,1,False,none,Predicate vocabulary,,
MCQA_0147_4,MCQA,PNN,replace,0,những,mấy,1,1,False,none,Negation/Function words,,
MCQA_0147_4,MCQA,PNT1,replace,0,nào,mô,1,1,True,dialect_phrase,Negation/Function words,đâu (phủ định),ThanhHoa
MCQA_0147_4,MCQA,PNT1,replace,1,có,cúa,1,1,False,none,Orthographic variant,,
MCQA_0147_4,MCQA,PNT1,replace,2,với,ví,1,1,False,none,Orthographic variant,,
MCQA_0147_4,MCQA,PNT2,replace,0,nào,mô,1,1,True,dialect_phrase,Interrogatives; Negation/Function words,đâu (phủ định); đâu / nào,HaTinh_QB_QT; NgheAn
MCQA_0147_4,MCQA,PNT2,replace,1,những,mấy,1,1,False,none,Negation/Function words,,
MCQA_0147_4,MCQA,PNT3,replace,0,nào,mô,1,1,True,dialect_phrase,Interrogatives; Negation/Function words,đâu (phủ định); đâu / nào,HaTinh_QB_QT; Hue
MCQA_0147_4,MCQA,PNT3,replace,1,những,mấy,1,1,False,none,Negation/Function words,,
MCQA_0147_4,MCQA,PNT4,replace,0,nào,mô,1,1,True,dialect_phrase,Interrogatives,đâu / nào,QuangNam
MCQA_0148_3,MCQA,PNN,replace,0,việc,chuyện,1,1,False,none,Predicate vocabulary,,
MCQA_0148_3,MCQA,PNN,replace,1,như thế nào,ra sao,3,2,False,none,Interrogatives,,
MCQA_0148_3,MCQA,PNN,replace,2,chúng,tụi,1,1,False,none,Pronouns,,
MCQA_0148_3,MCQA,PNN,replace,3,đến,tới,1,1,False,none,Predicate vocabulary,,
MCQA_0148_3,MCQA,PNN,replace,4,chúng,tụi,1,1,False,none,Pronouns,,
MCQA_0148_3,MCQA,PNN,replace,5,đến,tới,1,1,False,none,Predicate vocabulary,,
MCQA_0148_3,MCQA,PNN,replace,6,chúng,tụi,1,1,False,none,Pronouns,,
MCQA_0148_3,MCQA,PNN,replace,7,đến,tới,1,1,False,none,Predicate vocabulary,,
MCQA_0148_3,MCQA,PNT1,replace,0,cho,chua,1,1,False,none,Predicate vocabulary,,
MCQA_0148_3,MCQA,PNT1,replace,1,về,viền,1,1,True,dialect_phrase,Predicate vocabulary,về,ThanhHoa
MCQA_0148_3,MCQA,PNT1,replace,2,về,viền,1,1,True,dialect_phrase,Predicate vocabulary,về,ThanhHoa
MCQA_0148_3,MCQA,PNT1,replace,3,về,viền,1,1,True,dialect_phrase,Predicate vocabulary,về,ThanhHoa
MCQA_0148_3,MCQA,PNT2,replace,0,như thế nào,à răng,3,2,False,none,Interrogatives,,
MCQA_0148_3,MCQA,PNT2,replace,1,chúng,nhà,1,1,False,none,Pronouns,,
MCQA_0148_3,MCQA,PNT2,replace,2,chúng,nhà,1,1,False,none,Pronouns,,
MCQA_0148_3,MCQA,PNT2,replace,3,chúng,nhà,1,1,False,none,Pronouns,,
MCQA_0148_3,MCQA,PNT3,replace,0,thế nào,răng,2,1,True,dialect_phrase,Interrogatives,sao / thế nào,HaTinh_QB_QT; Hue
MCQA_0148_3,MCQA,PNT3,replace,1,chúng,bọn,1,1,False,none,Pronouns,,
MCQA_0148_3,MCQA,PNT3,replace,2,chúng,bọn,1,1,False,none,Pronouns,,
MCQA_0148_3,MCQA,PNT3,replace,3,chúng,bọn,1,1,False,none,Pronouns,,
MCQA_0148_3,MCQA,PNT3,replace,4,tối,túi,1,1,False,none,Orthographic variant,,
MCQA_0148_3,MCQA,PNT4,replace,0,như thế nào,ra ren,3,2,False,none,Interrogatives,,
MCQA_0151_1,MCQA,PNN,replace,0,gọi,kêu,1,1,True,dialect_phrase,Predicate vocabulary,gọi,NamBo
MCQA_0151_1,MCQA,PNN,replace,1,gọi,kêu,1,1,True,dialect_phrase,Predicate vocabulary,gọi,NamBo
MCQA_0151_1,MCQA,PNT1,replace,0,con,cuôn,1,1,False,none,Orthographic variant,,
MCQA_0151_1,MCQA,PNT1,replace,1,muốn,mún,1,1,False,none,Orthographic variant,,
MCQA_0151_1,MCQA,PNT1,replace,2,xuống suối,xún súi,2,2,False,none,Orthographic variant,,
MCQA_0151_1,MCQA,PNT2,replace,0,nó làm gì,hấn mần chi,3,3,False,none,Multi-word idiom,,
MCQA_0151_1,MCQA,PNT2,replace,1,vào,vô,1,1,False,none,Connectives/Aspect markers,,
MCQA_0151_1,MCQA,PNT2,insert,2,,cái,0,1,False,none,Unknown,,
MCQA_0151_1,MCQA,PNT3,replace,0,muốn gọi,ưng kêu,2,2,False,none,Multi-word idiom,,
MCQA_0151_1,MCQA,PNT3,replace,1,đàn,bầy,1,1,False,none,Predicate vocabulary,,
MCQA_0151_1,MCQA,PNT3,replace,2,làm gì,mần chi,2,2,True,dialect_phrase,Interrogatives,làm gì,HaTinh_QB_QT; Hue
MCQA_0151_1,MCQA,PNT3,replace,3,vào,vô,1,1,False,none,Connectives/Aspect markers,,
MCQA_0151_1,MCQA,PNT3,replace,4,nước,nác,1,1,False,none,Orthographic variant,,
MCQA_0151_1,MCQA,PNT3,replace,5,gọi,kêu,1,1,True,dialect_phrase,Predicate vocabulary,gọi,Hue
MCQA_0151_1,MCQA,PNT3,replace,6,đàn,bầy,1,1,False,none,Predicate vocabulary,,
MCQA_0151_1,MCQA,PNT4,replace,0,gì,chi,1,1,True,dialect_phrase,Interrogatives,gì,QuangNam
MCQA_0151_3,MCQA,PNN,delete,0,như,,1,0,False,none,Unknown,,
MCQA_0151_3,MCQA,PNN,replace,1,gọi,kêu,1,1,True,dialect_phrase,Predicate vocabulary,gọi,NamBo
MCQA_0151_3,MCQA,PNN,replace,2,cạnh,kế bên,1,2,False,none,Predicate vocabulary,,
MCQA_0151_3,MCQA,PNT1,delete,0,thế,,1,0,False,none,Unknown,,
MCQA_0151_3,MCQA,PNT2,replace,0,như thế nào,a răng,3,2,False,none,Interrogatives,,
MCQA_0151_3,MCQA,PNT2,replace,1,giữa,trửa,1,1,False,none,Orthographic variant,,
MCQA_0151_3,MCQA,PNT3,replace,0,như thế nào,dư răng,3,2,False,none,Interrogatives,,
MCQA_0151_3,MCQA,PNT3,replace,1,nước,nác,1,1,False,none,Orthographic variant,,
MCQA_0151_3,MCQA,PNT4,replace,0,thế nào,răng,2,1,True,standard_word,Interrogatives,ren; sao; sô,PhuYen; QuangNam; QuangNgai
MCQA_0152_0,MCQA,PNN,replace,0,như thế nào,sao,3,1,True,dialect_phrase,Interrogatives,sao / thế nào,NamBo
MCQA_0152_0,MCQA,PNN,replace,1,không,hông,1,1,True,dialect_phrase,Negation/Function words,không,NamBo
MCQA_0152_0,MCQA,PNN,replace,2,đi,hai,1,1,False,none,Noise/Non-linguistic,,
MCQA_0152_0,MCQA,PNN,insert,3,,cầm gì,0,2,False,none,Unknown,,
MCQA_0152_0,MCQA,PNT1,replace,0,khỏi,khuổi,1,1,False,none,Orthographic variant,,
MCQA_0152_0,MCQA,PNT1,replace,1,có,cúa,1,1,False,none,Orthographic variant,,
MCQA_0152_0,MCQA,PNT1,replace,2,có,cúa,1,1,False,none,Orthographic variant,,
MCQA_0152_0,MCQA,PNT1,replace,3,gì,chi cả,1,2,False,none,Interrogatives,,
MCQA_0152_0,MCQA,PNT2,replace,0,đã,đạ,1,1,True,dialect_phrase,Connectives/Aspect markers,đã,HaTinh_QB_QT
MCQA_0152_0,MCQA,PNT2,replace,1,như thế nào,a răng,3,2,False,none,Interrogatives,,
MCQA_0152_0,MCQA,PNT2,replace,2,toòng teng,hoa tai,2,2,False,none,Predicate vocabulary,,
MCQA_0152_0,MCQA,PNT2,replace,3,không,nỏ,1,1,True,dialect_phrase,Negation/Function words,không,HaTinh_QB_QT; NgheAn
MCQA_0152_0,MCQA,PNT2,replace,4,gì,chi,1,1,True,dialect_phrase,Interrogatives,gì,HaTinh_QB_QT; NgheAn
MCQA_0152_0,MCQA,PNT3,replace,0,thế nào,răng,2,1,True,dialect_phrase,Interrogatives,sao / thế nào,HaTinh_QB_QT; Hue
MCQA_0152_0,MCQA,PNT3,replace,1,lớn,bà lả,1,2,True,dialect_phrase,Predicate vocabulary,to,HaTinh_QB_QT
MCQA_0152_0,MCQA,PNT3,replace,2,bận,mắc,1,1,False,none,Predicate vocabulary,,
MCQA_0152_0,MCQA,PNT3,replace,3,không,nỏ,1,1,True,dialect_phrase,Negation/Function words,không,HaTinh_QB_QT
MCQA_0152_0,MCQA,PNT3,replace,4,gì,chi,1,1,True,dialect_phrase,Interrogatives,gì; sao / thế nào,HaTinh_QB_QT; Hue
MCQA_0152_0,MCQA,PNT4,replace,0,hiệu,hàng,1,1,False,none,Predicate vocabulary,,
MCQA_0152_0,MCQA,PNT4,replace,1,cậu,anh,1,1,False,none,Pronouns,,
MCQA_0152_0,MCQA,PNT4,replace,2,thế nào,ren,2,1,True,dialect_phrase,Interrogatives,sao / thế nào,QuangNam
MCQA_0152_0,MCQA,PNT4,replace,3,bóng,bong,1,1,False,none,Orthographic variant,,
MCQA_0152_0,MCQA,PNT4,replace,4,bận,mắc,1,1,False,none,Predicate vocabulary,,
MCQA_0152_0,MCQA,PNT4,replace,5,bóng,bong,1,1,False,none,Orthographic variant,,
MCQA_0152_0,MCQA,PNT4,replace,6,mang,đem,1,1,False,none,Predicate vocabulary,,
MCQA_0152_0,MCQA,PNT4,replace,7,gì,chi,1,1,True,dialect_phrase,Interrogatives,gì,QuangNam
MCQA_0152_3,MCQA,PNN,replace,0,“tôi,“tui,1,1,False,none,Pronouns,,
MCQA_0152_3,MCQA,PNN,replace,1,và,với,1,1,False,none,Connectives/Aspect markers,,
MCQA_0152_3,MCQA,PNN,replace,2,không,hông,1,1,True,dialect_phrase,Negation/Function words,không,NamBo
MCQA_0152_3,MCQA,PNN,replace,3,không,hông,1,1,True,dialect_phrase,Negation/Function words,không,NamBo
MCQA_0152_3,MCQA,PNN,replace,4,nhìn,ngó,1,1,False,none,Predicate vocabulary,,
MCQA_0152_3,MCQA,PNT1,replace,0,“tôi,“tau,1,1,False,none,Pronouns,,
MCQA_0152_3,MCQA,PNT1,replace,1,có,cúa,1,1,False,none,Orthographic variant,,
MCQA_0152_3,MCQA,PNT1,replace,2,có,cúa,1,1,False,none,Orthographic variant,,
MCQA_0152_3,MCQA,PNT2,replace,0,“tôi,“tui,1,1,False,none,Pronouns,,
MCQA_0152_3,MCQA,PNT2,replace,1,gì,chi,1,1,True,dialect_phrase,Interrogatives,gì,HaTinh_QB_QT; NgheAn
MCQA_0152_3,MCQA,PNT2,replace,2,không thấy,nỏ chộ,2,2,False,none,Multi-word idiom,,
MCQA_0152_3,MCQA,PNT3,replace,0,“tôi mong mình,“tau trông mềng,3,3,False,none,Multi-word idiom,,
MCQA_0152_3,MCQA,PNT3,replace,1,mình,mềng,1,1,False,none,Pronouns,,
MCQA_0152_3,MCQA,PNT3,replace,2,gì,chi,1,1,True,dialect_phrase,Interrogatives,gì; sao / thế nào,HaTinh_QB_QT; Hue
MCQA_0152_3,MCQA,PNT3,replace,3,bà mong mình,mệ trông mềng,3,3,False,none,Multi-word idiom,,
MCQA_0152_3,MCQA,PNT3,replace,4,không,nỏ,1,1,True,dialect_phrase,Negation/Function words,không,HaTinh_QB_QT
MCQA_0152_3,MCQA,PNT3,replace,5,bà mong mình,mệ trông mềng,3,3,False,none,Multi-word idiom,,
MCQA_0152_3,MCQA,PNT3,replace,6,không thấy cái đầu,nỏ chộ kì trốc,4,4,False,none,Multi-word idiom,,
MCQA_0152_3,MCQA,PNT3,replace,7,cậu,cu,1,1,False,none,Pronouns,,
MCQA_0152_3,MCQA,PNT3,replace,8,bà mong mình,mệ trông mềng,3,3,False,none,Multi-word idiom,,
MCQA_0152_3,MCQA,PNT4,replace,0,gì,chi,1,1,True,dialect_phrase,Interrogatives,gì,QuangNam
NLI_0521,NLI,PNN,replace,0,cô,cổ,1,1,True,dialect_phrase,Pronouns,cô ấy,NamBo
NLI_0521,NLI,PNN,replace,1,cô ấy,cổ,2,1,True,dialect_phrase,Pronouns,cô ấy,NamBo
NLI_0647,NLI,PNN,replace,0,vào,vô,1,1,False,none,Connectives/Aspect markers,,
NLI_0647,NLI,PNT2,replace,0,đã,đạ,1,1,True,dialect_phrase,Connectives/Aspect markers,đã,HaTinh_QB_QT
NLI_0716,NLI,PNN,replace,0,không,hông,1,1,True,dialect_phrase,Negation/Function words,không,NamBo
NLI_0716,NLI,PNN,replace,1,cô gái cưới,cổ lấy,3,2,False,none,Pronouns,,
NLI_0729,NLI,PNB,insert,0,,vẫn,0,1,False,none,Unknown,,
NLI_0729,NLI,PNB,delete,1,biết,,1,0,False,none,Unknown,,
NLI_0729,NLI,PNB,replace,2,ông ấy,mình,2,1,True,standard_word,Pronouns,ông ấy,BacBo
NLI_0729,NLI,PNN,delete,0,rất,,1,0,True,standard_word,Predicate vocabulary,dữ,NamBo
NLI_0729,NLI,PNN,insert,1,,dữ lắm,0,2,False,none,Unknown,,
NLI_0729,NLI,PNN,replace,2,không,hông,1,1,True,dialect_phrase,Negation/Function words,không,NamBo
NLI_0729,NLI,PNN,replace,3,ông ấy,ổng,2,1,True,dialect_phrase,Pronouns,ông ấy,NamBo
NLI_0729,NLI,PNN,delete,4,thế,,1,0,True,standard_word,Demonstratives/Deixis,vậy,NamBo
NLI_0830,NLI,PNN,delete,0,đều,,1,0,False,none,Unknown,,
NLI_0830,NLI,PNT1,replace,0,cho,chua,1,1,False,none,Predicate vocabulary,,
NLI_0830,NLI,PNT2,replace,0,hôm,vào bựa,1,2,False,none,Noise/Non-linguistic,,
NLI_0830,NLI,PNT2,replace,1,cũng đều,cụng,2,1,False,none,Negation/Function words,,
NLI_0830,NLI,PNT2,insert,2,,cả,0,1,False,none,Unknown,,
NLI_0959,NLI,PNB,replace,0,ngưới,người,1,1,False,none,Orthographic variant,,
NLI_0959,NLI,PNN,replace,0,trong tương lai,sau này,3,2,False,none,Predicate vocabulary,,
NLI_0959,NLI,PNN,replace,1,những,mấy,1,1,False,none,Negation/Function words,,
NLI_0959,NLI,PNN,replace,2,đến,tới,1,1,False,none,Predicate vocabulary,,
NLI_0959,NLI,PNN,replace,3,số,phần,1,1,False,none,Predicate vocabulary,,
NLI_0959,NLI,PNN,replace,4,nữ,con gái,1,2,False,none,Predicate vocabulary,,
NLI_0959,NLI,PNT1,replace,0,có điểm,cúa đỉm,2,2,False,none,Orthographic variant,,
NLI_0959,NLI,PNT1,replace,1,có,cúa,1,1,False,none,Orthographic variant,,
NLI_0959,NLI,PNT3,replace,0,trong tương lai,sau ni,3,2,False,none,Idiomatic expressions,,
NLI_0959,NLI,PNT3,replace,1,ngưới,người,1,1,False,none,Orthographic variant,,
NLI_0959,NLI,PNT3,replace,2,đến,tới,1,1,False,none,Predicate vocabulary,,
NLI_1019,NLI,PNN,replace,0,không,hông,1,1,True,dialect_phrase,Negation/Function words,không,NamBo
NLI_1019,NLI,PNN,replace,1,các,mấy,1,1,False,none,Negation/Function words,,
NLI_1019,NLI,PNT3,replace,0,các,mấy cái,1,2,False,none,Negation/Function words,,
NLI_1069,NLI,PNT1,replace,0,có,cúa,1,1,False,none,Orthographic variant,,
NLI_1069,NLI,PNT3,replace,0,chiến,ni,1,1,True,dialect_phrase,Demonstratives/Deixis,này,HaTinh_QB_QT; Hue
NLI_1069,NLI,PNT3,replace,1,thể sẽ,khi đã,2,2,False,none,Connectives/Aspect markers,,
NLI_1069,NLI,PNT3,replace,2,như vậy,rứa,2,1,True,standard_word,Demonstratives/Deixis,như rứa,HaTinh_QB_QT; Hue
NLI_1069,NLI,PNT3,replace,3,chúng tôi,bọn tui,2,2,True,standard_word,Pronouns,choa; tụi mền; tụi tau,HaTinh_QB_QT; Hue
NLI_1077,NLI,PNB,replace,0,đức,bức,1,1,False,none,Noise/Non-linguistic,,
NLI_1077,NLI,PNN,replace,0,ví,bóp,1,1,False,none,Predicate vocabulary,,
NLI_1077,NLI,PNT1,replace,0,cái,cấy,1,1,True,dialect_phrase,Negation/Function words,cái,ThanhHoa
NLI_1077,NLI,PNT2,replace,0,đã,đạ,1,1,True,dialect_phrase,Connectives/Aspect markers,đã,HaTinh_QB_QT
NLI_1077,NLI,PNT2,replace,1,đức,bức,1,1,False,none,Noise/Non-linguistic,,
NLI_1114,NLI,PNN,replace,0,chúng tôi,tụi tui,2,2,True,dialect_phrase,Pronouns,chúng tôi,NamBo
NLI_1114,NLI,PNN,replace,1,không,hông,1,1,True,dialect_phrase,Negation/Function words,không,NamBo
NLI_1114,NLI,PNT1,replace,0,chúng tôi,bọn tau,2,2,False,none,Pronouns,,
NLI_1405,NLI,PNT3,replace,0,gia đình,kì nhà,2,2,False,none,Kinship/Honorific terms,,
NLI_1405,NLI,PNT3,insert,1,,kì,0,1,True,dialect_phrase,Negation/Function words,cái,HaTinh_QB_QT
NLI_1420,NLI,PNN,replace,0,không,hổng,1,1,True,standard_word,Negation/Function words,hông,NamBo
NLI_1420,NLI,PNN,replace,1,buồn,sầu,1,1,False,none,Predicate vocabulary,,
NLI_1420,NLI,PNT1,replace,0,ngày,ngay,1,1,False,none,Orthographic variant,,
NLI_1420,NLI,PNT1,replace,1,đó,đứa,1,1,True,standard_word,Demonstratives/Deixis,nứ,ThanhHoa
NLI_1420,NLI,PNT2,replace,0,không,nọ,1,1,True,standard_word,Negation/Function words,nỏ,HaTinh_QB_QT; NgheAn
NLI_1420,NLI,PNT2,replace,1,đó,nớ,1,1,True,dialect_phrase,Demonstratives/Deixis,ấy / đó,HaTinh_QB_QT; NgheAn
NLI_1420,NLI,PNT3,replace,0,không cảm thấy,nỏ chộ,3,2,False,none,Multi-word idiom,,
NLI_1420,NLI,PNT3,replace,1,ngày,ngay,1,1,False,none,Orthographic variant,,
NLI_1420,NLI,PNT3,replace,2,đó,nớ,1,1,True,dialect_phrase,Demonstratives/Deixis,kia; ấy / đó,HaTinh_QB_QT; Hue
NLI_1420,NLI,PNT4,replace,0,đó,nớ,1,1,True,dialect_phrase,Demonstratives/Deixis,ấy / đó,QuangNam
NLI_1465,NLI,PNT1,replace,0,cái,cấy,1,1,True,dialect_phrase,Negation/Function words,cái,ThanhHoa
NLI_1465,NLI,PNT1,replace,1,ấy,nứ,1,1,True,dialect_phrase,Demonstratives/Deixis,ấy / đó,ThanhHoa
NLI_1465,NLI,PNT3,replace,0,cô ấy,chị nớ,2,2,True,standard_word,Pronouns,o nớ,HaTinh_QB_QT; Hue
NLI_1465,NLI,PNT4,replace,0,ví,bóp,1,1,False,none,Predicate vocabulary,,
NLI_1465,NLI,PNT4,replace,1,cô ấy,cổ,2,1,True,dialect_phrase,Pronouns,cô ấy,PhuYen; QuangNgai
NLI_1639,NLI,PNB,replace,0,rễ,rể,1,1,False,none,Orthographic variant,,
NLI_1639,NLI,PNN,delete,0,rất,,1,0,True,standard_word,Predicate vocabulary,dữ,NamBo
NLI_1639,NLI,PNN,insert,1,,dữ lắm,0,2,False,none,Unknown,,
NLI_1639,NLI,PNT1,replace,0,có,cúa,1,1,False,none,Orthographic variant,,
NLI_1639,NLI,PNT1,replace,1,giỏi,giuổi,1,1,False,none,Orthographic variant,,
NLI_1639,NLI,PNT4,delete,0,rất,,1,0,True,standard_word,Predicate vocabulary,"dữ; dữ, quá chừng, ghê",PhuYen; QuangNam; QuangNgai
NLI_1639,NLI,PNT4,insert,1,,dữ lắm,0,2,False,none,Unknown,,
NLI_1677,NLI,PNT3,replace,0,bãi,bại,1,1,False,none,Orthographic variant,,
NLI_1749,NLI,PNN,replace,0,không,hông,1,1,True,dialect_phrase,Negation/Function words,không,NamBo
NLI_1749,NLI,PNT1,replace,0,không,chả,1,1,False,none,Negation/Function words,,
NLI_1749,NLI,PNT2,replace,0,không,nỏ,1,1,True,dialect_phrase,Negation/Function words,không,HaTinh_QB_QT; NgheAn
NLI_1749,NLI,PNT2,delete,1,lặng,,1,0,False,none,Unknown,,
NLI_1767,NLI,PNT1,replace,0,miệt,kì,1,1,False,none,Predicate vocabulary,,
NLI_1767,NLI,PNT3,insert,0,,người ta,0,2,False,none,Unknown,,
NLI_1775,NLI,PNN,replace,0,những,mấy,1,1,False,none,Negation/Function words,,
NLI_1775,NLI,PNN,replace,1,không,hông,1,1,True,dialect_phrase,Negation/Function words,không,NamBo
NLI_1775,NLI,PNN,replace,2,và,với,1,1,False,none,Connectives/Aspect markers,,
NLI_1775,NLI,PNN,replace,3,những gì,mấy cái,2,2,False,none,Multi-word idiom,,
NLI_1775,NLI,PNN,replace,4,vào,vô,1,1,False,none,Connectives/Aspect markers,,
NLI_1775,NLI,PNN,delete,5,rất,,1,0,True,standard_word,Predicate vocabulary,dữ,NamBo
NLI_1775,NLI,PNN,insert,6,,dữ lắm,0,2,False,none,Unknown,,
NLI_1775,NLI,PNT1,replace,0,có,cúa,1,1,False,none,Orthographic variant,,
NLI_1775,NLI,PNT1,replace,1,có,cúa,1,1,False,none,Orthographic variant,,
NLI_1775,NLI,PNT2,replace,0,không,nỏ,1,1,True,dialect_phrase,Negation/Function words,không,HaTinh_QB_QT; NgheAn
NLI_1775,NLI,PNT3,replace,0,và,với,1,1,False,none,Connectives/Aspect markers,,
NLI_1775,NLI,PNT3,replace,1,gì,chi,1,1,True,dialect_phrase,Interrogatives,gì; sao / thế nào,HaTinh_QB_QT; Hue
NLI_1775,NLI,PNT4,replace,0,gì,chi,1,1,True,dialect_phrase,Interrogatives,gì,QuangNam
NLI_1775,NLI,PNT4,replace,1,vào,vô,1,1,False,none,Connectives/Aspect markers,,
NLI_1921,NLI,PNN,replace,0,nói rằng,kêu là,2,2,False,none,Multi-word idiom,,
NLI_1921,NLI,PNN,replace,1,cạnh nơi,kế bên chỗ,2,3,False,none,Predicate vocabulary,,
NLI_1921,NLI,PNN,replace,2,và các,với mấy,2,2,False,none,Multi-word idiom,,
NLI_1921,NLI,PNN,replace,3,rất to,bự chảng,2,2,False,none,Multi-word idiom,,
NLI_1921,NLI,PNT1,insert,0,,nứ,0,1,True,dialect_phrase,Demonstratives/Deixis,ấy / đó,ThanhHoa
NLI_1921,NLI,PNT2,replace,0,đã,đạ,1,1,True,dialect_phrase,Connectives/Aspect markers,đã,HaTinh_QB_QT
NLI_1921,NLI,PNT2,replace,1,rằng,là,1,1,False,none,Connectives/Aspect markers,,
NLI_1921,NLI,PNT2,replace,2,nơi,chộ,1,1,True,dialect_phrase,Predicate vocabulary,thấy,HaTinh_QB_QT
NLI_1921,NLI,PNT2,replace,3,các,mấy,1,1,False,none,Negation/Function words,,
NLI_1921,NLI,PNT2,replace,4,làm việc,mần,2,1,True,dialect_phrase,Predicate vocabulary,làm,HaTinh_QB_QT
NLI_1921,NLI,PNT2,replace,5,rất,ràng,1,1,True,standard_word,Predicate vocabulary,bất; dữ,HaTinh_QB_QT
NLI_1921,NLI,PNT3,replace,0,đã,đạ,1,1,True,dialect_phrase,Connectives/Aspect markers,đã,HaTinh_QB_QT
NLI_1921,NLI,PNT3,replace,1,rằng,là,1,1,False,none,Connectives/Aspect markers,,
NLI_1921,NLI,PNT3,replace,2,làm,mần,1,1,True,dialect_phrase,Predicate vocabulary,làm,HaTinh_QB_QT; Hue
NLI_1921,NLI,PNT3,delete,3,rất,,1,0,True,standard_word,Predicate vocabulary,bất; dệ sợ; dữ,HaTinh_QB_QT; Hue
NLI_1921,NLI,PNT3,insert,4,,bà lả,0,2,True,dialect_phrase,Predicate vocabulary,to,HaTinh_QB_QT
NLI_1921,NLI,PNT4,replace,0,rằng,là,1,1,False,none,Connectives/Aspect markers,,
NLI_1921,NLI,PNT4,replace,1,nơi,chỗ,1,1,False,none,Predicate vocabulary,,
NLI_1921,NLI,PNT4,replace,2,và các,với mấy,2,2,False,none,Multi-word idiom,,
NLI_1921,NLI,PNT4,replace,3,có kích thước rất to,bự quá chừng,5,3,False,none,Predicate vocabulary,,
NLI_2198,NLI,PNB,replace,0,nóng,sốt,1,1,False,none,Predicate vocabulary,,
NLI_2198,NLI,PNB,replace,1,vì,tại,1,1,False,none,Connectives/Aspect markers,,
NLI_2198,NLI,PNN,replace,0,vì,tại,1,1,False,none,Connectives/Aspect markers,,
NLI_2198,NLI,PNT1,replace,0,nóng,sốt,1,1,False,none,Predicate vocabulary,,
NLI_2198,NLI,PNT1,replace,1,cái,cấy,1,1,True,dialect_phrase,Negation/Function words,cái,ThanhHoa
NLI_2198,NLI,PNT1,replace,2,cái,cấy,1,1,True,dialect_phrase,Negation/Function words,cái,ThanhHoa
NLI_2198,NLI,PNT2,replace,0,ruột,rọt,1,1,False,none,Orthographic variant,,
NLI_2198,NLI,PNT2,replace,1,cái,cấy,1,1,True,dialect_phrase,Negation/Function words,cái,HaTinh_QB_QT; NgheAn
NLI_2198,NLI,PNT2,replace,2,cái,cấy,1,1,True,dialect_phrase,Negation/Function words,cái,HaTinh_QB_QT; NgheAn
NLI_2198,NLI,PNT3,replace,0,rất,đại,1,1,True,standard_word,Predicate vocabulary,bất; dệ sợ; dữ,HaTinh_QB_QT; Hue
NLI_2198,NLI,PNT3,replace,1,ruột,rọt,1,1,False,none,Orthographic variant,,
NLI_2198,NLI,PNT3,replace,2,cái,kì,1,1,True,dialect_phrase,Negation/Function words,cái,HaTinh_QB_QT
NLI_2198,NLI,PNT3,replace,3,cái,kì,1,1,True,dialect_phrase,Negation/Function words,cái,HaTinh_QB_QT
NLI_2313,NLI,PNB,replace,0,thắng,thắn,1,1,False,none,Noise/Non-linguistic,,
NLI_2313,NLI,PNT1,replace,0,biết,bítt,1,1,False,none,Orthographic variant,,
NLI_2313,NLI,PNT1,replace,1,có,cúa cấy,1,2,False,none,Orthographic variant,,
NLI_2313,NLI,PNT1,replace,2,"biết""","bít""",1,1,False,none,Orthographic variant,,
NLI_2313,NLI,PNT1,replace,3,điểm,đỉm,1,1,False,none,Orthographic variant,,
NLI_2313,NLI,PNT2,replace,0,tôi,tui,1,1,True,dialect_phrase,Pronouns,tôi,HaTinh_QB_QT
NLI_2313,NLI,PNT2,replace,1,ấy,nớ,1,1,True,dialect_phrase,Demonstratives/Deixis,ấy / đó,HaTinh_QB_QT; NgheAn
NLI_2313,NLI,PNT2,replace,2,chúng,nhà,1,1,False,none,Pronouns,,
NLI_2313,NLI,PNT4,replace,0,tôi,ta,1,1,True,dialect_phrase,Pronouns,tao; tôi,QuangNam
NLI_2313,NLI,PNT4,replace,1,khá,rất,1,1,False,none,Predicate vocabulary,,
NLI_2313,NLI,PNT4,replace,2,ấy,nớ,1,1,True,dialect_phrase,Demonstratives/Deixis,ấy / đó,QuangNam
NLI_2354,NLI,PNB,replace,0,sau,từ,1,1,False,none,Connectives/Aspect markers,,
NLI_2354,NLI,PNB,insert,1,,nữa,0,1,False,none,Unknown,,
NLI_2354,NLI,PNB,delete,2,trở,,1,0,False,none,Unknown,,
NLI_2354,NLI,PNN,replace,0,không,hông,1,1,True,dialect_phrase,Negation/Function words,không,NamBo
NLI_2354,NLI,PNN,delete,1,trở,,1,0,False,none,Unknown,,
NLI_2354,NLI,PNT3,replace,0,không,nỏ,1,1,True,dialect_phrase,Negation/Function words,không,HaTinh_QB_QT
NLI_2354,NLI,PNT4,replace,0,không,hông,1,1,True,dialect_phrase,Negation/Function words,không,QuangNgai
NLI_2559,NLI,PNN,replace,0,không,hổng,1,1,True,standard_word,Negation/Function words,hông,NamBo
NLI_2559,NLI,PNT1,replace,0,hỏa,hoã,1,1,False,none,Orthographic variant,,
NLI_2559,NLI,PNT1,replace,1,không,chả,1,1,False,none,Negation/Function words,,
NLI_2559,NLI,PNT1,replace,2,gì,chi,1,1,False,none,Interrogatives,,
NLI_2559,NLI,PNT2,replace,0,không,nỏ,1,1,True,dialect_phrase,Negation/Function words,không,HaTinh_QB_QT; NgheAn
NLI_2559,NLI,PNT2,replace,1,gì,chi,1,1,True,dialect_phrase,Interrogatives,gì,HaTinh_QB_QT; NgheAn
NLI_2559,NLI,PNT3,replace,0,không,nỏ,1,1,True,dialect_phrase,Negation/Function words,không,HaTinh_QB_QT
NLI_2559,NLI,PNT3,replace,1,gì,chi,1,1,True,dialect_phrase,Interrogatives,gì; sao / thế nào,HaTinh_QB_QT; Hue
NLI_2559,NLI,PNT4,replace,0,gì,chi,1,1,True,dialect_phrase,Interrogatives,gì,QuangNam
NLI_2615,NLI,PNB,replace,0,lí,lý,1,1,False,none,Orthographic variant,,
NLI_2615,NLI,PNN,replace,0,không,hông,1,1,True,dialect_phrase,Negation/Function words,không,NamBo
NLI_2615,NLI,PNT1,replace,0,chui,bò,1,1,False,none,Predicate vocabulary,,
NLI_2615,NLI,PNT1,replace,1,không,chả,1,1,False,none,Negation/Function words,,
NLI_2615,NLI,PNT1,replace,2,gì,chi,1,1,False,none,Interrogatives,,
NLI_2615,NLI,PNT2,replace,0,nó,hấn,1,1,True,standard_word,Pronouns,hắn; nghị,HaTinh_QB_QT
NLI_2615,NLI,PNT2,replace,1,không,nỏ,1,1,True,dialect_phrase,Negation/Function words,không,HaTinh_QB_QT; NgheAn
NLI_2615,NLI,PNT2,replace,2,gì,chi,1,1,True,dialect_phrase,Interrogatives,gì,HaTinh_QB_QT; NgheAn
NLI_2615,NLI,PNT2,replace,3,nó,hấn,1,1,True,standard_word,Pronouns,hắn; nghị,HaTinh_QB_QT
NLI_2615,NLI,PNT3,replace,0,gì,chi,1,1,True,dialect_phrase,Interrogatives,gì; sao / thế nào,HaTinh_QB_QT; Hue
NLI_2615,NLI,PNT4,replace,0,gì,chi,1,1,True,dialect_phrase,Interrogatives,gì,QuangNam
NLI_2837,NLI,PNT1,replace,0,có,cúa,1,1,False,none,Orthographic variant,,
NLI_2837,NLI,PNT1,replace,1,chiếm,chím,1,1,False,none,Orthographic variant,,
NLI_2899,NLI,PNN,replace,0,mẹ,mã,1,1,False,none,Noise/Non-linguistic,,
NLI_2899,NLI,PNN,replace,1,không,hông,1,1,True,dialect_phrase,Negation/Function words,không,NamBo
NLI_2899,NLI,PNN,replace,2,khi xem những,lúc coi mấy,3,3,False,none,Multi-word idiom,,
NLI_2899,NLI,PNT1,replace,0,xem,coi,1,1,False,none,Predicate vocabulary,,
NLI_2899,NLI,PNT2,replace,0,đã,đạ,1,1,True,dialect_phrase,Connectives/Aspect markers,đã,HaTinh_QB_QT
NLI_2899,NLI,PNT2,replace,1,những,mấy cấy,1,2,False,none,Negation/Function words,,
NLI_2899,NLI,PNT3,replace,0,mẹ,mạ,1,1,True,dialect_phrase,Kinship/Honorific terms,mẹ,HaTinh_QB_QT
NLI_2899,NLI,PNT3,replace,1,không,nỏ,1,1,True,dialect_phrase,Negation/Function words,không,HaTinh_QB_QT
NLI_2899,NLI,PNT3,replace,2,xem những,coi mấy,2,2,False,none,Multi-word idiom,,
NLI_2899,NLI,PNT4,replace,0,ảnh,hình,1,1,False,none,Predicate vocabulary,,
NLI_2948,NLI,PNN,replace,0,chúng tôi,tụi tui,2,2,True,dialect_phrase,Pronouns,chúng tôi,NamBo
NLI_2948,NLI,PNT1,replace,0,những,nhửng,1,1,False,none,Orthographic variant,,
NLI_2948,NLI,PNT2,replace,0,gì,chi,1,1,True,dialect_phrase,Interrogatives,gì,HaTinh_QB_QT; NgheAn
NLI_2948,NLI,PNT2,replace,1,làm,mần,1,1,True,dialect_phrase,Predicate vocabulary,làm,HaTinh_QB_QT
NLI_2948,NLI,PNT3,replace,0,gì chúng tôi,chi choa,3,2,False,none,Multi-word idiom,,
NLI_2948,NLI,PNT3,replace,1,làm,mần,1,1,True,dialect_phrase,Predicate vocabulary,làm,HaTinh_QB_QT; Hue
NLI_2948,NLI,PNT4,replace,0,gì,chi,1,1,True,dialect_phrase,Interrogatives,gì,QuangNam
NLI_3048,NLI,PNN,replace,0,giai đoạn,lúc,2,1,False,none,Predicate vocabulary,,
NLI_3048,NLI,PNN,replace,1,không,hhông,1,1,True,standard_word,Negation/Function words,hông,NamBo
NLI_3048,NLI,PNN,replace,2,hoặc,hay,1,1,False,none,Connectives/Aspect markers,,
NLI_3048,NLI,PNT2,replace,0,này không,ni nỏ,2,2,False,none,Multi-word idiom,,
NLI_3048,NLI,PNT3,replace,0,đã,đạ,1,1,True,dialect_phrase,Connectives/Aspect markers,đã,HaTinh_QB_QT
NLI_3048,NLI,PNT3,replace,1,nên,bơ,1,1,True,dialect_phrase,Connectives/Aspect markers,thì / nên,HaTinh_QB_QT
NLI_3048,NLI,PNT3,replace,2,này không,ni khung,2,2,False,none,Multi-word idiom,,
NLI_3048,NLI,PNT3,replace,3,sang,qua,1,1,False,none,Predicate vocabulary,,
NLI_3048,NLI,PNT4,replace,0,một số,mấy,2,1,False,none,Negation/Function words,,
NLI_3048,NLI,PNT4,replace,1,giai đoạn này,đợt ni,3,2,False,none,Demonstratives/Deixis,,
NLI_3048,NLI,PNT4,replace,2,di chuyển,đi,2,1,False,none,Predicate vocabulary,,
NLI_3048,NLI,PNT4,replace,3,hoặc sang,hay qua,2,2,False,none,Predicate vocabulary,,
NLI_3107,NLI,PNB,replace,0,đển,đến,1,1,False,none,Orthographic variant,,
NLI_3107,NLI,PNN,replace,0,đển,tới,1,1,False,none,Noise/Non-linguistic,,
NLI_3107,NLI,PNT3,replace,0,đển,đến,1,1,False,none,Orthographic variant,,
NLI_3107,NLI,PNT4,insert,0,,mô,0,1,True,dialect_phrase,Interrogatives,đâu / nào,QuangNam
NLI_3107,NLI,PNT4,replace,1,nhắc,nói,1,1,False,none,Predicate vocabulary,,
NLI_3108,NLI,PNN,replace,0,vào,hồi,1,1,False,none,Connectives/Aspect markers,,
NLI_3108,NLI,PNT1,replace,0,mong muốn,ưng,2,1,False,none,Predicate vocabulary,,
NLI_3108,NLI,PNT2,replace,0,đã,đạ,1,1,True,dialect_phrase,Connectives/Aspect markers,đã,HaTinh_QB_QT
NLI_3108,NLI,PNT2,replace,1,mong muốn,ưng,2,1,False,none,Predicate vocabulary,,
NLI_3108,NLI,PNT3,replace,0,vào,hồi,1,1,False,none,Connectives/Aspect markers,,
NLI_3108,NLI,PNT3,replace,1,đã,đạ,1,1,True,dialect_phrase,Connectives/Aspect markers,đã,HaTinh_QB_QT
NLI_3108,NLI,PNT3,replace,2,mong muốn,ưng,2,1,False,none,Predicate vocabulary,,
NLI_3108,NLI,PNT4,replace,0,vào,hồi,1,1,False,none,Connectives/Aspect markers,,
NLI_3171,NLI,PNB,delete,0,ra,,1,0,False,none,Unknown,,
NLI_3171,NLI,PNB,delete,1,cho,,1,0,False,none,Unknown,,
NLI_3171,NLI,PNN,replace,0,vỡ vụn,banh,2,1,False,none,Predicate vocabulary,,
NLI_3171,NLI,PNT1,replace,0,làm,mần,1,1,True,dialect_phrase,Predicate vocabulary,làm,ThanhHoa
NLI_3171,NLI,PNT2,replace,0,làm,mần,1,1,True,dialect_phrase,Predicate vocabulary,làm,HaTinh_QB_QT
NLI_3171,NLI,PNT3,delete,0,ấy,,1,0,True,standard_word,Demonstratives/Deixis; Discourse particles,nớ; tê; đỏ,HaTinh_QB_QT; Hue
NLI_3171,NLI,PNT4,replace,0,quả,trái,1,1,False,none,Predicate vocabulary,,
NLI_3171,NLI,PNT4,replace,1,cô ấy vỡ vụn,cổ nát bét,4,3,False,none,Pronouns,,
NLI_3172,NLI,PNN,replace,0,có vẻ điều,coi bộ chuyện,3,3,False,none,Predicate vocabulary,,
NLI_3172,NLI,PNN,replace,1,không,hông,1,1,True,dialect_phrase,Negation/Function words,không,NamBo
NLI_3172,NLI,PNT2,replace,0,đó không,nớ nỏ,2,2,False,none,Multi-word idiom,,
NLI_3172,NLI,PNT3,replace,0,đó không,nớ nỏ,2,2,False,none,Multi-word idiom,,
NLI_3172,NLI,PNT3,replace,1,xem,chộ,1,1,True,dialect_phrase,Predicate vocabulary,thấy,HaTinh_QB_QT; Hue
NLI_3201,NLI,PNB,delete,0,bởi,,1,0,False,none,Unknown,,
NLI_3201,NLI,PNN,replace,0,bởi,tại,1,1,False,none,Connectives/Aspect markers,,
NLI_3201,NLI,PNT2,replace,0,bởi vì,do cấy,2,2,False,none,Connectives/Aspect markers,,
NLI_3201,NLI,PNT3,replace,0,bởi vì,tại,2,1,False,none,Connectives/Aspect markers,,
NLI_3201,NLI,PNT3,replace,1,nên,bơ,1,1,True,dialect_phrase,Connectives/Aspect markers,thì / nên,HaTinh_QB_QT
NLI_3201,NLI,PNT3,replace,2,mới muốn giành,mì ưng treng,3,3,False,none,Multi-word idiom,,
NLI_3201,NLI,PNT4,replace,0,bởi,tại,1,1,False,none,Connectives/Aspect markers,,
NLI_3211,NLI,PNN,replace,0,khổng lồ,bự chảng,2,2,False,none,Predicate vocabulary,,
NLI_3211,NLI,PNT1,replace,0,khổng,không,1,1,False,none,Orthographic variant,,
NLI_3211,NLI,PNT1,replace,1,vậy,rứa,1,1,False,none,Demonstratives/Deixis,,
NLI_3211,NLI,PNT2,replace,0,vậy,rứa,1,1,True,dialect_phrase,Demonstratives/Deixis,vậy / thế,NgheAn
NLI_3211,NLI,PNT3,replace,0,khổng lồ như vậy,bà lả in rứa,4,4,False,none,Multi-word idiom,,
NLI_3211,NLI,PNT4,replace,0,vậy,rứa,1,1,True,standard_word,Demonstratives/Deixis,như dậy; như ri; như rứa; như vầy; như vậy,PhuYen; QuangNam; QuangNgai
NLI_3269,NLI,PNB,replace,0,do,vì,1,1,False,none,Connectives/Aspect markers,,
NLI_3269,NLI,PNN,replace,0,do,tại,1,1,False,none,Connectives/Aspect markers,,
NLI_3269,NLI,PNN,replace,1,chú,con,1,1,False,none,Kinship/Honorific terms,,
NLI_3269,NLI,PNN,delete,2,như,,1,0,False,none,Unknown,,
NLI_3269,NLI,PNT1,replace,0,vậy nên,di niên,2,2,False,none,Connectives/Aspect markers,,
NLI_3269,NLI,PNT2,replace,0,nào làm,mô mần,2,2,False,none,Multi-word idiom,,
NLI_3269,NLI,PNT2,replace,1,vậy,rứa,1,1,True,dialect_phrase,Demonstratives/Deixis,vậy / thế,NgheAn
NLI_3269,NLI,PNT3,replace,0,chú,kì con,1,2,False,none,Kinship/Honorific terms,,
NLI_3269,NLI,PNT3,replace,1,nào làm,mô mần,2,2,False,none,Multi-word idiom,,
NLI_3269,NLI,PNT3,replace,2,như vậy,in ri,2,2,True,standard_word,Demonstratives/Deixis,như rứa,HaTinh_QB_QT; Hue
NLI_3269,NLI,PNT3,replace,3,mới,mì,1,1,False,none,Orthographic variant,,
NLI_3269,NLI,PNT4,replace,0,chú,con,1,1,False,none,Kinship/Honorific terms,,
NLI_3269,NLI,PNT4,replace,1,nào,mô,1,1,True,dialect_phrase,Interrogatives,đâu / nào,QuangNam
NLI_3269,NLI,PNT4,replace,2,vậy,ri,1,1,True,standard_word,Demonstratives/Deixis,như dậy; như ri; như rứa; như vầy; như vậy,PhuYen; QuangNam; QuangNgai
NLI_3276,NLI,PNN,replace,0,không,hông,1,1,True,dialect_phrase,Negation/Function words,không,NamBo
NLI_3276,NLI,PNT2,replace,0,không,nỏ,1,1,True,dialect_phrase,Negation/Function words,không,HaTinh_QB_QT; NgheAn
NLI_3276,NLI,PNT3,replace,0,không,nỏ,1,1,True,dialect_phrase,Negation/Function words,không,HaTinh_QB_QT
NLI_3276,NLI,PNT3,replace,1,của,cụa,1,1,False,none,Orthographic variant,,
NLI_3340,NLI,PNN,replace,0,ông ấy,ổng,2,1,True,dialect_phrase,Pronouns,ông ấy,NamBo
NLI_3340,NLI,PNN,delete,1,rất,,1,0,True,standard_word,Predicate vocabulary,dữ,NamBo
NLI_3340,NLI,PNN,insert,2,,lắc,0,1,False,none,Unknown,,
NLI_3340,NLI,PNT3,replace,0,từng,khi mô,1,2,True,dialect_phrase,Interrogatives,khi nào,HaTinh_QB_QT; Hue
NLI_3340,NLI,PNT3,replace,1,ấy đã,nớ đạ,2,2,False,none,Demonstratives/Deixis,,
NLI_3340,NLI,PNT3,replace,2,rất lâu,khi mô đến chừ,2,4,False,none,Idiomatic expressions,,
NLI_3340,NLI,PNT4,replace,0,ông ấy,ổng,2,1,True,dialect_phrase,Pronouns,ông ấy,PhuYen; QuangNgai
NLI_3719,NLI,PNN,replace,0,do,tại,1,1,False,none,Connectives/Aspect markers,,
NLI_3719,NLI,PNN,insert,1,,cú,0,1,False,none,Unknown,,
NLI_3719,NLI,PNT2,replace,0,số lượng lớn,vơ trời,3,2,False,none,Idiomatic expressions,,
NLI_3719,NLI,PNT3,replace,0,nên,bưa,1,1,True,dialect_phrase,Connectives/Aspect markers,thì / nên,HaTinh_QB_QT
NLI_3719,NLI,PNT3,replace,1,mới,mì,1,1,False,none,Orthographic variant,,
NLI_3719,NLI,PNT3,replace,2,giành,treng,1,1,False,none,Predicate vocabulary,,
NLI_3739,NLI,PNB,replace,0,khi,1h,1,1,False,none,Noise/Non-linguistic,,
NLI_3739,NLI,PNB,delete,1,1h,,1,0,False,none,Unknown,,
NLI_3739,NLI,PNB,insert,2,,được biết,0,2,False,none,Unknown,,
NLI_3739,NLI,PNN,replace,0,anh ấy,ảnh,2,1,True,dialect_phrase,Kinship/Honorific terms; Pronouns,anh; anh ấy,NamBo
NLI_3739,NLI,PNT1,replace,0,giải,giãi,1,1,False,none,Orthographic variant,,
NLI_3739,NLI,PNT2,replace,0,ấy,nớ,1,1,True,dialect_phrase,Demonstratives/Deixis,ấy / đó,HaTinh_QB_QT; NgheAn
NLI_3739,NLI,PNT3,replace,0,anh ấy,hấn,2,1,True,standard_word,Pronouns,anh (eng) nớ; anh tê; tê,HaTinh_QB_QT; Hue
NLI_3739,NLI,PNT4,replace,0,anh ấy,ảnh,2,1,True,dialect_phrase,Kinship/Honorific terms; Pronouns,anh; anh ấy,PhuYen; QuangNam; QuangNgai
NLI_3915,NLI,PNN,replace,0,ôtô cá,xe hơi cá,2,3,False,none,Predicate vocabulary,,
NLI_3915,NLI,PNT1,replace,0,thể gắn,thễ lắp,2,2,False,none,Noise/Non-linguistic,,
NLI_3915,NLI,PNT4,replace,0,ôtô cá nhân,xe hơi riêng,3,3,False,none,Predicate vocabulary,,
NLI_3951,NLI,PNT1,replace,0,có,cúa,1,1,False,none,Orthographic variant,,
NLI_3951,NLI,PNT2,replace,0,các,mấy,1,1,False,none,Negation/Function words,,
NLI_3951,NLI,PNT2,insert,1,,cả,0,1,False,none,Unknown,,
NLI_3951,NLI,PNT3,replace,0,các,mấy,1,1,False,none,Negation/Function words,,
NLI_3951,NLI,PNT3,delete,1,có thể,,2,0,False,none,Unknown,,
NLI_3951,NLI,PNT4,replace,0,các,mấy,1,1,False,none,Negation/Function words,,
NLI_3951,NLI,PNT4,replace,1,gắn,lắp,1,1,False,none,Predicate vocabulary,,
NLI_4015,NLI,PNN,replace,0,do,tại,1,1,False,none,Connectives/Aspect markers,,
NLI_4015,NLI,PNN,replace,1,không,hông,1,1,True,dialect_phrase,Negation/Function words,không,NamBo
NLI_4015,NLI,PNN,replace,2,vào,vô,1,1,False,none,Connectives/Aspect markers,,
NLI_4015,NLI,PNT1,replace,0,vào,vô,1,1,False,none,Connectives/Aspect markers,,
NLI_4015,NLI,PNT2,replace,0,không,nỏ,1,1,True,dialect_phrase,Negation/Function words,không,HaTinh_QB_QT; NgheAn
NLI_4015,NLI,PNT2,replace,1,vào,vô,1,1,False,none,Connectives/Aspect markers,,
NLI_4015,NLI,PNT3,replace,0,vào,vô,1,1,False,none,Connectives/Aspect markers,,
NLI_4015,NLI,PNT4,replace,0,vào,vô,1,1,False,none,Connectives/Aspect markers,,
NLI_4176,NLI,PNN,replace,0,không,hổng,1,1,True,standard_word,Negation/Function words,hông,NamBo
NLI_4176,NLI,PNN,replace,1,không,hổng,1,1,True,standard_word,Negation/Function words,hông,NamBo
NLI_4176,NLI,PNT1,replace,0,đủ,đũ,1,1,False,none,Orthographic variant,,
NLI_4176,NLI,PNT1,replace,1,triển,triễn,1,1,False,none,Orthographic variant,,
NLI_4176,NLI,PNT2,replace,0,không,nỏ,1,1,True,dialect_phrase,Negation/Function words,không,HaTinh_QB_QT; NgheAn
NLI_4176,NLI,PNT2,replace,1,không,nỏ,1,1,True,dialect_phrase,Negation/Function words,không,HaTinh_QB_QT; NgheAn
NLI_4176,NLI,PNT3,replace,0,không,nỏ,1,1,True,dialect_phrase,Negation/Function words,không,HaTinh_QB_QT
NLI_4176,NLI,PNT3,replace,1,không,nỏ,1,1,True,dialect_phrase,Negation/Function words,không,HaTinh_QB_QT
NLI_4176,NLI,PNT4,insert,0,,tại,0,1,False,none,Unknown,,
NLI_4217,NLI,PNN,replace,0,mang thai,có chửa,2,2,False,none,Predicate vocabulary,,
NLI_4217,NLI,PNN,replace,1,cô,cổ,1,1,True,dialect_phrase,Pronouns,cô ấy,NamBo
NLI_4217,NLI,PNN,replace,2,không,hông,1,1,True,dialect_phrase,Negation/Function words,không,NamBo
NLI_4217,NLI,PNN,replace,3,vào,vô,1,1,False,none,Connectives/Aspect markers,,
NLI_4217,NLI,PNT1,replace,0,mang thai,có bầu,2,2,False,none,Predicate vocabulary,,
NLI_4217,NLI,PNT1,replace,1,không,chả,1,1,False,none,Negation/Function words,,
NLI_4217,NLI,PNT1,replace,2,bắt,tống,1,1,False,none,Predicate vocabulary,,
NLI_4217,NLI,PNT2,replace,0,nào,mô,1,1,True,dialect_phrase,Interrogatives; Negation/Function words,đâu (phủ định); đâu / nào,HaTinh_QB_QT; NgheAn
NLI_4217,NLI,PNT2,insert,1,,cả,0,1,False,none,Unknown,,
NLI_4217,NLI,PNT3,replace,0,thai,bầu,1,1,False,none,Predicate vocabulary,,
NLI_4217,NLI,PNT3,replace,1,không,nỏ,1,1,True,dialect_phrase,Negation/Function words,không,HaTinh_QB_QT
NLI_4217,NLI,PNT3,replace,2,nào,mô,1,1,True,dialect_phrase,Interrogatives; Negation/Function words,đâu (phủ định); đâu / nào,HaTinh_QB_QT; Hue
NLI_4217,NLI,PNT3,replace,3,vào,vô,1,1,False,none,Connectives/Aspect markers,,
NLI_4221,NLI,PNN,replace,0,chắn,cú,1,1,False,none,Predicate vocabulary,,
NLI_4221,NLI,PNN,replace,1,những,mấy,1,1,False,none,Negation/Function words,,
NLI_4221,NLI,PNN,replace,2,không,hông,1,1,True,dialect_phrase,Negation/Function words,không,NamBo
NLI_4221,NLI,PNT2,replace,0,nào,mô,1,1,True,dialect_phrase,Interrogatives; Negation/Function words,đâu (phủ định); đâu / nào,HaTinh_QB_QT; NgheAn
NLI_4221,NLI,PNT3,replace,0,những,mấy,1,1,False,none,Negation/Function words,,
NLI_4221,NLI,PNT3,replace,1,không,nỏ,1,1,True,dialect_phrase,Negation/Function words,không,HaTinh_QB_QT
NLI_4221,NLI,PNT3,replace,2,gì,chi,1,1,True,dialect_phrase,Interrogatives,gì; sao / thế nào,HaTinh_QB_QT; Hue
NLI_4221,NLI,PNT3,replace,3,nào,mô,1,1,True,dialect_phrase,Interrogatives; Negation/Function words,đâu (phủ định); đâu / nào,HaTinh_QB_QT; Hue
NLI_4233,NLI,PNN,replace,0,tự do,thả giàn,2,2,False,none,Idiomatic expressions,,
NLI_4233,NLI,PNT1,replace,0,đi,đẫy,1,1,False,none,Orthographic variant,,
NLI_4233,NLI,PNT2,replace,0,người dân,bà con,2,2,False,none,Predicate vocabulary,,
NLI_4233,NLI,PNT4,replace,0,trong giai đoạn,hồi,3,1,False,none,Connectives/Aspect markers,,
NLI_4266,NLI,PNB,replace,0,chúng,bọn,1,1,False,none,Pronouns,,
NLI_4266,NLI,PNB,replace,1,mỏi,nhọc,1,1,False,none,Predicate vocabulary,,
NLI_4266,NLI,PNN,replace,0,chúng tôi,tụi tui,2,2,True,dialect_phrase,Pronouns,chúng tôi,NamBo
NLI_4266,NLI,PNN,replace,1,mệt mỏi,oải,2,1,False,none,Predicate vocabulary,,
NLI_4266,NLI,PNT1,replace,0,nên,niên,1,1,False,none,Orthographic variant,,
NLI_4266,NLI,PNT1,replace,1,mỏi gì,mõi chi,2,2,False,none,Multi-word idiom,,
NLI_4266,NLI,PNT2,replace,0,chúng tôi,nhà choa,2,2,True,standard_word,Pronouns,choa,HaTinh_QB_QT; NgheAn
NLI_4266,NLI,PNT2,replace,1,này,ni,1,1,True,dialect_phrase,Demonstratives/Deixis,này,HaTinh_QB_QT; NgheAn
NLI_4266,NLI,PNT2,replace,2,không,nỏ,1,1,True,dialect_phrase,Negation/Function words,không,HaTinh_QB_QT; NgheAn
NLI_4266,NLI,PNT2,replace,3,gì,chi,1,1,True,dialect_phrase,Interrogatives,gì,HaTinh_QB_QT; NgheAn
NLI_4266,NLI,PNT3,replace,0,chúng tôi,choa,2,1,True,dialect_phrase,Pronouns,chúng tôi,HaTinh_QB_QT
NLI_4266,NLI,PNT3,replace,1,này nên không mệt mỏi gì,ni bơ nỏ dọc chi,6,5,False,none,Multi-word idiom,,
NLI_4266,NLI,PNT4,replace,0,này,ni,1,1,True,dialect_phrase,Demonstratives/Deixis,này,QuangNam
NLI_4266,NLI,PNT4,replace,1,gì,chi,1,1,True,dialect_phrase,Interrogatives,gì,QuangNam
NLI_4394,NLI,PNN,replace,0,khiến các,làm mấy,2,2,False,none,Multi-word idiom,,
NLI_4394,NLI,PNN,replace,1,không,hông,1,1,True,dialect_phrase,Negation/Function words,không,NamBo
NLI_4394,NLI,PNN,replace,2,và bật,với té,2,2,False,none,Multi-word idiom,,
NLI_4394,NLI,PNT1,replace,0,ngỡ,ngở,1,1,False,none,Orthographic variant,,
NLI_4394,NLI,PNT1,replace,1,ngửa,ngữa,1,1,False,none,Orthographic variant,,
NLI_4394,NLI,PNT2,insert,0,,nớ,0,1,True,dialect_phrase,Demonstratives/Deixis,ấy / đó,HaTinh_QB_QT; NgheAn
NLI_4394,NLI,PNT2,insert,1,,cấy,0,1,True,dialect_phrase,Negation/Function words,cái,HaTinh_QB_QT; NgheAn
NLI_4394,NLI,PNT2,replace,2,bật,bổ,1,1,True,dialect_phrase,Predicate vocabulary,ngã,HaTinh_QB_QT
NLI_4394,NLI,PNT3,replace,0,khiến các,mần mấy,2,2,False,none,Multi-word idiom,,
NLI_4394,NLI,PNT3,replace,1,không,khung,1,1,True,standard_word,Negation/Function words,nỏ,HaTinh_QB_QT
NLI_4394,NLI,PNT4,replace,0,khiến,làm,1,1,True,dialect_phrase,Predicate vocabulary,làm,PhuYen; QuangNam; QuangNgai
NLI_4572,NLI,PNB,replace,0,soán,soát,1,1,False,none,Orthographic variant,,
NLI_4572,NLI,PNB,insert,1,,được,0,1,False,none,Unknown,,
NLI_4572,NLI,PNN,replace,0,tình hình kinh doanh,vụ làm ăn,4,3,False,none,Idiomatic expressions,,
NLI_4572,NLI,PNN,replace,1,những gì,mấy cái,2,2,False,none,Multi-word idiom,,
NLI_4572,NLI,PNT2,replace,0,gì,chi,1,1,True,dialect_phrase,Interrogatives,gì,HaTinh_QB_QT; NgheAn
NLI_4572,NLI,PNT3,replace,0,soán,soát,1,1,False,none,Orthographic variant,,
NLI_4572,NLI,PNT3,replace,1,những gì,mấy cấy,2,2,False,none,Interrogatives,,
NLI_4616,NLI,PNN,replace,0,nói rằng ông,kêu là ổng,3,3,False,none,Multi-word idiom,,
NLI_4616,NLI,PNN,replace,1,không,hông,1,1,True,dialect_phrase,Negation/Function words,không,NamBo
NLI_4616,NLI,PNN,replace,2,cả,hết,1,1,False,none,Negation/Function words,,
NLI_4616,NLI,PNT1,replace,0,vậy,rứa,1,1,False,none,Demonstratives/Deixis,,
NLI_4616,NLI,PNT2,replace,0,vậy,rứa,1,1,True,dialect_phrase,Demonstratives/Deixis,vậy / thế,NgheAn
NLI_4616,NLI,PNT2,replace,1,không,khung,1,1,True,standard_word,Negation/Function words,nỏ,HaTinh_QB_QT; NgheAn
NLI_4616,NLI,PNT3,replace,0,đã,đạ,1,1,True,dialect_phrase,Connectives/Aspect markers,đã,HaTinh_QB_QT
NLI_4616,NLI,PNT3,replace,1,như vậy,in rứa,2,2,True,standard_word,Demonstratives/Deixis,như rứa,HaTinh_QB_QT; Hue
NLI_4616,NLI,PNT3,replace,2,không,nỏ,1,1,True,dialect_phrase,Negation/Function words,không,HaTinh_QB_QT
NLI_4616,NLI,PNT4,replace,0,vậy,rứa,1,1,True,standard_word,Demonstratives/Deixis,như dậy; như ri; như rứa; như vầy; như vậy,PhuYen; QuangNam; QuangNgai
NLI_4616,NLI,PNT4,replace,1,gì,chi,1,1,True,dialect_phrase,Interrogatives,gì,QuangNam
NLI_4654,NLI,PNB,replace,0,lại,cản,1,1,False,none,Predicate vocabulary,,
NLI_4654,NLI,PNB,replace,1,ấy,ta,1,1,True,standard_word,Demonstratives/Deixis,ấy,BacBo
NLI_4654,NLI,PNT1,replace,0,đã,đả,1,1,False,none,Orthographic variant,,
NLI_4654,NLI,PNT2,replace,0,ấy,nớ,1,1,True,dialect_phrase,Demonstratives/Deixis,ấy / đó,HaTinh_QB_QT; NgheAn
NLI_4654,NLI,PNT3,replace,0,đã,đạ,1,1,True,dialect_phrase,Connectives/Aspect markers,đã,HaTinh_QB_QT
NLI_4654,NLI,PNT3,replace,1,cậu bé,thằng cu,2,2,False,none,Pronouns,,
NLI_4654,NLI,PNT3,replace,2,cậu ấy,thằng cu nớ,2,3,False,none,Pronouns,,
NLI_4746,NLI,PNB,replace,0,nói rằng,bảo là,2,2,False,none,Idiomatic expressions,,
NLI_4746,NLI,PNB,replace,1,gì,sao,1,1,True,dialect_phrase,Interrogatives,sao / thế nào,BacBo
NLI_4746,NLI,PNN,replace,0,nói rằng,kêu là,2,2,False,none,Multi-word idiom,,
NLI_4746,NLI,PNN,replace,1,không,hông,1,1,True,dialect_phrase,Negation/Function words,không,NamBo
NLI_4746,NLI,PNT1,replace,0,không,chả,1,1,False,none,Negation/Function words,,
NLI_4746,NLI,PNT2,replace,0,gì,chi,1,1,True,dialect_phrase,Interrogatives,gì,HaTinh_QB_QT; NgheAn
NLI_4746,NLI,PNT2,replace,1,nó,hấn,1,1,True,standard_word,Pronouns,hắn; nghị,HaTinh_QB_QT
NLI_4746,NLI,PNT3,replace,0,không,nỏ,1,1,True,dialect_phrase,Negation/Function words,không,HaTinh_QB_QT
NLI_4746,NLI,PNT3,replace,1,gì,chi,1,1,True,dialect_phrase,Interrogatives,gì; sao / thế nào,HaTinh_QB_QT; Hue
NLI_4746,NLI,PNT3,replace,2,nó,hắn,1,1,True,dialect_phrase,Pronouns,nó,HaTinh_QB_QT; Hue
NLI_4746,NLI,PNT4,replace,0,rằng,là,1,1,False,none,Connectives/Aspect markers,,
NLI_4746,NLI,PNT4,replace,1,không,hông,1,1,True,dialect_phrase,Negation/Function words,không,QuangNgai
NLI_4746,NLI,PNT4,replace,2,gì nhưng mọi người đều,chi chớ ai cũng,5,4,False,none,Interrogatives,,
NLI_4746,NLI,PNT4,replace,3,nó,hén,1,1,True,dialect_phrase,Pronouns,nó,QuangNam
NLI_4801,NLI,PNB,replace,0,trả,mượn,1,1,False,none,Predicate vocabulary,,
NLI_4801,NLI,PNN,replace,0,tôi không,tui hông,2,2,False,none,Multi-word idiom,,
NLI_4801,NLI,PNT2,replace,0,không,nỏ,1,1,True,dialect_phrase,Negation/Function words,không,HaTinh_QB_QT; NgheAn
NLI_4801,NLI,PNT2,insert,1,,chi,0,1,True,dialect_phrase,Interrogatives,gì,HaTinh_QB_QT; NgheAn
NLI_4801,NLI,PNT3,replace,0,vợ chồng tôi không hiểu,cấy dông tau nỏ khỏi nghi ngờ,5,7,False,none,Multi-word idiom,,
NLI_4801,NLI,PNT3,replace,1,vay,sự xác đáng của mạn tiền,1,6,False,none,Noise/Non-linguistic,,
NLI_4801,NLI,PNT3,insert,2,,từng đợt,0,2,False,none,Unknown,,
NLI_4856,NLI,PNB,replace,0,ngườ,người,1,1,False,none,Orthographic variant,,
NLI_4856,NLI,PNB,replace,1,kì,kỳ,1,1,False,none,Orthographic variant,,
NLI_4856,NLI,PNB,insert,2,,được,0,1,False,none,Unknown,,
NLI_4856,NLI,PNB,insert,3,,của,0,1,False,none,Unknown,,
NLI_4856,NLI,PNB,insert,4,,giữ,0,1,False,none,Unknown,,
NLI_4856,NLI,PNN,replace,0,rằng,là,1,1,False,none,Connectives/Aspect markers,,
NLI_4856,NLI,PNT3,replace,0,ngườ dân,ngài,2,1,False,none,Noise/Non-linguistic,,
NLI_4856,NLI,PNT4,replace,0,rằng,là,1,1,False,none,Connectives/Aspect markers,,
NLI_4856,NLI,PNT4,insert,1,,nớ,0,1,True,dialect_phrase,Demonstratives/Deixis,ấy / đó,QuangNam
NLI_4856,NLI,PNT4,replace,2,trở thành,làm,2,1,True,dialect_phrase,Predicate vocabulary,làm,PhuYen; QuangNam; QuangNgai
NLI_4916,NLI,PNN,replace,0,đồng ý,chịu,2,1,False,none,Predicate vocabulary,,
NLI_4916,NLI,PNN,replace,1,đồng ý,chịu,2,1,False,none,Predicate vocabulary,,
NLI_4916,NLI,PNT1,replace,0,nên,niên,1,1,False,none,Orthographic variant,,
NLI_4916,NLI,PNT1,replace,1,diễn,diển,1,1,False,none,Orthographic variant,,
NLI_4916,NLI,PNT2,replace,0,này,ni,1,1,True,dialect_phrase,Demonstratives/Deixis,này,HaTinh_QB_QT; NgheAn
NLI_4916,NLI,PNT3,replace,0,này,ni,1,1,True,dialect_phrase,Demonstratives/Deixis,này,HaTinh_QB_QT; Hue
NLI_5143,NLI,PNB,replace,0,sự,tính,1,1,False,none,Predicate vocabulary,,
NLI_5143,NLI,PNB,insert,1,,việc,0,1,False,none,Unknown,,
NLI_5143,NLI,PNN,replace,0,tôi không,tui hông,2,2,False,none,Multi-word idiom,,
NLI_5143,NLI,PNN,replace,1,mượn,mướn,1,1,False,none,Orthographic variant,,
NLI_5143,NLI,PNT1,replace,0,khỏi,thể không,1,2,False,none,Negation/Function words,,
NLI_5143,NLI,PNT1,replace,1,xác đáng,minh bạch,2,2,False,none,Predicate vocabulary,,
NLI_5143,NLI,PNT2,replace,0,tôi,tau,1,1,True,dialect_phrase,Pronouns,tao,HaTinh_QB_QT
NLI_5143,NLI,PNT2,replace,1,xác,chính,1,1,False,none,Predicate vocabulary,,
NLI_5143,NLI,PNT2,insert,2,,ni,0,1,True,dialect_phrase,Demonstratives/Deixis,này,HaTinh_QB_QT; NgheAn
NLI_5143,NLI,PNT3,replace,0,tôi không,tau khung,2,2,False,none,Multi-word idiom,,
NLI_5143,NLI,PNT3,replace,1,ngờ,ngại,1,1,False,none,Predicate vocabulary,,
NLI_5143,NLI,PNT3,replace,2,mượn,mạn,1,1,False,none,Orthographic variant,,
NLI_5167,NLI,PNB,insert,0,,với,0,1,False,none,Unknown,,
NLI_5167,NLI,PNT1,replace,0,mắc,bị,1,1,False,none,Predicate vocabulary,,
NLI_5167,NLI,PNT3,replace,0,mắc,dính,1,1,False,none,Predicate vocabulary,,
NLI_5263,NLI,PNB,replace,0,thành công,được,2,1,False,none,Predicate vocabulary,,
NLI_5263,NLI,PNN,replace,0,và các,với mấy,2,2,False,none,Multi-word idiom,,
NLI_5263,NLI,PNN,replace,1,tại,ở,1,1,False,none,Predicate vocabulary,,
NLI_5263,NLI,PNN,replace,2,không,hông,1,1,True,dialect_phrase,Negation/Function words,không,NamBo
NLI_5263,NLI,PNT2,replace,0,tại,lộ,1,1,False,none,Noise/Non-linguistic,,
NLI_5263,NLI,PNT2,replace,1,không,nỏ,1,1,True,dialect_phrase,Negation/Function words,không,HaTinh_QB_QT; NgheAn
NLI_5263,NLI,PNT3,replace,0,đã,đạ,1,1,True,dialect_phrase,Connectives/Aspect markers,đã,HaTinh_QB_QT
NLI_5263,NLI,PNT3,replace,1,cô,ả,1,1,False,none,Pronouns,,
NLI_5263,NLI,PNT3,replace,2,nhưng không,mà nỏ,2,2,False,none,Multi-word idiom,,
NLI_5263,NLI,PNT4,replace,0,và các,với mấy,2,2,False,none,Multi-word idiom,,
NLI_5263,NLI,PNT4,replace,1,cô tại,cổ ở,2,2,False,none,Pronouns,,
NLI_5263,NLI,PNT4,replace,2,không thành công,hông được,3,2,False,none,Negation/Function words,,
NLI_5366,NLI,PNT1,replace,0,sẽ,sẻ,1,1,False,none,Orthographic variant,,
NLI_5366,NLI,PNT3,replace,0,không,nỏ,1,1,True,dialect_phrase,Negation/Function words,không,HaTinh_QB_QT
NLI_5366,NLI,PNT4,replace,0,các,mấy,1,1,False,none,Negation/Function words,,
NLI_5366,NLI,PNT4,replace,1,sử dụng,dùng,2,1,False,none,Predicate vocabulary,,
NLI_5368,NLI,PNB,replace,0,tính thân,tinh thần,2,2,False,none,Noise/Non-linguistic,,
NLI_5368,NLI,PNB,replace,1,anh ấy,mình,2,1,False,none,Pronouns,,
NLI_5368,NLI,PNN,replace,0,không,hông,1,1,True,dialect_phrase,Negation/Function words,không,NamBo
NLI_5368,NLI,PNN,replace,1,anh ấy,ảnh,2,1,True,dialect_phrase,Kinship/Honorific terms; Pronouns,anh; anh ấy,NamBo
NLI_5368,NLI,PNT1,replace,0,không,chả,1,1,False,none,Negation/Function words,,
NLI_5368,NLI,PNT1,replace,1,tính thân,tinh thần,2,2,False,none,Noise/Non-linguistic,,
NLI_5368,NLI,PNT2,replace,0,không,nỏ,1,1,True,dialect_phrase,Negation/Function words,không,HaTinh_QB_QT; NgheAn
NLI_5368,NLI,PNT2,replace,1,ấy,nớ,1,1,True,dialect_phrase,Demonstratives/Deixis,ấy / đó,HaTinh_QB_QT; NgheAn
NLI_5368,NLI,PNT3,replace,0,không,nỏ,1,1,True,dialect_phrase,Negation/Function words,không,HaTinh_QB_QT
NLI_5368,NLI,PNT3,replace,1,anh ấy,eng nớ,2,2,True,standard_word,Pronouns,anh (eng) nớ; anh tê; tê,HaTinh_QB_QT; Hue
NLI_5368,NLI,PNT4,replace,0,anh ấy,ảnh,2,1,True,dialect_phrase,Kinship/Honorific terms; Pronouns,anh; anh ấy,PhuYen; QuangNam; QuangNgai
NLI_5451,NLI,PNB,replace,0,chiếc,cái,1,1,True,dialect_phrase,Negation/Function words,cái,BacBo
NLI_5451,NLI,PNB,replace,1,cậu,nó,1,1,True,dialect_phrase,Pronouns,nó,BacBo
NLI_5451,NLI,PNN,replace,0,nhiều,nhóc,1,1,False,none,Predicate vocabulary,,
NLI_5451,NLI,PNT1,replace,0,có,cúa,1,1,False,none,Orthographic variant,,
NLI_5451,NLI,PNT2,replace,0,đó,nớ,1,1,True,dialect_phrase,Demonstratives/Deixis,ấy / đó,HaTinh_QB_QT; NgheAn
NLI_5451,NLI,PNT2,replace,1,nhiều,một mớ,1,2,True,standard_word,Predicate vocabulary,diều,HaTinh_QB_QT
NLI_5451,NLI,PNT2,replace,2,cùng cậu,với cu nớ,2,3,False,none,Multi-word idiom,,
NLI_5451,NLI,PNT3,replace,0,chiếc,kì,1,1,True,dialect_phrase,Negation/Function words,cái,HaTinh_QB_QT
NLI_5451,NLI,PNT3,replace,1,đó,nớ,1,1,True,dialect_phrase,Demonstratives/Deixis,kia; ấy / đó,HaTinh_QB_QT; Hue
NLI_5451,NLI,PNT3,replace,2,cậu,cu nớ,1,2,False,none,Pronouns,,
NLI_5518,NLI,PNB,insert,0,,đó,0,1,False,none,Unknown,,
NLI_5518,NLI,PNB,delete,1,dẫn đến phán đoán của,,5,0,False,none,Unknown,,
NLI_5518,NLI,PNB,insert,2,,đưa ra phán đoán,0,4,False,none,Unknown,,
NLI_5518,NLI,PNN,replace,0,không,hông,1,1,True,dialect_phrase,Negation/Function words,không,NamBo
NLI_5518,NLI,PNN,replace,1,không,hông,1,1,True,dialect_phrase,Negation/Function words,không,NamBo
NLI_5518,NLI,PNN,replace,2,đến,tới,1,1,False,none,Predicate vocabulary,,
NLI_5518,NLI,PNN,replace,3,các,mấy,1,1,False,none,Negation/Function words,,
NLI_5518,NLI,PNT2,replace,0,không,nỏ,1,1,True,dialect_phrase,Negation/Function words,không,HaTinh_QB_QT; NgheAn
NLI_5518,NLI,PNT2,replace,1,không,nỏ,1,1,True,dialect_phrase,Negation/Function words,không,HaTinh_QB_QT; NgheAn
NLI_5518,NLI,PNT3,replace,0,không,nỏ,1,1,True,dialect_phrase,Negation/Function words,không,HaTinh_QB_QT
NLI_5518,NLI,PNT3,replace,1,nhưng,mà,1,1,False,none,Connectives/Aspect markers,,
NLI_5518,NLI,PNT3,replace,2,nên,bơ,1,1,True,dialect_phrase,Connectives/Aspect markers,thì / nên,HaTinh_QB_QT
NLI_5518,NLI,PNT3,replace,3,không,nỏ,1,1,True,dialect_phrase,Negation/Function words,không,HaTinh_QB_QT
NLI_5586,NLI,PNB,insert,0,,đã,0,1,False,none,Unknown,,
NLI_5586,NLI,PNB,insert,1,,được,0,1,False,none,Unknown,,
NLI_5586,NLI,PNB,insert,2,,vai,0,1,False,none,Unknown,,
NLI_5586,NLI,PNN,replace,0,cô ấy,cổ,2,1,True,dialect_phrase,Pronouns,cô ấy,NamBo
NLI_5586,NLI,PNT2,insert,0,,đạ,0,1,True,dialect_phrase,Connectives/Aspect markers,đã,HaTinh_QB_QT
NLI_5586,NLI,PNT3,replace,0,cô ấy,ả nớ,2,2,True,standard_word,Pronouns,o nớ,HaTinh_QB_QT; Hue
NLI_5586,NLI,PNT4,replace,0,cô ấy,cổ,2,1,True,dialect_phrase,Pronouns,cô ấy,PhuYen; QuangNgai
NLI_5704,NLI,PNN,replace,0,do,tại,1,1,False,none,Connectives/Aspect markers,,
NLI_5704,NLI,PNN,replace,1,có vẻ ngoài không,nhìn hông,4,2,False,none,Multi-word idiom,,
NLI_5704,NLI,PNN,replace,2,gọi,kêu,1,1,True,dialect_phrase,Predicate vocabulary,gọi,NamBo
NLI_5704,NLI,PNT1,replace,0,con,cuôn,1,1,False,none,Orthographic variant,,
NLI_5704,NLI,PNT1,replace,1,nó,hấn,1,1,False,none,Pronouns,,
NLI_5704,NLI,PNT2,replace,0,này,ni,1,1,True,dialect_phrase,Demonstratives/Deixis,này,HaTinh_QB_QT; NgheAn
NLI_5704,NLI,PNT2,replace,1,không,nỏ,1,1,True,dialect_phrase,Negation/Function words,không,HaTinh_QB_QT; NgheAn
NLI_5704,NLI,PNT2,replace,2,nên người ta mới gọi nó,bơ họ mì kêu hắn,6,5,False,none,Multi-word idiom,,
NLI_5704,NLI,PNT3,replace,0,này có vẻ ngoài không được,ni trông nỏ,6,3,False,none,Multi-word idiom,,
NLI_5704,NLI,PNT3,replace,1,mới,mì,1,1,False,none,Orthographic variant,,
NLI_5704,NLI,PNT3,replace,2,nó,hấn,1,1,True,standard_word,Pronouns,hắn; nghị,HaTinh_QB_QT; Hue
NLI_5704,NLI,PNT4,replace,0,do,tại,1,1,False,none,Connectives/Aspect markers,,
NLI_5704,NLI,PNT4,replace,1,này có vẻ ngoài,ni nhìn,4,2,False,none,Demonstratives/Deixis,,
NLI_5704,NLI,PNT4,replace,2,nó,hén,1,1,True,dialect_phrase,Pronouns,nó,QuangNam
NLI_5715,NLI,PNT1,replace,0,nay,ni,1,1,True,dialect_phrase,Demonstratives/Deixis,này,ThanhHoa
NLI_5715,NLI,PNT2,replace,0,nay,ni,1,1,True,dialect_phrase,Demonstratives/Deixis,này,HaTinh_QB_QT; NgheAn
NLI_5715,NLI,PNT3,replace,0,đã,đạ,1,1,True,dialect_phrase,Connectives/Aspect markers,đã,HaTinh_QB_QT
NLI_5715,NLI,PNT3,replace,1,nay,ni đỏ,1,2,False,none,Demonstratives/Deixis,,
NLI_5715,NLI,PNT4,replace,0,nay,ni,1,1,True,dialect_phrase,Demonstratives/Deixis,này,QuangNam
NLI_5733,NLI,PNT1,replace,0,đã,đả,1,1,False,none,Orthographic variant,,
NLI_5733,NLI,PNT1,replace,1,đó,nứ,1,1,True,dialect_phrase,Demonstratives/Deixis,ấy / đó,ThanhHoa
NLI_5733,NLI,PNT2,replace,0,đó,nớ,1,1,True,dialect_phrase,Demonstratives/Deixis,ấy / đó,HaTinh_QB_QT; NgheAn
NLI_5733,NLI,PNT3,replace,0,đã,đạ,1,1,True,dialect_phrase,Connectives/Aspect markers,đã,HaTinh_QB_QT
NLI_5733,NLI,PNT3,replace,1,đó,nớ,1,1,True,dialect_phrase,Demonstratives/Deixis,kia; ấy / đó,HaTinh_QB_QT; Hue
NLI_5735,NLI,PNB,replace,0,mọi,tất cả,1,2,False,none,Negation/Function words,,
NLI_5735,NLI,PNB,replace,1,cha,bố,1,1,True,dialect_phrase,Kinship/Honorific terms,bố,BacBo
NLI_5735,NLI,PNN,replace,0,mọi,hết thảy,1,2,False,none,Negation/Function words,,
NLI_5735,NLI,PNN,replace,1,khi,lúc,1,1,False,none,Connectives/Aspect markers,,
NLI_5735,NLI,PNN,replace,2,cha,ba,1,1,False,none,Kinship/Honorific terms,,
NLI_5735,NLI,PNN,replace,3,tôi,tui,1,1,True,dialect_phrase,Pronouns,tôi,NamBo
NLI_5735,NLI,PNT1,replace,0,sản của,sãn cũa,2,2,False,none,Orthographic variant,,
NLI_5735,NLI,PNT3,replace,0,bà cha,mệ bọ,2,2,False,none,Kinship/Honorific terms,,
NLI_5735,NLI,PNT3,replace,1,tôi,tau,1,1,True,dialect_phrase,Pronouns,tao; tôi,HaTinh_QB_QT; Hue
NLI_5735,NLI,PNT4,replace,0,cha,ba,1,1,True,dialect_phrase,Kinship/Honorific terms,bố,QuangNam; QuangNgai
NLI_5735,NLI,PNT4,replace,1,tôi,tui,1,1,True,dialect_phrase,Pronouns,tôi,PhuYen; QuangNgai
NLI_5746,NLI,PNN,replace,0,tôi,tui,1,1,True,dialect_phrase,Pronouns,tôi,NamBo
NLI_5746,NLI,PNT1,replace,0,tôi,tau,1,1,True,standard_word,Pronouns,choa,ThanhHoa
NLI_5746,NLI,PNT2,replace,0,vậy,rứa,1,1,True,dialect_phrase,Demonstratives/Deixis,vậy / thế,NgheAn
NLI_5746,NLI,PNT3,replace,0,vậy tôi,rứa tau,2,2,False,none,Multi-word idiom,,
NLI_5746,NLI,PNT3,replace,1,gặp,chộ,1,1,True,dialect_phrase,Predicate vocabulary,thấy,HaTinh_QB_QT; Hue
NLI_5746,NLI,PNT4,replace,0,vậy,rứa,1,1,True,standard_word,Demonstratives/Deixis,như dậy; như ri; như rứa; như vầy; như vậy,PhuYen; QuangNam; QuangNgai
NLI_6110,NLI,PNN,replace,0,những việc,mấy vụ,2,2,False,none,Negation/Function words,,
NLI_6110,NLI,PNN,delete,1,một,,1,0,False,none,Unknown,,
NLI_6110,NLI,PNN,insert,2,,ên,0,1,False,none,Unknown,,
NLI_6110,NLI,PNN,replace,3,không,hông,1,1,True,dialect_phrase,Negation/Function words,không,NamBo
NLI_6110,NLI,PNN,replace,4,những,mấy,1,1,False,none,Negation/Function words,,
NLI_6110,NLI,PNT1,replace,0,làm,mần,1,1,True,dialect_phrase,Predicate vocabulary,làm,ThanhHoa
NLI_6110,NLI,PNT1,replace,1,đó,nứ,1,1,True,dialect_phrase,Demonstratives/Deixis,ấy / đó,ThanhHoa
NLI_6110,NLI,PNT2,replace,0,làm,mần,1,1,True,dialect_phrase,Predicate vocabulary,làm,HaTinh_QB_QT
NLI_6110,NLI,PNT2,replace,1,đó,nớ,1,1,True,dialect_phrase,Demonstratives/Deixis,ấy / đó,HaTinh_QB_QT; NgheAn
NLI_6110,NLI,PNT2,replace,2,không,nỏ,1,1,True,dialect_phrase,Negation/Function words,không,HaTinh_QB_QT; NgheAn
NLI_6110,NLI,PNT2,replace,3,sợ hãi,sình hại,2,2,True,standard_word,Predicate vocabulary,hại; tởn,HaTinh_QB_QT; NgheAn
NLI_6110,NLI,PNT3,delete,0,dạ,,1,0,False,none,Unknown,,
NLI_6110,NLI,PNT3,replace,1,làm,mần,1,1,True,dialect_phrase,Predicate vocabulary,làm,HaTinh_QB_QT; Hue
NLI_6110,NLI,PNT3,replace,2,đó,nớ,1,1,True,dialect_phrase,Demonstratives/Deixis,kia; ấy / đó,HaTinh_QB_QT; Hue
NLI_6110,NLI,PNT3,replace,3,mình,chắc,1,1,False,none,Noise/Non-linguistic,,
NLI_6110,NLI,PNT3,replace,4,không,nọ,1,1,True,standard_word,Negation/Function words,nỏ,HaTinh_QB_QT
NLI_6110,NLI,PNT3,replace,5,sợ hãi,tởn,2,1,True,dialect_phrase,Predicate vocabulary,sợ hãi / e dè,HaTinh_QB_QT; Hue
NLI_6110,NLI,PNT3,replace,6,gặp,chộ,1,1,True,dialect_phrase,Predicate vocabulary,thấy,HaTinh_QB_QT; Hue
NLI_6110,NLI,PNT4,replace,0,những việc đó,mấy chuyện nớ,3,3,False,none,Demonstratives/Deixis,,
NLI_6110,NLI,PNT4,replace,1,và,với,1,1,False,none,Connectives/Aspect markers,,
NLI_6110,NLI,PNT4,replace,2,sợ hãi,hại,2,1,False,none,Noise/Non-linguistic,,
NLI_6110,NLI,PNT4,replace,3,những,mấy,1,1,False,none,Negation/Function words,,
NLI_6129,NLI,PNN,replace,0,đột,tự,1,1,False,none,Noise/Non-linguistic,,
NLI_6129,NLI,PNN,replace,1,và,rồi,1,1,False,none,Connectives/Aspect markers,,
NLI_6129,NLI,PNN,replace,2,không,hông,1,1,True,dialect_phrase,Negation/Function words,không,NamBo
NLI_6129,NLI,PNT1,replace,0,nào,mô,1,1,True,dialect_phrase,Negation/Function words,đâu (phủ định),ThanhHoa
NLI_6129,NLI,PNT2,replace,0,đột,tự,1,1,False,none,Noise/Non-linguistic,,
NLI_6129,NLI,PNT2,replace,1,không,nỏ,1,1,True,dialect_phrase,Negation/Function words,không,HaTinh_QB_QT; NgheAn
NLI_6129,NLI,PNT2,replace,2,nào,mô cả,1,2,True,standard_word,Interrogatives,mô,HaTinh_QB_QT; NgheAn
NLI_6129,NLI,PNT3,replace,0,đột,tự,1,1,False,none,Noise/Non-linguistic,,
NLI_6129,NLI,PNT3,replace,1,đó không,nớ nỏ,2,2,False,none,Multi-word idiom,,
NLI_6129,NLI,PNT3,replace,2,nào,mô,1,1,True,dialect_phrase,Interrogatives; Negation/Function words,đâu (phủ định); đâu / nào,HaTinh_QB_QT; Hue
NLI_6129,NLI,PNT4,replace,0,đột,tự,1,1,False,none,Noise/Non-linguistic,,
NLI_6129,NLI,PNT4,replace,1,nào,mô,1,1,True,dialect_phrase,Interrogatives,đâu / nào,QuangNam
NLI_6155,NLI,PNB,replace,0,làm,khiến,1,1,True,standard_word,Predicate vocabulary,làm,BacBo
NLI_6155,NLI,PNN,insert,0,,bằng,0,1,False,none,Unknown,,
NLI_6155,NLI,PNN,delete,1,cứ,,1,0,False,none,Unknown,,
NLI_6155,NLI,PNN,replace,2,điều,chuyện,1,1,False,none,Predicate vocabulary,,
NLI_6155,NLI,PNT1,insert,0,,bằng,0,1,False,none,Unknown,,
NLI_6155,NLI,PNT1,replace,1,cứ nào,mô,2,1,True,dialect_phrase,Negation/Function words,đâu (phủ định),ThanhHoa
NLI_6155,NLI,PNT2,replace,0,nào làm,mô mần,2,2,False,none,Multi-word idiom,,
NLI_6155,NLI,PNT2,replace,1,đó,nớ,1,1,True,dialect_phrase,Demonstratives/Deixis,ấy / đó,HaTinh_QB_QT; NgheAn
NLI_6155,NLI,PNT3,replace,0,nào làm,mô mần,2,2,False,none,Multi-word idiom,,
NLI_6155,NLI,PNT3,replace,1,điều đó,cấy nớ,2,2,False,none,Demonstratives/Deixis,,
NLI_6155,NLI,PNT4,replace,0,nào,mô,1,1,True,dialect_phrase,Interrogatives,đâu / nào,QuangNam
NLI_6155,NLI,PNT4,replace,1,điều đó,chuyện nớ,2,2,False,none,Demonstratives/Deixis,,
NLI_6169,NLI,PNN,replace,0,khi,lúc,1,1,False,none,Connectives/Aspect markers,,
NLI_6169,NLI,PNN,replace,1,cô ấy,cổ,2,1,True,dialect_phrase,Pronouns,cô ấy,NamBo
NLI_6169,NLI,PNT1,replace,0,ấy,nứ,1,1,True,dialect_phrase,Demonstratives/Deixis,ấy / đó,ThanhHoa
NLI_6169,NLI,PNT2,replace,0,sợ hãi,hại,2,1,True,dialect_phrase,Predicate vocabulary,sợ; sợ hãi / e dè,NgheAn
NLI_6169,NLI,PNT2,replace,1,người,ngài,1,1,False,none,Orthographic variant,,
NLI_6169,NLI,PNT2,delete,2,ấy,,1,0,True,standard_word,Demonstratives/Deixis; Discourse particles,nớ; đỏ,HaTinh_QB_QT; NgheAn
NLI_6169,NLI,PNT3,replace,0,sợ hãi,hại,2,1,True,standard_word,Predicate vocabulary,tởn,HaTinh_QB_QT; Hue
NLI_6169,NLI,PNT3,replace,1,cô ấy,ả nớ,2,2,True,standard_word,Pronouns,o nớ,HaTinh_QB_QT; Hue
NLI_6169,NLI,PNT4,replace,0,cô ấy,cổ,2,1,True,dialect_phrase,Pronouns,cô ấy,PhuYen; QuangNgai
NLI_6280,NLI,PNN,replace,0,tiêm,chích,1,1,False,none,Predicate vocabulary,,
NLI_6280,NLI,PNT2,insert,0,,kì,0,1,True,dialect_phrase,Negation/Function words,cái,HaTinh_QB_QT
NLI_6280,NLI,PNT3,insert,0,,kì,0,1,True,dialect_phrase,Negation/Function words,cái,HaTinh_QB_QT
NLI_6280,NLI,PNT4,replace,0,em,con,1,1,False,none,Kinship/Honorific terms,,
NLI_6323,NLI,PNB,insert,0,,đúng,0,1,False,none,Unknown,,
NLI_6323,NLI,PNB,delete,1,chính xác,,2,0,False,none,Unknown,,
NLI_6323,NLI,PNT1,replace,0,giữa,giửa,1,1,False,none,Orthographic variant,,
NLI_6323,NLI,PNT2,replace,0,đã,đạ,1,1,True,dialect_phrase,Connectives/Aspect markers,đã,HaTinh_QB_QT
NLI_6323,NLI,PNT3,replace,0,vào,vô,1,1,False,none,Connectives/Aspect markers,,
NLI_6323,NLI,PNT4,delete,0,đã,,1,0,False,none,Unknown,,
NLI_6323,NLI,PNT4,replace,1,1,một,1,1,False,none,Out-of-scope,,
NLI_6350,NLI,PNT1,replace,0,người,ngừi,1,1,False,none,Orthographic variant,,
NLI_6350,NLI,PNT2,replace,0,gái,gấy,1,1,False,none,Orthographic variant,,
NLI_6350,NLI,PNT3,replace,0,người,đứa,1,1,False,none,Predicate vocabulary,,
NLI_6350,NLI,PNT3,replace,1,gái,cấy,1,1,True,dialect_phrase,Negation/Function words,cái,HaTinh_QB_QT
NLI_6350,NLI,PNT4,replace,0,người,đứa,1,1,False,none,Predicate vocabulary,,
NLI_6594,NLI,PNN,replace,0,không,hông,1,1,True,dialect_phrase,Negation/Function words,không,NamBo
NLI_6594,NLI,PNT1,replace,0,có,cúa,1,1,False,none,Orthographic variant,,
NLI_6594,NLI,PNT2,replace,0,không,nỏ,1,1,True,dialect_phrase,Negation/Function words,không,HaTinh_QB_QT; NgheAn
NLI_6594,NLI,PNT2,replace,1,này,ni,1,1,True,dialect_phrase,Demonstratives/Deixis,này,HaTinh_QB_QT; NgheAn
NLI_6594,NLI,PNT3,replace,0,không,nỏ có,1,2,True,standard_word,Negation/Function words,nỏ,HaTinh_QB_QT
NLI_6594,NLI,PNT3,insert,1,,kì,0,1,True,dialect_phrase,Negation/Function words,cái,HaTinh_QB_QT
NLI_6594,NLI,PNT3,replace,2,này,ni,1,1,True,dialect_phrase,Demonstratives/Deixis,này,HaTinh_QB_QT; Hue
NLI_6637,NLI,PNB,replace,0,câu hỏi,thắc mắc,2,2,False,none,Predicate vocabulary,,
NLI_6637,NLI,PNB,delete,1,vấn đề,,2,0,False,none,Unknown,,
NLI_6637,NLI,PNB,replace,2,trả lời,giải đáp,2,2,False,none,Idiomatic expressions,,
NLI_6637,NLI,PNN,replace,0,cô,cổ,1,1,True,dialect_phrase,Pronouns,cô ấy,NamBo
NLI_6637,NLI,PNN,replace,1,mặc,bận,1,1,False,none,Predicate vocabulary,,
NLI_6637,NLI,PNT2,insert,0,,cấy,0,1,True,dialect_phrase,Negation/Function words,cái,HaTinh_QB_QT; NgheAn
NLI_6637,NLI,PNT2,replace,1,đã,đạ,1,1,True,dialect_phrase,Connectives/Aspect markers,đã,HaTinh_QB_QT
NLI_6637,NLI,PNT3,replace,0,vấn đề,chuyện,2,1,False,none,Predicate vocabulary,,
NLI_6637,NLI,PNT3,replace,1,cô,lạo,1,1,False,none,Pronouns,,
NLI_6637,NLI,PNT3,replace,2,đã,đạ,1,1,True,dialect_phrase,Connectives/Aspect markers,đã,HaTinh_QB_QT
NLI_6854,NLI,PNB,delete,0,điều,,1,0,False,none,Unknown,,
NLI_6854,NLI,PNN,replace,0,điên rồ,tửng,2,1,False,none,Predicate vocabulary,,
NLI_6854,NLI,PNT1,replace,0,gì,chi,1,1,False,none,Interrogatives,,
NLI_6854,NLI,PNT2,replace,0,gì,chi,1,1,True,dialect_phrase,Interrogatives,gì,HaTinh_QB_QT; NgheAn
NLI_6854,NLI,PNT3,replace,0,mong,trông,1,1,False,none,Predicate vocabulary,,
NLI_6854,NLI,PNT3,replace,1,điều gì,cấy chi,2,2,False,none,Multi-word idiom,,
NLI_6854,NLI,PNT3,replace,2,thật,thiệt,1,1,True,dialect_phrase,Connectives/Aspect markers,thật,HaTinh_QB_QT
NLI_6960,NLI,PNN,replace,0,ngay lập tức,liền,3,1,False,none,Predicate vocabulary,,
NLI_6960,NLI,PNN,replace,1,cô ấy,cổ,2,1,True,dialect_phrase,Pronouns,cô ấy,NamBo
NLI_6960,NLI,PNT1,replace,0,lập tức,luôn,2,1,False,none,Predicate vocabulary,,
NLI_6960,NLI,PNT2,replace,0,ngay lập,tắp lự,2,2,False,none,Predicate vocabulary,,
NLI_6960,NLI,PNT2,replace,1,chồng,nhông,1,1,False,none,Orthographic variant,,
NLI_6960,NLI,PNT2,replace,2,cô ấy,o nớ,2,2,True,dialect_phrase,Pronouns,cô ấy,HaTinh_QB_QT
NLI_6960,NLI,PNT3,replace,0,đã,đạ,1,1,True,dialect_phrase,Connectives/Aspect markers,đã,HaTinh_QB_QT
NLI_6960,NLI,PNT3,replace,1,người phụ nữ đã,ả nớ đạ,4,3,False,none,Multi-word idiom,,
NLI_6960,NLI,PNT3,replace,2,ngay lập tức,liền,3,1,False,none,Predicate vocabulary,,
NLI_6960,NLI,PNT3,replace,3,chồng,dông,1,1,False,none,Kinship/Honorific terms,,
NLI_7176,NLI,PNN,replace,0,tôi,tui,1,1,True,dialect_phrase,Pronouns,tôi,NamBo
NLI_7176,NLI,PNN,replace,1,không chạm,hông đụng,2,2,False,none,Multi-word idiom,,
NLI_7176,NLI,PNN,replace,2,vào,vô,1,1,False,none,Connectives/Aspect markers,,
NLI_7176,NLI,PNT1,replace,0,tôi,tau,1,1,True,standard_word,Pronouns,choa,ThanhHoa
NLI_7176,NLI,PNT1,replace,1,đâu,mô,1,1,True,dialect_phrase,Negation/Function words,đâu (phủ định),ThanhHoa
NLI_7176,NLI,PNT1,replace,2,cho,chua,1,1,False,none,Predicate vocabulary,,
NLI_7176,NLI,PNT2,replace,0,tôi,tui,1,1,True,dialect_phrase,Pronouns,tôi,HaTinh_QB_QT
NLI_7176,NLI,PNT2,replace,1,không,nỏ,1,1,True,dialect_phrase,Negation/Function words,không,HaTinh_QB_QT; NgheAn
NLI_7176,NLI,PNT2,replace,2,vào,vô,1,1,False,none,Connectives/Aspect markers,,
NLI_7176,NLI,PNT2,replace,3,đâu,mô,1,1,True,dialect_phrase,Interrogatives; Negation/Function words,đâu (phủ định); đâu / nào,HaTinh_QB_QT; NgheAn
NLI_7176,NLI,PNT3,replace,0,tôi,tau,1,1,True,dialect_phrase,Pronouns,tao; tôi,HaTinh_QB_QT; Hue
NLI_7176,NLI,PNT3,replace,1,không,nỏ,1,1,True,dialect_phrase,Negation/Function words,không,HaTinh_QB_QT
NLI_7176,NLI,PNT3,replace,2,vào,vô,1,1,False,none,Connectives/Aspect markers,,
NLI_7176,NLI,PNT3,replace,3,đâu,mô,1,1,True,dialect_phrase,Interrogatives; Negation/Function words,đâu (phủ định); đâu / nào,HaTinh_QB_QT; Hue
NLI_7176,NLI,PNT3,replace,4,"thân""","thân tau""",1,2,False,none,Pronouns,,
NLI_7176,NLI,PNT4,replace,0,tôi,tui,1,1,True,dialect_phrase,Pronouns,tôi,PhuYen; QuangNgai
NLI_7469,NLI,PNB,delete,0,rằng,,1,0,False,none,Unknown,,
NLI_7469,NLI,PNB,insert,1,,suy giảm,0,2,False,none,Unknown,,
NLI_7469,NLI,PNB,delete,2,suy giảm,,2,0,False,none,Unknown,,
NLI_7469,NLI,PNN,replace,0,những gì,mấy chuyện,2,2,False,none,Multi-word idiom,,
NLI_7469,NLI,PNN,replace,1,các,mấy,1,1,False,none,Negation/Function words,,
NLI_7469,NLI,PNT1,replace,0,gì,chi,1,1,False,none,Interrogatives,,
NLI_7469,NLI,PNT2,replace,0,gì,chi,1,1,True,dialect_phrase,Interrogatives,gì,HaTinh_QB_QT; NgheAn
NLI_7469,NLI,PNT3,replace,0,gì đã,chi đạ,2,2,False,none,Multi-word idiom,,
NLI_7469,NLI,PNT4,replace,0,những gì đã,mấy chuyện,3,2,False,none,Predicate vocabulary,,
NLI_7469,NLI,PNT4,replace,1,các,mấy,1,1,False,none,Negation/Function words,,
NLI_7469,NLI,PNT4,replace,2,rằng,là,1,1,False,none,Connectives/Aspect markers,,
NLI_7524,NLI,PNB,insert,0,,cả,0,1,False,none,Unknown,,
NLI_7524,NLI,PNN,replace,0,không,hông,1,1,True,dialect_phrase,Negation/Function words,không,NamBo
NLI_7524,NLI,PNT1,replace,0,gì,chi,1,1,False,none,Interrogatives,,
NLI_7524,NLI,PNT2,replace,0,không,nỏ,1,1,True,dialect_phrase,Negation/Function words,không,HaTinh_QB_QT; NgheAn
NLI_7524,NLI,PNT2,replace,1,làm gì,mần chi,2,2,True,dialect_phrase,Interrogatives,làm gì,HaTinh_QB_QT; NgheAn
NLI_7524,NLI,PNT3,replace,0,không,nỏ,1,1,True,dialect_phrase,Negation/Function words,không,HaTinh_QB_QT
NLI_7524,NLI,PNT3,replace,1,làm gì,mần cấy chi,2,3,True,standard_word,Interrogatives,mần chi,HaTinh_QB_QT; Hue
NLI_7524,NLI,PNT4,replace,0,gì,chi,1,1,True,dialect_phrase,Interrogatives,gì,QuangNam
NLI_7530,NLI,PNN,replace,0,chọn,lựa,1,1,False,none,Predicate vocabulary,,
NLI_7681,NLI,PNB,replace,0,là,rằng,1,1,False,none,Connectives/Aspect markers,,
NLI_7681,NLI,PNB,replace,1,tháng,thắng,1,1,False,none,Noise/Non-linguistic,,
NLI_7681,NLI,PNN,replace,0,ngày,bữa,1,1,False,none,Predicate vocabulary,,
NLI_7681,NLI,PNN,replace,1,cô ấy,cổ,2,1,True,dialect_phrase,Pronouns,cô ấy,NamBo
NLI_7681,NLI,PNT1,replace,0,cho,chua,1,1,False,none,Predicate vocabulary,,
NLI_7681,NLI,PNT1,replace,1,ấy,nứ,1,1,True,dialect_phrase,Demonstratives/Deixis,ấy / đó,ThanhHoa
NLI_7681,NLI,PNT2,replace,0,ấy,nớ,1,1,True,dialect_phrase,Demonstratives/Deixis,ấy / đó,HaTinh_QB_QT; NgheAn
NLI_7681,NLI,PNT3,replace,0,tháng,thắng,1,1,False,none,Noise/Non-linguistic,,
NLI_7681,NLI,PNT4,replace,0,đã,nớ,1,1,True,dialect_phrase,Demonstratives/Deixis,ấy / đó,QuangNam
NLI_7681,NLI,PNT4,replace,1,cô ấy,bả mới,2,2,True,standard_word,Pronouns,bả; cổ,PhuYen; QuangNam; QuangNgai
NLI_7681,NLI,PNT4,replace,2,mới tháng,thắng,2,1,False,none,Noise/Non-linguistic,,
NLI_7691,NLI,PNN,replace,0,tôi,tui,1,1,True,dialect_phrase,Pronouns,tôi,NamBo
NLI_7691,NLI,PNT1,replace,0,tôi,tau,1,1,True,standard_word,Pronouns,choa,ThanhHoa
NLI_7691,NLI,PNT2,replace,0,tôi đã,tau đạ,2,2,False,none,Multi-word idiom,,
NLI_7691,NLI,PNT3,replace,0,tôi đã,tui đạ,2,2,False,none,Pronouns,,
NLI_7691,NLI,PNT3,insert,1,,nhiều,0,1,False,none,Unknown,,
NLI_7691,NLI,PNT3,delete,2,dày dặn,,2,0,False,none,Unknown,,
NLI_7691,NLI,PNT3,replace,3,qua,ni,1,1,True,dialect_phrase,Demonstratives/Deixis,này,HaTinh_QB_QT; Hue
NLI_7691,NLI,PNT4,replace,0,tôi,tui,1,1,True,dialect_phrase,Pronouns,tôi,PhuYen; QuangNgai
NLI_7826,NLI,PNB,replace,0,cô,bà,1,1,True,dialect_phrase,Kinship/Honorific terms,bà,BacBo
NLI_7826,NLI,PNB,delete,1,được,,1,0,False,none,Unknown,,
NLI_7826,NLI,PNN,replace,0,mẹ,má,1,1,False,none,Kinship/Honorific terms,,
NLI_7826,NLI,PNN,replace,1,cô ấy,cổ,2,1,True,dialect_phrase,Pronouns,cô ấy,NamBo
NLI_7826,NLI,PNN,delete,2,được,,1,0,False,none,Unknown,,
NLI_7826,NLI,PNT1,replace,0,giải thưởng,giãi thưỡng,2,2,False,none,Orthographic variant,,
NLI_7826,NLI,PNT3,replace,0,mẹ,mạ,1,1,True,dialect_phrase,Kinship/Honorific terms,mẹ,HaTinh_QB_QT
NLI_7826,NLI,PNT3,replace,1,rằng,là,1,1,False,none,Connectives/Aspect markers,,
NLI_7826,NLI,PNT3,replace,2,ấy đã,đạ,2,1,True,dialect_phrase,Connectives/Aspect markers,đã,HaTinh_QB_QT
NLI_7858,NLI,PNN,replace,0,việc,chuyện,1,1,False,none,Predicate vocabulary,,
NLI_7858,NLI,PNT1,replace,0,hỏi,hõi,1,1,False,none,Orthographic variant,,
NLI_7858,NLI,PNT3,replace,0,đã,đạ,1,1,True,dialect_phrase,Connectives/Aspect markers,đã,HaTinh_QB_QT
NLI_7858,NLI,PNT4,replace,0,việc,chuyện,1,1,False,none,Predicate vocabulary,,
NLI_7901,NLI,PNN,replace,0,cô,con,1,1,False,none,Kinship/Honorific terms,,
NLI_7901,NLI,PNT2,replace,0,cô,con,1,1,False,none,Kinship/Honorific terms,,
NLI_7901,NLI,PNT2,insert,1,,nớ,0,1,True,dialect_phrase,Demonstratives/Deixis,ấy / đó,HaTinh_QB_QT; NgheAn
NLI_7901,NLI,PNT3,replace,0,cô bé,ả nớ,2,2,False,none,Pronouns,,
QA_0268,QA,PNT3,replace,0,các,mấy,1,1,False,none,Negation/Function words,,
QA_0268,QA,PNT3,replace,1,chứa,bỏ,1,1,False,none,Predicate vocabulary,,
QA_0268,QA,PNT3,replace,2,thế nào,răng,2,1,True,dialect_phrase,Interrogatives,sao / thế nào,HaTinh_QB_QT; Hue
QA_0572,QA,PNB,replace,0,tác động,ảnh hưởng,2,2,False,none,Predicate vocabulary,,
QA_0572,QA,PNB,replace,1,bởi,từ,1,1,False,none,Connectives/Aspect markers,,
QA_0572,QA,PNT2,replace,0,thế nào,răng,2,1,True,dialect_phrase,Interrogatives,sao / thế nào,HaTinh_QB_QT; NgheAn
QA_0572,QA,PNT3,replace,0,thế nào,răng,2,1,True,dialect_phrase,Interrogatives,sao / thế nào,HaTinh_QB_QT; Hue
QA_10410,QA,PNN,replace,0,trrong gia đoạn,hồi lúc,3,2,False,none,Noise/Non-linguistic,,
QA_10410,QA,PNN,delete,1,đã,,1,0,False,none,Unknown,,
QA_10410,QA,PNN,delete,2,vào,,1,0,False,none,Unknown,,
QA_10410,QA,PNN,replace,3,những việc,mấy chuyện,2,2,False,none,Negation/Function words,,
QA_11800,QA,PNN,replace,0,như thế nào,ra sao,3,2,False,none,Interrogatives,,
QA_11800,QA,PNN,replace,1,sự việc,vụ,2,1,False,none,Predicate vocabulary,,
QA_11800,QA,PNT1,replace,0,thế nào,răng,2,1,False,none,Interrogatives,,
QA_12019,QA,PNT1,replace,0,đã,đả,1,1,False,none,Orthographic variant,,
QA_12019,QA,PNT1,replace,1,nào,mô,1,1,True,dialect_phrase,Negation/Function words,đâu (phủ định),ThanhHoa
QA_1203,QA,PNB,replace,0,tại,rằng ở,1,2,False,none,Noise/Non-linguistic,,
QA_1203,QA,PNT2,replace,0,như thế nào,a răng,3,2,False,none,Interrogatives,,
QA_1203,QA,PNT3,replace,0,thế nào,răng,2,1,True,dialect_phrase,Interrogatives,sao / thế nào,HaTinh_QB_QT; Hue
QA_12099,QA,PNN,replace,0,và,với,1,1,False,none,Connectives/Aspect markers,,
QA_12099,QA,PNN,replace,1,như thế nào đến,ra sao tới,4,3,False,none,Interrogatives,,
QA_12099,QA,PNT4,replace,0,như thế nào đến,ra ren tới,4,3,False,none,Interrogatives,,
QA_1224,QA,PNB,insert,0,,đó,0,1,False,none,Unknown,,
QA_1224,QA,PNB,delete,1,lực đó,,2,0,False,none,Unknown,,
QA_1224,QA,PNB,replace,2,hiểu,biết được,1,2,False,none,Predicate vocabulary,,
QA_1224,QA,PNB,insert,3,,hay không,0,2,False,none,Unknown,,
QA_1224,QA,PNT2,replace,0,đâu,mô,1,1,True,dialect_phrase,Interrogatives; Negation/Function words,đâu (phủ định); đâu / nào,HaTinh_QB_QT; NgheAn
QA_1224,QA,PNT2,replace,1,đó,nớ,1,1,True,dialect_phrase,Demonstratives/Deixis,ấy / đó,HaTinh_QB_QT; NgheAn
QA_1224,QA,PNT2,replace,2,nó,hấn,1,1,True,standard_word,Pronouns,hắn; nghị,HaTinh_QB_QT
QA_1224,QA,PNT3,replace,0,đâu,mô,1,1,True,dialect_phrase,Interrogatives; Negation/Function words,đâu (phủ định); đâu / nào,HaTinh_QB_QT; Hue
QA_1224,QA,PNT3,replace,1,đó,nớ,1,1,True,dialect_phrase,Demonstratives/Deixis,kia; ấy / đó,HaTinh_QB_QT; Hue
QA_1224,QA,PNT3,replace,2,nó,hắn,1,1,True,dialect_phrase,Pronouns,nó,HaTinh_QB_QT; Hue
QA_12824,QA,PNN,replace,0,vào,hồi,1,1,False,none,Connectives/Aspect markers,,
QA_12824,QA,PNN,replace,1,như thế nào,ra sao,3,2,False,none,Interrogatives,,
QA_12824,QA,PNT1,replace,0,của,cũa,1,1,False,none,Orthographic variant,,
QA_12824,QA,PNT1,replace,1,thế nào,răng,2,1,False,none,Interrogatives,,
QA_12824,QA,PNT2,replace,0,vào,vô,1,1,False,none,Connectives/Aspect markers,,
QA_12824,QA,PNT2,replace,1,như thế nào,a răng,3,2,False,none,Interrogatives,,
QA_12824,QA,PNT4,replace,0,vào,hồi,1,1,False,none,Connectives/Aspect markers,,
QA_12824,QA,PNT4,replace,1,thế nào,ren,2,1,True,dialect_phrase,Interrogatives,sao / thế nào,QuangNam
QA_12824,QA,PNT4,replace,2,các,mấy,1,1,False,none,Negation/Function words,,
QA_12824,QA,PNT4,replace,3,tại,ở,1,1,False,none,Predicate vocabulary,,
QA_13646,QA,PNN,replace,0,như thế nào,ra sao,3,2,False,none,Interrogatives,,
QA_13646,QA,PNT1,replace,0,thế nào,răng,2,1,False,none,Interrogatives,,
QA_13646,QA,PNT2,replace,0,như thế nào,a răng,3,2,False,none,Interrogatives,,
QA_13646,QA,PNT3,replace,0,và,với,1,1,False,none,Connectives/Aspect markers,,
QA_13646,QA,PNT3,replace,1,thế nào,răng,2,1,True,dialect_phrase,Interrogatives,sao / thế nào,HaTinh_QB_QT; Hue
QA_13646,QA,PNT3,replace,2,và,với,1,1,False,none,Connectives/Aspect markers,,
QA_13646,QA,PNT4,replace,0,như thế nào,ra ren,3,2,False,none,Interrogatives,,
QA_13794,QA,PNB,insert,0,,kể từ,0,2,False,none,Unknown,,
QA_13794,QA,PNB,delete,1,được,,1,0,False,none,Unknown,,
QA_13794,QA,PNN,delete,0,thế,,1,0,True,standard_word,Demonstratives/Deixis,vậy,NamBo
QA_13794,QA,PNN,replace,1,khi,lúc,1,1,False,none,Connectives/Aspect markers,,
QA_13794,QA,PNT2,replace,0,như thế nào,a răng,3,2,False,none,Interrogatives,,
QA_13794,QA,PNT2,replace,1,nó,hấn,1,1,True,standard_word,Pronouns,hắn; nghị,HaTinh_QB_QT
QA_13794,QA,PNT4,replace,0,thế nào,ren,2,1,True,dialect_phrase,Interrogatives,sao / thế nào,QuangNam
QA_13818,QA,PNN,delete,0,đã,,1,0,False,none,Unknown,,
QA_13818,QA,PNN,delete,1,rằng,,1,0,False,none,Unknown,,
QA_13818,QA,PNN,replace,2,như thế nào,làm sao,3,2,False,none,Interrogatives,,
QA_13818,QA,PNT2,replace,0,thế nào,răng,2,1,True,dialect_phrase,Interrogatives,sao / thế nào,HaTinh_QB_QT; NgheAn
QA_13818,QA,PNT3,replace,0,rằng,là,1,1,False,none,Connectives/Aspect markers,,
QA_13818,QA,PNT3,replace,1,thế nào,răng,2,1,True,dialect_phrase,Interrogatives,sao / thế nào,HaTinh_QB_QT; Hue
QA_13818,QA,PNT4,replace,0,như thế nào,ra ren,3,2,False,none,Interrogatives,,
QA_14176,QA,PNT1,replace,0,gì,chi,1,1,False,none,Interrogatives,,
QA_14176,QA,PNT2,replace,0,gì,chi,1,1,True,dialect_phrase,Interrogatives,gì,HaTinh_QB_QT; NgheAn
QA_14176,QA,PNT3,replace,0,vào,ở,1,1,False,none,Predicate vocabulary,,
QA_14176,QA,PNT3,replace,1,và,với,1,1,False,none,Connectives/Aspect markers,,
QA_14176,QA,PNT3,replace,2,đã,đạ,1,1,True,dialect_phrase,Connectives/Aspect markers,đã,HaTinh_QB_QT
QA_14176,QA,PNT3,replace,3,gì,chi,1,1,True,dialect_phrase,Interrogatives,gì; sao / thế nào,HaTinh_QB_QT; Hue
QA_14176,QA,PNT4,replace,0,gì,chi,1,1,True,dialect_phrase,Interrogatives,gì,QuangNam
QA_14184,QA,PNB,replace,0,tại,ở,1,1,False,none,Predicate vocabulary,,
QA_14184,QA,PNN,replace,0,các,mấy,1,1,False,none,Negation/Function words,,
QA_14184,QA,PNN,replace,1,tại,ở,1,1,False,none,Predicate vocabulary,,
QA_14184,QA,PNN,replace,2,và,với,1,1,False,none,Connectives/Aspect markers,,
QA_14184,QA,PNT1,replace,0,đã,đả,1,1,False,none,Orthographic variant,,
QA_14184,QA,PNT1,replace,1,gì,chi,1,1,False,none,Interrogatives,,
QA_14184,QA,PNT2,insert,0,,mà,0,1,False,none,Unknown,,
QA_14184,QA,PNT2,replace,1,đã,đạ,1,1,True,dialect_phrase,Connectives/Aspect markers,đã,HaTinh_QB_QT
QA_14184,QA,PNT2,replace,2,gì,chi,1,1,True,dialect_phrase,Interrogatives,gì,HaTinh_QB_QT; NgheAn
QA_14184,QA,PNT3,replace,0,các,mấy,1,1,False,none,Negation/Function words,,
QA_14184,QA,PNT3,replace,1,tại,ở,1,1,False,none,Predicate vocabulary,,
QA_14184,QA,PNT3,replace,2,và,với,1,1,False,none,Connectives/Aspect markers,,
QA_14184,QA,PNT3,replace,3,gì,chi,1,1,True,dialect_phrase,Interrogatives,gì; sao / thế nào,HaTinh_QB_QT; Hue
QA_14184,QA,PNT4,replace,0,các,mấy,1,1,False,none,Negation/Function words,,
QA_14184,QA,PNT4,replace,1,gì,chi,1,1,True,dialect_phrase,Interrogatives,gì,QuangNam
QA_14257,QA,PNB,delete,0,thì,,1,0,False,none,Unknown,,
QA_14257,QA,PNB,replace,1,xem,coi,1,1,False,none,Predicate vocabulary,,
QA_14257,QA,PNN,replace,0,xem,coi,1,1,False,none,Predicate vocabulary,,
QA_14257,QA,PNN,delete,1,thế,,1,0,True,standard_word,Demonstratives/Deixis,vậy,NamBo
QA_14257,QA,PNT2,replace,0,thế nào,răng,2,1,True,dialect_phrase,Interrogatives,sao / thế nào,HaTinh_QB_QT; NgheAn
QA_14257,QA,PNT3,replace,0,xem,coi,1,1,True,dialect_phrase,Predicate vocabulary,xem,HaTinh_QB_QT
QA_14257,QA,PNT3,replace,1,thế nào,răng,2,1,True,dialect_phrase,Interrogatives,sao / thế nào,HaTinh_QB_QT; Hue
QA_14257,QA,PNT4,replace,0,xem,coi,1,1,True,dialect_phrase,Predicate vocabulary,thấy,PhuYen; QuangNgai
QA_14257,QA,PNT4,replace,1,thế nào,ren,2,1,True,dialect_phrase,Interrogatives,sao / thế nào,QuangNam
QA_14728,QA,PNB,replace,0,trải,rải,1,1,False,none,Predicate vocabulary,,
QA_14728,QA,PNB,replace,1,trải,rải,1,1,False,none,Predicate vocabulary,,
QA_14728,QA,PNN,replace,0,vào,hồi,1,1,False,none,Connectives/Aspect markers,,
QA_14728,QA,PNN,replace,1,và,với,1,1,False,none,Connectives/Aspect markers,,
QA_14728,QA,PNN,replace,2,như thế nào,ra sao,3,2,False,none,Interrogatives,,
QA_14728,QA,PNT2,replace,0,vào,vô,1,1,False,none,Connectives/Aspect markers,,
QA_14728,QA,PNT2,replace,1,không,nỏ,1,1,True,dialect_phrase,Negation/Function words,không,HaTinh_QB_QT; NgheAn
QA_14728,QA,PNT2,replace,2,như thế nào,a răng,3,2,False,none,Interrogatives,,
QA_14728,QA,PNT3,replace,0,vào,vô,1,1,False,none,Connectives/Aspect markers,,
QA_14728,QA,PNT3,replace,1,và,với,1,1,False,none,Connectives/Aspect markers,,
QA_14728,QA,PNT3,replace,2,thế nào,răng,2,1,True,dialect_phrase,Interrogatives,sao / thế nào,HaTinh_QB_QT; Hue
QA_14728,QA,PNT4,replace,0,thế nào,răng,2,1,True,standard_word,Interrogatives,ren; sao; sô,PhuYen; QuangNam; QuangNgai
QA_1521,QA,PNB,delete,0,thì,,1,0,False,none,Unknown,,
QA_1521,QA,PNB,delete,1,là,,1,0,False,none,Unknown,,
QA_1521,QA,PNT1,replace,0,thế nào,răng,2,1,False,none,Interrogatives,,
QA_1521,QA,PNT2,replace,0,như thế nào,a răng,3,2,False,none,Interrogatives,,
QA_1521,QA,PNT3,replace,0,vào,vô,1,1,False,none,Connectives/Aspect markers,,
QA_1521,QA,PNT3,replace,1,như thế nào,a răng,3,2,False,none,Interrogatives,,
QA_15627,QA,PNN,replace,0,rằng,là,1,1,False,none,Connectives/Aspect markers,,
QA_15627,QA,PNN,replace,1,như thế nào,ra sao,3,2,False,none,Interrogatives,,
QA_15627,QA,PNT1,replace,0,đã,đả,1,1,False,none,Orthographic variant,,
QA_15627,QA,PNT1,replace,1,thế nào,răng,2,1,False,none,Interrogatives,,
QA_15627,QA,PNT2,replace,0,như thế nào,ra răng,3,2,False,none,Interrogatives,,
QA_15627,QA,PNT3,delete,0,dù,,1,0,False,none,Unknown,,
QA_15627,QA,PNT3,replace,1,đã,đạ,1,1,True,dialect_phrase,Connectives/Aspect markers,đã,HaTinh_QB_QT
QA_15627,QA,PNT3,replace,2,rằng,là,1,1,False,none,Connectives/Aspect markers,,
QA_15627,QA,PNT3,replace,3,thế nào,răng,2,1,True,dialect_phrase,Interrogatives,sao / thế nào,HaTinh_QB_QT; Hue
QA_15627,QA,PNT4,replace,0,thế nào,ren,2,1,True,dialect_phrase,Interrogatives,sao / thế nào,QuangNam
QA_15710,QA,PNN,replace,0,các,mấy,1,1,False,none,Negation/Function words,,
QA_15710,QA,PNN,replace,1,như thế nào,sao,3,1,True,dialect_phrase,Interrogatives,sao / thế nào,NamBo
QA_15710,QA,PNT2,replace,0,như thế nào,ơ răng,3,2,False,none,Interrogatives,,
QA_15710,QA,PNT3,replace,0,các,mấy,1,1,False,none,Negation/Function words,,
QA_15710,QA,PNT3,replace,1,thế nào,răng,2,1,True,dialect_phrase,Interrogatives,sao / thế nào,HaTinh_QB_QT; Hue
QA_15710,QA,PNT4,replace,0,như thế nào,ra ren,3,2,False,none,Interrogatives,,
QA_16173,QA,PNN,replace,0,không,hông,1,1,True,dialect_phrase,Negation/Function words,không,NamBo
QA_16173,QA,PNN,delete,1,thế,,1,0,True,standard_word,Demonstratives/Deixis,vậy,NamBo
QA_16173,QA,PNT2,replace,0,không,mà nỏ,1,2,True,standard_word,Negation/Function words,nỏ,HaTinh_QB_QT; NgheAn
QA_16173,QA,PNT2,replace,1,thế nào,răng,2,1,True,dialect_phrase,Interrogatives,sao / thế nào,HaTinh_QB_QT; NgheAn
QA_16173,QA,PNT3,replace,0,không,nỏ,1,1,True,dialect_phrase,Negation/Function words,không,HaTinh_QB_QT
QA_16173,QA,PNT3,replace,1,thế nào,răng rựa,2,2,True,standard_word,Interrogatives,chi; răng,HaTinh_QB_QT; Hue
QA_16173,QA,PNT4,replace,0,thế nào,răng,2,1,True,standard_word,Interrogatives,ren; sao; sô,PhuYen; QuangNam; QuangNgai
QA_17724,QA,PNB,replace,0,nào,gì,1,1,True,dialect_phrase,Interrogatives,gì,BacBo
QA_17724,QA,PNN,replace,0,đến,tới,1,1,False,none,Predicate vocabulary,,
QA_17724,QA,PNN,replace,1,vào,hồi,1,1,False,none,Connectives/Aspect markers,,
QA_17724,QA,PNN,replace,2,xây,gầy,1,1,False,none,Noise/Non-linguistic,,
QA_17724,QA,PNT1,replace,0,nên đã,niên đả,2,2,False,none,Connectives/Aspect markers,,
QA_17724,QA,PNT2,replace,0,vào,vô,1,1,False,none,Connectives/Aspect markers,,
QA_17724,QA,PNT2,replace,1,vào,vô,1,1,False,none,Connectives/Aspect markers,,
QA_17724,QA,PNT2,replace,2,nào,mô,1,1,True,dialect_phrase,Interrogatives; Negation/Function words,đâu (phủ định); đâu / nào,HaTinh_QB_QT; NgheAn
QA_17724,QA,PNT3,replace,0,nào,mô,1,1,True,dialect_phrase,Interrogatives; Negation/Function words,đâu (phủ định); đâu / nào,HaTinh_QB_QT; Hue
QA_17724,QA,PNT4,replace,0,đến,tới,1,1,False,none,Predicate vocabulary,,
QA_17724,QA,PNT4,replace,1,vào,vô,1,1,False,none,Connectives/Aspect markers,,
QA_17724,QA,PNT4,replace,2,nào,mô,1,1,True,dialect_phrase,Interrogatives,đâu / nào,QuangNam
QA_17758,QA,PNT1,replace,0,nào đã,mô đả,2,2,False,none,Interrogatives,,
QA_17758,QA,PNT2,replace,0,vào,vô,1,1,False,none,Connectives/Aspect markers,,
QA_17758,QA,PNT2,replace,1,nào,mô,1,1,True,dialect_phrase,Interrogatives; Negation/Function words,đâu (phủ định); đâu / nào,HaTinh_QB_QT; NgheAn
QA_17758,QA,PNT2,replace,2,vào,vô,1,1,False,none,Connectives/Aspect markers,,
QA_17758,QA,PNT3,replace,0,vào,vô,1,1,False,none,Connectives/Aspect markers,,
QA_17758,QA,PNT3,replace,1,nào,mô,1,1,True,dialect_phrase,Interrogatives; Negation/Function words,đâu (phủ định); đâu / nào,HaTinh_QB_QT; Hue
QA_17758,QA,PNT3,replace,2,vào,vô,1,1,False,none,Connectives/Aspect markers,,
QA_17758,QA,PNT4,replace,0,vào,vô,1,1,False,none,Connectives/Aspect markers,,
QA_17769,QA,PNB,replace,0,vi,xâm,1,1,False,none,Noise/Non-linguistic,,
QA_17769,QA,PNB,delete,1,đến,,1,0,False,none,Unknown,,
QA_17769,QA,PNN,replace,0,những,mấy,1,1,False,none,Negation/Function words,,
QA_17769,QA,PNN,replace,1,khi,lúc,1,1,False,none,Connectives/Aspect markers,,
QA_17769,QA,PNN,replace,2,tình,ý,1,1,False,none,Predicate vocabulary,,
QA_17769,QA,PNN,replace,3,đến,tới,1,1,False,none,Predicate vocabulary,,
QA_17769,QA,PNT1,replace,0,gì,cấy chi,1,2,False,none,Interrogatives,,
QA_17769,QA,PNT2,replace,0,gì,chi,1,1,True,dialect_phrase,Interrogatives,gì,HaTinh_QB_QT; NgheAn
QA_17769,QA,PNT3,replace,0,những,mấy,1,1,False,none,Negation/Function words,,
QA_17769,QA,PNT3,replace,1,đã làm gì khi,mần chi lúc,4,3,False,none,Multi-word idiom,,
QA_17769,QA,PNT3,replace,2,họ,mấy người nớ,1,3,False,none,Pronouns,,
QA_17769,QA,PNT4,replace,0,gì,chi,1,1,True,dialect_phrase,Interrogatives,gì,QuangNam
QA_17769,QA,PNT4,replace,1,đến,tới,1,1,False,none,Predicate vocabulary,,
QA_17771,QA,PNT2,replace,0,khi,cấy đoạn,1,2,False,none,Noise/Non-linguistic,,
QA_17771,QA,PNT2,replace,1,điều gì,cấy chi,2,2,False,none,Multi-word idiom,,
QA_17771,QA,PNT3,replace,0,nhìn thấy,ngó chộ,2,2,False,none,Predicate vocabulary,,
QA_17771,QA,PNT3,replace,1,gì,chi,1,1,True,dialect_phrase,Interrogatives,gì; sao / thế nào,HaTinh_QB_QT; Hue
QA_17771,QA,PNT4,replace,0,gì,chi,1,1,True,dialect_phrase,Interrogatives,gì,QuangNam
QA_17926,QA,PNN,replace,0,một số,mấy,2,1,False,none,Negation/Function words,,
QA_17926,QA,PNN,insert,1,,cái,0,1,True,dialect_phrase,Negation/Function words,cái,NamBo
QA_17926,QA,PNT1,replace,0,nào,mô,1,1,True,dialect_phrase,Negation/Function words,đâu (phủ định),ThanhHoa
QA_17926,QA,PNT2,replace,0,nào,mô,1,1,True,dialect_phrase,Interrogatives; Negation/Function words,đâu (phủ định); đâu / nào,HaTinh_QB_QT; NgheAn
QA_17926,QA,PNT3,replace,0,nào,mô,1,1,True,dialect_phrase,Interrogatives; Negation/Function words,đâu (phủ định); đâu / nào,HaTinh_QB_QT; Hue
QA_17926,QA,PNT4,replace,0,một số,mấy,2,1,False,none,Negation/Function words,,
QA_17926,QA,PNT4,replace,1,nào,mô,1,1,True,dialect_phrase,Interrogatives,đâu / nào,QuangNam
QA_17995,QA,PNN,replace,0,những,mấy,1,1,False,none,Negation/Function words,,
QA_17995,QA,PNN,replace,1,như thế nào,sao,3,1,True,dialect_phrase,Interrogatives,sao / thế nào,NamBo
QA_17995,QA,PNT1,replace,0,đã,đả,1,1,False,none,Orthographic variant,,
QA_17995,QA,PNT2,replace,0,đã,đạ,1,1,True,dialect_phrase,Connectives/Aspect markers,đã,HaTinh_QB_QT
QA_17995,QA,PNT2,replace,1,như thế nào,chi,3,1,True,dialect_phrase,Interrogatives,gì,HaTinh_QB_QT; NgheAn
QA_17995,QA,PNT2,replace,2,các,mấy,1,1,False,none,Negation/Function words,,
QA_17995,QA,PNT3,replace,0,như thế nào,chi,3,1,True,dialect_phrase,Interrogatives,gì; sao / thế nào,HaTinh_QB_QT; Hue
QA_17995,QA,PNT3,replace,1,các,mấy,1,1,False,none,Negation/Function words,,
QA_17995,QA,PNT4,replace,0,như thế nào,răng,3,1,False,none,Interrogatives,,
QA_18023,QA,PNN,replace,0,cuộc,vụ,1,1,False,none,Predicate vocabulary,,
QA_18023,QA,PNN,replace,1,như thế nào,ra sao,3,2,False,none,Interrogatives,,
QA_18023,QA,PNT1,replace,0,cho,chua,1,1,False,none,Predicate vocabulary,,
QA_18023,QA,PNT2,replace,0,thế nào,răng,2,1,True,dialect_phrase,Interrogatives,sao / thế nào,HaTinh_QB_QT; NgheAn
QA_18023,QA,PNT3,replace,0,làm,mần,1,1,True,dialect_phrase,Predicate vocabulary,làm,HaTinh_QB_QT; Hue
QA_18023,QA,PNT3,replace,1,thế nào,răng,2,1,True,dialect_phrase,Interrogatives,sao / thế nào,HaTinh_QB_QT; Hue
QA_18023,QA,PNT4,replace,0,như thế nào,ra ren,3,2,False,none,Interrogatives,,
QA_18041,QA,PNN,replace,0,vào,hồi,1,1,False,none,Connectives/Aspect markers,,
QA_18041,QA,PNN,replace,1,điều,chuyện,1,1,False,none,Predicate vocabulary,,
QA_18041,QA,PNN,replace,2,các,mấy,1,1,False,none,Negation/Function words,,
QA_18041,QA,PNT2,replace,0,vào,vô,1,1,False,none,Connectives/Aspect markers,,
QA_18041,QA,PNT2,replace,1,này,ni,1,1,True,dialect_phrase,Demonstratives/Deixis,này,HaTinh_QB_QT; NgheAn
QA_18041,QA,PNT2,replace,2,nào,mô,1,1,True,dialect_phrase,Interrogatives; Negation/Function words,đâu (phủ định); đâu / nào,HaTinh_QB_QT; NgheAn
QA_18041,QA,PNT3,replace,0,vào,đoạn,1,1,False,none,Connectives/Aspect markers,,
QA_18041,QA,PNT3,replace,1,đã,đạ,1,1,True,dialect_phrase,Connectives/Aspect markers,đã,HaTinh_QB_QT
QA_18041,QA,PNT3,replace,2,điều này đã,chuyện ni đạ,3,3,False,none,Multi-word idiom,,
QA_18041,QA,PNT3,replace,3,các,những,1,1,False,none,Pronouns,,
QA_18041,QA,PNT3,replace,4,nào,mô,1,1,True,dialect_phrase,Interrogatives; Negation/Function words,đâu (phủ định); đâu / nào,HaTinh_QB_QT; Hue
QA_18041,QA,PNT4,replace,0,này,ni,1,1,True,dialect_phrase,Demonstratives/Deixis,này,QuangNam
QA_18041,QA,PNT4,replace,1,nào,mô,1,1,True,dialect_phrase,Interrogatives,đâu / nào,QuangNam
QA_18170,QA,PNN,replace,0,điều,chuyện,1,1,False,none,Predicate vocabulary,,
QA_18170,QA,PNT1,replace,0,đã,đả,1,1,False,none,Orthographic variant,,
QA_18170,QA,PNT1,replace,1,gì,chi,1,1,False,none,Interrogatives,,
QA_18170,QA,PNT2,replace,0,gì,chi,1,1,True,dialect_phrase,Interrogatives,gì,HaTinh_QB_QT; NgheAn
QA_18170,QA,PNT3,replace,0,gì,chi,1,1,True,dialect_phrase,Interrogatives,gì; sao / thế nào,HaTinh_QB_QT; Hue
QA_18170,QA,PNT3,replace,1,này,ni,1,1,True,dialect_phrase,Demonstratives/Deixis,này,HaTinh_QB_QT; Hue
QA_18170,QA,PNT4,replace,0,gì,ren,1,1,True,dialect_phrase,Interrogatives,sao / thế nào,QuangNam
QA_18170,QA,PNT4,replace,1,điều này,chuyện ni,2,2,False,none,Demonstratives/Deixis,,
QA_18375,QA,PNT1,replace,0,nào,mô,1,1,True,dialect_phrase,Negation/Function words,đâu (phủ định),ThanhHoa
QA_18375,QA,PNT2,replace,0,nào,mô đoạn,1,2,True,standard_word,Interrogatives,mô,HaTinh_QB_QT; NgheAn
QA_18375,QA,PNT2,replace,1,đó,nớ,1,1,True,dialect_phrase,Demonstratives/Deixis,ấy / đó,HaTinh_QB_QT; NgheAn
QA_18375,QA,PNT3,replace,0,vào,vô,1,1,False,none,Connectives/Aspect markers,,
QA_18375,QA,PNT3,replace,1,nào,mô,1,1,True,dialect_phrase,Interrogatives; Negation/Function words,đâu (phủ định); đâu / nào,HaTinh_QB_QT; Hue
QA_18375,QA,PNT4,replace,0,nào,mô,1,1,True,dialect_phrase,Interrogatives,đâu / nào,QuangNam
QA_18652,QA,PNT1,replace,0,gì,cấy chi,1,2,False,none,Interrogatives,,
QA_18652,QA,PNT2,replace,0,là gì,cái chi,2,2,False,none,Interrogatives,,
QA_18652,QA,PNT3,replace,0,nữa sẽ,nựa là,2,2,False,none,Connectives/Aspect markers,,
QA_18652,QA,PNT3,replace,1,đó,nớ,1,1,True,dialect_phrase,Demonstratives/Deixis,kia; ấy / đó,HaTinh_QB_QT; Hue
QA_18652,QA,PNT3,replace,2,gì,cấy chi,1,2,True,standard_word,Interrogatives,chi,HaTinh_QB_QT; Hue
QA_18652,QA,PNT4,replace,0,đó,nớ,1,1,True,dialect_phrase,Demonstratives/Deixis,ấy / đó,QuangNam
QA_18652,QA,PNT4,replace,1,gọi,kêu,1,1,True,dialect_phrase,Predicate vocabulary,gọi,PhuYen; QuangNgai
QA_18652,QA,PNT4,replace,2,gì,chi,1,1,True,dialect_phrase,Interrogatives,gì,QuangNam
QA_18786,QA,PNB,replace,0,đưa,làm cho,1,2,False,none,Predicate vocabulary,,
QA_18786,QA,PNN,replace,0,việc,vụ,1,1,False,none,Predicate vocabulary,,
QA_18786,QA,PNN,replace,1,không,hông,1,1,True,dialect_phrase,Negation/Function words,không,NamBo
QA_18786,QA,PNN,replace,2,như thế nào,ra sao,3,2,False,none,Interrogatives,,
QA_18786,QA,PNT2,replace,0,không,nỏ,1,1,True,dialect_phrase,Negation/Function words,không,HaTinh_QB_QT; NgheAn
QA_18786,QA,PNT2,replace,1,thế nào,răng,2,1,True,dialect_phrase,Interrogatives,sao / thế nào,HaTinh_QB_QT; NgheAn
QA_18786,QA,PNT3,replace,0,như thế nào,chi,3,1,True,dialect_phrase,Interrogatives,gì; sao / thế nào,HaTinh_QB_QT; Hue
QA_18786,QA,PNT4,replace,0,thế nào,răng,2,1,True,standard_word,Interrogatives,ren; sao; sô,PhuYen; QuangNam; QuangNgai
QA_18828,QA,PNB,delete,0,mà,,1,0,False,none,Unknown,,
QA_18828,QA,PNB,insert,1,,của,0,1,False,none,Unknown,,
QA_18828,QA,PNB,delete,2,mà,,1,0,False,none,Unknown,,
QA_18828,QA,PNN,replace,0,những khu vực,mấy vùng,3,2,False,none,Negation/Function words,,
QA_18828,QA,PNN,replace,1,chịu,bị,1,1,False,none,Predicate vocabulary,,
QA_18828,QA,PNN,replace,2,từ,do,1,1,False,none,Connectives/Aspect markers,,
QA_18828,QA,PNN,replace,3,vào,vô,1,1,False,none,Connectives/Aspect markers,,
QA_18828,QA,PNN,replace,4,như thế nào,ra sao,3,2,False,none,Interrogatives,,
QA_18828,QA,PNT1,replace,0,đã,đả,1,1,False,none,Orthographic variant,,
QA_18828,QA,PNT1,replace,1,thế nào,răng,2,1,False,none,Interrogatives,,
QA_18828,QA,PNT2,replace,0,vào,vô,1,1,False,none,Connectives/Aspect markers,,
QA_18828,QA,PNT2,replace,1,thế nào,răng,2,1,True,dialect_phrase,Interrogatives,sao / thế nào,HaTinh_QB_QT; NgheAn
QA_18828,QA,PNT3,replace,0,nhờ vào,do,2,1,False,none,Connectives/Aspect markers,,
QA_18828,QA,PNT3,replace,1,thế nào,răng,2,1,True,dialect_phrase,Interrogatives,sao / thế nào,HaTinh_QB_QT; Hue
QA_18828,QA,PNT4,replace,0,vào các,vô mấy,2,2,False,none,Connectives/Aspect markers,,
QA_18828,QA,PNT4,replace,1,như thế nào,ra ren,3,2,False,none,Interrogatives,,
QA_19250,QA,PNN,delete,0,thế,,1,0,True,standard_word,Demonstratives/Deixis,vậy,NamBo
QA_19250,QA,PNT1,replace,0,đã,đả,1,1,False,none,Orthographic variant,,
QA_19250,QA,PNT1,replace,1,thế nào,cái chi,2,2,False,none,Interrogatives,,
QA_19250,QA,PNT2,replace,0,vào,vô,1,1,False,none,Connectives/Aspect markers,,
QA_19250,QA,PNT2,replace,1,như thế nào,a răng,3,2,False,none,Interrogatives,,
QA_19250,QA,PNT3,replace,0,thế nào,răng,2,1,True,dialect_phrase,Interrogatives,sao / thế nào,HaTinh_QB_QT; Hue
QA_19250,QA,PNT4,replace,0,vào,vô,1,1,False,none,Connectives/Aspect markers,,
QA_19250,QA,PNT4,replace,1,như thế nào,kiểu ren,3,2,False,none,Interrogatives,,
QA_19280,QA,PNB,delete,0,thì,,1,0,False,none,Unknown,,
QA_19280,QA,PNB,replace,1,nữa,nửa,1,1,False,none,Orthographic variant,,
QA_19280,QA,PNN,replace,0,tại,ở,1,1,False,none,Predicate vocabulary,,
QA_19280,QA,PNN,replace,1,một nữa,phân nửa,2,2,False,none,Predicate vocabulary,,
QA_19280,QA,PNT1,replace,0,có,cúa,1,1,False,none,Orthographic variant,,
QA_19280,QA,PNT2,replace,0,nữa,nửa,1,1,False,none,Orthographic variant,,
QA_19280,QA,PNT2,replace,1,nào,mô,1,1,True,dialect_phrase,Interrogatives; Negation/Function words,đâu (phủ định); đâu / nào,HaTinh_QB_QT; NgheAn
QA_19280,QA,PNT3,replace,0,một nữa số,nửa,3,1,False,none,Predicate vocabulary,,
QA_19280,QA,PNT3,replace,1,nào,mô,1,1,True,dialect_phrase,Interrogatives; Negation/Function words,đâu (phủ định); đâu / nào,HaTinh_QB_QT; Hue
QA_19280,QA,PNT4,replace,0,nào,mô,1,1,True,dialect_phrase,Interrogatives,đâu / nào,QuangNam
QA_19281,QA,PNN,replace,0,vào,hồi,1,1,False,none,Connectives/Aspect markers,,
QA_19281,QA,PNN,delete,1,như,,1,0,False,none,Unknown,,
QA_19281,QA,PNT2,replace,0,vào,cấy đoạn,1,2,False,none,Noise/Non-linguistic,,
QA_19281,QA,PNT2,replace,1,thế nào,răng,2,1,True,dialect_phrase,Interrogatives,sao / thế nào,HaTinh_QB_QT; NgheAn
QA_19281,QA,PNT3,replace,0,vào,vô,1,1,False,none,Connectives/Aspect markers,,
QA_19281,QA,PNT3,replace,1,thế nào,răng,2,1,True,dialect_phrase,Interrogatives,sao / thế nào,HaTinh_QB_QT; Hue
QA_19281,QA,PNT4,replace,0,thế nào,ren,2,1,True,dialect_phrase,Interrogatives,sao / thế nào,QuangNam
QA_19329,QA,PNN,replace,0,như thế nào,ra sao,3,2,False,none,Interrogatives,,
QA_19329,QA,PNN,replace,1,khi,lúc,1,1,False,none,Connectives/Aspect markers,,
QA_19329,QA,PNT1,replace,0,đã,đả,1,1,False,none,Orthographic variant,,
QA_19329,QA,PNT1,replace,1,thế nào,răng,2,1,False,none,Interrogatives,,
QA_19329,QA,PNT2,replace,0,như thế nào,ơ răng,3,2,False,none,Interrogatives,,
QA_19329,QA,PNT3,replace,0,thế nào,răng,2,1,True,dialect_phrase,Interrogatives,sao / thế nào,HaTinh_QB_QT; Hue
QA_19329,QA,PNT4,replace,0,như thế nào,ra ren,3,2,False,none,Interrogatives,,
QA_19358,QA,PNB,replace,0,quốc-cộng,quốc - cộng,1,3,False,none,Orthographic variant,,
QA_19358,QA,PNB,insert,1,,còn,0,1,False,none,Unknown,,
QA_19358,QA,PNN,replace,0,không,hông,1,1,True,dialect_phrase,Negation/Function words,không,NamBo
QA_19358,QA,PNT1,replace,0,gì,chi,1,1,False,none,Interrogatives,,
QA_19358,QA,PNT2,replace,0,không,nỏ,1,1,True,dialect_phrase,Negation/Function words,không,HaTinh_QB_QT; NgheAn
QA_19358,QA,PNT2,replace,1,gì,chi,1,1,True,dialect_phrase,Interrogatives,gì,HaTinh_QB_QT; NgheAn
QA_19358,QA,PNT3,replace,0,gì,chi,1,1,True,dialect_phrase,Interrogatives,gì; sao / thế nào,HaTinh_QB_QT; Hue
QA_19358,QA,PNT4,replace,0,gì,chi,1,1,True,dialect_phrase,Interrogatives,gì,QuangNam
QA_19406,QA,PNN,replace,0,vào,hồi,1,1,False,none,Connectives/Aspect markers,,
QA_19406,QA,PNT1,replace,0,có,cúa,1,1,False,none,Orthographic variant,,
QA_19406,QA,PNT1,replace,1,gì,cái chi,1,2,False,none,Interrogatives,,
QA_19406,QA,PNT2,replace,0,gì,chi,1,1,True,dialect_phrase,Interrogatives,gì,HaTinh_QB_QT; NgheAn
QA_19406,QA,PNT3,replace,0,vào,vô,1,1,False,none,Connectives/Aspect markers,,
QA_19406,QA,PNT3,replace,1,gì,chi,1,1,True,dialect_phrase,Interrogatives,gì; sao / thế nào,HaTinh_QB_QT; Hue
QA_19406,QA,PNT4,replace,0,gì,chi,1,1,True,dialect_phrase,Interrogatives,gì,QuangNam
QA_19877,QA,PNB,delete,0,bằng tự nhiên,,3,0,False,none,Unknown,,
QA_19877,QA,PNB,insert,1,,bằng biện pháp tự nhiên,0,5,False,none,Unknown,,
QA_19877,QA,PNN,replace,0,vì không,tại hông,2,2,False,none,Multi-word idiom,,
QA_19877,QA,PNN,replace,1,các,mấy,1,1,False,none,Negation/Function words,,
QA_19877,QA,PNT2,replace,0,không,nỏ,1,1,True,dialect_phrase,Negation/Function words,không,HaTinh_QB_QT; NgheAn
QA_19877,QA,PNT2,replace,1,làm gì,mần chi,2,2,True,dialect_phrase,Interrogatives,làm gì,HaTinh_QB_QT; NgheAn
QA_19877,QA,PNT3,replace,0,các,mấy,1,1,False,none,Negation/Function words,,
QA_19877,QA,PNT3,replace,1,gì,chi,1,1,True,dialect_phrase,Interrogatives,gì; sao / thế nào,HaTinh_QB_QT; Hue
QA_19877,QA,PNT4,replace,0,vì,do,1,1,False,none,Connectives/Aspect markers,,
QA_19877,QA,PNT4,replace,1,gì,chi,1,1,True,dialect_phrase,Interrogatives,gì,QuangNam
QA_20004,QA,PNB,delete,0,nên,,1,0,False,none,Unknown,,
QA_20004,QA,PNN,replace,0,vì nguyên nhân,tại lí do,3,3,False,none,Multi-word idiom,,
QA_20004,QA,PNN,replace,1,và,với,1,1,False,none,Connectives/Aspect markers,,
QA_20004,QA,PNN,replace,2,những,mấy,1,1,False,none,Negation/Function words,,
QA_20004,QA,PNN,replace,3,khi,lúc,1,1,False,none,Connectives/Aspect markers,,
QA_20004,QA,PNT1,replace,0,đã,đả,1,1,False,none,Orthographic variant,,
QA_20004,QA,PNT1,replace,1,gì,chi,1,1,False,none,Interrogatives,,
QA_20004,QA,PNT2,replace,0,gì,chi,1,1,True,dialect_phrase,Interrogatives,gì,HaTinh_QB_QT; NgheAn
QA_20004,QA,PNT3,insert,0,,kì,0,1,True,dialect_phrase,Negation/Function words,cái,HaTinh_QB_QT
QA_20004,QA,PNT3,replace,1,nên,bơ,1,1,True,dialect_phrase,Connectives/Aspect markers,thì / nên,HaTinh_QB_QT
QA_20004,QA,PNT3,replace,2,khi đó,chầu nớ,2,2,False,none,Demonstratives/Deixis,,
QA_20004,QA,PNT3,replace,3,làm gì,mần chi,2,2,True,dialect_phrase,Interrogatives,làm gì,HaTinh_QB_QT; Hue
QA_20004,QA,PNT4,replace,0,vì,tại,1,1,False,none,Connectives/Aspect markers,,
QA_20004,QA,PNT4,replace,1,và,với,1,1,False,none,Connectives/Aspect markers,,
QA_20004,QA,PNT4,replace,2,khi đó,hồi nớ,2,2,False,none,Demonstratives/Deixis,,
QA_20004,QA,PNT4,replace,3,gì,chi,1,1,True,dialect_phrase,Interrogatives,gì,QuangNam
QA_20495,QA,PNN,replace,0,như thế nào,ra sao,3,2,False,none,Interrogatives,,
QA_20495,QA,PNT1,replace,0,thế nào,răng,2,1,False,none,Interrogatives,,
QA_20495,QA,PNT2,replace,0,các,mấy,1,1,False,none,Negation/Function words,,
QA_20495,QA,PNT2,replace,1,như thế nào,ra răng,3,2,False,none,Interrogatives,,
QA_20495,QA,PNT3,replace,0,vào,vô,1,1,False,none,Connectives/Aspect markers,,
QA_20495,QA,PNT3,replace,1,như thế nào,chi,3,1,True,dialect_phrase,Interrogatives,gì; sao / thế nào,HaTinh_QB_QT; Hue
QA_20495,QA,PNT4,replace,0,như thế nào,ra ren,3,2,False,none,Interrogatives,,
QA_20639,QA,PNN,replace,0,việc,chuyện,1,1,False,none,Predicate vocabulary,,
QA_20639,QA,PNT2,replace,0,làm,mần,1,1,True,dialect_phrase,Predicate vocabulary,làm,HaTinh_QB_QT
QA_20639,QA,PNT2,replace,1,gì,chi,1,1,True,dialect_phrase,Interrogatives,gì,HaTinh_QB_QT; NgheAn
QA_20639,QA,PNT3,replace,0,đã,đạ,1,1,True,dialect_phrase,Connectives/Aspect markers,đã,HaTinh_QB_QT
QA_20639,QA,PNT3,delete,1,trở,,1,0,False,none,Unknown,,
QA_20639,QA,PNT3,replace,2,gì,chi,1,1,True,dialect_phrase,Interrogatives,gì; sao / thế nào,HaTinh_QB_QT; Hue
QA_20639,QA,PNT4,replace,0,vào,vô,1,1,False,none,Connectives/Aspect markers,,
QA_20639,QA,PNT4,replace,1,việc gì,chuyện chi,2,2,True,dialect_phrase,Interrogatives,chuyện gì,QuangNam
QA_21117,QA,PNB,delete,0,này,,1,0,True,standard_word,Demonstratives/Deixis,này,BacBo
QA_21117,QA,PNT2,replace,0,này,ni,1,1,True,dialect_phrase,Demonstratives/Deixis,này,HaTinh_QB_QT; NgheAn
QA_21117,QA,PNT2,replace,1,này,ni,1,1,True,dialect_phrase,Demonstratives/Deixis,này,HaTinh_QB_QT; NgheAn
QA_21117,QA,PNT2,replace,2,gì,chi,1,1,True,dialect_phrase,Interrogatives,gì,HaTinh_QB_QT; NgheAn
QA_21117,QA,PNT3,replace,0,này,ni,1,1,True,dialect_phrase,Demonstratives/Deixis,này,HaTinh_QB_QT; Hue
QA_21117,QA,PNT3,replace,1,đó,nớ,1,1,True,dialect_phrase,Demonstratives/Deixis,kia; ấy / đó,HaTinh_QB_QT; Hue
QA_21117,QA,PNT3,replace,2,này,ni,1,1,True,dialect_phrase,Demonstratives/Deixis,này,HaTinh_QB_QT; Hue
QA_21117,QA,PNT3,replace,3,làm gì,mần chi,2,2,True,dialect_phrase,Interrogatives,làm gì,HaTinh_QB_QT; Hue
QA_21117,QA,PNT4,replace,0,này,ni,1,1,True,dialect_phrase,Demonstratives/Deixis,này,QuangNam
QA_21117,QA,PNT4,replace,1,này,ni,1,1,True,dialect_phrase,Demonstratives/Deixis,này,QuangNam
QA_21117,QA,PNT4,replace,2,gì,chi,1,1,True,dialect_phrase,Interrogatives,gì,QuangNam
QA_21489,QA,PNN,replace,0,khi,lúc,1,1,False,none,Connectives/Aspect markers,,
QA_21489,QA,PNN,replace,1,ông,ổng,1,1,True,dialect_phrase,Pronouns,ông ấy,NamBo
QA_21489,QA,PNN,replace,2,nhằm,đặng,1,1,False,none,Connectives/Aspect markers,,
QA_21489,QA,PNN,replace,3,các,mấy cái,1,2,False,none,Negation/Function words,,
QA_21489,QA,PNT1,replace,0,đã,đả,1,1,False,none,Orthographic variant,,
QA_21489,QA,PNT1,replace,1,gì,chi,1,1,False,none,Interrogatives,,
QA_21489,QA,PNT2,replace,0,làm gì,mần chi,2,2,True,dialect_phrase,Interrogatives,làm gì,HaTinh_QB_QT; NgheAn
QA_21489,QA,PNT3,replace,0,gì,chi,1,1,True,dialect_phrase,Interrogatives,gì; sao / thế nào,HaTinh_QB_QT; Hue
QA_21489,QA,PNT3,replace,1,nhằm,để,1,1,False,none,Connectives/Aspect markers,,
QA_21489,QA,PNT4,replace,0,gì,chi,1,1,True,dialect_phrase,Interrogatives,gì,QuangNam
QA_22617,QA,PNB,replace,0,nào,gì,1,1,True,dialect_phrase,Interrogatives,gì,BacBo
QA_22617,QA,PNN,replace,0,các,mấy,1,1,False,none,Negation/Function words,,
QA_22617,QA,PNN,replace,1,nào,gì,1,1,True,dialect_phrase,Interrogatives,gì,NamBo
QA_22617,QA,PNT1,replace,0,nào,mô,1,1,True,dialect_phrase,Negation/Function words,đâu (phủ định),ThanhHoa
QA_22617,QA,PNT2,replace,0,tại,lộ,1,1,False,none,Noise/Non-linguistic,,
QA_22617,QA,PNT2,replace,1,nào vào,mô vô,2,2,False,none,Multi-word idiom,,
QA_22617,QA,PNT3,delete,0,ngoại,,1,0,False,none,Unknown,,
QA_22617,QA,PNT3,insert,1,,ra,0,1,False,none,Unknown,,
QA_22617,QA,PNT3,replace,2,các,mấy,1,1,False,none,Negation/Function words,,
QA_22617,QA,PNT3,replace,3,nào vào,chi vô,2,2,False,none,Multi-word idiom,,
QA_22617,QA,PNT4,replace,0,các vùng,mấy khu,2,2,False,none,Predicate vocabulary,,
QA_22617,QA,PNT4,replace,1,nào vào,chi ở,2,2,False,none,Interrogatives,,
QA_22620,QA,PNB,replace,0,tại,ở,1,1,False,none,Predicate vocabulary,,
QA_22620,QA,PNB,delete,1,như,,1,0,False,none,Unknown,,
QA_22620,QA,PNN,replace,0,tại,ở,1,1,False,none,Predicate vocabulary,,
QA_22620,QA,PNN,replace,1,trở nên,đâm ra,2,2,False,none,Predicate vocabulary,,
QA_22620,QA,PNN,replace,2,như,mà,1,1,False,none,Connectives/Aspect markers,,
QA_22620,QA,PNT1,replace,0,nào,mô,1,1,True,dialect_phrase,Negation/Function words,đâu (phủ định),ThanhHoa
QA_22620,QA,PNT1,replace,1,cho,chua,1,1,False,none,Predicate vocabulary,,
QA_22620,QA,PNT2,replace,0,nào,mô,1,1,True,dialect_phrase,Interrogatives; Negation/Function words,đâu (phủ định); đâu / nào,HaTinh_QB_QT; NgheAn
QA_22620,QA,PNT3,replace,0,tại,ở,1,1,False,none,Predicate vocabulary,,
QA_22620,QA,PNT3,replace,1,nào,mô,1,1,True,dialect_phrase,Interrogatives; Negation/Function words,đâu (phủ định); đâu / nào,HaTinh_QB_QT; Hue
QA_22620,QA,PNT4,replace,0,tại,ở,1,1,False,none,Predicate vocabulary,,
QA_22620,QA,PNT4,replace,1,nào,mô,1,1,True,dialect_phrase,Interrogatives,đâu / nào,QuangNam
QA_22836,QA,PNN,replace,0,như thế nào,ra sao,3,2,False,none,Interrogatives,,
QA_22836,QA,PNT2,replace,0,như thế nào,ra răng,3,2,False,none,Interrogatives,,
QA_22836,QA,PNT2,insert,1,,đoạn,0,1,False,none,Unknown,,
QA_22836,QA,PNT3,replace,0,thế nào vào,răng vô,3,2,False,none,Multi-word idiom,,
QA_22836,QA,PNT4,replace,0,thế nào,ren,2,1,True,dialect_phrase,Interrogatives,sao / thế nào,QuangNam
QA_2325,QA,PNN,replace,0,vấn đề,vụ,2,1,False,none,Predicate vocabulary,,
QA_2325,QA,PNN,replace,1,và,với,1,1,False,none,Connectives/Aspect markers,,
QA_2325,QA,PNT1,replace,0,đã,đả,1,1,False,none,Orthographic variant,,
QA_2325,QA,PNT1,replace,1,gì,chi,1,1,False,none,Interrogatives,,
QA_2325,QA,PNT2,replace,0,làm gì,mần chi,2,2,True,dialect_phrase,Interrogatives,làm gì,HaTinh_QB_QT; NgheAn
QA_2325,QA,PNT3,replace,0,làm gì,mần chi,2,2,True,dialect_phrase,Interrogatives,làm gì,HaTinh_QB_QT; Hue
QA_23452,QA,PNB,replace,0,thủ,thử,1,1,False,none,Orthographic variant,,
QA_23452,QA,PNB,insert,1,,chữa,0,1,False,none,Unknown,,
QA_23452,QA,PNN,replace,0,như thế nào,sao,3,1,True,dialect_phrase,Interrogatives,sao / thế nào,NamBo
QA_23452,QA,PNN,replace,1,thủ,thử,1,1,False,none,Orthographic variant,,
QA_23452,QA,PNT1,replace,0,đã,đả,1,1,False,none,Orthographic variant,,
QA_23452,QA,PNT2,replace,0,đã,đạ,1,1,True,dialect_phrase,Connectives/Aspect markers,đã,HaTinh_QB_QT
QA_23452,QA,PNT2,replace,1,thế nào,răng,2,1,True,dialect_phrase,Interrogatives,sao / thế nào,HaTinh_QB_QT; NgheAn
QA_23452,QA,PNT2,insert,2,,cấy,0,1,True,dialect_phrase,Negation/Function words,cái,HaTinh_QB_QT; NgheAn
QA_23452,QA,PNT2,replace,3,thủ,thử,1,1,False,none,Orthographic variant,,
QA_23452,QA,PNT3,replace,0,thế nào,răng,2,1,True,dialect_phrase,Interrogatives,sao / thế nào,HaTinh_QB_QT; Hue
QA_23452,QA,PNT4,replace,0,thế nào,răng,2,1,True,standard_word,Interrogatives,ren; sao; sô,PhuYen; QuangNam; QuangNgai
QA_23724,QA,PNB,replace,0,truang,trung,1,1,False,none,Orthographic variant,,
QA_23724,QA,PNB,replace,1,háo,hóa,1,1,False,none,Orthographic variant,,
QA_23724,QA,PNT1,replace,0,cho,chua,1,1,False,none,Predicate vocabulary,,
QA_23724,QA,PNT1,replace,1,truang,trung,1,1,False,none,Orthographic variant,,
QA_23724,QA,PNT1,replace,2,háo,hoá,1,1,False,none,Orthographic variant,,
QA_23724,QA,PNT2,replace,0,vào,vô,1,1,False,none,Connectives/Aspect markers,,
QA_23724,QA,PNT2,replace,1,nào,mô,1,1,True,dialect_phrase,Interrogatives; Negation/Function words,đâu (phủ định); đâu / nào,HaTinh_QB_QT; NgheAn
QA_23724,QA,PNT3,replace,0,ngày nào,hôm mô,2,2,False,none,Interrogatives,,
QA_23724,QA,PNT3,replace,1,đã,đạ,1,1,True,dialect_phrase,Connectives/Aspect markers,đã,HaTinh_QB_QT
QA_23724,QA,PNT4,replace,0,nào,mô,1,1,True,dialect_phrase,Interrogatives,đâu / nào,QuangNam
QA_23724,QA,PNT4,replace,1,truang,trung,1,1,False,none,Orthographic variant,,
QA_23724,QA,PNT4,replace,2,háo,hóa,1,1,False,none,Orthographic variant,,
QA_23978,QA,PNB,delete,0,tại,,1,0,False,none,Unknown,,
QA_23978,QA,PNN,replace,0,và,với,1,1,False,none,Connectives/Aspect markers,,
QA_23978,QA,PNN,replace,1,tại,ở,1,1,False,none,Predicate vocabulary,,
QA_23978,QA,PNN,delete,2,như,,1,0,False,none,Unknown,,
QA_23978,QA,PNT2,replace,0,làm,mần,1,1,True,dialect_phrase,Predicate vocabulary,làm,HaTinh_QB_QT
QA_23978,QA,PNT2,replace,1,tại,lộ,1,1,False,none,Noise/Non-linguistic,,
QA_23978,QA,PNT2,replace,2,ngày nay,bữa ni,2,2,False,none,Demonstratives/Deixis,,
QA_23978,QA,PNT2,replace,3,nơi như thế nào,chỗ a răng,4,3,False,none,Multi-word idiom,,
QA_23978,QA,PNT3,replace,0,và,với,1,1,False,none,Connectives/Aspect markers,,
QA_23978,QA,PNT3,replace,1,nay,ni,1,1,True,dialect_phrase,Demonstratives/Deixis,này,HaTinh_QB_QT; Hue
QA_23978,QA,PNT3,replace,2,thế nào,răng,2,1,True,dialect_phrase,Interrogatives,sao / thế nào,HaTinh_QB_QT; Hue
QA_23978,QA,PNT4,replace,0,nay,ni,1,1,True,dialect_phrase,Demonstratives/Deixis,này,QuangNam
QA_23978,QA,PNT4,replace,1,thế nào,ren,2,1,True,dialect_phrase,Interrogatives,sao / thế nào,QuangNam
QA_24045,QA,PNB,replace,0,dàn,dần,1,1,False,none,Noise/Non-linguistic,,
QA_24045,QA,PNN,replace,0,dàn,từ từ,1,2,False,none,Predicate vocabulary,,
QA_24045,QA,PNN,replace,1,điều,cái,1,1,True,dialect_phrase,Negation/Function words,cái,NamBo
QA_24045,QA,PNN,replace,2,vào,vô,1,1,False,none,Connectives/Aspect markers,,
QA_24045,QA,PNT1,replace,0,dàn,dần,1,1,False,none,Noise/Non-linguistic,,
QA_24045,QA,PNT2,replace,0,dàn,dần,1,1,False,none,Noise/Non-linguistic,,
QA_24045,QA,PNT2,replace,1,gì,chi,1,1,True,dialect_phrase,Interrogatives,gì,HaTinh_QB_QT; NgheAn
QA_24045,QA,PNT2,replace,2,vào,vô,1,1,False,none,Connectives/Aspect markers,,
QA_24045,QA,PNT3,replace,0,dàn,dần,1,1,False,none,Noise/Non-linguistic,,
QA_24045,QA,PNT3,replace,1,gì,chi,1,1,True,dialect_phrase,Interrogatives,gì; sao / thế nào,HaTinh_QB_QT; Hue
QA_24045,QA,PNT3,replace,2,vào,vô,1,1,False,none,Connectives/Aspect markers,,
QA_24045,QA,PNT4,replace,0,dàn,lần lần,1,2,False,none,Predicate vocabulary,,
QA_24045,QA,PNT4,replace,1,gì,chi,1,1,True,dialect_phrase,Interrogatives,gì,QuangNam
QA_24045,QA,PNT4,replace,2,vào,vô,1,1,False,none,Connectives/Aspect markers,,
QA_25984,QA,PNT1,replace,0,nào,mô,1,1,True,dialect_phrase,Negation/Function words,đâu (phủ định),ThanhHoa
QA_25984,QA,PNT2,replace,0,nhỏ,bé,1,1,True,standard_word,Predicate vocabulary,dỏ,HaTinh_QB_QT
QA_25984,QA,PNT2,replace,1,gia đình,nhà,2,1,False,none,Predicate vocabulary,,
QA_25984,QA,PNT2,replace,2,vào,vô,1,1,False,none,Connectives/Aspect markers,,
QA_25984,QA,PNT2,replace,3,nào,mô,1,1,True,dialect_phrase,Interrogatives; Negation/Function words,đâu (phủ định); đâu / nào,HaTinh_QB_QT; NgheAn
QA_25984,QA,PNT3,replace,0,vào,vô kì,1,2,False,none,Predicate vocabulary,,
QA_25984,QA,PNT3,replace,1,nào,mô,1,1,True,dialect_phrase,Interrogatives; Negation/Function words,đâu (phủ định); đâu / nào,HaTinh_QB_QT; Hue
QA_25984,QA,PNT4,replace,0,nổi bật,trội,2,1,False,none,Predicate vocabulary,,
QA_25984,QA,PNT4,replace,1,vào,vô,1,1,False,none,Connectives/Aspect markers,,
QA_25984,QA,PNT4,replace,2,nào,mô,1,1,True,dialect_phrase,Interrogatives,đâu / nào,QuangNam
QA_26154,QA,PNN,replace,0,không,hông,1,1,True,dialect_phrase,Negation/Function words,không,NamBo
QA_26154,QA,PNN,replace,1,như thế nào,ra sao,3,2,False,none,Interrogatives,,
QA_26154,QA,PNT2,replace,0,không,nỏ,1,1,True,dialect_phrase,Negation/Function words,không,HaTinh_QB_QT; NgheAn
QA_26154,QA,PNT2,replace,1,thế nào,răng,2,1,True,dialect_phrase,Interrogatives,sao / thế nào,HaTinh_QB_QT; NgheAn
QA_26154,QA,PNT3,replace,0,không,nỏ,1,1,True,dialect_phrase,Negation/Function words,không,HaTinh_QB_QT
QA_26154,QA,PNT3,replace,1,thế nào,răng,2,1,True,dialect_phrase,Interrogatives,sao / thế nào,HaTinh_QB_QT; Hue
QA_26154,QA,PNT4,replace,0,như thế nào,ra ren,3,2,False,none,Interrogatives,,
QA_26357,QA,PNT2,delete,0,vào năm nào thì,,4,0,False,none,Unknown,,
QA_26357,QA,PNT2,replace,1,đã,đạ,1,1,True,dialect_phrase,Connectives/Aspect markers,đã,HaTinh_QB_QT
QA_26357,QA,PNT2,insert,2,,vào năm mô,0,3,False,none,Unknown,,
QA_26357,QA,PNT3,replace,0,vào,vô,1,1,False,none,Connectives/Aspect markers,,
QA_26357,QA,PNT3,replace,1,nào,mô,1,1,True,dialect_phrase,Interrogatives; Negation/Function words,đâu (phủ định); đâu / nào,HaTinh_QB_QT; Hue
QA_26357,QA,PNT4,replace,0,nào,mô,1,1,True,dialect_phrase,Interrogatives,đâu / nào,QuangNam
QA_26456,QA,PNN,delete,0,sẽ,,1,0,False,none,Unknown,,
QA_26456,QA,PNN,replace,1,vào,hồi,1,1,False,none,Connectives/Aspect markers,,
QA_26456,QA,PNN,insert,2,,cái,0,1,True,dialect_phrase,Negation/Function words,cái,NamBo
QA_26456,QA,PNT1,replace,0,đã,đả,1,1,False,none,Orthographic variant,,
QA_26456,QA,PNT2,replace,0,vào,vô,1,1,False,none,Connectives/Aspect markers,,
QA_26456,QA,PNT2,replace,1,làm gì,mần chi,2,2,True,dialect_phrase,Interrogatives,làm gì,HaTinh_QB_QT; NgheAn
QA_26456,QA,PNT3,replace,0,vào,vô,1,1,False,none,Connectives/Aspect markers,,
QA_26456,QA,PNT3,replace,1,làm gì,mần cấy chi,2,3,True,standard_word,Interrogatives,mần chi,HaTinh_QB_QT; Hue
QA_26456,QA,PNT4,replace,0,gì,chi,1,1,True,dialect_phrase,Interrogatives,gì,QuangNam
QA_26462,QA,PNN,replace,0,bà,bả,1,1,True,dialect_phrase,Pronouns,bà ấy,NamBo
QA_26462,QA,PNT1,replace,0,thuẫn,thuẩn,1,1,False,none,Orthographic variant,,
QA_26462,QA,PNT2,replace,0,vào,vô,1,1,False,none,Connectives/Aspect markers,,
QA_26462,QA,PNT2,replace,1,nào,mô,1,1,True,dialect_phrase,Interrogatives; Negation/Function words,đâu (phủ định); đâu / nào,HaTinh_QB_QT; NgheAn
QA_26462,QA,PNT3,delete,0,vào,,1,0,False,none,Unknown,,
QA_26462,QA,PNT3,replace,1,nào,mô,1,1,True,dialect_phrase,Interrogatives; Negation/Function words,đâu (phủ định); đâu / nào,HaTinh_QB_QT; Hue
QA_26462,QA,PNT3,replace,2,bà đã tuyên bố,lạo xưng,4,2,False,none,Kinship/Honorific terms,,
QA_26462,QA,PNT3,insert,3,,rứa,0,1,False,none,Unknown,,
QA_26558,QA,PNB,delete,0,đã,,1,0,False,none,Unknown,,
QA_26558,QA,PNB,replace,1,trở thành,là,2,1,False,none,Predicate vocabulary,,
QA_26558,QA,PNT1,replace,0,nào,mô,1,1,True,dialect_phrase,Negation/Function words,đâu (phủ định),ThanhHoa
QA_26558,QA,PNT2,replace,0,vào,vô,1,1,False,none,Connectives/Aspect markers,,
QA_26558,QA,PNT2,replace,1,nào,mô,1,1,True,dialect_phrase,Interrogatives; Negation/Function words,đâu (phủ định); đâu / nào,HaTinh_QB_QT; NgheAn
QA_26558,QA,PNT3,replace,0,nào,mô,1,1,True,dialect_phrase,Interrogatives; Negation/Function words,đâu (phủ định); đâu / nào,HaTinh_QB_QT; Hue
QA_26558,QA,PNT3,delete,1,đã,,1,0,True,standard_word,Connectives/Aspect markers,đạ,HaTinh_QB_QT
QA_26558,QA,PNT4,replace,0,nào,mô,1,1,True,dialect_phrase,Interrogatives,đâu / nào,QuangNam
QA_26719,QA,PNN,replace,0,và,với,1,1,False,none,Connectives/Aspect markers,,
QA_26719,QA,PNN,replace,1,thì như thế nào,ra sao,4,2,False,none,Interrogatives,,
QA_26719,QA,PNT2,replace,0,và,với,1,1,False,none,Connectives/Aspect markers,,
QA_26719,QA,PNT2,replace,1,thế nào,răng,2,1,True,dialect_phrase,Interrogatives,sao / thế nào,HaTinh_QB_QT; NgheAn
QA_26719,QA,PNT3,replace,0,và,với,1,1,False,none,Connectives/Aspect markers,,
QA_26719,QA,PNT3,replace,1,thế nào,răng,2,1,True,dialect_phrase,Interrogatives,sao / thế nào,HaTinh_QB_QT; Hue
QA_26719,QA,PNT4,replace,0,thế nào,ren,2,1,True,dialect_phrase,Interrogatives,sao / thế nào,QuangNam
QA_26901,QA,PNB,delete,0,một,,1,0,False,none,Unknown,,
QA_26901,QA,PNB,insert,1,,biểu,0,1,False,none,Unknown,,
QA_26901,QA,PNN,replace,0,các quốc gia,mấy nước,3,2,False,none,Negation/Function words,,
QA_26901,QA,PNN,delete,1,bày,,1,0,False,none,Unknown,,
QA_26901,QA,PNN,delete,2,một,,1,0,False,none,Unknown,,
QA_26901,QA,PNN,replace,3,như thế nào,ra sao,3,2,False,none,Interrogatives,,
QA_26901,QA,PNT2,replace,0,như thế nào,ơ răng,3,2,False,none,Interrogatives,,
QA_26901,QA,PNT3,replace,0,đã,đạ,1,1,True,dialect_phrase,Connectives/Aspect markers,đã,HaTinh_QB_QT
QA_26901,QA,PNT3,replace,1,một,kì,1,1,True,dialect_phrase,Negation/Function words,cái,HaTinh_QB_QT
QA_26901,QA,PNT3,replace,2,thế nào,răng,2,1,True,dialect_phrase,Interrogatives,sao / thế nào,HaTinh_QB_QT; Hue
QA_26901,QA,PNT4,replace,0,như thế nào,ra ren,3,2,False,none,Interrogatives,,
QA_27000,QA,PNB,replace,0,cha,bố,1,1,True,dialect_phrase,Kinship/Honorific terms,bố,BacBo
QA_27000,QA,PNN,replace,0,cha,ba,1,1,False,none,Kinship/Honorific terms,,
QA_27000,QA,PNN,replace,1,thế,như,1,1,True,standard_word,Demonstratives/Deixis,vậy,NamBo
QA_27000,QA,PNT1,replace,0,thế nào,như răng,2,2,False,none,Interrogatives,,
QA_27000,QA,PNT2,replace,0,trái,ngược lại,1,2,False,none,Predicate vocabulary,,
QA_27000,QA,PNT2,replace,1,thế nào,như răng,2,2,True,standard_word,Interrogatives,răng,HaTinh_QB_QT; NgheAn
QA_27000,QA,PNT3,replace,0,thế nào,như răng,2,2,True,standard_word,Interrogatives,chi; răng,HaTinh_QB_QT; Hue
QA_27000,QA,PNT4,replace,0,trái,ngược,1,1,False,none,Predicate vocabulary,,
QA_27000,QA,PNT4,replace,1,thế nào,ra ren,2,2,True,standard_word,Interrogatives,ren; sao; sô,PhuYen; QuangNam; QuangNgai
QA_27033,QA,PNN,replace,0,các,mấy,1,1,False,none,Negation/Function words,,
QA_27033,QA,PNN,replace,1,như thế nào,ra sao,3,2,False,none,Interrogatives,,
QA_27033,QA,PNN,replace,2,việc,vụ,1,1,False,none,Predicate vocabulary,,
QA_27033,QA,PNT1,replace,0,nói,nuối,1,1,False,none,Orthographic variant,,
QA_27033,QA,PNT2,replace,0,như thế nào,à răng,3,2,False,none,Interrogatives,,
QA_27033,QA,PNT3,replace,0,chuyên,hay,1,1,False,none,Predicate vocabulary,,
QA_27033,QA,PNT3,replace,1,như thế nào,chi,3,1,True,dialect_phrase,Interrogatives,gì; sao / thế nào,HaTinh_QB_QT; Hue
QA_27033,QA,PNT3,replace,2,việc,chuyện,1,1,False,none,Predicate vocabulary,,
QA_27033,QA,PNT4,replace,0,thế nào,răn,2,1,True,standard_word,Interrogatives,ren; sao; sô,PhuYen; QuangNam; QuangNgai
QA_27033,QA,PNT4,replace,1,thân,cơ,1,1,False,none,Predicate vocabulary,,
QA_2707,QA,PNN,replace,0,vào,vô,1,1,False,none,Connectives/Aspect markers,,
QA_2707,QA,PNT2,replace,0,nào,mô,1,1,True,dialect_phrase,Interrogatives; Negation/Function words,đâu (phủ định); đâu / nào,HaTinh_QB_QT; NgheAn
QA_2707,QA,PNT2,replace,1,vào,vô,1,1,False,none,Connectives/Aspect markers,,
QA_2707,QA,PNT3,replace,0,nào,mô,1,1,True,dialect_phrase,Interrogatives; Negation/Function words,đâu (phủ định); đâu / nào,HaTinh_QB_QT; Hue
QA_2707,QA,PNT3,replace,1,vào,vô,1,1,False,none,Connectives/Aspect markers,,
QA_27538,QA,PNN,replace,0,như thế nào,ra sao,3,2,False,none,Interrogatives,,
QA_27538,QA,PNN,replace,1,việc,cái vụ,1,2,False,none,Predicate vocabulary,,
QA_27538,QA,PNT2,replace,0,như thế nào,a răng,3,2,False,none,Interrogatives,,
QA_27538,QA,PNT3,replace,0,thế nào,răng,2,1,True,dialect_phrase,Interrogatives,sao / thế nào,HaTinh_QB_QT; Hue
QA_27538,QA,PNT4,replace,0,như thế nào,ra ren,3,2,False,none,Interrogatives,,
QA_3137,QA,PNN,replace,0,không,hông,1,1,True,dialect_phrase,Negation/Function words,không,NamBo
QA_3137,QA,PNT1,replace,0,nào,mô,1,1,True,dialect_phrase,Negation/Function words,đâu (phủ định),ThanhHoa
QA_3137,QA,PNT2,replace,0,nào,mô,1,1,True,dialect_phrase,Interrogatives; Negation/Function words,đâu (phủ định); đâu / nào,HaTinh_QB_QT; NgheAn
QA_3137,QA,PNT2,replace,1,không thể,nỏ,2,1,True,dialect_phrase,Negation/Function words,không,HaTinh_QB_QT; NgheAn
QA_3137,QA,PNT2,replace,2,khu vực,mấy đoạn,2,2,False,none,Predicate vocabulary,,
QA_3137,QA,PNT3,replace,0,vào,vô,1,1,False,none,Connectives/Aspect markers,,
QA_3137,QA,PNT3,replace,1,nào thì,mô là,2,2,False,none,Multi-word idiom,,
QA_3137,QA,PNT4,replace,0,nào,mô,1,1,True,dialect_phrase,Interrogatives,đâu / nào,QuangNam
QA_3368,QA,PNN,replace,0,rơi vào,lọt vô,2,2,False,none,Multi-word idiom,,
QA_3368,QA,PNN,replace,1,vào,hồi,1,1,False,none,Connectives/Aspect markers,,
QA_3368,QA,PNT2,replace,0,nào,mô,1,1,True,dialect_phrase,Interrogatives; Negation/Function words,đâu (phủ định); đâu / nào,HaTinh_QB_QT; NgheAn
QA_3368,QA,PNT2,replace,1,vào,vô,1,1,False,none,Connectives/Aspect markers,,
QA_3368,QA,PNT3,replace,0,nào,mô,1,1,True,dialect_phrase,Interrogatives; Negation/Function words,đâu (phủ định); đâu / nào,HaTinh_QB_QT; Hue
QA_3368,QA,PNT3,replace,1,vào,vô,1,1,False,none,Connectives/Aspect markers,,
QA_3368,QA,PNT3,replace,2,vào,vô,1,1,False,none,Connectives/Aspect markers,,
QA_3410,QA,PNB,replace,0,vị,vi,1,1,False,none,Noise/Non-linguistic,,
QA_3410,QA,PNB,replace,1,nữa,nửa,1,1,False,none,Orthographic variant,,
QA_3410,QA,PNN,replace,0,đến nơi nào,tới đâu,3,2,False,none,Interrogatives,,
QA_3410,QA,PNT2,replace,0,đã,đạ,1,1,True,dialect_phrase,Connectives/Aspect markers,đã,HaTinh_QB_QT
QA_3410,QA,PNT2,replace,1,nơi nào,mô,2,1,True,dialect_phrase,Interrogatives; Negation/Function words,đâu (phủ định); đâu / nào,HaTinh_QB_QT; NgheAn
QA_3410,QA,PNT2,replace,2,nữa,nửa,1,1,False,none,Orthographic variant,,
QA_3410,QA,PNT3,replace,0,nơi nào,từng mô,2,2,False,none,Interrogatives,,
QA_3410,QA,PNT4,replace,0,nào,mô,1,1,True,dialect_phrase,Interrogatives,đâu / nào,QuangNam
QA_3982,QA,PNN,replace,0,khi không,lúc hông,2,2,False,none,Multi-word idiom,,
QA_3982,QA,PNN,insert,1,,thì,0,1,False,none,Unknown,,
QA_3982,QA,PNN,replace,2,sử dụng vào,xài vô,3,2,False,none,Multi-word idiom,,
QA_3982,QA,PNT2,replace,0,không,nỏ,1,1,True,dialect_phrase,Negation/Function words,không,HaTinh_QB_QT; NgheAn
QA_3982,QA,PNT2,replace,1,vào,vô,1,1,False,none,Connectives/Aspect markers,,
QA_3982,QA,PNT2,replace,2,gì,chi,1,1,True,dialect_phrase,Interrogatives,gì,HaTinh_QB_QT; NgheAn
QA_3982,QA,PNT3,replace,0,không,nọ,1,1,True,standard_word,Negation/Function words,nỏ,HaTinh_QB_QT
QA_3982,QA,PNT3,replace,1,đã,đạ,1,1,True,dialect_phrase,Connectives/Aspect markers,đã,HaTinh_QB_QT
QA_3982,QA,PNT3,replace,2,vào,vô,1,1,False,none,Connectives/Aspect markers,,
QA_3982,QA,PNT3,replace,3,gì,chi rứa,1,2,True,standard_word,Interrogatives,chi,HaTinh_QB_QT; Hue
QA_3982,QA,PNT4,replace,0,gì,chi,1,1,True,dialect_phrase,Interrogatives,gì,QuangNam
QA_4111,QA,PNN,replace,0,khi,lúc,1,1,False,none,Connectives/Aspect markers,,
QA_4111,QA,PNN,replace,1,vào,hồi,1,1,False,none,Connectives/Aspect markers,,
QA_4111,QA,PNN,delete,2,thế,,1,0,True,standard_word,Demonstratives/Deixis,vậy,NamBo
QA_4111,QA,PNT1,replace,0,thế nào,răng,2,1,False,none,Interrogatives,,
QA_4111,QA,PNT2,replace,0,vào,vô,1,1,False,none,Connectives/Aspect markers,,
QA_4111,QA,PNT2,replace,1,như thế nào,a răng,3,2,False,none,Interrogatives,,
QA_4111,QA,PNT3,replace,0,vào,vô,1,1,False,none,Connectives/Aspect markers,,
QA_4111,QA,PNT3,replace,1,thế nào,răng,2,1,True,dialect_phrase,Interrogatives,sao / thế nào,HaTinh_QB_QT; Hue
QA_4111,QA,PNT4,replace,0,thế nào,ren,2,1,True,dialect_phrase,Interrogatives,sao / thế nào,QuangNam
QA_4230,QA,PNN,replace,0,khi,lúc,1,1,False,none,Connectives/Aspect markers,,
QA_4230,QA,PNN,replace,1,không,hông,1,1,True,dialect_phrase,Negation/Function words,không,NamBo
QA_4230,QA,PNN,replace,2,các,mấy,1,1,False,none,Negation/Function words,,
QA_4230,QA,PNT1,replace,0,có,cúa,1,1,False,none,Orthographic variant,,
QA_4230,QA,PNT2,replace,0,gì,chi,1,1,True,dialect_phrase,Interrogatives,gì,HaTinh_QB_QT; NgheAn
QA_4230,QA,PNT3,replace,0,không,khung,1,1,True,standard_word,Negation/Function words,nỏ,HaTinh_QB_QT
QA_4230,QA,PNT3,replace,1,làm gì,mần cấy chi,2,3,True,standard_word,Interrogatives,mần chi,HaTinh_QB_QT; Hue
QA_4230,QA,PNT4,replace,0,phủ quyết,bác bỏ,2,2,False,none,Predicate vocabulary,,
QA_4230,QA,PNT4,replace,1,gì,chi,1,1,True,dialect_phrase,Interrogatives,gì,QuangNam
QA_4380,QA,PNN,replace,0,việc,vụ,1,1,False,none,Predicate vocabulary,,
QA_4380,QA,PNN,replace,1,vào,vô,1,1,False,none,Connectives/Aspect markers,,
QA_4380,QA,PNN,replace,2,như thế nào,ra sao,3,2,False,none,Interrogatives,,
QA_4380,QA,PNT2,replace,0,vào,vô,1,1,False,none,Connectives/Aspect markers,,
QA_4380,QA,PNT2,replace,1,đã,đạ,1,1,True,dialect_phrase,Connectives/Aspect markers,đã,HaTinh_QB_QT
QA_4380,QA,PNT2,replace,2,như thế nào,chi,3,1,True,dialect_phrase,Interrogatives,gì,HaTinh_QB_QT; NgheAn
QA_4380,QA,PNT3,replace,0,vào,vô,1,1,False,none,Connectives/Aspect markers,,
QA_4380,QA,PNT3,replace,1,như thế nào đối với,chi tới,5,2,False,none,Interrogatives,,
QA_4380,QA,PNT4,replace,0,thế nào,răn,2,1,True,standard_word,Interrogatives,ren; sao; sô,PhuYen; QuangNam; QuangNgai
QA_4814,QA,PNN,replace,0,việc,chuyện,1,1,False,none,Predicate vocabulary,,
QA_4814,QA,PNN,replace,1,không,hông,1,1,True,dialect_phrase,Negation/Function words,không,NamBo
QA_4814,QA,PNN,insert,2,,cái,0,1,True,dialect_phrase,Negation/Function words,cái,NamBo
QA_4814,QA,PNT2,replace,0,nào,mô,1,1,True,dialect_phrase,Interrogatives; Negation/Function words,đâu (phủ định); đâu / nào,HaTinh_QB_QT; NgheAn
QA_4814,QA,PNT2,replace,1,không,nỏ,1,1,True,dialect_phrase,Negation/Function words,không,HaTinh_QB_QT; NgheAn
QA_4814,QA,PNT2,replace,2,nó,hấn,1,1,True,standard_word,Pronouns,hắn; nghị,HaTinh_QB_QT
QA_4814,QA,PNT3,replace,0,nào,mô,1,1,True,dialect_phrase,Interrogatives; Negation/Function words,đâu (phủ định); đâu / nào,HaTinh_QB_QT; Hue
QA_4814,QA,PNT3,replace,1,nó,hắn,1,1,True,dialect_phrase,Pronouns,nó,HaTinh_QB_QT; Hue
QA_4814,QA,PNT4,replace,0,nào,mô,1,1,True,dialect_phrase,Interrogatives,đâu / nào,QuangNam
QA_4833,QA,PNN,delete,0,thế,,1,0,True,standard_word,Demonstratives/Deixis,vậy,NamBo
QA_4833,QA,PNT1,replace,0,thế nào,răng,2,1,False,none,Interrogatives,,
QA_4833,QA,PNT2,replace,0,nó như thế nào,răng,4,1,True,dialect_phrase,Interrogatives,sao / thế nào,HaTinh_QB_QT; NgheAn
QA_4833,QA,PNT3,replace,0,người ta,họ,2,1,False,none,Pronouns,,
QA_4833,QA,PNT3,replace,1,nó,hắn,1,1,True,dialect_phrase,Pronouns,nó,HaTinh_QB_QT; Hue
QA_4833,QA,PNT3,replace,2,thế nào,răng,2,1,True,dialect_phrase,Interrogatives,sao / thế nào,HaTinh_QB_QT; Hue
QA_4833,QA,PNT4,replace,0,thế nào,ren,2,1,True,dialect_phrase,Interrogatives,sao / thế nào,QuangNam
QA_4887,QA,PNB,replace,0,tại,ở,1,1,False,none,Predicate vocabulary,,
QA_4887,QA,PNN,replace,0,tại,ở,1,1,False,none,Predicate vocabulary,,
QA_4887,QA,PNN,replace,1,vào,vô,1,1,False,none,Connectives/Aspect markers,,
QA_4887,QA,PNT1,replace,0,cho,chua,1,1,False,none,Predicate vocabulary,,
QA_4887,QA,PNT2,replace,0,tại,lộ,1,1,False,none,Noise/Non-linguistic,,
QA_4887,QA,PNT2,replace,1,vào,vô,1,1,False,none,Connectives/Aspect markers,,
QA_4887,QA,PNT2,replace,2,nào,mô,1,1,True,dialect_phrase,Interrogatives; Negation/Function words,đâu (phủ định); đâu / nào,HaTinh_QB_QT; NgheAn
QA_4887,QA,PNT3,replace,0,vào,vô,1,1,False,none,Connectives/Aspect markers,,
QA_4887,QA,PNT3,replace,1,nào,mô,1,1,True,dialect_phrase,Interrogatives; Negation/Function words,đâu (phủ định); đâu / nào,HaTinh_QB_QT; Hue
QA_4887,QA,PNT4,replace,0,nào,mô,1,1,True,dialect_phrase,Interrogatives,đâu / nào,QuangNam
QA_5051,QA,PNT2,replace,0,vào,vô,1,1,False,none,Connectives/Aspect markers,,
QA_5051,QA,PNT2,replace,1,nào,mô,1,1,True,dialect_phrase,Interrogatives; Negation/Function words,đâu (phủ định); đâu / nào,HaTinh_QB_QT; NgheAn
QA_5051,QA,PNT3,replace,0,vào,ở,1,1,False,none,Predicate vocabulary,,
QA_5051,QA,PNT3,replace,1,nào,mô,1,1,True,dialect_phrase,Interrogatives; Negation/Function words,đâu (phủ định); đâu / nào,HaTinh_QB_QT; Hue
QA_5051,QA,PNT3,delete,2,đã,,1,0,True,standard_word,Connectives/Aspect markers,đạ,HaTinh_QB_QT
QA_5750,QA,PNN,replace,0,mẹ,má,1,1,False,none,Kinship/Honorific terms,,
QA_5750,QA,PNN,replace,1,thế nào khi,ra sao lúc,3,3,False,none,Multi-word idiom,,
QA_5750,QA,PNN,replace,2,không,hông,1,1,True,dialect_phrase,Negation/Function words,không,NamBo
QA_5750,QA,PNT2,replace,0,thế nào,a răng,2,2,True,standard_word,Interrogatives,răng,HaTinh_QB_QT; NgheAn
QA_5750,QA,PNT3,replace,0,thế nào,ra răng,2,2,True,standard_word,Interrogatives,chi; răng,HaTinh_QB_QT; Hue
QA_5750,QA,PNT3,replace,1,không,nỏ,1,1,True,dialect_phrase,Negation/Function words,không,HaTinh_QB_QT
QA_5750,QA,PNT3,replace,2,mình,miềng,1,1,False,none,Pronouns,,
QA_5750,QA,PNT4,replace,0,thế nào,như răn,2,2,True,standard_word,Interrogatives,ren; sao; sô,PhuYen; QuangNam; QuangNgai
QA_6624,QA,PNT1,replace,0,gì,chi,1,1,False,none,Interrogatives,,
QA_6624,QA,PNT2,replace,0,đã,đạ,1,1,True,dialect_phrase,Connectives/Aspect markers,đã,HaTinh_QB_QT
QA_6624,QA,PNT2,replace,1,làm gì,mần chi,2,2,True,dialect_phrase,Interrogatives,làm gì,HaTinh_QB_QT; NgheAn
QA_6624,QA,PNT3,replace,0,gì,chi,1,1,True,dialect_phrase,Interrogatives,gì; sao / thế nào,HaTinh_QB_QT; Hue
QA_6624,QA,PNT4,replace,0,gì,chi,1,1,True,dialect_phrase,Interrogatives,gì,QuangNam
QA_6664,QA,PNB,replace,0,đã,từng,1,1,False,none,Connectives/Aspect markers,,
QA_6664,QA,PNB,replace,1,với,bằng,1,1,False,none,Connectives/Aspect markers,,
QA_6664,QA,PNN,replace,0,những,mấy,1,1,False,none,Negation/Function words,,
QA_6664,QA,PNN,replace,1,như thế nào,ra sao,3,2,False,none,Interrogatives,,
QA_6664,QA,PNT1,replace,0,con,cuôn,1,1,False,none,Orthographic variant,,
QA_6664,QA,PNT2,replace,0,như thế nào,ơ răng,3,2,False,none,Interrogatives,,
QA_6664,QA,PNT3,replace,0,đã,đạ,1,1,True,dialect_phrase,Connectives/Aspect markers,đã,HaTinh_QB_QT
QA_6664,QA,PNT3,replace,1,đã,đạ,1,1,True,dialect_phrase,Connectives/Aspect markers,đã,HaTinh_QB_QT
QA_6664,QA,PNT3,replace,2,đường,đàng,1,1,False,none,Orthographic variant,,
QA_6664,QA,PNT3,replace,3,thế nào,răng he,2,2,True,standard_word,Interrogatives,chi; răng,HaTinh_QB_QT; Hue
QA_6664,QA,PNT4,replace,0,thế nào,răn,2,1,True,standard_word,Interrogatives,ren; sao; sô,PhuYen; QuangNam; QuangNgai
QA_6673,QA,PNN,replace,0,không,hông,1,1,True,dialect_phrase,Negation/Function words,không,NamBo
QA_6673,QA,PNT1,replace,0,làm gì,mần chi,2,2,True,dialect_phrase,Interrogatives,làm gì,ThanhHoa
QA_6673,QA,PNT2,replace,0,đã không,đạ nỏ,2,2,False,none,Multi-word idiom,,
QA_6673,QA,PNT2,replace,1,nào,mô,1,1,True,dialect_phrase,Interrogatives; Negation/Function words,đâu (phủ định); đâu / nào,HaTinh_QB_QT; NgheAn
QA_6673,QA,PNT2,replace,2,làm gì,mần cấy chi,2,3,True,standard_word,Interrogatives,mần chi,HaTinh_QB_QT; NgheAn
QA_6673,QA,PNT3,replace,0,kỳ,cứ,1,1,False,none,Orthographic variant,,
QA_6673,QA,PNT3,replace,1,nào,mô,1,1,True,dialect_phrase,Interrogatives; Negation/Function words,đâu (phủ định); đâu / nào,HaTinh_QB_QT; Hue
QA_6673,QA,PNT3,replace,2,gì,chi,1,1,True,dialect_phrase,Interrogatives,gì; sao / thế nào,HaTinh_QB_QT; Hue
QA_6673,QA,PNT4,replace,0,nào,mô,1,1,True,dialect_phrase,Interrogatives,đâu / nào,QuangNam
QA_6673,QA,PNT4,replace,1,gì,chi,1,1,True,dialect_phrase,Interrogatives,gì,QuangNam
QA_6720,QA,PNN,replace,0,các,mấy,1,1,False,none,Negation/Function words,,
QA_6720,QA,PNN,replace,1,vào,hồi,1,1,False,none,Connectives/Aspect markers,,
QA_6720,QA,PNT2,replace,0,vào,vô,1,1,False,none,Connectives/Aspect markers,,
QA_6720,QA,PNT2,replace,1,nào,mô,1,1,True,dialect_phrase,Interrogatives; Negation/Function words,đâu (phủ định); đâu / nào,HaTinh_QB_QT; NgheAn
QA_6720,QA,PNT3,replace,0,các,mấy,1,1,False,none,Negation/Function words,,
QA_6720,QA,PNT3,replace,1,vào,vô,1,1,False,none,Connectives/Aspect markers,,
QA_6720,QA,PNT3,replace,2,nào,mô,1,1,True,dialect_phrase,Interrogatives; Negation/Function words,đâu (phủ định); đâu / nào,HaTinh_QB_QT; Hue
QA_6720,QA,PNT4,replace,0,nào,mô,1,1,True,dialect_phrase,Interrogatives,đâu / nào,QuangNam
QA_7436,QA,PNT1,replace,0,nào,mô,1,1,True,dialect_phrase,Negation/Function words,đâu (phủ định),ThanhHoa
QA_7436,QA,PNT2,replace,0,vào,vô,1,1,False,none,Connectives/Aspect markers,,
QA_7436,QA,PNT2,replace,1,nào,mô,1,1,True,dialect_phrase,Interrogatives; Negation/Function words,đâu (phủ định); đâu / nào,HaTinh_QB_QT; NgheAn
QA_7436,QA,PNT3,replace,0,nào,mô,1,1,True,dialect_phrase,Interrogatives; Negation/Function words,đâu (phủ định); đâu / nào,HaTinh_QB_QT; Hue
QA_7436,QA,PNT4,replace,0,vào,ở,1,1,False,none,Predicate vocabulary,,
QA_7436,QA,PNT4,replace,1,nào,mô,1,1,True,dialect_phrase,Interrogatives,đâu / nào,QuangNam
QA_7442,QA,PNB,replace,0,xvii-xx thì,xvii - xx,2,3,False,none,Out-of-scope,,
QA_7442,QA,PNB,replace,1,làm,đã khiến,1,2,True,standard_word,Predicate vocabulary,làm,BacBo
QA_7442,QA,PNB,insert,2,,trở nên,0,2,False,none,Unknown,,
QA_7442,QA,PNT1,replace,0,cho,chua,1,1,False,none,Predicate vocabulary,,
QA_7442,QA,PNT2,replace,0,nào,mô,1,1,True,dialect_phrase,Interrogatives; Negation/Function words,đâu (phủ định); đâu / nào,HaTinh_QB_QT; NgheAn
QA_7442,QA,PNT3,replace,0,trong giai,ở kì,2,2,False,none,Predicate vocabulary,,
QA_7442,QA,PNT3,replace,1,nào,chi,1,1,True,dialect_phrase,Interrogatives,gì; sao / thế nào,HaTinh_QB_QT; Hue
QA_7442,QA,PNT4,replace,0,nào,mô,1,1,True,dialect_phrase,Interrogatives,đâu / nào,QuangNam
QA_7517,QA,PNN,replace,0,thời gian,lúc,2,1,False,none,Predicate vocabulary,,
QA_7517,QA,PNN,replace,1,sử dụng,xài,2,1,False,none,Predicate vocabulary,,
QA_7517,QA,PNT1,replace,0,nào,mô,1,1,True,dialect_phrase,Negation/Function words,đâu (phủ định),ThanhHoa
QA_7517,QA,PNT1,replace,1,nào,chi,1,1,False,none,Interrogatives,,
QA_7517,QA,PNT2,replace,0,nào,mô,1,1,True,dialect_phrase,Interrogatives; Negation/Function words,đâu (phủ định); đâu / nào,HaTinh_QB_QT; NgheAn
QA_7517,QA,PNT2,insert,1,,cấy,0,1,True,dialect_phrase,Negation/Function words,cái,HaTinh_QB_QT; NgheAn
QA_7517,QA,PNT2,replace,2,nào,mô,1,1,True,dialect_phrase,Interrogatives; Negation/Function words,đâu (phủ định); đâu / nào,HaTinh_QB_QT; NgheAn
QA_7517,QA,PNT3,replace,0,nào,mô,1,1,True,dialect_phrase,Interrogatives; Negation/Function words,đâu (phủ định); đâu / nào,HaTinh_QB_QT; Hue
QA_7517,QA,PNT3,replace,1,sử dụng,dùng,2,1,False,none,Predicate vocabulary,,
QA_7517,QA,PNT3,replace,2,nào,mô khác,1,2,True,standard_word,Interrogatives,mô,HaTinh_QB_QT; Hue
QA_7713,QA,PNN,replace,0,khi,lúc,1,1,False,none,Connectives/Aspect markers,,
QA_7713,QA,PNN,delete,1,trở,,1,0,False,none,Unknown,,
QA_7713,QA,PNN,delete,2,đã,,1,0,False,none,Unknown,,
QA_7713,QA,PNN,insert,3,,cái,0,1,True,dialect_phrase,Negation/Function words,cái,NamBo
QA_7713,QA,PNN,delete,4,gọi,,1,0,True,standard_word,Predicate vocabulary,kêu,NamBo
QA_7713,QA,PNT2,replace,0,nó,hấn,1,1,True,standard_word,Pronouns,hắn; nghị,HaTinh_QB_QT
QA_7713,QA,PNT2,replace,1,gì,chi,1,1,True,dialect_phrase,Interrogatives,gì,HaTinh_QB_QT; NgheAn
QA_7713,QA,PNT3,replace,0,nó đã,hắn đạ,2,2,False,none,Pronouns,,
QA_7713,QA,PNT3,replace,1,gì,chi,1,1,True,dialect_phrase,Interrogatives,gì; sao / thế nào,HaTinh_QB_QT; Hue
QA_7713,QA,PNT4,replace,0,nó,hén,1,1,True,dialect_phrase,Pronouns,nó,QuangNam
QA_7713,QA,PNT4,replace,1,gì,chi,1,1,True,dialect_phrase,Interrogatives,gì,QuangNam
QA_7747,QA,PNN,delete,0,thế,,1,0,True,standard_word,Demonstratives/Deixis,vậy,NamBo
QA_7747,QA,PNT1,replace,0,đã,đả,1,1,False,none,Orthographic variant,,
QA_7747,QA,PNT1,replace,1,thế nào,răng,2,1,False,none,Interrogatives,,
QA_7747,QA,PNT2,replace,0,đã,đạ,1,1,True,dialect_phrase,Connectives/Aspect markers,đã,HaTinh_QB_QT
QA_7747,QA,PNT2,replace,1,như thế nào,a răng,3,2,False,none,Interrogatives,,
QA_7747,QA,PNT3,replace,0,vào,vô,1,1,False,none,Connectives/Aspect markers,,
QA_7747,QA,PNT3,replace,1,thế nào,răng,2,1,True,dialect_phrase,Interrogatives,sao / thế nào,HaTinh_QB_QT; Hue
QA_7747,QA,PNT4,replace,0,như thế nào,ra ren,3,2,False,none,Interrogatives,,
QA_8086,QA,PNN,replace,0,tại,ở,1,1,False,none,Predicate vocabulary,,
QA_8086,QA,PNN,replace,1,nơi,chỗ,1,1,False,none,Predicate vocabulary,,
QA_8086,QA,PNN,replace,2,vào,vô,1,1,False,none,Connectives/Aspect markers,,
QA_8086,QA,PNN,replace,3,vào,hồi,1,1,False,none,Connectives/Aspect markers,,
QA_8086,QA,PNT2,replace,0,vào,vô,1,1,False,none,Connectives/Aspect markers,,
QA_8086,QA,PNT2,replace,1,vào,vô,1,1,False,none,Connectives/Aspect markers,,
QA_8086,QA,PNT3,replace,0,nơi nào đã,lộ mô đạ,3,3,False,none,Multi-word idiom,,
QA_8086,QA,PNT3,replace,1,vào,vô,1,1,False,none,Connectives/Aspect markers,,
QA_8086,QA,PNT4,replace,0,nơi nào,chỗ mô,2,2,False,none,Interrogatives,,
QA_8086,QA,PNT4,replace,1,vào,vô,1,1,False,none,Connectives/Aspect markers,,
QA_8137,QA,PNB,replace,0,tại,ở,1,1,False,none,Predicate vocabulary,,
QA_8137,QA,PNB,delete,1,nó,,1,0,True,standard_word,Pronouns,nó,BacBo
QA_8137,QA,PNN,replace,0,tại,ở,1,1,False,none,Predicate vocabulary,,
QA_8137,QA,PNN,delete,1,có vị trí,,3,0,False,none,Unknown,,
QA_8137,QA,PNT1,replace,0,đâu,mô,1,1,True,dialect_phrase,Negation/Function words,đâu (phủ định),ThanhHoa
QA_8137,QA,PNT2,replace,0,nó,hấn,1,1,True,standard_word,Pronouns,hắn; nghị,HaTinh_QB_QT
QA_8137,QA,PNT2,replace,1,đâu,mô,1,1,True,dialect_phrase,Interrogatives; Negation/Function words,đâu (phủ định); đâu / nào,HaTinh_QB_QT; NgheAn
QA_8137,QA,PNT3,replace,0,tại,ở,1,1,False,none,Predicate vocabulary,,
QA_8137,QA,PNT3,replace,1,nó,hắn,1,1,True,dialect_phrase,Pronouns,nó,HaTinh_QB_QT; Hue
QA_8137,QA,PNT3,replace,2,đâu,mô,1,1,True,dialect_phrase,Interrogatives; Negation/Function words,đâu (phủ định); đâu / nào,HaTinh_QB_QT; Hue
QA_8137,QA,PNT4,replace,0,nó có vị trí,hén nằm,4,2,False,none,Predicate vocabulary,,
QA_8137,QA,PNT4,replace,1,đâu,mô,1,1,True,dialect_phrase,Interrogatives,đâu / nào,QuangNam
QA_8904,QA,PNB,delete,0,bị,,1,0,False,none,Unknown,,
QA_8904,QA,PNB,replace,1,lên,đến,1,1,False,none,Predicate vocabulary,,
QA_8904,QA,PNN,replace,0,và,với,1,1,False,none,Connectives/Aspect markers,,
QA_8904,QA,PNN,replace,1,như thế nào lên,ra sao đến,4,3,False,none,Interrogatives,,
QA_8904,QA,PNN,replace,2,và,với,1,1,False,none,Connectives/Aspect markers,,
QA_8904,QA,PNT2,replace,0,như thế nào,a răng,3,2,False,none,Interrogatives,,
QA_8904,QA,PNT3,insert,0,,kì,0,1,True,dialect_phrase,Negation/Function words,cái,HaTinh_QB_QT
QA_8904,QA,PNT3,replace,1,đã,đạ,1,1,True,dialect_phrase,Connectives/Aspect markers,đã,HaTinh_QB_QT
QA_8904,QA,PNT3,replace,2,thế nào,răng,2,1,True,dialect_phrase,Interrogatives,sao / thế nào,HaTinh_QB_QT; Hue
QA_8904,QA,PNT4,replace,0,như thế nào,ra ren,3,2,False,none,Interrogatives,,
QA_8904,QA,PNT4,replace,1,và sự,với,2,1,False,none,Connectives/Aspect markers,,
QA_9223,QA,PNN,replace,0,không,hông,1,1,True,dialect_phrase,Negation/Function words,không,NamBo
QA_9223,QA,PNT2,replace,0,đã,đạ,1,1,True,dialect_phrase,Connectives/Aspect markers,đã,HaTinh_QB_QT
QA_9223,QA,PNT2,replace,1,không,nỏ,1,1,True,dialect_phrase,Negation/Function words,không,HaTinh_QB_QT; NgheAn
QA_9223,QA,PNT2,replace,2,nào,mô,1,1,True,dialect_phrase,Interrogatives; Negation/Function words,đâu (phủ định); đâu / nào,HaTinh_QB_QT; NgheAn
QA_9223,QA,PNT3,replace,0,nào,mô,1,1,True,dialect_phrase,Interrogatives; Negation/Function words,đâu (phủ định); đâu / nào,HaTinh_QB_QT; Hue
QA_9223,QA,PNT4,replace,0,phần lớn,đa số,2,2,False,none,Predicate vocabulary,,
QA_9223,QA,PNT4,replace,1,nào,mô,1,1,True,dialect_phrase,Interrogatives,đâu / nào,QuangNam
QA_9483,QA,PNN,replace,0,sự việc,vụ,2,1,False,none,Predicate vocabulary,,
QA_9483,QA,PNN,replace,1,vào,hồi,1,1,False,none,Connectives/Aspect markers,,
QA_9483,QA,PNN,replace,2,không,hông,1,1,True,dialect_phrase,Negation/Function words,không,NamBo
QA_9483,QA,PNT2,replace,0,không,nỏ,1,1,True,dialect_phrase,Negation/Function words,không,HaTinh_QB_QT; NgheAn
QA_9483,QA,PNT3,replace,0,sự việc gì,kì vụ chi đạ,3,4,False,none,Multi-word idiom,,
QA_9483,QA,PNT3,replace,1,vào,vô,1,1,False,none,Connectives/Aspect markers,,
QA_9483,QA,PNT3,replace,2,đã không,đạ khung,2,2,False,none,Multi-word idiom,,
QA_9483,QA,PNT4,replace,0,gì,chi,1,1,True,dialect_phrase,Interrogatives,gì,QuangNam
QA_9520,QA,PNB,delete,0,tại,,1,0,False,none,Unknown,,
QA_9520,QA,PNN,replace,0,các,mấy,1,1,False,none,Negation/Function words,,
QA_9520,QA,PNN,replace,1,và,với,1,1,False,none,Connectives/Aspect markers,,
QA_9520,QA,PNN,replace,2,tại,ở,1,1,False,none,Predicate vocabulary,,
QA_9520,QA,PNT2,replace,0,đâu,mô,1,1,True,dialect_phrase,Interrogatives; Negation/Function words,đâu (phủ định); đâu / nào,HaTinh_QB_QT; NgheAn
QA_9520,QA,PNT3,replace,0,tại đâu,chỗ mô,2,2,False,none,Interrogatives,,
QA_9601,QA,PNN,replace,0,nhằm,để,1,1,False,none,Connectives/Aspect markers,,
QA_9601,QA,PNN,replace,1,và,với,1,1,False,none,Connectives/Aspect markers,,
QA_9601,QA,PNN,replace,2,khi,lúc,1,1,False,none,Connectives/Aspect markers,,
QA_9601,QA,PNT2,replace,0,nào,mô,1,1,True,dialect_phrase,Interrogatives; Negation/Function words,đâu (phủ định); đâu / nào,HaTinh_QB_QT; NgheAn
QA_9601,QA,PNT3,replace,0,nào,mô rựa,1,2,True,standard_word,Interrogatives,mô,HaTinh_QB_QT; Hue
QA_9601,QA,PNT4,replace,0,nào,mô,1,1,True,dialect_phrase,Interrogatives,đâu / nào,QuangNam
QA_9637,QA,PNN,replace,0,như thế nào,ra sao,3,2,False,none,Interrogatives,,
QA_9637,QA,PNT1,replace,0,đã,đả,1,1,False,none,Orthographic variant,,
QA_9637,QA,PNT1,replace,1,thế nào,răng,2,1,False,none,Interrogatives,,
QA_9637,QA,PNT2,replace,0,người,ngài,1,1,False,none,Orthographic variant,,
QA_9637,QA,PNT2,replace,1,vào,vô,1,1,False,none,Connectives/Aspect markers,,
QA_9637,QA,PNT2,replace,2,như thế nào,a răng,3,2,False,none,Interrogatives,,
QA_9637,QA,PNT3,replace,0,vào,vô,1,1,False,none,Connectives/Aspect markers,,
QA_9637,QA,PNT3,replace,1,thế nào,răng,2,1,True,dialect_phrase,Interrogatives,sao / thế nào,HaTinh_QB_QT; Hue
QA_9637,QA,PNT4,replace,0,như thế nào,ra ren,3,2,False,none,Interrogatives,,
QA_9767,QA,PNN,replace,0,như thế nào,ra sao,3,2,False,none,Interrogatives,,
QA_9767,QA,PNN,replace,1,ông đến,ổng tới,2,2,False,none,Kinship/Honorific terms,,
QA_9767,QA,PNT1,replace,0,có,cúa,1,1,False,none,Orthographic variant,,
QA_9767,QA,PNT2,replace,0,như thế nào,a răng,3,2,False,none,Interrogatives,,
QA_9767,QA,PNT3,delete,0,có,,1,0,False,none,Unknown,,
QA_9767,QA,PNT3,replace,1,thế nào,răng,2,1,True,dialect_phrase,Interrogatives,sao / thế nào,HaTinh_QB_QT; Hue
QA_9767,QA,PNT4,replace,0,như thế nào,ra ren,3,2,False,none,Interrogatives,,
QA_9767,QA,PNT4,replace,1,đến,tới,1,1,False,none,Predicate vocabulary,,
QA_9774,QA,PNN,replace,0,không,hông,1,1,True,dialect_phrase,Negation/Function words,không,NamBo
QA_9774,QA,PNT2,replace,0,không,nỏ,1,1,True,dialect_phrase,Negation/Function words,không,HaTinh_QB_QT; NgheAn
QA_9774,QA,PNT2,replace,1,nào,mô,1,1,True,dialect_phrase,Interrogatives; Negation/Function words,đâu (phủ định); đâu / nào,HaTinh_QB_QT; NgheAn
QA_9774,QA,PNT3,replace,0,không,nỏ,1,1,True,dialect_phrase,Negation/Function words,không,HaTinh_QB_QT
QA_9774,QA,PNT3,replace,1,nào,mô,1,1,True,dialect_phrase,Interrogatives; Negation/Function words,đâu (phủ định); đâu / nào,HaTinh_QB_QT; Hue
QA_9774,QA,PNT4,replace,0,nào,mô,1,1,True,dialect_phrase,Interrogatives,đâu / nào,QuangNam
SENT_0534,SENT,PNB,replace,0,dã man,khinh khủng,2,2,False,none,Idiomatic expressions,,
SENT_0534,SENT,PNB,replace,1,nhỉ,nghĩ,1,1,True,standard_word,Discourse particles,nhể,BacBo
SENT_0696,SENT,PNT1,replace,0,tao,tau,1,1,True,standard_word,Pronouns,choa,ThanhHoa
SENT_0696,SENT,PNT1,replace,1,ù,cố,1,1,False,none,Predicate vocabulary,,
SENT_0696,SENT,PNT2,replace,0,tôi,tui,1,1,True,dialect_phrase,Pronouns,tôi,HaTinh_QB_QT
SENT_0696,SENT,PNT2,replace,1,này,ni,1,1,True,dialect_phrase,Demonstratives/Deixis,này,HaTinh_QB_QT; NgheAn
SENT_0696,SENT,PNT2,replace,2,nó,hấn,1,1,True,standard_word,Pronouns,hắn; nghị,HaTinh_QB_QT
SENT_0696,SENT,PNT2,replace,3,tao,tau,1,1,True,dialect_phrase,Pronouns,tao,HaTinh_QB_QT
SENT_0696,SENT,PNT2,replace,4,chúng nó,bọn hấn,2,2,True,standard_word,Pronouns,bọn hắn; bọn nớ,HaTinh_QB_QT
SENT_0696,SENT,PNT2,replace,5,tôi,tui,1,1,True,dialect_phrase,Pronouns,tôi,HaTinh_QB_QT
SENT_0814,SENT,PNT1,replace,0,này,ni,1,1,True,dialect_phrase,Demonstratives/Deixis,này,ThanhHoa
SENT_0814,SENT,PNT1,replace,1,mẹ,moẹ,1,1,False,none,Orthographic variant,,
SENT_0814,SENT,PNT1,replace,2,kia,di,1,1,False,none,Demonstratives/Deixis,,
SENT_0835,SENT,PNT1,replace,0,tại sao,răng mà,2,2,False,none,Interrogatives,,
SENT_0835,SENT,PNT1,replace,1,kia,tê,1,1,False,none,Demonstratives/Deixis,,
SENT_0895,SENT,PNT1,replace,0,làm,mần,1,1,True,dialect_phrase,Predicate vocabulary,làm,ThanhHoa
SENT_0895,SENT,PNT2,replace,0,làm,mần,1,1,True,dialect_phrase,Predicate vocabulary,làm,HaTinh_QB_QT
SENT_0895,SENT,PNT2,replace,1,người vậy,ngài rứa,2,2,False,none,Multi-word idiom,,
SENT_0895,SENT,PNT2,replace,2,hôm nó,bữa hấn,2,2,False,none,Multi-word idiom,,
SENT_0958,SENT,PNN,replace,0,tao,tui,1,1,True,dialect_phrase,Pronouns,tôi,NamBo
SENT_0958,SENT,PNN,replace,1,bọn,tụi,1,1,False,none,Pronouns,,
SENT_0958,SENT,PNN,replace,2,tao,tui,1,1,True,dialect_phrase,Pronouns,tôi,NamBo
SENT_0958,SENT,PNT1,replace,0,tao,tau,1,1,True,standard_word,Pronouns,choa,ThanhHoa
SENT_0958,SENT,PNT1,replace,1,tao,tau,1,1,True,standard_word,Pronouns,choa,ThanhHoa
SENT_1093,SENT,PNB,replace,0,có,còn,1,1,False,none,Negation/Function words,,
SENT_1093,SENT,PNN,replace,0,không,hông,1,1,True,dialect_phrase,Negation/Function words,không,NamBo
SENT_1093,SENT,PNN,replace,1,không,hông,1,1,True,dialect_phrase,Negation/Function words,không,NamBo
SENT_1093,SENT,PNN,replace,2,quả,cú,1,1,False,none,Predicate vocabulary,,
SENT_1093,SENT,PNN,replace,3,thật đấy,thiệt đó,2,2,False,none,Multi-word idiom,,
SENT_1093,SENT,PNT1,replace,0,không,chả,1,1,False,none,Negation/Function words,,
SENT_1093,SENT,PNT1,insert,1,,thì,0,1,False,none,Unknown,,
SENT_1093,SENT,PNT1,replace,2,thật đấy,vải luôn ấy,2,3,False,none,Idiomatic expressions,,
SENT_1098,SENT,PNB,replace,0,vậy,thế,1,1,True,standard_word,Demonstratives/Deixis,thế (ấy); thế này,BacBo
SENT_1098,SENT,PNN,replace,0,giống,y chang,1,2,False,none,Predicate vocabulary,,
SENT_1098,SENT,PNT1,replace,0,sao,răng mà,1,2,False,none,Interrogatives,,
SENT_1098,SENT,PNT1,replace,1,tao vậy,tau ri,2,2,False,none,Multi-word idiom,,
SENT_1098,SENT,PNT2,replace,0,sao,răng,1,1,True,dialect_phrase,Interrogatives,sao / thế nào,HaTinh_QB_QT; NgheAn
SENT_1098,SENT,PNT2,replace,1,tao vậy,tau rứa,2,2,False,none,Multi-word idiom,,
SENT_1146,SENT,PNB,replace,0,thẹo,sẹo,1,1,False,none,Orthographic variant,,
SENT_1146,SENT,PNB,replace,1,thẹo,sẹo,1,1,False,none,Orthographic variant,,
SENT_1146,SENT,PNB,replace,2,kêu,bảo,1,1,False,none,Predicate vocabulary,,
SENT_1146,SENT,PNB,replace,3,liền,ngay,1,1,False,none,Demonstratives/Deixis,,
SENT_1146,SENT,PNB,replace,4,không được,chịu,2,1,False,none,Negation/Function words,,
SENT_1146,SENT,PNN,replace,0,do mẹ,tại má,2,2,False,none,Multi-word idiom,,
SENT_1146,SENT,PNN,insert,1,,hồi,0,1,False,none,Unknown,,
SENT_1146,SENT,PNN,replace,2,để,đặng,1,1,False,none,Connectives/Aspect markers,,
SENT_1146,SENT,PNN,replace,3,không,hông,1,1,True,dialect_phrase,Negation/Function words,không,NamBo
SENT_1146,SENT,PNT1,replace,0,thẹo,sẹo,1,1,False,none,Orthographic variant,,
SENT_1146,SENT,PNT1,replace,1,thẹo,sẹo,1,1,False,none,Orthographic variant,,
SENT_1146,SENT,PNT1,replace,2,phân biệt,nhận biết,2,2,False,none,Predicate vocabulary,,
SENT_1146,SENT,PNT2,replace,0,tao,tau,1,1,True,dialect_phrase,Pronouns,tao,HaTinh_QB_QT
SENT_1146,SENT,PNT2,replace,1,tao,tau,1,1,True,dialect_phrase,Pronouns,tao,HaTinh_QB_QT
SENT_1146,SENT,PNT2,replace,2,thẹo,sẹo,1,1,False,none,Orthographic variant,,
SENT_1146,SENT,PNT2,replace,3,tao,tau,1,1,True,dialect_phrase,Pronouns,tao,HaTinh_QB_QT
SENT_1146,SENT,PNT2,replace,4,thẹo,sẹo,1,1,False,none,Orthographic variant,,
SENT_1146,SENT,PNT2,replace,5,không,nỏ,1,1,True,dialect_phrase,Negation/Function words,không,HaTinh_QB_QT; NgheAn
SENT_1161,SENT,PNB,replace,0,tới,đến,1,1,False,none,Predicate vocabulary,,
SENT_1161,SENT,PNB,replace,1,tới,đến,1,1,False,none,Predicate vocabulary,,
SENT_1161,SENT,PNB,delete,2,xem,,1,0,False,none,Unknown,,
SENT_1161,SENT,PNN,replace,0,không,hông,1,1,True,dialect_phrase,Negation/Function words,không,NamBo
SENT_1161,SENT,PNN,replace,1,xem,coi,1,1,False,none,Predicate vocabulary,,
SENT_1161,SENT,PNT1,replace,0,tao,tau,1,1,True,standard_word,Pronouns,choa,ThanhHoa
SENT_1172,SENT,PNB,delete,0,ta,,1,0,False,none,Unknown,,
SENT_1172,SENT,PNN,replace,0,nhỉ,ghê,1,1,True,standard_word,Discourse particles,nhỉ,NamBo
SENT_1172,SENT,PNN,replace,1,mức,cỡ,1,1,False,none,Predicate vocabulary,,
SENT_1172,SENT,PNT1,replace,0,ta,cơ,1,1,False,none,Discourse particles,,
SENT_1172,SENT,PNT2,replace,0,nhỉ sao,rứa răng,2,2,False,none,Multi-word idiom,,
SENT_1172,SENT,PNT2,replace,1,đó vậy,nớ rứa,2,2,False,none,Multi-word idiom,,
SENT_1192,SENT,PNB,replace,0,xơi,ăn,1,1,False,none,Predicate vocabulary,,
SENT_1192,SENT,PNN,replace,0,gấu,bồ,1,1,False,none,Predicate vocabulary,,
SENT_1192,SENT,PNN,replace,1,nhé,nha,1,1,True,standard_word,Discourse particles,nhen,NamBo
SENT_1192,SENT,PNN,replace,2,bố láo,cà chớn,2,2,False,none,Idiomatic expressions,,
SENT_1192,SENT,PNN,replace,3,xơi,ăn,1,1,False,none,Predicate vocabulary,,
SENT_1192,SENT,PNN,replace,4,đấy,đó,1,1,True,dialect_phrase,Demonstratives/Deixis,kia; ấy / đó,NamBo
SENT_1192,SENT,PNT1,insert,0,,mầ,0,1,False,none,Unknown,,
SENT_1192,SENT,PNT1,replace,1,tao,tau,1,1,True,standard_word,Pronouns,choa,ThanhHoa
SENT_1192,SENT,PNT1,replace,2,đấy,đấ,1,1,False,none,Orthographic variant,,
SENT_1192,SENT,PNT2,replace,0,nhé,nha,1,1,True,standard_word,Discourse particles,nghe,HaTinh_QB_QT
SENT_1192,SENT,PNT2,replace,1,tao,tau,1,1,True,dialect_phrase,Pronouns,tao,HaTinh_QB_QT
SENT_1192,SENT,PNT2,replace,2,đấy,đó,1,1,True,standard_word,Discourse particles,đỏ,HaTinh_QB_QT
SENT_1222,SENT,PNB,replace,0,chay,chạy,1,1,False,none,Orthographic variant,,
SENT_1222,SENT,PNB,replace,1,vương,vươn,1,1,False,none,Noise/Non-linguistic,,
SENT_1222,SENT,PNB,replace,2,hút,húc,1,1,False,none,Noise/Non-linguistic,,
SENT_1222,SENT,PNB,replace,3,""" nghìn mét ""","""nghìn mét""",4,2,False,none,Noise/Non-linguistic,,
SENT_1222,SENT,PNN,insert,0,,cái,0,1,True,dialect_phrase,Negation/Function words,cái,NamBo
SENT_1222,SENT,PNN,replace,1,không,hông,1,1,True,dialect_phrase,Negation/Function words,không,NamBo
SENT_1222,SENT,PNN,replace,2,nghìn,ngàn,1,1,False,none,Orthographic variant,,
SENT_1222,SENT,PNN,replace,3,ngang,vịt xiêm,1,2,False,none,Noise/Non-linguistic,,
SENT_1222,SENT,PNT1,replace,0,làm,mần,1,1,True,dialect_phrase,Predicate vocabulary,làm,ThanhHoa
SENT_1222,SENT,PNT1,replace,1,làm,mần,1,1,True,dialect_phrase,Predicate vocabulary,làm,ThanhHoa
SENT_1222,SENT,PNT2,replace,0,tao,tau,1,1,True,dialect_phrase,Pronouns,tao,HaTinh_QB_QT
SENT_1222,SENT,PNT2,replace,1,nó,hấn,1,1,True,standard_word,Pronouns,hắn; nghị,HaTinh_QB_QT
SENT_1222,SENT,PNT2,replace,2,tao,tau,1,1,True,dialect_phrase,Pronouns,tao,HaTinh_QB_QT
SENT_1222,SENT,PNT2,replace,3,tao,tau,1,1,True,dialect_phrase,Pronouns,tao,HaTinh_QB_QT
SENT_1222,SENT,PNT2,replace,4,gì nó,chi hấn,2,2,False,none,Multi-word idiom,,
SENT_1222,SENT,PNT2,replace,5,tao,tau,1,1,True,dialect_phrase,Pronouns,tao,HaTinh_QB_QT
SENT_1222,SENT,PNT2,replace,6,nó,hấn,1,1,True,standard_word,Pronouns,hắn; nghị,HaTinh_QB_QT
SENT_1222,SENT,PNT2,replace,7,nó,hấn,1,1,True,standard_word,Pronouns,hắn; nghị,HaTinh_QB_QT
SENT_1239,SENT,PNN,replace,0,không,hông,1,1,True,dialect_phrase,Negation/Function words,không,NamBo
SENT_1239,SENT,PNN,replace,1,không,hông,1,1,True,dialect_phrase,Negation/Function words,không,NamBo
SENT_1239,SENT,PNT2,replace,0,không,nỏ,1,1,True,dialect_phrase,Negation/Function words,không,HaTinh_QB_QT; NgheAn
SENT_1239,SENT,PNT2,replace,1,gì,chi,1,1,True,dialect_phrase,Interrogatives,gì,HaTinh_QB_QT; NgheAn
SENT_1239,SENT,PNT2,replace,2,không,nỏ,1,1,True,dialect_phrase,Negation/Function words,không,HaTinh_QB_QT; NgheAn
SENT_1239,SENT,PNT2,replace,3,thấy,chộ,1,1,True,dialect_phrase,Predicate vocabulary,thấy,HaTinh_QB_QT
SENT_1239,SENT,PNT3,replace,0,này,ni,1,1,True,dialect_phrase,Demonstratives/Deixis,này,HaTinh_QB_QT; Hue
SENT_1239,SENT,PNT3,replace,1,gì,chi,1,1,True,dialect_phrase,Interrogatives,gì; sao / thế nào,HaTinh_QB_QT; Hue
SENT_1239,SENT,PNT3,replace,2,thấy,chộ,1,1,True,dialect_phrase,Predicate vocabulary,thấy,HaTinh_QB_QT; Hue
SENT_1338,SENT,PNN,replace,0,mồm,miệng,1,1,False,none,Predicate vocabulary,,
SENT_1338,SENT,PNN,replace,1,rộng toang toác,bô bô,3,2,False,none,Idiomatic expressions,,
SENT_1338,SENT,PNN,replace,2,như thế nhỉ,vậy ta,3,2,False,none,Interrogatives,,
SENT_1338,SENT,PNT1,replace,0,toác,hoang,1,1,False,none,Predicate vocabulary,,
SENT_1338,SENT,PNT1,replace,1,thế nhỉ,rứa nhể,2,2,False,none,Multi-word idiom,,
SENT_1338,SENT,PNT2,replace,0,này,ni,1,1,True,dialect_phrase,Demonstratives/Deixis,này,HaTinh_QB_QT; NgheAn
SENT_1338,SENT,PNT2,replace,1,nó,hấn,1,1,True,standard_word,Pronouns,hắn; nghị,HaTinh_QB_QT
SENT_1338,SENT,PNT2,replace,2,thế nhỉ,rứa hầy,2,2,False,none,Multi-word idiom,,
SENT_1338,SENT,PNT3,replace,0,sao,răng,1,1,True,dialect_phrase,Interrogatives,sao / thế nào,HaTinh_QB_QT; Hue
SENT_1338,SENT,PNT3,replace,1,này,ni,1,1,True,dialect_phrase,Demonstratives/Deixis,này,HaTinh_QB_QT; Hue
SENT_1338,SENT,PNT3,replace,2,nó,hắn,1,1,True,dialect_phrase,Pronouns,nó,HaTinh_QB_QT; Hue
SENT_1338,SENT,PNT3,replace,3,thế nhỉ,rứa hè,2,2,True,dialect_phrase,Idiomatic expressions,vậy nhỉ,HaTinh_QB_QT; Hue
SENT_1410,SENT,PNB,replace,0,vương nỏ,giương ná,2,2,False,none,Noise/Non-linguistic,,
SENT_1410,SENT,PNB,replace,1,đame,dame,1,1,False,none,Noise/Non-linguistic,,
SENT_1410,SENT,PNB,delete,2,còn,,1,0,False,none,Unknown,,
SENT_1410,SENT,PNN,replace,0,hôm,bữa,1,1,False,none,Predicate vocabulary,,
SENT_1410,SENT,PNN,replace,1,vào,vô,1,1,False,none,Connectives/Aspect markers,,
SENT_1410,SENT,PNN,replace,2,ngờ,dè,1,1,False,none,Predicate vocabulary,,
SENT_1410,SENT,PNN,replace,3,không,hông,1,1,True,dialect_phrase,Negation/Function words,không,NamBo
SENT_1410,SENT,PNT1,replace,0,có,cúa,1,1,False,none,Orthographic variant,,
SENT_1410,SENT,PNT1,replace,1,tao,tau,1,1,True,standard_word,Pronouns,choa,ThanhHoa
SENT_1410,SENT,PNT1,replace,2,con,cuôn,1,1,False,none,Orthographic variant,,
SENT_1410,SENT,PNT1,replace,3,nó,hấn,1,1,False,none,Pronouns,,
SENT_1410,SENT,PNT1,replace,4,tao,tau,1,1,True,standard_word,Pronouns,choa,ThanhHoa
SENT_1410,SENT,PNT2,replace,0,hôm tao,bựa tau,2,2,False,none,Multi-word idiom,,
SENT_1410,SENT,PNT2,replace,1,vào,vô,1,1,False,none,Connectives/Aspect markers,,
SENT_1410,SENT,PNT2,replace,2,vào,vô,1,1,False,none,Connectives/Aspect markers,,
SENT_1410,SENT,PNT2,replace,3,tao không,tau nỏ,2,2,False,none,Multi-word idiom,,
SENT_1410,SENT,PNT3,replace,0,hôm tao,bựa tau,2,2,False,none,Multi-word idiom,,
SENT_1410,SENT,PNT3,replace,1,vương,dương,1,1,False,none,Orthographic variant,,
SENT_1410,SENT,PNT3,replace,2,tính,định,1,1,False,none,Predicate vocabulary,,
SENT_1410,SENT,PNT3,replace,3,vào,vô kì,1,2,False,none,Predicate vocabulary,,
SENT_1410,SENT,PNT3,replace,4,nó,hắn,1,1,True,dialect_phrase,Pronouns,nó,HaTinh_QB_QT; Hue
SENT_1410,SENT,PNT3,replace,5,vào,vô,1,1,False,none,Connectives/Aspect markers,,
SENT_1410,SENT,PNT3,replace,6,tao không,tau nỏ,2,2,False,none,Multi-word idiom,,
SENT_1410,SENT,PNT3,replace,7,chơi nữa,dởi nựa,2,2,False,none,Multi-word idiom,,
SENT_1485,SENT,PNB,replace,0,chôm,trộm,1,1,False,none,Predicate vocabulary,,
SENT_1485,SENT,PNN,replace,0,nhanh thế,lẹ dữ hồi,2,3,False,none,Multi-word idiom,,
SENT_1485,SENT,PNN,insert,1,,tới,0,1,False,none,Unknown,,
SENT_1485,SENT,PNT1,replace,0,chôm,trộm,1,1,False,none,Predicate vocabulary,,
SENT_1485,SENT,PNT1,replace,1,ngàng,hàng mà,1,2,False,none,Noise/Non-linguistic,,
SENT_1485,SENT,PNT2,replace,0,sao,răng,1,1,True,dialect_phrase,Interrogatives,sao / thế nào,HaTinh_QB_QT; NgheAn
SENT_1485,SENT,PNT2,replace,1,thế,rứa,1,1,True,dialect_phrase,Demonstratives/Deixis,vậy / thế,NgheAn
SENT_1485,SENT,PNT2,replace,2,chôm,cướp,1,1,False,none,Predicate vocabulary,,
SENT_1485,SENT,PNT3,replace,0,sao bắt nhanh thế,răng tóm lẹ rứa,4,4,False,none,Multi-word idiom,,
SENT_1485,SENT,PNT3,replace,1,ngàng,hàng,1,1,False,none,Orthographic variant,,
SENT_1485,SENT,PNT3,replace,2,bắt,tóm,1,1,False,none,Predicate vocabulary,,
SENT_1485,SENT,PNT4,replace,0,thế,rứa,1,1,True,standard_word,Demonstratives/Deixis,như dậy; như rứa; như vậy,PhuYen; QuangNam; QuangNgai
SENT_1546,SENT,PNN,replace,0,không,hông,1,1,True,dialect_phrase,Negation/Function words,không,NamBo
SENT_1546,SENT,PNT2,replace,0,nó,hấn,1,1,True,standard_word,Pronouns,hắn; nghị,HaTinh_QB_QT
SENT_1546,SENT,PNT2,replace,1,đỗ đâu,đậu mô,2,2,False,none,Multi-word idiom,,
SENT_1546,SENT,PNT2,replace,2,nó đỗ,hấn đậu,2,2,False,none,Multi-word idiom,,
SENT_1546,SENT,PNT2,replace,3,không,nỏ,1,1,True,dialect_phrase,Negation/Function words,không,HaTinh_QB_QT; NgheAn
SENT_1546,SENT,PNT3,replace,0,nó thích đỗ đâu,hắn ưng đậu mô,4,4,False,none,Multi-word idiom,,
SENT_1546,SENT,PNT3,replace,1,nó đỗ mình thích,hắn đậu miềng ưng,4,4,False,none,Multi-word idiom,,
SENT_1546,SENT,PNT3,replace,2,mình,miềng,1,1,False,none,Pronouns,,
SENT_1546,SENT,PNT3,replace,3,chứ mình không,chơ miềng nỏ,3,3,False,none,Multi-word idiom,,
SENT_1546,SENT,PNT4,replace,0,nó,hắn,1,1,True,standard_word,Pronouns,hén; nó,PhuYen; QuangNam; QuangNgai
SENT_1546,SENT,PNT4,replace,1,nó,hắn,1,1,True,standard_word,Pronouns,hén; nó,PhuYen; QuangNam; QuangNgai
SENT_1579,SENT,PNB,replace,0,mắc ói,buồn nôn,2,2,False,none,Idiomatic expressions,,
SENT_1579,SENT,PNB,replace,1,đó,đấy,1,1,True,standard_word,Demonstratives/Deixis,ấy,BacBo
SENT_1579,SENT,PNN,replace,0,khi,chừng,1,1,False,none,Connectives/Aspect markers,,
SENT_1579,SENT,PNN,replace,1,không,hông,1,1,True,dialect_phrase,Negation/Function words,không,NamBo
SENT_1579,SENT,PNN,replace,2,khi,chừng,1,1,False,none,Connectives/Aspect markers,,
SENT_1579,SENT,PNT1,replace,0,xò lông,dẩm,2,1,False,none,Idiomatic expressions,,
SENT_1579,SENT,PNT2,replace,0,nào tao,mô tau,2,2,False,none,Multi-word idiom,,
SENT_1579,SENT,PNT2,replace,1,tao,tau,1,1,True,dialect_phrase,Pronouns,tao,HaTinh_QB_QT
SENT_1579,SENT,PNT2,replace,2,đó tao,nớ tau,2,2,False,none,Multi-word idiom,,
SENT_1579,SENT,PNT3,replace,0,nào tao nhìn,mô tau chộ,3,3,False,none,Multi-word idiom,,
SENT_1579,SENT,PNT3,replace,1,tao không mắc ói,tau nỏ buồn oẹ,4,4,False,none,Multi-word idiom,,
SENT_1579,SENT,PNT3,replace,2,đó tao,nớ tau,2,2,False,none,Multi-word idiom,,
SENT_1626,SENT,PNB,replace,0,vid,video,1,1,False,none,Orthographic variant,,
SENT_1626,SENT,PNB,delete,1,về,,1,0,True,standard_word,Predicate vocabulary,về,BacBo
SENT_1626,SENT,PNN,replace,0,xem,coi,1,1,False,none,Predicate vocabulary,,
SENT_1626,SENT,PNN,replace,1,và,với,1,1,False,none,Connectives/Aspect markers,,
SENT_1626,SENT,PNN,replace,2,thật,thiệt,1,1,True,dialect_phrase,Connectives/Aspect markers,thật,NamBo
SENT_1626,SENT,PNN,replace,3,thật đấy,thiệt đó,2,2,False,none,Multi-word idiom,,
SENT_1626,SENT,PNT1,replace,0,xem,cuôi,1,1,False,none,Orthographic variant,,
SENT_1626,SENT,PNT1,replace,1,này,ni,1,1,True,dialect_phrase,Demonstratives/Deixis,này,ThanhHoa
SENT_1626,SENT,PNT1,replace,2,này cơ cực thật đấy,ni khổ kinh,5,3,False,none,Multi-word idiom,,
SENT_1626,SENT,PNT2,replace,0,này,ni,1,1,True,dialect_phrase,Demonstratives/Deixis,này,HaTinh_QB_QT; NgheAn
SENT_1626,SENT,PNT2,replace,1,này,ni,1,1,True,dialect_phrase,Demonstratives/Deixis,này,HaTinh_QB_QT; NgheAn
SENT_1626,SENT,PNT3,replace,0,này,ni,1,1,True,dialect_phrase,Demonstratives/Deixis,này,HaTinh_QB_QT; Hue
SENT_1626,SENT,PNT3,replace,1,và,với,1,1,False,none,Connectives/Aspect markers,,
SENT_1626,SENT,PNT3,replace,2,thật giờ,thiệt chừ,2,2,False,none,Multi-word idiom,,
SENT_1626,SENT,PNT3,replace,3,này cơ,ni,2,1,True,dialect_phrase,Demonstratives/Deixis,này,HaTinh_QB_QT; Hue
SENT_1626,SENT,PNT3,replace,4,thật đấy,thiệt á,2,2,False,none,Multi-word idiom,,
SENT_1626,SENT,PNT4,replace,0,xem,coi,1,1,True,dialect_phrase,Predicate vocabulary,thấy,PhuYen; QuangNgai
SENT_1626,SENT,PNT4,replace,1,thật đấy,ghê lắm,2,2,False,none,Discourse particles,,
SENT_1655,SENT,PNN,delete,0,rất,,1,0,True,standard_word,Predicate vocabulary,dữ,NamBo
SENT_1655,SENT,PNN,insert,1,,dữ,0,1,True,dialect_phrase,Predicate vocabulary,rất,NamBo
SENT_1655,SENT,PNN,replace,2,không,hông,1,1,True,dialect_phrase,Negation/Function words,không,NamBo
SENT_1655,SENT,PNN,replace,3,đùa,giỡn,1,1,False,none,Predicate vocabulary,,
SENT_1655,SENT,PNT1,replace,0,chừng,khéo lại,1,2,False,none,Predicate vocabulary,,
SENT_1655,SENT,PNT2,replace,0,chứ,chơ,1,1,True,dialect_phrase,Connectives/Aspect markers,chứ,HaTinh_QB_QT
SENT_1655,SENT,PNT3,replace,0,chút nhưng,tí đều,2,2,False,none,Multi-word idiom,,
SENT_1655,SENT,PNT3,replace,1,không,coi,1,1,True,dialect_phrase,Predicate vocabulary,xem,HaTinh_QB_QT
SENT_1655,SENT,PNT3,replace,2,ấy chứ,đó chơ,2,2,False,none,Multi-word idiom,,
SENT_1655,SENT,PNT4,replace,0,ấy chứ,đó bớt,2,2,False,none,Demonstratives/Deixis,,
SENT_1726,SENT,PNB,replace,0,halo,hãm,1,1,False,none,Noise/Non-linguistic,,
SENT_1726,SENT,PNB,replace,1,hết,nữa,1,1,False,none,Negation/Function words,,
SENT_1726,SENT,PNN,replace,0,lâu lâu,thảng thảng,2,2,False,none,Predicate vocabulary,,
SENT_1726,SENT,PNN,replace,1,thế này,vậy,2,1,True,dialect_phrase,Demonstratives/Deixis,thế này / vậy; vậy / thế,NamBo
SENT_1726,SENT,PNN,replace,2,không,hông,1,1,True,dialect_phrase,Negation/Function words,không,NamBo
SENT_1726,SENT,PNN,replace,3,xem,coi,1,1,False,none,Predicate vocabulary,,
SENT_1726,SENT,PNT2,replace,0,thế này,như ri,2,2,True,dialect_phrase,Demonstratives/Deixis,như thế này,HaTinh_QB_QT; NgheAn
SENT_1726,SENT,PNT2,replace,1,không,nỏ,1,1,True,dialect_phrase,Negation/Function words,không,HaTinh_QB_QT; NgheAn
SENT_1726,SENT,PNT2,replace,2,gì,chi,1,1,True,dialect_phrase,Interrogatives,gì,HaTinh_QB_QT; NgheAn
SENT_1726,SENT,PNT3,insert,0,,đại,0,1,False,none,Unknown,,
SENT_1726,SENT,PNT3,replace,1,lâu mới,mì,2,1,False,none,Connectives/Aspect markers,,
SENT_1726,SENT,PNT3,replace,2,thế này,như ri,2,2,True,dialect_phrase,Demonstratives/Deixis,như thế này; thế này / vậy,HaTinh_QB_QT; Hue
SENT_1726,SENT,PNT3,replace,3,không,chơ nỏ,1,2,True,standard_word,Negation/Function words,nỏ,HaTinh_QB_QT
SENT_1726,SENT,PNT3,replace,4,gì,chi,1,1,True,dialect_phrase,Interrogatives,gì; sao / thế nào,HaTinh_QB_QT; Hue
SENT_1726,SENT,PNT3,replace,5,xem,nựa coi,1,2,True,standard_word,Predicate vocabulary,coi; ngó,HaTinh_QB_QT
SENT_1726,SENT,PNT4,replace,0,gì,chi,1,1,True,dialect_phrase,Interrogatives,gì,QuangNam
SENT_1726,SENT,PNT4,replace,1,xem,coi,1,1,True,dialect_phrase,Predicate vocabulary,thấy,PhuYen; QuangNgai
SENT_1726,SENT,PNT4,replace,2,bất hạnh,khổ,2,1,False,none,Predicate vocabulary,,
SENT_1771,SENT,PNN,replace,0,thế,vậy,1,1,True,dialect_phrase,Demonstratives/Deixis,thế này / vậy; vậy / thế,NamBo
SENT_1771,SENT,PNT1,replace,0,này,ni,1,1,True,dialect_phrase,Demonstratives/Deixis,này,ThanhHoa
SENT_1771,SENT,PNT2,replace,0,gì,chi,1,1,True,dialect_phrase,Interrogatives,gì,HaTinh_QB_QT; NgheAn
SENT_1771,SENT,PNT2,replace,1,cái này,cấy ni,2,2,False,none,Demonstratives/Deixis,,
SENT_1771,SENT,PNT2,replace,2,thế,rứa,1,1,True,dialect_phrase,Demonstratives/Deixis,vậy / thế,NgheAn
SENT_1771,SENT,PNT3,replace,0,mày,mi,1,1,True,dialect_phrase,Pronouns,mày,HaTinh_QB_QT; Hue
SENT_1771,SENT,PNT3,replace,1,gì,chi,1,1,True,dialect_phrase,Interrogatives,gì; sao / thế nào,HaTinh_QB_QT; Hue
SENT_1771,SENT,PNT3,replace,2,cái này luôn thế,cấy ni rứa,4,3,False,none,Multi-word idiom,,
SENT_1771,SENT,PNT4,replace,0,thế,rứa,1,1,True,standard_word,Demonstratives/Deixis,như dậy; như rứa; như vậy,PhuYen; QuangNam; QuangNgai
SENT_1894,SENT,PNB,replace,0,thi,thu,1,1,False,none,Noise/Non-linguistic,,
SENT_1894,SENT,PNB,replace,1,gấu,người yêu,1,2,False,none,Predicate vocabulary,,
SENT_1894,SENT,PNN,replace,0,đến việc,tới vụ,2,2,False,none,Multi-word idiom,,
SENT_1894,SENT,PNN,replace,1,gấu,bồ,1,1,False,none,Predicate vocabulary,,
SENT_1894,SENT,PNN,replace,2,xem,coi,1,1,False,none,Predicate vocabulary,,
SENT_1894,SENT,PNT1,replace,0,có,cúa,1,1,False,none,Orthographic variant,,
SENT_1894,SENT,PNT1,replace,1,tao,tau,1,1,True,standard_word,Pronouns,choa,ThanhHoa
SENT_1894,SENT,PNT1,replace,2,cho,chua,1,1,False,none,Predicate vocabulary,,
SENT_1894,SENT,PNT1,replace,3,xem,xiêm,1,1,False,none,Orthographic variant,,
SENT_1894,SENT,PNT1,replace,4,đó,nứ,1,1,True,dialect_phrase,Demonstratives/Deixis,ấy / đó,ThanhHoa
SENT_1894,SENT,PNT2,replace,0,gì,chi,1,1,True,dialect_phrase,Interrogatives,gì,HaTinh_QB_QT; NgheAn
SENT_1894,SENT,PNT2,replace,1,tao,tau,1,1,True,dialect_phrase,Pronouns,tao,HaTinh_QB_QT
SENT_1894,SENT,PNT2,replace,2,đó,nớ,1,1,True,dialect_phrase,Demonstratives/Deixis,ấy / đó,HaTinh_QB_QT; NgheAn
SENT_1894,SENT,PNT2,replace,3,chơi,nhởi,1,1,False,none,Predicate vocabulary,,
SENT_1894,SENT,PNT3,replace,0,gì,chi,1,1,True,dialect_phrase,Interrogatives,gì; sao / thế nào,HaTinh_QB_QT; Hue
SENT_1894,SENT,PNT3,replace,1,tao,tau,1,1,True,dialect_phrase,Pronouns,tao; tôi,HaTinh_QB_QT; Hue
SENT_1894,SENT,PNT3,replace,2,xem,ngó,1,1,True,dialect_phrase,Predicate vocabulary,nhìn; xem,HaTinh_QB_QT
SENT_1894,SENT,PNT3,replace,3,đó dắt,nớ đắc,2,2,False,none,Multi-word idiom,,
SENT_1894,SENT,PNT3,replace,4,chơi,rượng,1,1,False,none,Predicate vocabulary,,
SENT_1908,SENT,PNN,replace,0,thế chân,vậy giò,2,2,False,none,Idiomatic expressions,,
SENT_1908,SENT,PNN,replace,1,phải,tính,1,1,False,none,Predicate vocabulary,,
SENT_1908,SENT,PNT1,replace,0,làm sao,mần răng,2,2,False,none,Multi-word idiom,,
SENT_1908,SENT,PNT2,replace,0,tao,tau,1,1,True,dialect_phrase,Pronouns,tao,HaTinh_QB_QT
SENT_1908,SENT,PNT2,replace,1,sao,chi,1,1,True,dialect_phrase,Interrogatives,gì,HaTinh_QB_QT; NgheAn
SENT_1908,SENT,PNT3,replace,0,thế chân,rứa cẳng,2,2,False,none,Predicate vocabulary,,
SENT_1908,SENT,PNT3,replace,1,tao,tau,1,1,True,dialect_phrase,Pronouns,tao; tôi,HaTinh_QB_QT; Hue
SENT_1908,SENT,PNT3,delete,2,phải,,1,0,False,none,Unknown,,
SENT_1908,SENT,PNT3,replace,3,sao,răng,1,1,True,dialect_phrase,Interrogatives,sao / thế nào,HaTinh_QB_QT; Hue
SENT_1908,SENT,PNT3,replace,4,cái,kì,1,1,True,dialect_phrase,Negation/Function words,cái,HaTinh_QB_QT
SENT_1915,SENT,PNN,replace,0,khi,lúc,1,1,False,none,Connectives/Aspect markers,,
SENT_1915,SENT,PNN,replace,1,mẹ,má,1,1,False,none,Kinship/Honorific terms,,
SENT_1915,SENT,PNN,replace,2,không,hông,1,1,True,dialect_phrase,Negation/Function words,không,NamBo
SENT_1915,SENT,PNT2,replace,0,nào mẹ làm,mô mệ mần,3,3,False,none,Multi-word idiom,,
SENT_1915,SENT,PNT2,replace,1,này,ni,1,1,True,dialect_phrase,Demonstratives/Deixis,này,HaTinh_QB_QT; NgheAn
SENT_1915,SENT,PNT3,replace,0,nào mẹ làm,mô mạ mần,3,3,False,none,Multi-word idiom,,
SENT_1915,SENT,PNT3,replace,1,này không,ni khung,2,2,False,none,Multi-word idiom,,
SENT_1915,SENT,PNT4,replace,0,nào,mô,1,1,True,dialect_phrase,Interrogatives,đâu / nào,QuangNam
SENT_1915,SENT,PNT4,replace,1,này,ni,1,1,True,dialect_phrase,Demonstratives/Deixis,này,QuangNam
SENT_1971,SENT,PNN,replace,0,ấy đánh không,á uýnh hông,3,3,False,none,Multi-word idiom,,
SENT_1971,SENT,PNN,replace,1,đánh,uýnh,1,1,False,none,Predicate vocabulary,,
SENT_1971,SENT,PNT1,replace,0,cức,cứt,1,1,False,none,Orthographic variant,,
SENT_1971,SENT,PNT1,replace,1,đánh,nhể oánh,1,2,False,none,Multi-word idiom,,
SENT_1971,SENT,PNT1,replace,2,đánh,oách,1,1,False,none,Orthographic variant,,
SENT_1971,SENT,PNT2,replace,0,này,ni,1,1,True,dialect_phrase,Demonstratives/Deixis,này,HaTinh_QB_QT; NgheAn
SENT_1971,SENT,PNT2,replace,1,lớn,nậy,1,1,True,dialect_phrase,Predicate vocabulary,lớn,HaTinh_QB_QT; NgheAn
SENT_1971,SENT,PNT2,replace,2,sao ấy,răng rứa,2,2,False,none,Multi-word idiom,,
SENT_1971,SENT,PNT2,replace,3,không,nỏ,1,1,True,dialect_phrase,Negation/Function words,không,HaTinh_QB_QT; NgheAn
SENT_1971,SENT,PNT2,replace,4,nó,hấn,1,1,True,standard_word,Pronouns,hắn; nghị,HaTinh_QB_QT
SENT_1971,SENT,PNT3,replace,0,này,ni,1,1,True,dialect_phrase,Demonstratives/Deixis,này,HaTinh_QB_QT; Hue
SENT_1971,SENT,PNT3,replace,1,sao ấy,răng á,2,2,False,none,Multi-word idiom,,
SENT_1971,SENT,PNT3,replace,2,tụi nó,bọn hắn,2,2,True,dialect_phrase,Pronouns,chúng nó,HaTinh_QB_QT
SENT_1971,SENT,PNT4,replace,0,này,ni,1,1,True,dialect_phrase,Demonstratives/Deixis,này,QuangNam
SENT_1971,SENT,PNT4,replace,1,sao,ren,1,1,True,dialect_phrase,Interrogatives,sao / thế nào,QuangNam
SENT_1971,SENT,PNT4,replace,2,nó,hắn,1,1,True,standard_word,Pronouns,hén; nó,PhuYen; QuangNam; QuangNgai
SENT_2129,SENT,PNB,replace,0,nào,này,1,1,True,dialect_phrase,Demonstratives/Deixis,này,BacBo
SENT_2129,SENT,PNN,replace,0,và,với,1,1,False,none,Connectives/Aspect markers,,
SENT_2129,SENT,PNN,replace,1,nhé,nhen,1,1,True,dialect_phrase,Discourse particles,nha; nhé,NamBo
SENT_2129,SENT,PNT1,replace,0,tao,tau,1,1,True,standard_word,Pronouns,choa,ThanhHoa
SENT_2129,SENT,PNT1,replace,1,thế nào,ri,2,1,False,none,Interrogatives,,
SENT_2129,SENT,PNT2,replace,0,tao,tau,1,1,True,dialect_phrase,Pronouns,tao,HaTinh_QB_QT
SENT_2129,SENT,PNT2,replace,1,thế nào,răng,2,1,True,dialect_phrase,Interrogatives,sao / thế nào,HaTinh_QB_QT; NgheAn
SENT_2129,SENT,PNT3,replace,0,tao,tau,1,1,True,dialect_phrase,Pronouns,tao; tôi,HaTinh_QB_QT; Hue
SENT_2129,SENT,PNT3,replace,1,đã,đạ,1,1,True,dialect_phrase,Connectives/Aspect markers,đã,HaTinh_QB_QT
SENT_2129,SENT,PNT3,replace,2,thế nào,răng,2,1,True,dialect_phrase,Interrogatives,sao / thế nào,HaTinh_QB_QT; Hue
SENT_2129,SENT,PNT3,replace,3,nhé,nghe,1,1,True,dialect_phrase,Discourse particles,nha; nhé,HaTinh_QB_QT; Hue
SENT_2129,SENT,PNT4,replace,0,kiểu như thế nào,rứa rồi,4,2,False,none,Interrogatives,,
SENT_2129,SENT,PNT4,replace,1,nhé,nghe,1,1,False,none,Discourse particles,,
SENT_2148,SENT,PNB,replace,0,má,mẹ,1,1,True,dialect_phrase,Kinship/Honorific terms,mẹ,BacBo
SENT_2148,SENT,PNB,replace,1,thấy mẹ hà,thế không biết,3,3,False,none,Idiomatic expressions,,
SENT_2148,SENT,PNT1,replace,0,má,mẹ,1,1,False,none,Kinship/Honorific terms,,
SENT_2148,SENT,PNT1,replace,1,dữ,ghê,1,1,False,none,Predicate vocabulary,,
SENT_2148,SENT,PNT2,replace,0,nào,mô,1,1,True,dialect_phrase,Interrogatives; Negation/Function words,đâu (phủ định); đâu / nào,HaTinh_QB_QT; NgheAn
SENT_2148,SENT,PNT2,replace,1,nhìn thấy,chộ,2,1,True,dialect_phrase,Predicate vocabulary,thấy,HaTinh_QB_QT
SENT_2148,SENT,PNT2,replace,2,đầu,trốc,1,1,False,none,Predicate vocabulary,,
SENT_2148,SENT,PNT2,replace,3,gì,chi,1,1,True,dialect_phrase,Interrogatives,gì,HaTinh_QB_QT; NgheAn
SENT_2148,SENT,PNT2,replace,4,dữ thấy,tợn bỏ,2,2,False,none,Multi-word idiom,,
SENT_2148,SENT,PNT2,replace,5,hà,rứa,1,1,True,dialect_phrase,Demonstratives/Deixis,vậy / thế,NgheAn
SENT_2148,SENT,PNT3,replace,0,má,vãi,1,1,False,none,Kinship/Honorific terms,,
SENT_2148,SENT,PNT3,replace,1,nào,mô,1,1,True,dialect_phrase,Interrogatives; Negation/Function words,đâu (phủ định); đâu / nào,HaTinh_QB_QT; Hue
SENT_2148,SENT,PNT3,replace,2,nó,hắn,1,1,True,dialect_phrase,Pronouns,nó,HaTinh_QB_QT; Hue
SENT_2148,SENT,PNT3,replace,3,nó,hắn,1,1,True,dialect_phrase,Pronouns,nó,HaTinh_QB_QT; Hue
SENT_2148,SENT,PNT3,replace,4,gì,chi,1,1,True,dialect_phrase,Interrogatives,gì; sao / thế nào,HaTinh_QB_QT; Hue
SENT_2148,SENT,PNT3,delete,5,hà,,1,0,False,none,Unknown,,
SENT_2148,SENT,PNT4,replace,0,má,mẹ,1,1,True,dialect_phrase,Kinship/Honorific terms,mẹ,QuangNgai
SENT_2148,SENT,PNT4,replace,1,nào,mô,1,1,True,dialect_phrase,Interrogatives,đâu / nào,QuangNam
SENT_2148,SENT,PNT4,replace,2,nhìn,ngó,1,1,False,none,Predicate vocabulary,,
SENT_2148,SENT,PNT4,replace,3,dữ,hung,1,1,False,none,Predicate vocabulary,,
SENT_2148,SENT,PNT4,replace,4,hà,rứa,1,1,False,none,Discourse particles,,
SENT_2217,SENT,PNN,replace,0,không,hông,1,1,True,dialect_phrase,Negation/Function words,không,NamBo
SENT_2217,SENT,PNN,replace,1,như thế nào nhỉ,sao ta,4,2,False,none,Interrogatives,,
SENT_2217,SENT,PNT1,replace,0,thụt,trượt,1,1,False,none,Predicate vocabulary,,
SENT_2217,SENT,PNT2,replace,0,không,nỏ,1,1,True,dialect_phrase,Negation/Function words,không,HaTinh_QB_QT; NgheAn
SENT_2217,SENT,PNT2,replace,1,như thế nào nhỉ,a răng biết,4,3,False,none,Multi-word idiom,,
SENT_2217,SENT,PNT3,replace,0,không,nọ,1,1,True,standard_word,Negation/Function words,nỏ,HaTinh_QB_QT
SENT_2217,SENT,PNT3,replace,1,chân,cẳng,1,1,False,none,Predicate vocabulary,,
SENT_2217,SENT,PNT3,replace,2,như thế nào nhỉ chắc,a răng hè e,5,4,False,none,Multi-word idiom,,
SENT_2217,SENT,PNT3,replace,3,đến tận rốn,thấu lộ tún,3,3,False,none,Predicate vocabulary,,
SENT_2217,SENT,PNT4,replace,0,không may,lỡ,2,1,False,none,Predicate vocabulary,,
SENT_2217,SENT,PNT4,replace,1,như thế nào nhỉ,ren hè,4,2,False,none,Interrogatives,,
SENT_2308,SENT,PNN,replace,0,chúng ta những,tụi mình mấy,3,3,False,none,Pronouns,,
SENT_2308,SENT,PNN,replace,1,ấy,đó,1,1,True,dialect_phrase,Demonstratives/Deixis,kia; ấy / đó,NamBo
SENT_2308,SENT,PNN,replace,2,không,hông,1,1,True,dialect_phrase,Negation/Function words,không,NamBo
SENT_2308,SENT,PNN,replace,3,những,mấy,1,1,False,none,Negation/Function words,,
SENT_2308,SENT,PNN,replace,4,ta,mình,1,1,False,none,Pronouns,,
SENT_2308,SENT,PNN,replace,5,ngờ,dè,1,1,False,none,Predicate vocabulary,,
SENT_2308,SENT,PNN,replace,6,chúng ta,tụi mình,2,2,False,none,Pronouns,,
SENT_2308,SENT,PNT1,replace,0,nữa,nửa,1,1,False,none,Orthographic variant,,
SENT_2308,SENT,PNT1,replace,1,lạ,cách,1,1,False,none,Predicate vocabulary,,
SENT_2308,SENT,PNT3,replace,0,giờ đây chúng ta,chừ bọn miềng,4,3,False,none,Multi-word idiom,,
SENT_2308,SENT,PNT3,replace,1,ấy giờ,nớ chừ,2,2,False,none,Demonstratives/Deixis,,
SENT_2308,SENT,PNT3,replace,2,những,mấy,1,1,False,none,Negation/Function words,,
SENT_2308,SENT,PNT3,replace,3,đâu,mô,1,1,True,dialect_phrase,Interrogatives; Negation/Function words,đâu (phủ định); đâu / nào,HaTinh_QB_QT; Hue
SENT_2308,SENT,PNT3,replace,4,này chúng ta,ni bọn miềng,3,3,False,none,Multi-word idiom,,
SENT_2308,SENT,PNT3,replace,5,lên,nên,1,1,False,none,Orthographic variant,,
SENT_2308,SENT,PNT4,replace,0,giờ đây,bây chừ,2,2,False,none,Demonstratives/Deixis,,
SENT_2308,SENT,PNT4,replace,1,ấy giờ,đó chừ,2,2,False,none,Demonstratives/Deixis,,
SENT_2308,SENT,PNT4,replace,2,những,mấy,1,1,False,none,Negation/Function words,,
SENT_2308,SENT,PNT4,replace,3,đâu,có,1,1,True,standard_word,Interrogatives,mô; đâu,PhuYen; QuangNam; QuangNgai
SENT_2473,SENT,PNN,replace,0,không,hông,1,1,True,dialect_phrase,Negation/Function words,không,NamBo
SENT_2473,SENT,PNN,replace,1,nhé,nhá,1,1,True,standard_word,Discourse particles,nhen,NamBo
SENT_2473,SENT,PNN,replace,2,to,bự,1,1,False,none,Predicate vocabulary,,
SENT_2473,SENT,PNN,replace,3,như thế nào,sao,3,1,True,dialect_phrase,Interrogatives,sao / thế nào,NamBo
SENT_2473,SENT,PNT1,replace,0,như thế nào,răng,3,1,False,none,Interrogatives,,
SENT_2473,SENT,PNT2,replace,0,không,nỏ,1,1,True,dialect_phrase,Negation/Function words,không,HaTinh_QB_QT; NgheAn
SENT_2473,SENT,PNT2,replace,1,vậy,rứa,1,1,True,dialect_phrase,Demonstratives/Deixis,vậy / thế,NgheAn
SENT_2473,SENT,PNT2,replace,2,thế nào,răng,2,1,True,dialect_phrase,Interrogatives,sao / thế nào,HaTinh_QB_QT; NgheAn
SENT_2473,SENT,PNT3,replace,0,đường không,đàng nỏ,2,2,False,none,Multi-word idiom,,
SENT_2473,SENT,PNT3,replace,1,nên,bơ,1,1,True,dialect_phrase,Connectives/Aspect markers,thì / nên,HaTinh_QB_QT
SENT_2473,SENT,PNT3,replace,2,nhé,nghe,1,1,True,dialect_phrase,Discourse particles,nha; nhé,HaTinh_QB_QT; Hue
SENT_2473,SENT,PNT3,replace,3,to vậy,bà là rứa,2,3,False,none,Multi-word idiom,,
SENT_2473,SENT,PNT3,replace,4,muốn như thế nào,ưng chi nựa,4,3,False,none,Multi-word idiom,,
SENT_2473,SENT,PNT4,replace,0,nhé,nghe,1,1,False,none,Discourse particles,,
SENT_2473,SENT,PNT4,replace,1,như thế nào,ren,3,1,True,dialect_phrase,Interrogatives,sao / thế nào,QuangNam
SENT_2507,SENT,PNN,replace,0,thế này,vậy,2,1,True,dialect_phrase,Demonstratives/Deixis,thế này / vậy; vậy / thế,NamBo
SENT_2507,SENT,PNT1,replace,0,thấy cảm,thấybiết,2,1,False,none,Noise/Non-linguistic,,
SENT_2507,SENT,PNT2,replace,0,đánh chứ,đập chơ,2,2,False,none,Multi-word idiom,,
SENT_2507,SENT,PNT2,replace,1,thế này,như ri,2,2,True,dialect_phrase,Demonstratives/Deixis,như thế này,HaTinh_QB_QT; NgheAn
SENT_2507,SENT,PNT2,replace,2,gì đâu,cây chi mô,2,3,True,standard_word,Interrogatives,chi mô,HaTinh_QB_QT; NgheAn
SENT_2507,SENT,PNT2,replace,3,đó,nớ,1,1,True,dialect_phrase,Demonstratives/Deixis,ấy / đó,HaTinh_QB_QT; NgheAn
SENT_2507,SENT,PNT2,replace,4,vậy,rứa,1,1,True,dialect_phrase,Demonstratives/Deixis,vậy / thế,NgheAn
SENT_2507,SENT,PNT3,replace,0,chứ,chơ,1,1,True,dialect_phrase,Connectives/Aspect markers,chứ,HaTinh_QB_QT
SENT_2507,SENT,PNT3,replace,1,thế này,ri,2,1,True,dialect_phrase,Demonstratives/Deixis,thế này / vậy,HaTinh_QB_QT
SENT_2507,SENT,PNT3,replace,2,gì đâu giờ,chi mô chừ,3,3,False,none,Multi-word idiom,,
SENT_2507,SENT,PNT3,replace,3,hồi đó đã,thời nớ,3,2,False,none,Demonstratives/Deixis,,
SENT_2507,SENT,PNT3,replace,4,vậy,rứa,1,1,True,standard_word,Demonstratives/Deixis,a rứa; như ri; như rứa; ri,HaTinh_QB_QT; Hue
SENT_2507,SENT,PNT4,replace,0,vén,kéo,1,1,False,none,Predicate vocabulary,,
SENT_2507,SENT,PNT4,replace,1,thế này,như ri,2,2,True,dialect_phrase,Demonstratives/Deixis,thế này / vậy,QuangNam
SENT_2507,SENT,PNT4,replace,2,gì,chi,1,1,True,dialect_phrase,Interrogatives,gì,QuangNam
SENT_2507,SENT,PNT4,replace,3,giờ,chừ,1,1,True,dialect_phrase,Negation/Function words,bây giờ,QuangNam
SENT_2507,SENT,PNT4,replace,4,vậy,rứa,1,1,True,standard_word,Demonstratives/Deixis,như dậy; như ri; như rứa; như vầy; như vậy,PhuYen; QuangNam; QuangNgai
SENT_2515,SENT,PNN,replace,0,thằng chúng mày,đứa tụi bây,3,3,False,none,Pronouns,,
SENT_2515,SENT,PNN,replace,1,không,hông,1,1,True,dialect_phrase,Negation/Function words,không,NamBo
SENT_2515,SENT,PNN,replace,2,ư,hả,1,1,False,none,Discourse particles,,
SENT_2515,SENT,PNT1,replace,0,mày,mi,1,1,False,none,Pronouns,,
SENT_2515,SENT,PNT2,replace,0,chúng mày,nhà bây,2,2,True,standard_word,Pronouns,bây; bọn bay; bọn bây,HaTinh_QB_QT
SENT_2515,SENT,PNT2,replace,1,không làm gì,nỏ mần chi,3,3,False,none,Multi-word idiom,,
SENT_2515,SENT,PNT3,replace,0,chúng mày,bọn mi mà,2,3,True,standard_word,Pronouns,bây; bọn bay; bọn bây; tụi bây,HaTinh_QB_QT; Hue
SENT_2515,SENT,PNT3,replace,1,không,nỏ,1,1,True,dialect_phrase,Negation/Function words,không,HaTinh_QB_QT
SENT_2515,SENT,PNT3,replace,2,gì,chi,1,1,True,dialect_phrase,Interrogatives,gì; sao / thế nào,HaTinh_QB_QT; Hue
SENT_2515,SENT,PNT3,replace,3,ư,à,1,1,False,none,Discourse particles,,
SENT_2515,SENT,PNT4,replace,0,chúng mày,tụi bây,2,2,True,standard_word,Pronouns,tụi mi; tụi mày,PhuYen; QuangNam; QuangNgai
SENT_2515,SENT,PNT4,replace,1,gì,chi,1,1,True,dialect_phrase,Interrogatives,gì,QuangNam
SENT_2515,SENT,PNT4,replace,2,ư,hả,1,1,False,none,Discourse particles,,
SENT_2727,SENT,PNB,replace,0,đem,mang,1,1,False,none,Predicate vocabulary,,
SENT_2727,SENT,PNN,replace,0,công,mướn,1,1,False,none,Predicate vocabulary,,
SENT_2727,SENT,PNN,replace,1,không,hông,1,1,True,dialect_phrase,Negation/Function words,không,NamBo
SENT_2727,SENT,PNN,replace,2,vào,vô,1,1,False,none,Connectives/Aspect markers,,
SENT_2727,SENT,PNN,replace,3,không,hông,1,1,True,dialect_phrase,Negation/Function words,không,NamBo
SENT_2727,SENT,PNT2,replace,0,chứ,chơ,1,1,True,dialect_phrase,Connectives/Aspect markers,chứ,HaTinh_QB_QT
SENT_2727,SENT,PNT2,replace,1,gì,chi,1,1,True,dialect_phrase,Interrogatives,gì,HaTinh_QB_QT; NgheAn
SENT_2727,SENT,PNT2,replace,2,nó,bọn,1,1,True,standard_word,Pronouns,hắn; nghị,HaTinh_QB_QT
SENT_2727,SENT,PNT2,replace,3,cái này vào,cấy ni vô,3,3,False,none,Multi-word idiom,,
SENT_2727,SENT,PNT2,replace,4,không,nỏ,1,1,True,dialect_phrase,Negation/Function words,không,HaTinh_QB_QT; NgheAn
SENT_2727,SENT,PNT2,replace,5,làm,mần,1,1,True,dialect_phrase,Predicate vocabulary,làm,HaTinh_QB_QT
SENT_2727,SENT,PNT2,replace,6,làm,mần,1,1,True,dialect_phrase,Predicate vocabulary,làm,HaTinh_QB_QT
SENT_2727,SENT,PNT3,replace,0,không,nỏ,1,1,True,dialect_phrase,Negation/Function words,không,HaTinh_QB_QT
SENT_2727,SENT,PNT3,replace,1,chứ,chơ,1,1,True,dialect_phrase,Connectives/Aspect markers,chứ,HaTinh_QB_QT
SENT_2727,SENT,PNT3,replace,2,gì,chi,1,1,True,dialect_phrase,Interrogatives,gì; sao / thế nào,HaTinh_QB_QT; Hue
SENT_2727,SENT,PNT3,replace,3,nó,hắn,1,1,True,dialect_phrase,Pronouns,nó,HaTinh_QB_QT; Hue
SENT_2727,SENT,PNT3,replace,4,này vào,ni vô,2,2,False,none,Multi-word idiom,,
SENT_2727,SENT,PNT3,replace,5,không,nỏ,1,1,True,dialect_phrase,Negation/Function words,không,HaTinh_QB_QT
SENT_2727,SENT,PNT3,replace,6,làm,mần,1,1,True,dialect_phrase,Predicate vocabulary,làm,HaTinh_QB_QT; Hue
SENT_2727,SENT,PNT3,replace,7,làm,mần,1,1,True,dialect_phrase,Predicate vocabulary,làm,HaTinh_QB_QT; Hue
SENT_2727,SENT,PNT4,replace,0,gì,chi,1,1,True,dialect_phrase,Interrogatives,gì,QuangNam
SENT_2727,SENT,PNT4,replace,1,nó,hắn,1,1,True,standard_word,Pronouns,hén; nó,PhuYen; QuangNam; QuangNgai
SENT_2727,SENT,PNT4,replace,2,này vào,ni vô,2,2,False,none,Multi-word idiom,,
SENT_2727,SENT,PNT4,replace,3,việc,chuyện,1,1,False,none,Predicate vocabulary,,
SENT_2816,SENT,PNN,replace,0,không,hông,1,1,True,dialect_phrase,Negation/Function words,không,NamBo
SENT_2816,SENT,PNN,replace,1,không,hông,1,1,True,dialect_phrase,Negation/Function words,không,NamBo
SENT_2816,SENT,PNN,replace,2,nhỉ,ta,1,1,True,standard_word,Discourse particles,nhỉ,NamBo
SENT_2816,SENT,PNT1,replace,0,mình,tau,1,1,False,none,Pronouns,,
SENT_2816,SENT,PNT1,replace,1,nó,hấn,1,1,False,none,Pronouns,,
SENT_2816,SENT,PNT2,replace,0,không,nỏ,1,1,True,dialect_phrase,Negation/Function words,không,HaTinh_QB_QT; NgheAn
SENT_2816,SENT,PNT2,replace,1,sao nó không,răng hấn nỏ,3,3,False,none,Multi-word idiom,,
SENT_2816,SENT,PNT2,replace,2,nhỉ,hè,1,1,True,dialect_phrase,Discourse particles,nhỉ,HaTinh_QB_QT
SENT_2816,SENT,PNT3,replace,0,mình không,mềng nỏ,2,2,False,none,Multi-word idiom,,
SENT_2816,SENT,PNT3,replace,1,sao nó không,răng hắn khung,3,3,False,none,Multi-word idiom,,
SENT_2816,SENT,PNT3,replace,2,nhỉ,hè,1,1,True,dialect_phrase,Discourse particles,nhỉ,HaTinh_QB_QT
SENT_2816,SENT,PNT4,replace,0,mình,ta,1,1,True,dialect_phrase,Pronouns,tao; tôi,QuangNam
SENT_2816,SENT,PNT4,replace,1,sao,ren,1,1,True,dialect_phrase,Interrogatives,sao / thế nào,QuangNam
SENT_2816,SENT,PNT4,replace,2,nhỉ,hỉ,1,1,False,none,Discourse particles,,
SENT_2938,SENT,PNB,delete,0,là,,1,0,False,none,Unknown,,
SENT_2938,SENT,PNB,replace,1,rược,đuổi theo,1,2,False,none,Predicate vocabulary,,
SENT_2938,SENT,PNB,delete,2,thì,,1,0,False,none,Unknown,,
SENT_2938,SENT,PNN,replace,0,không,hông,1,1,True,dialect_phrase,Negation/Function words,không,NamBo
SENT_2938,SENT,PNT1,replace,0,tao,tau,1,1,True,standard_word,Pronouns,choa,ThanhHoa
SENT_2938,SENT,PNT1,replace,1,làm gì,mần chi,2,2,True,dialect_phrase,Interrogatives,làm gì,ThanhHoa
SENT_2938,SENT,PNT1,replace,2,rược,đuổi,1,1,False,none,Predicate vocabulary,,
SENT_2938,SENT,PNT2,replace,0,tao,tau,1,1,True,dialect_phrase,Pronouns,tao,HaTinh_QB_QT
SENT_2938,SENT,PNT2,replace,1,này,ni,1,1,True,dialect_phrase,Demonstratives/Deixis,này,HaTinh_QB_QT; NgheAn
SENT_2938,SENT,PNT2,replace,2,gì,chi,1,1,True,dialect_phrase,Interrogatives,gì,HaTinh_QB_QT; NgheAn
SENT_2938,SENT,PNT2,replace,3,nó,hấn,1,1,True,standard_word,Pronouns,hắn; nghị,HaTinh_QB_QT
SENT_2938,SENT,PNT3,replace,0,tao,tau,1,1,True,dialect_phrase,Pronouns,tao; tôi,HaTinh_QB_QT; Hue
SENT_2938,SENT,PNT3,replace,1,này,ni,1,1,True,dialect_phrase,Demonstratives/Deixis,này,HaTinh_QB_QT; Hue
SENT_2938,SENT,PNT3,replace,2,nó,hắn,1,1,True,dialect_phrase,Pronouns,nó,HaTinh_QB_QT; Hue
SENT_2938,SENT,PNT3,replace,3,rược suốt,rượt cả,2,2,False,none,Predicate vocabulary,,
SENT_2938,SENT,PNT4,replace,0,tao,ta,1,1,True,dialect_phrase,Pronouns,tao; tôi,QuangNam
SENT_2938,SENT,PNT4,replace,1,này,ni,1,1,True,dialect_phrase,Demonstratives/Deixis,này,QuangNam
SENT_2938,SENT,PNT4,replace,2,gì,chi,1,1,True,dialect_phrase,Interrogatives,gì,QuangNam
SENT_2938,SENT,PNT4,replace,3,rược,đuổi,1,1,False,none,Predicate vocabulary,,
SENT_3023,SENT,PNN,replace,0,kia,đó,1,1,True,dialect_phrase,Demonstratives/Deixis,kia; ấy / đó,NamBo
SENT_3023,SENT,PNN,delete,1,trẻ,,1,0,False,none,Unknown,,
SENT_3023,SENT,PNN,replace,2,ấy chứ,nít đó chớ,2,3,False,none,Discourse particles,,
SENT_3023,SENT,PNN,replace,3,thế,vậy,1,1,True,dialect_phrase,Demonstratives/Deixis,thế này / vậy; vậy / thế,NamBo
SENT_3023,SENT,PNT2,replace,0,giờ,dừ,1,1,False,none,Demonstratives/Deixis,,
SENT_3023,SENT,PNT2,replace,1,mẹ kia,mệ nớ,2,2,True,dialect_phrase,Pronouns,bà ấy,HaTinh_QB_QT
SENT_3023,SENT,PNT2,replace,2,thế,rứa,1,1,True,dialect_phrase,Demonstratives/Deixis,vậy / thế,NgheAn
SENT_3023,SENT,PNT3,replace,0,giờ,bựa chừ,1,2,False,none,Demonstratives/Deixis,,
SENT_3023,SENT,PNT3,replace,1,quá,quái,1,1,False,none,Orthographic variant,,
SENT_3023,SENT,PNT3,replace,2,cái,kì,1,1,True,dialect_phrase,Negation/Function words,cái,HaTinh_QB_QT
SENT_3023,SENT,PNT3,replace,3,kia mới,nớ mì,2,2,False,none,Multi-word idiom,,
SENT_3023,SENT,PNT3,replace,4,con ấy chứ,em đó chơ,3,3,False,none,Multi-word idiom,,
SENT_3023,SENT,PNT3,replace,5,trêu đùa quái,chọc đại,3,2,False,none,Predicate vocabulary,,
SENT_3023,SENT,PNT3,replace,6,thế cũng,rứa cụng,2,2,False,none,Multi-word idiom,,
SENT_3023,SENT,PNT3,replace,7,mệt,đoạ,1,1,True,standard_word,Predicate vocabulary,dọoc,HaTinh_QB_QT
SENT_3023,SENT,PNT4,replace,0,quá,kinh,1,1,False,none,Discourse particles,,
SENT_3023,SENT,PNT4,replace,1,ấy chứ,đó chớ,2,2,False,none,Demonstratives/Deixis,,
SENT_3023,SENT,PNT4,replace,2,thế,rứa,1,1,True,standard_word,Demonstratives/Deixis,như dậy; như rứa; như vậy,PhuYen; QuangNam; QuangNgai
SENT_3060,SENT,PNN,replace,0,không,hông,1,1,True,dialect_phrase,Negation/Function words,không,NamBo
SENT_3060,SENT,PNN,replace,1,được,nổi,1,1,False,none,Predicate vocabulary,,
SENT_3060,SENT,PNN,replace,2,không,hông,1,1,True,dialect_phrase,Negation/Function words,không,NamBo
SENT_3060,SENT,PNN,replace,3,như,y,1,1,False,none,Predicate vocabulary,,
SENT_3060,SENT,PNT1,replace,0,mẹ,moẹ,1,1,False,none,Orthographic variant,,
SENT_3060,SENT,PNT1,replace,1,không,chả,1,1,False,none,Negation/Function words,,
SENT_3060,SENT,PNT1,replace,2,sao,răng,1,1,False,none,Interrogatives,,
SENT_3060,SENT,PNT2,replace,0,cảnh này gặp cũng nhiều,hồi xưa còn bị vén tà áo dài nằm lên bàn,5,11,False,none,Noise/Non-linguistic,,
SENT_3060,SENT,PNT2,replace,1,dọn,đập chơ quỳ như ri có là cây chi mô dừ mới,1,12,False,none,Noise/Non-linguistic,,
SENT_3060,SENT,PNT2,replace,2,mẹ luôn mà vẫn không sạch được tức ghê ức chế lắm 1 lần thì không sao mà cả chục lần,cảm ơn thầy cô vì hồi nớ đã,21,8,False,none,Noise/Non-linguistic,,
SENT_3060,SENT,PNT2,replace,3,vậy,rứa,1,1,True,dialect_phrase,Demonstratives/Deixis,vậy / thế,NgheAn
SENT_3060,SENT,PNT3,replace,0,này,ni,1,1,True,dialect_phrase,Demonstratives/Deixis,này,HaTinh_QB_QT; Hue
SENT_3060,SENT,PNT3,replace,1,ghê,thiệt,1,1,True,dialect_phrase,Connectives/Aspect markers,thật,HaTinh_QB_QT
SENT_3060,SENT,PNT3,replace,2,sao,răng,1,1,True,dialect_phrase,Interrogatives,sao / thế nào,HaTinh_QB_QT; Hue
SENT_3060,SENT,PNT3,replace,3,vậy,rứa,1,1,True,standard_word,Demonstratives/Deixis,a rứa; như ri; như rứa; ri,HaTinh_QB_QT; Hue
SENT_3060,SENT,PNT4,replace,0,này,ni,1,1,True,dialect_phrase,Demonstratives/Deixis,này,QuangNam
SENT_3060,SENT,PNT4,replace,1,vẫn,cũng,1,1,False,none,Connectives/Aspect markers,,
SENT_3060,SENT,PNT4,replace,2,lắm,gớm,1,1,False,none,Discourse particles,,
SENT_3060,SENT,PNT4,replace,3,sao,ren,1,1,True,dialect_phrase,Interrogatives,sao / thế nào,QuangNam
SENT_3060,SENT,PNT4,replace,4,vậy,rứa,1,1,True,standard_word,Demonstratives/Deixis,như dậy; như ri; như rứa; như vầy; như vậy,PhuYen; QuangNam; QuangNgai
SENT_3067,SENT,PNN,replace,0,cha mẹ,ba má,2,2,False,none,Kinship/Honorific terms,,
SENT_3067,SENT,PNT1,replace,0,cha,bố,1,1,False,none,Kinship/Honorific terms,,
SENT_3067,SENT,PNT1,replace,1,này,ni,1,1,True,dialect_phrase,Demonstratives/Deixis,này,ThanhHoa
SENT_3067,SENT,PNT2,replace,0,cha mẹ,ba mạ,2,2,False,none,Kinship/Honorific terms,,
SENT_3067,SENT,PNT2,replace,1,này,ni,1,1,True,dialect_phrase,Demonstratives/Deixis,này,HaTinh_QB_QT; NgheAn
SENT_3067,SENT,PNT2,replace,2,làm,mần,1,1,True,dialect_phrase,Predicate vocabulary,làm,HaTinh_QB_QT
SENT_3067,SENT,PNT3,replace,0,này,ni,1,1,True,dialect_phrase,Demonstratives/Deixis,này,HaTinh_QB_QT; Hue
SENT_3094,SENT,PNN,replace,0,thế kia không,vậy hông,3,2,False,none,Multi-word idiom,,
SENT_3094,SENT,PNN,replace,1,à,hả,1,1,False,none,Discourse particles,,
SENT_3094,SENT,PNN,replace,2,này,nè,1,1,True,standard_word,Demonstratives/Deixis,ni,NamBo
SENT_3094,SENT,PNT1,replace,0,tao,tau,1,1,True,standard_word,Pronouns,choa,ThanhHoa
SENT_3094,SENT,PNT1,replace,1,tao,tau,1,1,True,standard_word,Pronouns,choa,ThanhHoa
SENT_3094,SENT,PNT2,replace,0,thế kia không,rứa nỏ,3,2,False,none,Multi-word idiom,,
SENT_3094,SENT,PNT2,replace,1,tao,tau,1,1,True,dialect_phrase,Pronouns,tao,HaTinh_QB_QT
SENT_3094,SENT,PNT2,replace,2,tao,tau,1,1,True,dialect_phrase,Pronouns,tao,HaTinh_QB_QT
SENT_3094,SENT,PNT2,replace,3,này,nì,1,1,True,dialect_phrase,Discourse particles,nè,HaTinh_QB_QT
SENT_3094,SENT,PNT3,replace,0,thế kia không,in rứa nỏ,3,3,False,none,Multi-word idiom,,
SENT_3094,SENT,PNT3,replace,1,tao,tau,1,1,True,dialect_phrase,Pronouns,tao; tôi,HaTinh_QB_QT; Hue
SENT_3094,SENT,PNT3,replace,2,tao,tau,1,1,True,dialect_phrase,Pronouns,tao; tôi,HaTinh_QB_QT; Hue
SENT_3094,SENT,PNT3,replace,3,này,nì,1,1,True,dialect_phrase,Discourse particles,nè,HaTinh_QB_QT; Hue
SENT_3094,SENT,PNT4,replace,0,thế kia,rứa,2,1,False,none,Demonstratives/Deixis,,
SENT_3094,SENT,PNT4,replace,1,à tao,hả ta,2,2,False,none,Pronouns,,
SENT_3094,SENT,PNT4,replace,2,này,nè,1,1,True,standard_word,Demonstratives/Deixis,ni; này,PhuYen; QuangNam; QuangNgai
SENT_3169,SENT,PNN,replace,0,vâng,dạ,1,1,False,none,Discourse particles,,
SENT_3169,SENT,PNN,delete,1,đây,,1,0,False,none,Unknown,,
SENT_3169,SENT,PNN,replace,2,tìm những,kiếm mấy,2,2,False,none,Multi-word idiom,,
SENT_3169,SENT,PNN,replace,3,vào,vô,1,1,False,none,Connectives/Aspect markers,,
SENT_3169,SENT,PNN,replace,4,ấy,đó,1,1,True,dialect_phrase,Demonstratives/Deixis,kia; ấy / đó,NamBo
SENT_3169,SENT,PNT2,replace,0,vâng,dạ,1,1,False,none,Discourse particles,,
SENT_3169,SENT,PNT2,replace,1,đây,dừ,1,1,False,none,Demonstratives/Deixis,,
SENT_3169,SENT,PNT2,replace,2,vào,vô,1,1,False,none,Connectives/Aspect markers,,
SENT_3169,SENT,PNT2,replace,3,ấy,nớ,1,1,True,dialect_phrase,Demonstratives/Deixis,ấy / đó,HaTinh_QB_QT; NgheAn
SENT_3169,SENT,PNT3,replace,0,giờ đây,chừ,2,1,True,dialect_phrase,Negation/Function words,bây giờ,HaTinh_QB_QT; Hue
SENT_3169,SENT,PNT3,replace,1,vào,vô,1,1,False,none,Connectives/Aspect markers,,
SENT_3169,SENT,PNT3,replace,2,ấy,nớ,1,1,True,dialect_phrase,Demonstratives/Deixis,kia; ấy / đó,HaTinh_QB_QT; Hue
SENT_3169,SENT,PNT4,replace,0,vâng,dạ,1,1,False,none,Discourse particles,,
SENT_3169,SENT,PNT4,replace,1,đây,chừ,1,1,True,dialect_phrase,Negation/Function words,bây giờ,QuangNam
SENT_3169,SENT,PNT4,replace,2,vào,vô,1,1,False,none,Connectives/Aspect markers,,
SENT_3169,SENT,PNT4,replace,3,ấy,nớ,1,1,True,dialect_phrase,Demonstratives/Deixis,ấy / đó,QuangNam
SENT_3243,SENT,PNN,replace,0,đỗ,đậu,1,1,False,none,Predicate vocabulary,,
SENT_3243,SENT,PNN,replace,1,đỗ,đậu,1,1,False,none,Predicate vocabulary,,
SENT_3243,SENT,PNN,replace,2,không,hông,1,1,True,dialect_phrase,Negation/Function words,không,NamBo
SENT_3243,SENT,PNN,replace,3,các,mấy,1,1,False,none,Negation/Function words,,
SENT_3243,SENT,PNN,replace,4,thế,vậy,1,1,True,dialect_phrase,Demonstratives/Deixis,thế này / vậy; vậy / thế,NamBo
SENT_3243,SENT,PNN,replace,5,ko,hông,1,1,True,dialect_phrase,Negation/Function words,không,NamBo
SENT_3243,SENT,PNT1,replace,0,eo,éo,1,1,False,none,Orthographic variant,,
SENT_3243,SENT,PNT1,replace,1,này,ni,1,1,True,dialect_phrase,Demonstratives/Deixis,này,ThanhHoa
SENT_3243,SENT,PNT2,replace,0,đâu,mô,1,1,True,dialect_phrase,Interrogatives; Negation/Function words,đâu (phủ định); đâu / nào,HaTinh_QB_QT; NgheAn
SENT_3243,SENT,PNT2,replace,1,này đâu,ni cả,2,2,False,none,Multi-word idiom,,
SENT_3243,SENT,PNT3,replace,0,đỗ,đậu,1,1,False,none,Predicate vocabulary,,
SENT_3243,SENT,PNT3,replace,1,đường,đàng,1,1,False,none,Orthographic variant,,
SENT_3243,SENT,PNT3,replace,2,đỗ,đậu,1,1,False,none,Predicate vocabulary,,
SENT_3243,SENT,PNT3,replace,3,chứ đường,chơ đàng,2,2,False,none,Multi-word idiom,,
SENT_3243,SENT,PNT3,replace,4,các bà đâu,mấy mệ mô,3,3,False,none,Multi-word idiom,,
SENT_3243,SENT,PNT3,replace,5,thế,rứa,1,1,True,standard_word,Demonstratives/Deixis,a rứa; như rứa,HaTinh_QB_QT; Hue
SENT_3243,SENT,PNT3,replace,6,này đâu,ni mô,2,2,False,none,Multi-word idiom,,
SENT_3243,SENT,PNT3,replace,7,nó vừa,hắn bưa bưa,2,3,False,none,Pronouns,,
SENT_3243,SENT,PNT4,replace,0,đỗ,đậu,1,1,False,none,Predicate vocabulary,,
SENT_3243,SENT,PNT4,replace,1,đỗ lùi,đậu xích,2,2,False,none,Predicate vocabulary,,
SENT_3243,SENT,PNT4,delete,2,các,,1,0,False,none,Unknown,,
SENT_3249,SENT,PNB,replace,0,nhâu,nhau,1,1,False,none,Orthographic variant,,
SENT_3249,SENT,PNB,replace,1,chế,bà,1,1,True,dialect_phrase,Kinship/Honorific terms,bà,BacBo
SENT_3249,SENT,PNB,replace,2,quơ,vơ,1,1,False,none,Orthographic variant,,
SENT_3249,SENT,PNB,replace,3,quơ,thì vơ,1,2,False,none,Noise/Non-linguistic,,
SENT_3249,SENT,PNB,replace,4,đó kkkk,đấy,2,1,False,none,Demonstratives/Deixis,,
SENT_3249,SENT,PNN,replace,0,các,mấy,1,1,False,none,Negation/Function words,,
SENT_3249,SENT,PNN,replace,1,không,hông,1,1,True,dialect_phrase,Negation/Function words,không,NamBo
SENT_3249,SENT,PNT1,replace,0,nó,hấn,1,1,False,none,Pronouns,,
SENT_3249,SENT,PNT1,replace,1,các chế,bọn mi,2,2,False,none,Pronouns,,
SENT_3249,SENT,PNT1,replace,2,nào,mô,1,1,True,dialect_phrase,Negation/Function words,đâu (phủ định),ThanhHoa
SENT_3249,SENT,PNT2,replace,0,nhâu,nhau,1,1,False,none,Orthographic variant,,
SENT_3249,SENT,PNT2,replace,1,nào,mô,1,1,True,dialect_phrase,Interrogatives; Negation/Function words,đâu (phủ định); đâu / nào,HaTinh_QB_QT; NgheAn
SENT_3249,SENT,PNT3,replace,0,nó yêu nhâu,hắn ưng chắc,3,3,False,none,Multi-word idiom,,
SENT_3249,SENT,PNT3,replace,1,các chế ơi,mấy ả nở,3,3,False,none,Multi-word idiom,,
SENT_3249,SENT,PNT3,replace,2,nào,mô,1,1,True,dialect_phrase,Interrogatives; Negation/Function words,đâu (phủ định); đâu / nào,HaTinh_QB_QT; Hue
SENT_3249,SENT,PNT3,replace,3,không,khung,1,1,True,standard_word,Negation/Function words,nỏ,HaTinh_QB_QT
SENT_3249,SENT,PNT3,replace,4,đó,đỏ,1,1,True,dialect_phrase,Discourse particles,ấy / đấy,HaTinh_QB_QT
SENT_3249,SENT,PNT4,replace,0,các chế,tụi bây,2,2,False,none,Pronouns,,
SENT_3273,SENT,PNB,replace,0,chau,cháu,1,1,False,none,Orthographic variant,,
SENT_3273,SENT,PNB,replace,1,nũa,nữa,1,1,False,none,Orthographic variant,,
SENT_3273,SENT,PNB,replace,2,tao,tâm,1,1,True,standard_word,Pronouns,tao,BacBo
SENT_3273,SENT,PNB,replace,3,cho cắm,chó cắn,2,2,False,none,Noise/Non-linguistic,,
SENT_3273,SENT,PNN,replace,0,những,mấy,1,1,False,none,Negation/Function words,,
SENT_3273,SENT,PNN,replace,1,các chau,mấy đứa cháu,2,3,False,none,Negation/Function words,,
SENT_3273,SENT,PNN,replace,2,bẩn,dơ,1,1,False,none,Predicate vocabulary,,
SENT_3273,SENT,PNN,replace,3,không,hông,1,1,True,dialect_phrase,Negation/Function words,không,NamBo
SENT_3273,SENT,PNN,insert,4,,tiêu,0,1,False,none,Unknown,,
SENT_3273,SENT,PNN,replace,5,lũ,tụi,1,1,False,none,Pronouns,,
SENT_3273,SENT,PNT1,replace,0,chau,cháu,1,1,False,none,Orthographic variant,,
SENT_3273,SENT,PNT1,replace,1,nũa,nữa,1,1,False,none,Orthographic variant,,
SENT_3273,SENT,PNT1,replace,2,tao,tâm,1,1,True,standard_word,Pronouns,choa,ThanhHoa
SENT_3273,SENT,PNT2,replace,0,chau,cháu,1,1,False,none,Orthographic variant,,
SENT_3273,SENT,PNT2,replace,1,nũa,nữa,1,1,False,none,Orthographic variant,,
SENT_3273,SENT,PNT2,replace,2,tao,tâm,1,1,True,standard_word,Pronouns,tau,HaTinh_QB_QT
SENT_3273,SENT,PNT2,replace,3,cho cắm,chó cắn,2,2,False,none,Noise/Non-linguistic,,
SENT_3273,SENT,PNT3,replace,0,những,mấy,1,1,False,none,Negation/Function words,,
SENT_3273,SENT,PNT3,replace,1,các,mấy,1,1,False,none,Negation/Function words,,
SENT_3273,SENT,PNT3,replace,2,đó,nớ,1,1,True,dialect_phrase,Demonstratives/Deixis,kia; ấy / đó,HaTinh_QB_QT; Hue
SENT_3273,SENT,PNT3,replace,3,nũa,nữa,1,1,False,none,Orthographic variant,,
SENT_3273,SENT,PNT3,replace,4,lũ,bọn,1,1,False,none,Pronouns,,
SENT_3273,SENT,PNT4,replace,0,các chau,mấy cháu,2,2,False,none,Predicate vocabulary,,
SENT_3273,SENT,PNT4,replace,1,bẩn,nhớp,1,1,True,dialect_phrase,Predicate vocabulary,bẩn,QuangNam
SENT_3273,SENT,PNT4,replace,2,nũa,nữa,1,1,False,none,Orthographic variant,,
SENT_3427,SENT,PNB,replace,0,z,vậy,1,1,False,none,Orthographic variant,,
SENT_3427,SENT,PNB,replace,1,vô,vào,1,1,False,none,Predicate vocabulary,,
SENT_3427,SENT,PNB,insert,2,,chuyện,0,1,False,none,Unknown,,
SENT_3427,SENT,PNB,replace,3,z,vậy,1,1,False,none,Orthographic variant,,
SENT_3427,SENT,PNB,replace,4,z,vậy,1,1,False,none,Orthographic variant,,
SENT_3427,SENT,PNN,replace,0,không,hông,1,1,True,dialect_phrase,Negation/Function words,không,NamBo
SENT_3427,SENT,PNN,replace,1,không,hhông,1,1,True,standard_word,Negation/Function words,hông,NamBo
SENT_3427,SENT,PNT2,replace,0,nào,chi,1,1,True,dialect_phrase,Interrogatives,gì,HaTinh_QB_QT; NgheAn
SENT_3427,SENT,PNT2,replace,1,nó,hấn,1,1,True,standard_word,Pronouns,hắn; nghị,HaTinh_QB_QT
SENT_3427,SENT,PNT3,replace,0,nào,chi,1,1,True,dialect_phrase,Interrogatives,gì; sao / thế nào,HaTinh_QB_QT; Hue
SENT_3427,SENT,PNT3,replace,1,nó,hắn,1,1,True,dialect_phrase,Pronouns,nó,HaTinh_QB_QT; Hue
SENT_3427,SENT,PNT4,replace,0,nào,chi,1,1,True,dialect_phrase,Interrogatives,gì,QuangNam
SENT_3427,SENT,PNT4,replace,1,nó,hắn,1,1,True,standard_word,Pronouns,hén; nó,PhuYen; QuangNam; QuangNgai
SENT_3469,SENT,PNB,delete,0,má nó,,2,0,False,none,Unknown,,
SENT_3469,SENT,PNN,replace,0,lúc,hồi,1,1,False,none,Connectives/Aspect markers,,
SENT_3469,SENT,PNN,replace,1,không,hông,1,1,True,dialect_phrase,Negation/Function words,không,NamBo
SENT_3469,SENT,PNT2,replace,0,giờ mới,dừ mì,2,2,False,none,Multi-word idiom,,
SENT_3469,SENT,PNT2,replace,1,sao,răng,1,1,True,dialect_phrase,Interrogatives,sao / thế nào,HaTinh_QB_QT; NgheAn
SENT_3469,SENT,PNT2,replace,2,không,nỏ,1,1,True,dialect_phrase,Negation/Function words,không,HaTinh_QB_QT; NgheAn
SENT_3469,SENT,PNT2,replace,3,nó,hấn,1,1,True,standard_word,Pronouns,hắn; nghị,HaTinh_QB_QT
SENT_3469,SENT,PNT2,replace,4,nào,mô,1,1,True,dialect_phrase,Interrogatives; Negation/Function words,đâu (phủ định); đâu / nào,HaTinh_QB_QT; NgheAn
SENT_3469,SENT,PNT2,replace,5,nó,hấn,1,1,True,standard_word,Pronouns,hắn; nghị,HaTinh_QB_QT
SENT_3469,SENT,PNT2,replace,6,bà,mẹ,1,1,True,standard_word,Kinship/Honorific terms,mệ,HaTinh_QB_QT; NgheAn
SENT_3469,SENT,PNT3,replace,0,giờ mới,chừ mì,2,2,False,none,Multi-word idiom,,
SENT_3469,SENT,PNT3,replace,1,sao,răng,1,1,True,dialect_phrase,Interrogatives,sao / thế nào,HaTinh_QB_QT; Hue
SENT_3469,SENT,PNT3,replace,2,không,nỏ,1,1,True,dialect_phrase,Negation/Function words,không,HaTinh_QB_QT
SENT_3469,SENT,PNT3,replace,3,má nó,mẹ hắn,2,2,False,none,Kinship/Honorific terms,,
SENT_3469,SENT,PNT3,replace,4,nào cũng,mô cụng,2,2,False,none,Multi-word idiom,,
SENT_3469,SENT,PNT3,replace,5,nó,hắn,1,1,True,dialect_phrase,Pronouns,nó,HaTinh_QB_QT; Hue
SENT_3469,SENT,PNT3,replace,6,nữa chắc,nựa e,2,2,False,none,Multi-word idiom,,
SENT_3469,SENT,PNT3,replace,7,bà nó,mẹ kì,2,2,False,none,Kinship/Honorific terms,,
SENT_3469,SENT,PNT4,replace,0,giờ,chừ,1,1,True,dialect_phrase,Negation/Function words,bây giờ,QuangNam
SENT_3469,SENT,PNT4,replace,1,sao,ren,1,1,True,dialect_phrase,Interrogatives,sao / thế nào,QuangNam
SENT_3469,SENT,PNT4,replace,2,nào,mô,1,1,True,dialect_phrase,Interrogatives,đâu / nào,QuangNam
SENT_3469,SENT,PNT4,replace,3,bà,mẹ,1,1,True,dialect_phrase,Kinship/Honorific terms,mẹ,QuangNgai
SENT_3514,SENT,PNN,replace,0,ấy,đó,1,1,True,dialect_phrase,Demonstratives/Deixis,kia; ấy / đó,NamBo
SENT_3514,SENT,PNN,replace,1,chg,hông,1,1,True,dialect_phrase,Negation/Function words,không,NamBo
SENT_3514,SENT,PNN,replace,2,chúng tôi,tụi tui,2,2,True,dialect_phrase,Pronouns,chúng tôi,NamBo
SENT_3514,SENT,PNN,replace,3,ấy,đó,1,1,True,dialect_phrase,Demonstratives/Deixis,kia; ấy / đó,NamBo
SENT_3514,SENT,PNN,replace,4,không,hông,1,1,True,dialect_phrase,Negation/Function words,không,NamBo
SENT_3514,SENT,PNT1,replace,0,chg,chẳng,1,1,False,none,Negation/Function words,,
SENT_3514,SENT,PNT1,replace,1,bb,bạn bè,1,2,False,none,Noise/Non-linguistic,,
SENT_3514,SENT,PNT2,replace,0,hôm ấy,bữa nớ,2,2,False,none,Demonstratives/Deixis,,
SENT_3514,SENT,PNT2,replace,1,chúng tôi,bọn tui,2,2,True,standard_word,Pronouns,choa,HaTinh_QB_QT; NgheAn
SENT_3514,SENT,PNT2,replace,2,không,nỏ,1,1,True,dialect_phrase,Negation/Function words,không,HaTinh_QB_QT; NgheAn
SENT_3514,SENT,PNT3,replace,0,hôm ấy,nớ,2,1,True,dialect_phrase,Demonstratives/Deixis,kia; ấy / đó,HaTinh_QB_QT; Hue
SENT_3514,SENT,PNT3,replace,1,lũ chúng tôi,bọn tau,3,2,True,dialect_phrase,Pronouns,chúng tao,HaTinh_QB_QT; Hue
SENT_3514,SENT,PNT3,replace,2,ấy,nớ,1,1,True,dialect_phrase,Demonstratives/Deixis,kia; ấy / đó,HaTinh_QB_QT; Hue
SENT_3514,SENT,PNT3,replace,3,trông thấy,chộ,2,1,True,dialect_phrase,Predicate vocabulary,thấy,HaTinh_QB_QT; Hue
SENT_3514,SENT,PNT4,replace,0,ấy,nớ,1,1,True,dialect_phrase,Demonstratives/Deixis,ấy / đó,QuangNam
SENT_3514,SENT,PNT4,replace,1,lũ,bọn,1,1,False,none,Pronouns,,
SENT_3514,SENT,PNT4,replace,2,ấy,nớ,1,1,True,dialect_phrase,Demonstratives/Deixis,ấy / đó,QuangNam
SENT_3514,SENT,PNT4,replace,3,trông,nhìn,1,1,False,none,Predicate vocabulary,,
SENT_3520,SENT,PNB,replace,0,thằg,thằng,1,1,False,none,Orthographic variant,,
SENT_3520,SENT,PNB,replace,1,với thằg,thằng,2,1,False,none,Noise/Non-linguistic,,
SENT_3520,SENT,PNB,replace,2,bổg m,bổng mày,2,2,False,none,Noise/Non-linguistic,,
SENT_3520,SENT,PNB,replace,3,hám,ham,1,1,False,none,Orthographic variant,,
SENT_3520,SENT,PNN,replace,0,đến,tới,1,1,False,none,Predicate vocabulary,,
SENT_3520,SENT,PNN,replace,1,đấy,đó,1,1,True,dialect_phrase,Demonstratives/Deixis,kia; ấy / đó,NamBo
SENT_3520,SENT,PNT1,replace,0,tao,tau,1,1,True,standard_word,Pronouns,choa,ThanhHoa
SENT_3520,SENT,PNT1,replace,1,mày,mi,1,1,False,none,Pronouns,,
SENT_3520,SENT,PNT1,replace,2,mày,mi,1,1,False,none,Pronouns,,
SENT_3520,SENT,PNT1,replace,3,m,mi,1,1,False,none,Pronouns,,
SENT_3520,SENT,PNT1,replace,4,mày,mi,1,1,False,none,Pronouns,,
SENT_3520,SENT,PNT1,replace,5,hám,tham,1,1,False,none,Predicate vocabulary,,
SENT_3520,SENT,PNT1,replace,6,mày,mi,1,1,False,none,Pronouns,,
SENT_3520,SENT,PNT2,replace,0,mày,mi,1,1,True,dialect_phrase,Pronouns,mày,HaTinh_QB_QT
SENT_3520,SENT,PNT2,replace,1,mày,mi,1,1,True,dialect_phrase,Pronouns,mày,HaTinh_QB_QT
SENT_3520,SENT,PNT2,replace,2,mày,mi,1,1,True,dialect_phrase,Pronouns,mày,HaTinh_QB_QT
SENT_3520,SENT,PNT2,replace,3,mày,mi,1,1,True,dialect_phrase,Pronouns,mày,HaTinh_QB_QT
SENT_3520,SENT,PNT3,replace,0,tao,tau,1,1,True,dialect_phrase,Pronouns,tao; tôi,HaTinh_QB_QT; Hue
SENT_3520,SENT,PNT3,replace,1,mày,mi,1,1,True,dialect_phrase,Pronouns,mày,HaTinh_QB_QT; Hue
SENT_3520,SENT,PNT3,replace,2,mày,mi,1,1,True,dialect_phrase,Pronouns,mày,HaTinh_QB_QT; Hue
SENT_3520,SENT,PNT3,replace,3,vậy,rứa,1,1,True,standard_word,Demonstratives/Deixis,a rứa; như ri; như rứa; ri,HaTinh_QB_QT; Hue
SENT_3520,SENT,PNT3,replace,4,mày,mi,1,1,True,dialect_phrase,Pronouns,mày,HaTinh_QB_QT; Hue
SENT_3520,SENT,PNT3,replace,5,đấy,đó,1,1,True,standard_word,Discourse particles,đỏ,HaTinh_QB_QT
SENT_3520,SENT,PNT3,replace,6,mày,mi,1,1,True,dialect_phrase,Pronouns,mày,HaTinh_QB_QT; Hue
SENT_3520,SENT,PNT4,replace,0,mày,mi,1,1,True,dialect_phrase,Pronouns,mày,QuangNam
SENT_3520,SENT,PNT4,replace,1,đến,tới,1,1,False,none,Predicate vocabulary,,
SENT_3520,SENT,PNT4,replace,2,mày,mi,1,1,True,dialect_phrase,Pronouns,mày,QuangNam
SENT_3520,SENT,PNT4,replace,3,vậy,rứa,1,1,True,standard_word,Demonstratives/Deixis,như dậy; như ri; như rứa; như vầy; như vậy,PhuYen; QuangNam; QuangNgai
SENT_3520,SENT,PNT4,replace,4,mày,mi,1,1,True,dialect_phrase,Pronouns,mày,QuangNam
SENT_3520,SENT,PNT4,replace,5,đấy,nớ,1,1,True,dialect_phrase,Demonstratives/Deixis,ấy / đó,QuangNam
SENT_3520,SENT,PNT4,replace,6,mày,mi,1,1,True,dialect_phrase,Pronouns,mày,QuangNam
SENT_3555,SENT,PNB,replace,0,ta,mình,1,1,False,none,Pronouns,,
SENT_3555,SENT,PNB,replace,1,""" tại","""tại",2,1,False,none,Noise/Non-linguistic,,
SENT_3555,SENT,PNB,replace,2,cha,bố,1,1,True,dialect_phrase,Kinship/Honorific terms,bố,BacBo
SENT_3555,SENT,PNB,replace,3,"ta ""","mình""",2,1,False,none,Pronouns,,
SENT_3555,SENT,PNN,replace,0,ngày,hồi,1,1,False,none,Predicate vocabulary,,
SENT_3555,SENT,PNN,replace,1,cha mẹ,ba má,2,2,False,none,Kinship/Honorific terms,,
SENT_3555,SENT,PNT2,replace,0,sao,răng,1,1,True,dialect_phrase,Interrogatives,sao / thế nào,HaTinh_QB_QT; NgheAn
SENT_3555,SENT,PNT2,replace,1,đó,nớ,1,1,True,dialect_phrase,Demonstratives/Deixis,ấy / đó,HaTinh_QB_QT; NgheAn
SENT_3555,SENT,PNT2,replace,2,thế này thế kia,như ri như rứa,4,4,False,none,Multi-word idiom,,
SENT_3555,SENT,PNT3,replace,0,lớn lên,nậy,2,1,True,dialect_phrase,Predicate vocabulary,lớn,HaTinh_QB_QT
SENT_3555,SENT,PNT3,replace,1,sao,răng,1,1,True,dialect_phrase,Interrogatives,sao / thế nào,HaTinh_QB_QT; Hue
SENT_3555,SENT,PNT3,replace,2,đó cha mẹ,nớ bọ mạ,3,3,False,none,Kinship/Honorific terms,,
SENT_3555,SENT,PNT4,replace,0,đó cha,nớ ba,2,2,False,none,Demonstratives/Deixis,,
SENT_3618,SENT,PNB,replace,0,nhìu,nhiều,1,1,True,dialect_phrase,Predicate vocabulary,nhiều,BacBo
SENT_3618,SENT,PNN,replace,0,không,hông,1,1,True,dialect_phrase,Negation/Function words,không,NamBo
SENT_3618,SENT,PNN,insert,1,,cù,0,1,False,none,Unknown,,
SENT_3618,SENT,PNT1,replace,0,lộn,nhau,1,1,False,none,Predicate vocabulary,,
SENT_3618,SENT,PNT1,replace,1,người,ngừi,1,1,False,none,Orthographic variant,,
SENT_3618,SENT,PNT2,replace,0,không,nỏ,1,1,True,dialect_phrase,Negation/Function words,không,HaTinh_QB_QT; NgheAn
SENT_3618,SENT,PNT2,replace,1,làm gì nhìu,mần chi nhiều,3,3,False,none,Multi-word idiom,,
SENT_3618,SENT,PNT2,replace,2,nó,hấn,1,1,True,standard_word,Pronouns,hắn; nghị,HaTinh_QB_QT
SENT_3618,SENT,PNT3,replace,0,bởi vậy,vì rứa nên,2,3,False,none,Connectives/Aspect markers,,
SENT_3618,SENT,PNT3,replace,1,làm gì nhìu,mần chi nhiều,3,3,False,none,Multi-word idiom,,
SENT_3618,SENT,PNT3,replace,2,nó,hắn,1,1,True,dialect_phrase,Pronouns,nó,HaTinh_QB_QT; Hue
SENT_3618,SENT,PNT3,replace,3,cãi lộn mệt,cại chắc dọc,3,3,False,none,Multi-word idiom,,
SENT_3618,SENT,PNT4,replace,0,vậy,rứa,1,1,True,standard_word,Demonstratives/Deixis,như dậy; như ri; như rứa; như vầy; như vậy,PhuYen; QuangNam; QuangNgai
SENT_3618,SENT,PNT4,replace,1,gì,chi,1,1,True,dialect_phrase,Interrogatives,gì,QuangNam
SENT_3618,SENT,PNT4,replace,2,nó,hắn,1,1,True,standard_word,Pronouns,hén; nó,PhuYen; QuangNam; QuangNgai
SENT_3670,SENT,PNN,replace,0,đến,tới,1,1,False,none,Predicate vocabulary,,
SENT_3670,SENT,PNN,replace,1,thế nào,sao,2,1,True,dialect_phrase,Interrogatives,sao / thế nào,NamBo
SENT_3670,SENT,PNN,replace,2,đấy,đó,1,1,True,dialect_phrase,Demonstratives/Deixis,kia; ấy / đó,NamBo
SENT_3670,SENT,PNT1,replace,0,thế nào,răng,2,1,False,none,Interrogatives,,
SENT_3670,SENT,PNT1,replace,1,mày,mi,1,1,False,none,Pronouns,,
SENT_3670,SENT,PNT2,replace,0,thế nào,như răng,2,2,True,standard_word,Interrogatives,răng,HaTinh_QB_QT; NgheAn
SENT_3670,SENT,PNT2,replace,1,mày,mi,1,1,True,dialect_phrase,Pronouns,mày,HaTinh_QB_QT
SENT_3670,SENT,PNT3,replace,0,thế nào,răng,2,1,True,dialect_phrase,Interrogatives,sao / thế nào,HaTinh_QB_QT; Hue
SENT_3670,SENT,PNT3,replace,1,bà,mệ,1,1,True,dialect_phrase,Kinship/Honorific terms,bà,HaTinh_QB_QT; Hue
SENT_3670,SENT,PNT3,replace,2,mày,mi,1,1,True,dialect_phrase,Pronouns,mày,HaTinh_QB_QT; Hue
SENT_3670,SENT,PNT3,replace,3,đấy,đo,1,1,True,standard_word,Discourse particles,đỏ,HaTinh_QB_QT
SENT_3670,SENT,PNT4,replace,0,ủi ui,trời ơi,2,2,False,none,Idiomatic expressions,,
SENT_3670,SENT,PNT4,replace,1,đến,tới,1,1,False,none,Predicate vocabulary,,
SENT_3670,SENT,PNT4,replace,2,thế nào,ren,2,1,True,dialect_phrase,Interrogatives,sao / thế nào,QuangNam
SENT_3670,SENT,PNT4,replace,3,mày,mi,1,1,True,dialect_phrase,Pronouns,mày,QuangNam
SENT_3670,SENT,PNT4,replace,4,đấy,đó,1,1,True,dialect_phrase,Demonstratives/Deixis,ấy / đó,PhuYen; QuangNgai
SENT_3750,SENT,PNN,replace,0,mẹ,má,1,1,False,none,Kinship/Honorific terms,,
SENT_3750,SENT,PNN,replace,1,tốt thật,giỏi thiệt,2,2,False,none,Multi-word idiom,,
SENT_3750,SENT,PNT2,replace,0,này,ni,1,1,True,dialect_phrase,Demonstratives/Deixis,này,HaTinh_QB_QT; NgheAn
SENT_3750,SENT,PNT2,replace,1,còn,đăng,1,1,False,none,Noise/Non-linguistic,,
SENT_3750,SENT,PNT2,replace,2,nữa chứ,nựa chơ,2,2,False,none,Multi-word idiom,,
SENT_3750,SENT,PNT3,replace,0,mẹ,mạ,1,1,True,dialect_phrase,Kinship/Honorific terms,mẹ,HaTinh_QB_QT
SENT_3750,SENT,PNT3,replace,1,này,ni,1,1,True,dialect_phrase,Demonstratives/Deixis,này,HaTinh_QB_QT; Hue
SENT_3750,SENT,PNT3,replace,2,thật,thiệt,1,1,True,dialect_phrase,Connectives/Aspect markers,thật,HaTinh_QB_QT
SENT_3750,SENT,PNT3,replace,3,nữa chứ,nựa chớ,2,2,False,none,Orthographic variant,,
SENT_3750,SENT,PNT4,replace,0,này,ni,1,1,True,dialect_phrase,Demonstratives/Deixis,này,QuangNam
SENT_3750,SENT,PNT4,replace,1,thật,thiệt,1,1,False,none,Predicate vocabulary,,
SENT_3750,SENT,PNT4,replace,2,chứ,chớ,1,1,False,none,Discourse particles,,
SENT_3763,SENT,PNB,replace,0,all,tất cả,1,2,False,none,Negation/Function words,,
SENT_3763,SENT,PNN,replace,0,ấy,đó,1,1,True,dialect_phrase,Demonstratives/Deixis,kia; ấy / đó,NamBo
SENT_3763,SENT,PNN,replace,1,không,hông,1,1,True,dialect_phrase,Negation/Function words,không,NamBo
SENT_3763,SENT,PNT1,replace,0,tao,tau,1,1,True,standard_word,Pronouns,choa,ThanhHoa
SENT_3763,SENT,PNT1,replace,1,tao,tau,1,1,True,standard_word,Pronouns,choa,ThanhHoa
SENT_3763,SENT,PNT2,replace,0,tao,tau,1,1,True,dialect_phrase,Pronouns,tao,HaTinh_QB_QT
SENT_3763,SENT,PNT2,replace,1,người,ngài,1,1,False,none,Orthographic variant,,
SENT_3763,SENT,PNT2,replace,2,ấy,nớ,1,1,True,dialect_phrase,Demonstratives/Deixis,ấy / đó,HaTinh_QB_QT; NgheAn
SENT_3763,SENT,PNT2,replace,3,tao không,tau nỏ,2,2,False,none,Multi-word idiom,,
SENT_3763,SENT,PNT2,replace,4,vào,vô,1,1,False,none,Connectives/Aspect markers,,
SENT_3763,SENT,PNT3,replace,0,tao,tau,1,1,True,dialect_phrase,Pronouns,tao; tôi,HaTinh_QB_QT; Hue
SENT_3763,SENT,PNT3,replace,1,ấy,nớ,1,1,True,dialect_phrase,Demonstratives/Deixis,kia; ấy / đó,HaTinh_QB_QT; Hue
SENT_3763,SENT,PNT3,replace,2,nhưng,chơ đều,1,2,False,none,Connectives/Aspect markers,,
SENT_3763,SENT,PNT4,replace,0,tao,ta,1,1,True,dialect_phrase,Pronouns,tao; tôi,QuangNam
SENT_3763,SENT,PNT4,replace,1,ấy,nớ,1,1,True,dialect_phrase,Demonstratives/Deixis,ấy / đó,QuangNam
SENT_3763,SENT,PNT4,replace,2,tao,ta,1,1,True,dialect_phrase,Pronouns,tao; tôi,QuangNam
SENT_3763,SENT,PNT4,replace,3,vào,vô,1,1,False,none,Connectives/Aspect markers,,
SENT_3814,SENT,PNB,replace,0,chế,chị,1,1,True,dialect_phrase,Kinship/Honorific terms,chị,BacBo
SENT_3814,SENT,PNB,replace,1,hoạng,hoảng,1,1,False,none,Orthographic variant,,
SENT_3814,SENT,PNN,replace,0,thủ,hườm,1,1,False,none,Predicate vocabulary,,
SENT_3814,SENT,PNT3,replace,0,thấy chế,ngó chộ chị,2,3,False,none,Multi-word idiom,,
SENT_3814,SENT,PNT3,replace,1,phải,phại,1,1,False,none,Orthographic variant,,
SENT_3814,SENT,PNT3,insert,2,,cò,0,1,False,none,Unknown,,
SENT_3814,SENT,PNT3,replace,3,nhá,nghe,1,1,True,dialect_phrase,Discourse particles,nha; nhé,HaTinh_QB_QT; Hue
SENT_3814,SENT,PNT4,replace,0,chế,chị,1,1,True,dialect_phrase,Kinship/Honorific terms,chị,PhuYen; QuangNam; QuangNgai
SENT_3814,SENT,PNT4,replace,1,hoạng,hoảng,1,1,False,none,Orthographic variant,,
SENT_3814,SENT,PNT4,replace,2,nhá,nghe,1,1,False,none,Discourse particles,,
SENT_3906,SENT,PNB,replace,0,la hoài,chửi mãi,2,2,False,none,Idiomatic expressions,,
SENT_3906,SENT,PNN,replace,0,không,hông,1,1,True,dialect_phrase,Negation/Function words,không,NamBo
SENT_3906,SENT,PNN,replace,1,không,hông,1,1,True,dialect_phrase,Negation/Function words,không,NamBo
SENT_3906,SENT,PNT2,replace,0,không,nỏ,1,1,True,dialect_phrase,Negation/Function words,không,HaTinh_QB_QT; NgheAn
SENT_3906,SENT,PNT2,replace,1,chứ,chơ,1,1,True,dialect_phrase,Connectives/Aspect markers,chứ,HaTinh_QB_QT
SENT_3906,SENT,PNT2,replace,2,sao,răng,1,1,True,dialect_phrase,Interrogatives,sao / thế nào,HaTinh_QB_QT; NgheAn
SENT_3906,SENT,PNT2,replace,3,vậy,rứa,1,1,True,dialect_phrase,Demonstratives/Deixis,vậy / thế,NgheAn
SENT_3906,SENT,PNT2,replace,4,vậy,rứa,1,1,True,dialect_phrase,Demonstratives/Deixis,vậy / thế,NgheAn
SENT_3906,SENT,PNT3,replace,0,không,nỏ,1,1,True,dialect_phrase,Negation/Function words,không,HaTinh_QB_QT
SENT_3906,SENT,PNT3,replace,1,mình lúa,miềng ló,2,2,False,none,Multi-word idiom,,
SENT_3906,SENT,PNT3,replace,2,chứ,chơ,1,1,True,dialect_phrase,Connectives/Aspect markers,chứ,HaTinh_QB_QT
SENT_3906,SENT,PNT3,replace,3,mình,miềng,1,1,False,none,Pronouns,,
SENT_3906,SENT,PNT3,replace,4,sao,răng,1,1,True,dialect_phrase,Interrogatives,sao / thế nào,HaTinh_QB_QT; Hue
SENT_3906,SENT,PNT3,replace,5,vậy,rứa,1,1,True,standard_word,Demonstratives/Deixis,a rứa; như ri; như rứa; ri,HaTinh_QB_QT; Hue
SENT_3906,SENT,PNT3,replace,6,anh chồng la hoài là vậy,eng dông nạt mãi mà rứa tê,6,7,False,none,Multi-word idiom,,
SENT_3906,SENT,PNT4,replace,0,sao,ren,1,1,True,dialect_phrase,Interrogatives,sao / thế nào,QuangNam
SENT_3906,SENT,PNT4,replace,1,vậy,rứa,1,1,True,standard_word,Demonstratives/Deixis,như dậy; như ri; như rứa; như vầy; như vậy,PhuYen; QuangNam; QuangNgai
SENT_3906,SENT,PNT4,replace,2,hoài,miết,1,1,False,none,Predicate vocabulary,,
SENT_3906,SENT,PNT4,replace,3,vậy,rứa,1,1,True,standard_word,Demonstratives/Deixis,như dậy; như ri; như rứa; như vầy; như vậy,PhuYen; QuangNam; QuangNgai
SENT_3910,SENT,PNB,replace,0,đúi,đuối,1,1,False,none,Orthographic variant,,
SENT_3910,SENT,PNN,replace,0,xem,coi,1,1,False,none,Predicate vocabulary,,
SENT_3910,SENT,PNN,replace,1,không,hông,1,1,True,dialect_phrase,Negation/Function words,không,NamBo
SENT_3910,SENT,PNT1,replace,0,tao,tau,1,1,True,standard_word,Pronouns,choa,ThanhHoa
SENT_3910,SENT,PNT2,replace,0,này,ni,1,1,True,dialect_phrase,Demonstratives/Deixis,này,HaTinh_QB_QT; NgheAn
SENT_3910,SENT,PNT2,replace,1,vào,vô,1,1,False,none,Connectives/Aspect markers,,
SENT_3910,SENT,PNT2,replace,2,chứ,chơ,1,1,True,dialect_phrase,Connectives/Aspect markers,chứ,HaTinh_QB_QT
SENT_3910,SENT,PNT2,replace,3,không,nỏ,1,1,True,dialect_phrase,Negation/Function words,không,HaTinh_QB_QT; NgheAn
SENT_3910,SENT,PNT3,replace,0,t,tau,1,1,True,dialect_phrase,Pronouns,tao; tôi,HaTinh_QB_QT; Hue
SENT_3910,SENT,PNT3,replace,1,này,ni,1,1,True,dialect_phrase,Demonstratives/Deixis,này,HaTinh_QB_QT; Hue
SENT_3910,SENT,PNT3,replace,2,vào,vô,1,1,False,none,Connectives/Aspect markers,,
SENT_3910,SENT,PNT3,replace,3,chứ,chơ,1,1,True,dialect_phrase,Connectives/Aspect markers,chứ,HaTinh_QB_QT
SENT_3910,SENT,PNT3,replace,4,đúi,đuối,1,1,False,none,Orthographic variant,,
SENT_3910,SENT,PNT3,replace,5,tao,tau,1,1,True,dialect_phrase,Pronouns,tao; tôi,HaTinh_QB_QT; Hue
SENT_3910,SENT,PNT4,replace,0,này,ni,1,1,True,dialect_phrase,Demonstratives/Deixis,này,QuangNam
SENT_3910,SENT,PNT4,replace,1,vào,vô,1,1,False,none,Connectives/Aspect markers,,
SENT_3910,SENT,PNT4,replace,2,chứ,chớ,1,1,False,none,Discourse particles,,
SENT_3910,SENT,PNT4,replace,3,tao,ta,1,1,True,dialect_phrase,Pronouns,tao; tôi,QuangNam
SENT_4003,SENT,PNB,replace,0,nghề nghiệp,manh áo của,2,3,False,none,Idiomatic expressions,,
SENT_4003,SENT,PNB,delete,1,như,,1,0,False,none,Unknown,,
SENT_4003,SENT,PNN,replace,0,không,hông,1,1,True,dialect_phrase,Negation/Function words,không,NamBo
SENT_4003,SENT,PNN,replace,1,ấy,á,1,1,True,standard_word,Demonstratives/Deixis,đó,NamBo
SENT_4003,SENT,PNN,replace,2,bố đời ấy,làm phách đó,3,3,False,none,Idiomatic expressions,,
SENT_4003,SENT,PNT2,replace,0,sao,răng,1,1,True,dialect_phrase,Interrogatives,sao / thế nào,HaTinh_QB_QT; NgheAn
SENT_4003,SENT,PNT2,replace,1,không,nỏ,1,1,True,dialect_phrase,Negation/Function words,không,HaTinh_QB_QT; NgheAn
SENT_4003,SENT,PNT2,replace,2,chứ đâu,chơ mô,2,2,False,none,Multi-word idiom,,
SENT_4003,SENT,PNT2,replace,3,cái,cấy,1,1,True,dialect_phrase,Negation/Function words,cái,HaTinh_QB_QT; NgheAn
SENT_4003,SENT,PNT2,replace,4,ấy,nớ,1,1,True,dialect_phrase,Demonstratives/Deixis,ấy / đó,HaTinh_QB_QT; NgheAn
SENT_4003,SENT,PNT3,replace,0,đã sao,đạ răng,2,2,False,none,Multi-word idiom,,
SENT_4003,SENT,PNT3,replace,1,người ta,họ,2,1,False,none,Pronouns,,
SENT_4003,SENT,PNT3,replace,2,không thích,nỏ ưng,2,2,False,none,Multi-word idiom,,
SENT_4003,SENT,PNT3,replace,3,ấy,nờ,1,1,True,standard_word,Demonstratives/Deixis; Discourse particles,nớ; tê; đỏ,HaTinh_QB_QT; Hue
SENT_4003,SENT,PNT3,replace,4,chứ đâu,chơ mô,2,2,False,none,Multi-word idiom,,
SENT_4003,SENT,PNT3,replace,5,cái,kì,1,1,True,dialect_phrase,Negation/Function words,cái,HaTinh_QB_QT
SENT_4003,SENT,PNT3,replace,6,ấy,nớ he,1,2,True,standard_word,Demonstratives/Deixis; Discourse particles,nớ; tê; đỏ,HaTinh_QB_QT; Hue
SENT_4003,SENT,PNT4,replace,0,đã sao,ren,2,1,True,dialect_phrase,Interrogatives,sao / thế nào,QuangNam
SENT_4003,SENT,PNT4,replace,1,thích,ưng,1,1,False,none,Predicate vocabulary,,
SENT_4003,SENT,PNT4,replace,2,ấy,nớ,1,1,True,dialect_phrase,Demonstratives/Deixis,ấy / đó,QuangNam
SENT_4003,SENT,PNT4,replace,3,ấy,nớ,1,1,True,dialect_phrase,Demonstratives/Deixis,ấy / đó,QuangNam
SENT_4035,SENT,PNB,replace,0,hên xui,may rủi,2,2,False,none,Idiomatic expressions,,
SENT_4035,SENT,PNB,replace,1,heo,lợn,1,1,False,none,Predicate vocabulary,,
SENT_4035,SENT,PNB,replace,2,heo,lợn,1,1,False,none,Predicate vocabulary,,
SENT_4035,SENT,PNB,replace,3,hay,tốt,1,1,False,none,Predicate vocabulary,,
SENT_4035,SENT,PNN,replace,0,quá,ghê,1,1,False,none,Predicate vocabulary,,
SENT_4035,SENT,PNN,replace,1,cả,nguyên,1,1,False,none,Negation/Function words,,
SENT_4035,SENT,PNN,replace,2,không,hông,1,1,True,dialect_phrase,Negation/Function words,không,NamBo
SENT_4035,SENT,PNN,replace,3,thời gian,lúc,2,1,False,none,Predicate vocabulary,,
SENT_4035,SENT,PNN,replace,4,các,mấy,1,1,False,none,Negation/Function words,,
SENT_4035,SENT,PNT1,replace,0,sao,răng,1,1,False,none,Interrogatives,,
SENT_4035,SENT,PNT1,replace,1,gì,chi,1,1,False,none,Interrogatives,,
SENT_4035,SENT,PNT2,replace,0,giờ,dừ,1,1,False,none,Demonstratives/Deixis,,
SENT_4035,SENT,PNT2,replace,1,chứ,chơ,1,1,True,dialect_phrase,Connectives/Aspect markers,chứ,HaTinh_QB_QT
SENT_4035,SENT,PNT2,replace,2,làm sao không,mần răng nỏ,3,3,False,none,Multi-word idiom,,
SENT_4035,SENT,PNT2,replace,3,heo,lợn,1,1,False,none,Predicate vocabulary,,
SENT_4035,SENT,PNT2,replace,4,gì,chi,1,1,True,dialect_phrase,Interrogatives,gì,HaTinh_QB_QT; NgheAn
SENT_4035,SENT,PNT2,replace,5,sao,răng,1,1,True,dialect_phrase,Interrogatives,sao / thế nào,HaTinh_QB_QT; NgheAn
SENT_4035,SENT,PNT2,replace,6,heo,lợn,1,1,False,none,Predicate vocabulary,,
SENT_4035,SENT,PNT2,replace,7,này,ni,1,1,True,dialect_phrase,Demonstratives/Deixis,này,HaTinh_QB_QT; NgheAn
SENT_4035,SENT,PNT3,replace,0,giờ,chừ,1,1,True,dialect_phrase,Negation/Function words,bây giờ,HaTinh_QB_QT; Hue
SENT_4035,SENT,PNT3,replace,1,chứ,chơ,1,1,True,dialect_phrase,Connectives/Aspect markers,chứ,HaTinh_QB_QT
SENT_4035,SENT,PNT3,replace,2,sao không,răng nỏ,2,2,False,none,Interrogatives,,
SENT_4035,SENT,PNT3,replace,3,gì,chi,1,1,True,dialect_phrase,Interrogatives,gì; sao / thế nào,HaTinh_QB_QT; Hue
SENT_4035,SENT,PNT3,replace,4,sao,răng,1,1,True,dialect_phrase,Interrogatives,sao / thế nào,HaTinh_QB_QT; Hue
SENT_4035,SENT,PNT3,replace,5,này,ni,1,1,True,dialect_phrase,Demonstratives/Deixis,này,HaTinh_QB_QT; Hue
SENT_4035,SENT,PNT4,replace,0,sao,ren,1,1,True,dialect_phrase,Interrogatives,sao / thế nào,QuangNam
SENT_4035,SENT,PNT4,replace,1,gì,chi,1,1,True,dialect_phrase,Interrogatives,gì,QuangNam
SENT_4035,SENT,PNT4,replace,2,sao,ren,1,1,True,dialect_phrase,Interrogatives,sao / thế nào,QuangNam
SENT_4035,SENT,PNT4,replace,3,này,ni,1,1,True,dialect_phrase,Demonstratives/Deixis,này,QuangNam
SENT_4057,SENT,PNN,replace,0,đến,tới,1,1,False,none,Predicate vocabulary,,
SENT_4057,SENT,PNN,replace,1,không,hông,1,1,True,dialect_phrase,Negation/Function words,không,NamBo
SENT_4057,SENT,PNN,replace,2,việc ông ấy,vụ ổng,3,2,False,none,Multi-word idiom,,
SENT_4057,SENT,PNN,replace,3,như thế nào,ra sao,3,2,False,none,Interrogatives,,
SENT_4057,SENT,PNN,replace,4,nhé,nha,1,1,True,standard_word,Discourse particles,nhen,NamBo
SENT_4057,SENT,PNT1,replace,0,mình,tau,1,1,False,none,Pronouns,,
SENT_4057,SENT,PNT1,replace,1,ấy,nứ,1,1,True,dialect_phrase,Demonstratives/Deixis,ấy / đó,ThanhHoa
SENT_4057,SENT,PNT2,replace,0,không,nỏ,1,1,True,dialect_phrase,Negation/Function words,không,HaTinh_QB_QT; NgheAn
SENT_4057,SENT,PNT2,replace,1,gì,chi,1,1,True,dialect_phrase,Interrogatives,gì,HaTinh_QB_QT; NgheAn
SENT_4057,SENT,PNT2,replace,2,ấy,nớ,1,1,True,dialect_phrase,Demonstratives/Deixis,ấy / đó,HaTinh_QB_QT; NgheAn
SENT_4057,SENT,PNT2,replace,3,người như thế nào,ngài a răng,4,3,False,none,Multi-word idiom,,
SENT_4057,SENT,PNT2,replace,4,nhé,nha,1,1,True,standard_word,Discourse particles,nghe,HaTinh_QB_QT
SENT_4057,SENT,PNT3,replace,0,mình,miềng,1,1,False,none,Pronouns,,
SENT_4057,SENT,PNT3,replace,1,chứ không,chơ khung,2,2,False,none,Multi-word idiom,,
SENT_4057,SENT,PNT3,replace,2,gì,chi,1,1,True,dialect_phrase,Interrogatives,gì; sao / thế nào,HaTinh_QB_QT; Hue
SENT_4057,SENT,PNT3,replace,3,ấy,nớ,1,1,True,dialect_phrase,Demonstratives/Deixis,kia; ấy / đó,HaTinh_QB_QT; Hue
SENT_4057,SENT,PNT3,replace,4,thế nào,răng,2,1,True,dialect_phrase,Interrogatives,sao / thế nào,HaTinh_QB_QT; Hue
SENT_4057,SENT,PNT3,replace,5,nhé,nghe,1,1,True,dialect_phrase,Discourse particles,nha; nhé,HaTinh_QB_QT; Hue
SENT_4057,SENT,PNT4,replace,0,đến,tới,1,1,False,none,Predicate vocabulary,,
SENT_4057,SENT,PNT4,replace,1,chứ,chớ,1,1,False,none,Discourse particles,,
SENT_4057,SENT,PNT4,replace,2,gì,chi,1,1,True,dialect_phrase,Interrogatives,gì,QuangNam
SENT_4057,SENT,PNT4,replace,3,ấy,nớ,1,1,True,dialect_phrase,Demonstratives/Deixis,ấy / đó,QuangNam
SENT_4057,SENT,PNT4,replace,4,như thế nào,ra ren,3,2,False,none,Interrogatives,,
SENT_4084,SENT,PNN,replace,0,quá,dữ,1,1,True,dialect_phrase,Predicate vocabulary,rất,NamBo
SENT_4084,SENT,PNT1,replace,0,tao,tau,1,1,True,standard_word,Pronouns,choa,ThanhHoa
SENT_4084,SENT,PNT2,replace,0,này,ni,1,1,True,dialect_phrase,Demonstratives/Deixis,này,HaTinh_QB_QT; NgheAn
SENT_4084,SENT,PNT2,replace,1,tao quá vậy,tau rứa,3,2,False,none,Multi-word idiom,,
SENT_4084,SENT,PNT3,insert,0,,kì,0,1,True,dialect_phrase,Negation/Function words,cái,HaTinh_QB_QT
SENT_4084,SENT,PNT3,replace,1,này sao,ni răng,2,2,False,none,Multi-word idiom,,
SENT_4084,SENT,PNT3,replace,2,tao quá vậy,tau rứa he,3,3,False,none,Multi-word idiom,,
SENT_4084,SENT,PNT4,replace,0,này sao,ni ren,2,2,False,none,Interrogatives,,
SENT_4084,SENT,PNT4,replace,1,quá vậy,ghê rứa,2,2,False,none,Discourse particles,,
SENT_4150,SENT,PNN,replace,0,ném vào,quăng vô,2,2,False,none,Multi-word idiom,,
SENT_4150,SENT,PNT2,replace,0,nó,hấn,1,1,True,standard_word,Pronouns,hắn; nghị,HaTinh_QB_QT
SENT_4150,SENT,PNT2,replace,1,vào,vô,1,1,False,none,Connectives/Aspect markers,,
SENT_4150,SENT,PNT2,replace,2,nó,hấn,1,1,True,standard_word,Pronouns,hắn; nghị,HaTinh_QB_QT
SENT_4150,SENT,PNT2,replace,3,nó,hấn,1,1,True,standard_word,Pronouns,hắn; nghị,HaTinh_QB_QT
SENT_4150,SENT,PNT2,replace,4,chứ nó,chơ hấn,2,2,False,none,Multi-word idiom,,
SENT_4150,SENT,PNT2,replace,5,gì cái,chi cây,2,2,False,none,Multi-word idiom,,
SENT_4150,SENT,PNT2,replace,6,này,ni,1,1,True,dialect_phrase,Demonstratives/Deixis,này,HaTinh_QB_QT; NgheAn
SENT_4150,SENT,PNT3,replace,0,nó,hắn,1,1,True,dialect_phrase,Pronouns,nó,HaTinh_QB_QT; Hue
SENT_4150,SENT,PNT3,replace,1,nó,hắn,1,1,True,dialect_phrase,Pronouns,nó,HaTinh_QB_QT; Hue
SENT_4150,SENT,PNT3,replace,2,nó,hắn,1,1,True,dialect_phrase,Pronouns,nó,HaTinh_QB_QT; Hue
SENT_4150,SENT,PNT3,replace,3,nó,hắn,1,1,True,dialect_phrase,Pronouns,nó,HaTinh_QB_QT; Hue
SENT_4150,SENT,PNT3,replace,4,gì cái,chi cấy,2,2,False,none,Multi-word idiom,,
SENT_4150,SENT,PNT3,replace,5,này,ni,1,1,True,dialect_phrase,Demonstratives/Deixis,này,HaTinh_QB_QT; Hue
SENT_4150,SENT,PNT4,replace,0,giờ,chừ,1,1,True,dialect_phrase,Negation/Function words,bây giờ,QuangNam
SENT_4150,SENT,PNT4,replace,1,vào,vô,1,1,False,none,Connectives/Aspect markers,,
SENT_4150,SENT,PNT4,replace,2,gì,chi,1,1,True,dialect_phrase,Interrogatives,gì,QuangNam
SENT_4150,SENT,PNT4,replace,3,này,ni,1,1,True,dialect_phrase,Demonstratives/Deixis,này,QuangNam
SENT_4155,SENT,PNN,replace,0,một,tới,1,1,False,none,Noise/Non-linguistic,,
SENT_4155,SENT,PNN,replace,1,chúng ta,tụi mình,2,2,False,none,Pronouns,,
SENT_4155,SENT,PNN,replace,2,không,hông,1,1,True,dialect_phrase,Negation/Function words,không,NamBo
SENT_4155,SENT,PNN,replace,3,có lẽ,hông chừng,2,2,False,none,Predicate vocabulary,,
SENT_4155,SENT,PNN,replace,4,thật,thiệt,1,1,True,dialect_phrase,Connectives/Aspect markers,thật,NamBo
SENT_4155,SENT,PNT1,replace,0,nào đó,môđó,2,1,False,none,Interrogatives,,
SENT_4155,SENT,PNT2,replace,0,nào,mô,1,1,True,dialect_phrase,Interrogatives; Negation/Function words,đâu (phủ định); đâu / nào,HaTinh_QB_QT; NgheAn
SENT_4155,SENT,PNT2,replace,1,không,nỏ,1,1,True,dialect_phrase,Negation/Function words,không,HaTinh_QB_QT; NgheAn
SENT_4155,SENT,PNT2,replace,2,đó,nớ,1,1,True,dialect_phrase,Demonstratives/Deixis,ấy / đó,HaTinh_QB_QT; NgheAn
SENT_4155,SENT,PNT3,replace,0,nào,mô,1,1,True,dialect_phrase,Interrogatives; Negation/Function words,đâu (phủ định); đâu / nào,HaTinh_QB_QT; Hue
SENT_4155,SENT,PNT3,replace,1,chúng ta,mình,2,1,False,none,Pronouns,,
SENT_4155,SENT,PNT3,replace,2,đó,nớ,1,1,True,dialect_phrase,Demonstratives/Deixis,kia; ấy / đó,HaTinh_QB_QT; Hue
SENT_4155,SENT,PNT4,replace,0,nào,mô,1,1,True,dialect_phrase,Interrogatives,đâu / nào,QuangNam
SENT_4155,SENT,PNT4,replace,1,đó,nớ,1,1,True,dialect_phrase,Demonstratives/Deixis,ấy / đó,QuangNam
SENT_4155,SENT,PNT4,replace,2,thật,thiệt,1,1,False,none,Predicate vocabulary,,
SENT_4160,SENT,PNB,replace,0,sao,sau,1,1,True,standard_word,Interrogatives,sao; thế nào,BacBo
SENT_4160,SENT,PNN,replace,0,cô,cổ,1,1,True,dialect_phrase,Pronouns,cô ấy,NamBo
SENT_4160,SENT,PNN,replace,1,sinh sao này,trò mai mốt,3,3,False,none,Noise/Non-linguistic,,
SENT_4160,SENT,PNT2,replace,0,vậy,rứa,1,1,True,dialect_phrase,Demonstratives/Deixis,vậy / thế,NgheAn
SENT_4160,SENT,PNT2,replace,1,sao này,sau ni,2,2,False,none,Multi-word idiom,,
SENT_4160,SENT,PNT2,replace,2,cái,cây,1,1,True,standard_word,Negation/Function words,cấy; kì,HaTinh_QB_QT; NgheAn
SENT_4160,SENT,PNT3,replace,0,nhỉ,he,1,1,True,standard_word,Discourse particles,hè; hỉ,HaTinh_QB_QT; Hue
SENT_4160,SENT,PNT3,replace,1,vậy,rứa,1,1,True,standard_word,Demonstratives/Deixis,a rứa; như ri; như rứa; ri,HaTinh_QB_QT; Hue
SENT_4160,SENT,PNT3,replace,2,sao này,mài bựa,2,2,False,none,Idiomatic expressions,,
SENT_4160,SENT,PNT4,replace,0,nhỉ,hỉ,1,1,False,none,Discourse particles,,
SENT_4160,SENT,PNT4,replace,1,vậy,rứa,1,1,True,standard_word,Demonstratives/Deixis,như dậy; như ri; như rứa; như vầy; như vậy,PhuYen; QuangNam; QuangNgai
SENT_4160,SENT,PNT4,replace,2,sao này,sau ni,2,2,False,none,Multi-word idiom,,
SENT_4428,SENT,PNB,replace,0,chiện,chuyện,1,1,False,none,Orthographic variant,,
SENT_4428,SENT,PNN,replace,0,mình,tui,1,1,True,dialect_phrase,Pronouns,tôi,NamBo
SENT_4428,SENT,PNN,replace,1,đến,tới,1,1,False,none,Predicate vocabulary,,
SENT_4428,SENT,PNN,replace,2,bố mình,ba tui,2,2,False,none,Multi-word idiom,,
SENT_4428,SENT,PNN,replace,3,vào,vô,1,1,False,none,Connectives/Aspect markers,,
SENT_4428,SENT,PNN,replace,4,bố mình,ba tui,2,2,False,none,Multi-word idiom,,
SENT_4428,SENT,PNN,replace,5,mình,tui,1,1,True,dialect_phrase,Pronouns,tôi,NamBo
SENT_4428,SENT,PNT2,replace,0,nhất,nhít,1,1,False,none,Orthographic variant,,
SENT_4428,SENT,PNT2,replace,1,cái,cấy,1,1,True,dialect_phrase,Negation/Function words,cái,HaTinh_QB_QT; NgheAn
SENT_4428,SENT,PNT2,replace,2,vào,vô,1,1,False,none,Connectives/Aspect markers,,
SENT_4428,SENT,PNT2,replace,3,vậy,rứa,1,1,True,dialect_phrase,Demonstratives/Deixis,vậy / thế,NgheAn
SENT_4428,SENT,PNT3,replace,0,mình,tau,1,1,True,dialect_phrase,Pronouns,tao; tôi,HaTinh_QB_QT; Hue
SENT_4428,SENT,PNT3,replace,1,bố mình,bọ tau,2,2,False,none,Kinship/Honorific terms,,
SENT_4428,SENT,PNT3,replace,2,cái,kì,1,1,True,dialect_phrase,Negation/Function words,cái,HaTinh_QB_QT
SENT_4428,SENT,PNT3,replace,3,vào,vô,1,1,False,none,Connectives/Aspect markers,,
SENT_4428,SENT,PNT3,replace,4,bố mình,bọ tau,2,2,False,none,Kinship/Honorific terms,,
SENT_4428,SENT,PNT3,replace,5,mình,tau,1,1,True,dialect_phrase,Pronouns,tao; tôi,HaTinh_QB_QT; Hue
SENT_4428,SENT,PNT3,replace,6,vậy nên,rứa bơ,2,2,False,none,Connectives/Aspect markers,,
SENT_4428,SENT,PNT3,replace,7,chiện,chuyện,1,1,False,none,Orthographic variant,,
SENT_4428,SENT,PNT4,replace,0,mình,ta,1,1,True,dialect_phrase,Pronouns,tao; tôi,QuangNam
SENT_4428,SENT,PNT4,replace,1,đến,tới,1,1,False,none,Predicate vocabulary,,
SENT_4428,SENT,PNT4,replace,2,bố,ba,1,1,True,dialect_phrase,Kinship/Honorific terms,bố,QuangNam; QuangNgai
SENT_4428,SENT,PNT4,replace,3,vào,vô,1,1,False,none,Connectives/Aspect markers,,
SENT_4428,SENT,PNT4,replace,4,bố mình,ba ta,2,2,False,none,Kinship/Honorific terms,,
SENT_4428,SENT,PNT4,replace,5,mình,ta,1,1,True,dialect_phrase,Pronouns,tao; tôi,QuangNam
SENT_4428,SENT,PNT4,replace,6,vậy,rứa,1,1,True,standard_word,Demonstratives/Deixis,như dậy; như ri; như rứa; như vầy; như vậy,PhuYen; QuangNam; QuangNgai
SENT_4445,SENT,PNN,replace,0,không,hông,1,1,True,dialect_phrase,Negation/Function words,không,NamBo
SENT_4445,SENT,PNN,replace,1,mắng,la,1,1,False,none,Predicate vocabulary,,
SENT_4445,SENT,PNN,replace,2,kinh,ghê,1,1,False,none,Predicate vocabulary,,
SENT_4445,SENT,PNN,replace,3,tầng,lầu,1,1,False,none,Predicate vocabulary,,
SENT_4445,SENT,PNN,replace,4,tầng,lầu,1,1,False,none,Predicate vocabulary,,
SENT_4445,SENT,PNN,replace,5,tầng,lầu,1,1,False,none,Predicate vocabulary,,
SENT_4445,SENT,PNN,replace,6,không,xó,1,1,True,standard_word,Negation/Function words,hông,NamBo
SENT_4445,SENT,PNN,insert,7,,trơn,0,1,False,none,Unknown,,
SENT_4445,SENT,PNT2,replace,0,không,nỏ,1,1,True,dialect_phrase,Negation/Function words,không,HaTinh_QB_QT; NgheAn
SENT_4445,SENT,PNT2,replace,1,sao,răng,1,1,True,dialect_phrase,Interrogatives,sao / thế nào,HaTinh_QB_QT; NgheAn
SENT_4445,SENT,PNT2,replace,2,người,ngài,1,1,False,none,Orthographic variant,,
SENT_4445,SENT,PNT2,replace,3,làm,mần,1,1,True,dialect_phrase,Predicate vocabulary,làm,HaTinh_QB_QT
SENT_4445,SENT,PNT2,replace,4,nào,mô,1,1,True,dialect_phrase,Interrogatives; Negation/Function words,đâu (phủ định); đâu / nào,HaTinh_QB_QT; NgheAn
SENT_4445,SENT,PNT3,replace,0,không,khung,1,1,True,standard_word,Negation/Function words,nỏ,HaTinh_QB_QT
SENT_4445,SENT,PNT3,insert,1,,chặp,0,1,False,none,Unknown,,
SENT_4445,SENT,PNT3,replace,2,mắng,chưởi,1,1,True,dialect_phrase,Predicate vocabulary,mắng,HaTinh_QB_QT
SENT_4445,SENT,PNT3,replace,3,sao,răng,1,1,True,dialect_phrase,Interrogatives,sao / thế nào,HaTinh_QB_QT; Hue
SENT_4445,SENT,PNT3,replace,4,kinh,ghê,1,1,False,none,Predicate vocabulary,,
SENT_4445,SENT,PNT3,replace,5,trước mẹ,bựa mạ,2,2,False,none,Multi-word idiom,,
SENT_4445,SENT,PNT3,replace,6,làm,mần,1,1,True,dialect_phrase,Predicate vocabulary,làm,HaTinh_QB_QT; Hue
SENT_4445,SENT,PNT3,replace,7,nào cũng,mô cụng,2,2,False,none,Multi-word idiom,,
SENT_4445,SENT,PNT3,insert,8,,a,0,1,False,none,Unknown,,
SENT_4445,SENT,PNT4,replace,0,sao,răng,1,1,True,standard_word,Interrogatives,ren; sao; sô,PhuYen; QuangNam; QuangNgai
SENT_4494,SENT,PNN,replace,0,mồm,miệng,1,1,False,none,Predicate vocabulary,,
SENT_4494,SENT,PNN,replace,1,vào,vô,1,1,False,none,Connectives/Aspect markers,,
SENT_4494,SENT,PNN,replace,2,tôi,tui,1,1,True,dialect_phrase,Pronouns,tôi,NamBo
SENT_4494,SENT,PNN,replace,3,cô ấy tôi,cổ tui,3,2,False,none,Pronouns,,
SENT_4494,SENT,PNN,replace,4,không,hông,1,1,True,dialect_phrase,Negation/Function words,không,NamBo
SENT_4494,SENT,PNT1,replace,0,tát,vả,1,1,False,none,Predicate vocabulary,,
SENT_4494,SENT,PNT2,replace,0,tôi,tau,1,1,True,dialect_phrase,Pronouns,tao,HaTinh_QB_QT
SENT_4494,SENT,PNT2,replace,1,ấy tôi,nớ tau,2,2,False,none,Multi-word idiom,,
SENT_4494,SENT,PNT2,replace,2,nào,mô,1,1,True,dialect_phrase,Interrogatives; Negation/Function words,đâu (phủ định); đâu / nào,HaTinh_QB_QT; NgheAn
SENT_4494,SENT,PNT3,replace,0,cái,kì,1,1,True,dialect_phrase,Negation/Function words,cái,HaTinh_QB_QT
SENT_4494,SENT,PNT3,replace,1,vào,vô,1,1,False,none,Connectives/Aspect markers,,
SENT_4494,SENT,PNT3,replace,2,nếu tôi,tau mà,2,2,False,none,Pronouns,,
SENT_4494,SENT,PNT3,replace,3,cô ấy tôi,ả tau,3,2,False,none,Pronouns,,
SENT_4494,SENT,PNT3,replace,4,không trượt,nỏ lệch,2,2,False,none,Multi-word idiom,,
SENT_4494,SENT,PNT3,replace,5,nào,mô,1,1,True,dialect_phrase,Interrogatives; Negation/Function words,đâu (phủ định); đâu / nào,HaTinh_QB_QT; Hue
SENT_4494,SENT,PNT4,replace,0,mồm,mỏ,1,1,False,none,Predicate vocabulary,,
SENT_4494,SENT,PNT4,replace,1,vào,vô,1,1,False,none,Connectives/Aspect markers,,
SENT_4494,SENT,PNT4,replace,2,cô ấy,cổ,2,1,True,dialect_phrase,Pronouns,cô ấy,PhuYen; QuangNgai
SENT_4494,SENT,PNT4,replace,3,nào,mô,1,1,True,dialect_phrase,Interrogatives,đâu / nào,QuangNam
SENT_4519,SENT,PNN,replace,0,lợn,heo,1,1,False,none,Predicate vocabulary,,
SENT_4519,SENT,PNN,replace,1,vào,vô,1,1,False,none,Connectives/Aspect markers,,
SENT_4519,SENT,PNN,replace,2,đấy,đó,1,1,True,dialect_phrase,Demonstratives/Deixis,kia; ấy / đó,NamBo
SENT_4519,SENT,PNN,replace,3,ông bà đấy thế nào,ổng bả ra sao,5,4,False,none,Kinship/Honorific terms,,
SENT_4519,SENT,PNT1,replace,0,con,cuôn,1,1,False,none,Orthographic variant,,
SENT_4519,SENT,PNT1,replace,1,này,ni,1,1,True,dialect_phrase,Demonstratives/Deixis,này,ThanhHoa
SENT_4519,SENT,PNT1,replace,2,đấy,nứ,1,1,True,dialect_phrase,Demonstratives/Deixis,ấy / đó,ThanhHoa
SENT_4519,SENT,PNT2,replace,0,này vào,ni vô,2,2,False,none,Multi-word idiom,,
SENT_4519,SENT,PNT2,replace,1,đấy,nớ,1,1,True,dialect_phrase,Demonstratives/Deixis,ấy / đó,HaTinh_QB_QT; NgheAn
SENT_4519,SENT,PNT2,replace,2,đấy thế nào,nớ như răng,3,3,False,none,Multi-word idiom,,
SENT_4519,SENT,PNT3,replace,0,này vào đĩa,ni vô dịa,3,3,False,none,Multi-word idiom,,
SENT_4519,SENT,PNT3,replace,1,bà đấy,mệ nớ,2,2,True,dialect_phrase,Pronouns,bà ấy,HaTinh_QB_QT; Hue
SENT_4519,SENT,PNT3,replace,2,xem,coi,1,1,True,dialect_phrase,Predicate vocabulary,xem,HaTinh_QB_QT
SENT_4519,SENT,PNT3,replace,3,bà đấy thế nào,mệ nớ ra răng,4,4,False,none,Kinship/Honorific terms,,
SENT_4519,SENT,PNT4,replace,0,này vào,ni vô,2,2,False,none,Multi-word idiom,,
SENT_4550,SENT,PNN,replace,0,không nhầm hôm,hông lầm bữa,3,3,False,none,Multi-word idiom,,
SENT_4550,SENT,PNN,replace,1,đến,tới,1,1,False,none,Predicate vocabulary,,
SENT_4550,SENT,PNN,replace,2,không,hông,1,1,True,dialect_phrase,Negation/Function words,không,NamBo
SENT_4550,SENT,PNN,replace,3,nhỉ,hen,1,1,True,standard_word,Discourse particles,nhỉ,NamBo
SENT_4550,SENT,PNT1,replace,0,tao,tau,1,1,True,standard_word,Pronouns,choa,ThanhHoa
SENT_4550,SENT,PNT2,replace,0,tao,tau,1,1,True,dialect_phrase,Pronouns,tao,HaTinh_QB_QT
SENT_4550,SENT,PNT2,replace,1,không,nỏ,1,1,True,dialect_phrase,Negation/Function words,không,HaTinh_QB_QT; NgheAn
SENT_4550,SENT,PNT2,replace,2,hôm nay nó,bựa ni hấn,3,3,False,none,Multi-word idiom,,
SENT_4550,SENT,PNT2,replace,3,vậy,rứa,1,1,True,dialect_phrase,Demonstratives/Deixis,vậy / thế,NgheAn
SENT_4550,SENT,PNT2,replace,4,không,nỏ,1,1,True,dialect_phrase,Negation/Function words,không,HaTinh_QB_QT; NgheAn
SENT_4550,SENT,PNT2,replace,5,đâu nhỉ,mô hầy,2,2,False,none,Multi-word idiom,,
SENT_4550,SENT,PNT3,replace,0,tao,tau,1,1,True,dialect_phrase,Pronouns,tao; tôi,HaTinh_QB_QT; Hue
SENT_4550,SENT,PNT3,replace,1,nay nó,ni hắn,2,2,False,none,Multi-word idiom,,
SENT_4550,SENT,PNT3,replace,2,vậy,rứa,1,1,True,standard_word,Demonstratives/Deixis,a rứa; như ri; như rứa; ri,HaTinh_QB_QT; Hue
SENT_4550,SENT,PNT3,delete,3,sẽ,,1,0,False,none,Unknown,,
SENT_4550,SENT,PNT3,replace,4,đâu nhỉ,mô hè,2,2,False,none,Multi-word idiom,,
SENT_4550,SENT,PNT4,replace,0,tao,ta,1,1,True,dialect_phrase,Pronouns,tao; tôi,QuangNam
SENT_4550,SENT,PNT4,replace,1,nhầm hôm nay,lầm bữa ni,3,3,False,none,Demonstratives/Deixis,,
SENT_4550,SENT,PNT4,replace,2,đến,tới,1,1,False,none,Predicate vocabulary,,
SENT_4550,SENT,PNT4,replace,3,vậy,rứa,1,1,True,standard_word,Demonstratives/Deixis,như dậy; như ri; như rứa; như vầy; như vậy,PhuYen; QuangNam; QuangNgai
SENT_4733,SENT,PNB,replace,0,tý vào,tí,2,1,False,none,Predicate vocabulary,,
SENT_4733,SENT,PNB,insert,1,,kêu,0,1,False,none,Unknown,,
SENT_4733,SENT,PNB,insert,2,,thì,0,1,False,none,Unknown,,
SENT_4733,SENT,PNB,insert,3,,cho,0,1,False,none,Unknown,,
SENT_4733,SENT,PNB,replace,4,đó,đấy,1,1,True,standard_word,Demonstratives/Deixis,ấy,BacBo
SENT_4733,SENT,PNN,replace,0,thật,thiệt,1,1,True,dialect_phrase,Connectives/Aspect markers,thật,NamBo
SENT_4733,SENT,PNN,replace,1,vào,vô,1,1,False,none,Connectives/Aspect markers,,
SENT_4733,SENT,PNN,replace,2,sau này,mai mốt,2,2,False,none,Predicate vocabulary,,
SENT_4733,SENT,PNN,replace,3,không,hông,1,1,True,dialect_phrase,Negation/Function words,không,NamBo
SENT_4733,SENT,PNT2,replace,0,chẳng,nỏ,1,1,True,dialect_phrase,Negation/Function words,không,HaTinh_QB_QT; NgheAn
SENT_4733,SENT,PNT2,replace,1,nghĩ gì,nghị chi,2,2,False,none,Multi-word idiom,,
SENT_4733,SENT,PNT2,replace,2,vấn đề,chi là,2,2,False,none,Predicate vocabulary,,
SENT_4733,SENT,PNT2,replace,3,này,ni,1,1,True,dialect_phrase,Demonstratives/Deixis,này,HaTinh_QB_QT; NgheAn
SENT_4733,SENT,PNT2,replace,4,nào,mô,1,1,True,dialect_phrase,Interrogatives; Negation/Function words,đâu (phủ định); đâu / nào,HaTinh_QB_QT; NgheAn
SENT_4733,SENT,PNT3,replace,0,thật chẳng,thiệt nỏ,2,2,False,none,Multi-word idiom,,
SENT_4733,SENT,PNT3,replace,1,bây giờ,bựa ni,2,2,True,standard_word,Negation/Function words,chừ,HaTinh_QB_QT; Hue
SENT_4733,SENT,PNT3,replace,2,gì,chi,1,1,True,dialect_phrase,Interrogatives,gì; sao / thế nào,HaTinh_QB_QT; Hue
SENT_4733,SENT,PNT3,replace,3,tý vào,một tỉ vô,2,3,False,none,Predicate vocabulary,,
SENT_4733,SENT,PNT3,replace,4,này nọ,ni kêu tê,2,3,False,none,Multi-word idiom,,
SENT_4733,SENT,PNT3,replace,5,vấn đề,cấy chi,2,2,False,none,Interrogatives,,
SENT_4733,SENT,PNT3,replace,6,chứ sau này,chơ mài bựa,3,3,False,none,Multi-word idiom,,
SENT_4733,SENT,PNT3,replace,7,nó vả không,hắn bả nỏ,3,3,False,none,Multi-word idiom,,
SENT_4733,SENT,PNT3,replace,8,nào chứ,mô chơ,2,2,False,none,Multi-word idiom,,
SENT_4733,SENT,PNT4,replace,0,thật,thiệt,1,1,False,none,Predicate vocabulary,,
SENT_4733,SENT,PNT4,replace,1,giờ,chừ,1,1,True,dialect_phrase,Negation/Function words,bây giờ,QuangNam
SENT_4733,SENT,PNT4,replace,2,gì,chi,1,1,True,dialect_phrase,Interrogatives,gì,QuangNam
SENT_4733,SENT,PNT4,replace,3,vào,vô,1,1,False,none,Connectives/Aspect markers,,
SENT_4733,SENT,PNT4,replace,4,chứ,chớ,1,1,False,none,Discourse particles,,
SENT_4733,SENT,PNT4,replace,5,này,ni,1,1,True,dialect_phrase,Demonstratives/Deixis,này,QuangNam
SENT_4733,SENT,PNT4,replace,6,nào,nô,1,1,True,standard_word,Interrogatives,mô; đâu,PhuYen; QuangNam; QuangNgai
SENT_4737,SENT,PNT1,replace,0,tao,tau,1,1,True,standard_word,Pronouns,choa,ThanhHoa
SENT_4737,SENT,PNT1,replace,1,mày,mi,1,1,False,none,Pronouns,,
SENT_4737,SENT,PNT2,replace,0,này tao thấy mày,ni tau chộ mi,4,4,False,none,Multi-word idiom,,
SENT_4737,SENT,PNT3,replace,0,này,ni,1,1,True,dialect_phrase,Demonstratives/Deixis,này,HaTinh_QB_QT; Hue
SENT_4737,SENT,PNT3,replace,1,mày,mi,1,1,True,dialect_phrase,Pronouns,mày,HaTinh_QB_QT; Hue
SENT_4737,SENT,PNT4,replace,0,này tao,ni ta,2,2,False,none,Demonstratives/Deixis,,
SENT_4737,SENT,PNT4,replace,1,mày,mi,1,1,True,dialect_phrase,Pronouns,mày,QuangNam
SENT_4745,SENT,PNN,replace,0,trèo,leo,1,1,False,none,Predicate vocabulary,,
SENT_4745,SENT,PNN,replace,1,không,hông,1,1,True,dialect_phrase,Negation/Function words,không,NamBo
SENT_4745,SENT,PNN,replace,2,bọn,tụi,1,1,False,none,Pronouns,,
SENT_4745,SENT,PNN,replace,3,không,hông,1,1,True,dialect_phrase,Negation/Function words,không,NamBo
SENT_4745,SENT,PNT1,replace,0,mình,tau,1,1,False,none,Pronouns,,
SENT_4745,SENT,PNT1,replace,1,bạn nhỉ mình,mi nhở tau,3,3,False,none,Multi-word idiom,,
SENT_4745,SENT,PNT2,replace,0,mình,tau,1,1,True,dialect_phrase,Pronouns,tao,HaTinh_QB_QT
SENT_4745,SENT,PNT2,replace,1,bạn,mày,1,1,False,none,Pronouns,,
SENT_4745,SENT,PNT2,replace,2,không,nỏ,1,1,True,dialect_phrase,Negation/Function words,không,HaTinh_QB_QT; NgheAn
SENT_4745,SENT,PNT2,replace,3,sao,răng,1,1,True,dialect_phrase,Interrogatives,sao / thế nào,HaTinh_QB_QT; NgheAn
SENT_4745,SENT,PNT2,replace,4,nó không,hấn nỏ,2,2,False,none,Multi-word idiom,,
SENT_4745,SENT,PNT3,replace,0,mình,mềng,1,1,False,none,Pronouns,,
SENT_4745,SENT,PNT3,replace,1,trèo,leo,1,1,False,none,Predicate vocabulary,,
SENT_4745,SENT,PNT3,replace,2,bạn nhỉ mình cũng không,mi hè mềng cụng nỏ,5,5,False,none,Multi-word idiom,,
SENT_4745,SENT,PNT3,replace,3,sao,răng,1,1,True,dialect_phrase,Interrogatives,sao / thế nào,HaTinh_QB_QT; Hue
SENT_4745,SENT,PNT3,replace,4,nó không,hắn nỏ,2,2,False,none,Multi-word idiom,,
SENT_4745,SENT,PNT4,replace,0,trèo,leo,1,1,False,none,Predicate vocabulary,,
SENT_4745,SENT,PNT4,replace,1,phóng,chích,1,1,False,none,Predicate vocabulary,,
SENT_4745,SENT,PNT4,replace,2,bạn nhỉ mình,mi hỉ ta,3,3,False,none,Pronouns,,
SENT_4745,SENT,PNT4,replace,3,sao bọn nó,ren tụi hắn,3,3,False,none,Interrogatives,,
SENT_4768,SENT,PNN,replace,0,bọn,tụi,1,1,False,none,Pronouns,,
SENT_4768,SENT,PNN,replace,1,thật,thiệt,1,1,True,dialect_phrase,Connectives/Aspect markers,thật,NamBo
SENT_4768,SENT,PNN,replace,2,với ạ,giùm cái,2,2,False,none,Discourse particles,,
SENT_4768,SENT,PNN,replace,3,bọn,tụi,1,1,False,none,Pronouns,,
SENT_4768,SENT,PNN,replace,4,ấy,á,1,1,True,standard_word,Demonstratives/Deixis,đó,NamBo
SENT_4768,SENT,PNN,replace,5,cha,ba,1,1,False,none,Kinship/Honorific terms,,
SENT_4768,SENT,PNN,replace,6,mẹ,má,1,1,False,none,Kinship/Honorific terms,,
SENT_4768,SENT,PNT1,replace,0,mày,mi,1,1,False,none,Pronouns,,
SENT_4768,SENT,PNT1,replace,1,dơ,bẩn,1,1,False,none,Predicate vocabulary,,
SENT_4768,SENT,PNT2,replace,0,mày,mi,1,1,True,dialect_phrase,Pronouns,mày,HaTinh_QB_QT
SENT_4768,SENT,PNT2,replace,1,nó,nớ,1,1,True,dialect_phrase,Demonstratives/Deixis,ấy / đó,HaTinh_QB_QT; NgheAn
SENT_4768,SENT,PNT3,replace,0,mày,bây,1,1,True,dialect_phrase,Pronouns,chúng mày,HaTinh_QB_QT
SENT_4768,SENT,PNT3,replace,1,thật,thiệt,1,1,True,dialect_phrase,Connectives/Aspect markers,thật,HaTinh_QB_QT
SENT_4768,SENT,PNT3,replace,2,nhưng làm,chơ mần,2,2,False,none,Multi-word idiom,,
SENT_4768,SENT,PNT3,replace,3,ạ,cấy,1,1,True,dialect_phrase,Negation/Function words,cái,HaTinh_QB_QT
SENT_4768,SENT,PNT3,insert,4,,tà la,0,2,False,none,Unknown,,
SENT_4768,SENT,PNT3,replace,5,nó,nớ,1,1,True,dialect_phrase,Demonstratives/Deixis,kia; ấy / đó,HaTinh_QB_QT; Hue
SENT_4768,SENT,PNT3,replace,6,đó,nớ,1,1,True,dialect_phrase,Demonstratives/Deixis,kia; ấy / đó,HaTinh_QB_QT; Hue
SENT_4768,SENT,PNT3,replace,7,ấy,á,1,1,True,standard_word,Demonstratives/Deixis; Discourse particles,nớ; tê; đỏ,HaTinh_QB_QT; Hue
SENT_4768,SENT,PNT3,replace,8,làm cha làm mẹ,mần bọ mần mạ,4,4,False,none,Multi-word idiom,,
SENT_4768,SENT,PNT3,replace,9,z đó,rứa,2,1,False,none,Noise/Non-linguistic,,
SENT_4768,SENT,PNT3,replace,10,dơ,dớp,1,1,False,none,Predicate vocabulary,,
SENT_4768,SENT,PNT4,replace,0,mày,mi,1,1,True,dialect_phrase,Pronouns,mày,QuangNam
SENT_4768,SENT,PNT4,replace,1,thật,thiệt,1,1,False,none,Predicate vocabulary,,
SENT_4768,SENT,PNT4,replace,2,nó,hắn,1,1,True,standard_word,Pronouns,hén; nó,PhuYen; QuangNam; QuangNgai
SENT_4768,SENT,PNT4,replace,3,đó,nớ,1,1,True,dialect_phrase,Demonstratives/Deixis,ấy / đó,QuangNam
SENT_4768,SENT,PNT4,replace,4,ấy,á,1,1,True,standard_word,Demonstratives/Deixis,nớ; đó,PhuYen; QuangNam; QuangNgai
SENT_4768,SENT,PNT4,replace,5,dơ,nhớp,1,1,True,dialect_phrase,Predicate vocabulary,bẩn,QuangNam
SENT_4790,SENT,PNB,delete,0,nè,,1,0,False,none,Unknown,,
SENT_4790,SENT,PNN,replace,0,xem,coi,1,1,False,none,Predicate vocabulary,,
SENT_4790,SENT,PNT1,replace,0,tao,tau,1,1,True,standard_word,Pronouns,choa,ThanhHoa
SENT_4790,SENT,PNT2,replace,0,cái này,cấy ni,2,2,False,none,Demonstratives/Deixis,,
SENT_4790,SENT,PNT2,replace,1,tao,tau,1,1,True,dialect_phrase,Pronouns,tao,HaTinh_QB_QT
SENT_4790,SENT,PNT3,replace,0,xem cái này,ngó cấy ni,3,3,False,none,Multi-word idiom,,
SENT_4790,SENT,PNT3,replace,1,tao,tau,1,1,True,dialect_phrase,Pronouns,tao; tôi,HaTinh_QB_QT; Hue
SENT_4790,SENT,PNT3,replace,2,này,cấy ni,1,2,True,standard_word,Demonstratives/Deixis,ni,HaTinh_QB_QT; Hue
SENT_4790,SENT,PNT3,replace,3,nè,nì,1,1,True,dialect_phrase,Discourse particles,nè,HaTinh_QB_QT; Hue
SENT_4790,SENT,PNT4,replace,0,này,ni,1,1,True,dialect_phrase,Demonstratives/Deixis,này,QuangNam
SENT_4809,SENT,PNT1,replace,0,kkkkk,kkk hhehehehe,1,2,False,none,Noise/Non-linguistic,,
SENT_4809,SENT,PNT2,replace,0,cái,cấy,1,1,True,dialect_phrase,Negation/Function words,cái,HaTinh_QB_QT; NgheAn
SENT_4809,SENT,PNT2,replace,1,làm sao,mần răng,2,2,False,none,Multi-word idiom,,
SENT_4809,SENT,PNT3,replace,0,muốn,ưng,1,1,False,none,Predicate vocabulary,,
SENT_4809,SENT,PNT3,replace,1,làm sao ấy,răng á,3,2,False,none,Multi-word idiom,,
SENT_4809,SENT,PNT4,replace,0,sao ấy,ren á,2,2,False,none,Interrogatives,,
SENT_4861,SENT,PNN,replace,0,bố,ba,1,1,False,none,Kinship/Honorific terms,,
SENT_4861,SENT,PNN,replace,1,em ấy,ẻm,2,1,False,none,Pronouns,,
SENT_4861,SENT,PNN,replace,2,chúng ta,tụi mình,2,2,False,none,Pronouns,,
SENT_4861,SENT,PNN,replace,3,phát ngôn,nói năng,2,2,False,none,Predicate vocabulary,,
SENT_4861,SENT,PNN,replace,4,không,hông,1,1,True,dialect_phrase,Negation/Function words,không,NamBo
SENT_4861,SENT,PNN,replace,5,tỏ,ra,1,1,False,none,Predicate vocabulary,,
SENT_4861,SENT,PNT1,replace,0,mắng,bới,1,1,False,none,Predicate vocabulary,,
SENT_4861,SENT,PNT1,replace,1,ấy,nứ,1,1,True,dialect_phrase,Demonstratives/Deixis,ấy / đó,ThanhHoa
SENT_4861,SENT,PNT1,replace,2,vậy,rứa,1,1,False,none,Demonstratives/Deixis,,
SENT_4861,SENT,PNT2,replace,0,vậy,như rứa,1,2,True,dialect_phrase,Demonstratives/Deixis,như vậy,HaTinh_QB_QT; NgheAn
SENT_4861,SENT,PNT2,replace,1,không,nỏ,1,1,True,dialect_phrase,Negation/Function words,không,HaTinh_QB_QT; NgheAn
SENT_4861,SENT,PNT2,replace,2,được chả,nổi nỏ,2,2,False,none,Multi-word idiom,,
SENT_4861,SENT,PNT2,replace,3,cái,mấy,1,1,True,standard_word,Negation/Function words,cấy; kì,HaTinh_QB_QT; NgheAn
SENT_4861,SENT,PNT3,replace,0,cũng,cụng,1,1,False,none,Orthographic variant,,
SENT_4861,SENT,PNT3,replace,1,bố mẹ chửi mắng,bọ mạ chưởi,4,3,False,none,Kinship/Honorific terms,,
SENT_4861,SENT,PNT3,replace,2,ấy,nớ,1,1,True,dialect_phrase,Demonstratives/Deixis,kia; ấy / đó,HaTinh_QB_QT; Hue
SENT_4861,SENT,PNT3,replace,3,vậy,rứa,1,1,True,standard_word,Demonstratives/Deixis,a rứa; như ri; như rứa; ri,HaTinh_QB_QT; Hue
SENT_4861,SENT,PNT3,replace,4,chúng ta,choa,2,1,True,dialect_phrase,Pronouns,chúng tôi,HaTinh_QB_QT
SENT_4861,SENT,PNT3,replace,5,già,tra,1,1,True,dialect_phrase,Predicate vocabulary,già,HaTinh_QB_QT
SENT_4861,SENT,PNT3,replace,6,không thể,nỏ,2,1,True,dialect_phrase,Negation/Function words,không,HaTinh_QB_QT
SENT_4861,SENT,PNT3,replace,7,chả,nỏ,1,1,True,dialect_phrase,Negation/Function words,không,HaTinh_QB_QT
SENT_4861,SENT,PNT3,replace,8,cái,kì,1,1,True,dialect_phrase,Negation/Function words,cái,HaTinh_QB_QT
SENT_4861,SENT,PNT4,replace,0,bố,ba,1,1,True,dialect_phrase,Kinship/Honorific terms,bố,QuangNam; QuangNgai
SENT_4861,SENT,PNT4,replace,1,ấy,nớ,1,1,True,dialect_phrase,Demonstratives/Deixis,ấy / đó,QuangNam
SENT_4861,SENT,PNT4,replace,2,vậy,rứa,1,1,True,standard_word,Demonstratives/Deixis,như dậy; như ri; như rứa; như vầy; như vậy,PhuYen; QuangNam; QuangNgai
SENT_4861,SENT,PNT4,replace,3,xấc xược,hỗn hào bố,2,3,False,none,Predicate vocabulary,,
SENT_4861,SENT,PNT4,delete,4,toét,,1,0,False,none,Unknown,,
SENT_4861,SENT,PNT4,replace,5,chả,không,1,1,True,dialect_phrase,Negation/Function words,không,QuangNam
SENT_4861,SENT,PNT4,replace,6,tỏ,ra,1,1,False,none,Predicate vocabulary,,
SENT_4885,SENT,PNN,delete,0,rất,,1,0,True,standard_word,Predicate vocabulary,dữ,NamBo
SENT_4885,SENT,PNN,replace,1,và,ghê với,1,2,False,none,Noise/Non-linguistic,,
SENT_4885,SENT,PNN,replace,2,muốn,mắc,1,1,False,none,Predicate vocabulary,,
SENT_4885,SENT,PNN,replace,3,mẹ,má,1,1,False,none,Kinship/Honorific terms,,
SENT_4885,SENT,PNN,replace,4,thế không,dữ hông,2,2,False,none,Multi-word idiom,,
SENT_4885,SENT,PNT1,replace,0,chửi,bới,1,1,False,none,Predicate vocabulary,,
SENT_4885,SENT,PNT2,replace,0,ba,bố,1,1,False,none,Kinship/Honorific terms,,
SENT_4885,SENT,PNT2,replace,1,vậy,ri,1,1,True,dialect_phrase,Demonstratives/Deixis,thế này / vậy,HaTinh_QB_QT; NgheAn
SENT_4885,SENT,PNT2,replace,2,sao,răng,1,1,True,dialect_phrase,Interrogatives,sao / thế nào,HaTinh_QB_QT; NgheAn
SENT_4885,SENT,PNT2,replace,3,thế không,rứa nỏ,2,2,False,none,Multi-word idiom,,
SENT_4885,SENT,PNT3,replace,0,rất,đại,1,1,True,standard_word,Predicate vocabulary,bất; dệ sợ; dữ,HaTinh_QB_QT; Hue
SENT_4885,SENT,PNT3,replace,1,nhìn,ngó,1,1,True,dialect_phrase,Predicate vocabulary,nhìn; xem,HaTinh_QB_QT
SENT_4885,SENT,PNT3,replace,2,muốn,ưng,1,1,False,none,Predicate vocabulary,,
SENT_4885,SENT,PNT3,replace,3,chửi,chưởi,1,1,True,dialect_phrase,Predicate vocabulary,mắng,HaTinh_QB_QT
SENT_4885,SENT,PNT3,replace,4,vậy,rứa,1,1,True,standard_word,Demonstratives/Deixis,a rứa; như ri; như rứa; ri,HaTinh_QB_QT; Hue
SENT_4885,SENT,PNT3,replace,5,sao,răng,1,1,True,dialect_phrase,Interrogatives,sao / thế nào,HaTinh_QB_QT; Hue
SENT_4885,SENT,PNT3,replace,6,thế không,rứa nỏ,2,2,False,none,Multi-word idiom,,
SENT_4885,SENT,PNT4,replace,0,vậy,rứa,1,1,True,standard_word,Demonstratives/Deixis,như dậy; như ri; như rứa; như vầy; như vậy,PhuYen; QuangNam; QuangNgai
SENT_4885,SENT,PNT4,replace,1,sao,ren,1,1,True,dialect_phrase,Interrogatives,sao / thế nào,QuangNam
SENT_4885,SENT,PNT4,replace,2,thế,rứa,1,1,True,standard_word,Demonstratives/Deixis,như dậy; như rứa; như vậy,PhuYen; QuangNam; QuangNgai
SENT_4959,SENT,PNB,replace,0,dữ vậy,kinh thế,2,2,False,none,Idiomatic expressions,,
SENT_4959,SENT,PNB,replace,1,mổ,một,1,1,False,none,Noise/Non-linguistic,,
SENT_4959,SENT,PNB,replace,2,kiếm,tìm,1,1,False,none,Predicate vocabulary,,
SENT_4959,SENT,PNN,replace,0,không,hông,1,1,True,dialect_phrase,Negation/Function words,không,NamBo
SENT_4959,SENT,PNT1,replace,0,mày,mi,1,1,False,none,Pronouns,,
SENT_4959,SENT,PNT1,replace,1,dữ,gớm,1,1,False,none,Predicate vocabulary,,
SENT_4959,SENT,PNT2,replace,0,gì,chi,1,1,True,dialect_phrase,Interrogatives,gì,HaTinh_QB_QT; NgheAn
SENT_4959,SENT,PNT2,replace,1,mổ,mổi,1,1,False,none,Orthographic variant,,
SENT_4959,SENT,PNT2,replace,2,không,nỏ,1,1,True,dialect_phrase,Negation/Function words,không,HaTinh_QB_QT; NgheAn
SENT_4959,SENT,PNT2,replace,3,làm,mần,1,1,True,dialect_phrase,Predicate vocabulary,làm,HaTinh_QB_QT
SENT_4959,SENT,PNT3,replace,0,mày chửi gì,mi chưởi chi,3,3,False,none,Multi-word idiom,,
SENT_4959,SENT,PNT3,replace,1,vậy,rứa,1,1,True,standard_word,Demonstratives/Deixis,a rứa; như ri; như rứa; ri,HaTinh_QB_QT; Hue
SENT_4959,SENT,PNT3,replace,2,mổ,mỗi,1,1,False,none,Orthographic variant,,
SENT_4959,SENT,PNT3,replace,3,không thích,nỏ ưng,2,2,False,none,Multi-word idiom,,
SENT_4959,SENT,PNT3,replace,4,làm,mần,1,1,True,dialect_phrase,Predicate vocabulary,làm,HaTinh_QB_QT; Hue
SENT_4959,SENT,PNT4,replace,0,mày,mi,1,1,True,dialect_phrase,Pronouns,mày,QuangNam
SENT_4959,SENT,PNT4,replace,1,gì dữ vậy,chi kinh rứa,3,3,False,none,Interrogatives,,
SENT_4959,SENT,PNT4,replace,2,việc,chuyện,1,1,False,none,Predicate vocabulary,,
SENT_4959,SENT,PNT4,replace,3,việc,chuyện,1,1,False,none,Predicate vocabulary,,
SENT_4964,SENT,PNB,replace,0,nặn,nạn,1,1,False,none,Orthographic variant,,
SENT_4964,SENT,PNB,replace,1,ra,đi,1,1,False,none,Predicate vocabulary,,
SENT_4964,SENT,PNB,replace,2,1,một,1,1,False,none,Out-of-scope,,
SENT_4964,SENT,PNN,replace,0,vào,vô,1,1,False,none,Connectives/Aspect markers,,
SENT_4964,SENT,PNN,replace,1,trẻ em,con nít,2,2,False,none,Predicate vocabulary,,
SENT_4964,SENT,PNN,replace,2,bọn,tụi,1,1,False,none,Pronouns,,
SENT_4964,SENT,PNN,insert,3,,ác,0,1,False,none,Unknown,,
SENT_4964,SENT,PNN,replace,4,là ác,xá,2,1,False,none,Noise/Non-linguistic,,
SENT_4964,SENT,PNT1,replace,0,nặn,nạn,1,1,False,none,Orthographic variant,,
SENT_4964,SENT,PNT1,replace,1,vào,vô,1,1,False,none,Connectives/Aspect markers,,
SENT_4964,SENT,PNT1,replace,2,cmm,chết cụ,1,2,False,none,Noise/Non-linguistic,,
SENT_4964,SENT,PNT2,replace,0,vào,vô,1,1,False,none,Connectives/Aspect markers,,
SENT_4964,SENT,PNT2,replace,1,này,ni,1,1,True,dialect_phrase,Demonstratives/Deixis,này,HaTinh_QB_QT; NgheAn
SENT_4964,SENT,PNT3,replace,0,cái lũ,cấy bọn,2,2,False,none,Pronouns,,
SENT_4964,SENT,PNT3,replace,1,nặn,nạn,1,1,False,none,Orthographic variant,,
SENT_4964,SENT,PNT3,replace,2,vào,vô,1,1,False,none,Connectives/Aspect markers,,
SENT_4964,SENT,PNT3,replace,3,này,ni,1,1,True,dialect_phrase,Demonstratives/Deixis,này,HaTinh_QB_QT; Hue
SENT_4964,SENT,PNT3,replace,4,nó,hắn,1,1,True,dialect_phrase,Pronouns,nó,HaTinh_QB_QT; Hue
SENT_4964,SENT,PNT4,replace,0,vào,vô,1,1,False,none,Connectives/Aspect markers,,
SENT_4964,SENT,PNT4,replace,1,này,ni,1,1,True,dialect_phrase,Demonstratives/Deixis,này,QuangNam
SENT_4989,SENT,PNN,replace,0,không,hông,1,1,True,dialect_phrase,Negation/Function words,không,NamBo
SENT_4989,SENT,PNN,replace,1,không,hông,1,1,True,dialect_phrase,Negation/Function words,không,NamBo
SENT_4989,SENT,PNN,replace,2,không,hông,1,1,True,dialect_phrase,Negation/Function words,không,NamBo
SENT_4989,SENT,PNN,replace,3,không,hông,1,1,True,dialect_phrase,Negation/Function words,không,NamBo
SENT_4989,SENT,PNT2,replace,0,chứ,chơ,1,1,True,dialect_phrase,Connectives/Aspect markers,chứ,HaTinh_QB_QT
SENT_4989,SENT,PNT2,replace,1,không làm,nỏ mần,2,2,False,none,Multi-word idiom,,
SENT_4989,SENT,PNT2,replace,2,gì,chi,1,1,True,dialect_phrase,Interrogatives,gì,HaTinh_QB_QT; NgheAn
SENT_4989,SENT,PNT2,replace,3,đâu không,mô nỏ,2,2,False,none,Multi-word idiom,,
SENT_4989,SENT,PNT2,replace,4,nó,hấn,1,1,True,standard_word,Pronouns,hắn; nghị,HaTinh_QB_QT
SENT_4989,SENT,PNT2,replace,5,không,nỏ,1,1,True,dialect_phrase,Negation/Function words,không,HaTinh_QB_QT; NgheAn
SENT_4989,SENT,PNT2,replace,6,không,nỏ,1,1,True,dialect_phrase,Negation/Function words,không,HaTinh_QB_QT; NgheAn
SENT_4989,SENT,PNT2,replace,7,sao,răng,1,1,True,dialect_phrase,Interrogatives,sao / thế nào,HaTinh_QB_QT; NgheAn
SENT_4989,SENT,PNT3,replace,0,chứ,chơ,1,1,True,dialect_phrase,Connectives/Aspect markers,chứ,HaTinh_QB_QT
SENT_4989,SENT,PNT3,replace,1,không làm,nỏ mần,2,2,False,none,Multi-word idiom,,
SENT_4989,SENT,PNT3,replace,2,gì,chi,1,1,True,dialect_phrase,Interrogatives,gì; sao / thế nào,HaTinh_QB_QT; Hue
SENT_4989,SENT,PNT3,replace,3,đâu không,mô ra rựa nỏ,2,4,False,none,Multi-word idiom,,
SENT_4989,SENT,PNT3,replace,4,không,khung,1,1,True,standard_word,Negation/Function words,nỏ,HaTinh_QB_QT
SENT_4989,SENT,PNT3,replace,5,không,nỏ,1,1,True,dialect_phrase,Negation/Function words,không,HaTinh_QB_QT
SENT_4989,SENT,PNT3,replace,6,sao,răng,1,1,True,dialect_phrase,Interrogatives,sao / thế nào,HaTinh_QB_QT; Hue
SENT_4989,SENT,PNT4,replace,0,chứ,chớ,1,1,False,none,Discourse particles,,
SENT_4989,SENT,PNT4,replace,1,gì,chi,1,1,True,dialect_phrase,Interrogatives,gì,QuangNam
SENT_4989,SENT,PNT4,replace,2,đâu,mô,1,1,True,dialect_phrase,Interrogatives,đâu / nào,QuangNam
SENT_4989,SENT,PNT4,replace,3,bọn,tụi,1,1,False,none,Pronouns,,
SENT_4989,SENT,PNT4,replace,4,sao,ren,1,1,True,dialect_phrase,Interrogatives,sao / thế nào,QuangNam
SENT_5008,SENT,PNB,replace,0,hả,à,1,1,False,none,Discourse particles,,
SENT_5008,SENT,PNN,replace,0,bọn,tụi,1,1,False,none,Pronouns,,
SENT_5008,SENT,PNT1,replace,0,ngáo,dở,1,1,False,none,Predicate vocabulary,,
SENT_5008,SENT,PNT1,replace,1,người,đứa,1,1,False,none,Predicate vocabulary,,
SENT_5008,SENT,PNT2,replace,0,này,ni,1,1,True,dialect_phrase,Demonstratives/Deixis,này,HaTinh_QB_QT; NgheAn
SENT_5008,SENT,PNT2,replace,1,nó,hấn,1,1,True,standard_word,Pronouns,hắn; nghị,HaTinh_QB_QT
SENT_5008,SENT,PNT3,replace,0,này,ni,1,1,True,dialect_phrase,Demonstratives/Deixis,này,HaTinh_QB_QT; Hue
SENT_5008,SENT,PNT3,replace,1,nó,hắn,1,1,True,dialect_phrase,Pronouns,nó,HaTinh_QB_QT; Hue
SENT_5008,SENT,PNT3,replace,2,hả,à,1,1,False,none,Discourse particles,,
SENT_5008,SENT,PNT4,replace,0,bọn,tụi,1,1,False,none,Pronouns,,
SENT_5008,SENT,PNT4,replace,1,này,ni,1,1,True,dialect_phrase,Demonstratives/Deixis,này,QuangNam
SENT_5008,SENT,PNT4,replace,2,người,thằng,1,1,False,none,Predicate vocabulary,,
SENT_5008,SENT,PNT4,replace,3,nó,hắn,1,1,True,standard_word,Pronouns,hén; nó,PhuYen; QuangNam; QuangNgai
SENT_5017,SENT,PNN,replace,0,bố mẹ,ba má,2,2,False,none,Kinship/Honorific terms,,
SENT_5017,SENT,PNN,replace,1,như thế nào,ra sao,3,2,False,none,Interrogatives,,
SENT_5017,SENT,PNN,replace,2,chúng,tụi,1,1,False,none,Pronouns,,
SENT_5017,SENT,PNN,replace,3,không,hông,1,1,True,dialect_phrase,Negation/Function words,không,NamBo
SENT_5017,SENT,PNT1,replace,0,mày,mi,1,1,False,none,Pronouns,,
SENT_5017,SENT,PNT1,replace,1,mày,mi,1,1,False,none,Pronouns,,
SENT_5017,SENT,PNT2,replace,0,thế nào,răng,2,1,True,dialect_phrase,Interrogatives,sao / thế nào,HaTinh_QB_QT; NgheAn
SENT_5017,SENT,PNT2,replace,1,gì,chi,1,1,True,dialect_phrase,Interrogatives,gì,HaTinh_QB_QT; NgheAn
SENT_5017,SENT,PNT3,replace,0,ngu,đần,1,1,False,none,Predicate vocabulary,,
SENT_5017,SENT,PNT3,replace,1,bố mẹ,bọ mạ,2,2,False,none,Kinship/Honorific terms,,
SENT_5017,SENT,PNT3,replace,2,như thế nào,in răng,3,2,False,none,Interrogatives,,
SENT_5017,SENT,PNT3,replace,3,chăng nữa,nựa,2,1,False,none,Connectives/Aspect markers,,
SENT_5017,SENT,PNT3,replace,4,mày,mi,1,1,True,dialect_phrase,Pronouns,mày,HaTinh_QB_QT; Hue
SENT_5017,SENT,PNT3,replace,5,chúng mày lớn khôn lớn,bây nậy nậy,5,3,False,none,Multi-word idiom,,
SENT_5017,SENT,PNT3,replace,6,không,nỏ,1,1,True,dialect_phrase,Negation/Function words,không,HaTinh_QB_QT
SENT_5017,SENT,PNT3,replace,7,gì,cấy chi,1,2,True,standard_word,Interrogatives,chi,HaTinh_QB_QT; Hue
SENT_5017,SENT,PNT4,replace,0,bố,ba,1,1,True,dialect_phrase,Kinship/Honorific terms,bố,QuangNam; QuangNgai
SENT_5017,SENT,PNT4,replace,1,như thế nào,ra ren,3,2,False,none,Interrogatives,,
SENT_5017,SENT,PNT4,replace,2,mày,mi,1,1,True,dialect_phrase,Pronouns,mày,QuangNam
SENT_5017,SENT,PNT4,replace,3,chúng mày,tụi bây,2,2,True,standard_word,Pronouns,tụi mi; tụi mày,PhuYen; QuangNam; QuangNgai
SENT_5017,SENT,PNT4,replace,4,gì,chi,1,1,True,dialect_phrase,Interrogatives,gì,QuangNam
SENT_5154,SENT,PNN,replace,0,đấy,đó,1,1,True,dialect_phrase,Demonstratives/Deixis,kia; ấy / đó,NamBo
SENT_5154,SENT,PNN,replace,1,không,hông,1,1,True,dialect_phrase,Negation/Function words,không,NamBo
SENT_5154,SENT,PNN,replace,2,thế,vậy,1,1,True,dialect_phrase,Demonstratives/Deixis,thế này / vậy; vậy / thế,NamBo
SENT_5154,SENT,PNT1,replace,0,thế,di,1,1,False,none,Demonstratives/Deixis,,
SENT_5154,SENT,PNT2,replace,0,sao,răng,1,1,True,dialect_phrase,Interrogatives,sao / thế nào,HaTinh_QB_QT; NgheAn
SENT_5154,SENT,PNT2,replace,1,làm thế,mần rứa,2,2,False,none,Multi-word idiom,,
SENT_5154,SENT,PNT3,replace,0,đấy,đó,1,1,True,standard_word,Discourse particles,đỏ,HaTinh_QB_QT
SENT_5154,SENT,PNT3,replace,1,không nhỉ,khung hè,2,2,False,none,Multi-word idiom,,
SENT_5154,SENT,PNT3,replace,2,sao,răng,1,1,True,dialect_phrase,Interrogatives,sao / thế nào,HaTinh_QB_QT; Hue
SENT_5154,SENT,PNT3,replace,3,làm thế,mần rứa,2,2,False,none,Multi-word idiom,,
SENT_5154,SENT,PNT4,replace,0,đấy,nớ,1,1,True,dialect_phrase,Demonstratives/Deixis,ấy / đó,QuangNam
SENT_5154,SENT,PNT4,replace,1,sao,răng,1,1,True,standard_word,Interrogatives,ren; sao; sô,PhuYen; QuangNam; QuangNgai
SENT_5251,SENT,PNB,replace,0,ly,cốc,1,1,False,none,Predicate vocabulary,,
SENT_5251,SENT,PNB,replace,1,phì,béo,1,1,False,none,Predicate vocabulary,,
SENT_5251,SENT,PNN,replace,0,không khiến,hông làm,2,2,False,none,Multi-word idiom,,
SENT_5251,SENT,PNN,replace,1,phì,mập,1,1,False,none,Predicate vocabulary,,
SENT_5251,SENT,PNT1,replace,0,mày phì đâu,mi béo mô,3,3,False,none,Multi-word idiom,,
SENT_5251,SENT,PNT2,replace,0,không,nỏ,1,1,True,dialect_phrase,Negation/Function words,không,HaTinh_QB_QT; NgheAn
SENT_5251,SENT,PNT2,replace,1,đâu,mô,1,1,True,dialect_phrase,Interrogatives; Negation/Function words,đâu (phủ định); đâu / nào,HaTinh_QB_QT; NgheAn
SENT_5251,SENT,PNT3,replace,0,chứ,chơ,1,1,True,dialect_phrase,Connectives/Aspect markers,chứ,HaTinh_QB_QT
SENT_5251,SENT,PNT3,replace,1,bữa,bựa,1,1,False,none,Orthographic variant,,
SENT_5251,SENT,PNT3,replace,2,không,nỏ,1,1,True,dialect_phrase,Negation/Function words,không,HaTinh_QB_QT
SENT_5251,SENT,PNT3,replace,3,mày,mi,1,1,True,dialect_phrase,Pronouns,mày,HaTinh_QB_QT; Hue
SENT_5251,SENT,PNT3,replace,4,đâu,mô,1,1,True,dialect_phrase,Interrogatives; Negation/Function words,đâu (phủ định); đâu / nào,HaTinh_QB_QT; Hue
SENT_5251,SENT,PNT4,replace,0,khiến,làm,1,1,True,dialect_phrase,Predicate vocabulary,làm,PhuYen; QuangNam; QuangNgai
SENT_5315,SENT,PNB,replace,0,mẹ,mụ,1,1,True,standard_word,Kinship/Honorific terms,mẹ,BacBo
SENT_5315,SENT,PNB,replace,1,ỉ,ỷ,1,1,False,none,Orthographic variant,,
SENT_5315,SENT,PNB,replace,2,khoá,khóa,1,1,False,none,Orthographic variant,,
SENT_5315,SENT,PNB,replace,3,đó,đấy,1,1,True,standard_word,Demonstratives/Deixis,ấy,BacBo
SENT_5315,SENT,PNB,replace,4,bả,bà,1,1,True,dialect_phrase,Kinship/Honorific terms,bà,BacBo
SENT_5315,SENT,PNB,replace,5,con mẹ,mụ,2,1,False,none,Kinship/Honorific terms,,
SENT_5315,SENT,PNB,replace,6,chớ,chứ,1,1,False,none,Discourse particles,,
SENT_5315,SENT,PNN,replace,0,mẹ,má,1,1,False,none,Kinship/Honorific terms,,
SENT_5315,SENT,PNN,replace,1,ném,quăng,1,1,False,none,Predicate vocabulary,,
SENT_5315,SENT,PNN,replace,2,thật,thiệt,1,1,True,dialect_phrase,Connectives/Aspect markers,thật,NamBo
SENT_5315,SENT,PNN,replace,3,nhặt xem,lượm coi,2,2,False,none,Predicate vocabulary,,
SENT_5315,SENT,PNN,replace,4,gọi,kêu,1,1,True,dialect_phrase,Predicate vocabulary,gọi,NamBo
SENT_5315,SENT,PNN,replace,5,không,hông,1,1,True,dialect_phrase,Negation/Function words,không,NamBo
SENT_5315,SENT,PNN,replace,6,mẹ,má,1,1,False,none,Kinship/Honorific terms,,
SENT_5315,SENT,PNN,replace,7,thật,thiệt,1,1,True,dialect_phrase,Connectives/Aspect markers,thật,NamBo
SENT_5315,SENT,PNT1,replace,0,tao,tau,1,1,True,standard_word,Pronouns,choa,ThanhHoa
SENT_5315,SENT,PNT1,replace,1,tao tao,tau tau,2,2,False,none,Pronouns,,
SENT_5315,SENT,PNT1,replace,2,moá,mẹ,1,1,False,none,Kinship/Honorific terms,,
SENT_5315,SENT,PNT2,replace,0,tao,tau,1,1,True,dialect_phrase,Pronouns,tao,HaTinh_QB_QT
SENT_5315,SENT,PNT2,replace,1,tao tao,tau tau,2,2,False,none,Pronouns,,
SENT_5315,SENT,PNT2,replace,2,này,ni,1,1,True,dialect_phrase,Demonstratives/Deixis,này,HaTinh_QB_QT; NgheAn
SENT_5315,SENT,PNT3,replace,0,tao ghét,tau két,2,2,False,none,Multi-word idiom,,
SENT_5315,SENT,PNT3,replace,1,mẹ,mạ,1,1,True,dialect_phrase,Kinship/Honorific terms,mẹ,HaTinh_QB_QT
SENT_5315,SENT,PNT3,replace,2,mình,mềng,1,1,False,none,Pronouns,,
SENT_5315,SENT,PNT3,replace,3,thật,đại,1,1,True,standard_word,Connectives/Aspect markers,thiệt,HaTinh_QB_QT
SENT_5315,SENT,PNT3,replace,4,xem,coi,1,1,True,dialect_phrase,Predicate vocabulary,xem,HaTinh_QB_QT
SENT_5315,SENT,PNT3,replace,5,đó gọi,nớ kêu,2,2,False,none,Multi-word idiom,,
SENT_5315,SENT,PNT3,replace,6,bả,mệ,1,1,True,dialect_phrase,Kinship/Honorific terms,bà,HaTinh_QB_QT; Hue
SENT_5315,SENT,PNT3,replace,7,moá,mạ,1,1,True,dialect_phrase,Kinship/Honorific terms,mẹ,HaTinh_QB_QT
SENT_5315,SENT,PNT3,replace,8,không muốn,nỏ ưng,2,2,False,none,Multi-word idiom,,
SENT_5315,SENT,PNT3,replace,9,mẹ già,mạ tra,2,2,False,none,Kinship/Honorific terms,,
SENT_5315,SENT,PNT3,replace,10,này,ni,1,1,True,dialect_phrase,Demonstratives/Deixis,này,HaTinh_QB_QT; Hue
SENT_5315,SENT,PNT3,replace,11,thật chớ,thiệt chơ,2,2,False,none,Multi-word idiom,,
SENT_5315,SENT,PNT4,replace,0,tao,ta,1,1,True,dialect_phrase,Pronouns,tao; tôi,QuangNam
SENT_5315,SENT,PNT4,replace,1,toét,lếu,1,1,False,none,Predicate vocabulary,,
SENT_5315,SENT,PNT4,replace,2,tao tao,ta ta,2,2,False,none,Pronouns,,
SENT_5315,SENT,PNT4,replace,3,ném,quăng,1,1,False,none,Predicate vocabulary,,
SENT_5315,SENT,PNT4,replace,4,thật,thiệt,1,1,False,none,Predicate vocabulary,,
SENT_5315,SENT,PNT4,replace,5,nhặt xem,lượm coi,2,2,False,none,Predicate vocabulary,,
SENT_5315,SENT,PNT4,replace,6,gì,chi,1,1,True,dialect_phrase,Interrogatives,gì,QuangNam
SENT_5315,SENT,PNT4,replace,7,này,ni,1,1,True,dialect_phrase,Demonstratives/Deixis,này,QuangNam
SENT_5315,SENT,PNT4,replace,8,thật,thiệt,1,1,False,none,Predicate vocabulary,,
SENT_5360,SENT,PNB,replace,0,nhỏ,bé,1,1,True,standard_word,Predicate vocabulary,nhỏ,BacBo
SENT_5360,SENT,PNN,replace,0,không,hông,1,1,True,dialect_phrase,Negation/Function words,không,NamBo
SENT_5360,SENT,PNN,replace,1,lúc,hồi,1,1,False,none,Connectives/Aspect markers,,
SENT_5360,SENT,PNN,replace,2,được,đặng,1,1,False,none,Connectives/Aspect markers,,
SENT_5360,SENT,PNN,replace,3,bố mẹ,ba má,2,2,False,none,Kinship/Honorific terms,,
SENT_5360,SENT,PNN,replace,4,vào,vô,1,1,False,none,Connectives/Aspect markers,,
SENT_5360,SENT,PNT2,replace,0,không,nỏ,1,1,True,dialect_phrase,Negation/Function words,không,HaTinh_QB_QT; NgheAn
SENT_5360,SENT,PNT2,replace,1,cái,cấy,1,1,True,dialect_phrase,Negation/Function words,cái,HaTinh_QB_QT; NgheAn
SENT_5360,SENT,PNT2,replace,2,gì,chi,1,1,True,dialect_phrase,Interrogatives,gì,HaTinh_QB_QT; NgheAn
SENT_5360,SENT,PNT2,replace,3,gì,chi,1,1,True,dialect_phrase,Interrogatives,gì,HaTinh_QB_QT; NgheAn
SENT_5360,SENT,PNT2,replace,4,giờ nó,dừ hấn,2,2,False,none,Multi-word idiom,,
SENT_5360,SENT,PNT2,replace,5,nó,hấn,1,1,True,standard_word,Pronouns,hắn; nghị,HaTinh_QB_QT
SENT_5360,SENT,PNT2,replace,6,mẹ,mệ,1,1,True,dialect_phrase,Kinship/Honorific terms,bà,HaTinh_QB_QT; NgheAn
SENT_5360,SENT,PNT2,replace,7,nó vào,hấn vô,2,2,False,none,Multi-word idiom,,
SENT_5360,SENT,PNT3,replace,0,không,khung,1,1,True,standard_word,Negation/Function words,nỏ,HaTinh_QB_QT
SENT_5360,SENT,PNT3,replace,1,cái,kì,1,1,True,dialect_phrase,Negation/Function words,cái,HaTinh_QB_QT
SENT_5360,SENT,PNT3,replace,2,gì,chi,1,1,True,dialect_phrase,Interrogatives,gì; sao / thế nào,HaTinh_QB_QT; Hue
SENT_5360,SENT,PNT3,replace,3,gì,chi,1,1,True,dialect_phrase,Interrogatives,gì; sao / thế nào,HaTinh_QB_QT; Hue
SENT_5360,SENT,PNT3,replace,4,bây giờ nó,bựa chừ hắn,3,3,False,none,Multi-word idiom,,
SENT_5360,SENT,PNT3,replace,5,nó,hắn,1,1,True,dialect_phrase,Pronouns,nó,HaTinh_QB_QT; Hue
SENT_5360,SENT,PNT3,replace,6,đợi lớn,chơ mài bựa nậy,2,4,False,none,Multi-word idiom,,
SENT_5360,SENT,PNT3,replace,7,bố mẹ,bọ mạ,2,2,False,none,Kinship/Honorific terms,,
SENT_5360,SENT,PNT3,replace,8,nhìn nó vào,ngó hắn vô,3,3,False,none,Multi-word idiom,,
SENT_5360,SENT,PNT4,replace,0,gì,chi,1,1,True,dialect_phrase,Interrogatives,gì,QuangNam
SENT_5360,SENT,PNT4,replace,1,gì,chi,1,1,True,dialect_phrase,Interrogatives,gì,QuangNam
SENT_5360,SENT,PNT4,replace,2,giờ,chừ,1,1,True,dialect_phrase,Negation/Function words,bây giờ,QuangNam
SENT_5360,SENT,PNT4,replace,3,lúc,hồi,1,1,False,none,Connectives/Aspect markers,,
SENT_5360,SENT,PNT4,replace,4,vào,vô,1,1,False,none,Connectives/Aspect markers,,
SENT_5407,SENT,PNB,replace,0,dí,đuổi,1,1,False,none,Predicate vocabulary,,
SENT_5407,SENT,PNB,replace,1,dí,đuổi,1,1,False,none,Predicate vocabulary,,
SENT_5407,SENT,PNN,replace,0,mẹ,má,1,1,False,none,Kinship/Honorific terms,,
SENT_5407,SENT,PNN,replace,1,vào,vô,1,1,False,none,Connectives/Aspect markers,,
SENT_5407,SENT,PNN,replace,2,cả,nguyên,1,1,False,none,Negation/Function words,,
SENT_5407,SENT,PNN,replace,3,lao,nhào,1,1,False,none,Predicate vocabulary,,
SENT_5407,SENT,PNN,replace,4,khi,lúc,1,1,False,none,Connectives/Aspect markers,,
SENT_5407,SENT,PNN,replace,5,không,hông,1,1,True,dialect_phrase,Negation/Function words,không,NamBo
SENT_5407,SENT,PNN,replace,6,dí,rượt,1,1,False,none,Predicate vocabulary,,
SENT_5407,SENT,PNN,replace,7,dí,rượt,1,1,False,none,Predicate vocabulary,,
SENT_5407,SENT,PNN,replace,8,dí,rượt,1,1,False,none,Predicate vocabulary,,
SENT_5407,SENT,PNT1,replace,0,chó,chóa,1,1,False,none,Orthographic variant,,
SENT_5407,SENT,PNT1,replace,1,nó,nóa,1,1,False,none,Orthographic variant,,
SENT_5407,SENT,PNT2,replace,0,mẹ,mệ,1,1,True,dialect_phrase,Kinship/Honorific terms,bà,HaTinh_QB_QT; NgheAn
SENT_5407,SENT,PNT2,replace,1,vào,vô,1,1,False,none,Connectives/Aspect markers,,
SENT_5407,SENT,PNT2,replace,2,nó,hấn,1,1,True,standard_word,Pronouns,hắn; nghị,HaTinh_QB_QT
SENT_5407,SENT,PNT2,replace,3,nó,hấn,1,1,True,standard_word,Pronouns,hắn; nghị,HaTinh_QB_QT
SENT_5407,SENT,PNT3,replace,0,vào,vô,1,1,False,none,Connectives/Aspect markers,,
SENT_5407,SENT,PNT3,replace,1,nó,hắn,1,1,True,dialect_phrase,Pronouns,nó,HaTinh_QB_QT; Hue
SENT_5407,SENT,PNT3,replace,2,nó,hắn,1,1,True,dialect_phrase,Pronouns,nó,HaTinh_QB_QT; Hue
SENT_5407,SENT,PNT3,replace,3,má mấy mẻ,mà bọn hắn,3,3,False,none,Multi-word idiom,,
SENT_5407,SENT,PNT3,replace,4,không,chả,1,1,True,standard_word,Negation/Function words,nỏ,HaTinh_QB_QT
SENT_5407,SENT,PNT4,replace,0,vào,vô,1,1,False,none,Connectives/Aspect markers,,
SENT_5421,SENT,PNN,replace,0,bố mẹ,ba má,2,2,False,none,Kinship/Honorific terms,,
SENT_5421,SENT,PNN,replace,1,xem,coi,1,1,False,none,Predicate vocabulary,,
SENT_5421,SENT,PNN,replace,2,không,hông,1,1,True,dialect_phrase,Negation/Function words,không,NamBo
SENT_5421,SENT,PNT1,replace,0,tao,tau,1,1,True,standard_word,Pronouns,choa,ThanhHoa
SENT_5421,SENT,PNT1,replace,1,này,ni,1,1,True,dialect_phrase,Demonstratives/Deixis,này,ThanhHoa
SENT_5421,SENT,PNT1,replace,2,tao,tau,1,1,True,standard_word,Pronouns,choa,ThanhHoa
SENT_5421,SENT,PNT2,replace,0,này +,ni với,2,2,False,none,Multi-word idiom,,
SENT_5421,SENT,PNT2,replace,1,nay,ni,1,1,True,dialect_phrase,Demonstratives/Deixis,này,HaTinh_QB_QT; NgheAn
SENT_5421,SENT,PNT2,replace,2,không,nỏ,1,1,True,dialect_phrase,Negation/Function words,không,HaTinh_QB_QT; NgheAn
SENT_5421,SENT,PNT3,replace,0,tao,tau,1,1,True,dialect_phrase,Pronouns,tao; tôi,HaTinh_QB_QT; Hue
SENT_5421,SENT,PNT3,replace,1,này,ni,1,1,True,dialect_phrase,Demonstratives/Deixis,này,HaTinh_QB_QT; Hue
SENT_5421,SENT,PNT3,replace,2,nay tao,ni tau,2,2,False,none,Multi-word idiom,,
SENT_5421,SENT,PNT3,replace,3,mất,luôn,1,1,False,none,Predicate vocabulary,,
SENT_5421,SENT,PNT4,replace,0,bố,ba,1,1,True,dialect_phrase,Kinship/Honorific terms,bố,QuangNam; QuangNgai
SENT_5421,SENT,PNT4,replace,1,tao,ta,1,1,True,dialect_phrase,Pronouns,tao; tôi,QuangNam
SENT_5421,SENT,PNT4,replace,2,này,ni,1,1,True,dialect_phrase,Demonstratives/Deixis,này,QuangNam
SENT_5421,SENT,PNT4,replace,3,nay tao,ni ta,2,2,False,none,Demonstratives/Deixis,,
SENT_5421,SENT,PNT4,replace,4,mất,quá,1,1,False,none,Discourse particles,,
SENT_5441,SENT,PNN,replace,0,mình,tui,1,1,True,dialect_phrase,Pronouns,tôi,NamBo
SENT_5441,SENT,PNN,replace,1,vì đến,tại tới,2,2,False,none,Multi-word idiom,,
SENT_5441,SENT,PNN,replace,2,không,hông,1,1,True,dialect_phrase,Negation/Function words,không,NamBo
SENT_5441,SENT,PNN,replace,3,bố,ba,1,1,False,none,Kinship/Honorific terms,,
SENT_5441,SENT,PNN,replace,4,thế,vậy,1,1,True,dialect_phrase,Demonstratives/Deixis,thế này / vậy; vậy / thế,NamBo
SENT_5441,SENT,PNN,replace,5,mắng,la,1,1,False,none,Predicate vocabulary,,
SENT_5441,SENT,PNT2,replace,0,gái,gấy,1,1,False,none,Orthographic variant,,
SENT_5441,SENT,PNT2,replace,1,không,nỏ,1,1,True,dialect_phrase,Negation/Function words,không,HaTinh_QB_QT; NgheAn
SENT_5441,SENT,PNT2,replace,2,quát,nạt,1,1,False,none,Predicate vocabulary,,
SENT_5441,SENT,PNT2,replace,3,thế,rứa,1,1,True,dialect_phrase,Demonstratives/Deixis,vậy / thế,NgheAn
SENT_5441,SENT,PNT2,replace,4,nó,hấn,1,1,True,standard_word,Pronouns,hắn; nghị,HaTinh_QB_QT
SENT_5441,SENT,PNT3,replace,0,gái mình,cấy mềng,2,2,False,none,Multi-word idiom,,
SENT_5441,SENT,PNT3,replace,1,bữa không,bựa nỏ,2,2,False,none,Multi-word idiom,,
SENT_5441,SENT,PNT3,replace,2,du,ru,1,1,False,none,Orthographic variant,,
SENT_5441,SENT,PNT3,replace,3,bố quát,bọ nạt,2,2,False,none,Kinship/Honorific terms,,
SENT_5441,SENT,PNT3,replace,4,thế,rứa,1,1,True,standard_word,Demonstratives/Deixis,a rứa; như rứa,HaTinh_QB_QT; Hue
SENT_5441,SENT,PNT3,replace,5,nó,hắn,1,1,True,dialect_phrase,Pronouns,nó,HaTinh_QB_QT; Hue
SENT_5441,SENT,PNT3,replace,6,mắng,chưởi,1,1,True,dialect_phrase,Predicate vocabulary,mắng,HaTinh_QB_QT
SENT_5441,SENT,PNT3,replace,7,đấy,đỏ,1,1,True,dialect_phrase,Discourse particles,ấy / đấy,HaTinh_QB_QT
SENT_5441,SENT,PNT4,replace,0,mình,ta,1,1,True,dialect_phrase,Pronouns,tao; tôi,QuangNam
SENT_5441,SENT,PNT4,replace,1,du,ru,1,1,False,none,Orthographic variant,,
SENT_5441,SENT,PNT4,replace,2,phòng,buồng,1,1,False,none,Predicate vocabulary,,
SENT_5441,SENT,PNT4,replace,3,bố quát,ba nộ,2,2,False,none,Kinship/Honorific terms,,
SENT_5441,SENT,PNT4,replace,4,thế,rứa,1,1,True,standard_word,Demonstratives/Deixis,như dậy; như rứa; như vậy,PhuYen; QuangNam; QuangNgai
SENT_5441,SENT,PNT4,replace,5,nó,hắn,1,1,True,standard_word,Pronouns,hén; nó,PhuYen; QuangNam; QuangNgai
SENT_5441,SENT,PNT4,replace,6,lầm lì,hầm hầm,2,2,False,none,Predicate vocabulary,,
SENT_5441,SENT,PNT4,replace,7,mắng,la,1,1,True,standard_word,Predicate vocabulary,chử; chửi,QuangNam; QuangNgai
SENT_5441,SENT,PNT4,replace,8,đấy,đó,1,1,True,dialect_phrase,Demonstratives/Deixis,ấy / đó,PhuYen; QuangNgai
SENT_5456,SENT,PNB,replace,0,chạy,phóng,1,1,False,none,Predicate vocabulary,,
SENT_5456,SENT,PNB,insert,1,,khúc,0,1,False,none,Unknown,,
SENT_5456,SENT,PNB,replace,2,cảnh sát,công an,2,2,False,none,Predicate vocabulary,,
SENT_5456,SENT,PNB,replace,3,chetme,chết khiếp,1,2,False,none,Noise/Non-linguistic,,
SENT_5456,SENT,PNB,replace,4,không,chả,1,1,True,standard_word,Negation/Function words,không,BacBo
SENT_5456,SENT,PNN,replace,0,trước,bữa,1,1,False,none,Predicate vocabulary,,
SENT_5456,SENT,PNN,replace,1,nhanh,lẹ,1,1,True,dialect_phrase,Predicate vocabulary,nhanh,NamBo
SENT_5456,SENT,PNN,replace,2,chạy,nhào,1,1,False,none,Predicate vocabulary,,
SENT_5456,SENT,PNN,replace,3,vì,tại,1,1,False,none,Connectives/Aspect markers,,
SENT_5456,SENT,PNN,replace,4,không,hông,1,1,True,dialect_phrase,Negation/Function words,không,NamBo
SENT_5456,SENT,PNT1,replace,0,tao,tau,1,1,True,standard_word,Pronouns,choa,ThanhHoa
SENT_5456,SENT,PNT1,replace,1,tao,tau,1,1,True,standard_word,Pronouns,choa,ThanhHoa
SENT_5456,SENT,PNT1,replace,2,chetme,bome,1,1,False,none,Noise/Non-linguistic,,
SENT_5456,SENT,PNT2,replace,0,không,nỏ,1,1,True,dialect_phrase,Negation/Function words,không,HaTinh_QB_QT; NgheAn
SENT_5456,SENT,PNT3,replace,0,trước tao,bựa tau,2,2,False,none,Multi-word idiom,,
SENT_5456,SENT,PNT3,replace,1,chơi,rượng,1,1,False,none,Predicate vocabulary,,
SENT_5456,SENT,PNT3,replace,2,đường,đàng,1,1,False,none,Orthographic variant,,
SENT_5456,SENT,PNT3,replace,3,nhanh vừa,mau bựa,2,2,False,none,Predicate vocabulary,,
SENT_5456,SENT,PNT3,replace,4,anh,eng,1,1,True,dialect_phrase,Kinship/Honorific terms,anh,HaTinh_QB_QT; Hue
SENT_5456,SENT,PNT3,replace,5,làm tao sợ chetme,mần tau hại chetma,4,4,False,none,Multi-word idiom,,
SENT_5456,SENT,PNT3,replace,6,không,khung,1,1,True,standard_word,Negation/Function words,nỏ,HaTinh_QB_QT
SENT_5456,SENT,PNT4,replace,0,tao,ta,1,1,True,dialect_phrase,Pronouns,tao; tôi,QuangNam
SENT_5521,SENT,PNN,replace,0,dí,rượt,1,1,False,none,Predicate vocabulary,,
SENT_5521,SENT,PNN,replace,1,dí,rượt,1,1,False,none,Predicate vocabulary,,
SENT_5521,SENT,PNT2,replace,0,tao,tau,1,1,True,dialect_phrase,Pronouns,tao,HaTinh_QB_QT
SENT_5521,SENT,PNT3,replace,0,tao,tau,1,1,True,dialect_phrase,Pronouns,tao; tôi,HaTinh_QB_QT; Hue
SENT_5521,SENT,PNT3,replace,1,nó,hắn,1,1,True,dialect_phrase,Pronouns,nó,HaTinh_QB_QT; Hue
SENT_5521,SENT,PNT3,replace,2,nó,hắn,1,1,True,dialect_phrase,Pronouns,nó,HaTinh_QB_QT; Hue
SENT_5521,SENT,PNT3,replace,3,nào,mô,1,1,True,dialect_phrase,Interrogatives; Negation/Function words,đâu (phủ định); đâu / nào,HaTinh_QB_QT; Hue
SENT_5521,SENT,PNT3,replace,4,cái,cấy,1,1,True,dialect_phrase,Negation/Function words,cái,HaTinh_QB_QT
SENT_5521,SENT,PNT4,replace,0,tao,ta,1,1,True,dialect_phrase,Pronouns,tao; tôi,QuangNam
SENT_5521,SENT,PNT4,replace,1,nào,mô,1,1,True,dialect_phrase,Interrogatives,đâu / nào,QuangNam
SENT_5531,SENT,PNN,replace,0,hôm,bữa,1,1,False,none,Predicate vocabulary,,
SENT_5531,SENT,PNT1,replace,0,này,ni,1,1,True,dialect_phrase,Demonstratives/Deixis,này,ThanhHoa
SENT_5531,SENT,PNT1,replace,1,nào,mô,1,1,True,dialect_phrase,Negation/Function words,đâu (phủ định),ThanhHoa
SENT_5531,SENT,PNT1,replace,2,tao,tau,1,1,True,standard_word,Pronouns,choa,ThanhHoa
SENT_5531,SENT,PNT2,replace,0,cái này,cấy ni,2,2,False,none,Demonstratives/Deixis,,
SENT_5531,SENT,PNT2,replace,1,hôm nào,bựa mô,2,2,False,none,Multi-word idiom,,
SENT_5531,SENT,PNT2,replace,2,tao,tau,1,1,True,dialect_phrase,Pronouns,tao,HaTinh_QB_QT
SENT_5531,SENT,PNT3,replace,0,cái này,cấy ni,2,2,False,none,Demonstratives/Deixis,,
SENT_5531,SENT,PNT3,replace,1,nào,mô,1,1,True,dialect_phrase,Interrogatives; Negation/Function words,đâu (phủ định); đâu / nào,HaTinh_QB_QT; Hue
SENT_5531,SENT,PNT3,replace,2,tao,tau,1,1,True,dialect_phrase,Pronouns,tao; tôi,HaTinh_QB_QT; Hue
SENT_5531,SENT,PNT4,replace,0,này,ni,1,1,True,dialect_phrase,Demonstratives/Deixis,này,QuangNam
SENT_5531,SENT,PNT4,replace,1,nào,mô,1,1,True,dialect_phrase,Interrogatives,đâu / nào,QuangNam
MCQA_0002_4,MCQA,PNB,replace,0,trịu,trụi,1,1,False,none,Orthographic variant,,
MCQA_0002_4,MCQA,PNT1,replace,0,nào,mô,1,1,True,dialect_phrase,Negation/Function words,đâu (phủ định),ThanhHoa
MCQA_0002_4,MCQA,PNT1,replace,1,trịu,trọi,1,1,False,none,Orthographic variant,,
MCQA_0002_4,MCQA,PNT2,replace,0,nào chúng,mô mà,2,2,False,none,Noise/Non-linguistic,,
MCQA_0002_4,MCQA,PNT2,replace,1,những,mấy cấy,1,2,False,none,Negation/Function words,,
MCQA_0002_4,MCQA,PNT2,replace,2,trịu,trọi,1,1,False,none,Orthographic variant,,
MCQA_0002_4,MCQA,PNT2,replace,3,hạ,hè,1,1,True,dialect_phrase,Discourse particles,nhỉ,HaTinh_QB_QT
MCQA_0002_4,MCQA,PNT3,replace,0,nào,mô,1,1,True,dialect_phrase,Interrogatives; Negation/Function words,đâu (phủ định); đâu / nào,HaTinh_QB_QT; Hue
MCQA_0002_4,MCQA,PNT3,replace,1,thấy những,chộ mấy,2,2,False,none,Multi-word idiom,,
MCQA_0002_4,MCQA,PNT3,replace,2,trịu,trụi,1,1,False,none,Orthographic variant,,
MCQA_0002_4,MCQA,PNT3,replace,3,xuân,xun,1,1,False,none,Orthographic variant,,
MCQA_0002_4,MCQA,PNT3,replace,4,hạ,hè,1,1,True,dialect_phrase,Discourse particles,nhỉ,HaTinh_QB_QT
MCQA_0002_4,MCQA,PNT4,replace,0,nào chúng ta,mô tụi mình,3,3,False,none,Interrogatives,,
MCQA_0002_4,MCQA,PNT4,replace,1,những,mấy,1,1,False,none,Negation/Function words,,
MCQA_0002_4,MCQA,PNT4,replace,2,trịu,trụi,1,1,False,none,Orthographic variant,,
MCQA_0002_4,MCQA,PNT4,replace,3,hạ,hè,1,1,False,none,Predicate vocabulary,,
MCQA_0004_3,MCQA,PNB,replace,0,ngưng,ngừng,1,1,False,none,Orthographic variant,,
MCQA_0004_3,MCQA,PNB,replace,1,luyện,liệng,1,1,False,none,Noise/Non-linguistic,,
MCQA_0004_3,MCQA,PNT1,replace,0,đã,đả,1,1,False,none,Orthographic variant,,
MCQA_0004_3,MCQA,PNT1,replace,1,gì,chi,1,1,False,none,Interrogatives,,
MCQA_0004_3,MCQA,PNT1,replace,2,luyện,liệng,1,1,False,none,Noise/Non-linguistic,,
MCQA_0004_3,MCQA,PNT1,replace,3,nữa,nửa,1,1,False,none,Orthographic variant,,
MCQA_0004_3,MCQA,PNT2,replace,0,đã làm gì,đạ mần chi,3,3,False,none,Multi-word idiom,,
MCQA_0004_3,MCQA,PNT2,replace,1,luyện,liệng,1,1,False,none,Noise/Non-linguistic,,
MCQA_0004_3,MCQA,PNT2,replace,2,nữa,nựa,1,1,False,none,Orthographic variant,,
MCQA_0004_3,MCQA,PNT3,replace,0,gì,chi,1,1,True,dialect_phrase,Interrogatives,gì; sao / thế nào,HaTinh_QB_QT; Hue
MCQA_0004_3,MCQA,PNT3,replace,1,luyện,lượn,1,1,False,none,Orthographic variant,,
MCQA_0004_3,MCQA,PNT4,replace,0,gì,chi,1,1,True,dialect_phrase,Interrogatives,gì,QuangNam
MCQA_0004_3,MCQA,PNT4,replace,1,luyện,liệng,1,1,False,none,Noise/Non-linguistic,,
MCQA_0010_1,MCQA,PNB,replace,0,cha,bố,1,1,True,dialect_phrase,Kinship/Honorific terms,bố,BacBo
MCQA_0010_1,MCQA,PNB,replace,1,cha,bố,1,1,True,dialect_phrase,Kinship/Honorific terms,bố,BacBo
MCQA_0010_1,MCQA,PNB,replace,2,xuể,hết,1,1,False,none,Predicate vocabulary,,
MCQA_0010_1,MCQA,PNN,delete,0,vì,,1,0,False,none,Unknown,,
MCQA_0010_1,MCQA,PNN,replace,1,cha,ba,1,1,False,none,Kinship/Honorific terms,,
MCQA_0010_1,MCQA,PNN,insert,2,,mấy con,0,2,False,none,Unknown,,
MCQA_0010_1,MCQA,PNN,replace,3,vì cha không,tại ba hổng,3,3,False,none,Multi-word idiom,,
MCQA_0010_1,MCQA,PNN,replace,4,vì bố,tại ba,2,2,False,none,Multi-word idiom,,
MCQA_0010_1,MCQA,PNN,replace,5,khác,ta,1,1,False,none,Noise/Non-linguistic,,
MCQA_0010_1,MCQA,PNN,replace,6,vì,tại,1,1,False,none,Connectives/Aspect markers,,
MCQA_0010_1,MCQA,PNN,replace,7,từ,hồi,1,1,False,none,Connectives/Aspect markers,,
MCQA_0010_1,MCQA,PNN,insert,8,,rồi,0,1,False,none,Unknown,,
MCQA_0010_1,MCQA,PNN,replace,9,vì,tại,1,1,False,none,Connectives/Aspect markers,,
MCQA_0010_1,MCQA,PNN,insert,10,,chừng,0,1,False,none,Unknown,,
MCQA_0010_1,MCQA,PNN,replace,11,không,hổng,1,1,True,standard_word,Negation/Function words,hông,NamBo
MCQA_0010_1,MCQA,PNT1,replace,0,sao cha,răng bố,2,2,False,none,Multi-word idiom,,
MCQA_0010_1,MCQA,PNT1,replace,1,chó con,chóa coan,2,2,False,none,Orthographic variant,,
MCQA_0010_1,MCQA,PNT1,replace,2,cha,bố,1,1,False,none,Kinship/Honorific terms,,
MCQA_0010_1,MCQA,PNT1,replace,3,chó con,chóa coan,2,2,False,none,Orthographic variant,,
MCQA_0010_1,MCQA,PNT1,replace,4,trước,tước,1,1,False,none,Orthographic variant,,
MCQA_0010_1,MCQA,PNT1,replace,5,quá,quớ,1,1,False,none,Orthographic variant,,
MCQA_0010_1,MCQA,PNT2,replace,0,vì sao cha,tại răng bố,3,3,False,none,Multi-word idiom,,
MCQA_0010_1,MCQA,PNT2,replace,1,vì cha không,tại bố nỏ,3,3,False,none,Multi-word idiom,,
MCQA_0010_1,MCQA,PNT2,replace,2,vì,tại,1,1,False,none,Connectives/Aspect markers,,
MCQA_0010_1,MCQA,PNT2,replace,3,người,ngài,1,1,False,none,Orthographic variant,,
MCQA_0010_1,MCQA,PNT2,replace,4,vì,tại,1,1,False,none,Connectives/Aspect markers,,
MCQA_0010_1,MCQA,PNT2,replace,5,vì,tại,1,1,False,none,Connectives/Aspect markers,,
MCQA_0010_1,MCQA,PNT2,replace,6,không,nỏ,1,1,True,dialect_phrase,Negation/Function words,không,HaTinh_QB_QT; NgheAn
MCQA_0010_1,MCQA,PNT3,replace,0,sao cha muốn,răng bọ ưng,3,3,False,none,Multi-word idiom,,
MCQA_0010_1,MCQA,PNT3,replace,1,cha không thích,bọ nỏ ưng,3,3,False,none,Kinship/Honorific terms,,
MCQA_0010_1,MCQA,PNT3,replace,2,bố thích,bọ ưng,2,2,False,none,Kinship/Honorific terms,,
MCQA_0010_1,MCQA,PNT3,replace,3,người khác,họ,2,1,False,none,Pronouns,,
MCQA_0010_1,MCQA,PNT3,replace,4,trước,bựa,1,1,False,none,Demonstratives/Deixis,,
MCQA_0010_1,MCQA,PNT3,replace,5,quá,quái,1,1,False,none,Orthographic variant,,
MCQA_0010_1,MCQA,PNT3,replace,6,không,nỏ,1,1,True,dialect_phrase,Negation/Function words,không,HaTinh_QB_QT
MCQA_0010_1,MCQA,PNT4,replace,0,sao cha,răng ba,2,2,False,none,Interrogatives,,
MCQA_0010_1,MCQA,PNT4,replace,1,cha,ba,1,1,True,dialect_phrase,Kinship/Honorific terms,bố,QuangNam; QuangNgai
MCQA_0010_1,MCQA,PNT4,replace,2,bố,ba,1,1,True,dialect_phrase,Kinship/Honorific terms,bố,QuangNam; QuangNgai
MCQA_0010_3,MCQA,PNN,replace,0,đã đưa ra ý kiến,nói,5,1,False,none,Multi-word idiom,,
MCQA_0010_3,MCQA,PNN,replace,1,khi bố bảo,lúc ba kêu,3,3,False,none,Multi-word idiom,,
MCQA_0010_3,MCQA,PNT1,replace,0,gì,chi,1,1,False,none,Interrogatives,,
MCQA_0010_3,MCQA,PNT1,replace,1,con,coan,1,1,False,none,Orthographic variant,,
MCQA_0010_3,MCQA,PNT1,replace,2,nuôi,nui,1,1,False,none,Orthographic variant,,
MCQA_0010_3,MCQA,PNT1,replace,3,chó con,chóa coan,2,2,False,none,Orthographic variant,,
MCQA_0010_3,MCQA,PNT1,replace,4,nuôi,nui,1,1,False,none,Orthographic variant,,
MCQA_0010_3,MCQA,PNT1,replace,5,cho chó con,choa chóa coan,3,3,False,none,Orthographic variant,,
MCQA_0010_3,MCQA,PNT2,replace,0,đã,đạ,1,1,True,dialect_phrase,Connectives/Aspect markers,đã,HaTinh_QB_QT
MCQA_0010_3,MCQA,PNT2,replace,1,gì,chi,1,1,True,dialect_phrase,Interrogatives,gì,HaTinh_QB_QT; NgheAn
MCQA_0010_3,MCQA,PNT2,replace,2,giữ,giự,1,1,False,none,Orthographic variant,,
MCQA_0010_3,MCQA,PNT3,replace,0,đưa ra,nói,2,1,False,none,Predicate vocabulary,,
MCQA_0010_3,MCQA,PNT3,replace,1,gì,chi,1,1,True,dialect_phrase,Interrogatives,gì; sao / thế nào,HaTinh_QB_QT; Hue
MCQA_0010_3,MCQA,PNT3,replace,2,bố,ba,1,1,True,standard_word,Kinship/Honorific terms,bọ; ôn,HaTinh_QB_QT; Hue
MCQA_0010_3,MCQA,PNT3,insert,3,,chó con,0,2,False,none,Unknown,,
MCQA_0010_3,MCQA,PNT4,replace,0,gì,chi,1,1,True,dialect_phrase,Interrogatives,gì,QuangNam
MCQA_0010_3,MCQA,PNT4,replace,1,bố bảo,ba nói,2,2,False,none,Kinship/Honorific terms,,
MCQA_0012_0,MCQA,PNN,delete,0,hẳn,,1,0,False,none,Unknown,,
MCQA_0012_0,MCQA,PNN,replace,1,bố,ba,1,1,False,none,Kinship/Honorific terms,,
MCQA_0012_0,MCQA,PNT2,replace,0,làm gì,mần chi,2,2,True,dialect_phrase,Interrogatives,làm gì,HaTinh_QB_QT; NgheAn
MCQA_0012_0,MCQA,PNT2,replace,1,ngày,ngay,1,1,False,none,Orthographic variant,,
MCQA_0012_0,MCQA,PNT2,replace,2,đỡ,đợ,1,1,False,none,Orthographic variant,,
MCQA_0012_0,MCQA,PNT3,delete,0,xin,,1,0,False,none,Unknown,,
MCQA_0012_0,MCQA,PNT3,replace,1,gì,chi,1,1,True,dialect_phrase,Interrogatives,gì; sao / thế nào,HaTinh_QB_QT; Hue
MCQA_0012_0,MCQA,PNT3,replace,2,bố,ba,1,1,True,standard_word,Kinship/Honorific terms,bọ; ôn,HaTinh_QB_QT; Hue
MCQA_0012_5,MCQA,PNN,replace,0,không,hông,1,1,True,dialect_phrase,Negation/Function words,không,NamBo
MCQA_0012_5,MCQA,PNN,insert,1,,với,0,1,False,none,Unknown,,
MCQA_0012_5,MCQA,PNN,replace,2,thực,thật,1,1,False,none,Orthographic variant,,
MCQA_0012_5,MCQA,PNT2,replace,0,sao,răng,1,1,True,dialect_phrase,Interrogatives,sao / thế nào,HaTinh_QB_QT; NgheAn
MCQA_0012_5,MCQA,PNT2,replace,1,không,nỏ,1,1,True,dialect_phrase,Negation/Function words,không,HaTinh_QB_QT; NgheAn
MCQA_0012_5,MCQA,PNT2,replace,2,bạn,lạo,1,1,False,none,Pronouns,,
MCQA_0012_5,MCQA,PNT2,replace,3,làm,mần,1,1,True,dialect_phrase,Predicate vocabulary,làm,HaTinh_QB_QT
MCQA_0012_5,MCQA,PNT2,replace,4,vì,tại,1,1,False,none,Connectives/Aspect markers,,
MCQA_0012_5,MCQA,PNT2,replace,5,vì,tại,1,1,False,none,Connectives/Aspect markers,,
MCQA_0012_5,MCQA,PNT3,replace,0,sao,răng,1,1,True,dialect_phrase,Interrogatives,sao / thế nào,HaTinh_QB_QT; Hue
MCQA_0012_5,MCQA,PNT3,delete,1,tiên,,1,0,False,none,Unknown,,
MCQA_0012_5,MCQA,PNT3,replace,2,và,với,1,1,False,none,Connectives/Aspect markers,,
MCQA_0012_5,MCQA,PNT4,replace,0,vì,tại/do,1,1,False,none,Connectives/Aspect markers,,
MCQA_0012_5,MCQA,PNT4,replace,1,vì,tại/do,1,1,False,none,Connectives/Aspect markers,,
MCQA_0012_5,MCQA,PNT4,replace,2,vì,tại/do,1,1,False,none,Connectives/Aspect markers,,
MCQA_0012_5,MCQA,PNT4,replace,3,vì,tại/do,1,1,False,none,Connectives/Aspect markers,,
MCQA_0013_3,MCQA,PNT4,replace,0,giúp mẹ một số công,phụ má mấy,5,3,False,none,Kinship/Honorific terms,,
MCQA_0013_3,MCQA,PNT4,replace,1,gì,chi,1,1,True,dialect_phrase,Interrogatives,gì,QuangNam
MCQA_0013_3,MCQA,PNT4,replace,2,mẹ,má,1,1,True,dialect_phrase,Kinship/Honorific terms,mẹ,QuangNam; QuangNgai
MCQA_0013_3,MCQA,PNT4,replace,3,về,dìa,1,1,True,dialect_phrase,Predicate vocabulary,về,PhuYen; QuangNgai
MCQA_0013_3,MCQA,PNT4,replace,4,và,với,1,1,False,none,Connectives/Aspect markers,,
MCQA_0013_3,MCQA,PNT4,replace,5,bố,ba,1,1,True,dialect_phrase,Kinship/Honorific terms,bố,QuangNam; QuangNgai
MCQA_0013_3,MCQA,PNT4,replace,6,trông,coi,1,1,True,dialect_phrase,Predicate vocabulary,thấy,PhuYen; QuangNgai
MCQA_0013_3,MCQA,PNT4,replace,7,và,với,1,1,False,none,Connectives/Aspect markers,,
MCQA_0013_4,MCQA,PNT4,replace,0,bố,ba,1,1,True,dialect_phrase,Kinship/Honorific terms,bố,QuangNam; QuangNgai
MCQA_0013_4,MCQA,PNT4,replace,1,ăn,en,1,1,False,none,Orthographic variant,,
MCQA_0013_4,MCQA,PNT4,replace,2,xong,xan,1,1,False,none,Orthographic variant,,
MCQA_0013_4,MCQA,PNT4,replace,3,xong,xan,1,1,False,none,Orthographic variant,,
MCQA_0014_1,MCQA,PNT4,replace,0,bố,ba,1,1,True,dialect_phrase,Kinship/Honorific terms,bố,QuangNam; QuangNgai
MCQA_0014_1,MCQA,PNT4,replace,1,đâu,mô,1,1,True,dialect_phrase,Interrogatives,đâu / nào,QuangNam
MCQA_0016_0,MCQA,PNT3,replace,0,vào,vô,1,1,False,none,Connectives/Aspect markers,,
MCQA_0016_0,MCQA,PNT3,replace,1,làm gì,mần chi,2,2,True,dialect_phrase,Interrogatives,làm gì,HaTinh_QB_QT; Hue
MCQA_0016_0,MCQA,PNT3,delete,2,sáng,,1,0,False,none,Unknown,,
MCQA_0016_0,MCQA,PNT3,insert,3,,mai,0,1,False,none,Unknown,,
MCQA_0016_0,MCQA,PNT3,replace,4,quá,quái,1,1,False,none,Orthographic variant,,
MCQA_0016_0,MCQA,PNT3,replace,5,mẹ,mạ,1,1,True,dialect_phrase,Kinship/Honorific terms,mẹ,HaTinh_QB_QT
MCQA_0016_0,MCQA,PNT3,replace,6,bố,bọ,1,1,True,dialect_phrase,Kinship/Honorific terms,bố,HaTinh_QB_QT
MCQA_0016_0,MCQA,PNT3,replace,7,mong bố,trông bọ,2,2,False,none,Kinship/Honorific terms,,
MCQA_0016_0,MCQA,PNT4,replace,0,vào,vô,1,1,False,none,Connectives/Aspect markers,,
MCQA_0016_0,MCQA,PNT4,replace,1,gì vào lúc,chi hồi,3,2,False,none,Interrogatives,,
MCQA_0016_0,MCQA,PNT4,replace,2,quá,ghê,1,1,False,none,Predicate vocabulary,,
MCQA_0016_0,MCQA,PNT4,replace,3,mẹ,má,1,1,True,dialect_phrase,Kinship/Honorific terms,mẹ,QuangNam; QuangNgai
MCQA_0016_0,MCQA,PNT4,replace,4,bố,ba,1,1,True,dialect_phrase,Kinship/Honorific terms,bố,QuangNam; QuangNgai
MCQA_0016_0,MCQA,PNT4,replace,5,bố,ba,1,1,True,dialect_phrase,Kinship/Honorific terms,bố,QuangNam; QuangNgai
MCQA_0016_5,MCQA,PNT4,insert,0,,ha,0,1,False,none,Unknown,,
MCQA_0016_5,MCQA,PNT4,delete,1,nhỉ,,1,0,False,none,Unknown,,
MCQA_0018_4,MCQA,PNT3,replace,0,làm gì,mần chi,2,2,True,dialect_phrase,Interrogatives,làm gì,HaTinh_QB_QT; Hue
MCQA_0025_10,MCQA,PNN,delete,0,biết,,1,0,False,none,Unknown,,
MCQA_0025_10,MCQA,PNN,replace,1,bút,viết,1,1,False,none,Predicate vocabulary,,
MCQA_0025_10,MCQA,PNN,insert,2,,dạ,0,1,False,none,Unknown,,
MCQA_0025_10,MCQA,PNN,replace,3,ạ em,con,2,1,False,none,Kinship/Honorific terms,,
MCQA_0025_10,MCQA,PNN,replace,4,bút,viết,1,1,False,none,Predicate vocabulary,,
MCQA_0025_10,MCQA,PNN,insert,5,,dạ,0,1,False,none,Unknown,,
MCQA_0025_10,MCQA,PNN,delete,6,ạ cứ,,2,0,False,none,Unknown,,
MCQA_0025_10,MCQA,PNN,insert,7,,dạ,0,1,False,none,Unknown,,
MCQA_0025_10,MCQA,PNN,replace,8,ạ thế thì em,vậy con,4,2,False,none,Kinship/Honorific terms,,
MCQA_0025_10,MCQA,PNN,replace,9,bút,viết,1,1,False,none,Predicate vocabulary,,
MCQA_0025_10,MCQA,PNN,insert,10,,dạ,0,1,False,none,Unknown,,
MCQA_0025_10,MCQA,PNN,replace,11,ạ em,con,2,1,False,none,Kinship/Honorific terms,,
MCQA_0025_10,MCQA,PNN,replace,12,bút,viết,1,1,False,none,Predicate vocabulary,,
MCQA_0025_10,MCQA,PNT2,replace,0,gì,chi,1,1,True,dialect_phrase,Interrogatives,gì,HaTinh_QB_QT; NgheAn
MCQA_0025_10,MCQA,PNT2,replace,1,thế,rứa,1,1,True,dialect_phrase,Demonstratives/Deixis,vậy / thế,NgheAn
MCQA_0025_10,MCQA,PNT2,insert,2,,đó,0,1,False,none,Unknown,,
MCQA_0025_10,MCQA,PNT3,replace,0,gì,chi,1,1,True,dialect_phrase,Interrogatives,gì; sao / thế nào,HaTinh_QB_QT; Hue
MCQA_0025_10,MCQA,PNT3,replace,1,mình,miềng,1,1,False,none,Pronouns,,
MCQA_0025_10,MCQA,PNT3,insert,2,,dạ,0,1,False,none,Unknown,,
MCQA_0025_10,MCQA,PNT3,delete,3,ạ,,1,0,False,none,Unknown,,
MCQA_0025_10,MCQA,PNT3,replace,4,không thích,nỏ ưng,2,2,False,none,Multi-word idiom,,
MCQA_0025_10,MCQA,PNT3,insert,5,,dạ,0,1,False,none,Unknown,,
MCQA_0025_10,MCQA,PNT3,delete,6,ạ,,1,0,False,none,Unknown,,
MCQA_0025_10,MCQA,PNT3,insert,7,,dạ,0,1,False,none,Unknown,,
MCQA_0025_10,MCQA,PNT3,replace,8,ạ thế,rứa,2,1,False,none,Demonstratives/Deixis,,
MCQA_0025_10,MCQA,PNT3,replace,9,không,nỏ,1,1,True,dialect_phrase,Negation/Function words,không,HaTinh_QB_QT
MCQA_0025_10,MCQA,PNT3,insert,10,,dạ,0,1,False,none,Unknown,,
MCQA_0025_10,MCQA,PNT3,delete,11,ạ,,1,0,False,none,Unknown,,
MCQA_0090_10,MCQA,PNN,replace,0,như thế nào,ra sao,3,2,False,none,Interrogatives,,
MCQA_0090_10,MCQA,PNN,replace,1,mẹ,má,1,1,False,none,Kinship/Honorific terms,,
MCQA_0090_10,MCQA,PNN,delete,2,trai,,1,0,False,none,Unknown,,
MCQA_0090_10,MCQA,PNN,replace,3,hối hả,tất bật,2,2,False,none,Predicate vocabulary,,
MCQA_0090_10,MCQA,PNN,replace,4,ghen tị,phân bì,2,2,False,none,Predicate vocabulary,,
MCQA_0090_10,MCQA,PNN,replace,5,xấu hổ,mắc cỡ,2,2,False,none,Predicate vocabulary,,
MCQA_0090_10,MCQA,PNT2,replace,0,như thế nào,a răng,3,2,False,none,Interrogatives,,
MCQA_0090_10,MCQA,PNT3,replace,0,thế nào,răng,2,1,True,dialect_phrase,Interrogatives,sao / thế nào,HaTinh_QB_QT; Hue
MCQA_0090_10,MCQA,PNT3,replace,1,mẹ và anh,mạ với eng,3,3,False,none,Kinship/Honorific terms,,
MCQA_0090_10,MCQA,PNT3,replace,2,hối hả,tất ta tất tưởi,2,4,False,none,Idiomatic expressions,,
MCQA_0090_10,MCQA,PNT3,replace,3,ghen tị,èng neng,2,2,False,none,Predicate vocabulary,,
MCQA_0090_10,MCQA,PNT3,replace,4,xấu hổ,ồng ngai,2,2,True,dialect_phrase,Predicate vocabulary,xấu hổ,HaTinh_QB_QT
NLI_0028,NLI,PNB,replace,0,thục,thạo,1,1,False,none,Predicate vocabulary,,
NLI_0028,NLI,PNN,replace,0,thành thục,rành rọt,2,2,False,none,Predicate vocabulary,,
NLI_0028,NLI,PNT1,replace,0,có,cúa,1,1,False,none,Orthographic variant,,
NLI_0028,NLI,PNT1,replace,1,không,chả,1,1,False,none,Negation/Function words,,
NLI_0028,NLI,PNT1,replace,2,có,cúa,1,1,False,none,Orthographic variant,,
NLI_0028,NLI,PNT2,replace,0,những,nhựng,1,1,False,none,Orthographic variant,,
NLI_0028,NLI,PNT2,insert,1,,mà,0,1,False,none,Unknown,,
NLI_0028,NLI,PNT2,replace,2,thành,thuần,1,1,False,none,Noise/Non-linguistic,,
NLI_0028,NLI,PNT2,insert,3,,mà,0,1,False,none,Unknown,,
NLI_0028,NLI,PNT2,insert,4,,cấy,0,1,True,dialect_phrase,Negation/Function words,cái,HaTinh_QB_QT; NgheAn
NLI_0028,NLI,PNT2,delete,5,thi,,1,0,False,none,Unknown,,
NLI_0028,NLI,PNT2,replace,6,rất,rành,1,1,True,standard_word,Predicate vocabulary,bất; dữ,HaTinh_QB_QT
NLI_0028,NLI,PNT3,replace,0,những,mấy,1,1,False,none,Negation/Function words,,
NLI_0028,NLI,PNT3,replace,1,thể sử dụng,dùng,3,1,False,none,Predicate vocabulary,,
NLI_0028,NLI,PNT4,replace,0,thục,thạo,1,1,False,none,Predicate vocabulary,,
NLI_0064,NLI,PNN,delete,0,thế,,1,0,True,standard_word,Demonstratives/Deixis,vậy,NamBo
NLI_0064,NLI,PNT2,insert,0,,cấy,0,1,True,dialect_phrase,Negation/Function words,cái,HaTinh_QB_QT; NgheAn
NLI_0064,NLI,PNT2,replace,1,mccarthy,mccartthy,1,1,False,none,Out-of-scope,,
NLI_0064,NLI,PNT2,replace,2,và,với,1,1,False,none,Connectives/Aspect markers,,
NLI_0064,NLI,PNT2,replace,3,thế nào,răng,2,1,True,dialect_phrase,Interrogatives,sao / thế nào,HaTinh_QB_QT; NgheAn
NLI_0064,NLI,PNT3,replace,0,thế nào,răng,2,1,True,dialect_phrase,Interrogatives,sao / thế nào,HaTinh_QB_QT; Hue
NLI_0064,NLI,PNT4,replace,0,thế nào,răng,2,1,True,standard_word,Interrogatives,ren; sao; sô,PhuYen; QuangNam; QuangNgai
NLI_0157,NLI,PNN,replace,0,về bệnh,bịnh,2,1,False,none,Orthographic variant,,
NLI_0157,NLI,PNN,replace,1,anh ấy,ảnh,2,1,True,dialect_phrase,Kinship/Honorific terms; Pronouns,anh; anh ấy,NamBo
NLI_0157,NLI,PNN,delete,2,vòng,,1,0,False,none,Unknown,,
NLI_0157,NLI,PNN,replace,3,ngày qua,bữa,2,1,False,none,Predicate vocabulary,,
NLI_0157,NLI,PNT1,replace,0,có,cúa,1,1,False,none,Orthographic variant,,
NLI_0157,NLI,PNT1,replace,1,ấy,nứ,1,1,True,dialect_phrase,Demonstratives/Deixis,ấy / đó,ThanhHoa
NLI_0157,NLI,PNT2,replace,0,đã,đạ,1,1,True,dialect_phrase,Connectives/Aspect markers,đã,HaTinh_QB_QT
NLI_0157,NLI,PNT2,replace,1,các,mấy,1,1,False,none,Negation/Function words,,
NLI_0157,NLI,PNT2,delete,2,anh ấy,,2,0,True,standard_word,Pronouns,anh (eng) nớ; tê,HaTinh_QB_QT
NLI_0157,NLI,PNT2,replace,3,qua,vừa rồi,1,2,False,none,Connectives/Aspect markers,,
NLI_0157,NLI,PNT3,replace,0,các,mấy cì,1,2,False,none,Pronouns,,
NLI_0157,NLI,PNT3,replace,1,ấy,nớ,1,1,True,dialect_phrase,Demonstratives/Deixis,kia; ấy / đó,HaTinh_QB_QT; Hue
NLI_0157,NLI,PNT4,replace,0,anh ấy,ảnh,2,1,True,dialect_phrase,Kinship/Honorific terms; Pronouns,anh; anh ấy,PhuYen; QuangNam; QuangNgai
NLI_0240,NLI,PNT1,replace,0,do chưa đóng,doa chư đuống,3,3,False,none,Multi-word idiom,,
NLI_0240,NLI,PNT1,replace,1,hiểm,hỉm,1,1,False,none,Orthographic variant,,
NLI_0240,NLI,PNT1,replace,2,hưởng quyền,hửng quỳn,2,2,False,none,Orthographic variant,,
NLI_0240,NLI,PNT2,replace,0,không,nỏ,1,1,True,dialect_phrase,Negation/Function words,không,HaTinh_QB_QT; NgheAn
NLI_0240,NLI,PNT2,replace,1,vào,vô,1,1,False,none,Connectives/Aspect markers,,
NLI_0240,NLI,PNT3,replace,0,đóng,nộp,1,1,False,none,Predicate vocabulary,,
NLI_0240,NLI,PNT3,replace,1,không,khung,1,1,True,standard_word,Negation/Function words,nỏ,HaTinh_QB_QT
NLI_0240,NLI,PNT3,replace,2,vào,vô,1,1,False,none,Connectives/Aspect markers,,
NLI_0240,NLI,PNT3,replace,3,tới,ni,1,1,True,dialect_phrase,Demonstratives/Deixis,này,HaTinh_QB_QT; Hue
NLI_0337,NLI,PNB,replace,0,tuyết,tuyệt,1,1,False,none,Noise/Non-linguistic,,
NLI_0337,NLI,PNB,delete,1,đi,,1,0,False,none,Unknown,,
NLI_0337,NLI,PNB,delete,2,là,,1,0,False,none,Unknown,,
NLI_0337,NLI,PNN,replace,0,tại thời điểm,lúc,3,1,False,none,Connectives/Aspect markers,,
NLI_0337,NLI,PNN,replace,1,tuyết,tuyệt,1,1,False,none,Noise/Non-linguistic,,
NLI_0337,NLI,PNN,replace,2,không,hông,1,1,True,dialect_phrase,Negation/Function words,không,NamBo
NLI_0337,NLI,PNN,delete,3,đi,,1,0,False,none,Unknown,,
NLI_0337,NLI,PNT1,replace,0,điểm,đỉm,1,1,False,none,Orthographic variant,,
NLI_0337,NLI,PNT1,replace,1,tuyết,tuỵt,1,1,False,none,Orthographic variant,,
NLI_0337,NLI,PNT1,replace,2,khỏi,khuổi,1,1,False,none,Orthographic variant,,
NLI_0337,NLI,PNT1,replace,3,hóa,húa,1,1,False,none,Orthographic variant,,
NLI_0337,NLI,PNT1,replace,4,gì,chi,1,1,False,none,Interrogatives,,
NLI_0337,NLI,PNT2,replace,0,này tuyết,ni tuyệt,2,2,False,none,Noise/Non-linguistic,,
NLI_0337,NLI,PNT2,replace,1,không,nỏ,1,1,True,dialect_phrase,Negation/Function words,không,HaTinh_QB_QT; NgheAn
NLI_0337,NLI,PNT2,replace,2,gì,chi,1,1,True,dialect_phrase,Interrogatives,gì,HaTinh_QB_QT; NgheAn
NLI_0337,NLI,PNT3,replace,0,này tuyết,ni tuyệt,2,2,False,none,Noise/Non-linguistic,,
NLI_0337,NLI,PNT3,replace,1,không,khung,1,1,True,standard_word,Negation/Function words,nỏ,HaTinh_QB_QT
NLI_0337,NLI,PNT3,delete,2,rời,,1,0,False,none,Unknown,,
NLI_0337,NLI,PNT3,insert,3,,ra,0,1,False,none,Unknown,,
NLI_0337,NLI,PNT3,replace,4,hóa,hoá,1,1,False,none,Orthographic variant,,
NLI_0337,NLI,PNT3,replace,5,gì,chi,1,1,True,dialect_phrase,Interrogatives,gì; sao / thế nào,HaTinh_QB_QT; Hue
NLI_0337,NLI,PNT4,replace,0,này,ni,1,1,True,dialect_phrase,Demonstratives/Deixis,này,QuangNam
NLI_0337,NLI,PNT4,replace,1,hóa,hoá,1,1,False,none,Orthographic variant,,
NLI_0337,NLI,PNT4,replace,2,gì,chi,1,1,True,dialect_phrase,Interrogatives,gì,QuangNam
NLI_0448,NLI,PNN,replace,0,lặp,làm,1,1,True,dialect_phrase,Predicate vocabulary,làm,NamBo
NLI_0448,NLI,PNN,replace,1,những,mấy cái,1,2,False,none,Negation/Function words,,
NLI_0448,NLI,PNT1,replace,0,nhiệm,nhịm,1,1,False,none,Orthographic variant,,
NLI_0448,NLI,PNT2,replace,0,những,nhửng,1,1,False,none,Orthographic variant,,
NLI_0448,NLI,PNT3,replace,0,những,mấy,1,1,False,none,Negation/Function words,,
NLI_0459,NLI,PNB,insert,0,,của,0,1,False,none,Unknown,,
NLI_0459,NLI,PNN,replace,0,vào,vô,1,1,False,none,Connectives/Aspect markers,,
NLI_0459,NLI,PNN,replace,1,và,với,1,1,False,none,Connectives/Aspect markers,,
NLI_0459,NLI,PNN,replace,2,chàng trai,ảnh,2,1,True,dialect_phrase,Kinship/Honorific terms; Pronouns,anh; anh ấy,NamBo
NLI_0459,NLI,PNT1,replace,0,mắng mỏ và bêu riếu,chửi bới với bếu rếu,5,5,False,none,Multi-word idiom,,
NLI_0459,NLI,PNT1,replace,1,chàng trai,nó,2,1,False,none,Pronouns,,
NLI_0459,NLI,PNT2,replace,0,chàng trai,của anh nớ,2,3,False,none,Multi-word idiom,,
NLI_0459,NLI,PNT3,replace,0,vào,vô,1,1,False,none,Connectives/Aspect markers,,
NLI_0459,NLI,PNT3,replace,1,và,với,1,1,False,none,Connectives/Aspect markers,,
NLI_0459,NLI,PNT3,replace,2,chàng trai,anh nớ,2,2,False,none,Multi-word idiom,,
NLI_0459,NLI,PNT4,replace,0,bêu riếu,trêu chọc,2,2,False,none,Predicate vocabulary,,
NLI_0511,NLI,PNB,insert,0,,cô,0,1,False,none,Unknown,,
NLI_0511,NLI,PNN,replace,0,đến,tới,1,1,False,none,Predicate vocabulary,,
NLI_0511,NLI,PNN,replace,1,lí,lý,1,1,False,none,Orthographic variant,,
NLI_0511,NLI,PNN,replace,2,không,hông,1,1,True,dialect_phrase,Negation/Function words,không,NamBo
NLI_0511,NLI,PNT1,replace,0,lí,lý,1,1,False,none,Orthographic variant,,
NLI_0511,NLI,PNT1,replace,1,sao,răng,1,1,False,none,Interrogatives,,
NLI_0511,NLI,PNT2,insert,0,,ci,0,1,False,none,Unknown,,
NLI_0511,NLI,PNT2,replace,1,sao,răng,1,1,True,dialect_phrase,Interrogatives,sao / thế nào,HaTinh_QB_QT; NgheAn
NLI_0511,NLI,PNT2,insert,2,,nớ nựa,0,2,False,none,Unknown,,
NLI_0511,NLI,PNT3,replace,0,và,rồi,1,1,False,none,Connectives/Aspect markers,,
NLI_0511,NLI,PNT3,replace,1,sao,răng,1,1,True,dialect_phrase,Interrogatives,sao / thế nào,HaTinh_QB_QT; Hue
NLI_0511,NLI,PNT3,replace,2,tấm,tờ,1,1,False,none,Predicate vocabulary,,
NLI_0515,NLI,PNB,delete,0,xoay xở,,2,0,False,none,Unknown,,
NLI_0515,NLI,PNB,replace,1,tốt khi,nhanh trí kêu,2,3,False,none,Noise/Non-linguistic,,
NLI_0515,NLI,PNB,insert,2,,sự,0,1,False,none,Unknown,,
NLI_0515,NLI,PNB,insert,3,,từ những người,0,3,False,none,Unknown,,
NLI_0515,NLI,PNN,replace,0,tốt,giỏi,1,1,False,none,Predicate vocabulary,,
NLI_0515,NLI,PNN,replace,1,gọi,kêu,1,1,True,dialect_phrase,Predicate vocabulary,gọi,NamBo
NLI_0515,NLI,PNT1,replace,0,đó,đớ,1,1,True,standard_word,Demonstratives/Deixis,nứ,ThanhHoa
NLI_0515,NLI,PNT2,replace,0,người đàn ông,ci anh nớ,3,3,False,none,Multi-word idiom,,
NLI_0515,NLI,PNT3,replace,0,đó,nớ,1,1,True,dialect_phrase,Demonstratives/Deixis,kia; ấy / đó,HaTinh_QB_QT; Hue
NLI_0515,NLI,PNT3,replace,1,rất,khá,1,1,True,standard_word,Predicate vocabulary,bất; dệ sợ; dữ,HaTinh_QB_QT; Hue
NLI_0515,NLI,PNT3,replace,2,gọi,hú mấy người xung quanh,1,5,True,standard_word,Predicate vocabulary,hú; kêu,HaTinh_QB_QT; Hue
NLI_0515,NLI,PNT3,delete,3,xung quanh,,2,0,False,none,Unknown,,
NLI_0515,NLI,PNT4,replace,0,lúc đó,hồi nớ,2,2,False,none,Demonstratives/Deixis,,
NLI_0516,NLI,PNN,replace,0,tại,ở,1,1,False,none,Predicate vocabulary,,
NLI_0516,NLI,PNT1,replace,0,quản,quãn,1,1,False,none,Orthographic variant,,
NLI_0516,NLI,PNT1,replace,1,bãi,bải,1,1,False,none,Orthographic variant,,
NLI_0516,NLI,PNT3,replace,0,tại 1,ở một,2,2,False,none,Predicate vocabulary,,
NLI_0516,NLI,PNT4,replace,0,lý,lí,1,1,False,none,Orthographic variant,,
NLI_0521,NLI,PNB,delete,0,đã,,1,0,False,none,Unknown,,
NLI_0521,NLI,PNB,replace,1,phục,phúc,1,1,False,none,Orthographic variant,,
NLI_0521,NLI,PNT1,replace,0,đã,đả,1,1,False,none,Orthographic variant,,
NLI_0521,NLI,PNT1,replace,1,hạnh phục,hành phúc,2,2,False,none,Orthographic variant,,
NLI_0521,NLI,PNT1,replace,2,con,cuân,1,1,False,none,Orthographic variant,,
NLI_0521,NLI,PNT1,replace,3,ấy,nứ,1,1,True,dialect_phrase,Demonstratives/Deixis,ấy / đó,ThanhHoa
NLI_0521,NLI,PNT2,replace,0,phục,phúc,1,1,False,none,Orthographic variant,,
NLI_0521,NLI,PNT2,replace,1,cô ấy,hấn,2,1,True,standard_word,Pronouns,o nớ,HaTinh_QB_QT
NLI_0521,NLI,PNT3,replace,0,mẹ cô đã cảm thấy,mạ ả đạ chộ,5,4,False,none,Multi-word idiom,,
NLI_0521,NLI,PNT3,replace,1,phục,phúc,1,1,False,none,Orthographic variant,,
NLI_0521,NLI,PNT3,replace,2,mình,miềng,1,1,False,none,Pronouns,,
NLI_0521,NLI,PNT3,replace,3,cô ấy,ả nớ,2,2,True,standard_word,Pronouns,o nớ,HaTinh_QB_QT; Hue
NLI_0521,NLI,PNT4,replace,0,phục,phúc,1,1,False,none,Orthographic variant,,
NLI_0521,NLI,PNT4,replace,1,cô ấy,cổ,2,1,True,dialect_phrase,Pronouns,cô ấy,PhuYen; QuangNgai
NLI_0647,NLI,PNB,replace,0,tin chuẩn,chính xác,2,2,False,none,Idiomatic expressions,,
NLI_0647,NLI,PNT1,replace,0,đã,đả,1,1,False,none,Orthographic variant,,
NLI_0647,NLI,PNT1,replace,1,thể,thễ,1,1,False,none,Orthographic variant,,
NLI_0647,NLI,PNT3,replace,0,vào nó,vô hắn,2,2,False,none,Multi-word idiom,,
NLI_0647,NLI,PNT4,replace,0,khẳng,khẻng,1,1,False,none,Orthographic variant,,
NLI_0647,NLI,PNT4,replace,1,mọi,mụa,1,1,False,none,Orthographic variant,,
NLI_0716,NLI,PNT2,replace,0,không,khung,1,1,True,standard_word,Negation/Function words,nỏ,HaTinh_QB_QT; NgheAn
NLI_0716,NLI,PNT2,replace,1,cô gái cưới chồng,ả nớ lấy nhông,4,4,False,none,Multi-word idiom,,
NLI_0716,NLI,PNT3,replace,0,không,nỏ,1,1,True,dialect_phrase,Negation/Function words,không,HaTinh_QB_QT
NLI_0716,NLI,PNT3,replace,1,cô gái cưới chồng,ả nớ lấy dông,4,4,False,none,Multi-word idiom,,
NLI_0716,NLI,PNT4,replace,0,gái cưới,nớ lấy,2,2,False,none,Predicate vocabulary,,
NLI_0729,NLI,PNT2,replace,0,như thế nào,ra răng,3,2,False,none,Interrogatives,,
NLI_0729,NLI,PNT3,replace,0,nhưng không,chơ đều nỏ,2,3,False,none,Multi-word idiom,,
NLI_0729,NLI,PNT3,delete,1,ấy,,1,0,True,standard_word,Demonstratives/Deixis; Discourse particles,nớ; tê; đỏ,HaTinh_QB_QT; Hue
NLI_0729,NLI,PNT3,replace,2,thế nào,răng,2,1,True,dialect_phrase,Interrogatives,sao / thế nào,HaTinh_QB_QT; Hue
NLI_0729,NLI,PNT4,replace,0,ông ấy như thế nào,ổng ren hết,5,3,False,none,Interrogatives,,
NLI_0830,NLI,PNT3,replace,0,hôm,bữa,1,1,False,none,Predicate vocabulary,,
NLI_0830,NLI,PNT3,insert,1,,chừ,0,1,True,dialect_phrase,Negation/Function words,bây giờ,HaTinh_QB_QT; Hue
NLI_0830,NLI,PNT3,delete,2,đều,,1,0,False,none,Unknown,,
NLI_0830,NLI,PNT3,insert,3,,hết rồi,0,2,False,none,Unknown,,
NLI_0830,NLI,PNT4,replace,0,hôm,bữa,1,1,False,none,Predicate vocabulary,,
NLI_0959,NLI,PNT2,replace,0,ngưới,người,1,1,False,none,Orthographic variant,,
NLI_0959,NLI,PNT4,replace,0,trong tương lai,sau ni,3,2,False,none,Idiomatic expressions,,
NLI_0959,NLI,PNT4,replace,1,những ngưới,mấy người,2,2,False,none,Predicate vocabulary,,
NLI_0959,NLI,PNT4,replace,2,đến,tới,1,1,False,none,Predicate vocabulary,,
NLI_1019,NLI,PNT2,replace,0,không,nỏ,1,1,True,dialect_phrase,Negation/Function words,không,HaTinh_QB_QT; NgheAn
NLI_1069,NLI,PNT2,replace,0,không,nỏ,1,1,True,dialect_phrase,Negation/Function words,không,HaTinh_QB_QT; NgheAn
NLI_1069,NLI,PNT2,replace,1,vậy,rứa,1,1,True,dialect_phrase,Demonstratives/Deixis,vậy / thế,NgheAn
NLI_1069,NLI,PNT2,replace,2,không,nỏ,1,1,True,dialect_phrase,Negation/Function words,không,HaTinh_QB_QT; NgheAn
NLI_1077,NLI,PNT3,replace,0,đức,bức,1,1,False,none,Noise/Non-linguistic,,
NLI_1077,NLI,PNT3,replace,1,cái,cấy,1,1,True,dialect_phrase,Negation/Function words,cái,HaTinh_QB_QT
NLI_1077,NLI,PNT4,replace,0,đức,bức,1,1,False,none,Noise/Non-linguistic,,
NLI_1114,NLI,PNT3,replace,0,chúng tôi,bọn tau,2,2,True,dialect_phrase,Pronouns,chúng tao,HaTinh_QB_QT; Hue
QA_0268,QA,PNN,replace,0,như thế nào,ra sao,3,2,False,none,Interrogatives,,
QA_0268,QA,PNT2,replace,0,như thế nào,a răng,3,2,False,none,Interrogatives,,
QA_0363,QA,PNT1,replace,0,gì,chi,1,1,False,none,Interrogatives,,
QA_0363,QA,PNT1,replace,1,về,viền,1,1,True,dialect_phrase,Predicate vocabulary,về,ThanhHoa
QA_0363,QA,PNT2,replace,0,điều gì,cái chi,2,2,False,none,Multi-word idiom,,
QA_0363,QA,PNT3,replace,0,gì,chi,1,1,True,dialect_phrase,Interrogatives,gì; sao / thế nào,HaTinh_QB_QT; Hue
QA_0363,QA,PNT3,replace,1,khiến,mần,1,1,True,dialect_phrase,Predicate vocabulary,làm,HaTinh_QB_QT; Hue
QA_0572,QA,PNN,replace,0,như thế nào,làm sao,3,2,False,none,Interrogatives,,
QA_0572,QA,PNN,replace,1,các,mấy cái,1,2,False,none,Negation/Function words,,
QA_0572,QA,PNT1,replace,0,đã,đả,1,1,False,none,Orthographic variant,,
QA_10332,QA,PNT1,replace,0,trong,troong,1,1,False,none,Orthographic variant,,
QA_10332,QA,PNT1,replace,1,tiên,tin,1,1,False,none,Orthographic variant,,
QA_10332,QA,PNT1,replace,2,này,ni,1,1,True,dialect_phrase,Demonstratives/Deixis,này,ThanhHoa
QA_10332,QA,PNT1,replace,3,gọi,gọai,1,1,False,none,Orthographic variant,,
QA_10332,QA,PNT1,replace,4,gì,chi,1,1,False,none,Interrogatives,,
QA_10332,QA,PNT2,replace,0,đã,đạ,1,1,True,dialect_phrase,Connectives/Aspect markers,đã,HaTinh_QB_QT
QA_10332,QA,PNT2,replace,1,này,ni,1,1,True,dialect_phrase,Demonstratives/Deixis,này,HaTinh_QB_QT; NgheAn
QA_10332,QA,PNT2,replace,2,gì,chi,1,1,True,dialect_phrase,Interrogatives,gì,HaTinh_QB_QT; NgheAn
QA_10332,QA,PNT3,replace,0,vào,trong,1,1,False,none,Predicate vocabulary,,
QA_10332,QA,PNT3,replace,1,này,ni,1,1,True,dialect_phrase,Demonstratives/Deixis,này,HaTinh_QB_QT; Hue
QA_10332,QA,PNT3,replace,2,gì,chi,1,1,True,dialect_phrase,Interrogatives,gì; sao / thế nào,HaTinh_QB_QT; Hue
QA_10332,QA,PNT4,replace,0,này,ni,1,1,True,dialect_phrase,Demonstratives/Deixis,này,QuangNam
QA_10332,QA,PNT4,replace,1,gì,chi,1,1,True,dialect_phrase,Interrogatives,gì,QuangNam
QA_10377,QA,PNB,replace,0,cái,thứ,1,1,True,standard_word,Negation/Function words,cái,BacBo
QA_10377,QA,PNT1,replace,0,chiến,chín,1,1,False,none,Orthographic variant,,
QA_10377,QA,PNT1,replace,1,mươi,mưi,1,1,False,none,Orthographic variant,,
QA_10377,QA,PNT1,replace,2,gì,chi,1,1,False,none,Interrogatives,,
QA_10377,QA,PNT2,replace,0,mươi,mưới,1,1,False,none,Orthographic variant,,
QA_10377,QA,PNT2,replace,1,đã,đạ,1,1,True,dialect_phrase,Connectives/Aspect markers,đã,HaTinh_QB_QT
QA_10377,QA,PNT2,replace,2,gì,chi,1,1,True,dialect_phrase,Interrogatives,gì,HaTinh_QB_QT; NgheAn
QA_10377,QA,PNT2,replace,3,vịnh,vinh,1,1,False,none,Out-of-scope,,
QA_10377,QA,PNT3,replace,0,năm,nam,1,1,False,none,Orthographic variant,,
QA_10377,QA,PNT3,replace,1,gì tại,chi ở cì chỗ,2,4,False,none,Multi-word idiom,,
QA_10377,QA,PNT4,replace,0,gì,chi,1,1,True,dialect_phrase,Interrogatives,gì,QuangNam
QA_10410,QA,PNB,replace,0,trrong,trong,1,1,False,none,Noise/Non-linguistic,,
QA_10410,QA,PNT1,replace,0,trrong gia,trong giai,2,2,False,none,Noise/Non-linguistic,,
QA_10410,QA,PNT2,replace,0,đã,đạ,1,1,True,dialect_phrase,Connectives/Aspect markers,đã,HaTinh_QB_QT
QA_10410,QA,PNT2,replace,1,vào làm những,vô mần nhửng,3,3,False,none,Multi-word idiom,,
QA_10410,QA,PNT2,replace,2,gì,chi,1,1,True,dialect_phrase,Interrogatives,gì,HaTinh_QB_QT; NgheAn
QA_10410,QA,PNT3,replace,0,trrong gia,trong kì giai,2,3,False,none,Noise/Non-linguistic,,
QA_10410,QA,PNT3,replace,1,đã,đạ,1,1,True,dialect_phrase,Connectives/Aspect markers,đã,HaTinh_QB_QT
QA_10410,QA,PNT3,replace,2,vào làm,vô mần,2,2,False,none,Multi-word idiom,,
QA_10410,QA,PNT3,insert,3,,kì,0,1,True,dialect_phrase,Negation/Function words,cái,HaTinh_QB_QT
QA_10410,QA,PNT3,replace,4,gì,chi,1,1,True,dialect_phrase,Interrogatives,gì; sao / thế nào,HaTinh_QB_QT; Hue
QA_10410,QA,PNT4,replace,0,trrong gia,trong giai,2,2,False,none,Noise/Non-linguistic,,
QA_10410,QA,PNT4,replace,1,vào,vô,1,1,False,none,Connectives/Aspect markers,,
QA_10410,QA,PNT4,replace,2,những,mấy,1,1,False,none,Negation/Function words,,
QA_10410,QA,PNT4,replace,3,gì,chi,1,1,True,dialect_phrase,Interrogatives,gì,QuangNam
QA_11490,QA,PNT1,replace,0,làm,mằn,1,1,True,standard_word,Predicate vocabulary,mần,ThanhHoa
QA_11490,QA,PNT2,replace,0,đã làm gì,đạ mần chi,3,3,False,none,Multi-word idiom,,
QA_11490,QA,PNT3,replace,0,làm gì,mần chi,2,2,True,dialect_phrase,Interrogatives,làm gì,HaTinh_QB_QT; Hue
QA_11490,QA,PNT4,replace,0,tin,nói,1,1,False,none,Predicate vocabulary,,
QA_11490,QA,PNT4,replace,1,gì,chi,1,1,True,dialect_phrase,Interrogatives,gì,QuangNam
QA_11800,QA,PNB,replace,0,người,quân,1,1,False,none,Predicate vocabulary,,
QA_11800,QA,PNB,replace,1,quân,quay,1,1,False,none,Noise/Non-linguistic,,
QA_11800,QA,PNB,replace,2,đối với,trước,2,1,False,none,Connectives/Aspect markers,,
QA_11800,QA,PNT2,replace,0,thế nào,răng,2,1,True,dialect_phrase,Interrogatives,sao / thế nào,HaTinh_QB_QT; NgheAn
QA_11800,QA,PNT2,replace,1,này,ni,1,1,True,dialect_phrase,Demonstratives/Deixis,này,HaTinh_QB_QT; NgheAn
QA_11800,QA,PNT3,replace,0,người,quân,1,1,False,none,Predicate vocabulary,,
QA_11800,QA,PNT3,delete,1,quân,,1,0,False,none,Unknown,,
QA_11800,QA,PNT3,replace,2,thế nào,răng,2,1,True,dialect_phrase,Interrogatives,sao / thế nào,HaTinh_QB_QT; Hue
QA_11800,QA,PNT3,replace,3,này,ni,1,1,True,dialect_phrase,Demonstratives/Deixis,này,HaTinh_QB_QT; Hue
QA_12019,QA,PNT2,replace,0,vào,vô,1,1,False,none,Connectives/Aspect markers,,
QA_12019,QA,PNT2,replace,1,nào,mô,1,1,True,dialect_phrase,Interrogatives; Negation/Function words,đâu (phủ định); đâu / nào,HaTinh_QB_QT; NgheAn
QA_12019,QA,PNT3,replace,0,nha-kẻ,nha - kẻ,1,3,False,none,Noise/Non-linguistic,,
QA_12019,QA,PNT3,replace,1,vào,vô,1,1,False,none,Connectives/Aspect markers,,
QA_12019,QA,PNT3,replace,2,nào,mô,1,1,True,dialect_phrase,Interrogatives; Negation/Function words,đâu (phủ định); đâu / nào,HaTinh_QB_QT; Hue
QA_1203,QA,PNN,replace,0,chú,để,1,1,False,none,Noise/Non-linguistic,,
QA_1203,QA,PNN,delete,1,như thế,,2,0,False,none,Unknown,,
QA_1203,QA,PNN,insert,2,,cái,0,1,True,dialect_phrase,Negation/Function words,cái,NamBo
QA_1203,QA,PNN,insert,3,,nó,0,1,True,dialect_phrase,Pronouns,nó,NamBo
QA_1203,QA,PNT1,replace,0,thế nào,răng,2,1,False,none,Interrogatives,,
QA_1203,QA,PNT1,replace,1,tử,tữ,1,1,False,none,Orthographic variant,,
QA_12099,QA,PNT2,replace,0,như thế nào,ra răng,3,2,False,none,Interrogatives,,
QA_12099,QA,PNT3,replace,0,thế nào,răng,2,1,True,dialect_phrase,Interrogatives,sao / thế nào,HaTinh_QB_QT; Hue
QA_1224,QA,PNN,insert,0,,đó,0,1,True,dialect_phrase,Demonstratives/Deixis,kia; ấy / đó,NamBo
QA_1224,QA,PNN,delete,1,lập tức,,2,0,False,none,Unknown,,
QA_1224,QA,PNN,insert,2,,liền,0,1,False,none,Unknown,,
QA_12824,QA,PNT3,replace,0,vào,vô,1,1,False,none,Connectives/Aspect markers,,
QA_12824,QA,PNT3,replace,1,thế nào,răng,2,1,True,dialect_phrase,Interrogatives,sao / thế nào,HaTinh_QB_QT; Hue
QA_13794,QA,PNT3,replace,0,thế,thể,1,1,True,standard_word,Demonstratives/Deixis,a rứa; như rứa,HaTinh_QB_QT; Hue
QA_13794,QA,PNT3,replace,1,thế nào,răng,2,1,True,dialect_phrase,Interrogatives,sao / thế nào,HaTinh_QB_QT; Hue
QA_1521,QA,PNN,insert,0,,vậy,0,1,True,dialect_phrase,Demonstratives/Deixis,thế này / vậy; vậy / thế,NamBo
QA_1521,QA,PNT4,replace,0,giai đoạn,thời gian,2,2,False,none,Predicate vocabulary,,
QA_1521,QA,PNT4,delete,1,là,,1,0,False,none,Unknown,,
QA_1521,QA,PNT4,replace,2,thế nào,ren,2,1,True,dialect_phrase,Interrogatives,sao / thế nào,QuangNam
SENT_0018,SENT,PNB,replace,0,chừ,giờ,1,1,False,none,Demonstratives/Deixis,,
SENT_0018,SENT,PNB,delete,1,vậy,,1,0,True,standard_word,Demonstratives/Deixis,thế (ấy); thế này,BacBo
SENT_0018,SENT,PNB,delete,2,trất,,1,0,False,none,Unknown,,
SENT_0018,SENT,PNN,replace,0,chừ,giờ,1,1,True,dialect_phrase,Negation/Function words,bây giờ,NamBo
SENT_0018,SENT,PNN,replace,1,trất,dẹp đi,1,2,False,none,Predicate vocabulary,,
SENT_0018,SENT,PNT1,replace,0,gì,chi,1,1,False,none,Interrogatives,,
SENT_0018,SENT,PNT2,replace,0,bây chừ,ni,2,1,True,dialect_phrase,Demonstratives/Deixis,này,HaTinh_QB_QT; NgheAn
SENT_0018,SENT,PNT2,replace,1,gì cũng,chi cụng,2,2,False,none,Multi-word idiom,,
SENT_0018,SENT,PNT2,replace,2,trất,dẹp,1,1,False,none,Predicate vocabulary,,
SENT_0018,SENT,PNT3,replace,0,bây chừ,ni,2,1,True,dialect_phrase,Demonstratives/Deixis,này,HaTinh_QB_QT; Hue
SENT_0018,SENT,PNT3,replace,1,gì,chi,1,1,True,dialect_phrase,Interrogatives,gì; sao / thế nào,HaTinh_QB_QT; Hue
SENT_0018,SENT,PNT3,delete,2,có thể,,2,0,False,none,Unknown,,
SENT_0018,SENT,PNT3,insert,3,,được,0,1,False,none,Unknown,,
SENT_0018,SENT,PNT3,replace,4,thôi trất,dẹp đi,2,2,False,none,Idiomatic expressions,,
SENT_0018,SENT,PNT4,replace,0,bây chừ,bi giờ,2,2,True,dialect_phrase,Negation/Function words,bây giờ,PhuYen; QuangNgai
SENT_0018,SENT,PNT4,replace,1,gì,chi,1,1,True,dialect_phrase,Interrogatives,gì,QuangNam
SENT_0018,SENT,PNT4,replace,2,vậy,rứa,1,1,True,standard_word,Demonstratives/Deixis,như dậy; như ri; như rứa; như vầy; như vậy,PhuYen; QuangNam; QuangNgai
SENT_0018,SENT,PNT4,replace,3,trất,tốt nhứt,1,2,False,none,Predicate vocabulary,,
SENT_0070,SENT,PNB,replace,0,vốn,trình độ,1,2,False,none,Predicate vocabulary,,
SENT_0070,SENT,PNT1,replace,0,xem cái này,xiêm cấy ni,3,3,False,none,Multi-word idiom,,
SENT_0070,SENT,PNT2,replace,0,này,ni,1,1,True,dialect_phrase,Demonstratives/Deixis,này,HaTinh_QB_QT; NgheAn
SENT_0070,SENT,PNT2,replace,1,cũng khá,cụng được,2,2,False,none,Multi-word idiom,,
SENT_0070,SENT,PNT3,replace,0,xem,coi,1,1,True,dialect_phrase,Predicate vocabulary,xem,HaTinh_QB_QT
SENT_0070,SENT,PNT3,replace,1,này,ni,1,1,True,dialect_phrase,Demonstratives/Deixis,này,HaTinh_QB_QT; Hue
SENT_0070,SENT,PNT3,replace,2,mình,tau,1,1,True,dialect_phrase,Pronouns,tao; tôi,HaTinh_QB_QT; Hue
SENT_0070,SENT,PNT4,replace,0,này,ni,1,1,True,dialect_phrase,Demonstratives/Deixis,này,QuangNam
SENT_0192,SENT,PNN,replace,0,phát khổ,mệt,2,1,False,none,Predicate vocabulary,,
SENT_0192,SENT,PNN,replace,1,bố mẹ,ba má,2,2,False,none,Kinship/Honorific terms,,
SENT_0192,SENT,PNN,replace,2,mấy,họ,1,1,False,none,Pronouns,,
SENT_0192,SENT,PNN,replace,3,thế nào,vậy,2,1,True,dialect_phrase,Demonstratives/Deixis,thế này / vậy; vậy / thế,NamBo
SENT_0192,SENT,PNT1,replace,0,làm,mần,1,1,True,dialect_phrase,Predicate vocabulary,làm,ThanhHoa
SENT_0192,SENT,PNT1,replace,1,chứ,chớ,1,1,False,none,Discourse particles,,
SENT_0192,SENT,PNT1,replace,2,con,cuôn,1,1,False,none,Orthographic variant,,
SENT_0192,SENT,PNT2,replace,0,mình,mà,1,1,False,none,Noise/Non-linguistic,,
SENT_0192,SENT,PNT2,replace,1,làm,mần,1,1,True,dialect_phrase,Predicate vocabulary,làm,HaTinh_QB_QT
SENT_0192,SENT,PNT2,insert,2,,không,0,1,False,none,Unknown,,
SENT_0192,SENT,PNT2,replace,3,sẽ,có lẹ,1,2,False,none,Connectives/Aspect markers,,
SENT_0192,SENT,PNT2,delete,4,bố mẹ vì,,3,0,False,none,Unknown,,
SENT_0192,SENT,PNT2,insert,5,,cấy,0,1,True,dialect_phrase,Negation/Function words,cái,HaTinh_QB_QT; NgheAn
SENT_0192,SENT,PNT2,replace,6,như thế nào,ni,3,1,True,dialect_phrase,Demonstratives/Deixis,này,HaTinh_QB_QT; NgheAn
SENT_0192,SENT,PNT3,replace,0,mình,mà tau,1,2,False,none,Pronouns,,
SENT_0192,SENT,PNT3,insert,1,,10 năm,0,2,False,none,Unknown,,
SENT_0192,SENT,PNT3,replace,2,chứ,chơ,1,1,True,dialect_phrase,Connectives/Aspect markers,chứ,HaTinh_QB_QT
SENT_0192,SENT,PNT3,replace,3,phát khổ,phải khổi,2,2,False,none,Predicate vocabulary,,
SENT_0192,SENT,PNT3,replace,4,bố,ba,1,1,True,standard_word,Kinship/Honorific terms,bọ; ôn,HaTinh_QB_QT; Hue
SENT_0192,SENT,PNT3,insert,5,,cì,0,1,False,none,Unknown,,
SENT_0192,SENT,PNT3,replace,6,thế nào,răng,2,1,True,dialect_phrase,Interrogatives,sao / thế nào,HaTinh_QB_QT; Hue
SENT_0192,SENT,PNT4,insert,0,,chừ,0,1,True,dialect_phrase,Negation/Function words,bây giờ,QuangNam
SENT_0192,SENT,PNT4,delete,1,sẽ,,1,0,False,none,Unknown,,
SENT_0192,SENT,PNT4,replace,2,bố mẹ,ba má,2,2,False,none,Kinship/Honorific terms,,
SENT_0192,SENT,PNT4,replace,3,thế nào,ri,2,1,True,standard_word,Interrogatives,ren; sao; sô,PhuYen; QuangNam; QuangNgai
SENT_0237,SENT,PNN,delete,0,người đàn,,2,0,False,none,Unknown,,
SENT_0237,SENT,PNN,delete,1,rất,,1,0,True,standard_word,Predicate vocabulary,dữ,NamBo
SENT_0237,SENT,PNN,replace,2,không nhỉ,lắm hông,2,2,False,none,Multi-word idiom,,
SENT_0237,SENT,PNN,delete,3,nhận,,1,0,False,none,Unknown,,
SENT_0237,SENT,PNN,replace,4,ông ấy,ổng,2,1,True,dialect_phrase,Pronouns,ông ấy,NamBo
SENT_0237,SENT,PNN,replace,5,không,hông,1,1,True,dialect_phrase,Negation/Function words,không,NamBo
SENT_0237,SENT,PNN,replace,6,không,hông,1,1,True,dialect_phrase,Negation/Function words,không,NamBo
SENT_0237,SENT,PNN,delete,7,ra,,1,0,False,none,Unknown,,
SENT_0237,SENT,PNT1,replace,0,có,cóa,1,1,False,none,Orthographic variant,,
SENT_0237,SENT,PNT1,delete,1,hình như,,2,0,False,none,Unknown,,
SENT_0237,SENT,PNT1,replace,2,này,ni,1,1,True,dialect_phrase,Demonstratives/Deixis,này,ThanhHoa
SENT_0237,SENT,PNT1,replace,3,ấy,nứ,1,1,True,dialect_phrase,Demonstratives/Deixis,ấy / đó,ThanhHoa
SENT_0237,SENT,PNT1,replace,4,or,hoặc,1,1,False,none,Connectives/Aspect markers,,
SENT_0237,SENT,PNT1,replace,5,nói,nuối,1,1,False,none,Orthographic variant,,
SENT_0237,SENT,PNT2,replace,0,nhìn thấy,chộ,2,1,True,dialect_phrase,Predicate vocabulary,thấy,HaTinh_QB_QT
SENT_0237,SENT,PNT2,replace,1,người,ngài,1,1,False,none,Orthographic variant,,
SENT_0237,SENT,PNT2,replace,2,này,ni,1,1,True,dialect_phrase,Demonstratives/Deixis,này,HaTinh_QB_QT; NgheAn
SENT_0237,SENT,PNT2,replace,3,nhỉ mình nhận thấy,hè tui chộ,4,3,False,none,Multi-word idiom,,
SENT_0237,SENT,PNT2,replace,4,ấy,ni,1,1,True,dialect_phrase,Demonstratives/Deixis,này,HaTinh_QB_QT; NgheAn
SENT_0237,SENT,PNT2,replace,5,không,nỏ,1,1,True,dialect_phrase,Negation/Function words,không,HaTinh_QB_QT; NgheAn
SENT_0237,SENT,PNT2,replace,6,or không,hoặc nỏ,2,2,False,none,Multi-word idiom,,
SENT_0237,SENT,PNT3,replace,0,nhìn thấy,chộ,2,1,True,dialect_phrase,Predicate vocabulary,thấy,HaTinh_QB_QT; Hue
SENT_0237,SENT,PNT3,delete,1,người đàn,,2,0,False,none,Unknown,,
SENT_0237,SENT,PNT3,replace,2,này,ni,1,1,True,dialect_phrase,Demonstratives/Deixis,này,HaTinh_QB_QT; Hue
SENT_0237,SENT,PNT3,replace,3,nhỉ mình nhận,hè tao,3,2,False,none,Multi-word idiom,,
SENT_0237,SENT,PNT3,insert,4,,là,0,1,False,none,Unknown,,
SENT_0237,SENT,PNT3,replace,5,ấy,ơ,1,1,True,standard_word,Demonstratives/Deixis; Discourse particles,nớ; tê; đỏ,HaTinh_QB_QT; Hue
SENT_0237,SENT,PNT3,delete,6,thể or không muốn,,4,0,False,none,Unknown,,
SENT_0237,SENT,PNT3,insert,7,,được,0,1,False,none,Unknown,,
SENT_0237,SENT,PNT4,delete,0,người đàn,,2,0,False,none,Unknown,,
SENT_0237,SENT,PNT4,replace,1,này,nớ,1,1,True,dialect_phrase,Demonstratives/Deixis,ấy / đó,QuangNam
SENT_0237,SENT,PNT4,delete,2,nhỉ,,1,0,False,none,Unknown,,
SENT_0237,SENT,PNT4,delete,3,nhận,,1,0,False,none,Unknown,,
SENT_0237,SENT,PNT4,replace,4,ấy,nớ,1,1,True,dialect_phrase,Demonstratives/Deixis,ấy / đó,QuangNam
SENT_0237,SENT,PNT4,replace,5,or,hay,1,1,False,none,Noise/Non-linguistic,,
SENT_0343,SENT,PNB,replace,0,móa thiệt chứ tụi,mé thật sự bọn,4,4,False,none,Noise/Non-linguistic,,
SENT_0343,SENT,PNB,insert,1,,để,0,1,False,none,Unknown,,
SENT_0343,SENT,PNB,delete,2,vậy,,1,0,True,standard_word,Demonstratives/Deixis,thế (ấy); thế này,BacBo
SENT_0343,SENT,PNN,replace,0,móa,má,1,1,False,none,Noise/Non-linguistic,,
SENT_0343,SENT,PNN,replace,1,nhỉ,ta,1,1,True,standard_word,Discourse particles,nhỉ,NamBo
SENT_0343,SENT,PNT1,replace,0,thiệt,thặc,1,1,False,none,Orthographic variant,,
SENT_0343,SENT,PNT1,replace,1,này,ni,1,1,True,dialect_phrase,Demonstratives/Deixis,này,ThanhHoa
SENT_0343,SENT,PNT1,replace,2,làm gì,mằn chi,2,2,True,standard_word,Interrogatives,mần chi,ThanhHoa
SENT_0343,SENT,PNT2,replace,0,móa thiệt chứ tụi này,moá thật chư bọn ni,5,5,False,none,Multi-word idiom,,
SENT_0343,SENT,PNT2,replace,1,làm gì vậy nhỉ,mần chi rứa hè,4,4,False,none,Multi-word idiom,,
SENT_0343,SENT,PNT3,replace,0,móa,mẹ,1,1,False,none,Kinship/Honorific terms,,
SENT_0343,SENT,PNT3,replace,1,chứ,chơ,1,1,True,dialect_phrase,Connectives/Aspect markers,chứ,HaTinh_QB_QT
SENT_0343,SENT,PNT3,replace,2,này,ni,1,1,True,dialect_phrase,Demonstratives/Deixis,này,HaTinh_QB_QT; Hue
SENT_0343,SENT,PNT3,replace,3,gì vậy nhỉ,chi rứa he,3,3,False,none,Multi-word idiom,,
SENT_0343,SENT,PNT4,replace,0,chứ,chớ,1,1,False,none,Discourse particles,,
SENT_0343,SENT,PNT4,replace,1,này,ni,1,1,True,dialect_phrase,Demonstratives/Deixis,này,QuangNam
SENT_0343,SENT,PNT4,replace,2,gì vậy nhỉ,chi ri bây,3,3,False,none,Interrogatives,,
SENT_0462,SENT,PNB,delete,0,như,,1,0,False,none,Unknown,,
SENT_0462,SENT,PNB,delete,1,bây,,1,0,False,none,Unknown,,
SENT_0462,SENT,PNB,replace,2,không,chả,1,1,True,standard_word,Negation/Function words,không,BacBo
SENT_0462,SENT,PNB,insert,3,,đem,0,1,False,none,Unknown,,
SENT_0462,SENT,PNN,replace,0,thế này,vầy,2,1,True,standard_word,Demonstratives/Deixis,vậy,NamBo
SENT_0462,SENT,PNN,replace,1,không,hông,1,1,True,dialect_phrase,Negation/Function words,không,NamBo
SENT_0462,SENT,PNN,replace,2,lười,làm biếng,1,2,False,none,Predicate vocabulary,,
SENT_0462,SENT,PNT1,replace,0,tao,tau,1,1,True,standard_word,Pronouns,choa,ThanhHoa
SENT_0462,SENT,PNT1,replace,1,viết,vít,1,1,False,none,Orthographic variant,,
SENT_0462,SENT,PNT1,replace,2,thế này,ri,2,1,False,none,Demonstratives/Deixis,,
SENT_0462,SENT,PNT1,replace,3,giờ,chừ,1,1,False,none,Demonstratives/Deixis,,
SENT_0462,SENT,PNT1,replace,4,muốn,mún,1,1,False,none,Orthographic variant,,
SENT_0462,SENT,PNT1,replace,5,đọc,đuộc,1,1,False,none,Orthographic variant,,
SENT_0462,SENT,PNT1,replace,6,có,cóa,1,1,False,none,Orthographic variant,,
SENT_0462,SENT,PNT2,replace,0,tao đã,tau đạ,2,2,False,none,Multi-word idiom,,
SENT_0462,SENT,PNT2,replace,1,như thế này bây giờ không,a ri chừ nỏ,6,4,False,none,Multi-word idiom,,
SENT_0462,SENT,PNT2,replace,2,lười,nhác,1,1,True,dialect_phrase,Predicate vocabulary,lười,HaTinh_QB_QT; NgheAn
SENT_0462,SENT,PNT3,replace,0,thế này bây giờ không muốn,ri chừ nỏ ưng,6,4,False,none,Multi-word idiom,,
SENT_0462,SENT,PNT3,replace,1,lười,nhác,1,1,True,dialect_phrase,Predicate vocabulary,lười,HaTinh_QB_QT; Hue
SENT_0462,SENT,PNT4,replace,0,tao,ta,1,1,True,dialect_phrase,Pronouns,tao; tôi,QuangNam
SENT_0462,SENT,PNT4,replace,1,thế này,ri,2,1,True,standard_word,Demonstratives/Deixis,như dậy; như ri; như vầy,PhuYen; QuangNam; QuangNgai
SENT_0462,SENT,PNT4,replace,2,giờ,chừ,1,1,True,dialect_phrase,Negation/Function words,bây giờ,QuangNam
SENT_0462,SENT,PNT4,insert,3,,ta,0,1,True,dialect_phrase,Pronouns,tao; tôi,QuangNam
SENT_0534,SENT,PNN,replace,0,thật quá,thiệt,2,1,True,dialect_phrase,Connectives/Aspect markers,thật,NamBo
SENT_0534,SENT,PNN,insert,1,,dữ,0,1,True,dialect_phrase,Predicate vocabulary,rất,NamBo
SENT_0534,SENT,PNN,replace,2,các,mấy,1,1,False,none,Negation/Function words,,
SENT_0534,SENT,PNN,replace,3,ấy,nấy,1,1,True,standard_word,Demonstratives/Deixis,đó,NamBo
SENT_0534,SENT,PNN,replace,4,nhé nhỉ,như,2,1,False,none,Discourse particles,,
SENT_0534,SENT,PNT1,replace,0,ảnh hưởng khủng,ãnh hưỡng khũng,3,3,False,none,Orthographic variant,,
SENT_0534,SENT,PNT1,replace,1,hoạ,họa,1,1,False,none,Orthographic variant,,
SENT_0534,SENT,PNT1,replace,2,này đời,ni đơì,2,2,False,none,Demonstratives/Deixis,,
SENT_0534,SENT,PNT1,delete,3,đời,,1,0,False,none,Unknown,,
SENT_0534,SENT,PNT1,replace,4,ấy,nấy,1,1,True,standard_word,Demonstratives/Deixis,nứ,ThanhHoa
SENT_0534,SENT,PNT1,replace,5,giờ,chừ,1,1,False,none,Demonstratives/Deixis,,
SENT_0534,SENT,PNT1,replace,6,nhé nhỉ,như,2,1,False,none,Discourse particles,,
SENT_0534,SENT,PNT1,replace,7,sao,răng,1,1,False,none,Interrogatives,,
SENT_0534,SENT,PNT2,replace,0,cái,ci,1,1,True,standard_word,Negation/Function words,cấy; kì,HaTinh_QB_QT; NgheAn
SENT_0534,SENT,PNT2,insert,1,,nhà,0,1,False,none,Unknown,,
SENT_0534,SENT,PNT2,insert,2,,ni,0,1,True,dialect_phrase,Demonstratives/Deixis,này,HaTinh_QB_QT; NgheAn
SENT_0534,SENT,PNT2,insert,3,,hấn làm,0,2,False,none,Unknown,,
SENT_0534,SENT,PNT2,replace,4,dã,dạ,1,1,False,none,Orthographic variant,,
SENT_0534,SENT,PNT2,replace,5,hoạ,họa,1,1,False,none,Orthographic variant,,
SENT_0534,SENT,PNT2,replace,6,mai này,sau ni,2,2,False,none,Multi-word idiom,,
SENT_0534,SENT,PNT2,delete,7,đời,,1,0,False,none,Unknown,,
SENT_0534,SENT,PNT2,insert,8,,cũng,0,1,False,none,Unknown,,
SENT_0534,SENT,PNT2,insert,9,,ci,0,1,False,none,Unknown,,
SENT_0534,SENT,PNT2,replace,10,đó,nớ,1,1,True,dialect_phrase,Demonstratives/Deixis,ấy / đó,HaTinh_QB_QT; NgheAn
SENT_0534,SENT,PNT2,replace,11,nào,mô,1,1,True,dialect_phrase,Interrogatives; Negation/Function words,đâu (phủ định); đâu / nào,HaTinh_QB_QT; NgheAn
SENT_0534,SENT,PNT2,replace,12,ấy,nớ,1,1,True,dialect_phrase,Demonstratives/Deixis,ấy / đó,HaTinh_QB_QT; NgheAn
SENT_0534,SENT,PNT2,insert,13,,có mà,0,2,False,none,Unknown,,
SENT_0534,SENT,PNT2,replace,14,bây giờ,giừ,2,1,True,standard_word,Negation/Function words,chừ,HaTinh_QB_QT
SENT_0534,SENT,PNT2,replace,15,thế,rứa,1,1,True,dialect_phrase,Demonstratives/Deixis,vậy / thế,NgheAn
SENT_0534,SENT,PNT2,replace,16,sao,can chi,1,2,True,standard_word,Interrogatives,răng,HaTinh_QB_QT; NgheAn
SENT_0534,SENT,PNT3,replace,0,cái,kì,1,1,True,dialect_phrase,Negation/Function words,cái,HaTinh_QB_QT
SENT_0534,SENT,PNT3,replace,1,các,mấy,1,1,False,none,Negation/Function words,,
SENT_0534,SENT,PNT3,replace,2,thật,thiệt,1,1,True,dialect_phrase,Connectives/Aspect markers,thật,HaTinh_QB_QT
SENT_0534,SENT,PNT3,delete,3,khủng khiếp,,2,0,False,none,Unknown,,
SENT_0534,SENT,PNT3,replace,4,các,mấy,1,1,False,none,Negation/Function words,,
SENT_0534,SENT,PNT3,replace,5,hoạ,họa,1,1,False,none,Orthographic variant,,
SENT_0534,SENT,PNT3,replace,6,này,rồi,1,1,True,standard_word,Demonstratives/Deixis,ni,HaTinh_QB_QT; Hue
SENT_0534,SENT,PNT3,replace,7,sẽ,cũng,1,1,False,none,Connectives/Aspect markers,,
SENT_0534,SENT,PNT3,replace,8,đó,nớ,1,1,True,dialect_phrase,Demonstratives/Deixis,kia; ấy / đó,HaTinh_QB_QT; Hue
SENT_0534,SENT,PNT3,replace,9,nào,mô,1,1,True,dialect_phrase,Interrogatives; Negation/Function words,đâu (phủ định); đâu / nào,HaTinh_QB_QT; Hue
SENT_0534,SENT,PNT3,replace,10,ấy,nớ,1,1,True,dialect_phrase,Demonstratives/Deixis,kia; ấy / đó,HaTinh_QB_QT; Hue
SENT_0534,SENT,PNT3,replace,11,bây giờ,chừ,2,1,True,dialect_phrase,Negation/Function words,bây giờ,HaTinh_QB_QT; Hue
SENT_0534,SENT,PNT3,replace,12,thế,rứa,1,1,True,standard_word,Demonstratives/Deixis,a rứa; như rứa,HaTinh_QB_QT; Hue
SENT_0534,SENT,PNT3,replace,13,sao,răng,1,1,True,dialect_phrase,Interrogatives,sao / thế nào,HaTinh_QB_QT; Hue
SENT_0534,SENT,PNT4,replace,0,thật quá,thiệt,2,1,False,none,Predicate vocabulary,,
SENT_0534,SENT,PNT4,insert,1,,ghê,0,1,False,none,Unknown,,
SENT_0534,SENT,PNT4,delete,2,quá,,1,0,False,none,Unknown,,
SENT_0534,SENT,PNT4,insert,3,,quá chừng,0,2,False,none,Unknown,,
SENT_0534,SENT,PNT4,replace,4,này,ni,1,1,True,dialect_phrase,Demonstratives/Deixis,này,QuangNam
SENT_0534,SENT,PNT4,replace,5,đó,nớ,1,1,True,dialect_phrase,Demonstratives/Deixis,ấy / đó,QuangNam
SENT_0534,SENT,PNT4,replace,6,nào,mô,1,1,True,dialect_phrase,Interrogatives,đâu / nào,QuangNam
SENT_0534,SENT,PNT4,replace,7,ấy,nớ,1,1,True,dialect_phrase,Demonstratives/Deixis,ấy / đó,QuangNam
SENT_0534,SENT,PNT4,replace,8,bây,bi,1,1,False,none,Demonstratives/Deixis,,
SENT_0534,SENT,PNT4,replace,9,nhé nhỉ thế,nghe như rứa,3,3,False,none,Discourse particles,,
SENT_0572,SENT,PNB,replace,0,răng,sao,1,1,True,dialect_phrase,Interrogatives,sao / thế nào,BacBo
SENT_0572,SENT,PNB,replace,1,rứa,thế,1,1,False,none,Demonstratives/Deixis,,
SENT_0572,SENT,PNN,replace,0,răng,sao,1,1,True,dialect_phrase,Interrogatives,sao / thế nào,NamBo
SENT_0572,SENT,PNN,replace,1,to,bự,1,1,False,none,Predicate vocabulary,,
SENT_0572,SENT,PNN,delete,2,nó,,1,0,True,standard_word,Pronouns,nó,NamBo
SENT_0572,SENT,PNN,replace,3,rứa,vậy,1,1,True,dialect_phrase,Demonstratives/Deixis,thế này / vậy; vậy / thế,NamBo
SENT_0572,SENT,PNT1,replace,0,cũng,củng,1,1,False,none,Orthographic variant,,
SENT_0572,SENT,PNT1,replace,1,răng,sao,1,1,False,none,Interrogatives,,
SENT_0572,SENT,PNT1,replace,2,tư tao,tự tạo,2,2,False,none,Noise/Non-linguistic,,
SENT_0572,SENT,PNT1,replace,3,gì,chi,1,1,False,none,Interrogatives,,
SENT_0572,SENT,PNT2,replace,0,nhỉ,hè,1,1,True,dialect_phrase,Discourse particles,nhỉ,HaTinh_QB_QT
SENT_0572,SENT,PNT2,replace,1,nó,hấn,1,1,True,standard_word,Pronouns,hắn; nghị,HaTinh_QB_QT
SENT_0572,SENT,PNT2,replace,2,nó,hấn,1,1,True,standard_word,Pronouns,hắn; nghị,HaTinh_QB_QT
SENT_0572,SENT,PNT2,replace,3,gì,chi,1,1,True,dialect_phrase,Interrogatives,gì,HaTinh_QB_QT; NgheAn
SENT_0572,SENT,PNT3,replace,0,tại,vì,1,1,False,none,Connectives/Aspect markers,,
SENT_0572,SENT,PNT3,replace,1,nhỉ,hè,1,1,True,dialect_phrase,Discourse particles,nhỉ,HaTinh_QB_QT
SENT_0572,SENT,PNT3,replace,2,nó,hắn,1,1,True,dialect_phrase,Pronouns,nó,HaTinh_QB_QT; Hue
SENT_0572,SENT,PNT3,delete,3,nó,,1,0,True,standard_word,Pronouns,hắn; nghị,HaTinh_QB_QT; Hue
SENT_0572,SENT,PNT3,replace,4,gì,chi,1,1,True,dialect_phrase,Interrogatives,gì; sao / thế nào,HaTinh_QB_QT; Hue
SENT_0572,SENT,PNT4,replace,0,nhỉ,rứa,1,1,False,none,Discourse particles,,
SENT_0572,SENT,PNT4,replace,1,to,bự,1,1,True,dialect_phrase,Predicate vocabulary,to,QuangNgai
SENT_0572,SENT,PNT4,replace,2,gì,chi,1,1,True,dialect_phrase,Interrogatives,gì,QuangNam
SENT_0626,SENT,PNT1,replace,0,nào cũng,mô củng,2,2,False,none,Interrogatives,,
SENT_0626,SENT,PNT1,replace,1,không,chả,1,1,False,none,Negation/Function words,,
SENT_0626,SENT,PNT1,replace,2,thiếu thiếu,thíu thíu,2,2,False,none,Orthographic variant,,
SENT_0626,SENT,PNT1,replace,3,tao,tau,1,1,True,standard_word,Pronouns,choa,ThanhHoa
SENT_0626,SENT,PNT2,replace,0,nào,mô,1,1,True,dialect_phrase,Interrogatives; Negation/Function words,đâu (phủ định); đâu / nào,HaTinh_QB_QT; NgheAn
SENT_0626,SENT,PNT2,insert,1,,ci,0,1,False,none,Unknown,,
SENT_0626,SENT,PNT2,replace,2,vậy không,khung,2,1,False,none,Noise/Non-linguistic,,
SENT_0626,SENT,PNT2,replace,3,tao,tau,1,1,True,dialect_phrase,Pronouns,tao,HaTinh_QB_QT
SENT_0626,SENT,PNT2,insert,4,,có,0,1,False,none,Unknown,,
SENT_0626,SENT,PNT3,replace,0,nào,mô,1,1,True,dialect_phrase,Interrogatives; Negation/Function words,đâu (phủ định); đâu / nào,HaTinh_QB_QT; Hue
SENT_0626,SENT,PNT3,replace,1,vậy không,cũng được nỏ,2,3,False,none,Multi-word idiom,,
SENT_0626,SENT,PNT3,replace,2,tao,tau,1,1,True,dialect_phrase,Pronouns,tao; tôi,HaTinh_QB_QT; Hue
SENT_0626,SENT,PNT4,replace,0,tao,ta,1,1,True,dialect_phrase,Pronouns,tao; tôi,QuangNam
SENT_0696,SENT,PNN,replace,0,tôi,tui,1,1,True,dialect_phrase,Pronouns,tôi,NamBo
SENT_0696,SENT,PNN,insert,1,,bởi,0,1,False,none,Unknown,,
SENT_0696,SENT,PNN,replace,2,đuổi,rượt,1,1,False,none,Predicate vocabulary,,
SENT_0696,SENT,PNN,replace,3,chúng,tụi,1,1,False,none,Pronouns,,
SENT_0696,SENT,PNN,replace,4,không,hông,1,1,True,dialect_phrase,Negation/Function words,không,NamBo
SENT_0696,SENT,PNN,replace,5,đuổi,rượt,1,1,False,none,Predicate vocabulary,,
SENT_0696,SENT,PNN,replace,6,tôi,tui,1,1,True,dialect_phrase,Pronouns,tôi,NamBo
SENT_0696,SENT,PNT3,replace,0,tôi,tau,1,1,True,dialect_phrase,Pronouns,tao; tôi,HaTinh_QB_QT; Hue
SENT_0696,SENT,PNT3,insert,1,,bởi,0,1,False,none,Unknown,,
SENT_0696,SENT,PNT3,replace,2,này,ni,1,1,True,dialect_phrase,Demonstratives/Deixis,này,HaTinh_QB_QT; Hue
SENT_0696,SENT,PNT3,delete,3,mỗi,,1,0,False,none,Unknown,,
SENT_0696,SENT,PNT3,insert,4,,mô,0,1,True,dialect_phrase,Interrogatives; Negation/Function words,đâu (phủ định); đâu / nào,HaTinh_QB_QT; Hue
SENT_0696,SENT,PNT3,replace,5,ngõ,trổng,1,1,False,none,Predicate vocabulary,,
SENT_0696,SENT,PNT3,replace,6,nó,hắn,1,1,True,dialect_phrase,Pronouns,nó,HaTinh_QB_QT; Hue
SENT_0696,SENT,PNT3,replace,7,tao,tau,1,1,True,dialect_phrase,Pronouns,tao; tôi,HaTinh_QB_QT; Hue
SENT_0696,SENT,PNT3,insert,8,,phải,0,1,False,none,Unknown,,
SENT_0696,SENT,PNT3,delete,9,cứ phải đắn đo mỗi lần qua đó xem có chúng nó không rồi ù chạy như ma đuổi haizz tuổi thơ tôi,,23,0,False,none,Unknown,,
SENT_0696,SENT,PNT4,replace,0,tôi,ta,1,1,True,dialect_phrase,Pronouns,tao; tôi,QuangNam
SENT_0696,SENT,PNT4,replace,1,này,ni ak,1,2,True,standard_word,Demonstratives/Deixis,ni; này,PhuYen; QuangNam; QuangNgai
SENT_0696,SENT,PNT4,replace,2,nó,hén,1,1,True,dialect_phrase,Pronouns,nó,QuangNam
SENT_0696,SENT,PNT4,replace,3,tao lại,ta,2,1,True,dialect_phrase,Pronouns,tao; tôi,QuangNam
SENT_0696,SENT,PNT4,replace,4,thục mạng,chết mẹ,2,2,False,none,Idiomatic expressions,,
SENT_0696,SENT,PNT4,insert,5,,coi,0,1,True,dialect_phrase,Predicate vocabulary,thấy,PhuYen; QuangNgai
SENT_0696,SENT,PNT4,insert,6,,tụi hén,0,2,False,none,Unknown,,
SENT_0696,SENT,PNT4,replace,7,chúng nó không,đó hân,3,2,False,none,Noise/Non-linguistic,,
SENT_0696,SENT,PNT4,insert,8,,chạy,0,1,False,none,Unknown,,
SENT_0696,SENT,PNT4,replace,9,chạy,qua,1,1,False,none,Predicate vocabulary,,
SENT_0696,SENT,PNT4,replace,10,tôi,ta,1,1,True,dialect_phrase,Pronouns,tao; tôi,QuangNam
SENT_0814,SENT,PNB,replace,0,cứ phải,toàn như,2,2,False,none,Idiomatic expressions,,
SENT_0814,SENT,PNB,replace,1,gì,sao,1,1,True,dialect_phrase,Interrogatives,sao / thế nào,BacBo
SENT_0814,SENT,PNN,replace,0,gà,dở,1,1,False,none,Noise/Non-linguistic,,
SENT_0814,SENT,PNT2,replace,0,thế này cơ,như ri chơ,3,3,False,none,Multi-word idiom,,
SENT_0814,SENT,PNT2,replace,1,này,ni,1,1,True,dialect_phrase,Demonstratives/Deixis,này,HaTinh_QB_QT; NgheAn
SENT_0814,SENT,PNT2,replace,2,vào,vô,1,1,False,none,Connectives/Aspect markers,,
SENT_0814,SENT,PNT2,replace,3,chứ làm gì,chơ mần chi,3,3,False,none,Multi-word idiom,,
SENT_0814,SENT,PNT2,replace,4,dắt,dắc,1,1,False,none,Orthographic variant,,
SENT_0814,SENT,PNT2,replace,5,thế kia,rứa tê,2,2,False,none,Demonstratives/Deixis,,
SENT_0814,SENT,PNT3,insert,0,,kì,0,1,True,dialect_phrase,Negation/Function words,cái,HaTinh_QB_QT
SENT_0814,SENT,PNT3,replace,1,không,nỏ,1,1,True,dialect_phrase,Negation/Function words,không,HaTinh_QB_QT
SENT_0814,SENT,PNT3,insert,2,,thì,0,1,False,none,Unknown,,
SENT_0814,SENT,PNT3,replace,3,thế này cơ mà,như ri chơ đều,4,4,False,none,Multi-word idiom,,
SENT_0814,SENT,PNT3,replace,4,này,ni,1,1,True,dialect_phrase,Demonstratives/Deixis,này,HaTinh_QB_QT; Hue
SENT_0814,SENT,PNT3,replace,5,thật,thiệt,1,1,True,dialect_phrase,Connectives/Aspect markers,thật,HaTinh_QB_QT
SENT_0814,SENT,PNT3,replace,6,mẹ vào,vô,2,1,False,none,Kinship/Honorific terms,,
SENT_0814,SENT,PNT3,delete,7,mà,,1,0,False,none,Unknown,,
SENT_0814,SENT,PNT3,replace,8,chứ làm gì,cho rồi chơ mần chi,3,5,False,none,Multi-word idiom,,
SENT_0814,SENT,PNT3,replace,9,dắt,đắc,1,1,False,none,Predicate vocabulary,,
SENT_0814,SENT,PNT3,replace,10,thế kia,rứa,2,1,False,none,Demonstratives/Deixis,,
SENT_0814,SENT,PNT4,replace,0,thế này,tri,2,1,True,standard_word,Demonstratives/Deixis,như dậy; như ri; như vầy,PhuYen; QuangNam; QuangNgai
SENT_0814,SENT,PNT4,replace,1,làm gì,mắc chi,2,2,False,none,Predicate vocabulary,,
SENT_0835,SENT,PNN,delete,0,tại,,1,0,False,none,Unknown,,
SENT_0835,SENT,PNN,replace,1,kia,đó,1,1,True,dialect_phrase,Demonstratives/Deixis,kia; ấy / đó,NamBo
SENT_0835,SENT,PNN,replace,2,không,hông,1,1,True,dialect_phrase,Negation/Function words,không,NamBo
SENT_0835,SENT,PNT2,replace,0,nó,hấn,1,1,True,standard_word,Pronouns,hắn; nghị,HaTinh_QB_QT
SENT_0835,SENT,PNT2,replace,1,sao,răng,1,1,True,dialect_phrase,Interrogatives,sao / thế nào,HaTinh_QB_QT; NgheAn
SENT_0835,SENT,PNT2,replace,2,kia,tê,1,1,True,dialect_phrase,Demonstratives/Deixis; Pronouns,anh ấy; kia,HaTinh_QB_QT; NgheAn
SENT_0835,SENT,PNT2,replace,3,nhíp,nhím,1,1,False,none,Orthographic variant,,
SENT_0835,SENT,PNT2,replace,4,cũng không thấy,cụng nỏ chộ,3,3,False,none,Multi-word idiom,,
SENT_0835,SENT,PNT3,replace,0,nó,trời,1,1,True,standard_word,Pronouns,hắn; nghị,HaTinh_QB_QT; Hue
SENT_0835,SENT,PNT3,replace,1,sao,răng,1,1,True,dialect_phrase,Interrogatives,sao / thế nào,HaTinh_QB_QT; Hue
SENT_0835,SENT,PNT3,replace,2,nhíp,nhấp,1,1,False,none,Orthographic variant,,
SENT_0835,SENT,PNT3,replace,3,không,nỏ,1,1,True,dialect_phrase,Negation/Function words,không,HaTinh_QB_QT
SENT_0835,SENT,PNT3,insert,4,,chi,0,1,True,dialect_phrase,Interrogatives,gì; sao / thế nào,HaTinh_QB_QT; Hue
SENT_0895,SENT,PNT3,replace,0,làm,mần,1,1,True,dialect_phrase,Predicate vocabulary,làm,HaTinh_QB_QT; Hue
SENT_0895,SENT,PNT3,replace,1,vậy,rứa,1,1,True,standard_word,Demonstratives/Deixis,a rứa; như ri; như rứa; ri,HaTinh_QB_QT; Hue
SENT_0895,SENT,PNT3,replace,2,hôm nó gặm,bựa hắn cắm,3,3,False,none,Multi-word idiom,,
SENT_0895,SENT,PNT3,replace,3,cả,với,1,1,False,none,Connectives/Aspect markers,,
SENT_0895,SENT,PNT4,replace,0,vậy,rứa,1,1,True,standard_word,Demonstratives/Deixis,như dậy; như ri; như rứa; như vầy; như vậy,PhuYen; QuangNam; QuangNgai
SENT_0895,SENT,PNT4,replace,1,hôm nó,bữa hén,2,2,False,none,Demonstratives/Deixis,,
SENT_0958,SENT,PNT2,replace,0,chuẩn tao,ừa tau,2,2,False,none,Multi-word idiom,,
SENT_0958,SENT,PNT2,replace,1,chơi hoặc làm,nhởi hay mần,3,3,False,none,Multi-word idiom,,
SENT_0958,SENT,PNT2,replace,2,cùng,với,1,1,False,none,Connectives/Aspect markers,,
SENT_0958,SENT,PNT2,insert,3,,có,0,1,False,none,Unknown,,
SENT_0958,SENT,PNT2,replace,4,thì tao,chắc tau,2,2,False,none,Multi-word idiom,,
SENT_0958,SENT,PNT2,replace,5,nào,mô,1,1,True,dialect_phrase,Interrogatives; Negation/Function words,đâu (phủ định); đâu / nào,HaTinh_QB_QT; NgheAn
SENT_0958,SENT,PNT2,replace,6,sau đó bị,quá mấy nữa,3,3,False,none,Multi-word idiom,,
SENT_0958,SENT,PNT2,insert,7,,luôn,0,1,False,none,Unknown,,
SENT_0958,SENT,PNT3,replace,0,tao,tau,1,1,True,dialect_phrase,Pronouns,tao; tôi,HaTinh_QB_QT; Hue
SENT_0958,SENT,PNT3,replace,1,chơi hoặc làm,dởi hay mần,3,3,False,none,Multi-word idiom,,
SENT_0958,SENT,PNT3,replace,2,gái,cấy,1,1,True,dialect_phrase,Negation/Function words,cái,HaTinh_QB_QT
SENT_0958,SENT,PNT3,replace,3,thời gian,tỉ,2,1,False,none,Predicate vocabulary,,
SENT_0958,SENT,PNT3,replace,4,tao,tau,1,1,True,dialect_phrase,Pronouns,tao; tôi,HaTinh_QB_QT; Hue
SENT_0958,SENT,PNT3,replace,5,nào,mô,1,1,True,dialect_phrase,Interrogatives; Negation/Function words,đâu (phủ định); đâu / nào,HaTinh_QB_QT; Hue
SENT_0958,SENT,PNT4,replace,0,chuẩn tao,đúng dậy ta,2,3,False,none,Pronouns,,
SENT_0958,SENT,PNT4,replace,1,hoặc làm,hay lồm,2,2,False,none,Predicate vocabulary,,
SENT_0958,SENT,PNT4,replace,2,cùng bọn,với tụi,2,2,False,none,Pronouns,,
SENT_0958,SENT,PNT4,replace,3,một thời gian,mấy bữa,3,2,False,none,Predicate vocabulary,,
SENT_0958,SENT,PNT4,replace,4,tao ngày nào,ta ngà mô,3,3,False,none,Interrogatives,,
SENT_0958,SENT,PNT4,replace,5,sờ,xì,1,1,False,none,Predicate vocabulary,,
SENT_0958,SENT,PNT4,replace,6,sau,sa,1,1,False,none,Orthographic variant,,
SENT_1093,SENT,PNT2,replace,0,không,nỏ,1,1,True,dialect_phrase,Negation/Function words,không,HaTinh_QB_QT; NgheAn
SENT_1093,SENT,PNT2,replace,1,này sợ thật đấy,hết cả hồn,4,3,False,none,Idiomatic expressions,,
SENT_1093,SENT,PNT3,replace,0,không,nỏ,1,1,True,dialect_phrase,Negation/Function words,không,HaTinh_QB_QT
SENT_1093,SENT,PNT3,replace,1,này,ni,1,1,True,dialect_phrase,Demonstratives/Deixis,này,HaTinh_QB_QT; Hue
SENT_1093,SENT,PNT3,replace,2,thật đấy,thiệt,2,1,True,dialect_phrase,Connectives/Aspect markers,thật,HaTinh_QB_QT
SENT_1093,SENT,PNT4,replace,0,quả này,cú ni,2,2,False,none,Demonstratives/Deixis,,
SENT_1093,SENT,PNT4,replace,1,thật đấy,kinh á,2,2,False,none,Discourse particles,,
SENT_1098,SENT,PNT3,replace,0,sao,răng,1,1,True,dialect_phrase,Interrogatives,sao / thế nào,HaTinh_QB_QT; Hue
SENT_1098,SENT,PNT3,replace,1,tao vậy,tau ri,2,2,False,none,Multi-word idiom,,
SENT_1098,SENT,PNT4,replace,0,sao,ren,1,1,True,dialect_phrase,Interrogatives,sao / thế nào,QuangNam
SENT_1098,SENT,PNT4,replace,1,tao vậy,ta rứa,2,2,False,none,Demonstratives/Deixis,,
SENT_1146,SENT,PNT3,replace,0,giống tao nhưng,y tau mà,3,3,False,none,Multi-word idiom,,
SENT_1146,SENT,PNT3,replace,1,tao,tau,1,1,True,dialect_phrase,Pronouns,tao; tôi,HaTinh_QB_QT; Hue
SENT_1146,SENT,PNT3,replace,2,mẹ tao xưa,mạ tau hồi ơ,3,4,False,none,Multi-word idiom,,
SENT_1146,SENT,PNT3,replace,3,nên,bơ,1,1,True,dialect_phrase,Connectives/Aspect markers,thì / nên,HaTinh_QB_QT
SENT_1146,SENT,PNT3,replace,4,chứ,chơ răng,1,2,True,standard_word,Connectives/Aspect markers,chơ,HaTinh_QB_QT
SENT_1146,SENT,PNT3,replace,5,liền là không,luôn,3,1,False,none,Predicate vocabulary,,
SENT_1146,SENT,PNT4,replace,0,tao,ta,1,1,True,dialect_phrase,Pronouns,tao; tôi,QuangNam
SENT_1146,SENT,PNT4,replace,1,tao,ta,1,1,True,dialect_phrase,Pronouns,tao; tôi,QuangNam
SENT_1146,SENT,PNT4,replace,2,thẹo,sẹo,1,1,False,none,Orthographic variant,,
SENT_1146,SENT,PNT4,replace,3,tao,ta,1,1,True,dialect_phrase,Pronouns,tao; tôi,QuangNam
SENT_1146,SENT,PNT4,replace,4,thẹo,sẹo,1,1,False,none,Orthographic variant,,
SENT_1146,SENT,PNT4,replace,5,chứ,chớ,1,1,False,none,Discourse particles,,
SENT_1161,SENT,PNT2,replace,0,này,ni,1,1,True,dialect_phrase,Demonstratives/Deixis,này,HaTinh_QB_QT; NgheAn
SENT_1161,SENT,PNT2,replace,1,không,nỏ,1,1,True,dialect_phrase,Negation/Function words,không,HaTinh_QB_QT; NgheAn
SENT_1161,SENT,PNT2,insert,2,,cho tau,0,2,False,none,Unknown,,
SENT_1161,SENT,PNT2,replace,3,tao,tau,1,1,True,dialect_phrase,Pronouns,tao,HaTinh_QB_QT
SENT_1161,SENT,PNT2,replace,4,kkkk,kkk,1,1,False,none,Noise/Non-linguistic,,
SENT_1161,SENT,PNT3,replace,0,này,ri,1,1,True,dialect_phrase,Demonstratives/Deixis,thế này / vậy,HaTinh_QB_QT
SENT_1161,SENT,PNT3,replace,1,không,nỏ,1,1,True,dialect_phrase,Negation/Function words,không,HaTinh_QB_QT
SENT_1161,SENT,PNT3,delete,2,cùng,,1,0,False,none,Unknown,,
SENT_1161,SENT,PNT3,replace,3,bước,đoạn,1,1,False,none,Predicate vocabulary,,
SENT_1161,SENT,PNT3,replace,4,xem,răng,1,1,True,dialect_phrase,Interrogatives,sao / thế nào,HaTinh_QB_QT; Hue
SENT_1161,SENT,PNT3,replace,5,tao,tau,1,1,True,dialect_phrase,Pronouns,tao; tôi,HaTinh_QB_QT; Hue
SENT_1161,SENT,PNT3,insert,6,,kì,0,1,True,dialect_phrase,Negation/Function words,cái,HaTinh_QB_QT
SENT_1161,SENT,PNT4,replace,0,này,ni,1,1,True,dialect_phrase,Demonstratives/Deixis,này,QuangNam
SENT_1161,SENT,PNT4,replace,1,xem,coi,1,1,True,dialect_phrase,Predicate vocabulary,thấy,PhuYen; QuangNgai
SENT_1161,SENT,PNT4,replace,2,tao,ta,1,1,True,dialect_phrase,Pronouns,tao; tôi,QuangNam
SENT_1161,SENT,PNT4,replace,3,ngay,liền,1,1,False,none,Predicate vocabulary,,
SENT_1172,SENT,PNT3,replace,0,nhỉ sao,rứa răng,2,2,False,none,Multi-word idiom,,
SENT_1172,SENT,PNT3,replace,1,đó vậy ta,nớ hè,3,2,False,none,Multi-word idiom,,
SENT_1172,SENT,PNT4,replace,0,nhỉ,dậy,1,1,False,none,Discourse particles,,
SENT_1172,SENT,PNT4,replace,1,tới,xuống,1,1,False,none,Predicate vocabulary,,
SENT_1172,SENT,PNT4,replace,2,vậy,dậy,1,1,True,standard_word,Demonstratives/Deixis,như dậy; như ri; như rứa; như vầy; như vậy,PhuYen; QuangNam; QuangNgai
SENT_1192,SENT,PNT3,replace,0,dẫn gấu,đắc bồ,2,2,False,none,Predicate vocabulary,,
SENT_1192,SENT,PNT3,replace,1,tránh,tréng,1,1,False,none,Orthographic variant,,
SENT_1192,SENT,PNT3,replace,2,đám,chỗ,1,1,False,none,Predicate vocabulary,,
SENT_1192,SENT,PNT3,insert,3,,người,0,1,False,none,Unknown,,
SENT_1192,SENT,PNT3,delete,4,nhé,,1,0,True,standard_word,Discourse particles,nghe,HaTinh_QB_QT; Hue
SENT_1192,SENT,PNT3,replace,5,chen,xô,1,1,False,none,Predicate vocabulary,,
SENT_1192,SENT,PNT3,replace,6,tao,tau,1,1,True,dialect_phrase,Pronouns,tao; tôi,HaTinh_QB_QT; Hue
SENT_1192,SENT,PNT3,replace,7,xơi,ăn,1,1,False,none,Predicate vocabulary,,
SENT_1192,SENT,PNT3,replace,8,đấy,đó,1,1,True,standard_word,Discourse particles,đỏ,HaTinh_QB_QT
SENT_1192,SENT,PNT4,replace,0,thằng,đứa,1,1,False,none,Predicate vocabulary,,
SENT_1192,SENT,PNT4,replace,1,gấu,ghệ,1,1,False,none,Predicate vocabulary,,
SENT_1192,SENT,PNT4,replace,2,tránh xa,né,2,1,False,none,Predicate vocabulary,,
SENT_1192,SENT,PNT4,replace,3,nhé,nghe,1,1,False,none,Discourse particles,,
SENT_1192,SENT,PNT4,insert,4,,có,0,1,False,none,Unknown,,
SENT_1192,SENT,PNT4,delete,5,bố,,1,0,True,standard_word,Kinship/Honorific terms,ba,QuangNam; QuangNgai
SENT_1192,SENT,PNT4,insert,6,,cá,0,1,False,none,Unknown,,
SENT_1192,SENT,PNT4,delete,7,đã,,1,0,False,none,Unknown,,
SENT_1192,SENT,PNT4,replace,8,xơi,ăn,1,1,False,none,Predicate vocabulary,,
SENT_1192,SENT,PNT4,replace,9,đấy,đó,1,1,True,dialect_phrase,Demonstratives/Deixis,ấy / đó,PhuYen; QuangNgai
SENT_1222,SENT,PNT3,replace,0,tao,tau,1,1,True,dialect_phrase,Pronouns,tao; tôi,HaTinh_QB_QT; Hue
SENT_1222,SENT,PNT3,replace,1,làm,mần,1,1,True,dialect_phrase,Predicate vocabulary,làm,HaTinh_QB_QT; Hue
SENT_1222,SENT,PNT3,replace,2,chay,chạy,1,1,False,none,Orthographic variant,,
SENT_1222,SENT,PNT3,replace,3,nó vương,hắn vươn,2,2,False,none,Pronouns,,
SENT_1222,SENT,PNT3,replace,4,muốn,ưng,1,1,False,none,Predicate vocabulary,,
SENT_1222,SENT,PNT3,replace,5,tao,tau,1,1,True,dialect_phrase,Pronouns,tao; tôi,HaTinh_QB_QT; Hue
SENT_1222,SENT,PNT3,replace,6,tao,tau còn,1,2,True,standard_word,Pronouns,tau,HaTinh_QB_QT; Hue
SENT_1222,SENT,PNT3,replace,7,làm gì nó,mần chi hắn,3,3,False,none,Multi-word idiom,,
SENT_1222,SENT,PNT3,replace,8,tao,tay,1,1,True,standard_word,Pronouns,tau,HaTinh_QB_QT; Hue
SENT_1222,SENT,PNT3,replace,9,ly,xa,1,1,False,none,Predicate vocabulary,,
SENT_1222,SENT,PNT3,replace,10,""" nghìn mét ""","""ngàn mét""",4,2,False,none,Orthographic variant,,
SENT_1222,SENT,PNT3,replace,11,nó thấy nó,hắn chộ hắn,3,3,False,none,Multi-word idiom,,
SENT_1222,SENT,PNT4,replace,0,chay,chạy,1,1,False,none,Orthographic variant,,
SENT_1222,SENT,PNT4,replace,1,tao,ta,1,1,True,dialect_phrase,Pronouns,tao; tôi,QuangNam
SENT_1222,SENT,PNT4,replace,2,không,chả,1,1,True,standard_word,Negation/Function words,hong; hông; hổng; không,PhuYen; QuangNam; QuangNgai
SENT_1222,SENT,PNT4,replace,3,gì,chi,1,1,True,dialect_phrase,Interrogatives,gì,QuangNam
SENT_1222,SENT,PNT4,replace,4,""" nghìn mét ""","""nghàn mét""",4,2,False,none,Orthographic variant,,
SENT_1222,SENT,PNT4,replace,5,bỏ mẹ,thấy mồ,2,2,False,none,Idiomatic expressions,,
SENT_1338,SENT,PNT4,delete,0,mồm,,1,0,False,none,Unknown,,
SENT_1338,SENT,PNT4,replace,1,rộng toang toác,ngoác mồm,3,2,False,none,Idiomatic expressions,,
SENT_1338,SENT,PNT4,delete,2,như,,1,0,False,none,Unknown,,
SENT_1410,SENT,PNT4,replace,0,vương,giương,1,1,False,none,Orthographic variant,,
SENT_1410,SENT,PNT4,replace,1,tính,định,1,1,False,none,Predicate vocabulary,,
SENT_1410,SENT,PNT4,replace,2,dội,bật,1,1,False,none,Predicate vocabulary,,
