sample_id,task,target_dialect,opcode,standard_span,dialect_span,category,source
MCQA_0013_3,MCQA,PNT2,replace,đã,đạ,Connectives/Aspect markers,lexicon_match
MCQA_0013_3,MCQA,PNT2,replace,gì,chi,Interrogatives,lexicon_match
MCQA_0013_3,MCQA,PNT2,replace,làm,mần,Predicate vocabulary,lexicon_match
MCQA_0013_3,MCQA,PNT3,replace,gì,chi,Interrogatives,lexicon_match
MCQA_0013_3,MCQA,PNT3,replace,bố,ba,Kinship/Honorific terms,lexicon_match
MCQA_0013_4,MCQA,PNN,replace,làm,mần,Predicate vocabulary,lexicon_match
MCQA_0013_4,MCQA,PNT1,replace,về,viền,Predicate vocabulary,lexicon_match
MCQA_0013_4,MCQA,PNT2,replace,nào,mô,Interrogatives; Negation/Function words,lexicon_match
MCQA_0013_4,MCQA,PNT2,replace,đã,đạ,Connectives/Aspect markers,lexicon_match
MCQA_0013_4,MCQA,PNT2,replace,làm,mần,Predicate vocabulary,lexicon_match
MCQA_0013_4,MCQA,PNT2,replace,đã,dạ,Connectives/Aspect markers,lexicon_match
MCQA_0014_1,MCQA,PNT1,replace,đâu,mô,Negation/Function words,lexicon_match
MCQA_0014_1,MCQA,PNT2,replace,đâu,mô,Interrogatives; Negation/Function words,lexicon_match
MCQA_0014_1,MCQA,PNT3,replace,đâu vào,mô,Interrogatives; Negation/Function words,lexicon_match
MCQA_0016_0,MCQA,PNT2,replace,làm gì vào,mần chi,Interrogatives,lexicon_match
MCQA_0016_5,MCQA,PNT2,replace,đã,đạ,Connectives/Aspect markers,lexicon_match
MCQA_0016_5,MCQA,PNT2,replace,gì,chi,Interrogatives,lexicon_match
MCQA_0016_5,MCQA,PNT2,replace,như vậy,a rứa,Demonstratives/Deixis,lexicon_match
MCQA_0016_5,MCQA,PNT2,replace,nay,ni,Demonstratives/Deixis,lexicon_match
MCQA_0016_5,MCQA,PNT2,replace,nhỉ,hè,Discourse particles,lexicon_match
MCQA_0016_5,MCQA,PNT3,replace,gì,chi,Interrogatives,lexicon_match
MCQA_0016_5,MCQA,PNT3,replace,vậy,rứa,Demonstratives/Deixis,lexicon_match
MCQA_0016_5,MCQA,PNT3,replace,nay,ni,Demonstratives/Deixis,lexicon_match
MCQA_0016_5,MCQA,PNT3,replace,nhỉ,hè,Discourse particles,lexicon_match
MCQA_0018_4,MCQA,PNN,replace,không,hông,Negation/Function words,lexicon_match
MCQA_0018_4,MCQA,PNN,replace,như thế nào,sao,Interrogatives,lexicon_match
MCQA_0018_4,MCQA,PNN,replace,không,hông,Negation/Function words,lexicon_match
MCQA_0018_4,MCQA,PNN,replace,không,hông,Negation/Function words,lexicon_match
MCQA_0018_4,MCQA,PNN,replace,không,hông,Negation/Function words,lexicon_match
MCQA_0018_4,MCQA,PNT2,replace,gì,chi,Interrogatives,lexicon_match
MCQA_0018_6,MCQA,PNN,delete,thế,,Demonstratives/Deixis,lexicon_match
MCQA_0018_6,MCQA,PNN,replace,không,hông,Negation/Function words,lexicon_match
MCQA_0018_6,MCQA,PNT1,insert,,mô,Negation/Function words,lexicon_match
MCQA_0018_6,MCQA,PNT2,replace,không,nỏ,Negation/Function words,lexicon_match
MCQA_0018_6,MCQA,PNT3,replace,thế nào,răng,Interrogatives,lexicon_match
MCQA_0020_1,MCQA,PNB,delete,ấy,,Demonstratives/Deixis,lexicon_match
MCQA_0020_1,MCQA,PNN,replace,tôi,tui,Pronouns,lexicon_match
MCQA_0020_1,MCQA,PNT1,replace,ấy,nứ,Demonstratives/Deixis,lexicon_match
MCQA_0020_1,MCQA,PNT2,replace,ấy,ấu,Demonstratives/Deixis; Discourse particles,lexicon_match
MCQA_0020_2,MCQA,PNT2,replace,thế nào,răng,Interrogatives,lexicon_match
MCQA_0020_2,MCQA,PNT2,replace,lớn,to,Predicate vocabulary,lexicon_match
MCQA_0020_2,MCQA,PNT3,replace,thế nào,răng,Interrogatives,lexicon_match
MCQA_0020_2,MCQA,PNT3,replace,lớn,to,Predicate vocabulary,lexicon_match
MCQA_0020_2,MCQA,PNT4,replace,miêu,mô,Interrogatives,lexicon_match
MCQA_0025_10,MCQA,PNB,insert,,đâu,Interrogatives,lexicon_match
MCQA_0025_10,MCQA,PNT4,replace,gì,chi,Interrogatives,lexicon_match
MCQA_0025_9,MCQA,PNT3,replace,thế nào,răng,Interrogatives,lexicon_match
MCQA_0025_9,MCQA,PNT4,replace,thế nào,răn,Interrogatives,lexicon_match
MCQA_0025_9,MCQA,PNT4,replace,bảo,kêu,Predicate vocabulary,lexicon_match
MCQA_0030_1,MCQA,PNN,replace,bảo,kêu,Predicate vocabulary,lexicon_match
MCQA_0030_1,MCQA,PNN,replace,về,dìa,Predicate vocabulary,lexicon_match
MCQA_0030_1,MCQA,PNN,replace,bảo,kêu,Predicate vocabulary,lexicon_match
MCQA_0030_1,MCQA,PNN,replace,bảo,kêu,Predicate vocabulary,lexicon_match
MCQA_0030_1,MCQA,PNT2,replace,gì,chi,Interrogatives,lexicon_match
MCQA_0030_1,MCQA,PNT3,replace,gì,chi,Interrogatives,lexicon_match
MCQA_0030_1,MCQA,PNT4,replace,gì,chi,Interrogatives,lexicon_match
MCQA_0030_1,MCQA,PNT4,replace,bảo,kêu,Predicate vocabulary,lexicon_match
MCQA_0030_1,MCQA,PNT4,replace,bảo,kêu,Predicate vocabulary,lexicon_match
MCQA_0030_1,MCQA,PNT4,replace,bảo,kêu,Predicate vocabulary,lexicon_match
MCQA_0030_3,MCQA,PNB,replace,mắng,thét,Predicate vocabulary,lexicon_match
MCQA_0030_3,MCQA,PNT2,replace,đã,đạ,Connectives/Aspect markers,lexicon_match
MCQA_0030_3,MCQA,PNT2,replace,mắng,chưởi,Predicate vocabulary,lexicon_match
MCQA_0030_3,MCQA,PNT2,replace,chẳng,nỏ,Negation/Function words,lexicon_match
MCQA_0030_3,MCQA,PNT3,replace,gì,chi,Interrogatives,lexicon_match
MCQA_0030_3,MCQA,PNT3,replace,mắng,chưởi,Predicate vocabulary,lexicon_match
MCQA_0030_3,MCQA,PNT3,replace,chẳng,nỏ,Negation/Function words,lexicon_match
MCQA_0030_3,MCQA,PNT4,replace,gì,chi,Interrogatives,lexicon_match
MCQA_0030_3,MCQA,PNT4,replace,mắng,chửi,Predicate vocabulary,lexicon_match
MCQA_0036_5,MCQA,PNT1,replace,nào,mô,Negation/Function words,lexicon_match
MCQA_0036_5,MCQA,PNT1,replace,nào,mô,Negation/Function words,lexicon_match
MCQA_0036_5,MCQA,PNT1,replace,nào,mô,Negation/Function words,lexicon_match
MCQA_0036_5,MCQA,PNT1,replace,nào,mô,Negation/Function words,lexicon_match
MCQA_0036_5,MCQA,PNT1,replace,nào,mô,Negation/Function words,lexicon_match
MCQA_0036_5,MCQA,PNT1,replace,nào,mô,Negation/Function words,lexicon_match
MCQA_0036_5,MCQA,PNT2,replace,gì,chi,Interrogatives,lexicon_match
MCQA_0036_5,MCQA,PNT2,replace,nào,mô,Interrogatives; Negation/Function words,lexicon_match
MCQA_0036_5,MCQA,PNT2,replace,nào,mô,Interrogatives; Negation/Function words,lexicon_match
MCQA_0036_5,MCQA,PNT2,replace,nào,mô,Interrogatives; Negation/Function words,lexicon_match
MCQA_0036_5,MCQA,PNT2,replace,nào,mô,Interrogatives; Negation/Function words,lexicon_match
MCQA_0036_5,MCQA,PNT2,replace,nào,mô,Interrogatives; Negation/Function words,lexicon_match
MCQA_0036_5,MCQA,PNT2,replace,nào,mô,Interrogatives; Negation/Function words,lexicon_match
MCQA_0036_5,MCQA,PNT3,replace,nào,mô,Interrogatives; Negation/Function words,lexicon_match
MCQA_0036_5,MCQA,PNT3,replace,nào,mô,Interrogatives; Negation/Function words,lexicon_match
MCQA_0036_5,MCQA,PNT3,replace,thế nào,răng,Interrogatives,lexicon_match
MCQA_0036_5,MCQA,PNT4,replace,gì,chi,Interrogatives,lexicon_match
MCQA_0036_5,MCQA,PNT4,replace,nào,mô,Interrogatives,lexicon_match
MCQA_0036_5,MCQA,PNT4,replace,nào,mô,Interrogatives,lexicon_match
MCQA_0036_5,MCQA,PNT4,replace,nào,mô,Interrogatives,lexicon_match
MCQA_0036_5,MCQA,PNT4,replace,nào,mô,Interrogatives,lexicon_match
MCQA_0036_5,MCQA,PNT4,replace,nào,mô,Interrogatives,lexicon_match
MCQA_0036_5,MCQA,PNT4,replace,nào,mô,Interrogatives,lexicon_match
MCQA_0036_5,MCQA,PNT4,replace,thế nào,răng,Interrogatives,lexicon_match
MCQA_0037_2,MCQA,PNN,replace,không,hông,Negation/Function words,lexicon_match
MCQA_0037_2,MCQA,PNT1,replace,cho,choa,Pronouns,lexicon_match
MCQA_0037_2,MCQA,PNT1,replace,cho,choa,Pronouns,lexicon_match
MCQA_0037_2,MCQA,PNT1,replace,cho,choa,Pronouns,lexicon_match
MCQA_0037_2,MCQA,PNT2,replace,nhé,nha,Discourse particles,lexicon_match
MCQA_0037_2,MCQA,PNT2,replace,không,nỏ,Negation/Function words,lexicon_match
MCQA_0037_2,MCQA,PNT3,replace,ông bố,bọ,Kinship/Honorific terms,lexicon_match
MCQA_0037_2,MCQA,PNT3,replace,nhé,nghe,Discourse particles,lexicon_match
MCQA_0037_2,MCQA,PNT3,replace,làm gì,mần cấy chi,Interrogatives,lexicon_match
MCQA_0037_2,MCQA,PNT3,replace,không,nọ,Negation/Function words,lexicon_match
MCQA_0037_2,MCQA,PNT3,replace,bố,bọ,Kinship/Honorific terms,lexicon_match
MCQA_0037_2,MCQA,PNT4,replace,bố,ba,Kinship/Honorific terms,lexicon_match
MCQA_0037_2,MCQA,PNT4,replace,gì,chi,Interrogatives,lexicon_match
MCQA_0037_2,MCQA,PNT4,replace,bố,ba,Kinship/Honorific terms,lexicon_match
MCQA_0037_4,MCQA,PNN,replace,không,hông,Negation/Function words,lexicon_match
MCQA_0037_4,MCQA,PNN,replace,không,hông,Negation/Function words,lexicon_match
MCQA_0037_4,MCQA,PNT2,replace,vậy,rứa,Demonstratives/Deixis,lexicon_match
MCQA_0037_4,MCQA,PNT2,replace,vậy,rứa,Demonstratives/Deixis,lexicon_match
MCQA_0037_4,MCQA,PNT2,replace,không,nỏ,Negation/Function words,lexicon_match
MCQA_0037_4,MCQA,PNT3,replace,vậy,rứa,Demonstratives/Deixis,lexicon_match
MCQA_0037_4,MCQA,PNT3,replace,mất lịch sự,bờ hơ,Predicate vocabulary,lexicon_match
MCQA_0037_4,MCQA,PNT3,replace,vậy,rứa,Demonstratives/Deixis,lexicon_match
MCQA_0037_4,MCQA,PNT4,replace,sao,ren,Interrogatives,lexicon_match
MCQA_0037_4,MCQA,PNT4,replace,vậy,rứa,Demonstratives/Deixis,lexicon_match
MCQA_0037_4,MCQA,PNT4,replace,vậy,rứa,Demonstratives/Deixis,lexicon_match
MCQA_0039_4,MCQA,PNN,replace,gì,sao,Interrogatives,lexicon_match
MCQA_0039_4,MCQA,PNN,replace,không,hông,Negation/Function words,lexicon_match
MCQA_0039_4,MCQA,PNT2,replace,mẹ,mệ,Kinship/Honorific terms,lexicon_match
MCQA_0039_4,MCQA,PNT2,replace,gì,chi,Interrogatives,lexicon_match
MCQA_0039_4,MCQA,PNT2,replace,không,nỏ,Negation/Function words,lexicon_match
MCQA_0039_4,MCQA,PNT2,replace,gì,chi,Interrogatives,lexicon_match
MCQA_0039_4,MCQA,PNT3,replace,gì,răng,Interrogatives,lexicon_match
MCQA_0039_4,MCQA,PNT3,replace,gì,chi,Interrogatives,lexicon_match
MCQA_0039_4,MCQA,PNT4,replace,gì,chi,Interrogatives,lexicon_match
MCQA_0039_4,MCQA,PNT4,replace,gì,chi,Interrogatives,lexicon_match
MCQA_0041_5,MCQA,PNN,replace,lười,làm,Predicate vocabulary,lexicon_match
MCQA_0041_5,MCQA,PNT2,replace,đã,đạ,Connectives/Aspect markers,lexicon_match
MCQA_0041_5,MCQA,PNT3,replace,này,ni,Demonstratives/Deixis,lexicon_match
MCQA_0041_5,MCQA,PNT3,replace,thế nào,răng,Interrogatives,lexicon_match
MCQA_0041_7,MCQA,PNN,replace,đâu,gì,Interrogatives,lexicon_match
MCQA_0041_7,MCQA,PNT2,replace,gì,chi,Interrogatives,lexicon_match
MCQA_0041_7,MCQA,PNT3,replace,đâu,mô,Interrogatives; Negation/Function words,lexicon_match
MCQA_0041_7,MCQA,PNT3,replace,thế,rứa,Demonstratives/Deixis,lexicon_match
MCQA_0041_7,MCQA,PNT3,replace,gì,chi,Interrogatives,lexicon_match
MCQA_0041_7,MCQA,PNT4,replace,đâu,chi,Interrogatives,lexicon_match
MCQA_0041_7,MCQA,PNT4,replace,thế,rứa,Demonstratives/Deixis,lexicon_match
MCQA_0041_7,MCQA,PNT4,replace,gì,cái chi,Interrogatives,lexicon_match
MCQA_0042_2,MCQA,PNN,replace,điều,cái,Negation/Function words,lexicon_match
MCQA_0042_2,MCQA,PNN,replace,thật,thiệt,Connectives/Aspect markers,lexicon_match
MCQA_0042_2,MCQA,PNN,replace,không,hông,Negation/Function words,lexicon_match
MCQA_0042_2,MCQA,PNT2,replace,gì,chi,Interrogatives,lexicon_match
MCQA_0042_2,MCQA,PNT2,replace,không,nỏ,Negation/Function words,lexicon_match
MCQA_0042_2,MCQA,PNT2,replace,không,nỏ,Negation/Function words,lexicon_match
MCQA_0042_2,MCQA,PNT3,replace,điều gì,chi,Interrogatives,lexicon_match
MCQA_0042_2,MCQA,PNT3,replace,thật,thiệt,Connectives/Aspect markers,lexicon_match
MCQA_0042_2,MCQA,PNT3,replace,thật,thiệt,Connectives/Aspect markers,lexicon_match
MCQA_0042_2,MCQA,PNT4,replace,gì,chi,Interrogatives,lexicon_match
MCQA_0042_7,MCQA,PNN,replace,không,hông,Negation/Function words,lexicon_match
MCQA_0042_7,MCQA,PNN,delete,rất,,Predicate vocabulary,lexicon_match
MCQA_0042_7,MCQA,PNN,delete,rất,,Predicate vocabulary,lexicon_match
MCQA_0042_7,MCQA,PNT1,replace,cho,choa,Pronouns,lexicon_match
MCQA_0042_7,MCQA,PNT2,replace,kia,tê,Demonstratives/Deixis; Pronouns,lexicon_match
MCQA_0042_7,MCQA,PNT2,replace,không,nỏ,Negation/Function words,lexicon_match
MCQA_0042_7,MCQA,PNT3,replace,thế nào,răng,Interrogatives,lexicon_match
MCQA_0042_7,MCQA,PNT4,replace,thế nào,ren,Interrogatives,lexicon_match
MCQA_0043_3,MCQA,PNT1,replace,đâu,mô,Negation/Function words,lexicon_match
MCQA_0043_3,MCQA,PNT2,replace,đã,đạ,Connectives/Aspect markers,lexicon_match
MCQA_0043_3,MCQA,PNT2,replace,đâu,mô,Interrogatives; Negation/Function words,lexicon_match
MCQA_0043_3,MCQA,PNT3,replace,cha,bọ,Kinship/Honorific terms,lexicon_match
MCQA_0043_3,MCQA,PNT3,replace,làm gì,mần chi,Interrogatives,lexicon_match
MCQA_0043_3,MCQA,PNT3,replace,đâu,mô,Interrogatives; Negation/Function words,lexicon_match
MCQA_0043_3,MCQA,PNT4,replace,đâu,mô,Interrogatives,lexicon_match
MCQA_0043_4,MCQA,PNB,replace,cha,bố,Kinship/Honorific terms,lexicon_match
MCQA_0043_4,MCQA,PNN,replace,không,hông,Negation/Function words,lexicon_match
MCQA_0043_4,MCQA,PNT2,replace,gì,chi,Interrogatives,lexicon_match
MCQA_0043_4,MCQA,PNT2,replace,họ,bọn nớ,Pronouns,lexicon_match
MCQA_0043_4,MCQA,PNT2,replace,họ,bọn nớ,Pronouns,lexicon_match
MCQA_0043_4,MCQA,PNT2,replace,họ,bọn nớ,Pronouns,lexicon_match
MCQA_0043_4,MCQA,PNT2,replace,họ,bọn nớ,Pronouns,lexicon_match
MCQA_0043_4,MCQA,PNT3,replace,làm gì,mần chi,Interrogatives,lexicon_match
MCQA_0043_4,MCQA,PNT4,replace,gì,chi,Interrogatives,lexicon_match
MCQA_0047_2,MCQA,PNT1,replace,bẩn,bửn,Predicate vocabulary,lexicon_match
MCQA_0047_2,MCQA,PNT2,replace,đã,đạ,Connectives/Aspect markers,lexicon_match
MCQA_0047_2,MCQA,PNT2,replace,gì,chi,Interrogatives,lexicon_match
MCQA_0047_2,MCQA,PNT2,replace,đã,đạ,Connectives/Aspect markers,lexicon_match
MCQA_0047_2,MCQA,PNT3,replace,gì,chi,Interrogatives,lexicon_match
MCQA_0047_2,MCQA,PNT4,replace,gì,chi,Interrogatives,lexicon_match
MCQA_0047_4,MCQA,PNT1,replace,làm gì,mằn chi,Interrogatives,lexicon_match
MCQA_0047_4,MCQA,PNT2,replace,đã,đạ,Connectives/Aspect markers,lexicon_match
MCQA_0047_4,MCQA,PNT2,replace,gì,chi,Interrogatives,lexicon_match
MCQA_0047_4,MCQA,PNT3,replace,gì,chi,Interrogatives,lexicon_match
MCQA_0047_4,MCQA,PNT3,replace,làm gì,mần chi,Interrogatives,lexicon_match
MCQA_0047_4,MCQA,PNT4,replace,gì,chi,Interrogatives,lexicon_match
MCQA_0048_2,MCQA,PNT1,replace,làm gì,mằn chi,Interrogatives,lexicon_match
MCQA_0048_2,MCQA,PNT2,replace,làm gì,mần chi,Interrogatives,lexicon_match
MCQA_0048_2,MCQA,PNT3,replace,làm gì,mần chi,Interrogatives,lexicon_match
MCQA_0048_2,MCQA,PNT4,replace,người mẹ,má,Kinship/Honorific terms,lexicon_match
MCQA_0048_2,MCQA,PNT4,replace,gì,răng,Interrogatives,lexicon_match
MCQA_0048_2,MCQA,PNT4,replace,mẹ,má,Kinship/Honorific terms,lexicon_match
MCQA_0048_2,MCQA,PNT4,replace,mẹ,má,Kinship/Honorific terms,lexicon_match
MCQA_0048_2,MCQA,PNT4,replace,mẹ,má,Kinship/Honorific terms,lexicon_match
MCQA_0048_5,MCQA,PNT1,replace,làm gì,mằn chi,Interrogatives,lexicon_match
MCQA_0048_5,MCQA,PNT2,replace,đã,đạ,Connectives/Aspect markers,lexicon_match
MCQA_0048_5,MCQA,PNT2,replace,làm,mần,Predicate vocabulary,lexicon_match
MCQA_0048_5,MCQA,PNT2,replace,đã,đạ,Connectives/Aspect markers,lexicon_match
MCQA_0048_5,MCQA,PNT2,replace,đã,đạ,Connectives/Aspect markers,lexicon_match
MCQA_0048_5,MCQA,PNT3,replace,làm gì,mần chi,Interrogatives,lexicon_match
MCQA_0048_5,MCQA,PNT3,replace,cái,kì,Negation/Function words,lexicon_match
MCQA_0048_5,MCQA,PNT4,replace,gì,chi,Interrogatives,lexicon_match
MCQA_0051_0,MCQA,PNN,replace,kia,trước,Demonstratives/Deixis,lexicon_match
MCQA_0051_0,MCQA,PNT2,replace,đâu,mô,Interrogatives; Negation/Function words,lexicon_match
MCQA_0051_0,MCQA,PNT3,replace,đâu,mô,Interrogatives; Negation/Function words,lexicon_match
MCQA_0051_0,MCQA,PNT3,replace,đâu,mô,Interrogatives; Negation/Function words,lexicon_match
MCQA_0051_0,MCQA,PNT4,replace,gì,chi,Interrogatives,lexicon_match
MCQA_0051_0,MCQA,PNT4,replace,kia,nớ,Demonstratives/Deixis,lexicon_match
MCQA_0051_0,MCQA,PNT4,replace,nay,ni,Demonstratives/Deixis,lexicon_match
MCQA_0051_4,MCQA,PNT2,replace,đã,đạ,Connectives/Aspect markers,lexicon_match
MCQA_0051_4,MCQA,PNT2,replace,gì,chi,Interrogatives,lexicon_match
MCQA_0051_4,MCQA,PNT3,replace,bố,ba,Kinship/Honorific terms,lexicon_match
MCQA_0051_4,MCQA,PNT4,replace,bố,ba,Kinship/Honorific terms,lexicon_match
MCQA_0051_4,MCQA,PNT4,replace,gì,chi,Interrogatives,lexicon_match
MCQA_0055_0,MCQA,PNT1,replace,làm gì,mằn chi,Interrogatives,lexicon_match
MCQA_0055_0,MCQA,PNT4,replace,gì,chi,Interrogatives,lexicon_match
MCQA_0055_0,MCQA,PNT4,replace,tìm,kêu,Predicate vocabulary,lexicon_match
MCQA_0055_1,MCQA,PNN,replace,giả vờ,làm bộ,Predicate vocabulary,lexicon_match
MCQA_0055_1,MCQA,PNT1,replace,làm gì,mằn chi,Interrogatives,lexicon_match
MCQA_0055_1,MCQA,PNT2,replace,làm gì,mần chi,Interrogatives,lexicon_match
MCQA_0055_1,MCQA,PNT3,replace,gì,chi,Interrogatives,lexicon_match
MCQA_0055_1,MCQA,PNT4,replace,gì,ren,Interrogatives,lexicon_match
MCQA_0056_1,MCQA,PNN,replace,không,hông,Negation/Function words,lexicon_match
MCQA_0056_1,MCQA,PNT2,replace,gì,chi,Interrogatives,lexicon_match
MCQA_0056_1,MCQA,PNT2,replace,không,nỏ,Negation/Function words,lexicon_match
MCQA_0056_1,MCQA,PNT3,replace,gì,răng,Interrogatives,lexicon_match
MCQA_0056_1,MCQA,PNT3,replace,gái,cấy,Negation/Function words,lexicon_match
MCQA_0056_2,MCQA,PNN,replace,ông,ổng,Pronouns,lexicon_match
MCQA_0056_2,MCQA,PNT2,replace,gì,chi,Interrogatives,lexicon_match
MCQA_0056_2,MCQA,PNT3,replace,gì,chi,Interrogatives,lexicon_match
MCQA_0056_2,MCQA,PNT4,replace,gì,cái chi,Interrogatives,lexicon_match
MCQA_0058_0,MCQA,PNT2,replace,thế nào,răng,Interrogatives,lexicon_match
MCQA_0058_0,MCQA,PNT3,replace,thế nào,răng,Interrogatives,lexicon_match
MCQA_0060_1,MCQA,PNT1,replace,nào,mô,Negation/Function words,lexicon_match
MCQA_0060_1,MCQA,PNT2,replace,nào,mô,Interrogatives; Negation/Function words,lexicon_match
MCQA_0060_1,MCQA,PNT3,replace,nào,mô,Interrogatives; Negation/Function words,lexicon_match
MCQA_0060_1,MCQA,PNT4,replace,nào,mô,Interrogatives,lexicon_match
MCQA_0060_2,MCQA,PNN,replace,vậy,thế,Demonstratives/Deixis,lexicon_match
MCQA_0060_2,MCQA,PNN,replace,không,hông,Negation/Function words,lexicon_match
MCQA_0060_2,MCQA,PNT2,replace,đâu,mô mà,Interrogatives,lexicon_match
MCQA_0060_2,MCQA,PNT2,replace,như vậy,a rứa,Demonstratives/Deixis,lexicon_match
MCQA_0060_2,MCQA,PNT2,replace,đã,đạ,Connectives/Aspect markers,lexicon_match
MCQA_0060_2,MCQA,PNT2,replace,không,nỏ,Negation/Function words,lexicon_match
MCQA_0060_2,MCQA,PNT3,replace,đâu,mô mà,Interrogatives,lexicon_match
MCQA_0060_2,MCQA,PNT3,replace,chúng,hắn,Pronouns,lexicon_match
MCQA_0060_2,MCQA,PNT3,replace,vậy,rứa,Demonstratives/Deixis,lexicon_match
MCQA_0060_2,MCQA,PNT4,replace,đâu,mô mà,Interrogatives,lexicon_match
MCQA_0060_2,MCQA,PNT4,replace,vậy,rứa,Demonstratives/Deixis,lexicon_match
MCQA_0062_0,MCQA,PNN,replace,chúng tôi,tụi tui,Pronouns,lexicon_match
MCQA_0062_0,MCQA,PNN,replace,thật,thiệt,Connectives/Aspect markers,lexicon_match
MCQA_0062_0,MCQA,PNT1,replace,nào,mô,Negation/Function words,lexicon_match
MCQA_0062_0,MCQA,PNT2,replace,nào,mô,Interrogatives; Negation/Function words,lexicon_match
MCQA_0062_0,MCQA,PNT3,replace,nào,mô,Interrogatives; Negation/Function words,lexicon_match
MCQA_0062_0,MCQA,PNT3,replace,chúng tôi,bọn mềng,Pronouns,lexicon_match
MCQA_0062_0,MCQA,PNT4,replace,nào,mô,Interrogatives,lexicon_match
MCQA_0062_0,MCQA,PNT4,replace,tôi,ta,Pronouns,lexicon_match
MCQA_0062_0,MCQA,PNT4,replace,đó,chỗ nớ,Demonstratives/Deixis,lexicon_match
MCQA_0062_2,MCQA,PNT1,replace,nào,mô,Negation/Function words,lexicon_match
MCQA_0062_2,MCQA,PNT1,replace,đó,nớ,Demonstratives/Deixis,lexicon_match
MCQA_0062_2,MCQA,PNT2,replace,nào,mô,Interrogatives; Negation/Function words,lexicon_match
MCQA_0064_1,MCQA,PNT2,replace,đã,đạ,Connectives/Aspect markers,lexicon_match
MCQA_0064_1,MCQA,PNT3,replace,thế nào,răng,Interrogatives,lexicon_match
MCQA_0064_1,MCQA,PNT4,replace,thế nào,ren,Interrogatives,lexicon_match
MCQA_0065_2,MCQA,PNN,delete,thế,,Demonstratives/Deixis,lexicon_match
MCQA_0065_2,MCQA,PNN,replace,không,hông,Negation/Function words,lexicon_match
MCQA_0065_2,MCQA,PNT2,replace,không,nỏ,Negation/Function words,lexicon_match
MCQA_0065_2,MCQA,PNT3,replace,thế nào,răng,Interrogatives,lexicon_match
MCQA_0065_5,MCQA,PNN,delete,rất,,Predicate vocabulary,lexicon_match
MCQA_0065_5,MCQA,PNT1,replace,nào,mô,Negation/Function words,lexicon_match
MCQA_0065_5,MCQA,PNT2,replace,nào,mô,Interrogatives; Negation/Function words,lexicon_match
MCQA_0065_5,MCQA,PNT3,replace,nào,mô,Interrogatives; Negation/Function words,lexicon_match
MCQA_0069_1,MCQA,PNT1,replace,nào,mô,Negation/Function words,lexicon_match
MCQA_0069_1,MCQA,PNT2,replace,nào,mô,Interrogatives; Negation/Function words,lexicon_match
MCQA_0069_1,MCQA,PNT3,replace,nào,mô,Interrogatives; Negation/Function words,lexicon_match
MCQA_0069_1,MCQA,PNT4,replace,nào,mô,Interrogatives,lexicon_match
MCQA_0069_5,MCQA,PNT1,replace,nào,mô,Negation/Function words,lexicon_match
MCQA_0069_5,MCQA,PNT2,replace,nào,mô,Interrogatives; Negation/Function words,lexicon_match
MCQA_0069_5,MCQA,PNT3,replace,nào,mô,Interrogatives; Negation/Function words,lexicon_match
MCQA_0072_2,MCQA,PNN,replace,gì,như nào,Interrogatives,lexicon_match
MCQA_0072_2,MCQA,PNT2,replace,gì,chi,Interrogatives,lexicon_match
MCQA_0072_2,MCQA,PNT3,replace,đó,nớ,Demonstratives/Deixis,lexicon_match
MCQA_0072_2,MCQA,PNT3,replace,gì,chi,Interrogatives,lexicon_match
MCQA_0072_2,MCQA,PNT3,replace,tạo,mần,Predicate vocabulary,lexicon_match
MCQA_0072_2,MCQA,PNT3,replace,tạo,mần,Predicate vocabulary,lexicon_match
MCQA_0072_2,MCQA,PNT3,replace,khiến,mần,Predicate vocabulary,lexicon_match
MCQA_0072_2,MCQA,PNT3,replace,tạo,mần,Predicate vocabulary,lexicon_match
MCQA_0072_2,MCQA,PNT3,replace,khiến,mần,Predicate vocabulary,lexicon_match
MCQA_0072_2,MCQA,PNT4,replace,gì,chi,Interrogatives,lexicon_match
MCQA_0072_2,MCQA,PNT4,replace,khiến,làm,Predicate vocabulary,lexicon_match
MCQA_0072_2,MCQA,PNT4,replace,khiến,làm,Predicate vocabulary,lexicon_match
MCQA_0074_5,MCQA,PNT1,replace,làm,mằn,Predicate vocabulary,lexicon_match
MCQA_0074_5,MCQA,PNT1,replace,làm,mằn,Predicate vocabulary,lexicon_match
MCQA_0074_5,MCQA,PNT1,replace,làm,mằn,Predicate vocabulary,lexicon_match
MCQA_0074_5,MCQA,PNT1,replace,làm,mằn,Predicate vocabulary,lexicon_match
MCQA_0074_5,MCQA,PNT1,replace,làm,mằn,Predicate vocabulary,lexicon_match
MCQA_0074_5,MCQA,PNT2,replace,sao,răng,Interrogatives,lexicon_match
MCQA_0074_5,MCQA,PNT2,replace,thấy,chộ,Predicate vocabulary,lexicon_match
MCQA_0074_5,MCQA,PNT2,replace,gì,chi,Interrogatives,lexicon_match
MCQA_0074_5,MCQA,PNT2,replace,làm,mần,Predicate vocabulary,lexicon_match
MCQA_0074_5,MCQA,PNT2,replace,làm,mần,Predicate vocabulary,lexicon_match
MCQA_0074_5,MCQA,PNT2,replace,làm,mần,Predicate vocabulary,lexicon_match
MCQA_0074_5,MCQA,PNT2,replace,gì,chi,Interrogatives,lexicon_match
MCQA_0074_5,MCQA,PNT3,replace,sao,răng,Interrogatives,lexicon_match
MCQA_0074_5,MCQA,PNT3,replace,gì,chi,Interrogatives,lexicon_match
MCQA_0074_5,MCQA,PNT3,replace,gì,chi,Interrogatives,lexicon_match
MCQA_0074_5,MCQA,PNT3,replace,bảo,kêu,Predicate vocabulary,lexicon_match
MCQA_0074_5,MCQA,PNT4,replace,sao,ren,Interrogatives,lexicon_match
MCQA_0074_5,MCQA,PNT4,replace,thấy,nghe,Predicate vocabulary,lexicon_match
MCQA_0074_5,MCQA,PNT4,replace,bảo,kêu,Predicate vocabulary,lexicon_match
MCQA_0074_5,MCQA,PNT4,replace,việc gì,chuyện chi,Interrogatives,lexicon_match
MCQA_0074_5,MCQA,PNT4,replace,bạn,nó,Pronouns,lexicon_match
MCQA_0074_6,MCQA,PNT1,replace,đó,nớ,Demonstratives/Deixis,lexicon_match
MCQA_0074_6,MCQA,PNT1,replace,làm,mằn,Predicate vocabulary,lexicon_match
MCQA_0074_6,MCQA,PNT1,replace,làm,mằn,Predicate vocabulary,lexicon_match
MCQA_0074_6,MCQA,PNT1,replace,làm,mằn,Predicate vocabulary,lexicon_match
MCQA_0074_6,MCQA,PNT2,replace,sao,răng,Interrogatives,lexicon_match
MCQA_0074_6,MCQA,PNT2,replace,mẹ,mệ,Kinship/Honorific terms,lexicon_match
MCQA_0074_6,MCQA,PNT2,replace,làm,mần,Predicate vocabulary,lexicon_match
MCQA_0074_6,MCQA,PNT2,replace,mẹ,mệ,Kinship/Honorific terms,lexicon_match
MCQA_0074_6,MCQA,PNT2,replace,làm,mần,Predicate vocabulary,lexicon_match
MCQA_0074_6,MCQA,PNT3,replace,sao,răng,Interrogatives,lexicon_match
MCQA_0074_6,MCQA,PNT3,replace,làm,mần,Predicate vocabulary,lexicon_match
MCQA_0074_6,MCQA,PNT4,replace,sao,ren,Interrogatives,lexicon_match
MCQA_0074_6,MCQA,PNT4,replace,ấy,nớ,Demonstratives/Deixis,lexicon_match
MCQA_0077_0,MCQA,PNN,replace,gọi,kêu,Predicate vocabulary,lexicon_match
MCQA_0077_0,MCQA,PNN,replace,không,hông,Negation/Function words,lexicon_match
MCQA_0077_0,MCQA,PNN,replace,không,hông,Negation/Function words,lexicon_match
MCQA_0077_0,MCQA,PNN,replace,không,hông,Negation/Function words,lexicon_match
MCQA_0077_0,MCQA,PNT2,replace,sao,răng,Interrogatives,lexicon_match
MCQA_0077_0,MCQA,PNT2,replace,gọi,kêu,Predicate vocabulary,lexicon_match
MCQA_0077_0,MCQA,PNT2,replace,không,nỏ,Negation/Function words,lexicon_match
MCQA_0077_0,MCQA,PNT2,replace,không,nỏ,Negation/Function words,lexicon_match
MCQA_0077_0,MCQA,PNT2,replace,không,nỏ,Negation/Function words,lexicon_match
MCQA_0077_0,MCQA,PNT3,replace,sao,răng,Interrogatives,lexicon_match
MCQA_0077_0,MCQA,PNT3,replace,cậu,hắn,Pronouns,lexicon_match
MCQA_0077_0,MCQA,PNT3,replace,cậu,hắn,Pronouns,lexicon_match
MCQA_0077_0,MCQA,PNT3,replace,không,nỏ,Negation/Function words,lexicon_match
MCQA_0077_0,MCQA,PNT3,replace,cậu,hắn,Pronouns,lexicon_match
MCQA_0077_0,MCQA,PNT4,replace,sao,răn,Interrogatives,lexicon_match
MCQA_0080_0,MCQA,PNT1,replace,này,ni,Demonstratives/Deixis,lexicon_match
MCQA_0080_0,MCQA,PNT2,replace,chơi gì,chi,Interrogatives,lexicon_match
MCQA_0080_0,MCQA,PNT2,replace,này,ni,Demonstratives/Deixis,lexicon_match
MCQA_0080_0,MCQA,PNT3,replace,gì,chi,Interrogatives,lexicon_match
MCQA_0080_0,MCQA,PNT3,replace,này,ni,Demonstratives/Deixis,lexicon_match
MCQA_0080_0,MCQA,PNT4,replace,gì,chi,Interrogatives,lexicon_match
MCQA_0081_3,MCQA,PNT3,replace,thế nào,răng,Interrogatives,lexicon_match
MCQA_0081_3,MCQA,PNT3,replace,bé nhỏ,dỏ,Predicate vocabulary,lexicon_match
MCQA_0081_3,MCQA,PNT4,replace,mẹ,má,Kinship/Honorific terms,lexicon_match
MCQA_0081_3,MCQA,PNT4,replace,thế nào,ren,Interrogatives,lexicon_match
MCQA_0081_4,MCQA,PNT1,replace,này,ni,Demonstratives/Deixis,lexicon_match
MCQA_0081_4,MCQA,PNT2,replace,sao,răng,Interrogatives,lexicon_match
MCQA_0081_4,MCQA,PNT2,replace,này,ni,Demonstratives/Deixis,lexicon_match
MCQA_0081_4,MCQA,PNT3,replace,sao,răng,Interrogatives,lexicon_match
MCQA_0081_4,MCQA,PNT3,replace,này,ni,Demonstratives/Deixis,lexicon_match
MCQA_0081_4,MCQA,PNT4,replace,sao,răng,Interrogatives,lexicon_match
MCQA_0087_0,MCQA,PNT1,replace,nào,mô,Negation/Function words,lexicon_match
MCQA_0087_0,MCQA,PNT2,replace,nào,mô,Interrogatives; Negation/Function words,lexicon_match
MCQA_0087_0,MCQA,PNT3,replace,nào,mô,Interrogatives; Negation/Function words,lexicon_match
MCQA_0090_10,MCQA,PNT4,replace,xấu hổ,mắc cỡ,Predicate vocabulary,lexicon_match
MCQA_0090_6,MCQA,PNN,delete,thế,,Demonstratives/Deixis,lexicon_match
MCQA_0090_6,MCQA,PNN,replace,không,hông,Negation/Function words,lexicon_match
MCQA_0090_6,MCQA,PNN,replace,chiếc,cái,Negation/Function words,lexicon_match
MCQA_0090_6,MCQA,PNN,replace,chiếc,cái,Negation/Function words,lexicon_match
MCQA_0090_6,MCQA,PNN,replace,thế,vậy,Demonstratives/Deixis,lexicon_match
MCQA_0090_6,MCQA,PNN,replace,chiếc,cái,Negation/Function words,lexicon_match
MCQA_0090_6,MCQA,PNN,replace,thế,vậy,Demonstratives/Deixis,lexicon_match
MCQA_0090_6,MCQA,PNT2,replace,như thế,a rứa,Demonstratives/Deixis,lexicon_match
MCQA_0090_6,MCQA,PNT2,replace,như thế,a rứa,Demonstratives/Deixis,lexicon_match
MCQA_0090_6,MCQA,PNT3,replace,thế nào,răng,Interrogatives,lexicon_match
MCQA_0090_6,MCQA,PNT3,replace,chiếc,cái,Negation/Function words,lexicon_match
MCQA_0090_6,MCQA,PNT3,replace,thế,rứa,Demonstratives/Deixis,lexicon_match
MCQA_0090_6,MCQA,PNT3,replace,vờ,giả đò,Predicate vocabulary,lexicon_match
MCQA_0090_6,MCQA,PNT3,replace,vờ,giả đò,Predicate vocabulary,lexicon_match
MCQA_0090_6,MCQA,PNT3,replace,thế,rứa,Demonstratives/Deixis,lexicon_match
MCQA_0090_6,MCQA,PNT4,replace,thế nào,răn,Interrogatives,lexicon_match
MCQA_0091_0,MCQA,PNT1,replace,làm gì,mằn răng,Interrogatives,lexicon_match
MCQA_0091_0,MCQA,PNT2,replace,đã,nớ đạ,Connectives/Aspect markers,lexicon_match
MCQA_0091_0,MCQA,PNT2,replace,gì,chi,Interrogatives,lexicon_match
MCQA_0091_0,MCQA,PNT3,replace,làm gì,mần chi,Interrogatives,lexicon_match
MCQA_0091_0,MCQA,PNT4,replace,gì,chi,Interrogatives,lexicon_match
MCQA_0091_1,MCQA,PNT1,replace,làm gì,mằn chi,Interrogatives,lexicon_match
MCQA_0091_1,MCQA,PNT2,replace,thấy,chộ,Predicate vocabulary,lexicon_match
MCQA_0091_1,MCQA,PNT2,replace,cái,cấy,Negation/Function words,lexicon_match
MCQA_0091_1,MCQA,PNT3,replace,gì,chi,Interrogatives,lexicon_match
MCQA_0091_1,MCQA,PNT4,replace,gì,chi,Interrogatives,lexicon_match
MCQA_0092_1,MCQA,PNT1,replace,làm gì,mằn chi,Interrogatives,lexicon_match
MCQA_0092_1,MCQA,PNT2,replace,làm gì,mần chi,Interrogatives,lexicon_match
MCQA_0092_1,MCQA,PNT2,replace,mẹ,mệ,Kinship/Honorific terms,lexicon_match
MCQA_0092_1,MCQA,PNT3,replace,gì,chi,Interrogatives,lexicon_match
MCQA_0092_1,MCQA,PNT4,replace,gì,cái chi,Interrogatives,lexicon_match
MCQA_0092_2,MCQA,PNN,replace,tấm,cái,Negation/Function words,lexicon_match
MCQA_0092_2,MCQA,PNT1,replace,làm gì,mằn chi,Interrogatives,lexicon_match
MCQA_0092_2,MCQA,PNT2,replace,đã,đạ,Connectives/Aspect markers,lexicon_match
MCQA_0092_2,MCQA,PNT3,replace,làm gì,mần chi,Interrogatives,lexicon_match
MCQA_0092_2,MCQA,PNT3,replace,tấm,cấy,Negation/Function words,lexicon_match
MCQA_0092_2,MCQA,PNT4,replace,gì,chi,Interrogatives,lexicon_match
MCQA_0095_1,MCQA,PNT2,replace,nó,răng a hấn,Pronouns,lexicon_match
MCQA_0095_1,MCQA,PNT3,replace,thế nào,răng,Interrogatives,lexicon_match
MCQA_0095_1,MCQA,PNT3,replace,nó,hắn,Pronouns,lexicon_match
MCQA_0095_1,MCQA,PNT4,replace,nó,hén,Pronouns,lexicon_match
MCQA_0096_0,MCQA,PNT2,replace,làm,mần,Predicate vocabulary,lexicon_match
MCQA_0096_0,MCQA,PNT2,replace,thế nào,răng,Interrogatives,lexicon_match
MCQA_0096_0,MCQA,PNT3,replace,thế nào,răng,Interrogatives,lexicon_match
MCQA_0096_0,MCQA,PNT4,replace,thế nào,răn,Interrogatives,lexicon_match
MCQA_0098_4,MCQA,PNB,replace,cha,bố,Kinship/Honorific terms,lexicon_match
MCQA_0098_4,MCQA,PNB,replace,cha,bố,Kinship/Honorific terms,lexicon_match
MCQA_0098_4,MCQA,PNB,replace,cha,bố,Kinship/Honorific terms,lexicon_match
MCQA_0098_4,MCQA,PNB,replace,cha,bố,Kinship/Honorific terms,lexicon_match
MCQA_0098_4,MCQA,PNN,replace,chàng,ảnh,Kinship/Honorific terms; Pronouns,lexicon_match
MCQA_0098_4,MCQA,PNN,replace,chàng,ảnh,Kinship/Honorific terms; Pronouns,lexicon_match
MCQA_0098_4,MCQA,PNN,replace,chàng,ảnh,Kinship/Honorific terms; Pronouns,lexicon_match
MCQA_0098_4,MCQA,PNN,replace,không,chuồng,Negation/Function words,lexicon_match
MCQA_0098_4,MCQA,PNT1,replace,nào,mô,Negation/Function words,lexicon_match
MCQA_0098_4,MCQA,PNT2,replace,nào,mô,Interrogatives; Negation/Function words,lexicon_match
MCQA_0098_4,MCQA,PNT2,replace,đã,đả,Connectives/Aspect markers,lexicon_match
MCQA_0098_4,MCQA,PNT3,replace,nào,mô,Interrogatives; Negation/Function words,lexicon_match
MCQA_0098_4,MCQA,PNT3,replace,chiếc,cấy,Negation/Function words,lexicon_match
MCQA_0098_4,MCQA,PNT4,replace,nào,mô,Interrogatives,lexicon_match
MCQA_0098_8,MCQA,PNN,replace,ông,ổng,Pronouns,lexicon_match
MCQA_0098_8,MCQA,PNN,replace,ông,ổng,Pronouns,lexicon_match
MCQA_0098_8,MCQA,PNT1,replace,làm gì,mằn chi,Interrogatives,lexicon_match
MCQA_0098_8,MCQA,PNT3,replace,gì,chi,Interrogatives,lexicon_match
MCQA_0098_8,MCQA,PNT4,replace,gì,chi,Interrogatives,lexicon_match
MCQA_0100_1,MCQA,PNN,replace,không,hông,Negation/Function words,lexicon_match
MCQA_0100_1,MCQA,PNN,replace,không,hông,Negation/Function words,lexicon_match
MCQA_0100_1,MCQA,PNT2,replace,sao,răng,Interrogatives,lexicon_match
MCQA_0100_1,MCQA,PNT2,replace,không,nỏ,Negation/Function words,lexicon_match
MCQA_0100_1,MCQA,PNT2,replace,thấy,chộ,Predicate vocabulary,lexicon_match
MCQA_0100_1,MCQA,PNT2,replace,không,nỏ,Negation/Function words,lexicon_match
MCQA_0100_1,MCQA,PNT2,replace,thấy,chộ,Predicate vocabulary,lexicon_match
MCQA_0100_1,MCQA,PNT2,replace,không,nỏ,Negation/Function words,lexicon_match
MCQA_0100_1,MCQA,PNT3,replace,sao,răng,Interrogatives,lexicon_match
MCQA_0100_1,MCQA,PNT3,replace,nhìn thấy,chộ,Predicate vocabulary,lexicon_match
MCQA_0100_1,MCQA,PNT3,replace,nên,bơ,Connectives/Aspect markers,lexicon_match
MCQA_0100_1,MCQA,PNT3,replace,nhìn thấy,chộ,Predicate vocabulary,lexicon_match
MCQA_0100_1,MCQA,PNT4,replace,sao,răng,Interrogatives,lexicon_match
MCQA_0100_2,MCQA,PNN,replace,gọi,kêu,Predicate vocabulary,lexicon_match
MCQA_0100_2,MCQA,PNT1,replace,làm gì,mằn chi,Interrogatives,lexicon_match
MCQA_0100_2,MCQA,PNT2,replace,gì,chi,Interrogatives,lexicon_match
MCQA_0100_2,MCQA,PNT2,replace,gọi,hú,Predicate vocabulary,lexicon_match
MCQA_0100_2,MCQA,PNT3,replace,làm gì,mần chi,Interrogatives,lexicon_match
MCQA_0100_2,MCQA,PNT3,replace,nó,hắn,Pronouns,lexicon_match
MCQA_0100_2,MCQA,PNT3,replace,gọi,hú,Predicate vocabulary,lexicon_match
MCQA_0100_2,MCQA,PNT4,replace,gọi,kêu,Predicate vocabulary,lexicon_match
MCQA_0104_4,MCQA,PNT1,replace,này,ni,Demonstratives/Deixis,lexicon_match
MCQA_0104_4,MCQA,PNT1,replace,nào,mô,Negation/Function words,lexicon_match
MCQA_0104_4,MCQA,PNT2,replace,này,ni,Demonstratives/Deixis,lexicon_match
MCQA_0104_4,MCQA,PNT2,replace,đã,đạ,Connectives/Aspect markers,lexicon_match
MCQA_0104_4,MCQA,PNT2,replace,nào,mô,Interrogatives; Negation/Function words,lexicon_match
MCQA_0104_4,MCQA,PNT2,replace,không,nỏ,Negation/Function words,lexicon_match
MCQA_0104_4,MCQA,PNT2,replace,nào,mô,Interrogatives; Negation/Function words,lexicon_match
MCQA_0104_4,MCQA,PNT3,replace,này,ni,Demonstratives/Deixis,lexicon_match
MCQA_0104_4,MCQA,PNT3,replace,nào,mô,Interrogatives; Negation/Function words,lexicon_match
MCQA_0104_4,MCQA,PNT3,replace,nào,mô,Interrogatives; Negation/Function words,lexicon_match
MCQA_0104_4,MCQA,PNT4,replace,nào,mô,Interrogatives,lexicon_match
MCQA_0104_4,MCQA,PNT4,replace,nào,mô,Interrogatives,lexicon_match
MCQA_0106_3,MCQA,PNT2,replace,gì,chi,Interrogatives,lexicon_match
MCQA_0106_3,MCQA,PNT3,replace,gì,chi,Interrogatives,lexicon_match
MCQA_0106_3,MCQA,PNT4,replace,gì,chi,Interrogatives,lexicon_match
MCQA_0114_1,MCQA,PNB,replace,như thế nào,gì,Interrogatives,lexicon_match
MCQA_0114_1,MCQA,PNN,delete,thế,,Demonstratives/Deixis,lexicon_match
MCQA_0114_1,MCQA,PNT2,replace,đã,đạ,Connectives/Aspect markers,lexicon_match
MCQA_0114_1,MCQA,PNT2,replace,như thế nào,chi,Interrogatives,lexicon_match
MCQA_0114_1,MCQA,PNT3,replace,như thế nào,chi,Interrogatives,lexicon_match
MCQA_0114_1,MCQA,PNT3,replace,xem,coi,Predicate vocabulary,lexicon_match
MCQA_0114_1,MCQA,PNT4,replace,như thế nào,ren,Interrogatives,lexicon_match
MCQA_0114_1,MCQA,PNT4,replace,xem,coi,Predicate vocabulary,lexicon_match
MCQA_0114_6,MCQA,PNN,delete,rất,,Predicate vocabulary,lexicon_match
MCQA_0114_6,MCQA,PNN,delete,rất,,Predicate vocabulary,lexicon_match
MCQA_0114_6,MCQA,PNT1,replace,đó,nớ,Demonstratives/Deixis,lexicon_match
MCQA_0114_6,MCQA,PNT1,replace,đó,nớ,Demonstratives/Deixis,lexicon_match
MCQA_0114_6,MCQA,PNT1,replace,đó,nớ,Demonstratives/Deixis,lexicon_match
MCQA_0114_6,MCQA,PNT2,replace,sao,răng,Interrogatives,lexicon_match
MCQA_0114_6,MCQA,PNT2,replace,không,nỏ,Negation/Function words,lexicon_match
MCQA_0114_6,MCQA,PNT2,replace,gì,chi,Interrogatives,lexicon_match
MCQA_0114_6,MCQA,PNT2,replace,đó,nớ,Demonstratives/Deixis,lexicon_match
MCQA_0114_6,MCQA,PNT2,replace,đó,nớ,Demonstratives/Deixis,lexicon_match
MCQA_0114_6,MCQA,PNT3,replace,sao,răng,Interrogatives,lexicon_match
MCQA_0114_6,MCQA,PNT3,replace,xem,coi,Predicate vocabulary,lexicon_match
MCQA_0114_6,MCQA,PNT3,replace,gì,chi,Interrogatives,lexicon_match
MCQA_0114_6,MCQA,PNT3,replace,xem,coi,Predicate vocabulary,lexicon_match
MCQA_0114_6,MCQA,PNT3,replace,xem,coi,Predicate vocabulary,lexicon_match
MCQA_0114_6,MCQA,PNT3,replace,đó,nớ,Demonstratives/Deixis,lexicon_match
MCQA_0114_6,MCQA,PNT4,replace,sao,ren,Interrogatives,lexicon_match
MCQA_0114_6,MCQA,PNT4,replace,bạn,nó,Pronouns,lexicon_match
MCQA_0114_6,MCQA,PNT4,replace,chẳng,không,Negation/Function words,lexicon_match
MCQA_0114_6,MCQA,PNT4,replace,gì,chi,Interrogatives,lexicon_match
MCQA_0114_6,MCQA,PNT4,replace,xem,coi,Predicate vocabulary,lexicon_match
MCQA_0114_6,MCQA,PNT4,replace,đó,nớ,Demonstratives/Deixis,lexicon_match
MCQA_0116_5,MCQA,PNB,replace,họ,ông ấy,Pronouns,lexicon_match
MCQA_0116_5,MCQA,PNN,replace,chân,thiệt,Connectives/Aspect markers,lexicon_match
MCQA_0116_5,MCQA,PNT2,replace,khiến,mần,Predicate vocabulary,lexicon_match
MCQA_0116_5,MCQA,PNT2,replace,không,nỏ,Negation/Function words,lexicon_match
MCQA_0116_5,MCQA,PNT3,replace,chân,thiệt,Connectives/Aspect markers,lexicon_match
MCQA_0116_5,MCQA,PNT3,replace,khiến,làm,Predicate vocabulary,lexicon_match
MCQA_0116_5,MCQA,PNT3,replace,thế nào,răng,Interrogatives,lexicon_match
MCQA_0116_6,MCQA,PNN,replace,như thế nào,sao,Interrogatives,lexicon_match
MCQA_0116_6,MCQA,PNT1,replace,này,ni,Demonstratives/Deixis,lexicon_match
MCQA_0116_6,MCQA,PNT2,replace,này chúng,ni,Demonstratives/Deixis,lexicon_match
MCQA_0116_6,MCQA,PNT3,replace,này,ni,Demonstratives/Deixis,lexicon_match
MCQA_0116_6,MCQA,PNT3,replace,thế nào,răng,Interrogatives,lexicon_match
MCQA_0116_6,MCQA,PNT4,replace,này,ni,Demonstratives/Deixis,lexicon_match
MCQA_0116_6,MCQA,PNT4,replace,thế nào,răng,Interrogatives,lexicon_match
MCQA_0120_3,MCQA,PNN,replace,cậu,nó,Pronouns,lexicon_match
MCQA_0120_3,MCQA,PNN,replace,cậu,nó,Pronouns,lexicon_match
MCQA_0120_3,MCQA,PNT3,replace,làm gì,mần chi,Interrogatives,lexicon_match
MCQA_0120_3,MCQA,PNT3,replace,cậu,hắn,Pronouns,lexicon_match
MCQA_0120_3,MCQA,PNT3,replace,cậu,hắn,Pronouns,lexicon_match
MCQA_0120_3,MCQA,PNT3,replace,cậu,hắn,Pronouns,lexicon_match
MCQA_0120_3,MCQA,PNT3,replace,cậu,hắn,Pronouns,lexicon_match
MCQA_0120_3,MCQA,PNT4,replace,gì,chi,Interrogatives,lexicon_match
MCQA_0120_7,MCQA,PNT2,replace,thế nào,răng,Interrogatives,lexicon_match
MCQA_0120_7,MCQA,PNT3,replace,thế nào,răng,Interrogatives,lexicon_match
MCQA_0120_7,MCQA,PNT4,replace,thế nào,răn,Interrogatives,lexicon_match
MCQA_0123_0,MCQA,PNB,replace,như thế nào,gì,Interrogatives,lexicon_match
MCQA_0123_0,MCQA,PNN,replace,như thế nào,sao,Interrogatives,lexicon_match
MCQA_0123_0,MCQA,PNN,replace,đã không,hông,Negation/Function words,lexicon_match
MCQA_0123_0,MCQA,PNT1,replace,làm,mần,Predicate vocabulary,lexicon_match
MCQA_0123_0,MCQA,PNT3,replace,thế nào,răng,Interrogatives,lexicon_match
MCQA_0123_0,MCQA,PNT4,replace,như thế nào,ren,Interrogatives,lexicon_match
MCQA_0123_6,MCQA,PNN,replace,không,hông,Negation/Function words,lexicon_match
MCQA_0123_6,MCQA,PNT2,replace,không,nỏ,Negation/Function words,lexicon_match
MCQA_0123_6,MCQA,PNT4,replace,nào,mô,Interrogatives,lexicon_match
MCQA_0126_2,MCQA,PNT3,replace,thế nào,răng,Interrogatives,lexicon_match
MCQA_0127_0,MCQA,PNT2,replace,gì,chi,Interrogatives,lexicon_match
MCQA_0127_0,MCQA,PNT3,replace,làm gì,mần chi,Interrogatives,lexicon_match
MCQA_0127_0,MCQA,PNT4,replace,gì,chi,Interrogatives,lexicon_match
MCQA_0127_3,MCQA,PNN,replace,không,hông,Negation/Function words,lexicon_match
MCQA_0127_3,MCQA,PNT1,replace,làm gì,mần chi,Interrogatives,lexicon_match
MCQA_0127_3,MCQA,PNT2,replace,không,nỏ,Negation/Function words,lexicon_match
MCQA_0127_3,MCQA,PNT3,replace,gì,chi,Interrogatives,lexicon_match
MCQA_0127_3,MCQA,PNT4,replace,gì,chi,Interrogatives,lexicon_match
MCQA_0127_3,MCQA,PNT4,replace,gọi,kêu,Predicate vocabulary,lexicon_match
MCQA_0128_1,MCQA,PNN,replace,không,hông,Negation/Function words,lexicon_match
MCQA_0128_1,MCQA,PNN,replace,không,hông,Negation/Function words,lexicon_match
MCQA_0128_1,MCQA,PNT1,replace,nào,mô,Negation/Function words,lexicon_match
MCQA_0128_1,MCQA,PNT2,replace,nào,mô,Interrogatives; Negation/Function words,lexicon_match
MCQA_0128_1,MCQA,PNT3,replace,nào,mô,Interrogatives; Negation/Function words,lexicon_match
MCQA_0128_1,MCQA,PNT3,replace,nhìn,nhòm,Predicate vocabulary,lexicon_match
MCQA_0128_1,MCQA,PNT3,replace,bố,cha,Kinship/Honorific terms,lexicon_match
MCQA_0128_1,MCQA,PNT4,replace,nào,mô,Interrogatives,lexicon_match
MCQA_0128_1,MCQA,PNT4,replace,bố,ba,Kinship/Honorific terms,lexicon_match
MCQA_0128_2,MCQA,PNB,delete,bố,,Kinship/Honorific terms,lexicon_match
MCQA_0128_2,MCQA,PNB,replace,rất,thật,Predicate vocabulary,lexicon_match
MCQA_0128_2,MCQA,PNN,delete,rất,,Predicate vocabulary,lexicon_match
MCQA_0128_2,MCQA,PNT2,replace,làm gì,mần chi,Interrogatives,lexicon_match
MCQA_0128_2,MCQA,PNT3,replace,làm gì,mần chi,Interrogatives,lexicon_match
MCQA_0128_2,MCQA,PNT4,replace,gì,chi,Interrogatives,lexicon_match
MCQA_0128_2,MCQA,PNT4,replace,bảo,kêu,Predicate vocabulary,lexicon_match
MCQA_0137_1,MCQA,PNT2,replace,gì,chi,Interrogatives,lexicon_match
MCQA_0137_1,MCQA,PNT3,replace,gì,chi,Interrogatives,lexicon_match
MCQA_0137_1,MCQA,PNT4,replace,bố,ba,Kinship/Honorific terms,lexicon_match
MCQA_0137_1,MCQA,PNT4,replace,gì,chi,Interrogatives,lexicon_match
MCQA_0137_3,MCQA,PNT2,replace,gì,chi,Interrogatives,lexicon_match
MCQA_0137_3,MCQA,PNT3,replace,bố,cha,Kinship/Honorific terms,lexicon_match
MCQA_0137_3,MCQA,PNT3,replace,khuyên,kêu,Predicate vocabulary,lexicon_match
MCQA_0137_3,MCQA,PNT4,replace,gì,chi,Interrogatives,lexicon_match
MCQA_0138_3,MCQA,PNN,replace,như thế nào,sao,Interrogatives,lexicon_match
MCQA_0138_3,MCQA,PNN,replace,thế,vậy,Demonstratives/Deixis,lexicon_match
MCQA_0138_3,MCQA,PNN,replace,tôi,tui,Pronouns,lexicon_match
MCQA_0138_3,MCQA,PNN,replace,tôi,tui,Pronouns,lexicon_match
MCQA_0138_3,MCQA,PNN,replace,nhé,nhen,Discourse particles,lexicon_match
MCQA_0138_3,MCQA,PNN,replace,tôi,tui,Pronouns,lexicon_match
MCQA_0138_3,MCQA,PNT1,replace,đâu,mô,Negation/Function words,lexicon_match
MCQA_0138_3,MCQA,PNT2,replace,thế,rứa,Demonstratives/Deixis,lexicon_match
MCQA_0138_3,MCQA,PNT2,replace,tôi,tui,Pronouns,lexicon_match
MCQA_0138_3,MCQA,PNT2,replace,tôi,tui,Pronouns,lexicon_match
MCQA_0138_3,MCQA,PNT2,replace,nhé,hè,Discourse particles,lexicon_match
MCQA_0138_3,MCQA,PNT2,replace,đâu,mô,Interrogatives; Negation/Function words,lexicon_match
MCQA_0138_3,MCQA,PNT2,replace,tôi,tui,Pronouns,lexicon_match
MCQA_0138_3,MCQA,PNT3,replace,như thế nào,chi,Interrogatives,lexicon_match
MCQA_0138_3,MCQA,PNT3,replace,thế,rứa,Demonstratives/Deixis,lexicon_match
MCQA_0138_3,MCQA,PNT3,replace,tôi,em,Pronouns,lexicon_match
MCQA_0138_3,MCQA,PNT3,replace,tôi,em,Pronouns,lexicon_match
MCQA_0138_3,MCQA,PNT3,replace,nhé,nghe,Discourse particles,lexicon_match
MCQA_0138_3,MCQA,PNT3,replace,tôi,em,Pronouns,lexicon_match
MCQA_0138_3,MCQA,PNT3,replace,đâu,mô,Interrogatives; Negation/Function words,lexicon_match
MCQA_0138_3,MCQA,PNT3,replace,tôi,em,Pronouns,lexicon_match
MCQA_0138_3,MCQA,PNT4,replace,như thế nào,chi,Interrogatives,lexicon_match
MCQA_0138_3,MCQA,PNT4,replace,thế,rứa,Demonstratives/Deixis,lexicon_match
MCQA_0138_3,MCQA,PNT4,replace,đâu,mô,Interrogatives,lexicon_match
MCQA_0138_5,MCQA,PNN,replace,ngã,té,Predicate vocabulary,lexicon_match
MCQA_0138_5,MCQA,PNT2,replace,không,nỏ,Negation/Function words,lexicon_match
MCQA_0138_5,MCQA,PNT3,replace,gì,chi,Interrogatives,lexicon_match
MCQA_0138_5,MCQA,PNT4,replace,gì,chi,Interrogatives,lexicon_match
MCQA_0138_5,MCQA,PNT4,replace,đó,nớ,Demonstratives/Deixis,lexicon_match
MCQA_0140_3,MCQA,PNN,replace,ông,ổng,Pronouns,lexicon_match
MCQA_0140_3,MCQA,PNN,replace,ông,ổng,Pronouns,lexicon_match
MCQA_0140_3,MCQA,PNN,replace,ông,ổng,Pronouns,lexicon_match
MCQA_0140_3,MCQA,PNN,replace,ông,ổng,Pronouns,lexicon_match
MCQA_0140_3,MCQA,PNN,delete,rất,,Predicate vocabulary,lexicon_match
MCQA_0140_3,MCQA,PNN,replace,ông,ổng,Pronouns,lexicon_match
MCQA_0140_3,MCQA,PNT3,replace,thế nào,răng,Interrogatives,lexicon_match
MCQA_0140_3,MCQA,PNT4,replace,thế nào,răn,Interrogatives,lexicon_match
MCQA_0140_3,MCQA,PNT4,replace,ông,ổng,Pronouns,lexicon_match
MCQA_0140_3,MCQA,PNT4,delete,rất,,Predicate vocabulary,lexicon_match
MCQA_0140_3,MCQA,PNT4,insert,,dữ,Predicate vocabulary,lexicon_match
MCQA_0140_3,MCQA,PNT4,replace,ông,ổng,Pronouns,lexicon_match
MCQA_0140_3,MCQA,PNT4,replace,ông,ổng,Pronouns,lexicon_match
MCQA_0140_3,MCQA,PNT4,replace,ông,ổng,Pronouns,lexicon_match
MCQA_0141_2,MCQA,PNN,insert,,cái,Negation/Function words,lexicon_match
MCQA_0141_2,MCQA,PNT3,replace,sao,răng,Interrogatives,lexicon_match
MCQA_0141_2,MCQA,PNT4,replace,sao,răng,Interrogatives,lexicon_match
MCQA_0141_3,MCQA,PNT2,replace,nào,mô,Interrogatives; Negation/Function words,lexicon_match
MCQA_0141_3,MCQA,PNT3,replace,cái,kì,Negation/Function words,lexicon_match
MCQA_0141_3,MCQA,PNT3,replace,nào,mô,Interrogatives; Negation/Function words,lexicon_match
MCQA_0142_1,MCQA,PNT2,replace,nào,mô,Interrogatives; Negation/Function words,lexicon_match
MCQA_0142_1,MCQA,PNT2,replace,đó,chỗ nớ,Demonstratives/Deixis,lexicon_match
MCQA_0142_1,MCQA,PNT3,replace,nào,nớ,Demonstratives/Deixis,lexicon_match
MCQA_0142_1,MCQA,PNT4,replace,nào,mô,Interrogatives,lexicon_match
MCQA_0144_0,MCQA,PNB,replace,cha,bố,Kinship/Honorific terms,lexicon_match
MCQA_0144_0,MCQA,PNN,delete,thế,,Demonstratives/Deixis,lexicon_match
MCQA_0144_0,MCQA,PNN,replace,chiếc,cái,Negation/Function words,lexicon_match
MCQA_0144_0,MCQA,PNN,replace,chiếc,cái,Negation/Function words,lexicon_match
MCQA_0144_0,MCQA,PNT2,replace,thế nào,răng,Interrogatives,lexicon_match
MCQA_0144_0,MCQA,PNT3,replace,cha,bọ,Kinship/Honorific terms,lexicon_match
MCQA_0144_0,MCQA,PNT3,replace,thế nào,răng,Interrogatives,lexicon_match
MCQA_0144_0,MCQA,PNT3,replace,chiếc,cấy,Negation/Function words,lexicon_match
MCQA_0144_0,MCQA,PNT3,replace,chiếc,cấy,Negation/Function words,lexicon_match
MCQA_0144_0,MCQA,PNT3,replace,bố,bọ,Kinship/Honorific terms,lexicon_match
MCQA_0144_0,MCQA,PNT3,replace,bố,bọ,Kinship/Honorific terms,lexicon_match
MCQA_0144_0,MCQA,PNT4,replace,cha,ba,Kinship/Honorific terms,lexicon_match
MCQA_0144_0,MCQA,PNT4,replace,thế nào,ren,Interrogatives,lexicon_match
MCQA_0144_0,MCQA,PNT4,replace,chiếc,cái,Negation/Function words,lexicon_match
MCQA_0144_0,MCQA,PNT4,replace,chiếc,cái,Negation/Function words,lexicon_match
MCQA_0144_0,MCQA,PNT4,replace,bố,ba,Kinship/Honorific terms,lexicon_match
MCQA_0144_0,MCQA,PNT4,replace,bố,ba,Kinship/Honorific terms,lexicon_match
MCQA_0144_3,MCQA,PNB,replace,chi,chị,Kinship/Honorific terms,lexicon_match
MCQA_0144_3,MCQA,PNT2,replace,gì,chi,Interrogatives,lexicon_match
MCQA_0144_3,MCQA,PNT3,replace,những việc gì,chi,Interrogatives,lexicon_match
MCQA_0144_3,MCQA,PNT3,replace,bố,bọ,Kinship/Honorific terms,lexicon_match
MCQA_0144_3,MCQA,PNT3,replace,bố,bọ,Kinship/Honorific terms,lexicon_match
MCQA_0144_3,MCQA,PNT4,replace,gì,chi,Interrogatives,lexicon_match
MCQA_0144_3,MCQA,PNT4,replace,bố,ba,Kinship/Honorific terms,lexicon_match
MCQA_0144_3,MCQA,PNT4,replace,bố,ba,Kinship/Honorific terms,lexicon_match
MCQA_0147_4,MCQA,PNT1,replace,nào,mô,Negation/Function words,lexicon_match
MCQA_0147_4,MCQA,PNT2,replace,nào,mô,Interrogatives; Negation/Function words,lexicon_match
MCQA_0147_4,MCQA,PNT3,replace,nào,mô,Interrogatives; Negation/Function words,lexicon_match
MCQA_0147_4,MCQA,PNT4,replace,nào,mô,Interrogatives,lexicon_match
MCQA_0148_3,MCQA,PNT1,replace,về,viền,Predicate vocabulary,lexicon_match
MCQA_0148_3,MCQA,PNT1,replace,về,viền,Predicate vocabulary,lexicon_match
MCQA_0148_3,MCQA,PNT1,replace,về,viền,Predicate vocabulary,lexicon_match
MCQA_0148_3,MCQA,PNT3,replace,thế nào,răng,Interrogatives,lexicon_match
MCQA_0151_1,MCQA,PNN,replace,gọi,kêu,Predicate vocabulary,lexicon_match
MCQA_0151_1,MCQA,PNN,replace,gọi,kêu,Predicate vocabulary,lexicon_match
MCQA_0151_1,MCQA,PNT3,replace,làm gì,mần chi,Interrogatives,lexicon_match
MCQA_0151_1,MCQA,PNT3,replace,gọi,kêu,Predicate vocabulary,lexicon_match
MCQA_0151_1,MCQA,PNT4,replace,gì,chi,Interrogatives,lexicon_match
MCQA_0151_3,MCQA,PNN,replace,gọi,kêu,Predicate vocabulary,lexicon_match
MCQA_0151_3,MCQA,PNT4,replace,thế nào,răng,Interrogatives,lexicon_match
MCQA_0152_0,MCQA,PNN,replace,như thế nào,sao,Interrogatives,lexicon_match
MCQA_0152_0,MCQA,PNN,replace,không,hông,Negation/Function words,lexicon_match
MCQA_0152_0,MCQA,PNT2,replace,đã,đạ,Connectives/Aspect markers,lexicon_match
MCQA_0152_0,MCQA,PNT2,replace,không,nỏ,Negation/Function words,lexicon_match
MCQA_0152_0,MCQA,PNT2,replace,gì,chi,Interrogatives,lexicon_match
MCQA_0152_0,MCQA,PNT3,replace,thế nào,răng,Interrogatives,lexicon_match
MCQA_0152_0,MCQA,PNT3,replace,lớn,bà lả,Predicate vocabulary,lexicon_match
MCQA_0152_0,MCQA,PNT3,replace,không,nỏ,Negation/Function words,lexicon_match
MCQA_0152_0,MCQA,PNT3,replace,gì,chi,Interrogatives,lexicon_match
MCQA_0152_0,MCQA,PNT4,replace,thế nào,ren,Interrogatives,lexicon_match
MCQA_0152_0,MCQA,PNT4,replace,gì,chi,Interrogatives,lexicon_match
MCQA_0152_3,MCQA,PNN,replace,không,hông,Negation/Function words,lexicon_match
MCQA_0152_3,MCQA,PNN,replace,không,hông,Negation/Function words,lexicon_match
MCQA_0152_3,MCQA,PNT2,replace,gì,chi,Interrogatives,lexicon_match
MCQA_0152_3,MCQA,PNT3,replace,gì,chi,Interrogatives,lexicon_match
MCQA_0152_3,MCQA,PNT3,replace,không,nỏ,Negation/Function words,lexicon_match
MCQA_0152_3,MCQA,PNT4,replace,gì,chi,Interrogatives,lexicon_match
NLI_0521,NLI,PNN,replace,cô,cổ,Pronouns,lexicon_match
NLI_0521,NLI,PNN,replace,cô ấy,cổ,Pronouns,lexicon_match
NLI_0647,NLI,PNT2,replace,đã,đạ,Connectives/Aspect markers,lexicon_match
NLI_0716,NLI,PNN,replace,không,hông,Negation/Function words,lexicon_match
NLI_0729,NLI,PNB,replace,ông ấy,mình,Pronouns,lexicon_match
NLI_0729,NLI,PNN,delete,rất,,Predicate vocabulary,lexicon_match
NLI_0729,NLI,PNN,replace,không,hông,Negation/Function words,lexicon_match
NLI_0729,NLI,PNN,replace,ông ấy,ổng,Pronouns,lexicon_match
NLI_0729,NLI,PNN,delete,thế,,Demonstratives/Deixis,lexicon_match
NLI_1019,NLI,PNN,replace,không,hông,Negation/Function words,lexicon_match
NLI_1069,NLI,PNT3,replace,chiến,ni,Demonstratives/Deixis,lexicon_match
NLI_1069,NLI,PNT3,replace,như vậy,rứa,Demonstratives/Deixis,lexicon_match
NLI_1069,NLI,PNT3,replace,chúng tôi,bọn tui,Pronouns,lexicon_match
NLI_1077,NLI,PNT1,replace,cái,cấy,Negation/Function words,lexicon_match
NLI_1077,NLI,PNT2,replace,đã,đạ,Connectives/Aspect markers,lexicon_match
NLI_1114,NLI,PNN,replace,chúng tôi,tụi tui,Pronouns,lexicon_match
NLI_1114,NLI,PNN,replace,không,hông,Negation/Function words,lexicon_match
NLI_1405,NLI,PNT3,insert,,kì,Negation/Function words,lexicon_match
NLI_1420,NLI,PNN,replace,không,hổng,Negation/Function words,lexicon_match
NLI_1420,NLI,PNT1,replace,đó,đứa,Demonstratives/Deixis,lexicon_match
NLI_1420,NLI,PNT2,replace,không,nọ,Negation/Function words,lexicon_match
NLI_1420,NLI,PNT2,replace,đó,nớ,Demonstratives/Deixis,lexicon_match
NLI_1420,NLI,PNT3,replace,đó,nớ,Demonstratives/Deixis,lexicon_match
NLI_1420,NLI,PNT4,replace,đó,nớ,Demonstratives/Deixis,lexicon_match
NLI_1465,NLI,PNT1,replace,cái,cấy,Negation/Function words,lexicon_match
NLI_1465,NLI,PNT1,replace,ấy,nứ,Demonstratives/Deixis,lexicon_match
NLI_1465,NLI,PNT3,replace,cô ấy,chị nớ,Pronouns,lexicon_match
NLI_1465,NLI,PNT4,replace,cô ấy,cổ,Pronouns,lexicon_match
NLI_1639,NLI,PNN,delete,rất,,Predicate vocabulary,lexicon_match
NLI_1639,NLI,PNT4,delete,rất,,Predicate vocabulary,lexicon_match
NLI_1749,NLI,PNN,replace,không,hông,Negation/Function words,lexicon_match
NLI_1749,NLI,PNT2,replace,không,nỏ,Negation/Function words,lexicon_match
NLI_1775,NLI,PNN,replace,không,hông,Negation/Function words,lexicon_match
NLI_1775,NLI,PNN,delete,rất,,Predicate vocabulary,lexicon_match
NLI_1775,NLI,PNT2,replace,không,nỏ,Negation/Function words,lexicon_match
NLI_1775,NLI,PNT3,replace,gì,chi,Interrogatives,lexicon_match
NLI_1775,NLI,PNT4,replace,gì,chi,Interrogatives,lexicon_match
NLI_1921,NLI,PNT1,insert,,nứ,Demonstratives/Deixis,lexicon_match
NLI_1921,NLI,PNT2,replace,đã,đạ,Connectives/Aspect markers,lexicon_match
NLI_1921,NLI,PNT2,replace,nơi,chộ,Predicate vocabulary,lexicon_match
NLI_1921,NLI,PNT2,replace,làm việc,mần,Predicate vocabulary,lexicon_match
NLI_1921,NLI,PNT2,replace,rất,ràng,Predicate vocabulary,lexicon_match
NLI_1921,NLI,PNT3,replace,đã,đạ,Connectives/Aspect markers,lexicon_match
NLI_1921,NLI,PNT3,replace,làm,mần,Predicate vocabulary,lexicon_match
NLI_1921,NLI,PNT3,delete,rất,,Predicate vocabulary,lexicon_match
NLI_1921,NLI,PNT3,insert,,bà lả,Predicate vocabulary,lexicon_match
NLI_2198,NLI,PNT1,replace,cái,cấy,Negation/Function words,lexicon_match
NLI_2198,NLI,PNT1,replace,cái,cấy,Negation/Function words,lexicon_match
NLI_2198,NLI,PNT2,replace,cái,cấy,Negation/Function words,lexicon_match
NLI_2198,NLI,PNT2,replace,cái,cấy,Negation/Function words,lexicon_match
NLI_2198,NLI,PNT3,replace,rất,đại,Predicate vocabulary,lexicon_match
NLI_2198,NLI,PNT3,replace,cái,kì,Negation/Function words,lexicon_match
NLI_2198,NLI,PNT3,replace,cái,kì,Negation/Function words,lexicon_match
NLI_2313,NLI,PNT2,replace,tôi,tui,Pronouns,lexicon_match
NLI_2313,NLI,PNT2,replace,ấy,nớ,Demonstratives/Deixis,lexicon_match
NLI_2313,NLI,PNT4,replace,tôi,ta,Pronouns,lexicon_match
NLI_2313,NLI,PNT4,replace,ấy,nớ,Demonstratives/Deixis,lexicon_match
NLI_2354,NLI,PNN,replace,không,hông,Negation/Function words,lexicon_match
NLI_2354,NLI,PNT3,replace,không,nỏ,Negation/Function words,lexicon_match
NLI_2354,NLI,PNT4,replace,không,hông,Negation/Function words,lexicon_match
NLI_2559,NLI,PNN,replace,không,hổng,Negation/Function words,lexicon_match
NLI_2559,NLI,PNT2,replace,không,nỏ,Negation/Function words,lexicon_match
NLI_2559,NLI,PNT2,replace,gì,chi,Interrogatives,lexicon_match
NLI_2559,NLI,PNT3,replace,không,nỏ,Negation/Function words,lexicon_match
NLI_2559,NLI,PNT3,replace,gì,chi,Interrogatives,lexicon_match
NLI_2559,NLI,PNT4,replace,gì,chi,Interrogatives,lexicon_match
NLI_2615,NLI,PNN,replace,không,hông,Negation/Function words,lexicon_match
NLI_2615,NLI,PNT2,replace,nó,hấn,Pronouns,lexicon_match
NLI_2615,NLI,PNT2,replace,không,nỏ,Negation/Function words,lexicon_match
NLI_2615,NLI,PNT2,replace,gì,chi,Interrogatives,lexicon_match
NLI_2615,NLI,PNT2,replace,nó,hấn,Pronouns,lexicon_match
NLI_2615,NLI,PNT3,replace,gì,chi,Interrogatives,lexicon_match
NLI_2615,NLI,PNT4,replace,gì,chi,Interrogatives,lexicon_match
NLI_2899,NLI,PNN,replace,không,hông,Negation/Function words,lexicon_match
NLI_2899,NLI,PNT2,replace,đã,đạ,Connectives/Aspect markers,lexicon_match
NLI_2899,NLI,PNT3,replace,mẹ,mạ,Kinship/Honorific terms,lexicon_match
NLI_2899,NLI,PNT3,replace,không,nỏ,Negation/Function words,lexicon_match
NLI_2948,NLI,PNN,replace,chúng tôi,tụi tui,Pronouns,lexicon_match
NLI_2948,NLI,PNT2,replace,gì,chi,Interrogatives,lexicon_match
NLI_2948,NLI,PNT2,replace,làm,mần,Predicate vocabulary,lexicon_match
NLI_2948,NLI,PNT3,replace,làm,mần,Predicate vocabulary,lexicon_match
NLI_2948,NLI,PNT4,replace,gì,chi,Interrogatives,lexicon_match
NLI_3048,NLI,PNN,replace,không,hhông,Negation/Function words,lexicon_match
NLI_3048,NLI,PNT3,replace,đã,đạ,Connectives/Aspect markers,lexicon_match
NLI_3048,NLI,PNT3,replace,nên,bơ,Connectives/Aspect markers,lexicon_match
NLI_3107,NLI,PNT4,insert,,mô,Interrogatives,lexicon_match
NLI_3108,NLI,PNT2,replace,đã,đạ,Connectives/Aspect markers,lexicon_match
NLI_3108,NLI,PNT3,replace,đã,đạ,Connectives/Aspect markers,lexicon_match
NLI_3171,NLI,PNT1,replace,làm,mần,Predicate vocabulary,lexicon_match
NLI_3171,NLI,PNT2,replace,làm,mần,Predicate vocabulary,lexicon_match
NLI_3171,NLI,PNT3,delete,ấy,,Demonstratives/Deixis; Discourse particles,lexicon_match
NLI_3172,NLI,PNN,replace,không,hông,Negation/Function words,lexicon_match
NLI_3172,NLI,PNT3,replace,xem,chộ,Predicate vocabulary,lexicon_match
NLI_3201,NLI,PNT3,replace,nên,bơ,Connectives/Aspect markers,lexicon_match
NLI_3211,NLI,PNT2,replace,vậy,rứa,Demonstratives/Deixis,lexicon_match
NLI_3211,NLI,PNT4,replace,vậy,rứa,Demonstratives/Deixis,lexicon_match
NLI_3269,NLI,PNT2,replace,vậy,rứa,Demonstratives/Deixis,lexicon_match
NLI_3269,NLI,PNT3,replace,như vậy,in ri,Demonstratives/Deixis,lexicon_match
NLI_3269,NLI,PNT4,replace,nào,mô,Interrogatives,lexicon_match
NLI_3269,NLI,PNT4,replace,vậy,ri,Demonstratives/Deixis,lexicon_match
NLI_3276,NLI,PNN,replace,không,hông,Negation/Function words,lexicon_match
NLI_3276,NLI,PNT2,replace,không,nỏ,Negation/Function words,lexicon_match
NLI_3276,NLI,PNT3,replace,không,nỏ,Negation/Function words,lexicon_match
NLI_3340,NLI,PNN,replace,ông ấy,ổng,Pronouns,lexicon_match
NLI_3340,NLI,PNN,delete,rất,,Predicate vocabulary,lexicon_match
NLI_3340,NLI,PNT3,replace,từng,khi mô,Interrogatives,lexicon_match
NLI_3340,NLI,PNT4,replace,ông ấy,ổng,Pronouns,lexicon_match
NLI_3719,NLI,PNT3,replace,nên,bưa,Connectives/Aspect markers,lexicon_match
NLI_3739,NLI,PNN,replace,anh ấy,ảnh,Kinship/Honorific terms; Pronouns,lexicon_match
NLI_3739,NLI,PNT2,replace,ấy,nớ,Demonstratives/Deixis,lexicon_match
NLI_3739,NLI,PNT3,replace,anh ấy,hấn,Pronouns,lexicon_match
NLI_3739,NLI,PNT4,replace,anh ấy,ảnh,Kinship/Honorific terms; Pronouns,lexicon_match
NLI_4015,NLI,PNN,replace,không,hông,Negation/Function words,lexicon_match
NLI_4015,NLI,PNT2,replace,không,nỏ,Negation/Function words,lexicon_match
NLI_4176,NLI,PNN,replace,không,hổng,Negation/Function words,lexicon_match
NLI_4176,NLI,PNN,replace,không,hổng,Negation/Function words,lexicon_match
NLI_4176,NLI,PNT2,replace,không,nỏ,Negation/Function words,lexicon_match
NLI_4176,NLI,PNT2,replace,không,nỏ,Negation/Function words,lexicon_match
NLI_4176,NLI,PNT3,replace,không,nỏ,Negation/Function words,lexicon_match
NLI_4176,NLI,PNT3,replace,không,nỏ,Negation/Function words,lexicon_match
NLI_4217,NLI,PNN,replace,cô,cổ,Pronouns,lexicon_match
NLI_4217,NLI,PNN,replace,không,hông,Negation/Function words,lexicon_match
NLI_4217,NLI,PNT2,replace,nào,mô,Interrogatives; Negation/Function words,lexicon_match
NLI_4217,NLI,PNT3,replace,không,nỏ,Negation/Function words,lexicon_match
NLI_4217,NLI,PNT3,replace,nào,mô,Interrogatives; Negation/Function words,lexicon_match
NLI_4221,NLI,PNN,replace,không,hông,Negation/Function words,lexicon_match
NLI_4221,NLI,PNT2,replace,nào,mô,Interrogatives; Negation/Function words,lexicon_match
NLI_4221,NLI,PNT3,replace,không,nỏ,Negation/Function words,lexicon_match
NLI_4221,NLI,PNT3,replace,gì,chi,Interrogatives,lexicon_match
NLI_4221,NLI,PNT3,replace,nào,mô,Interrogatives; Negation/Function words,lexicon_match
NLI_4266,NLI,PNN,replace,chúng tôi,tụi tui,Pronouns,lexicon_match
NLI_4266,NLI,PNT2,replace,chúng tôi,nhà choa,Pronouns,lexicon_match
NLI_4266,NLI,PNT2,replace,này,ni,Demonstratives/Deixis,lexicon_match
NLI_4266,NLI,PNT2,replace,không,nỏ,Negation/Function words,lexicon_match
NLI_4266,NLI,PNT2,replace,gì,chi,Interrogatives,lexicon_match
NLI_4266,NLI,PNT3,replace,chúng tôi,choa,Pronouns,lexicon_match
NLI_4266,NLI,PNT4,replace,này,ni,Demonstratives/Deixis,lexicon_match
NLI_4266,NLI,PNT4,replace,gì,chi,Interrogatives,lexicon_match
NLI_4394,NLI,PNN,replace,không,hông,Negation/Function words,lexicon_match
NLI_4394,NLI,PNT2,insert,,nớ,Demonstratives/Deixis,lexicon_match
NLI_4394,NLI,PNT2,insert,,cấy,Negation/Function words,lexicon_match
NLI_4394,NLI,PNT2,replace,bật,bổ,Predicate vocabulary,lexicon_match
NLI_4394,NLI,PNT3,replace,không,khung,Negation/Function words,lexicon_match
NLI_4394,NLI,PNT4,replace,khiến,làm,Predicate vocabulary,lexicon_match
NLI_4572,NLI,PNT2,replace,gì,chi,Interrogatives,lexicon_match
NLI_4616,NLI,PNN,replace,không,hông,Negation/Function words,lexicon_match
NLI_4616,NLI,PNT2,replace,vậy,rứa,Demonstratives/Deixis,lexicon_match
NLI_4616,NLI,PNT2,replace,không,khung,Negation/Function words,lexicon_match
NLI_4616,NLI,PNT3,replace,đã,đạ,Connectives/Aspect markers,lexicon_match
NLI_4616,NLI,PNT3,replace,như vậy,in rứa,Demonstratives/Deixis,lexicon_match
NLI_4616,NLI,PNT3,replace,không,nỏ,Negation/Function words,lexicon_match
NLI_4616,NLI,PNT4,replace,vậy,rứa,Demonstratives/Deixis,lexicon_match
NLI_4616,NLI,PNT4,replace,gì,chi,Interrogatives,lexicon_match
NLI_4654,NLI,PNB,replace,ấy,ta,Demonstratives/Deixis,lexicon_match
NLI_4654,NLI,PNT2,replace,ấy,nớ,Demonstratives/Deixis,lexicon_match
NLI_4654,NLI,PNT3,replace,đã,đạ,Connectives/Aspect markers,lexicon_match
NLI_4746,NLI,PNB,replace,gì,sao,Interrogatives,lexicon_match
NLI_4746,NLI,PNN,replace,không,hông,Negation/Function words,lexicon_match
NLI_4746,NLI,PNT2,replace,gì,chi,Interrogatives,lexicon_match
NLI_4746,NLI,PNT2,replace,nó,hấn,Pronouns,lexicon_match
NLI_4746,NLI,PNT3,replace,không,nỏ,Negation/Function words,lexicon_match
NLI_4746,NLI,PNT3,replace,gì,chi,Interrogatives,lexicon_match
NLI_4746,NLI,PNT3,replace,nó,hắn,Pronouns,lexicon_match
NLI_4746,NLI,PNT4,replace,không,hông,Negation/Function words,lexicon_match
NLI_4746,NLI,PNT4,replace,nó,hén,Pronouns,lexicon_match
NLI_4801,NLI,PNT2,replace,không,nỏ,Negation/Function words,lexicon_match
NLI_4801,NLI,PNT2,insert,,chi,Interrogatives,lexicon_match
NLI_4856,NLI,PNT4,insert,,nớ,Demonstratives/Deixis,lexicon_match
NLI_4856,NLI,PNT4,replace,trở thành,làm,Predicate vocabulary,lexicon_match
NLI_4916,NLI,PNT2,replace,này,ni,Demonstratives/Deixis,lexicon_match
NLI_4916,NLI,PNT3,replace,này,ni,Demonstratives/Deixis,lexicon_match
NLI_5143,NLI,PNT2,replace,tôi,tau,Pronouns,lexicon_match
NLI_5143,NLI,PNT2,insert,,ni,Demonstratives/Deixis,lexicon_match
NLI_5263,NLI,PNN,replace,không,hông,Negation/Function words,lexicon_match
NLI_5263,NLI,PNT2,replace,không,nỏ,Negation/Function words,lexicon_match
NLI_5263,NLI,PNT3,replace,đã,đạ,Connectives/Aspect markers,lexicon_match
NLI_5366,NLI,PNT3,replace,không,nỏ,Negation/Function words,lexicon_match
NLI_5368,NLI,PNN,replace,không,hông,Negation/Function words,lexicon_match
NLI_5368,NLI,PNN,replace,anh ấy,ảnh,Kinship/Honorific terms; Pronouns,lexicon_match
NLI_5368,NLI,PNT2,replace,không,nỏ,Negation/Function words,lexicon_match
NLI_5368,NLI,PNT2,replace,ấy,nớ,Demonstratives/Deixis,lexicon_match
NLI_5368,NLI,PNT3,replace,không,nỏ,Negation/Function words,lexicon_match
NLI_5368,NLI,PNT3,replace,anh ấy,eng nớ,Pronouns,lexicon_match
NLI_5368,NLI,PNT4,replace,anh ấy,ảnh,Kinship/Honorific terms; Pronouns,lexicon_match
NLI_5451,NLI,PNB,replace,chiếc,cái,Negation/Function words,lexicon_match
NLI_5451,NLI,PNB,replace,cậu,nó,Pronouns,lexicon_match
NLI_5451,NLI,PNT2,replace,đó,nớ,Demonstratives/Deixis,lexicon_match
NLI_5451,NLI,PNT2,replace,nhiều,một mớ,Predicate vocabulary,lexicon_match
NLI_5451,NLI,PNT3,replace,chiếc,kì,Negation/Function words,lexicon_match
NLI_5451,NLI,PNT3,replace,đó,nớ,Demonstratives/Deixis,lexicon_match
NLI_5518,NLI,PNN,replace,không,hông,Negation/Function words,lexicon_match
NLI_5518,NLI,PNN,replace,không,hông,Negation/Function words,lexicon_match
NLI_5518,NLI,PNT2,replace,không,nỏ,Negation/Function words,lexicon_match
NLI_5518,NLI,PNT2,replace,không,nỏ,Negation/Function words,lexicon_match
NLI_5518,NLI,PNT3,replace,không,nỏ,Negation/Function words,lexicon_match
NLI_5518,NLI,PNT3,replace,nên,bơ,Connectives/Aspect markers,lexicon_match
NLI_5518,NLI,PNT3,replace,không,nỏ,Negation/Function words,lexicon_match
NLI_5586,NLI,PNN,replace,cô ấy,cổ,Pronouns,lexicon_match
NLI_5586,NLI,PNT2,insert,,đạ,Connectives/Aspect markers,lexicon_match
NLI_5586,NLI,PNT3,replace,cô ấy,ả nớ,Pronouns,lexicon_match
NLI_5586,NLI,PNT4,replace,cô ấy,cổ,Pronouns,lexicon_match
NLI_5704,NLI,PNN,replace,gọi,kêu,Predicate vocabulary,lexicon_match
NLI_5704,NLI,PNT2,replace,này,ni,Demonstratives/Deixis,lexicon_match
NLI_5704,NLI,PNT2,replace,không,nỏ,Negation/Function words,lexicon_match
NLI_5704,NLI,PNT3,replace,nó,hấn,Pronouns,lexicon_match
NLI_5704,NLI,PNT4,replace,nó,hén,Pronouns,lexicon_match
NLI_5715,NLI,PNT1,replace,nay,ni,Demonstratives/Deixis,lexicon_match
NLI_5715,NLI,PNT2,replace,nay,ni,Demonstratives/Deixis,lexicon_match
NLI_5715,NLI,PNT3,replace,đã,đạ,Connectives/Aspect markers,lexicon_match
NLI_5715,NLI,PNT4,replace,nay,ni,Demonstratives/Deixis,lexicon_match
NLI_5733,NLI,PNT1,replace,đó,nứ,Demonstratives/Deixis,lexicon_match
NLI_5733,NLI,PNT2,replace,đó,nớ,Demonstratives/Deixis,lexicon_match
NLI_5733,NLI,PNT3,replace,đã,đạ,Connectives/Aspect markers,lexicon_match
NLI_5733,NLI,PNT3,replace,đó,nớ,Demonstratives/Deixis,lexicon_match
NLI_5735,NLI,PNB,replace,cha,bố,Kinship/Honorific terms,lexicon_match
NLI_5735,NLI,PNN,replace,tôi,tui,Pronouns,lexicon_match
NLI_5735,NLI,PNT3,replace,tôi,tau,Pronouns,lexicon_match
NLI_5735,NLI,PNT4,replace,cha,ba,Kinship/Honorific terms,lexicon_match
NLI_5735,NLI,PNT4,replace,tôi,tui,Pronouns,lexicon_match
NLI_5746,NLI,PNN,replace,tôi,tui,Pronouns,lexicon_match
NLI_5746,NLI,PNT1,replace,tôi,tau,Pronouns,lexicon_match
NLI_5746,NLI,PNT2,replace,vậy,rứa,Demonstratives/Deixis,lexicon_match
NLI_5746,NLI,PNT3,replace,gặp,chộ,Predicate vocabulary,lexicon_match
NLI_5746,NLI,PNT4,replace,vậy,rứa,Demonstratives/Deixis,lexicon_match
NLI_6110,NLI,PNN,replace,không,hông,Negation/Function words,lexicon_match
NLI_6110,NLI,PNT1,replace,làm,mần,Predicate vocabulary,lexicon_match
NLI_6110,NLI,PNT1,replace,đó,nứ,Demonstratives/Deixis,lexicon_match
NLI_6110,NLI,PNT2,replace,làm,mần,Predicate vocabulary,lexicon_match
NLI_6110,NLI,PNT2,replace,đó,nớ,Demonstratives/Deixis,lexicon_match
NLI_6110,NLI,PNT2,replace,không,nỏ,Negation/Function words,lexicon_match
NLI_6110,NLI,PNT2,replace,sợ hãi,sình hại,Predicate vocabulary,lexicon_match
NLI_6110,NLI,PNT3,replace,làm,mần,Predicate vocabulary,lexicon_match
NLI_6110,NLI,PNT3,replace,đó,nớ,Demonstratives/Deixis,lexicon_match
NLI_6110,NLI,PNT3,replace,không,nọ,Negation/Function words,lexicon_match
NLI_6110,NLI,PNT3,replace,sợ hãi,tởn,Predicate vocabulary,lexicon_match
NLI_6110,NLI,PNT3,replace,gặp,chộ,Predicate vocabulary,lexicon_match
NLI_6129,NLI,PNN,replace,không,hông,Negation/Function words,lexicon_match
NLI_6129,NLI,PNT1,replace,nào,mô,Negation/Function words,lexicon_match
NLI_6129,NLI,PNT2,replace,không,nỏ,Negation/Function words,lexicon_match
NLI_6129,NLI,PNT2,replace,nào,mô cả,Interrogatives,lexicon_match
NLI_6129,NLI,PNT3,replace,nào,mô,Interrogatives; Negation/Function words,lexicon_match
NLI_6129,NLI,PNT4,replace,nào,mô,Interrogatives,lexicon_match
NLI_6155,NLI,PNB,replace,làm,khiến,Predicate vocabulary,lexicon_match
NLI_6155,NLI,PNT1,replace,cứ nào,mô,Negation/Function words,lexicon_match
NLI_6155,NLI,PNT2,replace,đó,nớ,Demonstratives/Deixis,lexicon_match
NLI_6155,NLI,PNT4,replace,nào,mô,Interrogatives,lexicon_match
NLI_6169,NLI,PNN,replace,cô ấy,cổ,Pronouns,lexicon_match
NLI_6169,NLI,PNT1,replace,ấy,nứ,Demonstratives/Deixis,lexicon_match
NLI_6169,NLI,PNT2,replace,sợ hãi,hại,Predicate vocabulary,lexicon_match
NLI_6169,NLI,PNT2,delete,ấy,,Demonstratives/Deixis; Discourse particles,lexicon_match
NLI_6169,NLI,PNT3,replace,sợ hãi,hại,Predicate vocabulary,lexicon_match
NLI_6169,NLI,PNT3,replace,cô ấy,ả nớ,Pronouns,lexicon_match
NLI_6169,NLI,PNT4,replace,cô ấy,cổ,Pronouns,lexicon_match
NLI_6280,NLI,PNT2,insert,,kì,Negation/Function words,lexicon_match
NLI_6280,NLI,PNT3,insert,,kì,Negation/Function words,lexicon_match
NLI_6323,NLI,PNT2,replace,đã,đạ,Connectives/Aspect markers,lexicon_match
NLI_6350,NLI,PNT3,replace,gái,cấy,Negation/Function words,lexicon_match
NLI_6594,NLI,PNN,replace,không,hông,Negation/Function words,lexicon_match
NLI_6594,NLI,PNT2,replace,không,nỏ,Negation/Function words,lexicon_match
NLI_6594,NLI,PNT2,replace,này,ni,Demonstratives/Deixis,lexicon_match
NLI_6594,NLI,PNT3,replace,không,nỏ có,Negation/Function words,lexicon_match
NLI_6594,NLI,PNT3,insert,,kì,Negation/Function words,lexicon_match
NLI_6594,NLI,PNT3,replace,này,ni,Demonstratives/Deixis,lexicon_match
NLI_6637,NLI,PNN,replace,cô,cổ,Pronouns,lexicon_match
NLI_6637,NLI,PNT2,insert,,cấy,Negation/Function words,lexicon_match
NLI_6637,NLI,PNT2,replace,đã,đạ,Connectives/Aspect markers,lexicon_match
NLI_6637,NLI,PNT3,replace,đã,đạ,Connectives/Aspect markers,lexicon_match
NLI_6854,NLI,PNT2,replace,gì,chi,Interrogatives,lexicon_match
NLI_6854,NLI,PNT3,replace,thật,thiệt,Connectives/Aspect markers,lexicon_match
NLI_6960,NLI,PNN,replace,cô ấy,cổ,Pronouns,lexicon_match
NLI_6960,NLI,PNT2,replace,cô ấy,o nớ,Pronouns,lexicon_match
NLI_6960,NLI,PNT3,replace,đã,đạ,Connectives/Aspect markers,lexicon_match
NLI_7176,NLI,PNN,replace,tôi,tui,Pronouns,lexicon_match
NLI_7176,NLI,PNT1,replace,tôi,tau,Pronouns,lexicon_match
NLI_7176,NLI,PNT1,replace,đâu,mô,Negation/Function words,lexicon_match
NLI_7176,NLI,PNT2,replace,tôi,tui,Pronouns,lexicon_match
NLI_7176,NLI,PNT2,replace,không,nỏ,Negation/Function words,lexicon_match
NLI_7176,NLI,PNT2,replace,đâu,mô,Interrogatives; Negation/Function words,lexicon_match
NLI_7176,NLI,PNT3,replace,tôi,tau,Pronouns,lexicon_match
NLI_7176,NLI,PNT3,replace,không,nỏ,Negation/Function words,lexicon_match
NLI_7176,NLI,PNT3,replace,đâu,mô,Interrogatives; Negation/Function words,lexicon_match
NLI_7176,NLI,PNT4,replace,tôi,tui,Pronouns,lexicon_match
NLI_7469,NLI,PNT2,replace,gì,chi,Interrogatives,lexicon_match
NLI_7524,NLI,PNN,replace,không,hông,Negation/Function words,lexicon_match
NLI_7524,NLI,PNT2,replace,không,nỏ,Negation/Function words,lexicon_match
NLI_7524,NLI,PNT2,replace,làm gì,mần chi,Interrogatives,lexicon_match
NLI_7524,NLI,PNT3,replace,không,nỏ,Negation/Function words,lexicon_match
NLI_7524,NLI,PNT3,replace,làm gì,mần cấy chi,Interrogatives,lexicon_match
NLI_7524,NLI,PNT4,replace,gì,chi,Interrogatives,lexicon_match
NLI_7681,NLI,PNN,replace,cô ấy,cổ,Pronouns,lexicon_match
NLI_7681,NLI,PNT1,replace,ấy,nứ,Demonstratives/Deixis,lexicon_match
NLI_7681,NLI,PNT2,replace,ấy,nớ,Demonstratives/Deixis,lexicon_match
NLI_7681,NLI,PNT4,replace,đã,nớ,Demonstratives/Deixis,lexicon_match
NLI_7681,NLI,PNT4,replace,cô ấy,bả mới,Pronouns,lexicon_match
NLI_7691,NLI,PNN,replace,tôi,tui,Pronouns,lexicon_match
NLI_7691,NLI,PNT1,replace,tôi,tau,Pronouns,lexicon_match
NLI_7691,NLI,PNT3,replace,qua,ni,Demonstratives/Deixis,lexicon_match
NLI_7691,NLI,PNT4,replace,tôi,tui,Pronouns,lexicon_match
NLI_7826,NLI,PNB,replace,cô,bà,Kinship/Honorific terms,lexicon_match
NLI_7826,NLI,PNN,replace,cô ấy,cổ,Pronouns,lexicon_match
NLI_7826,NLI,PNT3,replace,mẹ,mạ,Kinship/Honorific terms,lexicon_match
NLI_7826,NLI,PNT3,replace,ấy đã,đạ,Connectives/Aspect markers,lexicon_match
NLI_7858,NLI,PNT3,replace,đã,đạ,Connectives/Aspect markers,lexicon_match
NLI_7901,NLI,PNT2,insert,,nớ,Demonstratives/Deixis,lexicon_match
QA_0268,QA,PNT3,replace,thế nào,răng,Interrogatives,lexicon_match
QA_0572,QA,PNT2,replace,thế nào,răng,Interrogatives,lexicon_match
QA_0572,QA,PNT3,replace,thế nào,răng,Interrogatives,lexicon_match
QA_12019,QA,PNT1,replace,nào,mô,Negation/Function words,lexicon_match
QA_1203,QA,PNT3,replace,thế nào,răng,Interrogatives,lexicon_match
QA_1224,QA,PNT2,replace,đâu,mô,Interrogatives; Negation/Function words,lexicon_match
QA_1224,QA,PNT2,replace,đó,nớ,Demonstratives/Deixis,lexicon_match
QA_1224,QA,PNT2,replace,nó,hấn,Pronouns,lexicon_match
QA_1224,QA,PNT3,replace,đâu,mô,Interrogatives; Negation/Function words,lexicon_match
QA_1224,QA,PNT3,replace,đó,nớ,Demonstratives/Deixis,lexicon_match
QA_1224,QA,PNT3,replace,nó,hắn,Pronouns,lexicon_match
QA_12824,QA,PNT4,replace,thế nào,ren,Interrogatives,lexicon_match
QA_13646,QA,PNT3,replace,thế nào,răng,Interrogatives,lexicon_match
QA_13794,QA,PNN,delete,thế,,Demonstratives/Deixis,lexicon_match
QA_13794,QA,PNT2,replace,nó,hấn,Pronouns,lexicon_match
QA_13794,QA,PNT4,replace,thế nào,ren,Interrogatives,lexicon_match
QA_13818,QA,PNT2,replace,thế nào,răng,Interrogatives,lexicon_match
QA_13818,QA,PNT3,replace,thế nào,răng,Interrogatives,lexicon_match
QA_14176,QA,PNT2,replace,gì,chi,Interrogatives,lexicon_match
QA_14176,QA,PNT3,replace,đã,đạ,Connectives/Aspect markers,lexicon_match
QA_14176,QA,PNT3,replace,gì,chi,Interrogatives,lexicon_match
QA_14176,QA,PNT4,replace,gì,chi,Interrogatives,lexicon_match
QA_14184,QA,PNT2,replace,đã,đạ,Connectives/Aspect markers,lexicon_match
QA_14184,QA,PNT2,replace,gì,chi,Interrogatives,lexicon_match
QA_14184,QA,PNT3,replace,gì,chi,Interrogatives,lexicon_match
QA_14184,QA,PNT4,replace,gì,chi,Interrogatives,lexicon_match
QA_14257,QA,PNN,delete,thế,,Demonstratives/Deixis,lexicon_match
QA_14257,QA,PNT2,replace,thế nào,răng,Interrogatives,lexicon_match
QA_14257,QA,PNT3,replace,xem,coi,Predicate vocabulary,lexicon_match
QA_14257,QA,PNT3,replace,thế nào,răng,Interrogatives,lexicon_match
QA_14257,QA,PNT4,replace,xem,coi,Predicate vocabulary,lexicon_match
QA_14257,QA,PNT4,replace,thế nào,ren,Interrogatives,lexicon_match
QA_14728,QA,PNT2,replace,không,nỏ,Negation/Function words,lexicon_match
QA_14728,QA,PNT3,replace,thế nào,răng,Interrogatives,lexicon_match
QA_14728,QA,PNT4,replace,thế nào,răng,Interrogatives,lexicon_match
QA_15627,QA,PNT3,replace,đã,đạ,Connectives/Aspect markers,lexicon_match
QA_15627,QA,PNT3,replace,thế nào,răng,Interrogatives,lexicon_match
QA_15627,QA,PNT4,replace,thế nào,ren,Interrogatives,lexicon_match
QA_15710,QA,PNN,replace,như thế nào,sao,Interrogatives,lexicon_match
QA_15710,QA,PNT3,replace,thế nào,răng,Interrogatives,lexicon_match
QA_16173,QA,PNN,replace,không,hông,Negation/Function words,lexicon_match
QA_16173,QA,PNN,delete,thế,,Demonstratives/Deixis,lexicon_match
QA_16173,QA,PNT2,replace,không,mà nỏ,Negation/Function words,lexicon_match
QA_16173,QA,PNT2,replace,thế nào,răng,Interrogatives,lexicon_match
QA_16173,QA,PNT3,replace,không,nỏ,Negation/Function words,lexicon_match
QA_16173,QA,PNT3,replace,thế nào,răng rựa,Interrogatives,lexicon_match
QA_16173,QA,PNT4,replace,thế nào,răng,Interrogatives,lexicon_match
QA_17724,QA,PNB,replace,nào,gì,Interrogatives,lexicon_match
QA_17724,QA,PNT2,replace,nào,mô,Interrogatives; Negation/Function words,lexicon_match
QA_17724,QA,PNT3,replace,nào,mô,Interrogatives; Negation/Function words,lexicon_match
QA_17724,QA,PNT4,replace,nào,mô,Interrogatives,lexicon_match
QA_17758,QA,PNT2,replace,nào,mô,Interrogatives; Negation/Function words,lexicon_match
QA_17758,QA,PNT3,replace,nào,mô,Interrogatives; Negation/Function words,lexicon_match
QA_17769,QA,PNT2,replace,gì,chi,Interrogatives,lexicon_match
QA_17769,QA,PNT4,replace,gì,chi,Interrogatives,lexicon_match
QA_17771,QA,PNT3,replace,gì,chi,Interrogatives,lexicon_match
QA_17771,QA,PNT4,replace,gì,chi,Interrogatives,lexicon_match
QA_17926,QA,PNN,insert,,cái,Negation/Function words,lexicon_match
QA_17926,QA,PNT1,replace,nào,mô,Negation/Function words,lexicon_match
QA_17926,QA,PNT2,replace,nào,mô,Interrogatives; Negation/Function words,lexicon_match
QA_17926,QA,PNT3,replace,nào,mô,Interrogatives; Negation/Function words,lexicon_match
QA_17926,QA,PNT4,replace,nào,mô,Interrogatives,lexicon_match
QA_17995,QA,PNN,replace,như thế nào,sao,Interrogatives,lexicon_match
QA_17995,QA,PNT2,replace,đã,đạ,Connectives/Aspect markers,lexicon_match
QA_17995,QA,PNT2,replace,như thế nào,chi,Interrogatives,lexicon_match
QA_17995,QA,PNT3,replace,như thế nào,chi,Interrogatives,lexicon_match
QA_18023,QA,PNT2,replace,thế nào,răng,Interrogatives,lexicon_match
QA_18023,QA,PNT3,replace,làm,mần,Predicate vocabulary,lexicon_match
QA_18023,QA,PNT3,replace,thế nào,răng,Interrogatives,lexicon_match
QA_18041,QA,PNT2,replace,này,ni,Demonstratives/Deixis,lexicon_match
QA_18041,QA,PNT2,replace,nào,mô,Interrogatives; Negation/Function words,lexicon_match
QA_18041,QA,PNT3,replace,đã,đạ,Connectives/Aspect markers,lexicon_match
QA_18041,QA,PNT3,replace,nào,mô,Interrogatives; Negation/Function words,lexicon_match
QA_18041,QA,PNT4,replace,này,ni,Demonstratives/Deixis,lexicon_match
QA_18041,QA,PNT4,replace,nào,mô,Interrogatives,lexicon_match
QA_18170,QA,PNT2,replace,gì,chi,Interrogatives,lexicon_match
QA_18170,QA,PNT3,replace,gì,chi,Interrogatives,lexicon_match
QA_18170,QA,PNT3,replace,này,ni,Demonstratives/Deixis,lexicon_match
QA_18170,QA,PNT4,replace,gì,ren,Interrogatives,lexicon_match
QA_18375,QA,PNT1,replace,nào,mô,Negation/Function words,lexicon_match
QA_18375,QA,PNT2,replace,nào,mô đoạn,Interrogatives,lexicon_match
QA_18375,QA,PNT2,replace,đó,nớ,Demonstratives/Deixis,lexicon_match
QA_18375,QA,PNT3,replace,nào,mô,Interrogatives; Negation/Function words,lexicon_match
QA_18375,QA,PNT4,replace,nào,mô,Interrogatives,lexicon_match
QA_18652,QA,PNT3,replace,đó,nớ,Demonstratives/Deixis,lexicon_match
QA_18652,QA,PNT3,replace,gì,cấy chi,Interrogatives,lexicon_match
QA_18652,QA,PNT4,replace,đó,nớ,Demonstratives/Deixis,lexicon_match
QA_18652,QA,PNT4,replace,gọi,kêu,Predicate vocabulary,lexicon_match
QA_18652,QA,PNT4,replace,gì,chi,Interrogatives,lexicon_match
QA_18786,QA,PNN,replace,không,hông,Negation/Function words,lexicon_match
QA_18786,QA,PNT2,replace,không,nỏ,Negation/Function words,lexicon_match
QA_18786,QA,PNT2,replace,thế nào,răng,Interrogatives,lexicon_match
QA_18786,QA,PNT3,replace,như thế nào,chi,Interrogatives,lexicon_match
QA_18786,QA,PNT4,replace,thế nào,răng,Interrogatives,lexicon_match
QA_18828,QA,PNT2,replace,thế nào,răng,Interrogatives,lexicon_match
QA_18828,QA,PNT3,replace,thế nào,răng,Interrogatives,lexicon_match
QA_19250,QA,PNN,delete,thế,,Demonstratives/Deixis,lexicon_match
QA_19250,QA,PNT3,replace,thế nào,răng,Interrogatives,lexicon_match
QA_19280,QA,PNT2,replace,nào,mô,Interrogatives; Negation/Function words,lexicon_match
QA_19280,QA,PNT3,replace,nào,mô,Interrogatives; Negation/Function words,lexicon_match
QA_19280,QA,PNT4,replace,nào,mô,Interrogatives,lexicon_match
QA_19281,QA,PNT2,replace,thế nào,răng,Interrogatives,lexicon_match
QA_19281,QA,PNT3,replace,thế nào,răng,Interrogatives,lexicon_match
QA_19281,QA,PNT4,replace,thế nào,ren,Interrogatives,lexicon_match
QA_19329,QA,PNT3,replace,thế nào,răng,Interrogatives,lexicon_match
QA_19358,QA,PNN,replace,không,hông,Negation/Function words,lexicon_match
QA_19358,QA,PNT2,replace,không,nỏ,Negation/Function words,lexicon_match
QA_19358,QA,PNT2,replace,gì,chi,Interrogatives,lexicon_match
QA_19358,QA,PNT3,replace,gì,chi,Interrogatives,lexicon_match
QA_19358,QA,PNT4,replace,gì,chi,Interrogatives,lexicon_match
QA_19406,QA,PNT2,replace,gì,chi,Interrogatives,lexicon_match
QA_19406,QA,PNT3,replace,gì,chi,Interrogatives,lexicon_match
QA_19406,QA,PNT4,replace,gì,chi,Interrogatives,lexicon_match
QA_19877,QA,PNT2,replace,không,nỏ,Negation/Function words,lexicon_match
QA_19877,QA,PNT2,replace,làm gì,mần chi,Interrogatives,lexicon_match
QA_19877,QA,PNT3,replace,gì,chi,Interrogatives,lexicon_match
QA_19877,QA,PNT4,replace,gì,chi,Interrogatives,lexicon_match
QA_20004,QA,PNT2,replace,gì,chi,Interrogatives,lexicon_match
QA_20004,QA,PNT3,insert,,kì,Negation/Function words,lexicon_match
QA_20004,QA,PNT3,replace,nên,bơ,Connectives/Aspect markers,lexicon_match
QA_20004,QA,PNT3,replace,làm gì,mần chi,Interrogatives,lexicon_match
QA_20004,QA,PNT4,replace,gì,chi,Interrogatives,lexicon_match
QA_20495,QA,PNT3,replace,như thế nào,chi,Interrogatives,lexicon_match
QA_20639,QA,PNT2,replace,làm,mần,Predicate vocabulary,lexicon_match
QA_20639,QA,PNT2,replace,gì,chi,Interrogatives,lexicon_match
QA_20639,QA,PNT3,replace,đã,đạ,Connectives/Aspect markers,lexicon_match
QA_20639,QA,PNT3,replace,gì,chi,Interrogatives,lexicon_match
QA_20639,QA,PNT4,replace,việc gì,chuyện chi,Interrogatives,lexicon_match
QA_21117,QA,PNB,delete,này,,Demonstratives/Deixis,lexicon_match
QA_21117,QA,PNT2,replace,này,ni,Demonstratives/Deixis,lexicon_match
QA_21117,QA,PNT2,replace,này,ni,Demonstratives/Deixis,lexicon_match
QA_21117,QA,PNT2,replace,gì,chi,Interrogatives,lexicon_match
QA_21117,QA,PNT3,replace,này,ni,Demonstratives/Deixis,lexicon_match
QA_21117,QA,PNT3,replace,đó,nớ,Demonstratives/Deixis,lexicon_match
QA_21117,QA,PNT3,replace,này,ni,Demonstratives/Deixis,lexicon_match
QA_21117,QA,PNT3,replace,làm gì,mần chi,Interrogatives,lexicon_match
QA_21117,QA,PNT4,replace,này,ni,Demonstratives/Deixis,lexicon_match
QA_21117,QA,PNT4,replace,này,ni,Demonstratives/Deixis,lexicon_match
QA_21117,QA,PNT4,replace,gì,chi,Interrogatives,lexicon_match
QA_21489,QA,PNN,replace,ông,ổng,Pronouns,lexicon_match
QA_21489,QA,PNT2,replace,làm gì,mần chi,Interrogatives,lexicon_match
QA_21489,QA,PNT3,replace,gì,chi,Interrogatives,lexicon_match
QA_21489,QA,PNT4,replace,gì,chi,Interrogatives,lexicon_match
QA_22617,QA,PNB,replace,nào,gì,Interrogatives,lexicon_match
QA_22617,QA,PNN,replace,nào,gì,Interrogatives,lexicon_match
QA_22617,QA,PNT1,replace,nào,mô,Negation/Function words,lexicon_match
QA_22620,QA,PNT1,replace,nào,mô,Negation/Function words,lexicon_match
QA_22620,QA,PNT2,replace,nào,mô,Interrogatives; Negation/Function words,lexicon_match
QA_22620,QA,PNT3,replace,nào,mô,Interrogatives; Negation/Function words,lexicon_match
QA_22620,QA,PNT4,replace,nào,mô,Interrogatives,lexicon_match
QA_22836,QA,PNT4,replace,thế nào,ren,Interrogatives,lexicon_match
QA_2325,QA,PNT2,replace,làm gì,mần chi,Interrogatives,lexicon_match
QA_2325,QA,PNT3,replace,làm gì,mần chi,Interrogatives,lexicon_match
QA_23452,QA,PNN,replace,như thế nào,sao,Interrogatives,lexicon_match
QA_23452,QA,PNT2,replace,đã,đạ,Connectives/Aspect markers,lexicon_match
QA_23452,QA,PNT2,replace,thế nào,răng,Interrogatives,lexicon_match
QA_23452,QA,PNT2,insert,,cấy,Negation/Function words,lexicon_match
QA_23452,QA,PNT3,replace,thế nào,răng,Interrogatives,lexicon_match
QA_23452,QA,PNT4,replace,thế nào,răng,Interrogatives,lexicon_match
QA_23724,QA,PNT2,replace,nào,mô,Interrogatives; Negation/Function words,lexicon_match
QA_23724,QA,PNT3,replace,đã,đạ,Connectives/Aspect markers,lexicon_match
QA_23724,QA,PNT4,replace,nào,mô,Interrogatives,lexicon_match
QA_23978,QA,PNT2,replace,làm,mần,Predicate vocabulary,lexicon_match
QA_23978,QA,PNT3,replace,nay,ni,Demonstratives/Deixis,lexicon_match
QA_23978,QA,PNT3,replace,thế nào,răng,Interrogatives,lexicon_match
QA_23978,QA,PNT4,replace,nay,ni,Demonstratives/Deixis,lexicon_match
QA_23978,QA,PNT4,replace,thế nào,ren,Interrogatives,lexicon_match
QA_24045,QA,PNN,replace,điều,cái,Negation/Function words,lexicon_match
QA_24045,QA,PNT2,replace,gì,chi,Interrogatives,lexicon_match
QA_24045,QA,PNT3,replace,gì,chi,Interrogatives,lexicon_match
QA_24045,QA,PNT4,replace,gì,chi,Interrogatives,lexicon_match
QA_25984,QA,PNT1,replace,nào,mô,Negation/Function words,lexicon_match
QA_25984,QA,PNT2,replace,nhỏ,bé,Predicate vocabulary,lexicon_match
QA_25984,QA,PNT2,replace,nào,mô,Interrogatives; Negation/Function words,lexicon_match
QA_25984,QA,PNT3,replace,nào,mô,Interrogatives; Negation/Function words,lexicon_match
QA_25984,QA,PNT4,replace,nào,mô,Interrogatives,lexicon_match
QA_26154,QA,PNN,replace,không,hông,Negation/Function words,lexicon_match
QA_26154,QA,PNT2,replace,không,nỏ,Negation/Function words,lexicon_match
QA_26154,QA,PNT2,replace,thế nào,răng,Interrogatives,lexicon_match
QA_26154,QA,PNT3,replace,không,nỏ,Negation/Function words,lexicon_match
QA_26154,QA,PNT3,replace,thế nào,răng,Interrogatives,lexicon_match
QA_26357,QA,PNT2,replace,đã,đạ,Connectives/Aspect markers,lexicon_match
QA_26357,QA,PNT3,replace,nào,mô,Interrogatives; Negation/Function words,lexicon_match
QA_26357,QA,PNT4,replace,nào,mô,Interrogatives,lexicon_match
QA_26456,QA,PNN,insert,,cái,Negation/Function words,lexicon_match
QA_26456,QA,PNT2,replace,làm gì,mần chi,Interrogatives,lexicon_match
QA_26456,QA,PNT3,replace,làm gì,mần cấy chi,Interrogatives,lexicon_match
QA_26456,QA,PNT4,replace,gì,chi,Interrogatives,lexicon_match
QA_26462,QA,PNN,replace,bà,bả,Pronouns,lexicon_match
QA_26462,QA,PNT2,replace,nào,mô,Interrogatives; Negation/Function words,lexicon_match
QA_26462,QA,PNT3,replace,nào,mô,Interrogatives; Negation/Function words,lexicon_match
QA_26558,QA,PNT1,replace,nào,mô,Negation/Function words,lexicon_match
QA_26558,QA,PNT2,replace,nào,mô,Interrogatives; Negation/Function words,lexicon_match
QA_26558,QA,PNT3,replace,nào,mô,Interrogatives; Negation/Function words,lexicon_match
QA_26558,QA,PNT3,delete,đã,,Connectives/Aspect markers,lexicon_match
QA_26558,QA,PNT4,replace,nào,mô,Interrogatives,lexicon_match
QA_26719,QA,PNT2,replace,thế nào,răng,Interrogatives,lexicon_match
QA_26719,QA,PNT3,replace,thế nào,răng,Interrogatives,lexicon_match
QA_26719,QA,PNT4,replace,thế nào,ren,Interrogatives,lexicon_match
QA_26901,QA,PNT3,replace,đã,đạ,Connectives/Aspect markers,lexicon_match
QA_26901,QA,PNT3,replace,một,kì,Negation/Function words,lexicon_match
QA_26901,QA,PNT3,replace,thế nào,răng,Interrogatives,lexicon_match
QA_27000,QA,PNB,replace,cha,bố,Kinship/Honorific terms,lexicon_match
QA_27000,QA,PNN,replace,thế,như,Demonstratives/Deixis,lexicon_match
QA_27000,QA,PNT2,replace,thế nào,như răng,Interrogatives,lexicon_match
QA_27000,QA,PNT3,replace,thế nào,như răng,Interrogatives,lexicon_match
QA_27000,QA,PNT4,replace,thế nào,ra ren,Interrogatives,lexicon_match
QA_27033,QA,PNT3,replace,như thế nào,chi,Interrogatives,lexicon_match
QA_27033,QA,PNT4,replace,thế nào,răn,Interrogatives,lexicon_match
QA_2707,QA,PNT2,replace,nào,mô,Interrogatives; Negation/Function words,lexicon_match
QA_2707,QA,PNT3,replace,nào,mô,Interrogatives; Negation/Function words,lexicon_match
QA_27538,QA,PNT3,replace,thế nào,răng,Interrogatives,lexicon_match
QA_3137,QA,PNN,replace,không,hông,Negation/Function words,lexicon_match
QA_3137,QA,PNT1,replace,nào,mô,Negation/Function words,lexicon_match
QA_3137,QA,PNT2,replace,nào,mô,Interrogatives; Negation/Function words,lexicon_match
QA_3137,QA,PNT2,replace,không thể,nỏ,Negation/Function words,lexicon_match
QA_3137,QA,PNT4,replace,nào,mô,Interrogatives,lexicon_match
QA_3368,QA,PNT2,replace,nào,mô,Interrogatives; Negation/Function words,lexicon_match
QA_3368,QA,PNT3,replace,nào,mô,Interrogatives; Negation/Function words,lexicon_match
QA_3410,QA,PNT2,replace,đã,đạ,Connectives/Aspect markers,lexicon_match
QA_3410,QA,PNT2,replace,nơi nào,mô,Interrogatives; Negation/Function words,lexicon_match
QA_3410,QA,PNT4,replace,nào,mô,Interrogatives,lexicon_match
QA_3982,QA,PNT2,replace,không,nỏ,Negation/Function words,lexicon_match
QA_3982,QA,PNT2,replace,gì,chi,Interrogatives,lexicon_match
QA_3982,QA,PNT3,replace,không,nọ,Negation/Function words,lexicon_match
QA_3982,QA,PNT3,replace,đã,đạ,Connectives/Aspect markers,lexicon_match
QA_3982,QA,PNT3,replace,gì,chi rứa,Interrogatives,lexicon_match
QA_3982,QA,PNT4,replace,gì,chi,Interrogatives,lexicon_match
QA_4111,QA,PNN,delete,thế,,Demonstratives/Deixis,lexicon_match
QA_4111,QA,PNT3,replace,thế nào,răng,Interrogatives,lexicon_match
QA_4111,QA,PNT4,replace,thế nào,ren,Interrogatives,lexicon_match
QA_4230,QA,PNN,replace,không,hông,Negation/Function words,lexicon_match
QA_4230,QA,PNT2,replace,gì,chi,Interrogatives,lexicon_match
QA_4230,QA,PNT3,replace,không,khung,Negation/Function words,lexicon_match
QA_4230,QA,PNT3,replace,làm gì,mần cấy chi,Interrogatives,lexicon_match
QA_4230,QA,PNT4,replace,gì,chi,Interrogatives,lexicon_match
QA_4380,QA,PNT2,replace,đã,đạ,Connectives/Aspect markers,lexicon_match
QA_4380,QA,PNT2,replace,như thế nào,chi,Interrogatives,lexicon_match
QA_4380,QA,PNT4,replace,thế nào,răn,Interrogatives,lexicon_match
QA_4814,QA,PNN,replace,không,hông,Negation/Function words,lexicon_match
QA_4814,QA,PNN,insert,,cái,Negation/Function words,lexicon_match
QA_4814,QA,PNT2,replace,nào,mô,Interrogatives; Negation/Function words,lexicon_match
QA_4814,QA,PNT2,replace,không,nỏ,Negation/Function words,lexicon_match
QA_4814,QA,PNT2,replace,nó,hấn,Pronouns,lexicon_match
QA_4814,QA,PNT3,replace,nào,mô,Interrogatives; Negation/Function words,lexicon_match
QA_4814,QA,PNT3,replace,nó,hắn,Pronouns,lexicon_match
QA_4814,QA,PNT4,replace,nào,mô,Interrogatives,lexicon_match
QA_4833,QA,PNN,delete,thế,,Demonstratives/Deixis,lexicon_match
QA_4833,QA,PNT2,replace,nó như thế nào,răng,Interrogatives,lexicon_match
QA_4833,QA,PNT3,replace,nó,hắn,Pronouns,lexicon_match
QA_4833,QA,PNT3,replace,thế nào,răng,Interrogatives,lexicon_match
QA_4833,QA,PNT4,replace,thế nào,ren,Interrogatives,lexicon_match
QA_4887,QA,PNT2,replace,nào,mô,Interrogatives; Negation/Function words,lexicon_match
QA_4887,QA,PNT3,replace,nào,mô,Interrogatives; Negation/Function words,lexicon_match
QA_4887,QA,PNT4,replace,nào,mô,Interrogatives,lexicon_match
QA_5051,QA,PNT2,replace,nào,mô,Interrogatives; Negation/Function words,lexicon_match
QA_5051,QA,PNT3,replace,nào,mô,Interrogatives; Negation/Function words,lexicon_match
QA_5051,QA,PNT3,delete,đã,,Connectives/Aspect markers,lexicon_match
QA_5750,QA,PNN,replace,không,hông,Negation/Function words,lexicon_match
QA_5750,QA,PNT2,replace,thế nào,a răng,Interrogatives,lexicon_match
QA_5750,QA,PNT3,replace,thế nào,ra răng,Interrogatives,lexicon_match
QA_5750,QA,PNT3,replace,không,nỏ,Negation/Function words,lexicon_match
QA_5750,QA,PNT4,replace,thế nào,như răn,Interrogatives,lexicon_match
QA_6624,QA,PNT2,replace,đã,đạ,Connectives/Aspect markers,lexicon_match
QA_6624,QA,PNT2,replace,làm gì,mần chi,Interrogatives,lexicon_match
QA_6624,QA,PNT3,replace,gì,chi,Interrogatives,lexicon_match
QA_6624,QA,PNT4,replace,gì,chi,Interrogatives,lexicon_match
QA_6664,QA,PNT3,replace,đã,đạ,Connectives/Aspect markers,lexicon_match
QA_6664,QA,PNT3,replace,đã,đạ,Connectives/Aspect markers,lexicon_match
QA_6664,QA,PNT3,replace,thế nào,răng he,Interrogatives,lexicon_match
QA_6664,QA,PNT4,replace,thế nào,răn,Interrogatives,lexicon_match
QA_6673,QA,PNN,replace,không,hông,Negation/Function words,lexicon_match
QA_6673,QA,PNT1,replace,làm gì,mần chi,Interrogatives,lexicon_match
QA_6673,QA,PNT2,replace,nào,mô,Interrogatives; Negation/Function words,lexicon_match
QA_6673,QA,PNT2,replace,làm gì,mần cấy chi,Interrogatives,lexicon_match
QA_6673,QA,PNT3,replace,nào,mô,Interrogatives; Negation/Function words,lexicon_match
QA_6673,QA,PNT3,replace,gì,chi,Interrogatives,lexicon_match
QA_6673,QA,PNT4,replace,nào,mô,Interrogatives,lexicon_match
QA_6673,QA,PNT4,replace,gì,chi,Interrogatives,lexicon_match
QA_6720,QA,PNT2,replace,nào,mô,Interrogatives; Negation/Function words,lexicon_match
QA_6720,QA,PNT3,replace,nào,mô,Interrogatives; Negation/Function words,lexicon_match
QA_6720,QA,PNT4,replace,nào,mô,Interrogatives,lexicon_match
QA_7436,QA,PNT1,replace,nào,mô,Negation/Function words,lexicon_match
QA_7436,QA,PNT2,replace,nào,mô,Interrogatives; Negation/Function words,lexicon_match
QA_7436,QA,PNT3,replace,nào,mô,Interrogatives; Negation/Function words,lexicon_match
QA_7436,QA,PNT4,replace,nào,mô,Interrogatives,lexicon_match
QA_7442,QA,PNB,replace,làm,đã khiến,Predicate vocabulary,lexicon_match
QA_7442,QA,PNT2,replace,nào,mô,Interrogatives; Negation/Function words,lexicon_match
QA_7442,QA,PNT3,replace,nào,chi,Interrogatives,lexicon_match
QA_7442,QA,PNT4,replace,nào,mô,Interrogatives,lexicon_match
QA_7517,QA,PNT1,replace,nào,mô,Negation/Function words,lexicon_match
QA_7517,QA,PNT2,replace,nào,mô,Interrogatives; Negation/Function words,lexicon_match
QA_7517,QA,PNT2,insert,,cấy,Negation/Function words,lexicon_match
QA_7517,QA,PNT2,replace,nào,mô,Interrogatives; Negation/Function words,lexicon_match
QA_7517,QA,PNT3,replace,nào,mô,Interrogatives; Negation/Function words,lexicon_match
QA_7517,QA,PNT3,replace,nào,mô khác,Interrogatives,lexicon_match
QA_7713,QA,PNN,insert,,cái,Negation/Function words,lexicon_match
QA_7713,QA,PNN,delete,gọi,,Predicate vocabulary,lexicon_match
QA_7713,QA,PNT2,replace,nó,hấn,Pronouns,lexicon_match
QA_7713,QA,PNT2,replace,gì,chi,Interrogatives,lexicon_match
QA_7713,QA,PNT3,replace,gì,chi,Interrogatives,lexicon_match
QA_7713,QA,PNT4,replace,nó,hén,Pronouns,lexicon_match
QA_7713,QA,PNT4,replace,gì,chi,Interrogatives,lexicon_match
QA_7747,QA,PNN,delete,thế,,Demonstratives/Deixis,lexicon_match
QA_7747,QA,PNT2,replace,đã,đạ,Connectives/Aspect markers,lexicon_match
QA_7747,QA,PNT3,replace,thế nào,răng,Interrogatives,lexicon_match
QA_8137,QA,PNB,delete,nó,,Pronouns,lexicon_match
QA_8137,QA,PNT1,replace,đâu,mô,Negation/Function words,lexicon_match
QA_8137,QA,PNT2,replace,nó,hấn,Pronouns,lexicon_match
QA_8137,QA,PNT2,replace,đâu,mô,Interrogatives; Negation/Function words,lexicon_match
QA_8137,QA,PNT3,replace,nó,hắn,Pronouns,lexicon_match
QA_8137,QA,PNT3,replace,đâu,mô,Interrogatives; Negation/Function words,lexicon_match
QA_8137,QA,PNT4,replace,đâu,mô,Interrogatives,lexicon_match
QA_8904,QA,PNT3,insert,,kì,Negation/Function words,lexicon_match
QA_8904,QA,PNT3,replace,đã,đạ,Connectives/Aspect markers,lexicon_match
QA_8904,QA,PNT3,replace,thế nào,răng,Interrogatives,lexicon_match
QA_9223,QA,PNN,replace,không,hông,Negation/Function words,lexicon_match
QA_9223,QA,PNT2,replace,đã,đạ,Connectives/Aspect markers,lexicon_match
QA_9223,QA,PNT2,replace,không,nỏ,Negation/Function words,lexicon_match
QA_9223,QA,PNT2,replace,nào,mô,Interrogatives; Negation/Function words,lexicon_match
QA_9223,QA,PNT3,replace,nào,mô,Interrogatives; Negation/Function words,lexicon_match
QA_9223,QA,PNT4,replace,nào,mô,Interrogatives,lexicon_match
QA_9483,QA,PNN,replace,không,hông,Negation/Function words,lexicon_match
QA_9483,QA,PNT2,replace,không,nỏ,Negation/Function words,lexicon_match
QA_9483,QA,PNT4,replace,gì,chi,Interrogatives,lexicon_match
QA_9520,QA,PNT2,replace,đâu,mô,Interrogatives; Negation/Function words,lexicon_match
QA_9601,QA,PNT2,replace,nào,mô,Interrogatives; Negation/Function words,lexicon_match
QA_9601,QA,PNT3,replace,nào,mô rựa,Interrogatives,lexicon_match
QA_9601,QA,PNT4,replace,nào,mô,Interrogatives,lexicon_match
QA_9637,QA,PNT3,replace,thế nào,răng,Interrogatives,lexicon_match
QA_9767,QA,PNT3,replace,thế nào,răng,Interrogatives,lexicon_match
QA_9774,QA,PNN,replace,không,hông,Negation/Function words,lexicon_match
QA_9774,QA,PNT2,replace,không,nỏ,Negation/Function words,lexicon_match
QA_9774,QA,PNT2,replace,nào,mô,Interrogatives; Negation/Function words,lexicon_match
QA_9774,QA,PNT3,replace,không,nỏ,Negation/Function words,lexicon_match
QA_9774,QA,PNT3,replace,nào,mô,Interrogatives; Negation/Function words,lexicon_match
QA_9774,QA,PNT4,replace,nào,mô,Interrogatives,lexicon_match
SENT_0534,SENT,PNB,replace,nhỉ,nghĩ,Discourse particles,lexicon_match
SENT_0696,SENT,PNT1,replace,tao,tau,Pronouns,lexicon_match
SENT_0696,SENT,PNT2,replace,tôi,tui,Pronouns,lexicon_match
SENT_0696,SENT,PNT2,replace,này,ni,Demonstratives/Deixis,lexicon_match
SENT_0696,SENT,PNT2,replace,nó,hấn,Pronouns,lexicon_match
SENT_0696,SENT,PNT2,replace,tao,tau,Pronouns,lexicon_match
SENT_0696,SENT,PNT2,replace,chúng nó,bọn hấn,Pronouns,lexicon_match
SENT_0696,SENT,PNT2,replace,tôi,tui,Pronouns,lexicon_match
SENT_0814,SENT,PNT1,replace,này,ni,Demonstratives/Deixis,lexicon_match
SENT_0895,SENT,PNT1,replace,làm,mần,Predicate vocabulary,lexicon_match
SENT_0895,SENT,PNT2,replace,làm,mần,Predicate vocabulary,lexicon_match
SENT_0958,SENT,PNN,replace,tao,tui,Pronouns,lexicon_match
SENT_0958,SENT,PNN,replace,tao,tui,Pronouns,lexicon_match
SENT_0958,SENT,PNT1,replace,tao,tau,Pronouns,lexicon_match
SENT_0958,SENT,PNT1,replace,tao,tau,Pronouns,lexicon_match
SENT_1093,SENT,PNN,replace,không,hông,Negation/Function words,lexicon_match
SENT_1093,SENT,PNN,replace,không,hông,Negation/Function words,lexicon_match
SENT_1098,SENT,PNB,replace,vậy,thế,Demonstratives/Deixis,lexicon_match
SENT_1098,SENT,PNT2,replace,sao,răng,Interrogatives,lexicon_match
SENT_1146,SENT,PNN,replace,không,hông,Negation/Function words,lexicon_match
SENT_1146,SENT,PNT2,replace,tao,tau,Pronouns,lexicon_match
SENT_1146,SENT,PNT2,replace,tao,tau,Pronouns,lexicon_match
SENT_1146,SENT,PNT2,replace,tao,tau,Pronouns,lexicon_match
SENT_1146,SENT,PNT2,replace,không,nỏ,Negation/Function words,lexicon_match
SENT_1161,SENT,PNN,replace,không,hông,Negation/Function words,lexicon_match
SENT_1161,SENT,PNT1,replace,tao,tau,Pronouns,lexicon_match
SENT_1172,SENT,PNN,replace,nhỉ,ghê,Discourse particles,lexicon_match
SENT_1192,SENT,PNN,replace,nhé,nha,Discourse particles,lexicon_match
SENT_1192,SENT,PNN,replace,đấy,đó,Demonstratives/Deixis,lexicon_match
SENT_1192,SENT,PNT1,replace,tao,tau,Pronouns,lexicon_match
SENT_1192,SENT,PNT2,replace,nhé,nha,Discourse particles,lexicon_match
SENT_1192,SENT,PNT2,replace,tao,tau,Pronouns,lexicon_match
SENT_1192,SENT,PNT2,replace,đấy,đó,Discourse particles,lexicon_match
SENT_1222,SENT,PNN,insert,,cái,Negation/Function words,lexicon_match
SENT_1222,SENT,PNN,replace,không,hông,Negation/Function words,lexicon_match
SENT_1222,SENT,PNT1,replace,làm,mần,Predicate vocabulary,lexicon_match
SENT_1222,SENT,PNT1,replace,làm,mần,Predicate vocabulary,lexicon_match
SENT_1222,SENT,PNT2,replace,tao,tau,Pronouns,lexicon_match
SENT_1222,SENT,PNT2,replace,nó,hấn,Pronouns,lexicon_match
SENT_1222,SENT,PNT2,replace,tao,tau,Pronouns,lexicon_match
SENT_1222,SENT,PNT2,replace,tao,tau,Pronouns,lexicon_match
SENT_1222,SENT,PNT2,replace,tao,tau,Pronouns,lexicon_match
SENT_1222,SENT,PNT2,replace,nó,hấn,Pronouns,lexicon_match
SENT_1222,SENT,PNT2,replace,nó,hấn,Pronouns,lexicon_match
SENT_1239,SENT,PNN,replace,không,hông,Negation/Function words,lexicon_match
SENT_1239,SENT,PNN,replace,không,hông,Negation/Function words,lexicon_match
SENT_1239,SENT,PNT2,replace,không,nỏ,Negation/Function words,lexicon_match
SENT_1239,SENT,PNT2,replace,gì,chi,Interrogatives,lexicon_match
SENT_1239,SENT,PNT2,replace,không,nỏ,Negation/Function words,lexicon_match
SENT_1239,SENT,PNT2,replace,thấy,chộ,Predicate vocabulary,lexicon_match
SENT_1239,SENT,PNT3,replace,này,ni,Demonstratives/Deixis,lexicon_match
SENT_1239,SENT,PNT3,replace,gì,chi,Interrogatives,lexicon_match
SENT_1239,SENT,PNT3,replace,thấy,chộ,Predicate vocabulary,lexicon_match
SENT_1338,SENT,PNT2,replace,này,ni,Demonstratives/Deixis,lexicon_match
SENT_1338,SENT,PNT2,replace,nó,hấn,Pronouns,lexicon_match
SENT_1338,SENT,PNT3,replace,sao,răng,Interrogatives,lexicon_match
SENT_1338,SENT,PNT3,replace,này,ni,Demonstratives/Deixis,lexicon_match
SENT_1338,SENT,PNT3,replace,nó,hắn,Pronouns,lexicon_match
SENT_1338,SENT,PNT3,replace,thế nhỉ,rứa hè,Idiomatic expressions,lexicon_match
SENT_1410,SENT,PNN,replace,không,hông,Negation/Function words,lexicon_match
SENT_1410,SENT,PNT1,replace,tao,tau,Pronouns,lexicon_match
SENT_1410,SENT,PNT1,replace,tao,tau,Pronouns,lexicon_match
SENT_1410,SENT,PNT3,replace,nó,hắn,Pronouns,lexicon_match
SENT_1485,SENT,PNT2,replace,sao,răng,Interrogatives,lexicon_match
SENT_1485,SENT,PNT2,replace,thế,rứa,Demonstratives/Deixis,lexicon_match
SENT_1485,SENT,PNT4,replace,thế,rứa,Demonstratives/Deixis,lexicon_match
SENT_1546,SENT,PNN,replace,không,hông,Negation/Function words,lexicon_match
SENT_1546,SENT,PNT2,replace,nó,hấn,Pronouns,lexicon_match
SENT_1546,SENT,PNT2,replace,không,nỏ,Negation/Function words,lexicon_match
SENT_1546,SENT,PNT4,replace,nó,hắn,Pronouns,lexicon_match
SENT_1546,SENT,PNT4,replace,nó,hắn,Pronouns,lexicon_match
SENT_1579,SENT,PNB,replace,đó,đấy,Demonstratives/Deixis,lexicon_match
SENT_1579,SENT,PNN,replace,không,hông,Negation/Function words,lexicon_match
SENT_1579,SENT,PNT2,replace,tao,tau,Pronouns,lexicon_match
SENT_1626,SENT,PNB,delete,về,,Predicate vocabulary,lexicon_match
SENT_1626,SENT,PNN,replace,thật,thiệt,Connectives/Aspect markers,lexicon_match
SENT_1626,SENT,PNT1,replace,này,ni,Demonstratives/Deixis,lexicon_match
SENT_1626,SENT,PNT2,replace,này,ni,Demonstratives/Deixis,lexicon_match
SENT_1626,SENT,PNT2,replace,này,ni,Demonstratives/Deixis,lexicon_match
SENT_1626,SENT,PNT3,replace,này,ni,Demonstratives/Deixis,lexicon_match
SENT_1626,SENT,PNT3,replace,này cơ,ni,Demonstratives/Deixis,lexicon_match
SENT_1626,SENT,PNT4,replace,xem,coi,Predicate vocabulary,lexicon_match
SENT_1655,SENT,PNN,delete,rất,,Predicate vocabulary,lexicon_match
SENT_1655,SENT,PNN,insert,,dữ,Predicate vocabulary,lexicon_match
SENT_1655,SENT,PNN,replace,không,hông,Negation/Function words,lexicon_match
SENT_1655,SENT,PNT2,replace,chứ,chơ,Connectives/Aspect markers,lexicon_match
SENT_1655,SENT,PNT3,replace,không,coi,Predicate vocabulary,lexicon_match
SENT_1726,SENT,PNN,replace,thế này,vậy,Demonstratives/Deixis,lexicon_match
SENT_1726,SENT,PNN,replace,không,hông,Negation/Function words,lexicon_match
SENT_1726,SENT,PNT2,replace,thế này,như ri,Demonstratives/Deixis,lexicon_match
SENT_1726,SENT,PNT2,replace,không,nỏ,Negation/Function words,lexicon_match
SENT_1726,SENT,PNT2,replace,gì,chi,Interrogatives,lexicon_match
SENT_1726,SENT,PNT3,replace,thế này,như ri,Demonstratives/Deixis,lexicon_match
SENT_1726,SENT,PNT3,replace,không,chơ nỏ,Negation/Function words,lexicon_match
SENT_1726,SENT,PNT3,replace,gì,chi,Interrogatives,lexicon_match
SENT_1726,SENT,PNT3,replace,xem,nựa coi,Predicate vocabulary,lexicon_match
SENT_1726,SENT,PNT4,replace,gì,chi,Interrogatives,lexicon_match
SENT_1726,SENT,PNT4,replace,xem,coi,Predicate vocabulary,lexicon_match
SENT_1771,SENT,PNN,replace,thế,vậy,Demonstratives/Deixis,lexicon_match
SENT_1771,SENT,PNT1,replace,này,ni,Demonstratives/Deixis,lexicon_match
SENT_1771,SENT,PNT2,replace,gì,chi,Interrogatives,lexicon_match
SENT_1771,SENT,PNT2,replace,thế,rứa,Demonstratives/Deixis,lexicon_match
SENT_1771,SENT,PNT3,replace,mày,mi,Pronouns,lexicon_match
SENT_1771,SENT,PNT3,replace,gì,chi,Interrogatives,lexicon_match
SENT_1771,SENT,PNT4,replace,thế,rứa,Demonstratives/Deixis,lexicon_match
SENT_1894,SENT,PNT1,replace,tao,tau,Pronouns,lexicon_match
SENT_1894,SENT,PNT1,replace,đó,nứ,Demonstratives/Deixis,lexicon_match
SENT_1894,SENT,PNT2,replace,gì,chi,Interrogatives,lexicon_match
SENT_1894,SENT,PNT2,replace,tao,tau,Pronouns,lexicon_match
SENT_1894,SENT,PNT2,replace,đó,nớ,Demonstratives/Deixis,lexicon_match
SENT_1894,SENT,PNT3,replace,gì,chi,Interrogatives,lexicon_match
SENT_1894,SENT,PNT3,replace,tao,tau,Pronouns,lexicon_match
SENT_1894,SENT,PNT3,replace,xem,ngó,Predicate vocabulary,lexicon_match
SENT_1908,SENT,PNT2,replace,tao,tau,Pronouns,lexicon_match
SENT_1908,SENT,PNT2,replace,sao,chi,Interrogatives,lexicon_match
SENT_1908,SENT,PNT3,replace,tao,tau,Pronouns,lexicon_match
SENT_1908,SENT,PNT3,replace,sao,răng,Interrogatives,lexicon_match
SENT_1908,SENT,PNT3,replace,cái,kì,Negation/Function words,lexicon_match
SENT_1915,SENT,PNN,replace,không,hông,Negation/Function words,lexicon_match
SENT_1915,SENT,PNT2,replace,này,ni,Demonstratives/Deixis,lexicon_match
SENT_1915,SENT,PNT4,replace,nào,mô,Interrogatives,lexicon_match
SENT_1915,SENT,PNT4,replace,này,ni,Demonstratives/Deixis,lexicon_match
SENT_1971,SENT,PNT2,replace,này,ni,Demonstratives/Deixis,lexicon_match
SENT_1971,SENT,PNT2,replace,lớn,nậy,Predicate vocabulary,lexicon_match
SENT_1971,SENT,PNT2,replace,không,nỏ,Negation/Function words,lexicon_match
SENT_1971,SENT,PNT2,replace,nó,hấn,Pronouns,lexicon_match
SENT_1971,SENT,PNT3,replace,này,ni,Demonstratives/Deixis,lexicon_match
SENT_1971,SENT,PNT3,replace,tụi nó,bọn hắn,Pronouns,lexicon_match
SENT_1971,SENT,PNT4,replace,này,ni,Demonstratives/Deixis,lexicon_match
SENT_1971,SENT,PNT4,replace,sao,ren,Interrogatives,lexicon_match
SENT_1971,SENT,PNT4,replace,nó,hắn,Pronouns,lexicon_match
SENT_2129,SENT,PNB,replace,nào,này,Demonstratives/Deixis,lexicon_match
SENT_2129,SENT,PNN,replace,nhé,nhen,Discourse particles,lexicon_match
SENT_2129,SENT,PNT1,replace,tao,tau,Pronouns,lexicon_match
SENT_2129,SENT,PNT2,replace,tao,tau,Pronouns,lexicon_match
SENT_2129,SENT,PNT2,replace,thế nào,răng,Interrogatives,lexicon_match
SENT_2129,SENT,PNT3,replace,tao,tau,Pronouns,lexicon_match
SENT_2129,SENT,PNT3,replace,đã,đạ,Connectives/Aspect markers,lexicon_match
SENT_2129,SENT,PNT3,replace,thế nào,răng,Interrogatives,lexicon_match
SENT_2129,SENT,PNT3,replace,nhé,nghe,Discourse particles,lexicon_match
SENT_2148,SENT,PNB,replace,má,mẹ,Kinship/Honorific terms,lexicon_match
SENT_2148,SENT,PNT2,replace,nào,mô,Interrogatives; Negation/Function words,lexicon_match
SENT_2148,SENT,PNT2,replace,nhìn thấy,chộ,Predicate vocabulary,lexicon_match
SENT_2148,SENT,PNT2,replace,gì,chi,Interrogatives,lexicon_match
SENT_2148,SENT,PNT2,replace,hà,rứa,Demonstratives/Deixis,lexicon_match
SENT_2148,SENT,PNT3,replace,nào,mô,Interrogatives; Negation/Function words,lexicon_match
SENT_2148,SENT,PNT3,replace,nó,hắn,Pronouns,lexicon_match
SENT_2148,SENT,PNT3,replace,nó,hắn,Pronouns,lexicon_match
SENT_2148,SENT,PNT3,replace,gì,chi,Interrogatives,lexicon_match
SENT_2148,SENT,PNT4,replace,má,mẹ,Kinship/Honorific terms,lexicon_match
SENT_2148,SENT,PNT4,replace,nào,mô,Interrogatives,lexicon_match
SENT_2217,SENT,PNN,replace,không,hông,Negation/Function words,lexicon_match
SENT_2217,SENT,PNT2,replace,không,nỏ,Negation/Function words,lexicon_match
SENT_2217,SENT,PNT3,replace,không,nọ,Negation/Function words,lexicon_match
SENT_2308,SENT,PNN,replace,ấy,đó,Demonstratives/Deixis,lexicon_match
SENT_2308,SENT,PNN,replace,không,hông,Negation/Function words,lexicon_match
SENT_2308,SENT,PNT3,replace,đâu,mô,Interrogatives; Negation/Function words,lexicon_match
SENT_2308,SENT,PNT4,replace,đâu,có,Interrogatives,lexicon_match
SENT_2473,SENT,PNN,replace,không,hông,Negation/Function words,lexicon_match
SENT_2473,SENT,PNN,replace,nhé,nhá,Discourse particles,lexicon_match
SENT_2473,SENT,PNN,replace,như thế nào,sao,Interrogatives,lexicon_match
SENT_2473,SENT,PNT2,replace,không,nỏ,Negation/Function words,lexicon_match
SENT_2473,SENT,PNT2,replace,vậy,rứa,Demonstratives/Deixis,lexicon_match
SENT_2473,SENT,PNT2,replace,thế nào,răng,Interrogatives,lexicon_match
SENT_2473,SENT,PNT3,replace,nên,bơ,Connectives/Aspect markers,lexicon_match
SENT_2473,SENT,PNT3,replace,nhé,nghe,Discourse particles,lexicon_match
SENT_2473,SENT,PNT4,replace,như thế nào,ren,Interrogatives,lexicon_match
SENT_2507,SENT,PNN,replace,thế này,vậy,Demonstratives/Deixis,lexicon_match
SENT_2507,SENT,PNT2,replace,thế này,như ri,Demonstratives/Deixis,lexicon_match
SENT_2507,SENT,PNT2,replace,gì đâu,cây chi mô,Interrogatives,lexicon_match
SENT_2507,SENT,PNT2,replace,đó,nớ,Demonstratives/Deixis,lexicon_match
SENT_2507,SENT,PNT2,replace,vậy,rứa,Demonstratives/Deixis,lexicon_match
SENT_2507,SENT,PNT3,replace,chứ,chơ,Connectives/Aspect markers,lexicon_match
SENT_2507,SENT,PNT3,replace,thế này,ri,Demonstratives/Deixis,lexicon_match
SENT_2507,SENT,PNT3,replace,vậy,rứa,Demonstratives/Deixis,lexicon_match
SENT_2507,SENT,PNT4,replace,thế này,như ri,Demonstratives/Deixis,lexicon_match
SENT_2507,SENT,PNT4,replace,gì,chi,Interrogatives,lexicon_match
SENT_2507,SENT,PNT4,replace,giờ,chừ,Negation/Function words,lexicon_match
SENT_2507,SENT,PNT4,replace,vậy,rứa,Demonstratives/Deixis,lexicon_match
SENT_2515,SENT,PNN,replace,không,hông,Negation/Function words,lexicon_match
SENT_2515,SENT,PNT2,replace,chúng mày,nhà bây,Pronouns,lexicon_match
SENT_2515,SENT,PNT3,replace,chúng mày,bọn mi mà,Pronouns,lexicon_match
SENT_2515,SENT,PNT3,replace,không,nỏ,Negation/Function words,lexicon_match
SENT_2515,SENT,PNT3,replace,gì,chi,Interrogatives,lexicon_match
SENT_2515,SENT,PNT4,replace,chúng mày,tụi bây,Pronouns,lexicon_match
SENT_2515,SENT,PNT4,replace,gì,chi,Interrogatives,lexicon_match
SENT_2727,SENT,PNN,replace,không,hông,Negation/Function words,lexicon_match
SENT_2727,SENT,PNN,replace,không,hông,Negation/Function words,lexicon_match
SENT_2727,SENT,PNT2,replace,chứ,chơ,Connectives/Aspect markers,lexicon_match
SENT_2727,SENT,PNT2,replace,gì,chi,Interrogatives,lexicon_match
SENT_2727,SENT,PNT2,replace,nó,bọn,Pronouns,lexicon_match
SENT_2727,SENT,PNT2,replace,không,nỏ,Negation/Function words,lexicon_match
SENT_2727,SENT,PNT2,replace,làm,mần,Predicate vocabulary,lexicon_match
SENT_2727,SENT,PNT2,replace,làm,mần,Predicate vocabulary,lexicon_match
SENT_2727,SENT,PNT3,replace,không,nỏ,Negation/Function words,lexicon_match
SENT_2727,SENT,PNT3,replace,chứ,chơ,Connectives/Aspect markers,lexicon_match
SENT_2727,SENT,PNT3,replace,gì,chi,Interrogatives,lexicon_match
SENT_2727,SENT,PNT3,replace,nó,hắn,Pronouns,lexicon_match
SENT_2727,SENT,PNT3,replace,không,nỏ,Negation/Function words,lexicon_match
SENT_2727,SENT,PNT3,replace,làm,mần,Predicate vocabulary,lexicon_match
SENT_2727,SENT,PNT3,replace,làm,mần,Predicate vocabulary,lexicon_match
SENT_2727,SENT,PNT4,replace,gì,chi,Interrogatives,lexicon_match
SENT_2727,SENT,PNT4,replace,nó,hắn,Pronouns,lexicon_match
SENT_2816,SENT,PNN,replace,không,hông,Negation/Function words,lexicon_match
SENT_2816,SENT,PNN,replace,không,hông,Negation/Function words,lexicon_match
SENT_2816,SENT,PNN,replace,nhỉ,ta,Discourse particles,lexicon_match
SENT_2816,SENT,PNT2,replace,không,nỏ,Negation/Function words,lexicon_match
SENT_2816,SENT,PNT2,replace,nhỉ,hè,Discourse particles,lexicon_match
SENT_2816,SENT,PNT3,replace,nhỉ,hè,Discourse particles,lexicon_match
SENT_2816,SENT,PNT4,replace,mình,ta,Pronouns,lexicon_match
SENT_2816,SENT,PNT4,replace,sao,ren,Interrogatives,lexicon_match
SENT_2938,SENT,PNN,replace,không,hông,Negation/Function words,lexicon_match
SENT_2938,SENT,PNT1,replace,tao,tau,Pronouns,lexicon_match
SENT_2938,SENT,PNT1,replace,làm gì,mần chi,Interrogatives,lexicon_match
SENT_2938,SENT,PNT2,replace,tao,tau,Pronouns,lexicon_match
SENT_2938,SENT,PNT2,replace,này,ni,Demonstratives/Deixis,lexicon_match
SENT_2938,SENT,PNT2,replace,gì,chi,Interrogatives,lexicon_match
SENT_2938,SENT,PNT2,replace,nó,hấn,Pronouns,lexicon_match
SENT_2938,SENT,PNT3,replace,tao,tau,Pronouns,lexicon_match
SENT_2938,SENT,PNT3,replace,này,ni,Demonstratives/Deixis,lexicon_match
SENT_2938,SENT,PNT3,replace,nó,hắn,Pronouns,lexicon_match
SENT_2938,SENT,PNT4,replace,tao,ta,Pronouns,lexicon_match
SENT_2938,SENT,PNT4,replace,này,ni,Demonstratives/Deixis,lexicon_match
SENT_2938,SENT,PNT4,replace,gì,chi,Interrogatives,lexicon_match
SENT_3023,SENT,PNN,replace,kia,đó,Demonstratives/Deixis,lexicon_match
SENT_3023,SENT,PNN,replace,thế,vậy,Demonstratives/Deixis,lexicon_match
SENT_3023,SENT,PNT2,replace,mẹ kia,mệ nớ,Pronouns,lexicon_match
SENT_3023,SENT,PNT2,replace,thế,rứa,Demonstratives/Deixis,lexicon_match
SENT_3023,SENT,PNT3,replace,cái,kì,Negation/Function words,lexicon_match
SENT_3023,SENT,PNT3,replace,mệt,đoạ,Predicate vocabulary,lexicon_match
SENT_3023,SENT,PNT4,replace,thế,rứa,Demonstratives/Deixis,lexicon_match
SENT_3060,SENT,PNN,replace,không,hông,Negation/Function words,lexicon_match
SENT_3060,SENT,PNN,replace,không,hông,Negation/Function words,lexicon_match
SENT_3060,SENT,PNT2,replace,vậy,rứa,Demonstratives/Deixis,lexicon_match
SENT_3060,SENT,PNT3,replace,này,ni,Demonstratives/Deixis,lexicon_match
SENT_3060,SENT,PNT3,replace,ghê,thiệt,Connectives/Aspect markers,lexicon_match
SENT_3060,SENT,PNT3,replace,sao,răng,Interrogatives,lexicon_match
SENT_3060,SENT,PNT3,replace,vậy,rứa,Demonstratives/Deixis,lexicon_match
SENT_3060,SENT,PNT4,replace,này,ni,Demonstratives/Deixis,lexicon_match
SENT_3060,SENT,PNT4,replace,sao,ren,Interrogatives,lexicon_match
SENT_3060,SENT,PNT4,replace,vậy,rứa,Demonstratives/Deixis,lexicon_match
SENT_3067,SENT,PNT1,replace,này,ni,Demonstratives/Deixis,lexicon_match
SENT_3067,SENT,PNT2,replace,này,ni,Demonstratives/Deixis,lexicon_match
SENT_3067,SENT,PNT2,replace,làm,mần,Predicate vocabulary,lexicon_match
SENT_3067,SENT,PNT3,replace,này,ni,Demonstratives/Deixis,lexicon_match
SENT_3094,SENT,PNN,replace,này,nè,Demonstratives/Deixis,lexicon_match
SENT_3094,SENT,PNT1,replace,tao,tau,Pronouns,lexicon_match
SENT_3094,SENT,PNT1,replace,tao,tau,Pronouns,lexicon_match
SENT_3094,SENT,PNT2,replace,tao,tau,Pronouns,lexicon_match
SENT_3094,SENT,PNT2,replace,tao,tau,Pronouns,lexicon_match
SENT_3094,SENT,PNT2,replace,này,nì,Discourse particles,lexicon_match
SENT_3094,SENT,PNT3,replace,tao,tau,Pronouns,lexicon_match
SENT_3094,SENT,PNT3,replace,tao,tau,Pronouns,lexicon_match
SENT_3094,SENT,PNT3,replace,này,nì,Discourse particles,lexicon_match
SENT_3094,SENT,PNT4,replace,này,nè,Demonstratives/Deixis,lexicon_match
SENT_3169,SENT,PNN,replace,ấy,đó,Demonstratives/Deixis,lexicon_match
SENT_3169,SENT,PNT2,replace,ấy,nớ,Demonstratives/Deixis,lexicon_match
SENT_3169,SENT,PNT3,replace,giờ đây,chừ,Negation/Function words,lexicon_match
SENT_3169,SENT,PNT3,replace,ấy,nớ,Demonstratives/Deixis,lexicon_match
SENT_3169,SENT,PNT4,replace,đây,chừ,Negation/Function words,lexicon_match
SENT_3169,SENT,PNT4,replace,ấy,nớ,Demonstratives/Deixis,lexicon_match
SENT_3243,SENT,PNN,replace,không,hông,Negation/Function words,lexicon_match
SENT_3243,SENT,PNN,replace,thế,vậy,Demonstratives/Deixis,lexicon_match
SENT_3243,SENT,PNN,replace,ko,hông,Negation/Function words,lexicon_match
SENT_3243,SENT,PNT1,replace,này,ni,Demonstratives/Deixis,lexicon_match
SENT_3243,SENT,PNT2,replace,đâu,mô,Interrogatives; Negation/Function words,lexicon_match
SENT_3243,SENT,PNT3,replace,thế,rứa,Demonstratives/Deixis,lexicon_match
SENT_3249,SENT,PNB,replace,chế,bà,Kinship/Honorific terms,lexicon_match
SENT_3249,SENT,PNN,replace,không,hông,Negation/Function words,lexicon_match
SENT_3249,SENT,PNT1,replace,nào,mô,Negation/Function words,lexicon_match
SENT_3249,SENT,PNT2,replace,nào,mô,Interrogatives; Negation/Function words,lexicon_match
SENT_3249,SENT,PNT3,replace,nào,mô,Interrogatives; Negation/Function words,lexicon_match
SENT_3249,SENT,PNT3,replace,không,khung,Negation/Function words,lexicon_match
SENT_3249,SENT,PNT3,replace,đó,đỏ,Discourse particles,lexicon_match
SENT_3273,SENT,PNB,replace,tao,tâm,Pronouns,lexicon_match
SENT_3273,SENT,PNN,replace,không,hông,Negation/Function words,lexicon_match
SENT_3273,SENT,PNT1,replace,tao,tâm,Pronouns,lexicon_match
SENT_3273,SENT,PNT2,replace,tao,tâm,Pronouns,lexicon_match
SENT_3273,SENT,PNT3,replace,đó,nớ,Demonstratives/Deixis,lexicon_match
SENT_3273,SENT,PNT4,replace,bẩn,nhớp,Predicate vocabulary,lexicon_match
SENT_3427,SENT,PNN,replace,không,hông,Negation/Function words,lexicon_match
SENT_3427,SENT,PNN,replace,không,hhông,Negation/Function words,lexicon_match
SENT_3427,SENT,PNT2,replace,nào,chi,Interrogatives,lexicon_match
SENT_3427,SENT,PNT2,replace,nó,hấn,Pronouns,lexicon_match
SENT_3427,SENT,PNT3,replace,nào,chi,Interrogatives,lexicon_match
SENT_3427,SENT,PNT3,replace,nó,hắn,Pronouns,lexicon_match
SENT_3427,SENT,PNT4,replace,nào,chi,Interrogatives,lexicon_match
SENT_3427,SENT,PNT4,replace,nó,hắn,Pronouns,lexicon_match
SENT_3469,SENT,PNN,replace,không,hông,Negation/Function words,lexicon_match
SENT_3469,SENT,PNT2,replace,sao,răng,Interrogatives,lexicon_match
SENT_3469,SENT,PNT2,replace,không,nỏ,Negation/Function words,lexicon_match
SENT_3469,SENT,PNT2,replace,nó,hấn,Pronouns,lexicon_match
SENT_3469,SENT,PNT2,replace,nào,mô,Interrogatives; Negation/Function words,lexicon_match
SENT_3469,SENT,PNT2,replace,nó,hấn,Pronouns,lexicon_match
SENT_3469,SENT,PNT2,replace,bà,mẹ,Kinship/Honorific terms,lexicon_match
SENT_3469,SENT,PNT3,replace,sao,răng,Interrogatives,lexicon_match
SENT_3469,SENT,PNT3,replace,không,nỏ,Negation/Function words,lexicon_match
SENT_3469,SENT,PNT3,replace,nó,hắn,Pronouns,lexicon_match
SENT_3469,SENT,PNT4,replace,giờ,chừ,Negation/Function words,lexicon_match
SENT_3469,SENT,PNT4,replace,sao,ren,Interrogatives,lexicon_match
SENT_3469,SENT,PNT4,replace,nào,mô,Interrogatives,lexicon_match
SENT_3469,SENT,PNT4,replace,bà,mẹ,Kinship/Honorific terms,lexicon_match
SENT_3514,SENT,PNN,replace,ấy,đó,Demonstratives/Deixis,lexicon_match
SENT_3514,SENT,PNN,replace,chg,hông,Negation/Function words,lexicon_match
SENT_3514,SENT,PNN,replace,chúng tôi,tụi tui,Pronouns,lexicon_match
SENT_3514,SENT,PNN,replace,ấy,đó,Demonstratives/Deixis,lexicon_match
SENT_3514,SENT,PNN,replace,không,hông,Negation/Function words,lexicon_match
SENT_3514,SENT,PNT2,replace,chúng tôi,bọn tui,Pronouns,lexicon_match
SENT_3514,SENT,PNT2,replace,không,nỏ,Negation/Function words,lexicon_match
SENT_3514,SENT,PNT3,replace,hôm ấy,nớ,Demonstratives/Deixis,lexicon_match
SENT_3514,SENT,PNT3,replace,lũ chúng tôi,bọn tau,Pronouns,lexicon_match
SENT_3514,SENT,PNT3,replace,ấy,nớ,Demonstratives/Deixis,lexicon_match
SENT_3514,SENT,PNT3,replace,trông thấy,chộ,Predicate vocabulary,lexicon_match
SENT_3514,SENT,PNT4,replace,ấy,nớ,Demonstratives/Deixis,lexicon_match
SENT_3514,SENT,PNT4,replace,ấy,nớ,Demonstratives/Deixis,lexicon_match
SENT_3520,SENT,PNN,replace,đấy,đó,Demonstratives/Deixis,lexicon_match
SENT_3520,SENT,PNT1,replace,tao,tau,Pronouns,lexicon_match
SENT_3520,SENT,PNT2,replace,mày,mi,Pronouns,lexicon_match
SENT_3520,SENT,PNT2,replace,mày,mi,Pronouns,lexicon_match
SENT_3520,SENT,PNT2,replace,mày,mi,Pronouns,lexicon_match
SENT_3520,SENT,PNT2,replace,mày,mi,Pronouns,lexicon_match
SENT_3520,SENT,PNT3,replace,tao,tau,Pronouns,lexicon_match
SENT_3520,SENT,PNT3,replace,mày,mi,Pronouns,lexicon_match
SENT_3520,SENT,PNT3,replace,mày,mi,Pronouns,lexicon_match
SENT_3520,SENT,PNT3,replace,vậy,rứa,Demonstratives/Deixis,lexicon_match
SENT_3520,SENT,PNT3,replace,mày,mi,Pronouns,lexicon_match
SENT_3520,SENT,PNT3,replace,đấy,đó,Discourse particles,lexicon_match
SENT_3520,SENT,PNT3,replace,mày,mi,Pronouns,lexicon_match
SENT_3520,SENT,PNT4,replace,mày,mi,Pronouns,lexicon_match
SENT_3520,SENT,PNT4,replace,mày,mi,Pronouns,lexicon_match
SENT_3520,SENT,PNT4,replace,vậy,rứa,Demonstratives/Deixis,lexicon_match
SENT_3520,SENT,PNT4,replace,mày,mi,Pronouns,lexicon_match
SENT_3520,SENT,PNT4,replace,đấy,nớ,Demonstratives/Deixis,lexicon_match
SENT_3520,SENT,PNT4,replace,mày,mi,Pronouns,lexicon_match
SENT_3555,SENT,PNB,replace,cha,bố,Kinship/Honorific terms,lexicon_match
SENT_3555,SENT,PNT2,replace,sao,răng,Interrogatives,lexicon_match
SENT_3555,SENT,PNT2,replace,đó,nớ,Demonstratives/Deixis,lexicon_match
SENT_3555,SENT,PNT3,replace,lớn lên,nậy,Predicate vocabulary,lexicon_match
SENT_3555,SENT,PNT3,replace,sao,răng,Interrogatives,lexicon_match
SENT_3618,SENT,PNB,replace,nhìu,nhiều,Predicate vocabulary,lexicon_match
SENT_3618,SENT,PNN,replace,không,hông,Negation/Function words,lexicon_match
SENT_3618,SENT,PNT2,replace,không,nỏ,Negation/Function words,lexicon_match
SENT_3618,SENT,PNT2,replace,nó,hấn,Pronouns,lexicon_match
SENT_3618,SENT,PNT3,replace,nó,hắn,Pronouns,lexicon_match
SENT_3618,SENT,PNT4,replace,vậy,rứa,Demonstratives/Deixis,lexicon_match
SENT_3618,SENT,PNT4,replace,gì,chi,Interrogatives,lexicon_match
SENT_3618,SENT,PNT4,replace,nó,hắn,Pronouns,lexicon_match
SENT_3670,SENT,PNN,replace,thế nào,sao,Interrogatives,lexicon_match
SENT_3670,SENT,PNN,replace,đấy,đó,Demonstratives/Deixis,lexicon_match
SENT_3670,SENT,PNT2,replace,thế nào,như răng,Interrogatives,lexicon_match
SENT_3670,SENT,PNT2,replace,mày,mi,Pronouns,lexicon_match
SENT_3670,SENT,PNT3,replace,thế nào,răng,Interrogatives,lexicon_match
SENT_3670,SENT,PNT3,replace,bà,mệ,Kinship/Honorific terms,lexicon_match
SENT_3670,SENT,PNT3,replace,mày,mi,Pronouns,lexicon_match
SENT_3670,SENT,PNT3,replace,đấy,đo,Discourse particles,lexicon_match
SENT_3670,SENT,PNT4,replace,thế nào,ren,Interrogatives,lexicon_match
SENT_3670,SENT,PNT4,replace,mày,mi,Pronouns,lexicon_match
SENT_3670,SENT,PNT4,replace,đấy,đó,Demonstratives/Deixis,lexicon_match
SENT_3750,SENT,PNT2,replace,này,ni,Demonstratives/Deixis,lexicon_match
SENT_3750,SENT,PNT3,replace,mẹ,mạ,Kinship/Honorific terms,lexicon_match
SENT_3750,SENT,PNT3,replace,này,ni,Demonstratives/Deixis,lexicon_match
SENT_3750,SENT,PNT3,replace,thật,thiệt,Connectives/Aspect markers,lexicon_match
SENT_3750,SENT,PNT4,replace,này,ni,Demonstratives/Deixis,lexicon_match
SENT_3763,SENT,PNN,replace,ấy,đó,Demonstratives/Deixis,lexicon_match
SENT_3763,SENT,PNN,replace,không,hông,Negation/Function words,lexicon_match
SENT_3763,SENT,PNT1,replace,tao,tau,Pronouns,lexicon_match
SENT_3763,SENT,PNT1,replace,tao,tau,Pronouns,lexicon_match
SENT_3763,SENT,PNT2,replace,tao,tau,Pronouns,lexicon_match
SENT_3763,SENT,PNT2,replace,ấy,nớ,Demonstratives/Deixis,lexicon_match
SENT_3763,SENT,PNT3,replace,tao,tau,Pronouns,lexicon_match
SENT_3763,SENT,PNT3,replace,ấy,nớ,Demonstratives/Deixis,lexicon_match
SENT_3763,SENT,PNT4,replace,tao,ta,Pronouns,lexicon_match
SENT_3763,SENT,PNT4,replace,ấy,nớ,Demonstratives/Deixis,lexicon_match
SENT_3763,SENT,PNT4,replace,tao,ta,Pronouns,lexicon_match
SENT_3814,SENT,PNB,replace,chế,chị,Kinship/Honorific terms,lexicon_match
SENT_3814,SENT,PNT3,replace,nhá,nghe,Discourse particles,lexicon_match
SENT_3814,SENT,PNT4,replace,chế,chị,Kinship/Honorific terms,lexicon_match
SENT_3906,SENT,PNN,replace,không,hông,Negation/Function words,lexicon_match
SENT_3906,SENT,PNN,replace,không,hông,Negation/Function words,lexicon_match
SENT_3906,SENT,PNT2,replace,không,nỏ,Negation/Function words,lexicon_match
SENT_3906,SENT,PNT2,replace,chứ,chơ,Connectives/Aspect markers,lexicon_match
SENT_3906,SENT,PNT2,replace,sao,răng,Interrogatives,lexicon_match
SENT_3906,SENT,PNT2,replace,vậy,rứa,Demonstratives/Deixis,lexicon_match
SENT_3906,SENT,PNT2,replace,vậy,rứa,Demonstratives/Deixis,lexicon_match
SENT_3906,SENT,PNT3,replace,không,nỏ,Negation/Function words,lexicon_match
SENT_3906,SENT,PNT3,replace,chứ,chơ,Connectives/Aspect markers,lexicon_match
SENT_3906,SENT,PNT3,replace,sao,răng,Interrogatives,lexicon_match
SENT_3906,SENT,PNT3,replace,vậy,rứa,Demonstratives/Deixis,lexicon_match
SENT_3906,SENT,PNT4,replace,sao,ren,Interrogatives,lexicon_match
SENT_3906,SENT,PNT4,replace,vậy,rứa,Demonstratives/Deixis,lexicon_match
SENT_3906,SENT,PNT4,replace,vậy,rứa,Demonstratives/Deixis,lexicon_match
SENT_3910,SENT,PNN,replace,không,hông,Negation/Function words,lexicon_match
SENT_3910,SENT,PNT1,replace,tao,tau,Pronouns,lexicon_match
SENT_3910,SENT,PNT2,replace,này,ni,Demonstratives/Deixis,lexicon_match
SENT_3910,SENT,PNT2,replace,chứ,chơ,Connectives/Aspect markers,lexicon_match
SENT_3910,SENT,PNT2,replace,không,nỏ,Negation/Function words,lexicon_match
SENT_3910,SENT,PNT3,replace,t,tau,Pronouns,lexicon_match
SENT_3910,SENT,PNT3,replace,này,ni,Demonstratives/Deixis,lexicon_match
SENT_3910,SENT,PNT3,replace,chứ,chơ,Connectives/Aspect markers,lexicon_match
SENT_3910,SENT,PNT3,replace,tao,tau,Pronouns,lexicon_match
SENT_3910,SENT,PNT4,replace,này,ni,Demonstratives/Deixis,lexicon_match
SENT_3910,SENT,PNT4,replace,tao,ta,Pronouns,lexicon_match
SENT_4003,SENT,PNN,replace,không,hông,Negation/Function words,lexicon_match
SENT_4003,SENT,PNN,replace,ấy,á,Demonstratives/Deixis,lexicon_match
SENT_4003,SENT,PNT2,replace,sao,răng,Interrogatives,lexicon_match
SENT_4003,SENT,PNT2,replace,không,nỏ,Negation/Function words,lexicon_match
SENT_4003,SENT,PNT2,replace,cái,cấy,Negation/Function words,lexicon_match
SENT_4003,SENT,PNT2,replace,ấy,nớ,Demonstratives/Deixis,lexicon_match
SENT_4003,SENT,PNT3,replace,ấy,nờ,Demonstratives/Deixis; Discourse particles,lexicon_match
SENT_4003,SENT,PNT3,replace,cái,kì,Negation/Function words,lexicon_match
SENT_4003,SENT,PNT3,replace,ấy,nớ he,Demonstratives/Deixis; Discourse particles,lexicon_match
SENT_4003,SENT,PNT4,replace,đã sao,ren,Interrogatives,lexicon_match
SENT_4003,SENT,PNT4,replace,ấy,nớ,Demonstratives/Deixis,lexicon_match
SENT_4003,SENT,PNT4,replace,ấy,nớ,Demonstratives/Deixis,lexicon_match
SENT_4035,SENT,PNN,replace,không,hông,Negation/Function words,lexicon_match
SENT_4035,SENT,PNT2,replace,chứ,chơ,Connectives/Aspect markers,lexicon_match
SENT_4035,SENT,PNT2,replace,gì,chi,Interrogatives,lexicon_match
SENT_4035,SENT,PNT2,replace,sao,răng,Interrogatives,lexicon_match
SENT_4035,SENT,PNT2,replace,này,ni,Demonstratives/Deixis,lexicon_match
SENT_4035,SENT,PNT3,replace,giờ,chừ,Negation/Function words,lexicon_match
SENT_4035,SENT,PNT3,replace,chứ,chơ,Connectives/Aspect markers,lexicon_match
SENT_4035,SENT,PNT3,replace,gì,chi,Interrogatives,lexicon_match
SENT_4035,SENT,PNT3,replace,sao,răng,Interrogatives,lexicon_match
SENT_4035,SENT,PNT3,replace,này,ni,Demonstratives/Deixis,lexicon_match
SENT_4035,SENT,PNT4,replace,sao,ren,Interrogatives,lexicon_match
SENT_4035,SENT,PNT4,replace,gì,chi,Interrogatives,lexicon_match
SENT_4035,SENT,PNT4,replace,sao,ren,Interrogatives,lexicon_match
SENT_4035,SENT,PNT4,replace,này,ni,Demonstratives/Deixis,lexicon_match
SENT_4057,SENT,PNN,replace,không,hông,Negation/Function words,lexicon_match
SENT_4057,SENT,PNN,replace,nhé,nha,Discourse particles,lexicon_match
SENT_4057,SENT,PNT1,replace,ấy,nứ,Demonstratives/Deixis,lexicon_match
SENT_4057,SENT,PNT2,replace,không,nỏ,Negation/Function words,lexicon_match
SENT_4057,SENT,PNT2,replace,gì,chi,Interrogatives,lexicon_match
SENT_4057,SENT,PNT2,replace,ấy,nớ,Demonstratives/Deixis,lexicon_match
SENT_4057,SENT,PNT2,replace,nhé,nha,Discourse particles,lexicon_match
SENT_4057,SENT,PNT3,replace,gì,chi,Interrogatives,lexicon_match
SENT_4057,SENT,PNT3,replace,ấy,nớ,Demonstratives/Deixis,lexicon_match
SENT_4057,SENT,PNT3,replace,thế nào,răng,Interrogatives,lexicon_match
SENT_4057,SENT,PNT3,replace,nhé,nghe,Discourse particles,lexicon_match
SENT_4057,SENT,PNT4,replace,gì,chi,Interrogatives,lexicon_match
SENT_4057,SENT,PNT4,replace,ấy,nớ,Demonstratives/Deixis,lexicon_match
SENT_4084,SENT,PNN,replace,quá,dữ,Predicate vocabulary,lexicon_match
SENT_4084,SENT,PNT1,replace,tao,tau,Pronouns,lexicon_match
SENT_4084,SENT,PNT2,replace,này,ni,Demonstratives/Deixis,lexicon_match
SENT_4084,SENT,PNT3,insert,,kì,Negation/Function words,lexicon_match
SENT_4150,SENT,PNT2,replace,nó,hấn,Pronouns,lexicon_match
SENT_4150,SENT,PNT2,replace,nó,hấn,Pronouns,lexicon_match
SENT_4150,SENT,PNT2,replace,nó,hấn,Pronouns,lexicon_match
SENT_4150,SENT,PNT2,replace,này,ni,Demonstratives/Deixis,lexicon_match
SENT_4150,SENT,PNT3,replace,nó,hắn,Pronouns,lexicon_match
SENT_4150,SENT,PNT3,replace,nó,hắn,Pronouns,lexicon_match
SENT_4150,SENT,PNT3,replace,nó,hắn,Pronouns,lexicon_match
SENT_4150,SENT,PNT3,replace,nó,hắn,Pronouns,lexicon_match
SENT_4150,SENT,PNT3,replace,này,ni,Demonstratives/Deixis,lexicon_match
SENT_4150,SENT,PNT4,replace,giờ,chừ,Negation/Function words,lexicon_match
SENT_4150,SENT,PNT4,replace,gì,chi,Interrogatives,lexicon_match
SENT_4150,SENT,PNT4,replace,này,ni,Demonstratives/Deixis,lexicon_match
SENT_4155,SENT,PNN,replace,không,hông,Negation/Function words,lexicon_match
SENT_4155,SENT,PNN,replace,thật,thiệt,Connectives/Aspect markers,lexicon_match
SENT_4155,SENT,PNT2,replace,nào,mô,Interrogatives; Negation/Function words,lexicon_match
SENT_4155,SENT,PNT2,replace,không,nỏ,Negation/Function words,lexicon_match
SENT_4155,SENT,PNT2,replace,đó,nớ,Demonstratives/Deixis,lexicon_match
SENT_4155,SENT,PNT3,replace,nào,mô,Interrogatives; Negation/Function words,lexicon_match
SENT_4155,SENT,PNT3,replace,đó,nớ,Demonstratives/Deixis,lexicon_match
SENT_4155,SENT,PNT4,replace,nào,mô,Interrogatives,lexicon_match
SENT_4155,SENT,PNT4,replace,đó,nớ,Demonstratives/Deixis,lexicon_match
SENT_4160,SENT,PNB,replace,sao,sau,Interrogatives,lexicon_match
SENT_4160,SENT,PNN,replace,cô,cổ,Pronouns,lexicon_match
SENT_4160,SENT,PNT2,replace,vậy,rứa,Demonstratives/Deixis,lexicon_match
SENT_4160,SENT,PNT2,replace,cái,cây,Negation/Function words,lexicon_match
SENT_4160,SENT,PNT3,replace,nhỉ,he,Discourse particles,lexicon_match
SENT_4160,SENT,PNT3,replace,vậy,rứa,Demonstratives/Deixis,lexicon_match
SENT_4160,SENT,PNT4,replace,vậy,rứa,Demonstratives/Deixis,lexicon_match
SENT_4428,SENT,PNN,replace,mình,tui,Pronouns,lexicon_match
SENT_4428,SENT,PNN,replace,mình,tui,Pronouns,lexicon_match
SENT_4428,SENT,PNT2,replace,cái,cấy,Negation/Function words,lexicon_match
SENT_4428,SENT,PNT2,replace,vậy,rứa,Demonstratives/Deixis,lexicon_match
SENT_4428,SENT,PNT3,replace,mình,tau,Pronouns,lexicon_match
SENT_4428,SENT,PNT3,replace,cái,kì,Negation/Function words,lexicon_match
SENT_4428,SENT,PNT3,replace,mình,tau,Pronouns,lexicon_match
SENT_4428,SENT,PNT4,replace,mình,ta,Pronouns,lexicon_match
SENT_4428,SENT,PNT4,replace,bố,ba,Kinship/Honorific terms,lexicon_match
SENT_4428,SENT,PNT4,replace,mình,ta,Pronouns,lexicon_match
SENT_4428,SENT,PNT4,replace,vậy,rứa,Demonstratives/Deixis,lexicon_match
SENT_4445,SENT,PNN,replace,không,hông,Negation/Function words,lexicon_match
SENT_4445,SENT,PNN,replace,không,xó,Negation/Function words,lexicon_match
SENT_4445,SENT,PNT2,replace,không,nỏ,Negation/Function words,lexicon_match
SENT_4445,SENT,PNT2,replace,sao,răng,Interrogatives,lexicon_match
SENT_4445,SENT,PNT2,replace,làm,mần,Predicate vocabulary,lexicon_match
SENT_4445,SENT,PNT2,replace,nào,mô,Interrogatives; Negation/Function words,lexicon_match
SENT_4445,SENT,PNT3,replace,không,khung,Negation/Function words,lexicon_match
SENT_4445,SENT,PNT3,replace,mắng,chưởi,Predicate vocabulary,lexicon_match
SENT_4445,SENT,PNT3,replace,sao,răng,Interrogatives,lexicon_match
SENT_4445,SENT,PNT3,replace,làm,mần,Predicate vocabulary,lexicon_match
SENT_4445,SENT,PNT4,replace,sao,răng,Interrogatives,lexicon_match
SENT_4494,SENT,PNN,replace,tôi,tui,Pronouns,lexicon_match
SENT_4494,SENT,PNN,replace,không,hông,Negation/Function words,lexicon_match
SENT_4494,SENT,PNT2,replace,tôi,tau,Pronouns,lexicon_match
SENT_4494,SENT,PNT2,replace,nào,mô,Interrogatives; Negation/Function words,lexicon_match
SENT_4494,SENT,PNT3,replace,cái,kì,Negation/Function words,lexicon_match
SENT_4494,SENT,PNT3,replace,nào,mô,Interrogatives; Negation/Function words,lexicon_match
SENT_4494,SENT,PNT4,replace,cô ấy,cổ,Pronouns,lexicon_match
SENT_4494,SENT,PNT4,replace,nào,mô,Interrogatives,lexicon_match
SENT_4519,SENT,PNN,replace,đấy,đó,Demonstratives/Deixis,lexicon_match
SENT_4519,SENT,PNT1,replace,này,ni,Demonstratives/Deixis,lexicon_match
SENT_4519,SENT,PNT1,replace,đấy,nứ,Demonstratives/Deixis,lexicon_match
SENT_4519,SENT,PNT2,replace,đấy,nớ,Demonstratives/Deixis,lexicon_match
SENT_4519,SENT,PNT3,replace,bà đấy,mệ nớ,Pronouns,lexicon_match
SENT_4519,SENT,PNT3,replace,xem,coi,Predicate vocabulary,lexicon_match
SENT_4550,SENT,PNN,replace,không,hông,Negation/Function words,lexicon_match
SENT_4550,SENT,PNN,replace,nhỉ,hen,Discourse particles,lexicon_match
SENT_4550,SENT,PNT1,replace,tao,tau,Pronouns,lexicon_match
SENT_4550,SENT,PNT2,replace,tao,tau,Pronouns,lexicon_match
SENT_4550,SENT,PNT2,replace,không,nỏ,Negation/Function words,lexicon_match
SENT_4550,SENT,PNT2,replace,vậy,rứa,Demonstratives/Deixis,lexicon_match
SENT_4550,SENT,PNT2,replace,không,nỏ,Negation/Function words,lexicon_match
SENT_4550,SENT,PNT3,replace,tao,tau,Pronouns,lexicon_match
SENT_4550,SENT,PNT3,replace,vậy,rứa,Demonstratives/Deixis,lexicon_match
SENT_4550,SENT,PNT4,replace,tao,ta,Pronouns,lexicon_match
SENT_4550,SENT,PNT4,replace,vậy,rứa,Demonstratives/Deixis,lexicon_match
SENT_4733,SENT,PNB,replace,đó,đấy,Demonstratives/Deixis,lexicon_match
SENT_4733,SENT,PNN,replace,thật,thiệt,Connectives/Aspect markers,lexicon_match
SENT_4733,SENT,PNN,replace,không,hông,Negation/Function words,lexicon_match
SENT_4733,SENT,PNT2,replace,chẳng,nỏ,Negation/Function words,lexicon_match
SENT_4733,SENT,PNT2,replace,này,ni,Demonstratives/Deixis,lexicon_match
SENT_4733,SENT,PNT2,replace,nào,mô,Interrogatives; Negation/Function words,lexicon_match
SENT_4733,SENT,PNT3,replace,bây giờ,bựa ni,Negation/Function words,lexicon_match
SENT_4733,SENT,PNT3,replace,gì,chi,Interrogatives,lexicon_match
SENT_4733,SENT,PNT4,replace,giờ,chừ,Negation/Function words,lexicon_match
SENT_4733,SENT,PNT4,replace,gì,chi,Interrogatives,lexicon_match
SENT_4733,SENT,PNT4,replace,này,ni,Demonstratives/Deixis,lexicon_match
SENT_4733,SENT,PNT4,replace,nào,nô,Interrogatives,lexicon_match
SENT_4737,SENT,PNT1,replace,tao,tau,Pronouns,lexicon_match
SENT_4737,SENT,PNT3,replace,này,ni,Demonstratives/Deixis,lexicon_match
SENT_4737,SENT,PNT3,replace,mày,mi,Pronouns,lexicon_match
SENT_4737,SENT,PNT4,replace,mày,mi,Pronouns,lexicon_match
SENT_4745,SENT,PNN,replace,không,hông,Negation/Function words,lexicon_match
SENT_4745,SENT,PNN,replace,không,hông,Negation/Function words,lexicon_match
SENT_4745,SENT,PNT2,replace,mình,tau,Pronouns,lexicon_match
SENT_4745,SENT,PNT2,replace,không,nỏ,Negation/Function words,lexicon_match
SENT_4745,SENT,PNT2,replace,sao,răng,Interrogatives,lexicon_match
SENT_4745,SENT,PNT3,replace,sao,răng,Interrogatives,lexicon_match
SENT_4768,SENT,PNN,replace,thật,thiệt,Connectives/Aspect markers,lexicon_match
SENT_4768,SENT,PNN,replace,ấy,á,Demonstratives/Deixis,lexicon_match
SENT_4768,SENT,PNT2,replace,mày,mi,Pronouns,lexicon_match
SENT_4768,SENT,PNT2,replace,nó,nớ,Demonstratives/Deixis,lexicon_match
SENT_4768,SENT,PNT3,replace,mày,bây,Pronouns,lexicon_match
SENT_4768,SENT,PNT3,replace,thật,thiệt,Connectives/Aspect markers,lexicon_match
SENT_4768,SENT,PNT3,replace,ạ,cấy,Negation/Function words,lexicon_match
SENT_4768,SENT,PNT3,replace,nó,nớ,Demonstratives/Deixis,lexicon_match
SENT_4768,SENT,PNT3,replace,đó,nớ,Demonstratives/Deixis,lexicon_match
SENT_4768,SENT,PNT3,replace,ấy,á,Demonstratives/Deixis; Discourse particles,lexicon_match
SENT_4768,SENT,PNT4,replace,mày,mi,Pronouns,lexicon_match
SENT_4768,SENT,PNT4,replace,nó,hắn,Pronouns,lexicon_match
SENT_4768,SENT,PNT4,replace,đó,nớ,Demonstratives/Deixis,lexicon_match
SENT_4768,SENT,PNT4,replace,ấy,á,Demonstratives/Deixis,lexicon_match
SENT_4768,SENT,PNT4,replace,dơ,nhớp,Predicate vocabulary,lexicon_match
SENT_4790,SENT,PNT1,replace,tao,tau,Pronouns,lexicon_match
SENT_4790,SENT,PNT2,replace,tao,tau,Pronouns,lexicon_match
SENT_4790,SENT,PNT3,replace,tao,tau,Pronouns,lexicon_match
SENT_4790,SENT,PNT3,replace,này,cấy ni,Demonstratives/Deixis,lexicon_match
SENT_4790,SENT,PNT3,replace,nè,nì,Discourse particles,lexicon_match
SENT_4790,SENT,PNT4,replace,này,ni,Demonstratives/Deixis,lexicon_match
SENT_4809,SENT,PNT2,replace,cái,cấy,Negation/Function words,lexicon_match
SENT_4861,SENT,PNN,replace,không,hông,Negation/Function words,lexicon_match
SENT_4861,SENT,PNT1,replace,ấy,nứ,Demonstratives/Deixis,lexicon_match
SENT_4861,SENT,PNT2,replace,vậy,như rứa,Demonstratives/Deixis,lexicon_match
SENT_4861,SENT,PNT2,replace,không,nỏ,Negation/Function words,lexicon_match
SENT_4861,SENT,PNT2,replace,cái,mấy,Negation/Function words,lexicon_match
SENT_4861,SENT,PNT3,replace,ấy,nớ,Demonstratives/Deixis,lexicon_match
SENT_4861,SENT,PNT3,replace,vậy,rứa,Demonstratives/Deixis,lexicon_match
SENT_4861,SENT,PNT3,replace,chúng ta,choa,Pronouns,lexicon_match
SENT_4861,SENT,PNT3,replace,già,tra,Predicate vocabulary,lexicon_match
SENT_4861,SENT,PNT3,replace,không thể,nỏ,Negation/Function words,lexicon_match
SENT_4861,SENT,PNT3,replace,chả,nỏ,Negation/Function words,lexicon_match
SENT_4861,SENT,PNT3,replace,cái,kì,Negation/Function words,lexicon_match
SENT_4861,SENT,PNT4,replace,bố,ba,Kinship/Honorific terms,lexicon_match
SENT_4861,SENT,PNT4,replace,ấy,nớ,Demonstratives/Deixis,lexicon_match
SENT_4861,SENT,PNT4,replace,vậy,rứa,Demonstratives/Deixis,lexicon_match
SENT_4861,SENT,PNT4,replace,chả,không,Negation/Function words,lexicon_match
SENT_4885,SENT,PNN,delete,rất,,Predicate vocabulary,lexicon_match
SENT_4885,SENT,PNT2,replace,vậy,ri,Demonstratives/Deixis,lexicon_match
SENT_4885,SENT,PNT2,replace,sao,răng,Interrogatives,lexicon_match
SENT_4885,SENT,PNT3,replace,rất,đại,Predicate vocabulary,lexicon_match
SENT_4885,SENT,PNT3,replace,nhìn,ngó,Predicate vocabulary,lexicon_match
SENT_4885,SENT,PNT3,replace,chửi,chưởi,Predicate vocabulary,lexicon_match
SENT_4885,SENT,PNT3,replace,vậy,rứa,Demonstratives/Deixis,lexicon_match
SENT_4885,SENT,PNT3,replace,sao,răng,Interrogatives,lexicon_match
SENT_4885,SENT,PNT4,replace,vậy,rứa,Demonstratives/Deixis,lexicon_match
SENT_4885,SENT,PNT4,replace,sao,ren,Interrogatives,lexicon_match
SENT_4885,SENT,PNT4,replace,thế,rứa,Demonstratives/Deixis,lexicon_match
SENT_4959,SENT,PNN,replace,không,hông,Negation/Function words,lexicon_match
SENT_4959,SENT,PNT2,replace,gì,chi,Interrogatives,lexicon_match
SENT_4959,SENT,PNT2,replace,không,nỏ,Negation/Function words,lexicon_match
SENT_4959,SENT,PNT2,replace,làm,mần,Predicate vocabulary,lexicon_match
SENT_4959,SENT,PNT3,replace,vậy,rứa,Demonstratives/Deixis,lexicon_match
SENT_4959,SENT,PNT3,replace,làm,mần,Predicate vocabulary,lexicon_match
SENT_4959,SENT,PNT4,replace,mày,mi,Pronouns,lexicon_match
SENT_4964,SENT,PNT2,replace,này,ni,Demonstratives/Deixis,lexicon_match
SENT_4964,SENT,PNT3,replace,này,ni,Demonstratives/Deixis,lexicon_match
SENT_4964,SENT,PNT3,replace,nó,hắn,Pronouns,lexicon_match
SENT_4964,SENT,PNT4,replace,này,ni,Demonstratives/Deixis,lexicon_match
SENT_4989,SENT,PNN,replace,không,hông,Negation/Function words,lexicon_match
SENT_4989,SENT,PNN,replace,không,hông,Negation/Function words,lexicon_match
SENT_4989,SENT,PNN,replace,không,hông,Negation/Function words,lexicon_match
SENT_4989,SENT,PNN,replace,không,hông,Negation/Function words,lexicon_match
SENT_4989,SENT,PNT2,replace,chứ,chơ,Connectives/Aspect markers,lexicon_match
SENT_4989,SENT,PNT2,replace,gì,chi,Interrogatives,lexicon_match
SENT_4989,SENT,PNT2,replace,nó,hấn,Pronouns,lexicon_match
SENT_4989,SENT,PNT2,replace,không,nỏ,Negation/Function words,lexicon_match
SENT_4989,SENT,PNT2,replace,không,nỏ,Negation/Function words,lexicon_match
SENT_4989,SENT,PNT2,replace,sao,răng,Interrogatives,lexicon_match
SENT_4989,SENT,PNT3,replace,chứ,chơ,Connectives/Aspect markers,lexicon_match
SENT_4989,SENT,PNT3,replace,gì,chi,Interrogatives,lexicon_match
SENT_4989,SENT,PNT3,replace,không,khung,Negation/Function words,lexicon_match
SENT_4989,SENT,PNT3,replace,không,nỏ,Negation/Function words,lexicon_match
SENT_4989,SENT,PNT3,replace,sao,răng,Interrogatives,lexicon_match
SENT_4989,SENT,PNT4,replace,gì,chi,Interrogatives,lexicon_match
SENT_4989,SENT,PNT4,replace,đâu,mô,Interrogatives,lexicon_match
SENT_4989,SENT,PNT4,replace,sao,ren,Interrogatives,lexicon_match
SENT_5008,SENT,PNT2,replace,này,ni,Demonstratives/Deixis,lexicon_match
SENT_5008,SENT,PNT2,replace,nó,hấn,Pronouns,lexicon_match
SENT_5008,SENT,PNT3,replace,này,ni,Demonstratives/Deixis,lexicon_match
SENT_5008,SENT,PNT3,replace,nó,hắn,Pronouns,lexicon_match
SENT_5008,SENT,PNT4,replace,này,ni,Demonstratives/Deixis,lexicon_match
SENT_5008,SENT,PNT4,replace,nó,hắn,Pronouns,lexicon_match
SENT_5017,SENT,PNN,replace,không,hông,Negation/Function words,lexicon_match
SENT_5017,SENT,PNT2,replace,thế nào,răng,Interrogatives,lexicon_match
SENT_5017,SENT,PNT2,replace,gì,chi,Interrogatives,lexicon_match
SENT_5017,SENT,PNT3,replace,mày,mi,Pronouns,lexicon_match
SENT_5017,SENT,PNT3,replace,không,nỏ,Negation/Function words,lexicon_match
SENT_5017,SENT,PNT3,replace,gì,cấy chi,Interrogatives,lexicon_match
SENT_5017,SENT,PNT4,replace,bố,ba,Kinship/Honorific terms,lexicon_match
SENT_5017,SENT,PNT4,replace,mày,mi,Pronouns,lexicon_match
SENT_5017,SENT,PNT4,replace,chúng mày,tụi bây,Pronouns,lexicon_match
SENT_5017,SENT,PNT4,replace,gì,chi,Interrogatives,lexicon_match
SENT_5154,SENT,PNN,replace,đấy,đó,Demonstratives/Deixis,lexicon_match
SENT_5154,SENT,PNN,replace,không,hông,Negation/Function words,lexicon_match
SENT_5154,SENT,PNN,replace,thế,vậy,Demonstratives/Deixis,lexicon_match
SENT_5154,SENT,PNT2,replace,sao,răng,Interrogatives,lexicon_match
SENT_5154,SENT,PNT3,replace,đấy,đó,Discourse particles,lexicon_match
SENT_5154,SENT,PNT3,replace,sao,răng,Interrogatives,lexicon_match
SENT_5154,SENT,PNT4,replace,đấy,nớ,Demonstratives/Deixis,lexicon_match
SENT_5154,SENT,PNT4,replace,sao,răng,Interrogatives,lexicon_match
SENT_5251,SENT,PNT2,replace,không,nỏ,Negation/Function words,lexicon_match
SENT_5251,SENT,PNT2,replace,đâu,mô,Interrogatives; Negation/Function words,lexicon_match
SENT_5251,SENT,PNT3,replace,chứ,chơ,Connectives/Aspect markers,lexicon_match
SENT_5251,SENT,PNT3,replace,không,nỏ,Negation/Function words,lexicon_match
SENT_5251,SENT,PNT3,replace,mày,mi,Pronouns,lexicon_match
SENT_5251,SENT,PNT3,replace,đâu,mô,Interrogatives; Negation/Function words,lexicon_match
SENT_5251,SENT,PNT4,replace,khiến,làm,Predicate vocabulary,lexicon_match
SENT_5315,SENT,PNB,replace,mẹ,mụ,Kinship/Honorific terms,lexicon_match
SENT_5315,SENT,PNB,replace,đó,đấy,Demonstratives/Deixis,lexicon_match
SENT_5315,SENT,PNB,replace,bả,bà,Kinship/Honorific terms,lexicon_match
SENT_5315,SENT,PNN,replace,thật,thiệt,Connectives/Aspect markers,lexicon_match
SENT_5315,SENT,PNN,replace,gọi,kêu,Predicate vocabulary,lexicon_match
SENT_5315,SENT,PNN,replace,không,hông,Negation/Function words,lexicon_match
SENT_5315,SENT,PNN,replace,thật,thiệt,Connectives/Aspect markers,lexicon_match
SENT_5315,SENT,PNT1,replace,tao,tau,Pronouns,lexicon_match
SENT_5315,SENT,PNT2,replace,tao,tau,Pronouns,lexicon_match
SENT_5315,SENT,PNT2,replace,này,ni,Demonstratives/Deixis,lexicon_match
SENT_5315,SENT,PNT3,replace,mẹ,mạ,Kinship/Honorific terms,lexicon_match
SENT_5315,SENT,PNT3,replace,thật,đại,Connectives/Aspect markers,lexicon_match
SENT_5315,SENT,PNT3,replace,xem,coi,Predicate vocabulary,lexicon_match
SENT_5315,SENT,PNT3,replace,bả,mệ,Kinship/Honorific terms,lexicon_match
SENT_5315,SENT,PNT3,replace,moá,mạ,Kinship/Honorific terms,lexicon_match
SENT_5315,SENT,PNT3,replace,này,ni,Demonstratives/Deixis,lexicon_match
SENT_5315,SENT,PNT4,replace,tao,ta,Pronouns,lexicon_match
SENT_5315,SENT,PNT4,replace,gì,chi,Interrogatives,lexicon_match
SENT_5315,SENT,PNT4,replace,này,ni,Demonstratives/Deixis,lexicon_match
SENT_5360,SENT,PNB,replace,nhỏ,bé,Predicate vocabulary,lexicon_match
SENT_5360,SENT,PNN,replace,không,hông,Negation/Function words,lexicon_match
SENT_5360,SENT,PNT2,replace,không,nỏ,Negation/Function words,lexicon_match
SENT_5360,SENT,PNT2,replace,cái,cấy,Negation/Function words,lexicon_match
SENT_5360,SENT,PNT2,replace,gì,chi,Interrogatives,lexicon_match
SENT_5360,SENT,PNT2,replace,gì,chi,Interrogatives,lexicon_match
SENT_5360,SENT,PNT2,replace,nó,hấn,Pronouns,lexicon_match
SENT_5360,SENT,PNT2,replace,mẹ,mệ,Kinship/Honorific terms,lexicon_match
SENT_5360,SENT,PNT3,replace,không,khung,Negation/Function words,lexicon_match
SENT_5360,SENT,PNT3,replace,cái,kì,Negation/Function words,lexicon_match
SENT_5360,SENT,PNT3,replace,gì,chi,Interrogatives,lexicon_match
SENT_5360,SENT,PNT3,replace,gì,chi,Interrogatives,lexicon_match
SENT_5360,SENT,PNT3,replace,nó,hắn,Pronouns,lexicon_match
SENT_5360,SENT,PNT4,replace,gì,chi,Interrogatives,lexicon_match
SENT_5360,SENT,PNT4,replace,gì,chi,Interrogatives,lexicon_match
SENT_5360,SENT,PNT4,replace,giờ,chừ,Negation/Function words,lexicon_match
SENT_5407,SENT,PNN,replace,không,hông,Negation/Function words,lexicon_match
SENT_5407,SENT,PNT2,replace,mẹ,mệ,Kinship/Honorific terms,lexicon_match
SENT_5407,SENT,PNT2,replace,nó,hấn,Pronouns,lexicon_match
SENT_5407,SENT,PNT2,replace,nó,hấn,Pronouns,lexicon_match
SENT_5407,SENT,PNT3,replace,nó,hắn,Pronouns,lexicon_match
SENT_5407,SENT,PNT3,replace,nó,hắn,Pronouns,lexicon_match
SENT_5407,SENT,PNT3,replace,không,chả,Negation/Function words,lexicon_match
SENT_5421,SENT,PNN,replace,không,hông,Negation/Function words,lexicon_match
SENT_5421,SENT,PNT1,replace,tao,tau,Pronouns,lexicon_match
SENT_5421,SENT,PNT1,replace,này,ni,Demonstratives/Deixis,lexicon_match
SENT_5421,SENT,PNT1,replace,tao,tau,Pronouns,lexicon_match
SENT_5421,SENT,PNT2,replace,nay,ni,Demonstratives/Deixis,lexicon_match
SENT_5421,SENT,PNT2,replace,không,nỏ,Negation/Function words,lexicon_match
SENT_5421,SENT,PNT3,replace,tao,tau,Pronouns,lexicon_match
SENT_5421,SENT,PNT3,replace,này,ni,Demonstratives/Deixis,lexicon_match
SENT_5421,SENT,PNT4,replace,bố,ba,Kinship/Honorific terms,lexicon_match
SENT_5421,SENT,PNT4,replace,tao,ta,Pronouns,lexicon_match
SENT_5421,SENT,PNT4,replace,này,ni,Demonstratives/Deixis,lexicon_match
SENT_5441,SENT,PNN,replace,mình,tui,Pronouns,lexicon_match
SENT_5441,SENT,PNN,replace,không,hông,Negation/Function words,lexicon_match
SENT_5441,SENT,PNN,replace,thế,vậy,Demonstratives/Deixis,lexicon_match
SENT_5441,SENT,PNT2,replace,không,nỏ,Negation/Function words,lexicon_match
SENT_5441,SENT,PNT2,replace,thế,rứa,Demonstratives/Deixis,lexicon_match
SENT_5441,SENT,PNT2,replace,nó,hấn,Pronouns,lexicon_match
SENT_5441,SENT,PNT3,replace,thế,rứa,Demonstratives/Deixis,lexicon_match
SENT_5441,SENT,PNT3,replace,nó,hắn,Pronouns,lexicon_match
SENT_5441,SENT,PNT3,replace,mắng,chưởi,Predicate vocabulary,lexicon_match
SENT_5441,SENT,PNT3,replace,đấy,đỏ,Discourse particles,lexicon_match
SENT_5441,SENT,PNT4,replace,mình,ta,Pronouns,lexicon_match
SENT_5441,SENT,PNT4,replace,thế,rứa,Demonstratives/Deixis,lexicon_match
SENT_5441,SENT,PNT4,replace,nó,hắn,Pronouns,lexicon_match
SENT_5441,SENT,PNT4,replace,mắng,la,Predicate vocabulary,lexicon_match
SENT_5441,SENT,PNT4,replace,đấy,đó,Demonstratives/Deixis,lexicon_match
SENT_5456,SENT,PNB,replace,không,chả,Negation/Function words,lexicon_match
SENT_5456,SENT,PNN,replace,nhanh,lẹ,Predicate vocabulary,lexicon_match
SENT_5456,SENT,PNN,replace,không,hông,Negation/Function words,lexicon_match
SENT_5456,SENT,PNT1,replace,tao,tau,Pronouns,lexicon_match
SENT_5456,SENT,PNT1,replace,tao,tau,Pronouns,lexicon_match
SENT_5456,SENT,PNT2,replace,không,nỏ,Negation/Function words,lexicon_match
SENT_5456,SENT,PNT3,replace,anh,eng,Kinship/Honorific terms,lexicon_match
SENT_5456,SENT,PNT3,replace,không,khung,Negation/Function words,lexicon_match
SENT_5456,SENT,PNT4,replace,tao,ta,Pronouns,lexicon_match
SENT_5521,SENT,PNT2,replace,tao,tau,Pronouns,lexicon_match
SENT_5521,SENT,PNT3,replace,tao,tau,Pronouns,lexicon_match
SENT_5521,SENT,PNT3,replace,nó,hắn,Pronouns,lexicon_match
SENT_5521,SENT,PNT3,replace,nó,hắn,Pronouns,lexicon_match
SENT_5521,SENT,PNT3,replace,nào,mô,Interrogatives; Negation/Function words,lexicon_match
SENT_5521,SENT,PNT3,replace,cái,cấy,Negation/Function words,lexicon_match
SENT_5521,SENT,PNT4,replace,tao,ta,Pronouns,lexicon_match
SENT_5521,SENT,PNT4,replace,nào,mô,Interrogatives,lexicon_match
SENT_5531,SENT,PNT1,replace,này,ni,Demonstratives/Deixis,lexicon_match
SENT_5531,SENT,PNT1,replace,nào,mô,Negation/Function words,lexicon_match
SENT_5531,SENT,PNT1,replace,tao,tau,Pronouns,lexicon_match
SENT_5531,SENT,PNT2,replace,tao,tau,Pronouns,lexicon_match
SENT_5531,SENT,PNT3,replace,nào,mô,Interrogatives; Negation/Function words,lexicon_match
SENT_5531,SENT,PNT3,replace,tao,tau,Pronouns,lexicon_match
SENT_5531,SENT,PNT4,replace,này,ni,Demonstratives/Deixis,lexicon_match
SENT_5531,SENT,PNT4,replace,nào,mô,Interrogatives,lexicon_match
MCQA_0002_4,MCQA,PNT1,replace,nào,mô,Negation/Function words,lexicon_match
MCQA_0002_4,MCQA,PNT2,replace,hạ,hè,Discourse particles,lexicon_match
MCQA_0002_4,MCQA,PNT3,replace,nào,mô,Interrogatives; Negation/Function words,lexicon_match
MCQA_0002_4,MCQA,PNT3,replace,hạ,hè,Discourse particles,lexicon_match
MCQA_0004_3,MCQA,PNT3,replace,gì,chi,Interrogatives,lexicon_match
MCQA_0004_3,MCQA,PNT4,replace,gì,chi,Interrogatives,lexicon_match
MCQA_0010_1,MCQA,PNB,replace,cha,bố,Kinship/Honorific terms,lexicon_match
MCQA_0010_1,MCQA,PNB,replace,cha,bố,Kinship/Honorific terms,lexicon_match
MCQA_0010_1,MCQA,PNN,replace,không,hổng,Negation/Function words,lexicon_match
MCQA_0010_1,MCQA,PNT2,replace,không,nỏ,Negation/Function words,lexicon_match
MCQA_0010_1,MCQA,PNT3,replace,không,nỏ,Negation/Function words,lexicon_match
MCQA_0010_1,MCQA,PNT4,replace,cha,ba,Kinship/Honorific terms,lexicon_match
MCQA_0010_1,MCQA,PNT4,replace,bố,ba,Kinship/Honorific terms,lexicon_match
MCQA_0010_3,MCQA,PNT2,replace,đã,đạ,Connectives/Aspect markers,lexicon_match
MCQA_0010_3,MCQA,PNT2,replace,gì,chi,Interrogatives,lexicon_match
MCQA_0010_3,MCQA,PNT3,replace,gì,chi,Interrogatives,lexicon_match
MCQA_0010_3,MCQA,PNT3,replace,bố,ba,Kinship/Honorific terms,lexicon_match
MCQA_0010_3,MCQA,PNT4,replace,gì,chi,Interrogatives,lexicon_match
MCQA_0012_0,MCQA,PNT2,replace,làm gì,mần chi,Interrogatives,lexicon_match
MCQA_0012_0,MCQA,PNT3,replace,gì,chi,Interrogatives,lexicon_match
MCQA_0012_0,MCQA,PNT3,replace,bố,ba,Kinship/Honorific terms,lexicon_match
MCQA_0012_5,MCQA,PNN,replace,không,hông,Negation/Function words,lexicon_match
MCQA_0012_5,MCQA,PNT2,replace,sao,răng,Interrogatives,lexicon_match
MCQA_0012_5,MCQA,PNT2,replace,không,nỏ,Negation/Function words,lexicon_match
MCQA_0012_5,MCQA,PNT2,replace,làm,mần,Predicate vocabulary,lexicon_match
MCQA_0012_5,MCQA,PNT3,replace,sao,răng,Interrogatives,lexicon_match
MCQA_0013_3,MCQA,PNT4,replace,gì,chi,Interrogatives,lexicon_match
MCQA_0013_3,MCQA,PNT4,replace,mẹ,má,Kinship/Honorific terms,lexicon_match
MCQA_0013_3,MCQA,PNT4,replace,về,dìa,Predicate vocabulary,lexicon_match
MCQA_0013_3,MCQA,PNT4,replace,bố,ba,Kinship/Honorific terms,lexicon_match
MCQA_0013_3,MCQA,PNT4,replace,trông,coi,Predicate vocabulary,lexicon_match
MCQA_0013_4,MCQA,PNT4,replace,bố,ba,Kinship/Honorific terms,lexicon_match
MCQA_0014_1,MCQA,PNT4,replace,bố,ba,Kinship/Honorific terms,lexicon_match
MCQA_0014_1,MCQA,PNT4,replace,đâu,mô,Interrogatives,lexicon_match
MCQA_0016_0,MCQA,PNT3,replace,làm gì,mần chi,Interrogatives,lexicon_match
MCQA_0016_0,MCQA,PNT3,replace,mẹ,mạ,Kinship/Honorific terms,lexicon_match
MCQA_0016_0,MCQA,PNT3,replace,bố,bọ,Kinship/Honorific terms,lexicon_match
MCQA_0016_0,MCQA,PNT4,replace,mẹ,má,Kinship/Honorific terms,lexicon_match
MCQA_0016_0,MCQA,PNT4,replace,bố,ba,Kinship/Honorific terms,lexicon_match
MCQA_0016_0,MCQA,PNT4,replace,bố,ba,Kinship/Honorific terms,lexicon_match
MCQA_0018_4,MCQA,PNT3,replace,làm gì,mần chi,Interrogatives,lexicon_match
MCQA_0025_10,MCQA,PNT2,replace,gì,chi,Interrogatives,lexicon_match
MCQA_0025_10,MCQA,PNT2,replace,thế,rứa,Demonstratives/Deixis,lexicon_match
MCQA_0025_10,MCQA,PNT3,replace,gì,chi,Interrogatives,lexicon_match
MCQA_0025_10,MCQA,PNT3,replace,không,nỏ,Negation/Function words,lexicon_match
MCQA_0090_10,MCQA,PNT3,replace,thế nào,răng,Interrogatives,lexicon_match
MCQA_0090_10,MCQA,PNT3,replace,xấu hổ,ồng ngai,Predicate vocabulary,lexicon_match
NLI_0028,NLI,PNT2,insert,,cấy,Negation/Function words,lexicon_match
NLI_0028,NLI,PNT2,replace,rất,rành,Predicate vocabulary,lexicon_match
NLI_0064,NLI,PNN,delete,thế,,Demonstratives/Deixis,lexicon_match
NLI_0064,NLI,PNT2,insert,,cấy,Negation/Function words,lexicon_match
NLI_0064,NLI,PNT2,replace,thế nào,răng,Interrogatives,lexicon_match
NLI_0064,NLI,PNT3,replace,thế nào,răng,Interrogatives,lexicon_match
NLI_0064,NLI,PNT4,replace,thế nào,răng,Interrogatives,lexicon_match
NLI_0157,NLI,PNN,replace,anh ấy,ảnh,Kinship/Honorific terms; Pronouns,lexicon_match
NLI_0157,NLI,PNT1,replace,ấy,nứ,Demonstratives/Deixis,lexicon_match
NLI_0157,NLI,PNT2,replace,đã,đạ,Connectives/Aspect markers,lexicon_match
NLI_0157,NLI,PNT2,delete,anh ấy,,Pronouns,lexicon_match
NLI_0157,NLI,PNT3,replace,ấy,nớ,Demonstratives/Deixis,lexicon_match
NLI_0157,NLI,PNT4,replace,anh ấy,ảnh,Kinship/Honorific terms; Pronouns,lexicon_match
NLI_0240,NLI,PNT2,replace,không,nỏ,Negation/Function words,lexicon_match
NLI_0240,NLI,PNT3,replace,không,khung,Negation/Function words,lexicon_match
NLI_0240,NLI,PNT3,replace,tới,ni,Demonstratives/Deixis,lexicon_match
NLI_0337,NLI,PNN,replace,không,hông,Negation/Function words,lexicon_match
NLI_0337,NLI,PNT2,replace,không,nỏ,Negation/Function words,lexicon_match
NLI_0337,NLI,PNT2,replace,gì,chi,Interrogatives,lexicon_match
NLI_0337,NLI,PNT3,replace,không,khung,Negation/Function words,lexicon_match
NLI_0337,NLI,PNT3,replace,gì,chi,Interrogatives,lexicon_match
NLI_0337,NLI,PNT4,replace,này,ni,Demonstratives/Deixis,lexicon_match
NLI_0337,NLI,PNT4,replace,gì,chi,Interrogatives,lexicon_match
NLI_0448,NLI,PNN,replace,lặp,làm,Predicate vocabulary,lexicon_match
NLI_0459,NLI,PNN,replace,chàng trai,ảnh,Kinship/Honorific terms; Pronouns,lexicon_match
NLI_0511,NLI,PNN,replace,không,hông,Negation/Function words,lexicon_match
NLI_0511,NLI,PNT2,replace,sao,răng,Interrogatives,lexicon_match
NLI_0511,NLI,PNT3,replace,sao,răng,Interrogatives,lexicon_match
NLI_0515,NLI,PNN,replace,gọi,kêu,Predicate vocabulary,lexicon_match
NLI_0515,NLI,PNT1,replace,đó,đớ,Demonstratives/Deixis,lexicon_match
NLI_0515,NLI,PNT3,replace,đó,nớ,Demonstratives/Deixis,lexicon_match
NLI_0515,NLI,PNT3,replace,rất,khá,Predicate vocabulary,lexicon_match
NLI_0515,NLI,PNT3,replace,gọi,hú mấy người xung quanh,Predicate vocabulary,lexicon_match
NLI_0521,NLI,PNT1,replace,ấy,nứ,Demonstratives/Deixis,lexicon_match
NLI_0521,NLI,PNT2,replace,cô ấy,hấn,Pronouns,lexicon_match
NLI_0521,NLI,PNT3,replace,cô ấy,ả nớ,Pronouns,lexicon_match
NLI_0521,NLI,PNT4,replace,cô ấy,cổ,Pronouns,lexicon_match
NLI_0716,NLI,PNT2,replace,không,khung,Negation/Function words,lexicon_match
NLI_0716,NLI,PNT3,replace,không,nỏ,Negation/Function words,lexicon_match
NLI_0729,NLI,PNT3,delete,ấy,,Demonstratives/Deixis; Discourse particles,lexicon_match
NLI_0729,NLI,PNT3,replace,thế nào,răng,Interrogatives,lexicon_match
NLI_0830,NLI,PNT3,insert,,chừ,Negation/Function words,lexicon_match
NLI_1019,NLI,PNT2,replace,không,nỏ,Negation/Function words,lexicon_match
NLI_1069,NLI,PNT2,replace,không,nỏ,Negation/Function words,lexicon_match
NLI_1069,NLI,PNT2,replace,vậy,rứa,Demonstratives/Deixis,lexicon_match
NLI_1069,NLI,PNT2,replace,không,nỏ,Negation/Function words,lexicon_match
NLI_1077,NLI,PNT3,replace,cái,cấy,Negation/Function words,lexicon_match
NLI_1114,NLI,PNT3,replace,chúng tôi,bọn tau,Pronouns,lexicon_match
QA_0363,QA,PNT1,replace,về,viền,Predicate vocabulary,lexicon_match
QA_0363,QA,PNT3,replace,gì,chi,Interrogatives,lexicon_match
QA_0363,QA,PNT3,replace,khiến,mần,Predicate vocabulary,lexicon_match
QA_10332,QA,PNT1,replace,này,ni,Demonstratives/Deixis,lexicon_match
QA_10332,QA,PNT2,replace,đã,đạ,Connectives/Aspect markers,lexicon_match
QA_10332,QA,PNT2,replace,này,ni,Demonstratives/Deixis,lexicon_match
QA_10332,QA,PNT2,replace,gì,chi,Interrogatives,lexicon_match
QA_10332,QA,PNT3,replace,này,ni,Demonstratives/Deixis,lexicon_match
QA_10332,QA,PNT3,replace,gì,chi,Interrogatives,lexicon_match
QA_10332,QA,PNT4,replace,này,ni,Demonstratives/Deixis,lexicon_match
QA_10332,QA,PNT4,replace,gì,chi,Interrogatives,lexicon_match
QA_10377,QA,PNB,replace,cái,thứ,Negation/Function words,lexicon_match
QA_10377,QA,PNT2,replace,đã,đạ,Connectives/Aspect markers,lexicon_match
QA_10377,QA,PNT2,replace,gì,chi,Interrogatives,lexicon_match
QA_10377,QA,PNT4,replace,gì,chi,Interrogatives,lexicon_match
QA_10410,QA,PNT2,replace,đã,đạ,Connectives/Aspect markers,lexicon_match
QA_10410,QA,PNT2,replace,gì,chi,Interrogatives,lexicon_match
QA_10410,QA,PNT3,replace,đã,đạ,Connectives/Aspect markers,lexicon_match
QA_10410,QA,PNT3,insert,,kì,Negation/Function words,lexicon_match
QA_10410,QA,PNT3,replace,gì,chi,Interrogatives,lexicon_match
QA_10410,QA,PNT4,replace,gì,chi,Interrogatives,lexicon_match
QA_11490,QA,PNT1,replace,làm,mằn,Predicate vocabulary,lexicon_match
QA_11490,QA,PNT3,replace,làm gì,mần chi,Interrogatives,lexicon_match
QA_11490,QA,PNT4,replace,gì,chi,Interrogatives,lexicon_match
QA_11800,QA,PNT2,replace,thế nào,răng,Interrogatives,lexicon_match
QA_11800,QA,PNT2,replace,này,ni,Demonstratives/Deixis,lexicon_match
QA_11800,QA,PNT3,replace,thế nào,răng,Interrogatives,lexicon_match
QA_11800,QA,PNT3,replace,này,ni,Demonstratives/Deixis,lexicon_match
QA_12019,QA,PNT2,replace,nào,mô,Interrogatives; Negation/Function words,lexicon_match
QA_12019,QA,PNT3,replace,nào,mô,Interrogatives; Negation/Function words,lexicon_match
QA_1203,QA,PNN,insert,,cái,Negation/Function words,lexicon_match
QA_1203,QA,PNN,insert,,nó,Pronouns,lexicon_match
QA_12099,QA,PNT3,replace,thế nào,răng,Interrogatives,lexicon_match
QA_1224,QA,PNN,insert,,đó,Demonstratives/Deixis,lexicon_match
QA_12824,QA,PNT3,replace,thế nào,răng,Interrogatives,lexicon_match
QA_13794,QA,PNT3,replace,thế,thể,Demonstratives/Deixis,lexicon_match
QA_13794,QA,PNT3,replace,thế nào,răng,Interrogatives,lexicon_match
QA_1521,QA,PNN,insert,,vậy,Demonstratives/Deixis,lexicon_match
QA_1521,QA,PNT4,replace,thế nào,ren,Interrogatives,lexicon_match
SENT_0018,SENT,PNB,delete,vậy,,Demonstratives/Deixis,lexicon_match
SENT_0018,SENT,PNN,replace,chừ,giờ,Negation/Function words,lexicon_match
SENT_0018,SENT,PNT2,replace,bây chừ,ni,Demonstratives/Deixis,lexicon_match
SENT_0018,SENT,PNT3,replace,bây chừ,ni,Demonstratives/Deixis,lexicon_match
SENT_0018,SENT,PNT3,replace,gì,chi,Interrogatives,lexicon_match
SENT_0018,SENT,PNT4,replace,bây chừ,bi giờ,Negation/Function words,lexicon_match
SENT_0018,SENT,PNT4,replace,gì,chi,Interrogatives,lexicon_match
SENT_0018,SENT,PNT4,replace,vậy,rứa,Demonstratives/Deixis,lexicon_match
SENT_0070,SENT,PNT2,replace,này,ni,Demonstratives/Deixis,lexicon_match
SENT_0070,SENT,PNT3,replace,xem,coi,Predicate vocabulary,lexicon_match
SENT_0070,SENT,PNT3,replace,này,ni,Demonstratives/Deixis,lexicon_match
SENT_0070,SENT,PNT3,replace,mình,tau,Pronouns,lexicon_match
SENT_0070,SENT,PNT4,replace,này,ni,Demonstratives/Deixis,lexicon_match
SENT_0192,SENT,PNN,replace,thế nào,vậy,Demonstratives/Deixis,lexicon_match
SENT_0192,SENT,PNT1,replace,làm,mần,Predicate vocabulary,lexicon_match
SENT_0192,SENT,PNT2,replace,làm,mần,Predicate vocabulary,lexicon_match
SENT_0192,SENT,PNT2,insert,,cấy,Negation/Function words,lexicon_match
SENT_0192,SENT,PNT2,replace,như thế nào,ni,Demonstratives/Deixis,lexicon_match
SENT_0192,SENT,PNT3,replace,chứ,chơ,Connectives/Aspect markers,lexicon_match
SENT_0192,SENT,PNT3,replace,bố,ba,Kinship/Honorific terms,lexicon_match
SENT_0192,SENT,PNT3,replace,thế nào,răng,Interrogatives,lexicon_match
SENT_0192,SENT,PNT4,insert,,chừ,Negation/Function words,lexicon_match
SENT_0192,SENT,PNT4,replace,thế nào,ri,Interrogatives,lexicon_match
SENT_0237,SENT,PNN,delete,rất,,Predicate vocabulary,lexicon_match
SENT_0237,SENT,PNN,replace,ông ấy,ổng,Pronouns,lexicon_match
SENT_0237,SENT,PNN,replace,không,hông,Negation/Function words,lexicon_match
SENT_0237,SENT,PNN,replace,không,hông,Negation/Function words,lexicon_match
SENT_0237,SENT,PNT1,replace,này,ni,Demonstratives/Deixis,lexicon_match
SENT_0237,SENT,PNT1,replace,ấy,nứ,Demonstratives/Deixis,lexicon_match
SENT_0237,SENT,PNT2,replace,nhìn thấy,chộ,Predicate vocabulary,lexicon_match
SENT_0237,SENT,PNT2,replace,này,ni,Demonstratives/Deixis,lexicon_match
SENT_0237,SENT,PNT2,replace,ấy,ni,Demonstratives/Deixis,lexicon_match
SENT_0237,SENT,PNT2,replace,không,nỏ,Negation/Function words,lexicon_match
SENT_0237,SENT,PNT3,replace,nhìn thấy,chộ,Predicate vocabulary,lexicon_match
SENT_0237,SENT,PNT3,replace,này,ni,Demonstratives/Deixis,lexicon_match
SENT_0237,SENT,PNT3,replace,ấy,ơ,Demonstratives/Deixis; Discourse particles,lexicon_match
SENT_0237,SENT,PNT4,replace,này,nớ,Demonstratives/Deixis,lexicon_match
SENT_0237,SENT,PNT4,replace,ấy,nớ,Demonstratives/Deixis,lexicon_match
SENT_0343,SENT,PNB,delete,vậy,,Demonstratives/Deixis,lexicon_match
SENT_0343,SENT,PNN,replace,nhỉ,ta,Discourse particles,lexicon_match
SENT_0343,SENT,PNT1,replace,này,ni,Demonstratives/Deixis,lexicon_match
SENT_0343,SENT,PNT1,replace,làm gì,mằn chi,Interrogatives,lexicon_match
SENT_0343,SENT,PNT3,replace,chứ,chơ,Connectives/Aspect markers,lexicon_match
SENT_0343,SENT,PNT3,replace,này,ni,Demonstratives/Deixis,lexicon_match
SENT_0343,SENT,PNT4,replace,này,ni,Demonstratives/Deixis,lexicon_match
SENT_0462,SENT,PNB,replace,không,chả,Negation/Function words,lexicon_match
SENT_0462,SENT,PNN,replace,thế này,vầy,Demonstratives/Deixis,lexicon_match
SENT_0462,SENT,PNN,replace,không,hông,Negation/Function words,lexicon_match
SENT_0462,SENT,PNT1,replace,tao,tau,Pronouns,lexicon_match
SENT_0462,SENT,PNT2,replace,lười,nhác,Predicate vocabulary,lexicon_match
SENT_0462,SENT,PNT3,replace,lười,nhác,Predicate vocabulary,lexicon_match
SENT_0462,SENT,PNT4,replace,tao,ta,Pronouns,lexicon_match
SENT_0462,SENT,PNT4,replace,thế này,ri,Demonstratives/Deixis,lexicon_match
SENT_0462,SENT,PNT4,replace,giờ,chừ,Negation/Function words,lexicon_match
SENT_0462,SENT,PNT4,insert,,ta,Pronouns,lexicon_match
SENT_0534,SENT,PNN,replace,thật quá,thiệt,Connectives/Aspect markers,lexicon_match
SENT_0534,SENT,PNN,insert,,dữ,Predicate vocabulary,lexicon_match
SENT_0534,SENT,PNN,replace,ấy,nấy,Demonstratives/Deixis,lexicon_match
SENT_0534,SENT,PNT1,replace,ấy,nấy,Demonstratives/Deixis,lexicon_match
SENT_0534,SENT,PNT2,replace,cái,ci,Negation/Function words,lexicon_match
SENT_0534,SENT,PNT2,insert,,ni,Demonstratives/Deixis,lexicon_match
SENT_0534,SENT,PNT2,replace,đó,nớ,Demonstratives/Deixis,lexicon_match
SENT_0534,SENT,PNT2,replace,nào,mô,Interrogatives; Negation/Function words,lexicon_match
SENT_0534,SENT,PNT2,replace,ấy,nớ,Demonstratives/Deixis,lexicon_match
SENT_0534,SENT,PNT2,replace,bây giờ,giừ,Negation/Function words,lexicon_match
SENT_0534,SENT,PNT2,replace,thế,rứa,Demonstratives/Deixis,lexicon_match
SENT_0534,SENT,PNT2,replace,sao,can chi,Interrogatives,lexicon_match
SENT_0534,SENT,PNT3,replace,cái,kì,Negation/Function words,lexicon_match
SENT_0534,SENT,PNT3,replace,thật,thiệt,Connectives/Aspect markers,lexicon_match
SENT_0534,SENT,PNT3,replace,này,rồi,Demonstratives/Deixis,lexicon_match
SENT_0534,SENT,PNT3,replace,đó,nớ,Demonstratives/Deixis,lexicon_match
SENT_0534,SENT,PNT3,replace,nào,mô,Interrogatives; Negation/Function words,lexicon_match
SENT_0534,SENT,PNT3,replace,ấy,nớ,Demonstratives/Deixis,lexicon_match
SENT_0534,SENT,PNT3,replace,bây giờ,chừ,Negation/Function words,lexicon_match
SENT_0534,SENT,PNT3,replace,thế,rứa,Demonstratives/Deixis,lexicon_match
SENT_0534,SENT,PNT3,replace,sao,răng,Interrogatives,lexicon_match
SENT_0534,SENT,PNT4,replace,này,ni,Demonstratives/Deixis,lexicon_match
SENT_0534,SENT,PNT4,replace,đó,nớ,Demonstratives/Deixis,lexicon_match
SENT_0534,SENT,PNT4,replace,nào,mô,Interrogatives,lexicon_match
SENT_0534,SENT,PNT4,replace,ấy,nớ,Demonstratives/Deixis,lexicon_match
SENT_0572,SENT,PNB,replace,răng,sao,Interrogatives,lexicon_match
SENT_0572,SENT,PNN,replace,răng,sao,Interrogatives,lexicon_match
SENT_0572,SENT,PNN,delete,nó,,Pronouns,lexicon_match
SENT_0572,SENT,PNN,replace,rứa,vậy,Demonstratives/Deixis,lexicon_match
SENT_0572,SENT,PNT2,replace,nhỉ,hè,Discourse particles,lexicon_match
SENT_0572,SENT,PNT2,replace,nó,hấn,Pronouns,lexicon_match
SENT_0572,SENT,PNT2,replace,nó,hấn,Pronouns,lexicon_match
SENT_0572,SENT,PNT2,replace,gì,chi,Interrogatives,lexicon_match
SENT_0572,SENT,PNT3,replace,nhỉ,hè,Discourse particles,lexicon_match
SENT_0572,SENT,PNT3,replace,nó,hắn,Pronouns,lexicon_match
SENT_0572,SENT,PNT3,delete,nó,,Pronouns,lexicon_match
SENT_0572,SENT,PNT3,replace,gì,chi,Interrogatives,lexicon_match
SENT_0572,SENT,PNT4,replace,to,bự,Predicate vocabulary,lexicon_match
SENT_0572,SENT,PNT4,replace,gì,chi,Interrogatives,lexicon_match
SENT_0626,SENT,PNT1,replace,tao,tau,Pronouns,lexicon_match
SENT_0626,SENT,PNT2,replace,nào,mô,Interrogatives; Negation/Function words,lexicon_match
SENT_0626,SENT,PNT2,replace,tao,tau,Pronouns,lexicon_match
SENT_0626,SENT,PNT3,replace,nào,mô,Interrogatives; Negation/Function words,lexicon_match
SENT_0626,SENT,PNT3,replace,tao,tau,Pronouns,lexicon_match
SENT_0626,SENT,PNT4,replace,tao,ta,Pronouns,lexicon_match
SENT_0696,SENT,PNN,replace,tôi,tui,Pronouns,lexicon_match
SENT_0696,SENT,PNN,replace,không,hông,Negation/Function words,lexicon_match
SENT_0696,SENT,PNN,replace,tôi,tui,Pronouns,lexicon_match
SENT_0696,SENT,PNT3,replace,tôi,tau,Pronouns,lexicon_match
SENT_0696,SENT,PNT3,replace,này,ni,Demonstratives/Deixis,lexicon_match
SENT_0696,SENT,PNT3,insert,,mô,Interrogatives; Negation/Function words,lexicon_match
SENT_0696,SENT,PNT3,replace,nó,hắn,Pronouns,lexicon_match
SENT_0696,SENT,PNT3,replace,tao,tau,Pronouns,lexicon_match
SENT_0696,SENT,PNT4,replace,tôi,ta,Pronouns,lexicon_match
SENT_0696,SENT,PNT4,replace,này,ni ak,Demonstratives/Deixis,lexicon_match
SENT_0696,SENT,PNT4,replace,nó,hén,Pronouns,lexicon_match
SENT_0696,SENT,PNT4,replace,tao lại,ta,Pronouns,lexicon_match
SENT_0696,SENT,PNT4,insert,,coi,Predicate vocabulary,lexicon_match
SENT_0696,SENT,PNT4,replace,tôi,ta,Pronouns,lexicon_match
SENT_0814,SENT,PNB,replace,gì,sao,Interrogatives,lexicon_match
SENT_0814,SENT,PNT2,replace,này,ni,Demonstratives/Deixis,lexicon_match
SENT_0814,SENT,PNT3,insert,,kì,Negation/Function words,lexicon_match
SENT_0814,SENT,PNT3,replace,không,nỏ,Negation/Function words,lexicon_match
SENT_0814,SENT,PNT3,replace,này,ni,Demonstratives/Deixis,lexicon_match
SENT_0814,SENT,PNT3,replace,thật,thiệt,Connectives/Aspect markers,lexicon_match
SENT_0814,SENT,PNT4,replace,thế này,tri,Demonstratives/Deixis,lexicon_match
SENT_0835,SENT,PNN,replace,kia,đó,Demonstratives/Deixis,lexicon_match
SENT_0835,SENT,PNN,replace,không,hông,Negation/Function words,lexicon_match
SENT_0835,SENT,PNT2,replace,nó,hấn,Pronouns,lexicon_match
SENT_0835,SENT,PNT2,replace,sao,răng,Interrogatives,lexicon_match
SENT_0835,SENT,PNT2,replace,kia,tê,Demonstratives/Deixis; Pronouns,lexicon_match
SENT_0835,SENT,PNT3,replace,nó,trời,Pronouns,lexicon_match
SENT_0835,SENT,PNT3,replace,sao,răng,Interrogatives,lexicon_match
SENT_0835,SENT,PNT3,replace,không,nỏ,Negation/Function words,lexicon_match
SENT_0835,SENT,PNT3,insert,,chi,Interrogatives,lexicon_match
SENT_0895,SENT,PNT3,replace,làm,mần,Predicate vocabulary,lexicon_match
SENT_0895,SENT,PNT3,replace,vậy,rứa,Demonstratives/Deixis,lexicon_match
SENT_0895,SENT,PNT4,replace,vậy,rứa,Demonstratives/Deixis,lexicon_match
SENT_0958,SENT,PNT2,replace,nào,mô,Interrogatives; Negation/Function words,lexicon_match
SENT_0958,SENT,PNT3,replace,tao,tau,Pronouns,lexicon_match
SENT_0958,SENT,PNT3,replace,gái,cấy,Negation/Function words,lexicon_match
SENT_0958,SENT,PNT3,replace,tao,tau,Pronouns,lexicon_match
SENT_0958,SENT,PNT3,replace,nào,mô,Interrogatives; Negation/Function words,lexicon_match
SENT_1093,SENT,PNT2,replace,không,nỏ,Negation/Function words,lexicon_match
SENT_1093,SENT,PNT3,replace,không,nỏ,Negation/Function words,lexicon_match
SENT_1093,SENT,PNT3,replace,này,ni,Demonstratives/Deixis,lexicon_match
SENT_1093,SENT,PNT3,replace,thật đấy,thiệt,Connectives/Aspect markers,lexicon_match
SENT_1098,SENT,PNT3,replace,sao,răng,Interrogatives,lexicon_match
SENT_1098,SENT,PNT4,replace,sao,ren,Interrogatives,lexicon_match
SENT_1146,SENT,PNT3,replace,tao,tau,Pronouns,lexicon_match
SENT_1146,SENT,PNT3,replace,nên,bơ,Connectives/Aspect markers,lexicon_match
SENT_1146,SENT,PNT3,replace,chứ,chơ răng,Connectives/Aspect markers,lexicon_match
SENT_1146,SENT,PNT4,replace,tao,ta,Pronouns,lexicon_match
SENT_1146,SENT,PNT4,replace,tao,ta,Pronouns,lexicon_match
SENT_1146,SENT,PNT4,replace,tao,ta,Pronouns,lexicon_match
SENT_1161,SENT,PNT2,replace,này,ni,Demonstratives/Deixis,lexicon_match
SENT_1161,SENT,PNT2,replace,không,nỏ,Negation/Function words,lexicon_match
SENT_1161,SENT,PNT2,replace,tao,tau,Pronouns,lexicon_match
SENT_1161,SENT,PNT3,replace,này,ri,Demonstratives/Deixis,lexicon_match
SENT_1161,SENT,PNT3,replace,không,nỏ,Negation/Function words,lexicon_match
SENT_1161,SENT,PNT3,replace,xem,răng,Interrogatives,lexicon_match
SENT_1161,SENT,PNT3,replace,tao,tau,Pronouns,lexicon_match
SENT_1161,SENT,PNT3,insert,,kì,Negation/Function words,lexicon_match
SENT_1161,SENT,PNT4,replace,này,ni,Demonstratives/Deixis,lexicon_match
SENT_1161,SENT,PNT4,replace,xem,coi,Predicate vocabulary,lexicon_match
SENT_1161,SENT,PNT4,replace,tao,ta,Pronouns,lexicon_match
SENT_1172,SENT,PNT4,replace,vậy,dậy,Demonstratives/Deixis,lexicon_match
SENT_1192,SENT,PNT3,delete,nhé,,Discourse particles,lexicon_match
SENT_1192,SENT,PNT3,replace,tao,tau,Pronouns,lexicon_match
SENT_1192,SENT,PNT3,replace,đấy,đó,Discourse particles,lexicon_match
SENT_1192,SENT,PNT4,delete,bố,,Kinship/Honorific terms,lexicon_match
SENT_1192,SENT,PNT4,replace,đấy,đó,Demonstratives/Deixis,lexicon_match
SENT_1222,SENT,PNT3,replace,tao,tau,Pronouns,lexicon_match
SENT_1222,SENT,PNT3,replace,làm,mần,Predicate vocabulary,lexicon_match
SENT_1222,SENT,PNT3,replace,tao,tau,Pronouns,lexicon_match
SENT_1222,SENT,PNT3,replace,tao,tau còn,Pronouns,lexicon_match
SENT_1222,SENT,PNT3,replace,tao,tay,Pronouns,lexicon_match
SENT_1222,SENT,PNT4,replace,tao,ta,Pronouns,lexicon_match
SENT_1222,SENT,PNT4,replace,không,chả,Negation/Function words,lexicon_match
SENT_1222,SENT,PNT4,replace,gì,chi,Interrogatives,lexicon_match
MCQA_0013_3,MCQA,PNN,replace,giúp mẹ,phụ má,Kinship/Honorific terms,alignment_labeled
MCQA_0013_3,MCQA,PNN,replace,việc,chuyện,Predicate vocabulary,alignment_labeled
MCQA_0013_3,MCQA,PNN,replace,mẹ,má,Kinship/Honorific terms,alignment_labeled
MCQA_0013_3,MCQA,PNN,replace,bố,ba,Kinship/Honorific terms,alignment_labeled
MCQA_0013_3,MCQA,PNN,replace,và,với,Connectives/Aspect markers,alignment_labeled
MCQA_0013_3,MCQA,PNT3,replace,và,với,Connectives/Aspect markers,alignment_labeled
MCQA_0013_3,MCQA,PNT3,replace,và,với,Connectives/Aspect markers,alignment_labeled
MCQA_0013_4,MCQA,PNB,replace,thời điểm,lúc,Connectives/Aspect markers,alignment_labeled
MCQA_0013_4,MCQA,PNN,replace,bố,ba,Kinship/Honorific terms,alignment_labeled
MCQA_0013_4,MCQA,PNN,replace,mẹ,má,Kinship/Honorific terms,alignment_labeled
MCQA_0013_4,MCQA,PNN,replace,mẹ,má,Kinship/Honorific terms,alignment_labeled
MCQA_0013_4,MCQA,PNT2,replace,vào,vô,Connectives/Aspect markers,alignment_labeled
MCQA_0013_4,MCQA,PNT3,replace,bố vào thời điểm nào,ba khi mô,Interrogatives,alignment_labeled
MCQA_0013_4,MCQA,PNT3,replace,và,với,Connectives/Aspect markers,alignment_labeled
MCQA_0014_1,MCQA,PNN,replace,bố,ba,Kinship/Honorific terms,alignment_labeled
MCQA_0014_1,MCQA,PNT1,replace,mùa hè,mù hiè,Predicate vocabulary,alignment_labeled
MCQA_0014_1,MCQA,PNT1,replace,chùa,chù,Predicate vocabulary,alignment_labeled
MCQA_0014_1,MCQA,PNT1,replace,leo,lieo,Predicate vocabulary,alignment_labeled
MCQA_0014_1,MCQA,PNT1,replace,biển,bỉn,Predicate vocabulary,alignment_labeled
MCQA_0014_1,MCQA,PNT3,replace,cùng bố,với bọ,Kinship/Honorific terms,alignment_labeled
MCQA_0014_1,MCQA,PNT3,replace,rừng,rú,Predicate vocabulary,alignment_labeled
MCQA_0016_0,MCQA,PNB,replace,dịu cơn,đỡ,Predicate vocabulary,alignment_labeled
MCQA_0016_0,MCQA,PNN,replace,vào,vô,Connectives/Aspect markers,alignment_labeled
MCQA_0016_0,MCQA,PNN,replace,hoa,bông,Predicate vocabulary,alignment_labeled
MCQA_0016_0,MCQA,PNN,replace,vào,hồi,Connectives/Aspect markers,alignment_labeled
MCQA_0016_0,MCQA,PNN,replace,hoa,bông,Predicate vocabulary,alignment_labeled
MCQA_0016_0,MCQA,PNN,replace,mẹ,má,Kinship/Honorific terms,alignment_labeled
MCQA_0016_0,MCQA,PNN,replace,hoa,bông,Predicate vocabulary,alignment_labeled
MCQA_0016_0,MCQA,PNN,replace,bố,ba,Kinship/Honorific terms,alignment_labeled
MCQA_0016_0,MCQA,PNN,replace,bố,ba,Kinship/Honorific terms,alignment_labeled
MCQA_0016_0,MCQA,PNT1,replace,gì,cái chi,Interrogatives,alignment_labeled
MCQA_0016_0,MCQA,PNT1,replace,dịu,bớt,Predicate vocabulary,alignment_labeled
MCQA_0016_0,MCQA,PNT2,replace,vào,vô,Connectives/Aspect markers,alignment_labeled
MCQA_0016_0,MCQA,PNT2,replace,vì,tại,Connectives/Aspect markers,alignment_labeled
MCQA_0016_5,MCQA,PNT2,replace,lầm,nhầm,Predicate vocabulary,alignment_labeled
MCQA_0016_5,MCQA,PNT3,replace,lầm,nhầm,Predicate vocabulary,alignment_labeled
MCQA_0018_4,MCQA,PNN,replace,khi,lúc,Connectives/Aspect markers,alignment_labeled
MCQA_0018_4,MCQA,PNN,replace,thông tin,chuyện,Predicate vocabulary,alignment_labeled
MCQA_0018_4,MCQA,PNT1,replace,như thế nào,răng,Interrogatives,alignment_labeled
MCQA_0018_4,MCQA,PNT1,replace,gì,chi,Interrogatives,alignment_labeled
MCQA_0018_4,MCQA,PNT2,replace,như thế nào,a răng,Interrogatives,alignment_labeled
MCQA_0018_6,MCQA,PNN,replace,các,mấy,Demonstratives/Deixis,alignment_labeled
MCQA_0018_6,MCQA,PNN,replace,cáu,quạu,Predicate vocabulary,alignment_labeled
MCQA_0018_6,MCQA,PNT1,replace,như thế nào,răng,Interrogatives,alignment_labeled
MCQA_0018_6,MCQA,PNT2,replace,các,mấy,Demonstratives/Deixis,alignment_labeled
MCQA_0018_6,MCQA,PNT2,replace,như thế nào,a răng,Interrogatives,alignment_labeled
MCQA_0018_6,MCQA,PNT3,replace,các vị,mấy người,Demonstratives/Deixis,alignment_labeled
MCQA_0018_6,MCQA,PNT3,replace,cáu,đóa,Predicate vocabulary,alignment_labeled
MCQA_0020_1,MCQA,PNB,replace,thời,tuổi,Predicate vocabulary,alignment_labeled
MCQA_0020_1,MCQA,PNT1,replace,bó với,bóa vứi,Predicate vocabulary,alignment_labeled
MCQA_0020_1,MCQA,PNT2,replace,gì đã,chi đạ,Interrogatives,alignment_labeled
MCQA_0020_1,MCQA,PNT3,replace,gì đã,chi đạ,Interrogatives,alignment_labeled
MCQA_0020_1,MCQA,PNT3,replace,ấy của,ấu cụa,Demonstratives/Deixis,alignment_labeled
MCQA_0020_2,MCQA,PNT1,replace,miêu,miu,Predicate vocabulary,alignment_labeled
MCQA_0020_2,MCQA,PNT2,replace,giữa,giửa,Predicate vocabulary,alignment_labeled
MCQA_0020_2,MCQA,PNT3,replace,cây,cơn,Predicate vocabulary,alignment_labeled
MCQA_0020_2,MCQA,PNT4,replace,như thế nào,ra ren,Interrogatives,alignment_labeled
MCQA_0020_2,MCQA,PNT4,replace,cả,nguyên,Demonstratives/Deixis,alignment_labeled
MCQA_0025_10,MCQA,PNT1,replace,nói gì,nuối chi,Interrogatives,alignment_labeled
MCQA_0025_10,MCQA,PNT4,replace,ạ thế,rứa,Interrogatives,alignment_labeled
MCQA_0025_9,MCQA,PNN,replace,khi,lúc,Connectives/Aspect markers,alignment_labeled
MCQA_0025_9,MCQA,PNN,replace,định,tính,Predicate vocabulary,alignment_labeled
MCQA_0025_9,MCQA,PNT1,replace,như thế nào,răng,Interrogatives,alignment_labeled
MCQA_0025_9,MCQA,PNT1,replace,nuối,núi,Predicate vocabulary,alignment_labeled
MCQA_0025_9,MCQA,PNT2,replace,như thế nào,a răng,Interrogatives,alignment_labeled
MCQA_0025_9,MCQA,PNT3,replace,bảo,nói,Predicate vocabulary,alignment_labeled
MCQA_0030_1,MCQA,PNN,replace,van xin,năn nỉ,Predicate vocabulary,alignment_labeled
MCQA_0030_1,MCQA,PNN,replace,về điều,nghe chuyện,Discourse particles,alignment_labeled
MCQA_0030_1,MCQA,PNN,replace,thức,đồ,Predicate vocabulary,alignment_labeled
MCQA_0030_1,MCQA,PNT1,replace,sẽ nói cho,sĩa nuối choa,Pronouns,alignment_labeled
MCQA_0030_1,MCQA,PNT1,replace,gì,chi,Interrogatives,alignment_labeled
MCQA_0030_1,MCQA,PNT4,replace,rời,đi,Predicate vocabulary,alignment_labeled
MCQA_0030_3,MCQA,PNB,replace,gàn dở,ngớ ngẩn,Predicate vocabulary,alignment_labeled
MCQA_0030_3,MCQA,PNN,replace,mắng,la,Predicate vocabulary,alignment_labeled
MCQA_0030_3,MCQA,PNN,replace,chẳng,hông có,Negation/Function words,alignment_labeled
MCQA_0030_3,MCQA,PNT1,replace,gì,chi,Interrogatives,alignment_labeled
MCQA_0030_3,MCQA,PNT2,replace,bản,xóm,Predicate vocabulary,alignment_labeled
MCQA_0030_3,MCQA,PNT2,replace,gì đã,chi đạ,Interrogatives,alignment_labeled
MCQA_0030_3,MCQA,PNT2,replace,gàn dở,bị điên,Predicate vocabulary,alignment_labeled
MCQA_0030_3,MCQA,PNT3,replace,vợ chồng,cấy dông,Kinship/Honorific terms,alignment_labeled
MCQA_0030_3,MCQA,PNT3,replace,và làm theo,rồi mần dọi,Connectives/Aspect markers,alignment_labeled
MCQA_0030_3,MCQA,PNT3,replace,vợ chồng,cấy dông,Kinship/Honorific terms,alignment_labeled
MCQA_0030_3,MCQA,PNT3,replace,làm theo,mần dọi,Predicate vocabulary,alignment_labeled
MCQA_0036_5,MCQA,PNN,replace,bát,chén,Predicate vocabulary,alignment_labeled
MCQA_0036_5,MCQA,PNN,replace,bát,chén,Predicate vocabulary,alignment_labeled
MCQA_0036_5,MCQA,PNN,replace,bát,chén,Predicate vocabulary,alignment_labeled
MCQA_0036_5,MCQA,PNN,replace,bát,chén,Predicate vocabulary,alignment_labeled
MCQA_0036_5,MCQA,PNN,replace,bát,chén,Predicate vocabulary,alignment_labeled
MCQA_0036_5,MCQA,PNN,replace,bát,chén,Predicate vocabulary,alignment_labeled
MCQA_0036_5,MCQA,PNT1,replace,hỏi,huổi,Predicate vocabulary,alignment_labeled
MCQA_0036_5,MCQA,PNT1,replace,gì,chi,Interrogatives,alignment_labeled
MCQA_0036_5,MCQA,PNT1,replace,như thế nào,răng,Interrogatives,alignment_labeled
MCQA_0036_5,MCQA,PNT2,replace,như thế nào,a răng,Interrogatives,alignment_labeled
MCQA_0036_5,MCQA,PNT3,replace,cậu,thằng,Pronouns,alignment_labeled
MCQA_0036_5,MCQA,PNT3,replace,điều gì,cấy chi,Interrogatives,alignment_labeled
MCQA_0036_5,MCQA,PNT3,replace,bát nào,chén mô,Interrogatives,alignment_labeled
MCQA_0036_5,MCQA,PNT3,replace,bát,chén,Predicate vocabulary,alignment_labeled
MCQA_0036_5,MCQA,PNT3,replace,bát nào,chén mô,Interrogatives,alignment_labeled
MCQA_0036_5,MCQA,PNT3,replace,bát,chén,Predicate vocabulary,alignment_labeled
MCQA_0036_5,MCQA,PNT3,replace,bát nào,chén mô,Interrogatives,alignment_labeled
MCQA_0036_5,MCQA,PNT3,replace,bát nào,chén mô,Interrogatives,alignment_labeled
MCQA_0036_5,MCQA,PNT3,replace,và,với,Connectives/Aspect markers,alignment_labeled
MCQA_0037_2,MCQA,PNN,replace,ông bố,ba,Kinship/Honorific terms,alignment_labeled
MCQA_0037_2,MCQA,PNN,replace,mẹ nhé,má nhen,Kinship/Honorific terms,alignment_labeled
MCQA_0037_2,MCQA,PNN,replace,mẹ,má,Kinship/Honorific terms,alignment_labeled
MCQA_0037_2,MCQA,PNN,replace,mẹ,má,Kinship/Honorific terms,alignment_labeled
MCQA_0037_2,MCQA,PNN,replace,lại,về,Connectives/Aspect markers,alignment_labeled
MCQA_0037_2,MCQA,PNN,replace,mẹ và,má rồi,Kinship/Honorific terms,alignment_labeled
MCQA_0037_2,MCQA,PNN,replace,bố,ba,Kinship/Honorific terms,alignment_labeled
MCQA_0037_2,MCQA,PNT1,replace,gì,chi,Interrogatives,alignment_labeled
MCQA_0037_2,MCQA,PNT1,replace,nghe,nghie,Predicate vocabulary,alignment_labeled
MCQA_0037_2,MCQA,PNT2,replace,đã làm gì,đạ mần chi,Interrogatives,alignment_labeled
MCQA_0037_2,MCQA,PNT3,replace,và,rồi,Connectives/Aspect markers,alignment_labeled
MCQA_0037_2,MCQA,PNT4,replace,nhé,nghe,Discourse particles,alignment_labeled
MCQA_0037_4,MCQA,PNN,replace,đến,tới,Connectives/Aspect markers,alignment_labeled
MCQA_0037_4,MCQA,PNT1,replace,nghe người,nghie ngừi,Predicate vocabulary,alignment_labeled
MCQA_0037_4,MCQA,PNT1,replace,điện,địn,Predicate vocabulary,alignment_labeled
MCQA_0037_4,MCQA,PNT2,replace,sao không,răng nỏ,Interrogatives,alignment_labeled
MCQA_0037_4,MCQA,PNT3,replace,tại sao,vì răng,Interrogatives,alignment_labeled
MCQA_0037_4,MCQA,PNT3,replace,nói chuyện,gọi,Predicate vocabulary,alignment_labeled
MCQA_0037_4,MCQA,PNT4,replace,đến,tới,Connectives/Aspect markers,alignment_labeled
MCQA_0039_4,MCQA,PNN,replace,khi,lúc,Connectives/Aspect markers,alignment_labeled
MCQA_0039_4,MCQA,PNN,replace,gấp gáp,rốp rẻng,Predicate vocabulary,alignment_labeled
MCQA_0039_4,MCQA,PNN,replace,các,mấy,Demonstratives/Deixis,alignment_labeled
MCQA_0039_4,MCQA,PNN,replace,đến,tới,Connectives/Aspect markers,alignment_labeled
MCQA_0039_4,MCQA,PNN,replace,các,mấy,Demonstratives/Deixis,alignment_labeled
MCQA_0039_4,MCQA,PNN,replace,nấp mau,núp lẹ,Predicate vocabulary,alignment_labeled
MCQA_0039_4,MCQA,PNT1,replace,mẹ,miẹ,Kinship/Honorific terms,alignment_labeled
MCQA_0039_4,MCQA,PNT1,replace,liên,lin,Predicate vocabulary,alignment_labeled
MCQA_0039_4,MCQA,PNT1,replace,gì,chi,Interrogatives,alignment_labeled
MCQA_0039_4,MCQA,PNT1,replace,ngon,ngoan,Predicate vocabulary,alignment_labeled
MCQA_0039_4,MCQA,PNT1,replace,gì,chi,Interrogatives,alignment_labeled
MCQA_0039_4,MCQA,PNT1,replace,hiểm,hỉm,Predicate vocabulary,alignment_labeled
MCQA_0039_4,MCQA,PNT1,replace,con kiếm,coan kím,Kinship/Honorific terms,alignment_labeled
MCQA_0039_4,MCQA,PNT3,replace,các con,mấy đứa,Pronouns,alignment_labeled
MCQA_0039_4,MCQA,PNT3,replace,các con,mấy đứa,Pronouns,alignment_labeled
MCQA_0039_4,MCQA,PNT3,replace,tai họa nấp,nguy hiểm trốn,Idiomatic expressions,alignment_labeled
MCQA_0039_4,MCQA,PNT4,replace,nấp mau,núp nhanh,Predicate vocabulary,alignment_labeled
MCQA_0041_5,MCQA,PNB,replace,cặp,gắp,Predicate vocabulary,alignment_labeled
MCQA_0041_5,MCQA,PNB,replace,trách,cười,Predicate vocabulary,alignment_labeled
MCQA_0041_5,MCQA,PNN,replace,quả,trái,Predicate vocabulary,alignment_labeled
MCQA_0041_5,MCQA,PNN,replace,nhặt quả,luợm trái,Predicate vocabulary,alignment_labeled
MCQA_0041_5,MCQA,PNN,replace,quả,trái,Predicate vocabulary,alignment_labeled
MCQA_0041_5,MCQA,PNN,replace,chê trách,quở,Predicate vocabulary,alignment_labeled
MCQA_0041_5,MCQA,PNT1,replace,lười biếng,lừi bíng,Predicate vocabulary,alignment_labeled
MCQA_0041_5,MCQA,PNT1,replace,như thế nào,răng,Interrogatives,alignment_labeled
MCQA_0041_5,MCQA,PNT1,replace,bỏ vào,bỏa vô,Connectives/Aspect markers,alignment_labeled
MCQA_0041_5,MCQA,PNT1,replace,vào,vô,Connectives/Aspect markers,alignment_labeled
MCQA_0041_5,MCQA,PNT2,replace,này như thế nào,ni a răng,Interrogatives,alignment_labeled
MCQA_0041_5,MCQA,PNT2,replace,vào,vô,Connectives/Aspect markers,alignment_labeled
MCQA_0041_5,MCQA,PNT2,replace,vào,vô,Connectives/Aspect markers,alignment_labeled
MCQA_0041_5,MCQA,PNT3,replace,vào,vô,Connectives/Aspect markers,alignment_labeled
MCQA_0041_5,MCQA,PNT3,replace,vào,vô,Connectives/Aspect markers,alignment_labeled
MCQA_0041_5,MCQA,PNT4,replace,này như thế nào,ni ra ren,Interrogatives,alignment_labeled
MCQA_0041_5,MCQA,PNT4,replace,dùng,lấy,Predicate vocabulary,alignment_labeled
MCQA_0041_5,MCQA,PNT4,replace,cặp,gắp,Predicate vocabulary,alignment_labeled
MCQA_0041_5,MCQA,PNT4,replace,dùng,lấy,Predicate vocabulary,alignment_labeled
MCQA_0041_7,MCQA,PNB,replace,siêng năng,chăm chỉ,Predicate vocabulary,alignment_labeled
MCQA_0041_7,MCQA,PNN,replace,lười thế,làm biếng vậy,Demonstratives/Deixis,alignment_labeled
MCQA_0041_7,MCQA,PNN,replace,lười,làm biếng,Predicate vocabulary,alignment_labeled
MCQA_0041_7,MCQA,PNN,replace,đáng buồn,mắc,Predicate vocabulary,alignment_labeled
MCQA_0041_7,MCQA,PNN,replace,chàng lười,ảnh làm biếng mà,Pronouns,alignment_labeled
MCQA_0041_7,MCQA,PNN,replace,chàng lười,ảnh làm biếng mà,Pronouns,alignment_labeled
MCQA_0041_7,MCQA,PNN,replace,chàng lười,ảnh làm biếng mà,Pronouns,alignment_labeled
MCQA_0041_7,MCQA,PNN,replace,lười,làm biếng,Predicate vocabulary,alignment_labeled
MCQA_0041_7,MCQA,PNN,replace,vì,tại anh,Connectives/Aspect markers,alignment_labeled
MCQA_0041_7,MCQA,PNN,replace,lười,làm biếng,Predicate vocabulary,alignment_labeled
MCQA_0041_7,MCQA,PNT1,replace,lười,nhác,Predicate vocabulary,alignment_labeled
MCQA_0041_7,MCQA,PNT1,replace,lười,nhác,Predicate vocabulary,alignment_labeled
MCQA_0041_7,MCQA,PNT1,replace,lười,nhác,Predicate vocabulary,alignment_labeled
MCQA_0041_7,MCQA,PNT1,replace,lười,nhác,Predicate vocabulary,alignment_labeled
MCQA_0041_7,MCQA,PNT2,replace,"""người đâu","""ngài mô",Interrogatives,alignment_labeled
MCQA_0041_7,MCQA,PNT2,replace,lười thế,nhác rứa,Interrogatives,alignment_labeled
MCQA_0042_2,MCQA,PNB,replace,ta,mình,Pronouns,alignment_labeled
MCQA_0042_2,MCQA,PNN,replace,thật không,thiệt hông,Discourse particles,alignment_labeled
MCQA_0042_2,MCQA,PNN,replace,thật đáng thương,ên thiệt tội nghiệp,Discourse particles,alignment_labeled
MCQA_0042_2,MCQA,PNT1,replace,em,eim,Pronouns,alignment_labeled
MCQA_0042_2,MCQA,PNT2,replace,mình,chắc,Pronouns,alignment_labeled
MCQA_0042_2,MCQA,PNT2,replace,mình,chắc,Pronouns,alignment_labeled
MCQA_0042_2,MCQA,PNT2,replace,thân một mình,chắc,Pronouns,alignment_labeled
MCQA_0042_2,MCQA,PNT3,replace,ta,mình,Pronouns,alignment_labeled
MCQA_0042_7,MCQA,PNN,replace,việc,chuyện,Predicate vocabulary,alignment_labeled
MCQA_0042_7,MCQA,PNN,replace,rằng,là,Predicate vocabulary,alignment_labeled
MCQA_0042_7,MCQA,PNN,replace,như thế nào,ra sao,Interrogatives,alignment_labeled
MCQA_0042_7,MCQA,PNT1,replace,toán,tón,Predicate vocabulary,alignment_labeled
MCQA_0042_7,MCQA,PNT1,replace,thương,thưng,Predicate vocabulary,alignment_labeled
MCQA_0042_7,MCQA,PNT2,replace,như thế nào,a răng,Interrogatives,alignment_labeled
MCQA_0042_7,MCQA,PNT3,replace,mình,miềng,Pronouns,alignment_labeled
MCQA_0042_7,MCQA,PNT3,replace,người kia mới,đứa tê,Pronouns,alignment_labeled
MCQA_0043_3,MCQA,PNB,replace,hão huyền,viển vông,Predicate vocabulary,alignment_labeled
MCQA_0043_3,MCQA,PNB,replace,đám,mảnh,Predicate vocabulary,alignment_labeled
MCQA_0043_3,MCQA,PNN,replace,người cha,ba,Kinship/Honorific terms,alignment_labeled
MCQA_0043_3,MCQA,PNN,replace,mảnh,miếng,Predicate vocabulary,alignment_labeled
MCQA_0043_3,MCQA,PNN,replace,mảnh,miếng,Predicate vocabulary,alignment_labeled
MCQA_0043_3,MCQA,PNN,replace,mảnh,miếng,Predicate vocabulary,alignment_labeled
MCQA_0043_3,MCQA,PNT1,replace,gì,chi,Interrogatives,alignment_labeled
MCQA_0043_3,MCQA,PNT1,replace,hương,hưng,Predicate vocabulary,alignment_labeled
MCQA_0043_3,MCQA,PNT1,replace,đuổi,đủi,Predicate vocabulary,alignment_labeled
MCQA_0043_3,MCQA,PNT1,replace,phiên,phin,Predicate vocabulary,alignment_labeled
MCQA_0043_3,MCQA,PNT2,replace,đã làm gì,đạ mần chi,Interrogatives,alignment_labeled
MCQA_0043_3,MCQA,PNT3,replace,chẳng,nọ,Negation/Function words,alignment_labeled
MCQA_0043_4,MCQA,PNN,replace,cha,ba,Kinship/Honorific terms,alignment_labeled
MCQA_0043_4,MCQA,PNN,replace,thuê,mướn,Predicate vocabulary,alignment_labeled
MCQA_0043_4,MCQA,PNN,replace,thuê,mướn,Predicate vocabulary,alignment_labeled
MCQA_0043_4,MCQA,PNT1,replace,gì,chi,Interrogatives,alignment_labeled
MCQA_0043_4,MCQA,PNT1,replace,họ,bọn hấn,Pronouns,alignment_labeled
MCQA_0043_4,MCQA,PNT1,replace,họ,bọn hấn,Pronouns,alignment_labeled
MCQA_0043_4,MCQA,PNT1,replace,họ,bọn hấn,Pronouns,alignment_labeled
MCQA_0043_4,MCQA,PNT1,replace,họ,bọn hấn,Pronouns,alignment_labeled
MCQA_0043_4,MCQA,PNT2,replace,người,đứa,Pronouns,alignment_labeled
MCQA_0047_2,MCQA,PNB,replace,mẩu,mảnh,Predicate vocabulary,alignment_labeled
MCQA_0047_2,MCQA,PNN,replace,vào,vô,Connectives/Aspect markers,alignment_labeled
MCQA_0047_2,MCQA,PNN,replace,bẩn,dơ,Predicate vocabulary,alignment_labeled
MCQA_0047_2,MCQA,PNN,replace,những,mấy,Demonstratives/Deixis,alignment_labeled
MCQA_0047_2,MCQA,PNT2,replace,vào,vô,Connectives/Aspect markers,alignment_labeled
MCQA_0047_2,MCQA,PNT2,replace,hôm nay,bữa ni,Demonstratives/Deixis,alignment_labeled
MCQA_0047_2,MCQA,PNT3,replace,vào,vô,Connectives/Aspect markers,alignment_labeled
MCQA_0047_2,MCQA,PNT3,replace,hôm nay,bữa ni,Demonstratives/Deixis,alignment_labeled
MCQA_0047_2,MCQA,PNT3,replace,những mẩu,mớ,Demonstratives/Deixis,alignment_labeled
MCQA_0047_2,MCQA,PNT4,replace,vào,vô,Connectives/Aspect markers,alignment_labeled
MCQA_0047_2,MCQA,PNT4,replace,hôm nay,bữa ni,Demonstratives/Deixis,alignment_labeled
MCQA_0047_4,MCQA,PNB,replace,mẫu,mảnh,Predicate vocabulary,alignment_labeled
MCQA_0047_4,MCQA,PNB,replace,mẩu,mảnh,Predicate vocabulary,alignment_labeled
MCQA_0047_4,MCQA,PNB,replace,mẩu,mảnh,Predicate vocabulary,alignment_labeled
MCQA_0047_4,MCQA,PNN,replace,khi,lúc,Connectives/Aspect markers,alignment_labeled
MCQA_0047_4,MCQA,PNN,replace,yêu cầu,biểu,Predicate vocabulary,alignment_labeled
MCQA_0047_4,MCQA,PNN,replace,mẩu,miếng,Predicate vocabulary,alignment_labeled
MCQA_0047_4,MCQA,PNN,replace,mẩu,miếng,Predicate vocabulary,alignment_labeled
MCQA_0047_4,MCQA,PNT1,replace,mẫu,mẩu,Predicate vocabulary,alignment_labeled
MCQA_0047_4,MCQA,PNT1,replace,gì,chi,Interrogatives,alignment_labeled
MCQA_0047_4,MCQA,PNT2,replace,mẫu,mẩu,Predicate vocabulary,alignment_labeled
MCQA_0047_4,MCQA,PNT3,replace,mẫu,méng,Predicate vocabulary,alignment_labeled
MCQA_0047_4,MCQA,PNT3,replace,mẩu,méng,Predicate vocabulary,alignment_labeled
MCQA_0047_4,MCQA,PNT3,replace,mẩu,méng,Predicate vocabulary,alignment_labeled
MCQA_0047_4,MCQA,PNT4,replace,mẫu,miếng,Predicate vocabulary,alignment_labeled
MCQA_0047_4,MCQA,PNT4,replace,gì cả,chi nguyên,Interrogatives,alignment_labeled
MCQA_0047_4,MCQA,PNT4,replace,lạ,cục,Predicate vocabulary,alignment_labeled
MCQA_0047_4,MCQA,PNT4,replace,lạ,cục,Predicate vocabulary,alignment_labeled
MCQA_0047_4,MCQA,PNT4,replace,mẩu,miếng,Predicate vocabulary,alignment_labeled
MCQA_0048_2,MCQA,PNN,replace,mẹ,má,Kinship/Honorific terms,alignment_labeled
MCQA_0048_2,MCQA,PNN,replace,mẹ,má,Kinship/Honorific terms,alignment_labeled
MCQA_0048_2,MCQA,PNN,replace,mẹ,má,Kinship/Honorific terms,alignment_labeled
MCQA_0048_2,MCQA,PNN,replace,mẹ,má,Kinship/Honorific terms,alignment_labeled
MCQA_0048_2,MCQA,PNN,replace,mẹ bật,má mở,Kinship/Honorific terms,alignment_labeled
MCQA_0048_2,MCQA,PNT3,replace,mình,miềng,Pronouns,alignment_labeled
MCQA_0048_2,MCQA,PNT3,replace,và,với,Connectives/Aspect markers,alignment_labeled
MCQA_0048_2,MCQA,PNT4,replace,mẹ bật,má mở,Kinship/Honorific terms,alignment_labeled
MCQA_0048_5,MCQA,PNN,replace,người mẹ,má,Kinship/Honorific terms,alignment_labeled
MCQA_0048_5,MCQA,PNN,replace,người mẹ,má,Kinship/Honorific terms,alignment_labeled
MCQA_0048_5,MCQA,PNN,replace,oi bức,nóng nực,Predicate vocabulary,alignment_labeled
MCQA_0048_5,MCQA,PNN,replace,người mẹ,má,Kinship/Honorific terms,alignment_labeled
MCQA_0048_5,MCQA,PNN,replace,chăn,mền,Predicate vocabulary,alignment_labeled
MCQA_0048_5,MCQA,PNN,replace,người mẹ,má,Kinship/Honorific terms,alignment_labeled
MCQA_0048_5,MCQA,PNN,replace,người mẹ,má,Kinship/Honorific terms,alignment_labeled
MCQA_0048_5,MCQA,PNT2,replace,đã làm gì,đạ mần chi,Interrogatives,alignment_labeled
MCQA_0048_5,MCQA,PNT3,replace,trắng,thâu,Predicate vocabulary,alignment_labeled
MCQA_0048_5,MCQA,PNT4,replace,chăn,mền,Predicate vocabulary,alignment_labeled
MCQA_0051_0,MCQA,PNN,replace,bố điều,ba chuyện,Kinship/Honorific terms,alignment_labeled
MCQA_0051_0,MCQA,PNT1,replace,gì,chi,Interrogatives,alignment_labeled
MCQA_0051_0,MCQA,PNT1,replace,đâu,đi mô,Interrogatives,alignment_labeled
MCQA_0051_0,MCQA,PNT1,replace,đâu,đi mô,Interrogatives,alignment_labeled
MCQA_0051_0,MCQA,PNT1,replace,đâu,đi mô,Interrogatives,alignment_labeled
MCQA_0051_0,MCQA,PNT1,replace,đâu,đi mô,Interrogatives,alignment_labeled
MCQA_0051_0,MCQA,PNT2,replace,điều gì,cây chi,Interrogatives,alignment_labeled
MCQA_0051_0,MCQA,PNT2,replace,hôm kia đâu,bựa nớ mô,Interrogatives,alignment_labeled
MCQA_0051_0,MCQA,PNT2,replace,hôm nay đâu,bựa ni mô,Interrogatives,alignment_labeled
MCQA_0051_0,MCQA,PNT2,replace,hôm xưa đâu,mọi hồi mô,Interrogatives,alignment_labeled
MCQA_0051_0,MCQA,PNT3,replace,bố điều gì,bọ cấy chi,Kinship/Honorific terms,alignment_labeled
MCQA_0051_0,MCQA,PNT3,replace,cũ,cộ,Predicate vocabulary,alignment_labeled
MCQA_0051_0,MCQA,PNT3,replace,nay đâu,ni mô,Interrogatives,alignment_labeled
MCQA_0051_0,MCQA,PNT3,replace,hôm xưa đâu,chầu tê mô,Interrogatives,alignment_labeled
MCQA_0051_4,MCQA,PNN,replace,bố,ba,Kinship/Honorific terms,alignment_labeled
MCQA_0051_4,MCQA,PNN,replace,điều,chuyện,Predicate vocabulary,alignment_labeled
MCQA_0051_4,MCQA,PNN,replace,xem,coi,Predicate vocabulary,alignment_labeled
MCQA_0051_4,MCQA,PNT1,replace,gì,chi,Interrogatives,alignment_labeled
MCQA_0051_4,MCQA,PNT2,replace,ngày hôm,bữa,Predicate vocabulary,alignment_labeled
MCQA_0051_4,MCQA,PNT3,replace,điều gì,cấy chi,Interrogatives,alignment_labeled
MCQA_0055_0,MCQA,PNB,replace,mặc,lại,Predicate vocabulary,alignment_labeled
MCQA_0055_0,MCQA,PNN,replace,ầm,váng,Predicate vocabulary,alignment_labeled
MCQA_0055_0,MCQA,PNN,replace,vờ,bộ,Predicate vocabulary,alignment_labeled
MCQA_0055_0,MCQA,PNN,replace,bỏ mặc,kệ,Predicate vocabulary,alignment_labeled
MCQA_0055_0,MCQA,PNN,replace,đến,tới,Connectives/Aspect markers,alignment_labeled
MCQA_0055_0,MCQA,PNT1,replace,vờ,bộ,Predicate vocabulary,alignment_labeled
MCQA_0055_0,MCQA,PNT2,replace,đã làm gì,đạ mần chi,Interrogatives,alignment_labeled
MCQA_0055_0,MCQA,PNT3,replace,đã làm gì,đạ mần chi,Interrogatives,alignment_labeled
MCQA_0055_0,MCQA,PNT4,replace,vội vàng,quíu quắn,Predicate vocabulary,alignment_labeled
MCQA_0055_0,MCQA,PNT4,replace,vờ,đò,Predicate vocabulary,alignment_labeled
MCQA_0055_0,MCQA,PNT4,replace,mặc,lơ,Predicate vocabulary,alignment_labeled
MCQA_0055_0,MCQA,PNT4,replace,đến,tới,Connectives/Aspect markers,alignment_labeled
MCQA_0055_1,MCQA,PNB,replace,thân,nạn,Predicate vocabulary,alignment_labeled
MCQA_0055_1,MCQA,PNN,replace,hoảng hốt,quýnh quáng,Predicate vocabulary,alignment_labeled
MCQA_0055_1,MCQA,PNT1,replace,vờ,bộ,Predicate vocabulary,alignment_labeled
MCQA_0055_1,MCQA,PNT3,replace,vội vàng,lật đật,Predicate vocabulary,alignment_labeled
MCQA_0055_1,MCQA,PNT3,replace,vờ,đò,Predicate vocabulary,alignment_labeled
MCQA_0055_1,MCQA,PNT4,replace,hốt,sợ,Predicate vocabulary,alignment_labeled
MCQA_0055_1,MCQA,PNT4,replace,vờ,đò,Predicate vocabulary,alignment_labeled
MCQA_0056_1,MCQA,PNB,replace,bạn,cô,Pronouns,alignment_labeled
MCQA_0056_1,MCQA,PNB,replace,bạn,cô,Pronouns,alignment_labeled
MCQA_0056_1,MCQA,PNB,replace,bạn,cô,Pronouns,alignment_labeled
MCQA_0056_1,MCQA,PNN,replace,đến,tới,Connectives/Aspect markers,alignment_labeled
MCQA_0056_1,MCQA,PNN,replace,nói,là,Predicate vocabulary,alignment_labeled
MCQA_0056_1,MCQA,PNT1,replace,gì,chi,Interrogatives,alignment_labeled
MCQA_0056_1,MCQA,PNT1,replace,luôn,cứ,Predicate vocabulary,alignment_labeled
MCQA_0056_1,MCQA,PNT3,replace,và,với,Connectives/Aspect markers,alignment_labeled
MCQA_0056_2,MCQA,PNB,replace,vâng,nghe,Discourse particles,alignment_labeled
MCQA_0056_2,MCQA,PNB,replace,inh,minh,Predicate vocabulary,alignment_labeled
MCQA_0056_2,MCQA,PNN,replace,bà mẹ,má,Kinship/Honorific terms,alignment_labeled
MCQA_0056_2,MCQA,PNN,replace,cô,con,Pronouns,alignment_labeled
MCQA_0056_2,MCQA,PNN,replace,và những,với mấy,Demonstratives/Deixis,alignment_labeled
MCQA_0056_2,MCQA,PNN,replace,và,với,Connectives/Aspect markers,alignment_labeled
MCQA_0056_2,MCQA,PNN,replace,vâng,nghe,Discourse particles,alignment_labeled
MCQA_0056_2,MCQA,PNT1,replace,gì,chi,Interrogatives,alignment_labeled
MCQA_0056_2,MCQA,PNT1,replace,vâng,nghe,Discourse particles,alignment_labeled
MCQA_0056_2,MCQA,PNT1,replace,inh,minh,Predicate vocabulary,alignment_labeled
MCQA_0056_2,MCQA,PNT2,replace,cô,con,Pronouns,alignment_labeled
MCQA_0056_2,MCQA,PNT3,replace,inh,minh,Predicate vocabulary,alignment_labeled
MCQA_0056_2,MCQA,PNT4,replace,vật lộn,chống chọi,Predicate vocabulary,alignment_labeled
MCQA_0056_2,MCQA,PNT4,replace,vâng,nghe,Discourse particles,alignment_labeled
MCQA_0058_0,MCQA,PNB,replace,ổ,chuồng,Predicate vocabulary,alignment_labeled
MCQA_0058_0,MCQA,PNN,replace,rơi,rớt,Predicate vocabulary,alignment_labeled
MCQA_0058_0,MCQA,PNT1,replace,thế nào,răng,Interrogatives,alignment_labeled
MCQA_0058_0,MCQA,PNT3,replace,rơi vào,rớt vô,Connectives/Aspect markers,alignment_labeled
MCQA_0058_0,MCQA,PNT4,replace,rơi vào,rớt vô,Connectives/Aspect markers,alignment_labeled
MCQA_0058_0,MCQA,PNT4,replace,như thế nào,ra ren,Interrogatives,alignment_labeled
MCQA_0060_1,MCQA,PNB,replace,réo rắt,véo von,Predicate vocabulary,alignment_labeled
MCQA_0060_2,MCQA,PNB,replace,vùng,nơi,Predicate vocabulary,alignment_labeled
MCQA_0060_2,MCQA,PNN,replace,chép,lại,Predicate vocabulary,alignment_labeled
MCQA_0060_2,MCQA,PNT1,replace,đâu,chi mà,Interrogatives,alignment_labeled
MCQA_0060_2,MCQA,PNT3,replace,và,rồi,Connectives/Aspect markers,alignment_labeled
MCQA_0062_0,MCQA,PNN,replace,các,mấy,Demonstratives/Deixis,alignment_labeled
MCQA_0062_0,MCQA,PNN,replace,chúng ta,tụi mình,Pronouns,alignment_labeled
MCQA_0062_0,MCQA,PNT2,replace,chúng tôi đã,choa đạ,Pronouns,alignment_labeled
MCQA_0062_0,MCQA,PNT3,replace,các,mấy,Demonstratives/Deixis,alignment_labeled
MCQA_0062_0,MCQA,PNT3,replace,chúng,bọn,Pronouns,alignment_labeled
MCQA_0062_0,MCQA,PNT4,replace,các,mấy,Demonstratives/Deixis,alignment_labeled
MCQA_0062_2,MCQA,PNB,replace,miền,vùng,Predicate vocabulary,alignment_labeled
MCQA_0062_2,MCQA,PNB,replace,chết,mất,Predicate vocabulary,alignment_labeled
MCQA_0062_2,MCQA,PNB,replace,miền,vùng,Predicate vocabulary,alignment_labeled
MCQA_0062_2,MCQA,PNB,replace,miền,vùng,Predicate vocabulary,alignment_labeled
MCQA_0062_2,MCQA,PNN,replace,tại,ở,Connectives/Aspect markers,alignment_labeled
MCQA_0062_2,MCQA,PNN,replace,các,mấy,Demonstratives/Deixis,alignment_labeled
MCQA_0062_2,MCQA,PNT3,replace,nào cho ta,mô làm miềng,Pronouns,alignment_labeled
MCQA_0062_2,MCQA,PNT3,replace,tại đó,chỗ nớ,Demonstratives/Deixis,alignment_labeled
MCQA_0062_2,MCQA,PNT3,replace,các,mấy,Demonstratives/Deixis,alignment_labeled
MCQA_0064_1,MCQA,PNB,replace,ngoại,vãi,Kinship/Honorific terms,alignment_labeled
MCQA_0064_1,MCQA,PNN,replace,như thế nào,làm sao,Interrogatives,alignment_labeled
MCQA_0064_1,MCQA,PNN,replace,dẫn,dắt,Predicate vocabulary,alignment_labeled
MCQA_0064_1,MCQA,PNN,replace,dẫn,dắt,Predicate vocabulary,alignment_labeled
MCQA_0064_1,MCQA,PNN,replace,vở chọn bút,tập lựa viết,Idiomatic expressions,alignment_labeled
MCQA_0064_1,MCQA,PNN,replace,và,với,Connectives/Aspect markers,alignment_labeled
MCQA_0064_1,MCQA,PNN,replace,những,mấy,Demonstratives/Deixis,alignment_labeled
MCQA_0064_1,MCQA,PNN,replace,dẫn,dắt,Predicate vocabulary,alignment_labeled
MCQA_0064_1,MCQA,PNN,replace,áo quần,đồ,Predicate vocabulary,alignment_labeled
MCQA_0064_1,MCQA,PNN,replace,dẫn,dắt,Predicate vocabulary,alignment_labeled
MCQA_0064_1,MCQA,PNN,replace,đến,tới,Connectives/Aspect markers,alignment_labeled
MCQA_0064_1,MCQA,PNT1,replace,như thế nào,ra răng,Interrogatives,alignment_labeled
MCQA_0064_1,MCQA,PNT1,replace,dẫn,dắt,Predicate vocabulary,alignment_labeled
MCQA_0064_1,MCQA,PNT1,replace,dẫn,dắt,Predicate vocabulary,alignment_labeled
MCQA_0064_1,MCQA,PNT1,replace,dẫn,dắt,Predicate vocabulary,alignment_labeled
MCQA_0064_1,MCQA,PNT1,replace,dẫn,dắt,Predicate vocabulary,alignment_labeled
MCQA_0064_1,MCQA,PNT2,replace,như thế nào,a răng,Interrogatives,alignment_labeled
MCQA_0064_1,MCQA,PNT3,replace,và,với,Connectives/Aspect markers,alignment_labeled
MCQA_0064_1,MCQA,PNT3,replace,những,mấy,Demonstratives/Deixis,alignment_labeled
MCQA_0064_1,MCQA,PNT3,replace,đến,tới,Connectives/Aspect markers,alignment_labeled
MCQA_0064_1,MCQA,PNT4,replace,bạn nhỏ,thằng cu,Pronouns,alignment_labeled
MCQA_0064_1,MCQA,PNT4,replace,bạn nhỏ,thằng cu,Pronouns,alignment_labeled
MCQA_0064_1,MCQA,PNT4,replace,bạn nhỏ,thằng cu,Pronouns,alignment_labeled
MCQA_0064_1,MCQA,PNT4,replace,chọn,lựa,Predicate vocabulary,alignment_labeled
MCQA_0064_1,MCQA,PNT4,replace,dạy,bày,Predicate vocabulary,alignment_labeled
MCQA_0064_1,MCQA,PNT4,replace,bạn nhỏ,thằng cu,Pronouns,alignment_labeled
MCQA_0064_1,MCQA,PNT4,replace,bạn nhỏ,thằng cu,Pronouns,alignment_labeled
MCQA_0065_2,MCQA,PNB,replace,nhờ,ngờ,Predicate vocabulary,alignment_labeled
MCQA_0065_2,MCQA,PNB,replace,bả,bã,Pronouns,alignment_labeled
MCQA_0065_2,MCQA,PNN,replace,đến,tới,Connectives/Aspect markers,alignment_labeled
MCQA_0065_2,MCQA,PNN,replace,nhờ,ngờ,Predicate vocabulary,alignment_labeled
MCQA_0065_2,MCQA,PNN,replace,bả,bã,Pronouns,alignment_labeled
MCQA_0065_2,MCQA,PNT1,replace,như thế nào,ra răng,Interrogatives,alignment_labeled
MCQA_0065_2,MCQA,PNT1,replace,nhờ,ngờ,Predicate vocabulary,alignment_labeled
MCQA_0065_2,MCQA,PNT1,replace,bả,bã,Pronouns,alignment_labeled
MCQA_0065_2,MCQA,PNT2,replace,như thế nào,à răng,Interrogatives,alignment_labeled
MCQA_0065_2,MCQA,PNT3,replace,nhờ,ngờ,Predicate vocabulary,alignment_labeled
MCQA_0065_2,MCQA,PNT3,replace,bả,bã,Pronouns,alignment_labeled
MCQA_0065_2,MCQA,PNT4,replace,đến,tới,Connectives/Aspect markers,alignment_labeled
MCQA_0065_2,MCQA,PNT4,replace,như thế nào,ra ren,Interrogatives,alignment_labeled
MCQA_0065_2,MCQA,PNT4,replace,nhờ,ngờ,Predicate vocabulary,alignment_labeled
MCQA_0065_5,MCQA,PNB,replace,phúc đáp,phản hồi,Connectives/Aspect markers,alignment_labeled
MCQA_0065_5,MCQA,PNN,replace,phúc đáp,hồi âm,Connectives/Aspect markers,alignment_labeled
MCQA_0065_5,MCQA,PNN,replace,chúng ta,tụi mình,Pronouns,alignment_labeled
MCQA_0065_5,MCQA,PNN,replace,các,mấy,Demonstratives/Deixis,alignment_labeled
MCQA_0065_5,MCQA,PNN,replace,các,mấy,Demonstratives/Deixis,alignment_labeled
MCQA_0065_5,MCQA,PNN,replace,đến,qua,Connectives/Aspect markers,alignment_labeled
MCQA_0065_5,MCQA,PNN,replace,các,mấy,Demonstratives/Deixis,alignment_labeled
MCQA_0065_5,MCQA,PNN,replace,đến,qua,Connectives/Aspect markers,alignment_labeled
MCQA_0065_5,MCQA,PNN,replace,các,mấy,Demonstratives/Deixis,alignment_labeled
MCQA_0065_5,MCQA,PNN,replace,các,mấy,Demonstratives/Deixis,alignment_labeled
MCQA_0065_5,MCQA,PNT2,replace,chúng,nhà,Pronouns,alignment_labeled
MCQA_0065_5,MCQA,PNT3,replace,chúng ta,miềng,Pronouns,alignment_labeled
MCQA_0065_5,MCQA,PNT3,replace,các,mấy,Demonstratives/Deixis,alignment_labeled
MCQA_0065_5,MCQA,PNT3,replace,các,mấy,Demonstratives/Deixis,alignment_labeled
MCQA_0065_5,MCQA,PNT3,replace,các,mấy,Demonstratives/Deixis,alignment_labeled
MCQA_0065_5,MCQA,PNT3,replace,mến,quý,Predicate vocabulary,alignment_labeled
MCQA_0065_5,MCQA,PNT3,replace,các,mấy,Demonstratives/Deixis,alignment_labeled
MCQA_0069_1,MCQA,PNB,replace,sầm sì,âm u,Predicate vocabulary,alignment_labeled
MCQA_0069_1,MCQA,PNT3,replace,ló rạng,ngoi lên,Predicate vocabulary,alignment_labeled
MCQA_0069_5,MCQA,PNB,replace,lui,quay,Predicate vocabulary,alignment_labeled
MCQA_0069_5,MCQA,PNB,replace,mọc,lên,Predicate vocabulary,alignment_labeled
MCQA_0069_5,MCQA,PNN,replace,ngơi khi,lúc,Connectives/Aspect markers,alignment_labeled
MCQA_0069_5,MCQA,PNN,replace,khi,lúc,Connectives/Aspect markers,alignment_labeled
MCQA_0069_5,MCQA,PNN,replace,khi,lúc,Connectives/Aspect markers,alignment_labeled
MCQA_0069_5,MCQA,PNN,replace,khi,lúc,Connectives/Aspect markers,alignment_labeled
MCQA_0069_5,MCQA,PNN,replace,khi,lúc,Connectives/Aspect markers,alignment_labeled
MCQA_0072_2,MCQA,PNN,replace,những,mấy,Demonstratives/Deixis,alignment_labeled
MCQA_0072_2,MCQA,PNT1,replace,những,mấy,Demonstratives/Deixis,alignment_labeled
MCQA_0072_2,MCQA,PNT1,replace,"""ai",“ai,Interrogatives,alignment_labeled
MCQA_0072_2,MCQA,PNT1,replace,"cây"" ""người",cây” “người,Predicate vocabulary,alignment_labeled
MCQA_0072_2,MCQA,PNT1,replace,"có"" ""em",có” “em,Pronouns,alignment_labeled
MCQA_0072_2,MCQA,PNT1,replace,"cây""",cây”,Predicate vocabulary,alignment_labeled
MCQA_0072_2,MCQA,PNT1,replace,gì,chi,Interrogatives,alignment_labeled
MCQA_0072_2,MCQA,PNT3,replace,những,mấy,Demonstratives/Deixis,alignment_labeled
MCQA_0072_2,MCQA,PNT3,replace,"cây""","cơn""",Predicate vocabulary,alignment_labeled
MCQA_0072_2,MCQA,PNT3,replace,"cây""","cơn""",Predicate vocabulary,alignment_labeled
MCQA_0072_2,MCQA,PNT3,replace,cây,cơn,Predicate vocabulary,alignment_labeled
MCQA_0072_2,MCQA,PNT3,replace,và,với,Connectives/Aspect markers,alignment_labeled
MCQA_0072_2,MCQA,PNT3,replace,cây,cơn,Predicate vocabulary,alignment_labeled
MCQA_0072_2,MCQA,PNT4,replace,việc,chuyện,Predicate vocabulary,alignment_labeled
MCQA_0072_2,MCQA,PNT4,replace,những,mấy,Demonstratives/Deixis,alignment_labeled
MCQA_0072_2,MCQA,PNT4,replace,các,mấy,Demonstratives/Deixis,alignment_labeled
MCQA_0074_5,MCQA,PNN,replace,khi,lúc,Connectives/Aspect markers,alignment_labeled
MCQA_0074_5,MCQA,PNN,replace,mẹ bảo,má biểu,Kinship/Honorific terms,alignment_labeled
MCQA_0074_5,MCQA,PNN,replace,vì mẹ,tại má,Kinship/Honorific terms,alignment_labeled
MCQA_0074_5,MCQA,PNN,replace,bảo,biểu,Predicate vocabulary,alignment_labeled
MCQA_0074_5,MCQA,PNN,replace,việc,chuyện,Predicate vocabulary,alignment_labeled
MCQA_0074_5,MCQA,PNN,replace,vì,tại,Connectives/Aspect markers,alignment_labeled
MCQA_0074_5,MCQA,PNN,replace,việc,chuyện,Predicate vocabulary,alignment_labeled
MCQA_0074_5,MCQA,PNN,replace,vì mẹ,tại má,Kinship/Honorific terms,alignment_labeled
MCQA_0074_5,MCQA,PNN,replace,bảo,biểu,Predicate vocabulary,alignment_labeled
MCQA_0074_5,MCQA,PNN,replace,vì mẹ bảo,tại má biểu,Kinship/Honorific terms,alignment_labeled
MCQA_0074_5,MCQA,PNT1,replace,sao,răng,Interrogatives,alignment_labeled
MCQA_0074_5,MCQA,PNT1,replace,gì,chi,Interrogatives,alignment_labeled
MCQA_0074_5,MCQA,PNT1,replace,gì,chi,Interrogatives,alignment_labeled
MCQA_0074_5,MCQA,PNT2,replace,vào,vô,Connectives/Aspect markers,alignment_labeled
MCQA_0074_5,MCQA,PNT3,replace,bảo,nói,Predicate vocabulary,alignment_labeled
MCQA_0074_5,MCQA,PNT3,replace,bao giờ bảo,từng kêu,Interrogatives,alignment_labeled
MCQA_0074_5,MCQA,PNT3,replace,bao giờ,lần mô,Interrogatives,alignment_labeled
MCQA_0074_5,MCQA,PNT3,replace,bao giờ bảo,từng nói,Interrogatives,alignment_labeled
MCQA_0074_5,MCQA,PNT4,replace,ngạc nhiên,bất ngờ,Predicate vocabulary,alignment_labeled
MCQA_0074_5,MCQA,PNT4,replace,bao giờ bảo,hồi mô sai,Interrogatives,alignment_labeled
MCQA_0074_5,MCQA,PNT4,replace,từng,hồi mô,Interrogatives,alignment_labeled
MCQA_0074_5,MCQA,PNT4,replace,từng,hồi mô,Interrogatives,alignment_labeled
MCQA_0074_5,MCQA,PNT4,replace,bao giờ,hồi mô,Interrogatives,alignment_labeled
MCQA_0074_5,MCQA,PNT4,replace,gì cả,chi hết,Interrogatives,alignment_labeled
MCQA_0074_6,MCQA,PNN,replace,mẹ,má,Kinship/Honorific terms,alignment_labeled
MCQA_0074_6,MCQA,PNN,replace,vì,tại,Connectives/Aspect markers,alignment_labeled
MCQA_0074_6,MCQA,PNN,replace,điều,chuyện,Predicate vocabulary,alignment_labeled
MCQA_0074_6,MCQA,PNN,replace,tập làm,viết,Predicate vocabulary,alignment_labeled
MCQA_0074_6,MCQA,PNN,replace,vì,tại,Connectives/Aspect markers,alignment_labeled
MCQA_0074_6,MCQA,PNN,replace,điều,chuyện,Predicate vocabulary,alignment_labeled
MCQA_0074_6,MCQA,PNN,replace,vì,tại,Connectives/Aspect markers,alignment_labeled
MCQA_0074_6,MCQA,PNN,replace,điều,chuyện,Predicate vocabulary,alignment_labeled
MCQA_0074_6,MCQA,PNN,replace,các,mấy,Demonstratives/Deixis,alignment_labeled
MCQA_0074_6,MCQA,PNN,replace,vì,tại,Connectives/Aspect markers,alignment_labeled
MCQA_0074_6,MCQA,PNN,replace,điều,chuyện,Predicate vocabulary,alignment_labeled
MCQA_0074_6,MCQA,PNN,replace,mẹ,má,Kinship/Honorific terms,alignment_labeled
MCQA_0074_6,MCQA,PNT1,replace,sao,răng,Interrogatives,alignment_labeled
MCQA_0074_6,MCQA,PNT3,replace,muốn làm,ưng mần,Predicate vocabulary,alignment_labeled
MCQA_0074_6,MCQA,PNT3,replace,muốn bạn ấy,ưng hắn,Pronouns,alignment_labeled
MCQA_0077_0,MCQA,PNN,replace,vì,tại,Connectives/Aspect markers,alignment_labeled
MCQA_0077_0,MCQA,PNN,replace,vì cậu suốt ngày,tại nó cứ,Pronouns,alignment_labeled
MCQA_0077_0,MCQA,PNN,replace,vì cậu suốt ngày,tại nó cứ,Pronouns,alignment_labeled
MCQA_0077_0,MCQA,PNN,replace,vì cậu không,tại nó hông,Pronouns,alignment_labeled
MCQA_0077_0,MCQA,PNN,replace,cùng,chung với,Connectives/Aspect markers,alignment_labeled
MCQA_0077_0,MCQA,PNN,replace,vì cậu,tại nó,Pronouns,alignment_labeled
MCQA_0077_0,MCQA,PNN,replace,các,mấy,Demonstratives/Deixis,alignment_labeled
MCQA_0077_0,MCQA,PNT1,replace,sao,răng,Interrogatives,alignment_labeled
MCQA_0077_0,MCQA,PNT2,replace,vì cậu,tại lạo,Pronouns,alignment_labeled
MCQA_0077_0,MCQA,PNT2,replace,vì cậu,tại lạo,Pronouns,alignment_labeled
MCQA_0077_0,MCQA,PNT2,replace,mình,chắc,Pronouns,alignment_labeled
MCQA_0077_0,MCQA,PNT2,replace,vì cậu không,tại lạo nỏ,Pronouns,alignment_labeled
MCQA_0077_0,MCQA,PNT2,replace,cùng,với,Connectives/Aspect markers,alignment_labeled
MCQA_0077_0,MCQA,PNT2,replace,vì cậu,tại lạo,Pronouns,alignment_labeled
MCQA_0077_0,MCQA,PNT3,replace,chơi không,dởi nỏ,Negation/Function words,alignment_labeled
MCQA_0077_0,MCQA,PNT3,replace,mình,chắc,Pronouns,alignment_labeled
MCQA_0077_0,MCQA,PNT3,replace,cậu không thích,hắn nỏ ưng,Pronouns,alignment_labeled
MCQA_0077_0,MCQA,PNT3,replace,cùng,với,Connectives/Aspect markers,alignment_labeled
MCQA_0077_0,MCQA,PNT3,replace,không chơi,nỏ dởi,Negation/Function words,alignment_labeled
MCQA_0077_0,MCQA,PNT3,replace,các,mấy,Demonstratives/Deixis,alignment_labeled
MCQA_0077_0,MCQA,PNT4,replace,cậu,thằng nớ,Pronouns,alignment_labeled
MCQA_0077_0,MCQA,PNT4,replace,cậu,thằng nớ,Pronouns,alignment_labeled
MCQA_0077_0,MCQA,PNT4,replace,cậu,thằng nớ,Pronouns,alignment_labeled
MCQA_0077_0,MCQA,PNT4,replace,cậu,thằng nớ,Pronouns,alignment_labeled
MCQA_0080_0,MCQA,PNT1,replace,chơi gì,chi,Interrogatives,alignment_labeled
MCQA_0081_3,MCQA,PNB,replace,bịn rịn,lưu luyến,Predicate vocabulary,alignment_labeled
MCQA_0081_3,MCQA,PNN,replace,mẹ,má,Kinship/Honorific terms,alignment_labeled
MCQA_0081_3,MCQA,PNN,replace,như thế nào,ra sao,Interrogatives,alignment_labeled
MCQA_0081_3,MCQA,PNT1,replace,như thế nào,ra răng,Interrogatives,alignment_labeled
MCQA_0081_3,MCQA,PNT2,replace,như thế nào,a răng,Interrogatives,alignment_labeled
MCQA_0081_3,MCQA,PNT3,replace,mẹ già,mạ tra,Kinship/Honorific terms,alignment_labeled
MCQA_0081_4,MCQA,PNB,replace,đàn,các,Predicate vocabulary,alignment_labeled
MCQA_0081_4,MCQA,PNB,replace,mặt,mặc,Predicate vocabulary,alignment_labeled
MCQA_0081_4,MCQA,PNN,replace,mặt,mặc,Predicate vocabulary,alignment_labeled
MCQA_0081_4,MCQA,PNT1,replace,sao,răng,Interrogatives,alignment_labeled
MCQA_0081_4,MCQA,PNT1,replace,mặt,mặc,Predicate vocabulary,alignment_labeled
MCQA_0087_0,MCQA,PNT3,replace,đến,tới,Connectives/Aspect markers,alignment_labeled
MCQA_0087_0,MCQA,PNT4,replace,đến,tới,Connectives/Aspect markers,alignment_labeled
MCQA_0090_10,MCQA,PNB,replace,hối hả,vội vã,Discourse particles,alignment_labeled
MCQA_0090_10,MCQA,PNT1,replace,như thế nào,ra răng,Interrogatives,alignment_labeled
MCQA_0090_10,MCQA,PNT4,replace,như thế nào,ra ren,Interrogatives,alignment_labeled
MCQA_0090_10,MCQA,PNT4,replace,mẹ và,má với,Kinship/Honorific terms,alignment_labeled
MCQA_0090_10,MCQA,PNT4,replace,hối hả,quíu,Discourse particles,alignment_labeled
MCQA_0090_6,MCQA,PNN,replace,dỗi,giận,Predicate vocabulary,alignment_labeled
MCQA_0090_6,MCQA,PNN,replace,vờ,giả đò,Predicate vocabulary,alignment_labeled
MCQA_0090_6,MCQA,PNN,replace,dỗi,giận,Predicate vocabulary,alignment_labeled
MCQA_0090_6,MCQA,PNN,replace,vờ,giả đò,Predicate vocabulary,alignment_labeled
MCQA_0090_6,MCQA,PNT1,replace,như thế nào,ra răng,Interrogatives,alignment_labeled
MCQA_0090_6,MCQA,PNT2,replace,như thế nào,a răng,Interrogatives,alignment_labeled
MCQA_0090_6,MCQA,PNT2,replace,bạn,con,Predicate vocabulary,alignment_labeled
MCQA_0090_6,MCQA,PNT3,replace,dỗi,lẫy,Predicate vocabulary,alignment_labeled
MCQA_0090_6,MCQA,PNT3,replace,dỗi,lẫy,Predicate vocabulary,alignment_labeled
MCQA_0091_0,MCQA,PNN,replace,cho,bỏ,Connectives/Aspect markers,alignment_labeled
MCQA_0091_0,MCQA,PNN,replace,vào túi,vô bịch,Connectives/Aspect markers,alignment_labeled
MCQA_0091_0,MCQA,PNN,replace,và,rồi,Connectives/Aspect markers,alignment_labeled
MCQA_0091_0,MCQA,PNT1,replace,vào,vô,Connectives/Aspect markers,alignment_labeled
MCQA_0091_0,MCQA,PNT1,replace,và,rồi,Connectives/Aspect markers,alignment_labeled
MCQA_0091_0,MCQA,PNT2,replace,túi,bao,Predicate vocabulary,alignment_labeled
MCQA_0091_0,MCQA,PNT3,replace,vào túi ni lông và,vô bao xì dầu rồi,Connectives/Aspect markers,alignment_labeled
MCQA_0091_0,MCQA,PNT4,replace,vào,vô,Connectives/Aspect markers,alignment_labeled
MCQA_0091_0,MCQA,PNT4,replace,và,rồi,Connectives/Aspect markers,alignment_labeled
MCQA_0091_1,MCQA,PNT1,replace,vào,vô,Connectives/Aspect markers,alignment_labeled
MCQA_0091_1,MCQA,PNT1,replace,vào,vô,Connectives/Aspect markers,alignment_labeled
MCQA_0091_1,MCQA,PNT2,replace,đã làm gì,đạ mần chi,Interrogatives,alignment_labeled
MCQA_0091_1,MCQA,PNT2,replace,vào,vô,Connectives/Aspect markers,alignment_labeled
MCQA_0091_1,MCQA,PNT2,replace,vào,vô,Connectives/Aspect markers,alignment_labeled
MCQA_0091_1,MCQA,PNT3,replace,vào,vô,Connectives/Aspect markers,alignment_labeled
MCQA_0091_1,MCQA,PNT3,replace,vào,vô,Connectives/Aspect markers,alignment_labeled
MCQA_0091_1,MCQA,PNT4,replace,lão,già,Pronouns,alignment_labeled
MCQA_0091_1,MCQA,PNT4,replace,lão vào,già vô,Pronouns,alignment_labeled
MCQA_0091_1,MCQA,PNT4,replace,vào,vô,Connectives/Aspect markers,alignment_labeled
MCQA_0091_1,MCQA,PNT4,replace,lão,già,Pronouns,alignment_labeled
MCQA_0091_1,MCQA,PNT4,replace,lão,già,Pronouns,alignment_labeled
MCQA_0091_1,MCQA,PNT4,replace,lão,già,Pronouns,alignment_labeled
MCQA_0092_1,MCQA,PNN,replace,đến,tới,Connectives/Aspect markers,alignment_labeled
MCQA_0092_1,MCQA,PNN,replace,giúp mẹ,phụ má,Kinship/Honorific terms,alignment_labeled
MCQA_0092_1,MCQA,PNT3,replace,các,mấy,Demonstratives/Deixis,alignment_labeled
MCQA_0092_2,MCQA,PNB,replace,tấm,chiếc,Predicate vocabulary,alignment_labeled
MCQA_0092_2,MCQA,PNB,replace,góp,tặng,Predicate vocabulary,alignment_labeled
MCQA_0092_2,MCQA,PNN,replace,các,mấy,Demonstratives/Deixis,alignment_labeled
MCQA_0092_2,MCQA,PNN,replace,đến,tới,Connectives/Aspect markers,alignment_labeled
MCQA_0092_2,MCQA,PNN,replace,đến,tới,Connectives/Aspect markers,alignment_labeled
MCQA_0092_2,MCQA,PNT2,replace,đã làm gì,đạ mần chi,Interrogatives,alignment_labeled
MCQA_0092_2,MCQA,PNT3,replace,và,với,Connectives/Aspect markers,alignment_labeled
MCQA_0092_2,MCQA,PNT4,replace,các,mấy,Demonstratives/Deixis,alignment_labeled
MCQA_0092_2,MCQA,PNT4,replace,giúp,giùm,Predicate vocabulary,alignment_labeled
MCQA_0092_2,MCQA,PNT4,replace,hàng,hằng,Predicate vocabulary,alignment_labeled
MCQA_0092_2,MCQA,PNT4,replace,đến,tới,Connectives/Aspect markers,alignment_labeled
MCQA_0092_2,MCQA,PNT4,replace,giúp,phụ,Predicate vocabulary,alignment_labeled
MCQA_0092_2,MCQA,PNT4,replace,đến,tới,Connectives/Aspect markers,alignment_labeled
MCQA_0095_1,MCQA,PNB,replace,bứt,đứt,Predicate vocabulary,alignment_labeled
MCQA_0095_1,MCQA,PNB,replace,dạt,trôi,Predicate vocabulary,alignment_labeled
MCQA_0095_1,MCQA,PNB,replace,hư,rách,Predicate vocabulary,alignment_labeled
MCQA_0095_1,MCQA,PNN,replace,khi,lúc,Connectives/Aspect markers,alignment_labeled
MCQA_0095_1,MCQA,PNN,replace,rơi,rớt,Predicate vocabulary,alignment_labeled
MCQA_0095_1,MCQA,PNN,replace,như thế nào,ra sao,Interrogatives,alignment_labeled
MCQA_0095_1,MCQA,PNN,replace,mãi,hoài,Connectives/Aspect markers,alignment_labeled
MCQA_0095_1,MCQA,PNN,replace,mãi đến,hoài tới,Connectives/Aspect markers,alignment_labeled
MCQA_0095_1,MCQA,PNN,replace,và,rồi,Connectives/Aspect markers,alignment_labeled
MCQA_0095_1,MCQA,PNN,replace,dạt,tấp,Predicate vocabulary,alignment_labeled
MCQA_0095_1,MCQA,PNN,replace,bùn,sình,Predicate vocabulary,alignment_labeled
MCQA_0095_1,MCQA,PNN,replace,và,với,Connectives/Aspect markers,alignment_labeled
MCQA_0095_1,MCQA,PNN,replace,bùn,sình,Predicate vocabulary,alignment_labeled
MCQA_0095_1,MCQA,PNT1,replace,thế nào,răng,Interrogatives,alignment_labeled
MCQA_0095_1,MCQA,PNT1,replace,đến,tới,Connectives/Aspect markers,alignment_labeled
MCQA_0095_1,MCQA,PNT1,replace,vào,vô,Connectives/Aspect markers,alignment_labeled
MCQA_0095_1,MCQA,PNT2,replace,vào,vô,Connectives/Aspect markers,alignment_labeled
MCQA_0095_1,MCQA,PNT3,replace,rơi,rớt,Predicate vocabulary,alignment_labeled
MCQA_0095_1,MCQA,PNT3,replace,và,rồi,Connectives/Aspect markers,alignment_labeled
MCQA_0095_1,MCQA,PNT3,replace,vào,vô,Connectives/Aspect markers,alignment_labeled
MCQA_0095_1,MCQA,PNT3,replace,đầy,toàn,Demonstratives/Deixis,alignment_labeled
MCQA_0095_1,MCQA,PNT3,replace,và,với,Connectives/Aspect markers,alignment_labeled
MCQA_0095_1,MCQA,PNT4,replace,rơi,rớt,Predicate vocabulary,alignment_labeled
MCQA_0095_1,MCQA,PNT4,replace,như thế nào,ra ren,Interrogatives,alignment_labeled
MCQA_0095_1,MCQA,PNT4,replace,mãi,hoài,Connectives/Aspect markers,alignment_labeled
MCQA_0095_1,MCQA,PNT4,replace,mãi đến,hoài tới,Connectives/Aspect markers,alignment_labeled
MCQA_0095_1,MCQA,PNT4,replace,vào,vô,Connectives/Aspect markers,alignment_labeled
MCQA_0096_0,MCQA,PNN,replace,nông,ruộng,Predicate vocabulary,alignment_labeled
MCQA_0096_0,MCQA,PNN,replace,tận,tuốt,Connectives/Aspect markers,alignment_labeled
MCQA_0096_0,MCQA,PNT1,replace,như thế nào,ra răng,Interrogatives,alignment_labeled
MCQA_0096_0,MCQA,PNT1,replace,vào,vô,Connectives/Aspect markers,alignment_labeled
MCQA_0096_0,MCQA,PNT2,replace,vào,vô,Connectives/Aspect markers,alignment_labeled
MCQA_0096_0,MCQA,PNT2,replace,ruộng,rộng,Predicate vocabulary,alignment_labeled
MCQA_0096_0,MCQA,PNT2,replace,dậy,dị,Predicate vocabulary,alignment_labeled
MCQA_0096_0,MCQA,PNT3,replace,vào,vô,Connectives/Aspect markers,alignment_labeled
MCQA_0096_0,MCQA,PNT3,replace,các,mấy,Demonstratives/Deixis,alignment_labeled
MCQA_0096_0,MCQA,PNT3,replace,các,mấy,Demonstratives/Deixis,alignment_labeled
MCQA_0096_0,MCQA,PNT3,replace,các,mấy,Demonstratives/Deixis,alignment_labeled
MCQA_0096_0,MCQA,PNT4,replace,vào,vô,Connectives/Aspect markers,alignment_labeled
MCQA_0098_4,MCQA,PNN,replace,chàng hoảng hốt,ảnh quýnh quáng,Pronouns,alignment_labeled
MCQA_0098_4,MCQA,PNN,replace,mẹ,má,Kinship/Honorific terms,alignment_labeled
MCQA_0098_4,MCQA,PNN,replace,cha,ba,Kinship/Honorific terms,alignment_labeled
MCQA_0098_4,MCQA,PNN,replace,và,với,Connectives/Aspect markers,alignment_labeled
MCQA_0098_4,MCQA,PNN,replace,cha,ba,Kinship/Honorific terms,alignment_labeled
MCQA_0098_4,MCQA,PNN,replace,cha,ba,Kinship/Honorific terms,alignment_labeled
MCQA_0098_4,MCQA,PNT3,replace,qua,bằng,Predicate vocabulary,alignment_labeled
MCQA_0098_4,MCQA,PNT3,replace,mình đành,miềng thì,Pronouns,alignment_labeled
MCQA_0098_4,MCQA,PNT4,replace,bãi,bờ,Predicate vocabulary,alignment_labeled
MCQA_0098_8,MCQA,PNT2,replace,đã làm gì,đạ mần chi,Interrogatives,alignment_labeled
MCQA_0098_8,MCQA,PNT3,replace,ông,ổng,Pronouns,alignment_labeled
MCQA_0098_8,MCQA,PNT3,replace,ông,ổng,Pronouns,alignment_labeled
MCQA_0100_1,MCQA,PNN,replace,vì,tại,Connectives/Aspect markers,alignment_labeled
MCQA_0100_1,MCQA,PNN,replace,khi,lúc,Connectives/Aspect markers,alignment_labeled
MCQA_0100_1,MCQA,PNN,replace,cuối,sau,Predicate vocabulary,alignment_labeled
MCQA_0100_1,MCQA,PNN,replace,và,rồi,Connectives/Aspect markers,alignment_labeled
MCQA_0100_1,MCQA,PNN,replace,rằng,là,Predicate vocabulary,alignment_labeled
MCQA_0100_1,MCQA,PNN,replace,vì,tại,Connectives/Aspect markers,alignment_labeled
MCQA_0100_1,MCQA,PNN,replace,chóng,mau,Predicate vocabulary,alignment_labeled
MCQA_0100_1,MCQA,PNN,replace,vì,tại,Connectives/Aspect markers,alignment_labeled
MCQA_0100_1,MCQA,PNN,replace,vì,tại,Connectives/Aspect markers,alignment_labeled
MCQA_0100_1,MCQA,PNN,replace,không chú,hông để,Negation/Function words,alignment_labeled
MCQA_0100_1,MCQA,PNT1,replace,sao,răng,Interrogatives,alignment_labeled
MCQA_0100_1,MCQA,PNT2,replace,rằng,là,Predicate vocabulary,alignment_labeled
MCQA_0100_2,MCQA,PNN,replace,hoa,bông,Predicate vocabulary,alignment_labeled
MCQA_0100_2,MCQA,PNN,replace,hoa,bông,Predicate vocabulary,alignment_labeled
MCQA_0100_2,MCQA,PNN,replace,nhiều,mấy,Demonstratives/Deixis,alignment_labeled
MCQA_0100_2,MCQA,PNT1,replace,vào,vô,Connectives/Aspect markers,alignment_labeled
MCQA_0100_2,MCQA,PNT1,replace,vào,vô,Connectives/Aspect markers,alignment_labeled
MCQA_0100_2,MCQA,PNT1,replace,vào,vô,Connectives/Aspect markers,alignment_labeled
MCQA_0100_2,MCQA,PNT1,replace,gọi,hú,Predicate vocabulary,alignment_labeled
MCQA_0100_2,MCQA,PNT2,replace,vào,vô,Connectives/Aspect markers,alignment_labeled
MCQA_0100_2,MCQA,PNT2,replace,vào,vô,Connectives/Aspect markers,alignment_labeled
MCQA_0100_2,MCQA,PNT3,replace,và,với,Connectives/Aspect markers,alignment_labeled
MCQA_0100_2,MCQA,PNT3,replace,vào,vô,Connectives/Aspect markers,alignment_labeled
MCQA_0100_2,MCQA,PNT3,replace,vào,lên,Connectives/Aspect markers,alignment_labeled
MCQA_0100_2,MCQA,PNT3,replace,vào,vô,Connectives/Aspect markers,alignment_labeled
MCQA_0100_2,MCQA,PNT4,replace,làm gì,mần cấy chi,Interrogatives,alignment_labeled
MCQA_0100_2,MCQA,PNT4,replace,vào,vô,Connectives/Aspect markers,alignment_labeled
MCQA_0100_2,MCQA,PNT4,replace,vào,vô,Connectives/Aspect markers,alignment_labeled
MCQA_0104_4,MCQA,PNT1,replace,vào,vô,Connectives/Aspect markers,alignment_labeled
MCQA_0104_4,MCQA,PNT1,replace,em,mi,Pronouns,alignment_labeled
MCQA_0104_4,MCQA,PNT1,replace,sử dụng,dùng,Predicate vocabulary,alignment_labeled
MCQA_0104_4,MCQA,PNT1,replace,nào,chi,Interrogatives,alignment_labeled
MCQA_0104_4,MCQA,PNT1,replace,và,lẫn,Connectives/Aspect markers,alignment_labeled
MCQA_0104_4,MCQA,PNT2,replace,vào,vô,Connectives/Aspect markers,alignment_labeled
MCQA_0104_4,MCQA,PNT3,replace,vào,vô,Connectives/Aspect markers,alignment_labeled
MCQA_0104_4,MCQA,PNT3,replace,đợi,chờ,Predicate vocabulary,alignment_labeled
MCQA_0104_4,MCQA,PNT3,replace,sử dụng,dùng,Predicate vocabulary,alignment_labeled
MCQA_0106_3,MCQA,PNT1,replace,gì,chi,Interrogatives,alignment_labeled
MCQA_0114_1,MCQA,PNN,replace,định,tính,Predicate vocabulary,alignment_labeled
MCQA_0114_1,MCQA,PNN,replace,định,tính,Predicate vocabulary,alignment_labeled
MCQA_0114_1,MCQA,PNN,replace,xem,coi,Predicate vocabulary,alignment_labeled
MCQA_0114_1,MCQA,PNN,replace,định,tính,Predicate vocabulary,alignment_labeled
MCQA_0114_1,MCQA,PNN,replace,định đánh,tính ăn,Predicate vocabulary,alignment_labeled
MCQA_0114_1,MCQA,PNN,replace,định,tính,Predicate vocabulary,alignment_labeled
MCQA_0114_1,MCQA,PNT1,replace,làm như thế nào,mằn răng,Interrogatives,alignment_labeled
MCQA_0114_1,MCQA,PNT1,replace,xem,coi,Predicate vocabulary,alignment_labeled
MCQA_0114_1,MCQA,PNT1,replace,lên,vô,Connectives/Aspect markers,alignment_labeled
MCQA_0114_1,MCQA,PNT1,replace,đánh cắp,lấy trộm,Predicate vocabulary,alignment_labeled
MCQA_0114_1,MCQA,PNT4,replace,đánh,ăn,Predicate vocabulary,alignment_labeled
MCQA_0114_6,MCQA,PNN,replace,vì,tại,Connectives/Aspect markers,alignment_labeled
MCQA_0114_6,MCQA,PNN,replace,đáng,để,Connectives/Aspect markers,alignment_labeled
MCQA_0114_6,MCQA,PNN,replace,vì,tại,Connectives/Aspect markers,alignment_labeled
MCQA_0114_6,MCQA,PNN,replace,vì,tại,Connectives/Aspect markers,alignment_labeled
MCQA_0114_6,MCQA,PNN,replace,vì,tại,Connectives/Aspect markers,alignment_labeled
MCQA_0114_6,MCQA,PNT1,replace,sao,răng,Interrogatives,alignment_labeled
MCQA_0114_6,MCQA,PNT1,replace,xem,coi,Predicate vocabulary,alignment_labeled
MCQA_0114_6,MCQA,PNT1,replace,gì,chi,Interrogatives,alignment_labeled
MCQA_0114_6,MCQA,PNT1,replace,xem,coi,Predicate vocabulary,alignment_labeled
MCQA_0114_6,MCQA,PNT1,replace,xem,coi,Predicate vocabulary,alignment_labeled
MCQA_0114_6,MCQA,PNT2,replace,đó chẳng,nớ nỏ,Demonstratives/Deixis,alignment_labeled
MCQA_0114_6,MCQA,PNT3,replace,đó chẳng,nớ nỏ,Demonstratives/Deixis,alignment_labeled
MCQA_0114_6,MCQA,PNT3,replace,đó nhìn,nớ nhòm,Demonstratives/Deixis,alignment_labeled
MCQA_0114_6,MCQA,PNT4,replace,nhìn,ngó,Predicate vocabulary,alignment_labeled
MCQA_0116_5,MCQA,PNB,replace,người,vị,Predicate vocabulary,alignment_labeled
MCQA_0116_5,MCQA,PNN,replace,những,mấy,Demonstratives/Deixis,alignment_labeled
MCQA_0116_5,MCQA,PNN,replace,như thế nào,ra sao,Interrogatives,alignment_labeled
MCQA_0116_5,MCQA,PNN,replace,và,với,Connectives/Aspect markers,alignment_labeled
MCQA_0116_5,MCQA,PNN,replace,mãi không,hoài hông,Negation/Function words,alignment_labeled
MCQA_0116_5,MCQA,PNN,replace,thêm khó chịu và,bực mình với,Connectives/Aspect markers,alignment_labeled
MCQA_0116_5,MCQA,PNT1,replace,chân tình,chăn tềnh,Predicate vocabulary,alignment_labeled
MCQA_0116_5,MCQA,PNT1,replace,viên,vin,Predicate vocabulary,alignment_labeled
MCQA_0116_5,MCQA,PNT1,replace,như thế nào,răng,Interrogatives,alignment_labeled
MCQA_0116_5,MCQA,PNT2,replace,như thế nào,ơ răng,Interrogatives,alignment_labeled
MCQA_0116_5,MCQA,PNT3,replace,những,mấy,Demonstratives/Deixis,alignment_labeled
MCQA_0116_5,MCQA,PNT4,replace,như thế nào,răng,Interrogatives,alignment_labeled
MCQA_0116_6,MCQA,PNN,replace,chúng ta,tụi mình,Pronouns,alignment_labeled
MCQA_0116_6,MCQA,PNN,replace,các,mấy,Demonstratives/Deixis,alignment_labeled
MCQA_0116_6,MCQA,PNT2,replace,như thế nào,a răng,Interrogatives,alignment_labeled
MCQA_0116_6,MCQA,PNT3,replace,các,mấy,Demonstratives/Deixis,alignment_labeled
MCQA_0120_3,MCQA,PNB,replace,để,được,Connectives/Aspect markers,alignment_labeled
MCQA_0120_3,MCQA,PNN,replace,cậu trèo,nó leo,Pronouns,alignment_labeled
MCQA_0120_3,MCQA,PNN,replace,trèo,leo,Predicate vocabulary,alignment_labeled
MCQA_0120_3,MCQA,PNN,replace,cậu cởi,nó lột,Pronouns,alignment_labeled
MCQA_0120_3,MCQA,PNN,replace,quần áo,đồ,Predicate vocabulary,alignment_labeled
MCQA_0120_3,MCQA,PNT1,replace,gì,cấy chi,Interrogatives,alignment_labeled
MCQA_0120_3,MCQA,PNT2,replace,đã làm gì,đạ mần chi,Interrogatives,alignment_labeled
MCQA_0120_3,MCQA,PNT3,replace,cậu,thằng,Pronouns,alignment_labeled
MCQA_0120_3,MCQA,PNT4,replace,cậu,thằng,Pronouns,alignment_labeled
MCQA_0120_3,MCQA,PNT4,replace,cậu,hắn,Pronouns,alignment_labeled
MCQA_0120_3,MCQA,PNT4,replace,cậu,hắn,Pronouns,alignment_labeled
MCQA_0120_3,MCQA,PNT4,replace,cậu,hắn,Pronouns,alignment_labeled
MCQA_0120_3,MCQA,PNT4,replace,cậu,hắn,Pronouns,alignment_labeled
MCQA_0120_7,MCQA,PNT1,replace,cho,chua,Connectives/Aspect markers,alignment_labeled
MCQA_0120_7,MCQA,PNT1,replace,bé,bíe,Predicate vocabulary,alignment_labeled
MCQA_0120_7,MCQA,PNT3,replace,cậu,thằng,Pronouns,alignment_labeled
MCQA_0123_0,MCQA,PNN,replace,và,với,Connectives/Aspect markers,alignment_labeled
MCQA_0123_0,MCQA,PNN,replace,vào,vô,Connectives/Aspect markers,alignment_labeled
MCQA_0123_0,MCQA,PNN,replace,và,với,Connectives/Aspect markers,alignment_labeled
MCQA_0123_0,MCQA,PNT2,replace,nhau,chắc,Predicate vocabulary,alignment_labeled
MCQA_0123_0,MCQA,PNT2,replace,đã làm như thế nào,đạ mần a răng,Interrogatives,alignment_labeled
MCQA_0123_0,MCQA,PNT2,replace,nhau,chắc,Predicate vocabulary,alignment_labeled
MCQA_0123_0,MCQA,PNT2,replace,đã không,đạ nỏ,Negation/Function words,alignment_labeled
MCQA_0123_0,MCQA,PNT2,replace,vào,vô,Connectives/Aspect markers,alignment_labeled
MCQA_0123_0,MCQA,PNT3,replace,vào,vô,Connectives/Aspect markers,alignment_labeled
MCQA_0123_0,MCQA,PNT4,replace,vào,vô,Connectives/Aspect markers,alignment_labeled
MCQA_0123_0,MCQA,PNT4,replace,nhìn,ngó,Predicate vocabulary,alignment_labeled
MCQA_0123_6,MCQA,PNN,replace,các,mấy,Demonstratives/Deixis,alignment_labeled
MCQA_0123_6,MCQA,PNN,replace,đến,tới,Connectives/Aspect markers,alignment_labeled
MCQA_0123_6,MCQA,PNN,replace,không về,hông dìa,Negation/Function words,alignment_labeled
MCQA_0123_6,MCQA,PNT1,replace,không,nỏ,Negation/Function words,alignment_labeled
MCQA_0123_6,MCQA,PNT1,replace,và,ví,Connectives/Aspect markers,alignment_labeled
MCQA_0123_6,MCQA,PNT2,replace,nào không,mô nỏ,Interrogatives,alignment_labeled
MCQA_0123_6,MCQA,PNT3,replace,các,mấy,Demonstratives/Deixis,alignment_labeled
MCQA_0123_6,MCQA,PNT4,replace,đến,tới,Connectives/Aspect markers,alignment_labeled
MCQA_0123_6,MCQA,PNT4,replace,rời,bỏ,Predicate vocabulary,alignment_labeled
MCQA_0123_6,MCQA,PNT4,replace,rớm,chớm,Predicate vocabulary,alignment_labeled
MCQA_0126_2,MCQA,PNN,replace,hạt,hột,Predicate vocabulary,alignment_labeled
MCQA_0126_2,MCQA,PNN,replace,như thế nào,ra sao,Interrogatives,alignment_labeled
MCQA_0126_2,MCQA,PNN,replace,hạt,hột,Predicate vocabulary,alignment_labeled
MCQA_0126_2,MCQA,PNN,replace,nảy,mọc,Predicate vocabulary,alignment_labeled
MCQA_0126_2,MCQA,PNN,replace,những,mấy,Demonstratives/Deixis,alignment_labeled
MCQA_0126_2,MCQA,PNN,replace,hạt,hột,Predicate vocabulary,alignment_labeled
MCQA_0126_2,MCQA,PNN,replace,những chiếc,mấy cái,Demonstratives/Deixis,alignment_labeled
MCQA_0126_2,MCQA,PNN,replace,hạt,hột,Predicate vocabulary,alignment_labeled
MCQA_0126_2,MCQA,PNN,replace,hạt,hột,Predicate vocabulary,alignment_labeled
MCQA_0126_2,MCQA,PNN,replace,đến thối,tới thúi,Connectives/Aspect markers,alignment_labeled
MCQA_0126_2,MCQA,PNT1,replace,với,ví,Predicate vocabulary,alignment_labeled
MCQA_0126_2,MCQA,PNT2,replace,như thế nào,a răng,Interrogatives,alignment_labeled
MCQA_0126_2,MCQA,PNT3,replace,những,mấy,Demonstratives/Deixis,alignment_labeled
MCQA_0126_2,MCQA,PNT3,replace,những,mấy,Demonstratives/Deixis,alignment_labeled
MCQA_0126_2,MCQA,PNT3,replace,đến,tới,Connectives/Aspect markers,alignment_labeled
MCQA_0127_0,MCQA,PNN,replace,hoa quả,trái cây,Predicate vocabulary,alignment_labeled
MCQA_0127_0,MCQA,PNT3,replace,và,với,Connectives/Aspect markers,alignment_labeled
MCQA_0127_0,MCQA,PNT3,replace,và,với,Connectives/Aspect markers,alignment_labeled
MCQA_0127_3,MCQA,PNN,replace,điều may mắn,chuyện hên,Predicate vocabulary,alignment_labeled
MCQA_0127_3,MCQA,PNN,replace,điều khiển,lái,Predicate vocabulary,alignment_labeled
MCQA_0127_3,MCQA,PNN,replace,đến,tới,Connectives/Aspect markers,alignment_labeled
MCQA_0127_3,MCQA,PNT1,replace,sự,lúc,Connectives/Aspect markers,alignment_labeled
MCQA_0127_3,MCQA,PNT1,replace,lao,phóng,Predicate vocabulary,alignment_labeled
MCQA_0127_3,MCQA,PNT1,replace,ghi đông,tay xe,Predicate vocabulary,alignment_labeled
MCQA_0127_3,MCQA,PNT1,replace,gọi,hú,Predicate vocabulary,alignment_labeled
MCQA_0127_3,MCQA,PNT2,replace,đã làm gì,đạ mần chi,Interrogatives,alignment_labeled
MCQA_0127_3,MCQA,PNT2,replace,gọi thật,hú thiệt,Connectives/Aspect markers,alignment_labeled
MCQA_0127_3,MCQA,PNT3,replace,nghĩ tới,nhờ tời,Predicate vocabulary,alignment_labeled
MCQA_0127_3,MCQA,PNT3,replace,gọi thật,hú đại,Connectives/Aspect markers,alignment_labeled
MCQA_0127_3,MCQA,PNT3,replace,đường đến,đàng tới,Connectives/Aspect markers,alignment_labeled
MCQA_0127_3,MCQA,PNT4,replace,ghi đông,tay lái,Predicate vocabulary,alignment_labeled
MCQA_0128_1,MCQA,PNN,replace,những,các,Demonstratives/Deixis,alignment_labeled
MCQA_0128_1,MCQA,PNN,replace,bố mẹ,ba má,Kinship/Honorific terms,alignment_labeled
MCQA_0128_1,MCQA,PNN,replace,rơi,rớt,Predicate vocabulary,alignment_labeled
MCQA_0128_1,MCQA,PNN,replace,rơi,rớt,Predicate vocabulary,alignment_labeled
MCQA_0128_1,MCQA,PNT1,replace,không,nỏ,Negation/Function words,alignment_labeled
MCQA_0128_1,MCQA,PNT1,replace,và,ví,Connectives/Aspect markers,alignment_labeled
MCQA_0128_1,MCQA,PNT1,replace,không,nỏ,Negation/Function words,alignment_labeled
MCQA_0128_1,MCQA,PNT1,replace,và,ví,Connectives/Aspect markers,alignment_labeled
MCQA_0128_2,MCQA,PNN,replace,bố,ba,Kinship/Honorific terms,alignment_labeled
MCQA_0128_2,MCQA,PNN,replace,và bảo,rồi kêu,Connectives/Aspect markers,alignment_labeled
MCQA_0128_2,MCQA,PNN,replace,ngừa,hờ,Predicate vocabulary,alignment_labeled
MCQA_0128_2,MCQA,PNT1,replace,gì,cấy chi,Interrogatives,alignment_labeled
MCQA_0128_2,MCQA,PNT3,replace,bảo,nói,Predicate vocabulary,alignment_labeled
MCQA_0137_1,MCQA,PNN,replace,bố,ba,Kinship/Honorific terms,alignment_labeled
MCQA_0137_1,MCQA,PNN,replace,nẻo,con,Predicate vocabulary,alignment_labeled
MCQA_0137_1,MCQA,PNN,replace,trẻ em,con nít,Pronouns,alignment_labeled
MCQA_0137_1,MCQA,PNT1,replace,dưới,dứi,Predicate vocabulary,alignment_labeled
MCQA_0137_1,MCQA,PNT1,replace,gì,chi,Interrogatives,alignment_labeled
MCQA_0137_1,MCQA,PNT3,replace,các nẻo đường,mấy lộ,Demonstratives/Deixis,alignment_labeled
MCQA_0137_1,MCQA,PNT3,replace,các,mấy,Demonstratives/Deixis,alignment_labeled
MCQA_0137_1,MCQA,PNT3,replace,những,mấy,Demonstratives/Deixis,alignment_labeled
MCQA_0137_1,MCQA,PNT3,replace,các,mấy,Demonstratives/Deixis,alignment_labeled
MCQA_0137_1,MCQA,PNT3,replace,chỗ,lộ,Predicate vocabulary,alignment_labeled
MCQA_0137_1,MCQA,PNT3,replace,để,mà,Connectives/Aspect markers,alignment_labeled
MCQA_0137_1,MCQA,PNT4,replace,rất nhiều,quá trời,Demonstratives/Deixis,alignment_labeled
MCQA_0137_1,MCQA,PNT4,replace,các,mấy,Demonstratives/Deixis,alignment_labeled
MCQA_0137_1,MCQA,PNT4,replace,các,mấy,Demonstratives/Deixis,alignment_labeled
MCQA_0137_1,MCQA,PNT4,replace,những,mấy,Demonstratives/Deixis,alignment_labeled
MCQA_0137_1,MCQA,PNT4,replace,đến,tới,Connectives/Aspect markers,alignment_labeled
MCQA_0137_1,MCQA,PNT4,replace,nhằm,để,Connectives/Aspect markers,alignment_labeled
MCQA_0137_3,MCQA,PNN,replace,người bố,ba,Kinship/Honorific terms,alignment_labeled
MCQA_0137_3,MCQA,PNN,replace,những,mấy,Demonstratives/Deixis,alignment_labeled
MCQA_0137_3,MCQA,PNN,replace,để,đặng,Connectives/Aspect markers,alignment_labeled
MCQA_0137_3,MCQA,PNN,replace,tập,hành,Predicate vocabulary,alignment_labeled
MCQA_0137_3,MCQA,PNN,replace,tập,hành,Predicate vocabulary,alignment_labeled
MCQA_0137_3,MCQA,PNT1,replace,điều,việc,Predicate vocabulary,alignment_labeled
MCQA_0137_3,MCQA,PNT1,replace,thôi thúc,giục,Discourse particles,alignment_labeled
MCQA_0137_3,MCQA,PNT2,replace,những,nhửng,Demonstratives/Deixis,alignment_labeled
MCQA_0137_3,MCQA,PNT3,replace,điều gì qua,cấy chi trong,Interrogatives,alignment_labeled
MCQA_0138_3,MCQA,PNB,replace,mát,lát,Predicate vocabulary,alignment_labeled
MCQA_0138_3,MCQA,PNN,replace,tôi không,tui hông,Negation/Function words,alignment_labeled
MCQA_0138_3,MCQA,PNT1,replace,cho,chua,Connectives/Aspect markers,alignment_labeled
MCQA_0138_3,MCQA,PNT1,replace,cho,chua,Connectives/Aspect markers,alignment_labeled
MCQA_0138_3,MCQA,PNT1,replace,cho,chua,Connectives/Aspect markers,alignment_labeled
MCQA_0138_3,MCQA,PNT2,replace,như thế nào,a răng,Interrogatives,alignment_labeled
MCQA_0138_3,MCQA,PNT2,replace,người nấy,ngài nớ,Demonstratives/Deixis,alignment_labeled
MCQA_0138_3,MCQA,PNT2,replace,tôi không,tui nỏ,Pronouns,alignment_labeled
MCQA_0138_3,MCQA,PNT4,replace,nhé,nghe,Discourse particles,alignment_labeled
MCQA_0138_5,MCQA,PNN,replace,điều,chuyện,Predicate vocabulary,alignment_labeled
MCQA_0138_5,MCQA,PNN,replace,khi,lúc,Connectives/Aspect markers,alignment_labeled
MCQA_0138_5,MCQA,PNN,replace,mang,chở,Predicate vocabulary,alignment_labeled
MCQA_0138_5,MCQA,PNN,replace,và không,rồi hông,Negation/Function words,alignment_labeled
MCQA_0138_5,MCQA,PNN,replace,trút,quăng,Predicate vocabulary,alignment_labeled
MCQA_0138_5,MCQA,PNN,replace,và,rồi,Connectives/Aspect markers,alignment_labeled
MCQA_0138_5,MCQA,PNN,replace,và không,với hông,Negation/Function words,alignment_labeled
MCQA_0138_5,MCQA,PNN,replace,và,rồi,Connectives/Aspect markers,alignment_labeled
MCQA_0138_5,MCQA,PNN,replace,vệ,lề,Predicate vocabulary,alignment_labeled
MCQA_0138_5,MCQA,PNT1,replace,gì,chi,Interrogatives,alignment_labeled
MCQA_0138_5,MCQA,PNT1,replace,với,ví,Predicate vocabulary,alignment_labeled
MCQA_0138_5,MCQA,PNT2,replace,gì đã,chi đạ,Interrogatives,alignment_labeled
MCQA_0138_5,MCQA,PNT3,replace,và,rồi,Connectives/Aspect markers,alignment_labeled
MCQA_0138_5,MCQA,PNT3,replace,và,rồi,Connectives/Aspect markers,alignment_labeled
MCQA_0138_5,MCQA,PNT3,replace,và,nên,Connectives/Aspect markers,alignment_labeled
MCQA_0138_5,MCQA,PNT3,replace,và,rồi,Connectives/Aspect markers,alignment_labeled
MCQA_0138_5,MCQA,PNT4,replace,vẫn,cứ,Predicate vocabulary,alignment_labeled
MCQA_0138_5,MCQA,PNT4,replace,vệ,lề,Predicate vocabulary,alignment_labeled
MCQA_0140_3,MCQA,PNN,replace,như thế nào,ra sao,Interrogatives,alignment_labeled
MCQA_0140_3,MCQA,PNN,replace,và rất,với,Connectives/Aspect markers,alignment_labeled
MCQA_0140_3,MCQA,PNN,replace,và,với,Connectives/Aspect markers,alignment_labeled
MCQA_0140_3,MCQA,PNN,replace,và,lắm với,Discourse particles,alignment_labeled
MCQA_0140_3,MCQA,PNN,replace,và,với,Connectives/Aspect markers,alignment_labeled
MCQA_0140_3,MCQA,PNT1,replace,cho,chua,Connectives/Aspect markers,alignment_labeled
MCQA_0140_3,MCQA,PNT2,replace,như thế nào,a răng,Interrogatives,alignment_labeled
MCQA_0140_3,MCQA,PNT3,replace,và,với,Connectives/Aspect markers,alignment_labeled
MCQA_0140_3,MCQA,PNT3,replace,và,với,Connectives/Aspect markers,alignment_labeled
MCQA_0140_3,MCQA,PNT3,replace,và,với,Connectives/Aspect markers,alignment_labeled
MCQA_0141_2,MCQA,PNN,replace,vì,tại,Connectives/Aspect markers,alignment_labeled
MCQA_0141_2,MCQA,PNN,replace,vì,tại,Connectives/Aspect markers,alignment_labeled
MCQA_0141_2,MCQA,PNN,replace,vì,tại,Connectives/Aspect markers,alignment_labeled
MCQA_0141_2,MCQA,PNN,replace,quả,trái,Predicate vocabulary,alignment_labeled
MCQA_0141_2,MCQA,PNN,replace,vì,tại cái,Connectives/Aspect markers,alignment_labeled
MCQA_0141_2,MCQA,PNN,replace,những,mấy cái,Demonstratives/Deixis,alignment_labeled
MCQA_0141_2,MCQA,PNT2,replace,tại sao,vì răng mà,Interrogatives,alignment_labeled
MCQA_0141_2,MCQA,PNT2,replace,cũng,còn,Predicate vocabulary,alignment_labeled
MCQA_0141_2,MCQA,PNT3,replace,những,mấy,Demonstratives/Deixis,alignment_labeled
MCQA_0141_2,MCQA,PNT4,replace,những,mấy,Demonstratives/Deixis,alignment_labeled
MCQA_0141_3,MCQA,PNN,replace,quả,trái,Predicate vocabulary,alignment_labeled
MCQA_0141_3,MCQA,PNT4,replace,nào khác,mô nữa,Interrogatives,alignment_labeled
MCQA_0142_1,MCQA,PNN,replace,những,mấy,Demonstratives/Deixis,alignment_labeled
MCQA_0142_1,MCQA,PNN,replace,những,mấy,Demonstratives/Deixis,alignment_labeled
MCQA_0142_1,MCQA,PNN,replace,vào,vô,Connectives/Aspect markers,alignment_labeled
MCQA_0142_1,MCQA,PNN,replace,vào,vô,Connectives/Aspect markers,alignment_labeled
MCQA_0142_1,MCQA,PNN,replace,những,mấy,Demonstratives/Deixis,alignment_labeled
MCQA_0142_1,MCQA,PNT1,replace,cho,chua,Connectives/Aspect markers,alignment_labeled
MCQA_0142_1,MCQA,PNT1,replace,với,ví,Predicate vocabulary,alignment_labeled
MCQA_0142_1,MCQA,PNT2,replace,vào,vô,Connectives/Aspect markers,alignment_labeled
MCQA_0142_1,MCQA,PNT2,replace,vào,vô,Connectives/Aspect markers,alignment_labeled
MCQA_0142_1,MCQA,PNT3,replace,vào,vô,Connectives/Aspect markers,alignment_labeled
MCQA_0142_1,MCQA,PNT3,replace,vào,vô,Connectives/Aspect markers,alignment_labeled
MCQA_0144_0,MCQA,PNN,replace,mẹ,má,Kinship/Honorific terms,alignment_labeled
MCQA_0144_0,MCQA,PNN,replace,bố,cha,Kinship/Honorific terms,alignment_labeled
MCQA_0144_0,MCQA,PNN,replace,ngan bố,vịt xiêm ba,Kinship/Honorific terms,alignment_labeled
MCQA_0144_0,MCQA,PNN,replace,và,với,Connectives/Aspect markers,alignment_labeled
MCQA_0144_0,MCQA,PNT1,replace,cha,bố,Kinship/Honorific terms,alignment_labeled
MCQA_0144_0,MCQA,PNT1,replace,cho,chua,Connectives/Aspect markers,alignment_labeled
MCQA_0144_0,MCQA,PNT3,replace,bão vắng mẹ,bạo thiếu mạ,Kinship/Honorific terms,alignment_labeled
MCQA_0144_3,MCQA,PNN,replace,những,mấy,Demonstratives/Deixis,alignment_labeled
MCQA_0144_3,MCQA,PNN,replace,giúp bố,phụ ba,Kinship/Honorific terms,alignment_labeled
MCQA_0144_3,MCQA,PNN,replace,giúp bố,phụ ba,Kinship/Honorific terms,alignment_labeled
MCQA_0144_3,MCQA,PNN,replace,và,với,Connectives/Aspect markers,alignment_labeled
MCQA_0144_3,MCQA,PNN,replace,đàn ngan,bầy vịt xiêm,Predicate vocabulary,alignment_labeled
MCQA_0144_3,MCQA,PNN,replace,đàn ngan,bầy vịt xiêm,Predicate vocabulary,alignment_labeled
MCQA_0144_3,MCQA,PNN,replace,và,với,Connectives/Aspect markers,alignment_labeled
MCQA_0144_3,MCQA,PNT2,replace,đã làm,đạ mần,Connectives/Aspect markers,alignment_labeled
MCQA_0144_3,MCQA,PNT3,replace,và,với,Connectives/Aspect markers,alignment_labeled
MCQA_0144_3,MCQA,PNT3,replace,và,với,Connectives/Aspect markers,alignment_labeled
MCQA_0144_3,MCQA,PNT4,replace,chăm,giữ,Predicate vocabulary,alignment_labeled
MCQA_0144_3,MCQA,PNT4,replace,chăm,giữ,Predicate vocabulary,alignment_labeled
MCQA_0147_4,MCQA,PNN,replace,những,mấy,Demonstratives/Deixis,alignment_labeled
MCQA_0147_4,MCQA,PNT1,replace,với,ví,Predicate vocabulary,alignment_labeled
MCQA_0147_4,MCQA,PNT2,replace,những,mấy,Demonstratives/Deixis,alignment_labeled
MCQA_0147_4,MCQA,PNT3,replace,những,mấy,Demonstratives/Deixis,alignment_labeled
MCQA_0148_3,MCQA,PNN,replace,việc,chuyện,Predicate vocabulary,alignment_labeled
MCQA_0148_3,MCQA,PNN,replace,như thế nào,ra sao,Interrogatives,alignment_labeled
MCQA_0148_3,MCQA,PNN,replace,chúng,tụi,Pronouns,alignment_labeled
MCQA_0148_3,MCQA,PNN,replace,đến,tới,Connectives/Aspect markers,alignment_labeled
MCQA_0148_3,MCQA,PNN,replace,chúng,tụi,Pronouns,alignment_labeled
MCQA_0148_3,MCQA,PNN,replace,đến,tới,Connectives/Aspect markers,alignment_labeled
MCQA_0148_3,MCQA,PNN,replace,chúng,tụi,Pronouns,alignment_labeled
MCQA_0148_3,MCQA,PNN,replace,đến,tới,Connectives/Aspect markers,alignment_labeled
MCQA_0148_3,MCQA,PNT1,replace,cho,chua,Connectives/Aspect markers,alignment_labeled
MCQA_0148_3,MCQA,PNT2,replace,như thế nào,à răng,Interrogatives,alignment_labeled
MCQA_0148_3,MCQA,PNT2,replace,chúng,nhà,Pronouns,alignment_labeled
MCQA_0148_3,MCQA,PNT2,replace,chúng,nhà,Pronouns,alignment_labeled
MCQA_0148_3,MCQA,PNT2,replace,chúng,nhà,Pronouns,alignment_labeled
MCQA_0148_3,MCQA,PNT3,replace,chúng,bọn,Pronouns,alignment_labeled
MCQA_0148_3,MCQA,PNT3,replace,chúng,bọn,Pronouns,alignment_labeled
MCQA_0148_3,MCQA,PNT3,replace,chúng,bọn,Pronouns,alignment_labeled
MCQA_0148_3,MCQA,PNT3,replace,tối,túi,Predicate vocabulary,alignment_labeled
MCQA_0148_3,MCQA,PNT4,replace,như thế nào,ra ren,Interrogatives,alignment_labeled
MCQA_0151_1,MCQA,PNT1,replace,xuống suối,xún súi,Predicate vocabulary,alignment_labeled
MCQA_0151_1,MCQA,PNT2,replace,nó làm gì,hấn mần chi,Pronouns,alignment_labeled
MCQA_0151_1,MCQA,PNT2,replace,vào,vô,Connectives/Aspect markers,alignment_labeled
MCQA_0151_1,MCQA,PNT3,replace,muốn gọi,ưng kêu,Predicate vocabulary,alignment_labeled
MCQA_0151_1,MCQA,PNT3,replace,đàn,bầy,Predicate vocabulary,alignment_labeled
MCQA_0151_1,MCQA,PNT3,replace,vào,vô,Connectives/Aspect markers,alignment_labeled
MCQA_0151_1,MCQA,PNT3,replace,đàn,bầy,Predicate vocabulary,alignment_labeled
MCQA_0151_3,MCQA,PNT2,replace,như thế nào,a răng,Interrogatives,alignment_labeled
MCQA_0151_3,MCQA,PNT3,replace,như thế nào,dư răng,Interrogatives,alignment_labeled
MCQA_0152_0,MCQA,PNN,replace,đi,hai,Predicate vocabulary,alignment_labeled
MCQA_0152_0,MCQA,PNT1,replace,gì,chi cả,Interrogatives,alignment_labeled
MCQA_0152_0,MCQA,PNT2,replace,như thế nào,a răng,Interrogatives,alignment_labeled
MCQA_0152_0,MCQA,PNT2,replace,toòng teng,hoa tai,Predicate vocabulary,alignment_labeled
MCQA_0152_0,MCQA,PNT3,replace,bận,mắc,Predicate vocabulary,alignment_labeled
MCQA_0152_0,MCQA,PNT4,replace,hiệu,hàng,Predicate vocabulary,alignment_labeled
MCQA_0152_0,MCQA,PNT4,replace,cậu,anh,Pronouns,alignment_labeled
MCQA_0152_0,MCQA,PNT4,replace,bóng,bong,Predicate vocabulary,alignment_labeled
MCQA_0152_0,MCQA,PNT4,replace,bận,mắc,Predicate vocabulary,alignment_labeled
MCQA_0152_0,MCQA,PNT4,replace,bóng,bong,Predicate vocabulary,alignment_labeled
MCQA_0152_0,MCQA,PNT4,replace,mang,đem,Predicate vocabulary,alignment_labeled
MCQA_0152_3,MCQA,PNN,replace,“tôi,“tui,Pronouns,alignment_labeled
MCQA_0152_3,MCQA,PNN,replace,và,với,Connectives/Aspect markers,alignment_labeled
MCQA_0152_3,MCQA,PNN,replace,nhìn,ngó,Predicate vocabulary,alignment_labeled
MCQA_0152_3,MCQA,PNT1,replace,“tôi,“tau,Pronouns,alignment_labeled
MCQA_0152_3,MCQA,PNT2,replace,“tôi,“tui,Pronouns,alignment_labeled
MCQA_0152_3,MCQA,PNT3,replace,“tôi mong mình,“tau trông mềng,Pronouns,alignment_labeled
MCQA_0152_3,MCQA,PNT3,replace,mình,mềng,Pronouns,alignment_labeled
MCQA_0152_3,MCQA,PNT3,replace,bà mong mình,mệ trông mềng,Pronouns,alignment_labeled
MCQA_0152_3,MCQA,PNT3,replace,bà mong mình,mệ trông mềng,Pronouns,alignment_labeled
MCQA_0152_3,MCQA,PNT3,replace,cậu,cu,Pronouns,alignment_labeled
MCQA_0152_3,MCQA,PNT3,replace,bà mong mình,mệ trông mềng,Pronouns,alignment_labeled
NLI_0647,NLI,PNN,replace,vào,vô,Connectives/Aspect markers,alignment_labeled
NLI_0716,NLI,PNN,replace,cô gái cưới,cổ lấy,Pronouns,alignment_labeled
NLI_0830,NLI,PNT1,replace,cho,chua,Connectives/Aspect markers,alignment_labeled
NLI_0830,NLI,PNT2,replace,hôm,vào bựa,Predicate vocabulary,alignment_labeled
NLI_0830,NLI,PNT2,replace,cũng đều,cụng,Predicate vocabulary,alignment_labeled
NLI_0959,NLI,PNB,replace,ngưới,người,Predicate vocabulary,alignment_labeled
NLI_0959,NLI,PNN,replace,trong tương lai,sau này,Connectives/Aspect markers,alignment_labeled
NLI_0959,NLI,PNN,replace,những,mấy,Demonstratives/Deixis,alignment_labeled
NLI_0959,NLI,PNN,replace,đến,tới,Connectives/Aspect markers,alignment_labeled
NLI_0959,NLI,PNN,replace,số,phần,Predicate vocabulary,alignment_labeled
NLI_0959,NLI,PNN,replace,nữ,con gái,Predicate vocabulary,alignment_labeled
NLI_0959,NLI,PNT1,replace,có điểm,cúa đỉm,Predicate vocabulary,alignment_labeled
NLI_0959,NLI,PNT3,replace,trong tương lai,sau ni,Demonstratives/Deixis,alignment_labeled
NLI_0959,NLI,PNT3,replace,ngưới,người,Predicate vocabulary,alignment_labeled
NLI_0959,NLI,PNT3,replace,đến,tới,Connectives/Aspect markers,alignment_labeled
NLI_1019,NLI,PNN,replace,các,mấy,Demonstratives/Deixis,alignment_labeled
NLI_1019,NLI,PNT3,replace,các,mấy cái,Demonstratives/Deixis,alignment_labeled
NLI_1077,NLI,PNN,replace,ví,bóp,Predicate vocabulary,alignment_labeled
NLI_1114,NLI,PNT1,replace,chúng tôi,bọn tau,Pronouns,alignment_labeled
NLI_1420,NLI,PNN,replace,buồn,sầu,Predicate vocabulary,alignment_labeled
NLI_1420,NLI,PNT3,replace,không cảm thấy,nỏ chộ,Negation/Function words,alignment_labeled
NLI_1465,NLI,PNT4,replace,ví,bóp,Predicate vocabulary,alignment_labeled
NLI_1639,NLI,PNB,replace,rễ,rể,Predicate vocabulary,alignment_labeled
NLI_1639,NLI,PNT1,replace,giỏi,giuổi,Predicate vocabulary,alignment_labeled
NLI_1677,NLI,PNT3,replace,bãi,bại,Predicate vocabulary,alignment_labeled
NLI_1749,NLI,PNT1,replace,không,chả,Negation/Function words,alignment_labeled
NLI_1775,NLI,PNN,replace,những,mấy,Demonstratives/Deixis,alignment_labeled
NLI_1775,NLI,PNN,replace,và,với,Connectives/Aspect markers,alignment_labeled
NLI_1775,NLI,PNN,replace,những gì,mấy cái,Interrogatives,alignment_labeled
NLI_1775,NLI,PNN,replace,vào,vô,Connectives/Aspect markers,alignment_labeled
NLI_1775,NLI,PNT3,replace,và,với,Connectives/Aspect markers,alignment_labeled
NLI_1775,NLI,PNT4,replace,vào,vô,Connectives/Aspect markers,alignment_labeled
NLI_1921,NLI,PNN,replace,và các,với mấy,Demonstratives/Deixis,alignment_labeled
NLI_1921,NLI,PNN,replace,rất to,bự chảng,Predicate vocabulary,alignment_labeled
NLI_1921,NLI,PNT2,replace,rằng,là,Predicate vocabulary,alignment_labeled
NLI_1921,NLI,PNT2,replace,các,mấy,Demonstratives/Deixis,alignment_labeled
NLI_1921,NLI,PNT3,replace,rằng,là,Predicate vocabulary,alignment_labeled
NLI_1921,NLI,PNT4,replace,rằng,là,Predicate vocabulary,alignment_labeled
NLI_1921,NLI,PNT4,replace,nơi,chỗ,Predicate vocabulary,alignment_labeled
NLI_1921,NLI,PNT4,replace,và các,với mấy,Demonstratives/Deixis,alignment_labeled
NLI_1921,NLI,PNT4,replace,có kích thước rất to,bự quá chừng,Discourse particles,alignment_labeled
NLI_2198,NLI,PNB,replace,nóng,sốt,Predicate vocabulary,alignment_labeled
NLI_2198,NLI,PNB,replace,vì,tại,Connectives/Aspect markers,alignment_labeled
NLI_2198,NLI,PNN,replace,vì,tại,Connectives/Aspect markers,alignment_labeled
NLI_2198,NLI,PNT1,replace,nóng,sốt,Predicate vocabulary,alignment_labeled
NLI_2313,NLI,PNB,replace,thắng,thắn,Predicate vocabulary,alignment_labeled
NLI_2313,NLI,PNT1,replace,biết,bítt,Predicate vocabulary,alignment_labeled
NLI_2313,NLI,PNT1,replace,có,cúa cấy,Demonstratives/Deixis,alignment_labeled
NLI_2313,NLI,PNT1,replace,"biết""","bít""",Predicate vocabulary,alignment_labeled
NLI_2313,NLI,PNT2,replace,chúng,nhà,Pronouns,alignment_labeled
NLI_2354,NLI,PNB,replace,sau,từ,Connectives/Aspect markers,alignment_labeled
NLI_2559,NLI,PNT1,replace,hỏa,hoã,Predicate vocabulary,alignment_labeled
NLI_2559,NLI,PNT1,replace,không,chả,Negation/Function words,alignment_labeled
NLI_2559,NLI,PNT1,replace,gì,chi,Interrogatives,alignment_labeled
NLI_2615,NLI,PNB,replace,lí,lý,Predicate vocabulary,alignment_labeled
NLI_2615,NLI,PNT1,replace,chui,bò,Predicate vocabulary,alignment_labeled
NLI_2615,NLI,PNT1,replace,không,chả,Negation/Function words,alignment_labeled
NLI_2615,NLI,PNT1,replace,gì,chi,Interrogatives,alignment_labeled
NLI_2837,NLI,PNT1,replace,chiếm,chím,Predicate vocabulary,alignment_labeled
NLI_2899,NLI,PNN,replace,mẹ,mã,Kinship/Honorific terms,alignment_labeled
NLI_2899,NLI,PNT1,replace,xem,coi,Predicate vocabulary,alignment_labeled
NLI_2899,NLI,PNT2,replace,những,mấy cấy,Demonstratives/Deixis,alignment_labeled
NLI_2899,NLI,PNT3,replace,xem những,coi mấy,Demonstratives/Deixis,alignment_labeled
NLI_2899,NLI,PNT4,replace,ảnh,hình,Predicate vocabulary,alignment_labeled
NLI_2948,NLI,PNT1,replace,những,nhửng,Demonstratives/Deixis,alignment_labeled
NLI_2948,NLI,PNT3,replace,gì chúng tôi,chi choa,Pronouns,alignment_labeled
NLI_3048,NLI,PNN,replace,giai đoạn,lúc,Connectives/Aspect markers,alignment_labeled
NLI_3048,NLI,PNN,replace,hoặc,hay,Connectives/Aspect markers,alignment_labeled
NLI_3048,NLI,PNT2,replace,này không,ni nỏ,Demonstratives/Deixis,alignment_labeled
NLI_3048,NLI,PNT3,replace,này không,ni khung,Demonstratives/Deixis,alignment_labeled
NLI_3048,NLI,PNT3,replace,sang,qua,Predicate vocabulary,alignment_labeled
NLI_3048,NLI,PNT4,replace,một số,mấy,Demonstratives/Deixis,alignment_labeled
NLI_3048,NLI,PNT4,replace,giai đoạn này,đợt ni,Demonstratives/Deixis,alignment_labeled
NLI_3048,NLI,PNT4,replace,di chuyển,đi,Predicate vocabulary,alignment_labeled
NLI_3048,NLI,PNT4,replace,hoặc sang,hay qua,Connectives/Aspect markers,alignment_labeled
NLI_3107,NLI,PNB,replace,đển,đến,Predicate vocabulary,alignment_labeled
NLI_3107,NLI,PNN,replace,đển,tới,Connectives/Aspect markers,alignment_labeled
NLI_3107,NLI,PNT3,replace,đển,đến,Predicate vocabulary,alignment_labeled
NLI_3107,NLI,PNT4,replace,nhắc,nói,Predicate vocabulary,alignment_labeled
NLI_3108,NLI,PNN,replace,vào,hồi,Connectives/Aspect markers,alignment_labeled
NLI_3108,NLI,PNT1,replace,mong muốn,ưng,Predicate vocabulary,alignment_labeled
NLI_3108,NLI,PNT2,replace,mong muốn,ưng,Predicate vocabulary,alignment_labeled
NLI_3108,NLI,PNT3,replace,vào,hồi,Connectives/Aspect markers,alignment_labeled
NLI_3108,NLI,PNT3,replace,mong muốn,ưng,Predicate vocabulary,alignment_labeled
NLI_3108,NLI,PNT4,replace,vào,hồi,Connectives/Aspect markers,alignment_labeled
NLI_3171,NLI,PNN,replace,vỡ vụn,banh,Predicate vocabulary,alignment_labeled
NLI_3171,NLI,PNT4,replace,quả,trái,Predicate vocabulary,alignment_labeled
NLI_3171,NLI,PNT4,replace,cô ấy vỡ vụn,cổ nát bét,Pronouns,alignment_labeled
NLI_3172,NLI,PNN,replace,có vẻ điều,coi bộ chuyện,Idiomatic expressions,alignment_labeled
NLI_3172,NLI,PNT2,replace,đó không,nớ nỏ,Demonstratives/Deixis,alignment_labeled
NLI_3172,NLI,PNT3,replace,đó không,nớ nỏ,Demonstratives/Deixis,alignment_labeled
NLI_3201,NLI,PNN,replace,bởi,tại,Connectives/Aspect markers,alignment_labeled
NLI_3201,NLI,PNT2,replace,bởi vì,do cấy,Connectives/Aspect markers,alignment_labeled
NLI_3201,NLI,PNT3,replace,bởi vì,tại,Connectives/Aspect markers,alignment_labeled
NLI_3201,NLI,PNT3,replace,mới muốn giành,mì ưng treng,Idiomatic expressions,alignment_labeled
NLI_3201,NLI,PNT4,replace,bởi,tại,Connectives/Aspect markers,alignment_labeled
NLI_3269,NLI,PNN,replace,do,tại,Connectives/Aspect markers,alignment_labeled
NLI_3269,NLI,PNN,replace,chú,con,Kinship/Honorific terms,alignment_labeled
NLI_3269,NLI,PNT1,replace,vậy nên,di niên,Demonstratives/Deixis,alignment_labeled
NLI_3269,NLI,PNT2,replace,nào làm,mô mần,Interrogatives,alignment_labeled
NLI_3269,NLI,PNT3,replace,nào làm,mô mần,Interrogatives,alignment_labeled
NLI_3269,NLI,PNT4,replace,chú,con,Kinship/Honorific terms,alignment_labeled
NLI_3340,NLI,PNT3,replace,ấy đã,nớ đạ,Demonstratives/Deixis,alignment_labeled
NLI_3719,NLI,PNN,replace,do,tại,Connectives/Aspect markers,alignment_labeled
NLI_3719,NLI,PNT2,replace,số lượng lớn,vơ trời,Predicate vocabulary,alignment_labeled
NLI_3719,NLI,PNT3,replace,giành,treng,Predicate vocabulary,alignment_labeled
NLI_3739,NLI,PNT1,replace,giải,giãi,Predicate vocabulary,alignment_labeled
NLI_3915,NLI,PNN,replace,ôtô cá,xe hơi cá,Predicate vocabulary,alignment_labeled
NLI_3915,NLI,PNT1,replace,thể gắn,thễ lắp,Predicate vocabulary,alignment_labeled
NLI_3915,NLI,PNT4,replace,ôtô cá nhân,xe hơi riêng,Idiomatic expressions,alignment_labeled
NLI_3951,NLI,PNT1,replace,có,cúa,Predicate vocabulary,alignment_labeled
NLI_3951,NLI,PNT2,replace,các,mấy,Demonstratives/Deixis,alignment_labeled
NLI_3951,NLI,PNT3,replace,các,mấy,Demonstratives/Deixis,alignment_labeled
NLI_3951,NLI,PNT4,replace,các,mấy,Demonstratives/Deixis,alignment_labeled
NLI_3951,NLI,PNT4,replace,gắn,lắp,Predicate vocabulary,alignment_labeled
NLI_4015,NLI,PNN,replace,do,tại,Connectives/Aspect markers,alignment_labeled
NLI_4015,NLI,PNN,replace,vào,vô,Connectives/Aspect markers,alignment_labeled
NLI_4015,NLI,PNT1,replace,vào,vô,Connectives/Aspect markers,alignment_labeled
NLI_4015,NLI,PNT2,replace,vào,vô,Connectives/Aspect markers,alignment_labeled
NLI_4015,NLI,PNT3,replace,vào,vô,Connectives/Aspect markers,alignment_labeled
NLI_4015,NLI,PNT4,replace,vào,vô,Connectives/Aspect markers,alignment_labeled
NLI_4176,NLI,PNT1,replace,đủ,đũ,Predicate vocabulary,alignment_labeled
NLI_4176,NLI,PNT1,replace,triển,triễn,Predicate vocabulary,alignment_labeled
NLI_4217,NLI,PNN,replace,mang thai,có chửa,Predicate vocabulary,alignment_labeled
NLI_4217,NLI,PNN,replace,vào,vô,Connectives/Aspect markers,alignment_labeled
NLI_4217,NLI,PNT1,replace,mang thai,có bầu,Predicate vocabulary,alignment_labeled
NLI_4217,NLI,PNT1,replace,không,chả,Negation/Function words,alignment_labeled
NLI_4217,NLI,PNT1,replace,bắt,tống,Predicate vocabulary,alignment_labeled
NLI_4217,NLI,PNT3,replace,thai,bầu,Predicate vocabulary,alignment_labeled
NLI_4217,NLI,PNT3,replace,vào,vô,Connectives/Aspect markers,alignment_labeled
NLI_4221,NLI,PNN,replace,chắn,cú,Predicate vocabulary,alignment_labeled
NLI_4221,NLI,PNN,replace,những,mấy,Demonstratives/Deixis,alignment_labeled
NLI_4221,NLI,PNT3,replace,những,mấy,Demonstratives/Deixis,alignment_labeled
NLI_4233,NLI,PNN,replace,tự do,thả giàn,Connectives/Aspect markers,alignment_labeled
NLI_4233,NLI,PNT1,replace,đi,đẫy,Predicate vocabulary,alignment_labeled
NLI_4233,NLI,PNT2,replace,người dân,bà con,Predicate vocabulary,alignment_labeled
NLI_4233,NLI,PNT4,replace,trong giai đoạn,hồi,Connectives/Aspect markers,alignment_labeled
NLI_4266,NLI,PNB,replace,chúng,bọn,Pronouns,alignment_labeled
NLI_4266,NLI,PNB,replace,mỏi,nhọc,Predicate vocabulary,alignment_labeled
NLI_4266,NLI,PNN,replace,mệt mỏi,oải,Predicate vocabulary,alignment_labeled
NLI_4266,NLI,PNT1,replace,nên,niên,Connectives/Aspect markers,alignment_labeled
NLI_4266,NLI,PNT1,replace,mỏi gì,mõi chi,Interrogatives,alignment_labeled
NLI_4266,NLI,PNT3,replace,này nên không mệt mỏi gì,ni bơ nỏ dọc chi,Interrogatives,alignment_labeled
NLI_4394,NLI,PNN,replace,và bật,với té,Connectives/Aspect markers,alignment_labeled
NLI_4394,NLI,PNT1,replace,ngỡ,ngở,Predicate vocabulary,alignment_labeled
NLI_4394,NLI,PNT1,replace,ngửa,ngữa,Predicate vocabulary,alignment_labeled
NLI_4572,NLI,PNB,replace,soán,soát,Predicate vocabulary,alignment_labeled
NLI_4572,NLI,PNN,replace,tình hình kinh doanh,vụ làm ăn,Idiomatic expressions,alignment_labeled
NLI_4572,NLI,PNN,replace,những gì,mấy cái,Interrogatives,alignment_labeled
NLI_4572,NLI,PNT3,replace,soán,soát,Predicate vocabulary,alignment_labeled
NLI_4572,NLI,PNT3,replace,những gì,mấy cấy,Interrogatives,alignment_labeled
NLI_4616,NLI,PNN,replace,cả,hết,Demonstratives/Deixis,alignment_labeled
NLI_4654,NLI,PNB,replace,lại,cản,Connectives/Aspect markers,alignment_labeled
NLI_4654,NLI,PNT3,replace,cậu bé,thằng cu,Pronouns,alignment_labeled
NLI_4654,NLI,PNT3,replace,cậu ấy,thằng cu nớ,Pronouns,alignment_labeled
NLI_4746,NLI,PNB,replace,nói rằng,bảo là,Predicate vocabulary,alignment_labeled
NLI_4746,NLI,PNT1,replace,không,chả,Negation/Function words,alignment_labeled
NLI_4746,NLI,PNT4,replace,rằng,là,Predicate vocabulary,alignment_labeled
NLI_4746,NLI,PNT4,replace,gì nhưng mọi người đều,chi chớ ai cũng,Interrogatives,alignment_labeled
NLI_4801,NLI,PNB,replace,trả,mượn,Predicate vocabulary,alignment_labeled
NLI_4801,NLI,PNN,replace,tôi không,tui hông,Negation/Function words,alignment_labeled
NLI_4801,NLI,PNT3,replace,vợ chồng tôi không hiểu,cấy dông tau nỏ khỏi nghi ngờ,Pronouns,alignment_labeled
NLI_4801,NLI,PNT3,replace,vay,sự xác đáng của mạn tiền,Predicate vocabulary,alignment_labeled
NLI_4856,NLI,PNB,replace,ngườ,người,Predicate vocabulary,alignment_labeled
NLI_4856,NLI,PNN,replace,rằng,là,Predicate vocabulary,alignment_labeled
NLI_4856,NLI,PNT3,replace,ngườ dân,ngài,Predicate vocabulary,alignment_labeled
NLI_4856,NLI,PNT4,replace,rằng,là,Predicate vocabulary,alignment_labeled
NLI_4916,NLI,PNN,replace,đồng ý,chịu,Predicate vocabulary,alignment_labeled
NLI_4916,NLI,PNN,replace,đồng ý,chịu,Predicate vocabulary,alignment_labeled
NLI_4916,NLI,PNT1,replace,nên,niên,Connectives/Aspect markers,alignment_labeled
NLI_4916,NLI,PNT1,replace,diễn,diển,Predicate vocabulary,alignment_labeled
NLI_5143,NLI,PNB,replace,sự,tính,Predicate vocabulary,alignment_labeled
NLI_5143,NLI,PNN,replace,tôi không,tui hông,Negation/Function words,alignment_labeled
NLI_5143,NLI,PNN,replace,mượn,mướn,Predicate vocabulary,alignment_labeled
NLI_5143,NLI,PNT1,replace,xác đáng,minh bạch,Predicate vocabulary,alignment_labeled
NLI_5143,NLI,PNT2,replace,xác,chính,Predicate vocabulary,alignment_labeled
NLI_5143,NLI,PNT3,replace,tôi không,tau khung,Pronouns,alignment_labeled
NLI_5143,NLI,PNT3,replace,ngờ,ngại,Predicate vocabulary,alignment_labeled
NLI_5143,NLI,PNT3,replace,mượn,mạn,Predicate vocabulary,alignment_labeled
NLI_5167,NLI,PNT1,replace,mắc,bị,Predicate vocabulary,alignment_labeled
NLI_5167,NLI,PNT3,replace,mắc,dính,Predicate vocabulary,alignment_labeled
NLI_5263,NLI,PNB,replace,thành công,được,Predicate vocabulary,alignment_labeled
NLI_5263,NLI,PNN,replace,và các,với mấy,Demonstratives/Deixis,alignment_labeled
NLI_5263,NLI,PNN,replace,tại,ở,Connectives/Aspect markers,alignment_labeled
NLI_5263,NLI,PNT2,replace,tại,lộ,Connectives/Aspect markers,alignment_labeled
NLI_5263,NLI,PNT3,replace,cô,ả,Pronouns,alignment_labeled
NLI_5263,NLI,PNT3,replace,nhưng không,mà nỏ,Negation/Function words,alignment_labeled
NLI_5263,NLI,PNT4,replace,và các,với mấy,Demonstratives/Deixis,alignment_labeled
NLI_5263,NLI,PNT4,replace,cô tại,cổ ở,Pronouns,alignment_labeled
NLI_5263,NLI,PNT4,replace,không thành công,hông được,Negation/Function words,alignment_labeled
NLI_5366,NLI,PNT4,replace,các,mấy,Demonstratives/Deixis,alignment_labeled
NLI_5366,NLI,PNT4,replace,sử dụng,dùng,Predicate vocabulary,alignment_labeled
NLI_5368,NLI,PNB,replace,tính thân,tinh thần,Predicate vocabulary,alignment_labeled
NLI_5368,NLI,PNB,replace,anh ấy,mình,Pronouns,alignment_labeled
NLI_5368,NLI,PNT1,replace,không,chả,Negation/Function words,alignment_labeled
NLI_5368,NLI,PNT1,replace,tính thân,tinh thần,Predicate vocabulary,alignment_labeled
NLI_5451,NLI,PNN,replace,nhiều,nhóc,Demonstratives/Deixis,alignment_labeled
NLI_5451,NLI,PNT2,replace,cùng cậu,với cu nớ,Pronouns,alignment_labeled
NLI_5451,NLI,PNT3,replace,cậu,cu nớ,Pronouns,alignment_labeled
NLI_5518,NLI,PNN,replace,đến,tới,Connectives/Aspect markers,alignment_labeled
NLI_5518,NLI,PNN,replace,các,mấy,Demonstratives/Deixis,alignment_labeled
NLI_5518,NLI,PNT3,replace,nhưng,mà,Connectives/Aspect markers,alignment_labeled
NLI_5704,NLI,PNN,replace,do,tại,Connectives/Aspect markers,alignment_labeled
NLI_5704,NLI,PNN,replace,có vẻ ngoài không,nhìn hông,Negation/Function words,alignment_labeled
NLI_5704,NLI,PNT1,replace,nó,hấn,Pronouns,alignment_labeled
NLI_5704,NLI,PNT2,replace,nên người ta mới gọi nó,bơ họ mì kêu hắn,Pronouns,alignment_labeled
NLI_5704,NLI,PNT3,replace,này có vẻ ngoài không được,ni trông nỏ,Demonstratives/Deixis,alignment_labeled
NLI_5704,NLI,PNT4,replace,do,tại,Connectives/Aspect markers,alignment_labeled
NLI_5704,NLI,PNT4,replace,này có vẻ ngoài,ni nhìn,Demonstratives/Deixis,alignment_labeled
NLI_5715,NLI,PNT3,replace,nay,ni đỏ,Demonstratives/Deixis,alignment_labeled
NLI_5735,NLI,PNB,replace,mọi,tất cả,Demonstratives/Deixis,alignment_labeled
NLI_5735,NLI,PNN,replace,mọi,hết thảy,Demonstratives/Deixis,alignment_labeled
NLI_5735,NLI,PNN,replace,khi,lúc,Connectives/Aspect markers,alignment_labeled
NLI_5735,NLI,PNN,replace,cha,ba,Kinship/Honorific terms,alignment_labeled
NLI_5735,NLI,PNT1,replace,sản của,sãn cũa,Predicate vocabulary,alignment_labeled
NLI_5735,NLI,PNT3,replace,bà cha,mệ bọ,Kinship/Honorific terms,alignment_labeled
NLI_5746,NLI,PNT3,replace,vậy tôi,rứa tau,Pronouns,alignment_labeled
NLI_6110,NLI,PNN,replace,những việc,mấy vụ,Demonstratives/Deixis,alignment_labeled
NLI_6110,NLI,PNN,replace,những,mấy,Demonstratives/Deixis,alignment_labeled
NLI_6110,NLI,PNT3,replace,mình,chắc,Pronouns,alignment_labeled
NLI_6110,NLI,PNT4,replace,những việc đó,mấy chuyện nớ,Demonstratives/Deixis,alignment_labeled
NLI_6110,NLI,PNT4,replace,và,với,Connectives/Aspect markers,alignment_labeled
NLI_6110,NLI,PNT4,replace,sợ hãi,hại,Predicate vocabulary,alignment_labeled
NLI_6110,NLI,PNT4,replace,những,mấy,Demonstratives/Deixis,alignment_labeled
NLI_6129,NLI,PNN,replace,đột,tự,Predicate vocabulary,alignment_labeled
NLI_6129,NLI,PNN,replace,và,rồi,Connectives/Aspect markers,alignment_labeled
NLI_6129,NLI,PNT2,replace,đột,tự,Predicate vocabulary,alignment_labeled
NLI_6129,NLI,PNT3,replace,đột,tự,Predicate vocabulary,alignment_labeled
NLI_6129,NLI,PNT3,replace,đó không,nớ nỏ,Demonstratives/Deixis,alignment_labeled
NLI_6129,NLI,PNT4,replace,đột,tự,Predicate vocabulary,alignment_labeled
NLI_6155,NLI,PNN,replace,điều,chuyện,Predicate vocabulary,alignment_labeled
NLI_6155,NLI,PNT2,replace,nào làm,mô mần,Interrogatives,alignment_labeled
NLI_6155,NLI,PNT3,replace,nào làm,mô mần,Interrogatives,alignment_labeled
NLI_6155,NLI,PNT3,replace,điều đó,cấy nớ,Demonstratives/Deixis,alignment_labeled
NLI_6155,NLI,PNT4,replace,điều đó,chuyện nớ,Demonstratives/Deixis,alignment_labeled
NLI_6169,NLI,PNN,replace,khi,lúc,Connectives/Aspect markers,alignment_labeled
NLI_6169,NLI,PNT2,replace,người,ngài,Predicate vocabulary,alignment_labeled
NLI_6280,NLI,PNN,replace,tiêm,chích,Predicate vocabulary,alignment_labeled
NLI_6323,NLI,PNT1,replace,giữa,giửa,Predicate vocabulary,alignment_labeled
NLI_6323,NLI,PNT3,replace,vào,vô,Connectives/Aspect markers,alignment_labeled
NLI_6350,NLI,PNT3,replace,người,đứa,Pronouns,alignment_labeled
NLI_6350,NLI,PNT4,replace,người,đứa,Pronouns,alignment_labeled
NLI_6637,NLI,PNB,replace,câu hỏi,thắc mắc,Predicate vocabulary,alignment_labeled
NLI_6637,NLI,PNB,replace,trả lời,giải đáp,Predicate vocabulary,alignment_labeled
NLI_6637,NLI,PNN,replace,mặc,bận,Predicate vocabulary,alignment_labeled
NLI_6637,NLI,PNT3,replace,vấn đề,chuyện,Predicate vocabulary,alignment_labeled
NLI_6637,NLI,PNT3,replace,cô,lạo,Pronouns,alignment_labeled
NLI_6854,NLI,PNN,replace,điên rồ,tửng,Predicate vocabulary,alignment_labeled
NLI_6854,NLI,PNT1,replace,gì,chi,Interrogatives,alignment_labeled
NLI_6854,NLI,PNT3,replace,mong,trông,Predicate vocabulary,alignment_labeled
NLI_6854,NLI,PNT3,replace,điều gì,cấy chi,Interrogatives,alignment_labeled
NLI_6960,NLI,PNN,replace,ngay lập tức,liền,Connectives/Aspect markers,alignment_labeled
NLI_6960,NLI,PNT1,replace,lập tức,luôn,Connectives/Aspect markers,alignment_labeled
NLI_6960,NLI,PNT2,replace,ngay lập,tắp lự,Connectives/Aspect markers,alignment_labeled
NLI_6960,NLI,PNT2,replace,chồng,nhông,Kinship/Honorific terms,alignment_labeled
NLI_6960,NLI,PNT3,replace,người phụ nữ đã,ả nớ đạ,Pronouns,alignment_labeled
NLI_6960,NLI,PNT3,replace,ngay lập tức,liền,Connectives/Aspect markers,alignment_labeled
NLI_6960,NLI,PNT3,replace,chồng,dông,Kinship/Honorific terms,alignment_labeled
NLI_7176,NLI,PNN,replace,không chạm,hông đụng,Negation/Function words,alignment_labeled
NLI_7176,NLI,PNN,replace,vào,vô,Connectives/Aspect markers,alignment_labeled
NLI_7176,NLI,PNT1,replace,cho,chua,Connectives/Aspect markers,alignment_labeled
NLI_7176,NLI,PNT2,replace,vào,vô,Connectives/Aspect markers,alignment_labeled
NLI_7176,NLI,PNT3,replace,vào,vô,Connectives/Aspect markers,alignment_labeled
NLI_7176,NLI,PNT3,replace,"thân""","thân tau""",Pronouns,alignment_labeled
NLI_7469,NLI,PNN,replace,những gì,mấy chuyện,Interrogatives,alignment_labeled
NLI_7469,NLI,PNN,replace,các,mấy,Demonstratives/Deixis,alignment_labeled
NLI_7469,NLI,PNT1,replace,gì,chi,Interrogatives,alignment_labeled
NLI_7469,NLI,PNT3,replace,gì đã,chi đạ,Interrogatives,alignment_labeled
NLI_7469,NLI,PNT4,replace,những gì đã,mấy chuyện,Interrogatives,alignment_labeled
NLI_7469,NLI,PNT4,replace,các,mấy,Demonstratives/Deixis,alignment_labeled
NLI_7469,NLI,PNT4,replace,rằng,là,Predicate vocabulary,alignment_labeled
NLI_7524,NLI,PNT1,replace,gì,chi,Interrogatives,alignment_labeled
NLI_7530,NLI,PNN,replace,chọn,lựa,Predicate vocabulary,alignment_labeled
NLI_7681,NLI,PNB,replace,là,rằng,Predicate vocabulary,alignment_labeled
NLI_7681,NLI,PNT1,replace,cho,chua,Connectives/Aspect markers,alignment_labeled
NLI_7681,NLI,PNT4,replace,mới tháng,thắng,Predicate vocabulary,alignment_labeled
NLI_7691,NLI,PNT2,replace,tôi đã,tau đạ,Pronouns,alignment_labeled
NLI_7691,NLI,PNT3,replace,tôi đã,tui đạ,Pronouns,alignment_labeled
NLI_7826,NLI,PNN,replace,mẹ,má,Kinship/Honorific terms,alignment_labeled
NLI_7826,NLI,PNT1,replace,giải thưởng,giãi thưỡng,Predicate vocabulary,alignment_labeled
NLI_7826,NLI,PNT3,replace,rằng,là,Predicate vocabulary,alignment_labeled
NLI_7858,NLI,PNN,replace,việc,chuyện,Predicate vocabulary,alignment_labeled
NLI_7858,NLI,PNT1,replace,hỏi,hõi,Predicate vocabulary,alignment_labeled
NLI_7858,NLI,PNT4,replace,việc,chuyện,Predicate vocabulary,alignment_labeled
NLI_7901,NLI,PNN,replace,cô,con,Pronouns,alignment_labeled
NLI_7901,NLI,PNT2,replace,cô,con,Pronouns,alignment_labeled
NLI_7901,NLI,PNT3,replace,cô bé,ả nớ,Pronouns,alignment_labeled
QA_0268,QA,PNT3,replace,các,mấy,Demonstratives/Deixis,alignment_labeled
QA_0268,QA,PNT3,replace,chứa,bỏ,Predicate vocabulary,alignment_labeled
QA_0572,QA,PNB,replace,tác động,ảnh hưởng,Predicate vocabulary,alignment_labeled
QA_0572,QA,PNB,replace,bởi,từ,Connectives/Aspect markers,alignment_labeled
QA_10410,QA,PNN,replace,trrong gia đoạn,hồi lúc,Connectives/Aspect markers,alignment_labeled
QA_10410,QA,PNN,replace,những việc,mấy chuyện,Demonstratives/Deixis,alignment_labeled
QA_11800,QA,PNN,replace,như thế nào,ra sao,Interrogatives,alignment_labeled
QA_11800,QA,PNN,replace,sự việc,vụ,Predicate vocabulary,alignment_labeled
QA_11800,QA,PNT1,replace,thế nào,răng,Interrogatives,alignment_labeled
QA_1203,QA,PNB,replace,tại,rằng ở,Connectives/Aspect markers,alignment_labeled
QA_1203,QA,PNT2,replace,như thế nào,a răng,Interrogatives,alignment_labeled
QA_12099,QA,PNN,replace,và,với,Connectives/Aspect markers,alignment_labeled
QA_12099,QA,PNN,replace,như thế nào đến,ra sao tới,Interrogatives,alignment_labeled
QA_12099,QA,PNT4,replace,như thế nào đến,ra ren tới,Interrogatives,alignment_labeled
QA_1224,QA,PNB,replace,hiểu,biết được,Predicate vocabulary,alignment_labeled
QA_12824,QA,PNN,replace,vào,hồi,Connectives/Aspect markers,alignment_labeled
QA_12824,QA,PNN,replace,như thế nào,ra sao,Interrogatives,alignment_labeled
QA_12824,QA,PNT1,replace,thế nào,răng,Interrogatives,alignment_labeled
QA_12824,QA,PNT2,replace,vào,vô,Connectives/Aspect markers,alignment_labeled
QA_12824,QA,PNT2,replace,như thế nào,a răng,Interrogatives,alignment_labeled
QA_12824,QA,PNT4,replace,vào,hồi,Connectives/Aspect markers,alignment_labeled
QA_12824,QA,PNT4,replace,các,mấy,Demonstratives/Deixis,alignment_labeled
QA_12824,QA,PNT4,replace,tại,ở,Connectives/Aspect markers,alignment_labeled
QA_13646,QA,PNN,replace,như thế nào,ra sao,Interrogatives,alignment_labeled
QA_13646,QA,PNT1,replace,thế nào,răng,Interrogatives,alignment_labeled
QA_13646,QA,PNT2,replace,như thế nào,a răng,Interrogatives,alignment_labeled
QA_13646,QA,PNT3,replace,và,với,Connectives/Aspect markers,alignment_labeled
QA_13646,QA,PNT3,replace,và,với,Connectives/Aspect markers,alignment_labeled
QA_13646,QA,PNT4,replace,như thế nào,ra ren,Interrogatives,alignment_labeled
QA_13794,QA,PNN,replace,khi,lúc,Connectives/Aspect markers,alignment_labeled
QA_13794,QA,PNT2,replace,như thế nào,a răng,Interrogatives,alignment_labeled
QA_13818,QA,PNN,replace,như thế nào,làm sao,Interrogatives,alignment_labeled
QA_13818,QA,PNT3,replace,rằng,là,Predicate vocabulary,alignment_labeled
QA_13818,QA,PNT4,replace,như thế nào,ra ren,Interrogatives,alignment_labeled
QA_14176,QA,PNT1,replace,gì,chi,Interrogatives,alignment_labeled
QA_14176,QA,PNT3,replace,vào,ở,Connectives/Aspect markers,alignment_labeled
QA_14176,QA,PNT3,replace,và,với,Connectives/Aspect markers,alignment_labeled
QA_14184,QA,PNB,replace,tại,ở,Connectives/Aspect markers,alignment_labeled
QA_14184,QA,PNN,replace,các,mấy,Demonstratives/Deixis,alignment_labeled
QA_14184,QA,PNN,replace,tại,ở,Connectives/Aspect markers,alignment_labeled
QA_14184,QA,PNN,replace,và,với,Connectives/Aspect markers,alignment_labeled
QA_14184,QA,PNT1,replace,gì,chi,Interrogatives,alignment_labeled
QA_14184,QA,PNT3,replace,các,mấy,Demonstratives/Deixis,alignment_labeled
QA_14184,QA,PNT3,replace,tại,ở,Connectives/Aspect markers,alignment_labeled
QA_14184,QA,PNT3,replace,và,với,Connectives/Aspect markers,alignment_labeled
QA_14184,QA,PNT4,replace,các,mấy,Demonstratives/Deixis,alignment_labeled
QA_14257,QA,PNB,replace,xem,coi,Predicate vocabulary,alignment_labeled
QA_14257,QA,PNN,replace,xem,coi,Predicate vocabulary,alignment_labeled
QA_14728,QA,PNB,replace,trải,rải,Predicate vocabulary,alignment_labeled
QA_14728,QA,PNB,replace,trải,rải,Predicate vocabulary,alignment_labeled
QA_14728,QA,PNN,replace,vào,hồi,Connectives/Aspect markers,alignment_labeled
QA_14728,QA,PNN,replace,và,với,Connectives/Aspect markers,alignment_labeled
QA_14728,QA,PNN,replace,như thế nào,ra sao,Interrogatives,alignment_labeled
QA_14728,QA,PNT2,replace,vào,vô,Connectives/Aspect markers,alignment_labeled
QA_14728,QA,PNT2,replace,như thế nào,a răng,Interrogatives,alignment_labeled
QA_14728,QA,PNT3,replace,vào,vô,Connectives/Aspect markers,alignment_labeled
QA_14728,QA,PNT3,replace,và,với,Connectives/Aspect markers,alignment_labeled
QA_1521,QA,PNT1,replace,thế nào,răng,Interrogatives,alignment_labeled
QA_1521,QA,PNT2,replace,như thế nào,a răng,Interrogatives,alignment_labeled
QA_1521,QA,PNT3,replace,vào,vô,Connectives/Aspect markers,alignment_labeled
QA_1521,QA,PNT3,replace,như thế nào,a răng,Interrogatives,alignment_labeled
QA_15627,QA,PNN,replace,rằng,là,Predicate vocabulary,alignment_labeled
QA_15627,QA,PNN,replace,như thế nào,ra sao,Interrogatives,alignment_labeled
QA_15627,QA,PNT1,replace,thế nào,răng,Interrogatives,alignment_labeled
QA_15627,QA,PNT2,replace,như thế nào,ra răng,Interrogatives,alignment_labeled
QA_15627,QA,PNT3,replace,rằng,là,Predicate vocabulary,alignment_labeled
QA_15710,QA,PNN,replace,các,mấy,Demonstratives/Deixis,alignment_labeled
QA_15710,QA,PNT2,replace,như thế nào,ơ răng,Interrogatives,alignment_labeled
QA_15710,QA,PNT3,replace,các,mấy,Demonstratives/Deixis,alignment_labeled
QA_15710,QA,PNT4,replace,như thế nào,ra ren,Interrogatives,alignment_labeled
QA_17724,QA,PNN,replace,đến,tới,Connectives/Aspect markers,alignment_labeled
QA_17724,QA,PNN,replace,vào,hồi,Connectives/Aspect markers,alignment_labeled
QA_17724,QA,PNN,replace,xây,gầy,Predicate vocabulary,alignment_labeled
QA_17724,QA,PNT2,replace,vào,vô,Connectives/Aspect markers,alignment_labeled
QA_17724,QA,PNT2,replace,vào,vô,Connectives/Aspect markers,alignment_labeled
QA_17724,QA,PNT4,replace,đến,tới,Connectives/Aspect markers,alignment_labeled
QA_17724,QA,PNT4,replace,vào,vô,Connectives/Aspect markers,alignment_labeled
QA_17758,QA,PNT2,replace,vào,vô,Connectives/Aspect markers,alignment_labeled
QA_17758,QA,PNT2,replace,vào,vô,Connectives/Aspect markers,alignment_labeled
QA_17758,QA,PNT3,replace,vào,vô,Connectives/Aspect markers,alignment_labeled
QA_17758,QA,PNT3,replace,vào,vô,Connectives/Aspect markers,alignment_labeled
QA_17758,QA,PNT4,replace,vào,vô,Connectives/Aspect markers,alignment_labeled
QA_17769,QA,PNN,replace,những,mấy,Demonstratives/Deixis,alignment_labeled
QA_17769,QA,PNN,replace,khi,lúc,Connectives/Aspect markers,alignment_labeled
QA_17769,QA,PNN,replace,tình,ý,Predicate vocabulary,alignment_labeled
QA_17769,QA,PNN,replace,đến,tới,Connectives/Aspect markers,alignment_labeled
QA_17769,QA,PNT1,replace,gì,cấy chi,Interrogatives,alignment_labeled
QA_17769,QA,PNT3,replace,những,mấy,Demonstratives/Deixis,alignment_labeled
QA_17769,QA,PNT3,replace,đã làm gì khi,mần chi lúc,Interrogatives,alignment_labeled
QA_17769,QA,PNT3,replace,họ,mấy người nớ,Pronouns,alignment_labeled
QA_17769,QA,PNT4,replace,đến,tới,Connectives/Aspect markers,alignment_labeled
QA_17771,QA,PNT2,replace,điều gì,cấy chi,Interrogatives,alignment_labeled
QA_17771,QA,PNT3,replace,nhìn thấy,ngó chộ,Predicate vocabulary,alignment_labeled
QA_17926,QA,PNN,replace,một số,mấy,Demonstratives/Deixis,alignment_labeled
QA_17926,QA,PNT4,replace,một số,mấy,Demonstratives/Deixis,alignment_labeled
QA_17995,QA,PNN,replace,những,mấy,Demonstratives/Deixis,alignment_labeled
QA_17995,QA,PNT2,replace,các,mấy,Demonstratives/Deixis,alignment_labeled
QA_17995,QA,PNT3,replace,các,mấy,Demonstratives/Deixis,alignment_labeled
QA_17995,QA,PNT4,replace,như thế nào,răng,Interrogatives,alignment_labeled
QA_18023,QA,PNN,replace,cuộc,vụ,Predicate vocabulary,alignment_labeled
QA_18023,QA,PNN,replace,như thế nào,ra sao,Interrogatives,alignment_labeled
QA_18023,QA,PNT1,replace,cho,chua,Connectives/Aspect markers,alignment_labeled
QA_18023,QA,PNT4,replace,như thế nào,ra ren,Interrogatives,alignment_labeled
QA_18041,QA,PNN,replace,vào,hồi,Connectives/Aspect markers,alignment_labeled
QA_18041,QA,PNN,replace,điều,chuyện,Predicate vocabulary,alignment_labeled
QA_18041,QA,PNN,replace,các,mấy,Demonstratives/Deixis,alignment_labeled
QA_18041,QA,PNT2,replace,vào,vô,Connectives/Aspect markers,alignment_labeled
QA_18041,QA,PNT3,replace,vào,đoạn,Connectives/Aspect markers,alignment_labeled
QA_18041,QA,PNT3,replace,điều này đã,chuyện ni đạ,Demonstratives/Deixis,alignment_labeled
QA_18041,QA,PNT3,replace,các,những,Demonstratives/Deixis,alignment_labeled
QA_18170,QA,PNN,replace,điều,chuyện,Predicate vocabulary,alignment_labeled
QA_18170,QA,PNT1,replace,gì,chi,Interrogatives,alignment_labeled
QA_18170,QA,PNT4,replace,điều này,chuyện ni,Demonstratives/Deixis,alignment_labeled
QA_18375,QA,PNT3,replace,vào,vô,Connectives/Aspect markers,alignment_labeled
QA_18652,QA,PNT1,replace,gì,cấy chi,Interrogatives,alignment_labeled
QA_18652,QA,PNT2,replace,là gì,cái chi,Interrogatives,alignment_labeled
QA_18652,QA,PNT3,replace,nữa sẽ,nựa là,Connectives/Aspect markers,alignment_labeled
QA_18786,QA,PNB,replace,đưa,làm cho,Predicate vocabulary,alignment_labeled
QA_18786,QA,PNN,replace,việc,vụ,Predicate vocabulary,alignment_labeled
QA_18786,QA,PNN,replace,như thế nào,ra sao,Interrogatives,alignment_labeled
QA_18828,QA,PNN,replace,những khu vực,mấy vùng,Demonstratives/Deixis,alignment_labeled
QA_18828,QA,PNN,replace,chịu,bị,Predicate vocabulary,alignment_labeled
QA_18828,QA,PNN,replace,vào,vô,Connectives/Aspect markers,alignment_labeled
QA_18828,QA,PNN,replace,như thế nào,ra sao,Interrogatives,alignment_labeled
QA_18828,QA,PNT1,replace,thế nào,răng,Interrogatives,alignment_labeled
QA_18828,QA,PNT2,replace,vào,vô,Connectives/Aspect markers,alignment_labeled
QA_18828,QA,PNT4,replace,vào các,vô mấy,Demonstratives/Deixis,alignment_labeled
QA_18828,QA,PNT4,replace,như thế nào,ra ren,Interrogatives,alignment_labeled
QA_19250,QA,PNT1,replace,thế nào,cái chi,Interrogatives,alignment_labeled
QA_19250,QA,PNT2,replace,vào,vô,Connectives/Aspect markers,alignment_labeled
QA_19250,QA,PNT2,replace,như thế nào,a răng,Interrogatives,alignment_labeled
QA_19250,QA,PNT4,replace,vào,vô,Connectives/Aspect markers,alignment_labeled
QA_19280,QA,PNN,replace,tại,ở,Connectives/Aspect markers,alignment_labeled
QA_19280,QA,PNN,replace,một nữa,phân nửa,Connectives/Aspect markers,alignment_labeled
QA_19280,QA,PNT3,replace,một nữa số,nửa,Connectives/Aspect markers,alignment_labeled
QA_19281,QA,PNN,replace,vào,hồi,Connectives/Aspect markers,alignment_labeled
QA_19281,QA,PNT2,replace,vào,cấy đoạn,Connectives/Aspect markers,alignment_labeled
QA_19281,QA,PNT3,replace,vào,vô,Connectives/Aspect markers,alignment_labeled
QA_19329,QA,PNN,replace,như thế nào,ra sao,Interrogatives,alignment_labeled
QA_19329,QA,PNN,replace,khi,lúc,Connectives/Aspect markers,alignment_labeled
QA_19329,QA,PNT1,replace,thế nào,răng,Interrogatives,alignment_labeled
QA_19329,QA,PNT2,replace,như thế nào,ơ răng,Interrogatives,alignment_labeled
QA_19329,QA,PNT4,replace,như thế nào,ra ren,Interrogatives,alignment_labeled
QA_19358,QA,PNB,replace,quốc-cộng,quốc - cộng,Predicate vocabulary,alignment_labeled
QA_19358,QA,PNT1,replace,gì,chi,Interrogatives,alignment_labeled
QA_19406,QA,PNN,replace,vào,hồi,Connectives/Aspect markers,alignment_labeled
QA_19406,QA,PNT1,replace,gì,cái chi,Interrogatives,alignment_labeled
QA_19406,QA,PNT3,replace,vào,vô,Connectives/Aspect markers,alignment_labeled
QA_19877,QA,PNN,replace,vì không,tại hông,Negation/Function words,alignment_labeled
QA_19877,QA,PNN,replace,các,mấy,Demonstratives/Deixis,alignment_labeled
QA_19877,QA,PNT3,replace,các,mấy,Demonstratives/Deixis,alignment_labeled
QA_20004,QA,PNN,replace,vì nguyên nhân,tại lí do,Demonstratives/Deixis,alignment_labeled
QA_20004,QA,PNN,replace,và,với,Connectives/Aspect markers,alignment_labeled
QA_20004,QA,PNN,replace,những,mấy,Demonstratives/Deixis,alignment_labeled
QA_20004,QA,PNN,replace,khi,lúc,Connectives/Aspect markers,alignment_labeled
QA_20004,QA,PNT1,replace,gì,chi,Interrogatives,alignment_labeled
QA_20004,QA,PNT4,replace,vì,tại,Connectives/Aspect markers,alignment_labeled
QA_20004,QA,PNT4,replace,và,với,Connectives/Aspect markers,alignment_labeled
QA_20495,QA,PNN,replace,như thế nào,ra sao,Interrogatives,alignment_labeled
QA_20495,QA,PNT1,replace,thế nào,răng,Interrogatives,alignment_labeled
QA_20495,QA,PNT2,replace,các,mấy,Demonstratives/Deixis,alignment_labeled
QA_20495,QA,PNT2,replace,như thế nào,ra răng,Interrogatives,alignment_labeled
QA_20495,QA,PNT3,replace,vào,vô,Connectives/Aspect markers,alignment_labeled
QA_20495,QA,PNT4,replace,như thế nào,ra ren,Interrogatives,alignment_labeled
QA_20639,QA,PNN,replace,việc,chuyện,Predicate vocabulary,alignment_labeled
QA_20639,QA,PNT4,replace,vào,vô,Connectives/Aspect markers,alignment_labeled
QA_21489,QA,PNN,replace,khi,lúc,Connectives/Aspect markers,alignment_labeled
QA_21489,QA,PNN,replace,nhằm,đặng,Connectives/Aspect markers,alignment_labeled
QA_21489,QA,PNN,replace,các,mấy cái,Demonstratives/Deixis,alignment_labeled
QA_21489,QA,PNT1,replace,gì,chi,Interrogatives,alignment_labeled
QA_21489,QA,PNT3,replace,nhằm,để,Connectives/Aspect markers,alignment_labeled
QA_22617,QA,PNN,replace,các,mấy,Demonstratives/Deixis,alignment_labeled
QA_22617,QA,PNT2,replace,tại,lộ,Connectives/Aspect markers,alignment_labeled
QA_22617,QA,PNT2,replace,nào vào,mô vô,Interrogatives,alignment_labeled
QA_22617,QA,PNT3,replace,các,mấy,Demonstratives/Deixis,alignment_labeled
QA_22617,QA,PNT3,replace,nào vào,chi vô,Interrogatives,alignment_labeled
QA_22617,QA,PNT4,replace,các vùng,mấy khu,Demonstratives/Deixis,alignment_labeled
QA_22617,QA,PNT4,replace,nào vào,chi ở,Interrogatives,alignment_labeled
QA_22620,QA,PNB,replace,tại,ở,Connectives/Aspect markers,alignment_labeled
QA_22620,QA,PNN,replace,tại,ở,Connectives/Aspect markers,alignment_labeled
QA_22620,QA,PNN,replace,trở nên,đâm ra,Connectives/Aspect markers,alignment_labeled
QA_22620,QA,PNN,replace,như,mà,Connectives/Aspect markers,alignment_labeled
QA_22620,QA,PNT1,replace,cho,chua,Connectives/Aspect markers,alignment_labeled
QA_22620,QA,PNT3,replace,tại,ở,Connectives/Aspect markers,alignment_labeled
QA_22620,QA,PNT4,replace,tại,ở,Connectives/Aspect markers,alignment_labeled
QA_22836,QA,PNN,replace,như thế nào,ra sao,Interrogatives,alignment_labeled
QA_22836,QA,PNT2,replace,như thế nào,ra răng,Interrogatives,alignment_labeled
QA_22836,QA,PNT3,replace,thế nào vào,răng vô,Interrogatives,alignment_labeled
QA_2325,QA,PNN,replace,vấn đề,vụ,Predicate vocabulary,alignment_labeled
QA_2325,QA,PNN,replace,và,với,Connectives/Aspect markers,alignment_labeled
QA_2325,QA,PNT1,replace,gì,chi,Interrogatives,alignment_labeled
QA_23452,QA,PNB,replace,thủ,thử,Predicate vocabulary,alignment_labeled
QA_23452,QA,PNN,replace,thủ,thử,Predicate vocabulary,alignment_labeled
QA_23452,QA,PNT2,replace,thủ,thử,Predicate vocabulary,alignment_labeled
QA_23724,QA,PNB,replace,truang,trung,Predicate vocabulary,alignment_labeled
QA_23724,QA,PNB,replace,háo,hóa,Predicate vocabulary,alignment_labeled
QA_23724,QA,PNT1,replace,cho,chua,Connectives/Aspect markers,alignment_labeled
QA_23724,QA,PNT1,replace,truang,trung,Predicate vocabulary,alignment_labeled
QA_23724,QA,PNT1,replace,háo,hoá,Predicate vocabulary,alignment_labeled
QA_23724,QA,PNT2,replace,vào,vô,Connectives/Aspect markers,alignment_labeled
QA_23724,QA,PNT3,replace,ngày nào,hôm mô,Interrogatives,alignment_labeled
QA_23724,QA,PNT4,replace,truang,trung,Predicate vocabulary,alignment_labeled
QA_23724,QA,PNT4,replace,háo,hóa,Predicate vocabulary,alignment_labeled
QA_23978,QA,PNN,replace,và,với,Connectives/Aspect markers,alignment_labeled
QA_23978,QA,PNN,replace,tại,ở,Connectives/Aspect markers,alignment_labeled
QA_23978,QA,PNT2,replace,tại,lộ,Connectives/Aspect markers,alignment_labeled
QA_23978,QA,PNT2,replace,ngày nay,bữa ni,Demonstratives/Deixis,alignment_labeled
QA_23978,QA,PNT2,replace,nơi như thế nào,chỗ a răng,Interrogatives,alignment_labeled
QA_23978,QA,PNT3,replace,và,với,Connectives/Aspect markers,alignment_labeled
QA_24045,QA,PNN,replace,dàn,từ từ,Predicate vocabulary,alignment_labeled
QA_24045,QA,PNN,replace,vào,vô,Connectives/Aspect markers,alignment_labeled
QA_24045,QA,PNT2,replace,vào,vô,Connectives/Aspect markers,alignment_labeled
QA_24045,QA,PNT3,replace,vào,vô,Connectives/Aspect markers,alignment_labeled
QA_24045,QA,PNT4,replace,dàn,lần lần,Predicate vocabulary,alignment_labeled
QA_24045,QA,PNT4,replace,vào,vô,Connectives/Aspect markers,alignment_labeled
QA_25984,QA,PNT2,replace,gia đình,nhà,Predicate vocabulary,alignment_labeled
QA_25984,QA,PNT2,replace,vào,vô,Connectives/Aspect markers,alignment_labeled
QA_25984,QA,PNT3,replace,vào,vô kì,Connectives/Aspect markers,alignment_labeled
QA_25984,QA,PNT4,replace,nổi bật,trội,Predicate vocabulary,alignment_labeled
QA_25984,QA,PNT4,replace,vào,vô,Connectives/Aspect markers,alignment_labeled
QA_26154,QA,PNN,replace,như thế nào,ra sao,Interrogatives,alignment_labeled
QA_26154,QA,PNT4,replace,như thế nào,ra ren,Interrogatives,alignment_labeled
QA_26357,QA,PNT3,replace,vào,vô,Connectives/Aspect markers,alignment_labeled
QA_26456,QA,PNN,replace,vào,hồi,Connectives/Aspect markers,alignment_labeled
QA_26456,QA,PNT2,replace,vào,vô,Connectives/Aspect markers,alignment_labeled
QA_26456,QA,PNT3,replace,vào,vô,Connectives/Aspect markers,alignment_labeled
QA_26462,QA,PNT1,replace,thuẫn,thuẩn,Predicate vocabulary,alignment_labeled
QA_26462,QA,PNT2,replace,vào,vô,Connectives/Aspect markers,alignment_labeled
QA_26462,QA,PNT3,replace,bà đã tuyên bố,lạo xưng,Pronouns,alignment_labeled
QA_26558,QA,PNB,replace,trở thành,là,Connectives/Aspect markers,alignment_labeled
QA_26558,QA,PNT2,replace,vào,vô,Connectives/Aspect markers,alignment_labeled
QA_26719,QA,PNN,replace,và,với,Connectives/Aspect markers,alignment_labeled
QA_26719,QA,PNN,replace,thì như thế nào,ra sao,Interrogatives,alignment_labeled
QA_26719,QA,PNT2,replace,và,với,Connectives/Aspect markers,alignment_labeled
QA_26719,QA,PNT3,replace,và,với,Connectives/Aspect markers,alignment_labeled
QA_26901,QA,PNN,replace,các quốc gia,mấy nước,Demonstratives/Deixis,alignment_labeled
QA_26901,QA,PNN,replace,như thế nào,ra sao,Interrogatives,alignment_labeled
QA_26901,QA,PNT2,replace,như thế nào,ơ răng,Interrogatives,alignment_labeled
QA_26901,QA,PNT4,replace,như thế nào,ra ren,Interrogatives,alignment_labeled
QA_27000,QA,PNN,replace,cha,ba,Kinship/Honorific terms,alignment_labeled
QA_27000,QA,PNT1,replace,thế nào,như răng,Interrogatives,alignment_labeled
QA_27000,QA,PNT2,replace,trái,ngược lại,Predicate vocabulary,alignment_labeled
QA_27000,QA,PNT4,replace,trái,ngược,Predicate vocabulary,alignment_labeled
QA_27033,QA,PNN,replace,các,mấy,Demonstratives/Deixis,alignment_labeled
QA_27033,QA,PNN,replace,như thế nào,ra sao,Interrogatives,alignment_labeled
QA_27033,QA,PNN,replace,việc,vụ,Predicate vocabulary,alignment_labeled
QA_27033,QA,PNT2,replace,như thế nào,à răng,Interrogatives,alignment_labeled
QA_27033,QA,PNT3,replace,chuyên,hay,Predicate vocabulary,alignment_labeled
QA_27033,QA,PNT3,replace,việc,chuyện,Predicate vocabulary,alignment_labeled
QA_27033,QA,PNT4,replace,thân,cơ,Predicate vocabulary,alignment_labeled
QA_2707,QA,PNN,replace,vào,vô,Connectives/Aspect markers,alignment_labeled
QA_2707,QA,PNT2,replace,vào,vô,Connectives/Aspect markers,alignment_labeled
QA_2707,QA,PNT3,replace,vào,vô,Connectives/Aspect markers,alignment_labeled
QA_27538,QA,PNN,replace,như thế nào,ra sao,Interrogatives,alignment_labeled
QA_27538,QA,PNN,replace,việc,cái vụ,Predicate vocabulary,alignment_labeled
QA_27538,QA,PNT2,replace,như thế nào,a răng,Interrogatives,alignment_labeled
QA_27538,QA,PNT4,replace,như thế nào,ra ren,Interrogatives,alignment_labeled
QA_3137,QA,PNT3,replace,vào,vô,Connectives/Aspect markers,alignment_labeled
QA_3137,QA,PNT3,replace,nào thì,mô là,Interrogatives,alignment_labeled
QA_3368,QA,PNN,replace,rơi vào,lọt vô,Connectives/Aspect markers,alignment_labeled
QA_3368,QA,PNN,replace,vào,hồi,Connectives/Aspect markers,alignment_labeled
QA_3368,QA,PNT2,replace,vào,vô,Connectives/Aspect markers,alignment_labeled
QA_3368,QA,PNT3,replace,vào,vô,Connectives/Aspect markers,alignment_labeled
QA_3368,QA,PNT3,replace,vào,vô,Connectives/Aspect markers,alignment_labeled
QA_3410,QA,PNN,replace,đến nơi nào,tới đâu,Interrogatives,alignment_labeled
QA_3410,QA,PNT3,replace,nơi nào,từng mô,Interrogatives,alignment_labeled
QA_3982,QA,PNN,replace,sử dụng vào,xài vô,Connectives/Aspect markers,alignment_labeled
QA_3982,QA,PNT2,replace,vào,vô,Connectives/Aspect markers,alignment_labeled
QA_3982,QA,PNT3,replace,vào,vô,Connectives/Aspect markers,alignment_labeled
QA_4111,QA,PNN,replace,khi,lúc,Connectives/Aspect markers,alignment_labeled
QA_4111,QA,PNN,replace,vào,hồi,Connectives/Aspect markers,alignment_labeled
QA_4111,QA,PNT1,replace,thế nào,răng,Interrogatives,alignment_labeled
QA_4111,QA,PNT2,replace,vào,vô,Connectives/Aspect markers,alignment_labeled
QA_4111,QA,PNT2,replace,như thế nào,a răng,Interrogatives,alignment_labeled
QA_4111,QA,PNT3,replace,vào,vô,Connectives/Aspect markers,alignment_labeled
QA_4230,QA,PNN,replace,khi,lúc,Connectives/Aspect markers,alignment_labeled
QA_4230,QA,PNN,replace,các,mấy,Demonstratives/Deixis,alignment_labeled
QA_4230,QA,PNT4,replace,phủ quyết,bác bỏ,Predicate vocabulary,alignment_labeled
QA_4380,QA,PNN,replace,việc,vụ,Predicate vocabulary,alignment_labeled
QA_4380,QA,PNN,replace,vào,vô,Connectives/Aspect markers,alignment_labeled
QA_4380,QA,PNN,replace,như thế nào,ra sao,Interrogatives,alignment_labeled
QA_4380,QA,PNT2,replace,vào,vô,Connectives/Aspect markers,alignment_labeled
QA_4380,QA,PNT3,replace,vào,vô,Connectives/Aspect markers,alignment_labeled
QA_4380,QA,PNT3,replace,như thế nào đối với,chi tới,Interrogatives,alignment_labeled
QA_4814,QA,PNN,replace,việc,chuyện,Predicate vocabulary,alignment_labeled
QA_4833,QA,PNT1,replace,thế nào,răng,Interrogatives,alignment_labeled
QA_4833,QA,PNT3,replace,người ta,họ,Pronouns,alignment_labeled
QA_4887,QA,PNB,replace,tại,ở,Connectives/Aspect markers,alignment_labeled
QA_4887,QA,PNN,replace,tại,ở,Connectives/Aspect markers,alignment_labeled
QA_4887,QA,PNN,replace,vào,vô,Connectives/Aspect markers,alignment_labeled
QA_4887,QA,PNT1,replace,cho,chua,Connectives/Aspect markers,alignment_labeled
QA_4887,QA,PNT2,replace,tại,lộ,Connectives/Aspect markers,alignment_labeled
QA_4887,QA,PNT2,replace,vào,vô,Connectives/Aspect markers,alignment_labeled
QA_4887,QA,PNT3,replace,vào,vô,Connectives/Aspect markers,alignment_labeled
QA_5051,QA,PNT2,replace,vào,vô,Connectives/Aspect markers,alignment_labeled
QA_5051,QA,PNT3,replace,vào,ở,Connectives/Aspect markers,alignment_labeled
QA_5750,QA,PNN,replace,mẹ,má,Kinship/Honorific terms,alignment_labeled
QA_5750,QA,PNN,replace,thế nào khi,ra sao lúc,Interrogatives,alignment_labeled
QA_5750,QA,PNT3,replace,mình,miềng,Pronouns,alignment_labeled
QA_6624,QA,PNT1,replace,gì,chi,Interrogatives,alignment_labeled
QA_6664,QA,PNB,replace,đã,từng,Connectives/Aspect markers,alignment_labeled
QA_6664,QA,PNB,replace,với,bằng,Predicate vocabulary,alignment_labeled
QA_6664,QA,PNN,replace,những,mấy,Demonstratives/Deixis,alignment_labeled
QA_6664,QA,PNN,replace,như thế nào,ra sao,Interrogatives,alignment_labeled
QA_6664,QA,PNT2,replace,như thế nào,ơ răng,Interrogatives,alignment_labeled
QA_6673,QA,PNT2,replace,đã không,đạ nỏ,Negation/Function words,alignment_labeled
QA_6720,QA,PNN,replace,các,mấy,Demonstratives/Deixis,alignment_labeled
QA_6720,QA,PNN,replace,vào,hồi,Connectives/Aspect markers,alignment_labeled
QA_6720,QA,PNT2,replace,vào,vô,Connectives/Aspect markers,alignment_labeled
QA_6720,QA,PNT3,replace,các,mấy,Demonstratives/Deixis,alignment_labeled
QA_6720,QA,PNT3,replace,vào,vô,Connectives/Aspect markers,alignment_labeled
QA_7436,QA,PNT2,replace,vào,vô,Connectives/Aspect markers,alignment_labeled
QA_7436,QA,PNT4,replace,vào,ở,Connectives/Aspect markers,alignment_labeled
QA_7442,QA,PNB,replace,xvii-xx thì,xvii - xx,Predicate vocabulary,alignment_labeled
QA_7442,QA,PNT1,replace,cho,chua,Connectives/Aspect markers,alignment_labeled
QA_7442,QA,PNT3,replace,trong giai,ở kì,Predicate vocabulary,alignment_labeled
QA_7517,QA,PNN,replace,thời gian,lúc,Connectives/Aspect markers,alignment_labeled
QA_7517,QA,PNN,replace,sử dụng,xài,Predicate vocabulary,alignment_labeled
QA_7517,QA,PNT1,replace,nào,chi,Interrogatives,alignment_labeled
QA_7517,QA,PNT3,replace,sử dụng,dùng,Predicate vocabulary,alignment_labeled
QA_7713,QA,PNN,replace,khi,lúc,Connectives/Aspect markers,alignment_labeled
QA_7713,QA,PNT3,replace,nó đã,hắn đạ,Pronouns,alignment_labeled
QA_7747,QA,PNT1,replace,thế nào,răng,Interrogatives,alignment_labeled
QA_7747,QA,PNT2,replace,như thế nào,a răng,Interrogatives,alignment_labeled
QA_7747,QA,PNT3,replace,vào,vô,Connectives/Aspect markers,alignment_labeled
QA_7747,QA,PNT4,replace,như thế nào,ra ren,Interrogatives,alignment_labeled
QA_8086,QA,PNN,replace,tại,ở,Connectives/Aspect markers,alignment_labeled
QA_8086,QA,PNN,replace,nơi,chỗ,Predicate vocabulary,alignment_labeled
QA_8086,QA,PNN,replace,vào,vô,Connectives/Aspect markers,alignment_labeled
QA_8086,QA,PNN,replace,vào,hồi,Connectives/Aspect markers,alignment_labeled
QA_8086,QA,PNT2,replace,vào,vô,Connectives/Aspect markers,alignment_labeled
QA_8086,QA,PNT2,replace,vào,vô,Connectives/Aspect markers,alignment_labeled
QA_8086,QA,PNT3,replace,nơi nào đã,lộ mô đạ,Interrogatives,alignment_labeled
QA_8086,QA,PNT3,replace,vào,vô,Connectives/Aspect markers,alignment_labeled
QA_8086,QA,PNT4,replace,nơi nào,chỗ mô,Interrogatives,alignment_labeled
QA_8086,QA,PNT4,replace,vào,vô,Connectives/Aspect markers,alignment_labeled
QA_8137,QA,PNB,replace,tại,ở,Connectives/Aspect markers,alignment_labeled
QA_8137,QA,PNN,replace,tại,ở,Connectives/Aspect markers,alignment_labeled
QA_8137,QA,PNT3,replace,tại,ở,Connectives/Aspect markers,alignment_labeled
QA_8137,QA,PNT4,replace,nó có vị trí,hén nằm,Pronouns,alignment_labeled
QA_8904,QA,PNB,replace,lên,đến,Predicate vocabulary,alignment_labeled
QA_8904,QA,PNN,replace,và,với,Connectives/Aspect markers,alignment_labeled
QA_8904,QA,PNN,replace,như thế nào lên,ra sao đến,Interrogatives,alignment_labeled
QA_8904,QA,PNN,replace,và,với,Connectives/Aspect markers,alignment_labeled
QA_8904,QA,PNT2,replace,như thế nào,a răng,Interrogatives,alignment_labeled
QA_8904,QA,PNT4,replace,như thế nào,ra ren,Interrogatives,alignment_labeled
QA_8904,QA,PNT4,replace,và sự,với,Connectives/Aspect markers,alignment_labeled
QA_9223,QA,PNT4,replace,phần lớn,đa số,Predicate vocabulary,alignment_labeled
QA_9483,QA,PNN,replace,sự việc,vụ,Predicate vocabulary,alignment_labeled
QA_9483,QA,PNN,replace,vào,hồi,Connectives/Aspect markers,alignment_labeled
QA_9483,QA,PNT3,replace,vào,vô,Connectives/Aspect markers,alignment_labeled
QA_9483,QA,PNT3,replace,đã không,đạ khung,Negation/Function words,alignment_labeled
QA_9520,QA,PNN,replace,các,mấy,Demonstratives/Deixis,alignment_labeled
QA_9520,QA,PNN,replace,và,với,Connectives/Aspect markers,alignment_labeled
QA_9520,QA,PNN,replace,tại,ở,Connectives/Aspect markers,alignment_labeled
QA_9520,QA,PNT3,replace,tại đâu,chỗ mô,Interrogatives,alignment_labeled
QA_9601,QA,PNN,replace,nhằm,để,Connectives/Aspect markers,alignment_labeled
QA_9601,QA,PNN,replace,và,với,Connectives/Aspect markers,alignment_labeled
QA_9601,QA,PNN,replace,khi,lúc,Connectives/Aspect markers,alignment_labeled
QA_9637,QA,PNN,replace,như thế nào,ra sao,Interrogatives,alignment_labeled
QA_9637,QA,PNT1,replace,thế nào,răng,Interrogatives,alignment_labeled
QA_9637,QA,PNT2,replace,người,ngài,Predicate vocabulary,alignment_labeled
QA_9637,QA,PNT2,replace,vào,vô,Connectives/Aspect markers,alignment_labeled
QA_9637,QA,PNT2,replace,như thế nào,a răng,Interrogatives,alignment_labeled
QA_9637,QA,PNT3,replace,vào,vô,Connectives/Aspect markers,alignment_labeled
QA_9637,QA,PNT4,replace,như thế nào,ra ren,Interrogatives,alignment_labeled
QA_9767,QA,PNN,replace,như thế nào,ra sao,Interrogatives,alignment_labeled
QA_9767,QA,PNN,replace,ông đến,ổng tới,Pronouns,alignment_labeled
QA_9767,QA,PNT2,replace,như thế nào,a răng,Interrogatives,alignment_labeled
QA_9767,QA,PNT4,replace,như thế nào,ra ren,Interrogatives,alignment_labeled
QA_9767,QA,PNT4,replace,đến,tới,Connectives/Aspect markers,alignment_labeled
SENT_0696,SENT,PNT1,replace,ù,cố,Predicate vocabulary,alignment_labeled
SENT_0835,SENT,PNT1,replace,tại sao,răng mà,Interrogatives,alignment_labeled
SENT_0895,SENT,PNT2,replace,người vậy,ngài rứa,Interrogatives,alignment_labeled
SENT_0895,SENT,PNT2,replace,hôm nó,bữa hấn,Pronouns,alignment_labeled
SENT_0958,SENT,PNN,replace,bọn,tụi,Pronouns,alignment_labeled
SENT_1093,SENT,PNB,replace,có,còn,Predicate vocabulary,alignment_labeled
SENT_1093,SENT,PNN,replace,quả,cú,Predicate vocabulary,alignment_labeled
SENT_1093,SENT,PNN,replace,thật đấy,thiệt đó,Discourse particles,alignment_labeled
SENT_1093,SENT,PNT1,replace,không,chả,Negation/Function words,alignment_labeled
SENT_1093,SENT,PNT1,replace,thật đấy,vải luôn ấy,Demonstratives/Deixis,alignment_labeled
SENT_1098,SENT,PNN,replace,giống,y chang,Predicate vocabulary,alignment_labeled
SENT_1098,SENT,PNT1,replace,sao,răng mà,Interrogatives,alignment_labeled
SENT_1098,SENT,PNT1,replace,tao vậy,tau ri,Pronouns,alignment_labeled
SENT_1098,SENT,PNT2,replace,tao vậy,tau rứa,Pronouns,alignment_labeled
SENT_1146,SENT,PNB,replace,thẹo,sẹo,Predicate vocabulary,alignment_labeled
SENT_1146,SENT,PNB,replace,thẹo,sẹo,Predicate vocabulary,alignment_labeled
SENT_1146,SENT,PNB,replace,liền,ngay,Connectives/Aspect markers,alignment_labeled
SENT_1146,SENT,PNN,replace,do mẹ,tại má,Kinship/Honorific terms,alignment_labeled
SENT_1146,SENT,PNN,replace,để,đặng,Connectives/Aspect markers,alignment_labeled
SENT_1146,SENT,PNT1,replace,thẹo,sẹo,Predicate vocabulary,alignment_labeled
SENT_1146,SENT,PNT1,replace,thẹo,sẹo,Predicate vocabulary,alignment_labeled
SENT_1146,SENT,PNT1,replace,phân biệt,nhận biết,Predicate vocabulary,alignment_labeled
SENT_1146,SENT,PNT2,replace,thẹo,sẹo,Predicate vocabulary,alignment_labeled
SENT_1146,SENT,PNT2,replace,thẹo,sẹo,Predicate vocabulary,alignment_labeled
SENT_1161,SENT,PNB,replace,tới,đến,Connectives/Aspect markers,alignment_labeled
SENT_1161,SENT,PNB,replace,tới,đến,Connectives/Aspect markers,alignment_labeled
SENT_1161,SENT,PNN,replace,xem,coi,Predicate vocabulary,alignment_labeled
SENT_1172,SENT,PNN,replace,mức,cỡ,Predicate vocabulary,alignment_labeled
SENT_1172,SENT,PNT2,replace,nhỉ sao,rứa răng,Interrogatives,alignment_labeled
SENT_1172,SENT,PNT2,replace,đó vậy,nớ rứa,Interrogatives,alignment_labeled
SENT_1192,SENT,PNB,replace,xơi,ăn,Predicate vocabulary,alignment_labeled
SENT_1192,SENT,PNN,replace,gấu,bồ,Predicate vocabulary,alignment_labeled
SENT_1192,SENT,PNN,replace,bố láo,cà chớn,Kinship/Honorific terms,alignment_labeled
SENT_1192,SENT,PNN,replace,xơi,ăn,Predicate vocabulary,alignment_labeled
SENT_1192,SENT,PNT1,replace,đấy,đấ,Demonstratives/Deixis,alignment_labeled
SENT_1222,SENT,PNB,replace,chay,chạy,Predicate vocabulary,alignment_labeled
SENT_1222,SENT,PNB,replace,vương,vươn,Predicate vocabulary,alignment_labeled
SENT_1222,SENT,PNB,replace,hút,húc,Predicate vocabulary,alignment_labeled
SENT_1222,SENT,PNB,replace,""" nghìn mét ""","""nghìn mét""",Predicate vocabulary,alignment_labeled
SENT_1222,SENT,PNN,replace,nghìn,ngàn,Predicate vocabulary,alignment_labeled
SENT_1222,SENT,PNN,replace,ngang,vịt xiêm,Predicate vocabulary,alignment_labeled
SENT_1222,SENT,PNT2,replace,gì nó,chi hấn,Pronouns,alignment_labeled
SENT_1338,SENT,PNN,replace,mồm,miệng,Predicate vocabulary,alignment_labeled
SENT_1338,SENT,PNN,replace,rộng toang toác,bô bô,Predicate vocabulary,alignment_labeled
SENT_1338,SENT,PNN,replace,như thế nhỉ,vậy ta,Demonstratives/Deixis,alignment_labeled
SENT_1338,SENT,PNT1,replace,toác,hoang,Predicate vocabulary,alignment_labeled
SENT_1338,SENT,PNT1,replace,thế nhỉ,rứa nhể,Interrogatives,alignment_labeled
SENT_1338,SENT,PNT2,replace,thế nhỉ,rứa hầy,Interrogatives,alignment_labeled
SENT_1410,SENT,PNB,replace,vương nỏ,giương ná,Predicate vocabulary,alignment_labeled
SENT_1410,SENT,PNB,replace,đame,dame,Predicate vocabulary,alignment_labeled
SENT_1410,SENT,PNN,replace,vào,vô,Connectives/Aspect markers,alignment_labeled
SENT_1410,SENT,PNN,replace,ngờ,dè,Predicate vocabulary,alignment_labeled
SENT_1410,SENT,PNT1,replace,nó,hấn,Pronouns,alignment_labeled
SENT_1410,SENT,PNT2,replace,hôm tao,bựa tau,Pronouns,alignment_labeled
SENT_1410,SENT,PNT2,replace,vào,vô,Connectives/Aspect markers,alignment_labeled
SENT_1410,SENT,PNT2,replace,vào,vô,Connectives/Aspect markers,alignment_labeled
SENT_1410,SENT,PNT2,replace,tao không,tau nỏ,Pronouns,alignment_labeled
SENT_1410,SENT,PNT3,replace,hôm tao,bựa tau,Pronouns,alignment_labeled
SENT_1410,SENT,PNT3,replace,vương,dương,Predicate vocabulary,alignment_labeled
SENT_1410,SENT,PNT3,replace,tính,định,Predicate vocabulary,alignment_labeled
SENT_1410,SENT,PNT3,replace,vào,vô kì,Connectives/Aspect markers,alignment_labeled
SENT_1410,SENT,PNT3,replace,vào,vô,Connectives/Aspect markers,alignment_labeled
SENT_1410,SENT,PNT3,replace,tao không,tau nỏ,Pronouns,alignment_labeled
SENT_1410,SENT,PNT3,replace,chơi nữa,dởi nựa,Connectives/Aspect markers,alignment_labeled
SENT_1485,SENT,PNB,replace,chôm,trộm,Predicate vocabulary,alignment_labeled
SENT_1485,SENT,PNN,replace,nhanh thế,lẹ dữ hồi,Demonstratives/Deixis,alignment_labeled
SENT_1485,SENT,PNT1,replace,chôm,trộm,Predicate vocabulary,alignment_labeled
SENT_1485,SENT,PNT1,replace,ngàng,hàng mà,Connectives/Aspect markers,alignment_labeled
SENT_1485,SENT,PNT2,replace,chôm,cướp,Predicate vocabulary,alignment_labeled
SENT_1485,SENT,PNT3,replace,sao bắt nhanh thế,răng tóm lẹ rứa,Interrogatives,alignment_labeled
SENT_1485,SENT,PNT3,replace,ngàng,hàng,Predicate vocabulary,alignment_labeled
SENT_1485,SENT,PNT3,replace,bắt,tóm,Predicate vocabulary,alignment_labeled
SENT_1546,SENT,PNT2,replace,đỗ đâu,đậu mô,Interrogatives,alignment_labeled
SENT_1546,SENT,PNT2,replace,nó đỗ,hấn đậu,Pronouns,alignment_labeled
SENT_1546,SENT,PNT3,replace,nó thích đỗ đâu,hắn ưng đậu mô,Pronouns,alignment_labeled
SENT_1546,SENT,PNT3,replace,nó đỗ mình thích,hắn đậu miềng ưng,Pronouns,alignment_labeled
SENT_1546,SENT,PNT3,replace,mình,miềng,Pronouns,alignment_labeled
SENT_1546,SENT,PNT3,replace,chứ mình không,chơ miềng nỏ,Pronouns,alignment_labeled
SENT_1579,SENT,PNB,replace,mắc ói,buồn nôn,Predicate vocabulary,alignment_labeled
SENT_1579,SENT,PNN,replace,khi,chừng,Connectives/Aspect markers,alignment_labeled
SENT_1579,SENT,PNN,replace,khi,chừng,Connectives/Aspect markers,alignment_labeled
SENT_1579,SENT,PNT1,replace,xò lông,dẩm,Predicate vocabulary,alignment_labeled
SENT_1579,SENT,PNT2,replace,nào tao,mô tau,Pronouns,alignment_labeled
SENT_1579,SENT,PNT2,replace,đó tao,nớ tau,Pronouns,alignment_labeled
SENT_1579,SENT,PNT3,replace,nào tao nhìn,mô tau chộ,Pronouns,alignment_labeled
SENT_1579,SENT,PNT3,replace,tao không mắc ói,tau nỏ buồn oẹ,Pronouns,alignment_labeled
SENT_1579,SENT,PNT3,replace,đó tao,nớ tau,Pronouns,alignment_labeled
SENT_1626,SENT,PNB,replace,vid,video,Predicate vocabulary,alignment_labeled
SENT_1626,SENT,PNN,replace,xem,coi,Predicate vocabulary,alignment_labeled
SENT_1626,SENT,PNN,replace,và,với,Connectives/Aspect markers,alignment_labeled
SENT_1626,SENT,PNN,replace,thật đấy,thiệt đó,Discourse particles,alignment_labeled
SENT_1626,SENT,PNT1,replace,xem,cuôi,Predicate vocabulary,alignment_labeled
SENT_1626,SENT,PNT1,replace,này cơ cực thật đấy,ni khổ kinh,Demonstratives/Deixis,alignment_labeled
SENT_1626,SENT,PNT3,replace,và,với,Connectives/Aspect markers,alignment_labeled
SENT_1626,SENT,PNT3,replace,thật giờ,thiệt chừ,Connectives/Aspect markers,alignment_labeled
SENT_1626,SENT,PNT3,replace,thật đấy,thiệt á,Demonstratives/Deixis,alignment_labeled
SENT_1626,SENT,PNT4,replace,thật đấy,ghê lắm,Demonstratives/Deixis,alignment_labeled
SENT_1655,SENT,PNN,replace,đùa,giỡn,Predicate vocabulary,alignment_labeled
SENT_1655,SENT,PNT3,replace,chút nhưng,tí đều,Predicate vocabulary,alignment_labeled
SENT_1655,SENT,PNT3,replace,ấy chứ,đó chơ,Demonstratives/Deixis,alignment_labeled
SENT_1655,SENT,PNT4,replace,ấy chứ,đó bớt,Demonstratives/Deixis,alignment_labeled
SENT_1726,SENT,PNB,replace,halo,hãm,Predicate vocabulary,alignment_labeled
SENT_1726,SENT,PNB,replace,hết,nữa,Demonstratives/Deixis,alignment_labeled
SENT_1726,SENT,PNN,replace,lâu lâu,thảng thảng,Predicate vocabulary,alignment_labeled
SENT_1726,SENT,PNN,replace,xem,coi,Predicate vocabulary,alignment_labeled
SENT_1726,SENT,PNT3,replace,lâu mới,mì,Predicate vocabulary,alignment_labeled
SENT_1771,SENT,PNT2,replace,cái này,cấy ni,Demonstratives/Deixis,alignment_labeled
SENT_1771,SENT,PNT3,replace,cái này luôn thế,cấy ni rứa,Interrogatives,alignment_labeled
SENT_1894,SENT,PNB,replace,thi,thu,Predicate vocabulary,alignment_labeled
SENT_1894,SENT,PNB,replace,gấu,người yêu,Predicate vocabulary,alignment_labeled
SENT_1894,SENT,PNN,replace,đến việc,tới vụ,Connectives/Aspect markers,alignment_labeled
SENT_1894,SENT,PNN,replace,gấu,bồ,Predicate vocabulary,alignment_labeled
SENT_1894,SENT,PNN,replace,xem,coi,Predicate vocabulary,alignment_labeled
SENT_1894,SENT,PNT1,replace,cho,chua,Connectives/Aspect markers,alignment_labeled
SENT_1894,SENT,PNT1,replace,xem,xiêm,Predicate vocabulary,alignment_labeled
SENT_1894,SENT,PNT2,replace,chơi,nhởi,Predicate vocabulary,alignment_labeled
SENT_1894,SENT,PNT3,replace,đó dắt,nớ đắc,Demonstratives/Deixis,alignment_labeled
SENT_1894,SENT,PNT3,replace,chơi,rượng,Predicate vocabulary,alignment_labeled
SENT_1908,SENT,PNN,replace,thế chân,vậy giò,Demonstratives/Deixis,alignment_labeled
SENT_1908,SENT,PNN,replace,phải,tính,Predicate vocabulary,alignment_labeled
SENT_1908,SENT,PNT1,replace,làm sao,mần răng,Interrogatives,alignment_labeled
SENT_1908,SENT,PNT3,replace,thế chân,rứa cẳng,Interrogatives,alignment_labeled
SENT_1915,SENT,PNN,replace,khi,lúc,Connectives/Aspect markers,alignment_labeled
SENT_1915,SENT,PNN,replace,mẹ,má,Kinship/Honorific terms,alignment_labeled
SENT_1915,SENT,PNT2,replace,nào mẹ làm,mô mệ mần,Kinship/Honorific terms,alignment_labeled
SENT_1915,SENT,PNT3,replace,nào mẹ làm,mô mạ mần,Kinship/Honorific terms,alignment_labeled
SENT_1915,SENT,PNT3,replace,này không,ni khung,Demonstratives/Deixis,alignment_labeled
SENT_1971,SENT,PNN,replace,ấy đánh không,á uýnh hông,Demonstratives/Deixis,alignment_labeled
SENT_1971,SENT,PNN,replace,đánh,uýnh,Predicate vocabulary,alignment_labeled
SENT_1971,SENT,PNT1,replace,cức,cứt,Predicate vocabulary,alignment_labeled
SENT_1971,SENT,PNT1,replace,đánh,nhể oánh,Predicate vocabulary,alignment_labeled
SENT_1971,SENT,PNT1,replace,đánh,oách,Predicate vocabulary,alignment_labeled
SENT_1971,SENT,PNT2,replace,sao ấy,răng rứa,Interrogatives,alignment_labeled
SENT_1971,SENT,PNT3,replace,sao ấy,răng á,Interrogatives,alignment_labeled
SENT_2129,SENT,PNN,replace,và,với,Connectives/Aspect markers,alignment_labeled
SENT_2129,SENT,PNT1,replace,thế nào,ri,Interrogatives,alignment_labeled
SENT_2129,SENT,PNT4,replace,nhé,nghe,Discourse particles,alignment_labeled
SENT_2148,SENT,PNB,replace,thấy mẹ hà,thế không biết,Kinship/Honorific terms,alignment_labeled
SENT_2148,SENT,PNT1,replace,má,mẹ,Kinship/Honorific terms,alignment_labeled
SENT_2148,SENT,PNT1,replace,dữ,ghê,Predicate vocabulary,alignment_labeled
SENT_2148,SENT,PNT2,replace,đầu,trốc,Predicate vocabulary,alignment_labeled
SENT_2148,SENT,PNT2,replace,dữ thấy,tợn bỏ,Predicate vocabulary,alignment_labeled
SENT_2148,SENT,PNT3,replace,má,vãi,Kinship/Honorific terms,alignment_labeled
SENT_2148,SENT,PNT4,replace,nhìn,ngó,Predicate vocabulary,alignment_labeled
SENT_2148,SENT,PNT4,replace,dữ,hung,Predicate vocabulary,alignment_labeled
SENT_2148,SENT,PNT4,replace,hà,rứa,Interrogatives,alignment_labeled
SENT_2217,SENT,PNN,replace,như thế nào nhỉ,sao ta,Interrogatives,alignment_labeled
SENT_2217,SENT,PNT1,replace,thụt,trượt,Predicate vocabulary,alignment_labeled
SENT_2217,SENT,PNT2,replace,như thế nào nhỉ,a răng biết,Interrogatives,alignment_labeled
SENT_2217,SENT,PNT3,replace,chân,cẳng,Predicate vocabulary,alignment_labeled
SENT_2217,SENT,PNT3,replace,như thế nào nhỉ chắc,a răng hè e,Interrogatives,alignment_labeled
SENT_2217,SENT,PNT3,replace,đến tận rốn,thấu lộ tún,Connectives/Aspect markers,alignment_labeled
SENT_2217,SENT,PNT4,replace,như thế nào nhỉ,ren hè,Interrogatives,alignment_labeled
SENT_2308,SENT,PNN,replace,chúng ta những,tụi mình mấy,Pronouns,alignment_labeled
SENT_2308,SENT,PNN,replace,những,mấy,Demonstratives/Deixis,alignment_labeled
SENT_2308,SENT,PNN,replace,ta,mình,Pronouns,alignment_labeled
SENT_2308,SENT,PNN,replace,ngờ,dè,Predicate vocabulary,alignment_labeled
SENT_2308,SENT,PNN,replace,chúng ta,tụi mình,Pronouns,alignment_labeled
SENT_2308,SENT,PNT1,replace,lạ,cách,Predicate vocabulary,alignment_labeled
SENT_2308,SENT,PNT3,replace,giờ đây chúng ta,chừ bọn miềng,Pronouns,alignment_labeled
SENT_2308,SENT,PNT3,replace,ấy giờ,nớ chừ,Demonstratives/Deixis,alignment_labeled
SENT_2308,SENT,PNT3,replace,những,mấy,Demonstratives/Deixis,alignment_labeled
SENT_2308,SENT,PNT3,replace,này chúng ta,ni bọn miềng,Pronouns,alignment_labeled
SENT_2308,SENT,PNT3,replace,lên,nên,Predicate vocabulary,alignment_labeled
SENT_2308,SENT,PNT4,replace,giờ đây,bây chừ,Demonstratives/Deixis,alignment_labeled
SENT_2308,SENT,PNT4,replace,ấy giờ,đó chừ,Demonstratives/Deixis,alignment_labeled
SENT_2308,SENT,PNT4,replace,những,mấy,Demonstratives/Deixis,alignment_labeled
SENT_2473,SENT,PNT1,replace,như thế nào,răng,Interrogatives,alignment_labeled
SENT_2473,SENT,PNT3,replace,đường không,đàng nỏ,Negation/Function words,alignment_labeled
SENT_2473,SENT,PNT3,replace,to vậy,bà là rứa,Interrogatives,alignment_labeled
SENT_2473,SENT,PNT3,replace,muốn như thế nào,ưng chi nựa,Interrogatives,alignment_labeled
SENT_2473,SENT,PNT4,replace,nhé,nghe,Discourse particles,alignment_labeled
SENT_2507,SENT,PNT1,replace,thấy cảm,thấybiết,Predicate vocabulary,alignment_labeled
SENT_2507,SENT,PNT2,replace,đánh chứ,đập chơ,Predicate vocabulary,alignment_labeled
SENT_2507,SENT,PNT3,replace,gì đâu giờ,chi mô chừ,Interrogatives,alignment_labeled
SENT_2507,SENT,PNT3,replace,hồi đó đã,thời nớ,Demonstratives/Deixis,alignment_labeled
SENT_2515,SENT,PNN,replace,thằng chúng mày,đứa tụi bây,Pronouns,alignment_labeled
SENT_2515,SENT,PNN,replace,ư,hả,Discourse particles,alignment_labeled
SENT_2515,SENT,PNT1,replace,mày,mi,Pronouns,alignment_labeled
SENT_2515,SENT,PNT2,replace,không làm gì,nỏ mần chi,Negation/Function words,alignment_labeled
SENT_2515,SENT,PNT3,replace,ư,à,Discourse particles,alignment_labeled
SENT_2515,SENT,PNT4,replace,ư,hả,Discourse particles,alignment_labeled
SENT_2727,SENT,PNB,replace,đem,mang,Predicate vocabulary,alignment_labeled
SENT_2727,SENT,PNN,replace,công,mướn,Predicate vocabulary,alignment_labeled
SENT_2727,SENT,PNN,replace,vào,vô,Connectives/Aspect markers,alignment_labeled
SENT_2727,SENT,PNT2,replace,cái này vào,cấy ni vô,Demonstratives/Deixis,alignment_labeled
SENT_2727,SENT,PNT3,replace,này vào,ni vô,Demonstratives/Deixis,alignment_labeled
SENT_2727,SENT,PNT4,replace,này vào,ni vô,Demonstratives/Deixis,alignment_labeled
SENT_2727,SENT,PNT4,replace,việc,chuyện,Predicate vocabulary,alignment_labeled
SENT_2816,SENT,PNT1,replace,mình,tau,Pronouns,alignment_labeled
SENT_2816,SENT,PNT1,replace,nó,hấn,Pronouns,alignment_labeled
SENT_2816,SENT,PNT2,replace,sao nó không,răng hấn nỏ,Pronouns,alignment_labeled
SENT_2816,SENT,PNT3,replace,mình không,mềng nỏ,Pronouns,alignment_labeled
SENT_2816,SENT,PNT3,replace,sao nó không,răng hắn khung,Pronouns,alignment_labeled
SENT_2816,SENT,PNT4,replace,nhỉ,hỉ,Discourse particles,alignment_labeled
SENT_2938,SENT,PNB,replace,rược,đuổi theo,Predicate vocabulary,alignment_labeled
SENT_2938,SENT,PNT1,replace,rược,đuổi,Predicate vocabulary,alignment_labeled
SENT_2938,SENT,PNT3,replace,rược suốt,rượt cả,Predicate vocabulary,alignment_labeled
SENT_2938,SENT,PNT4,replace,rược,đuổi,Predicate vocabulary,alignment_labeled
SENT_3023,SENT,PNN,replace,ấy chứ,nít đó chớ,Demonstratives/Deixis,alignment_labeled
SENT_3023,SENT,PNT3,replace,giờ,bựa chừ,Predicate vocabulary,alignment_labeled
SENT_3023,SENT,PNT3,replace,quá,quái,Predicate vocabulary,alignment_labeled
SENT_3023,SENT,PNT3,replace,con ấy chứ,em đó chơ,Kinship/Honorific terms,alignment_labeled
SENT_3023,SENT,PNT3,replace,trêu đùa quái,chọc đại,Predicate vocabulary,alignment_labeled
SENT_3023,SENT,PNT3,replace,thế cũng,rứa cụng,Interrogatives,alignment_labeled
SENT_3023,SENT,PNT4,replace,ấy chứ,đó chớ,Demonstratives/Deixis,alignment_labeled
SENT_3060,SENT,PNN,replace,được,nổi,Predicate vocabulary,alignment_labeled
SENT_3060,SENT,PNT1,replace,không,chả,Negation/Function words,alignment_labeled
SENT_3060,SENT,PNT1,replace,sao,răng,Interrogatives,alignment_labeled
SENT_3060,SENT,PNT2,replace,cảnh này gặp cũng nhiều,hồi xưa còn bị vén tà áo dài nằm lên bàn,Demonstratives/Deixis,alignment_labeled
SENT_3060,SENT,PNT2,replace,dọn,đập chơ quỳ như ri có là cây chi mô dừ mới,Interrogatives,alignment_labeled
SENT_3060,SENT,PNT2,replace,mẹ luôn mà vẫn không sạch được tức ghê ức chế lắm 1 lần thì không sao mà cả chục lần,cảm ơn thầy cô vì hồi nớ đã,Interrogatives,alignment_labeled
SENT_3060,SENT,PNT4,replace,vẫn,cũng,Connectives/Aspect markers,alignment_labeled
SENT_3060,SENT,PNT4,replace,lắm,gớm,Predicate vocabulary,alignment_labeled
SENT_3067,SENT,PNN,replace,cha mẹ,ba má,Kinship/Honorific terms,alignment_labeled
SENT_3067,SENT,PNT1,replace,cha,bố,Kinship/Honorific terms,alignment_labeled
SENT_3067,SENT,PNT2,replace,cha mẹ,ba mạ,Kinship/Honorific terms,alignment_labeled
SENT_3094,SENT,PNN,replace,thế kia không,vậy hông,Demonstratives/Deixis,alignment_labeled
SENT_3094,SENT,PNN,replace,à,hả,Discourse particles,alignment_labeled
SENT_3094,SENT,PNT2,replace,thế kia không,rứa nỏ,Interrogatives,alignment_labeled
SENT_3094,SENT,PNT3,replace,thế kia không,in rứa nỏ,Interrogatives,alignment_labeled
SENT_3094,SENT,PNT4,replace,thế kia,rứa,Interrogatives,alignment_labeled
SENT_3094,SENT,PNT4,replace,à tao,hả ta,Pronouns,alignment_labeled
SENT_3169,SENT,PNN,replace,vâng,dạ,Discourse particles,alignment_labeled
SENT_3169,SENT,PNN,replace,vào,vô,Connectives/Aspect markers,alignment_labeled
SENT_3169,SENT,PNT2,replace,vâng,dạ,Discourse particles,alignment_labeled
SENT_3169,SENT,PNT2,replace,đây,dừ,Demonstratives/Deixis,alignment_labeled
SENT_3169,SENT,PNT2,replace,vào,vô,Connectives/Aspect markers,alignment_labeled
SENT_3169,SENT,PNT3,replace,vào,vô,Connectives/Aspect markers,alignment_labeled
SENT_3169,SENT,PNT4,replace,vâng,dạ,Discourse particles,alignment_labeled
SENT_3169,SENT,PNT4,replace,vào,vô,Connectives/Aspect markers,alignment_labeled
SENT_3243,SENT,PNN,replace,đỗ,đậu,Predicate vocabulary,alignment_labeled
SENT_3243,SENT,PNN,replace,đỗ,đậu,Predicate vocabulary,alignment_labeled
SENT_3243,SENT,PNN,replace,các,mấy,Demonstratives/Deixis,alignment_labeled
SENT_3243,SENT,PNT2,replace,này đâu,ni cả,Interrogatives,alignment_labeled
SENT_3243,SENT,PNT3,replace,đỗ,đậu,Predicate vocabulary,alignment_labeled
SENT_3243,SENT,PNT3,replace,đỗ,đậu,Predicate vocabulary,alignment_labeled
SENT_3243,SENT,PNT3,replace,chứ đường,chơ đàng,Predicate vocabulary,alignment_labeled
SENT_3243,SENT,PNT3,replace,các bà đâu,mấy mệ mô,Pronouns,alignment_labeled
SENT_3243,SENT,PNT3,replace,này đâu,ni mô,Interrogatives,alignment_labeled
SENT_3243,SENT,PNT3,replace,nó vừa,hắn bưa bưa,Pronouns,alignment_labeled
SENT_3243,SENT,PNT4,replace,đỗ,đậu,Predicate vocabulary,alignment_labeled
SENT_3243,SENT,PNT4,replace,đỗ lùi,đậu xích,Predicate vocabulary,alignment_labeled
SENT_3249,SENT,PNB,replace,nhâu,nhau,Predicate vocabulary,alignment_labeled
SENT_3249,SENT,PNB,replace,quơ,vơ,Predicate vocabulary,alignment_labeled
SENT_3249,SENT,PNB,replace,quơ,thì vơ,Predicate vocabulary,alignment_labeled
SENT_3249,SENT,PNB,replace,đó kkkk,đấy,Demonstratives/Deixis,alignment_labeled
SENT_3249,SENT,PNN,replace,các,mấy,Demonstratives/Deixis,alignment_labeled
SENT_3249,SENT,PNT1,replace,nó,hấn,Pronouns,alignment_labeled
SENT_3249,SENT,PNT1,replace,các chế,bọn mi,Pronouns,alignment_labeled
SENT_3249,SENT,PNT2,replace,nhâu,nhau,Predicate vocabulary,alignment_labeled
SENT_3249,SENT,PNT3,replace,nó yêu nhâu,hắn ưng chắc,Pronouns,alignment_labeled
SENT_3249,SENT,PNT3,replace,các chế ơi,mấy ả nở,Pronouns,alignment_labeled
SENT_3249,SENT,PNT4,replace,các chế,tụi bây,Pronouns,alignment_labeled
SENT_3273,SENT,PNB,replace,chau,cháu,Predicate vocabulary,alignment_labeled
SENT_3273,SENT,PNB,replace,cho cắm,chó cắn,Connectives/Aspect markers,alignment_labeled
SENT_3273,SENT,PNN,replace,những,mấy,Demonstratives/Deixis,alignment_labeled
SENT_3273,SENT,PNN,replace,các chau,mấy đứa cháu,Pronouns,alignment_labeled
SENT_3273,SENT,PNN,replace,bẩn,dơ,Predicate vocabulary,alignment_labeled
SENT_3273,SENT,PNN,replace,lũ,tụi,Pronouns,alignment_labeled
SENT_3273,SENT,PNT1,replace,chau,cháu,Predicate vocabulary,alignment_labeled
SENT_3273,SENT,PNT2,replace,chau,cháu,Predicate vocabulary,alignment_labeled
SENT_3273,SENT,PNT2,replace,cho cắm,chó cắn,Connectives/Aspect markers,alignment_labeled
SENT_3273,SENT,PNT3,replace,những,mấy,Demonstratives/Deixis,alignment_labeled
SENT_3273,SENT,PNT3,replace,các,mấy,Demonstratives/Deixis,alignment_labeled
SENT_3273,SENT,PNT3,replace,lũ,bọn,Pronouns,alignment_labeled
SENT_3273,SENT,PNT4,replace,các chau,mấy cháu,Demonstratives/Deixis,alignment_labeled
SENT_3427,SENT,PNB,replace,vô,vào,Connectives/Aspect markers,alignment_labeled
SENT_3469,SENT,PNN,replace,lúc,hồi,Connectives/Aspect markers,alignment_labeled
SENT_3469,SENT,PNT2,replace,giờ mới,dừ mì,Predicate vocabulary,alignment_labeled
SENT_3469,SENT,PNT3,replace,giờ mới,chừ mì,Predicate vocabulary,alignment_labeled
SENT_3469,SENT,PNT3,replace,má nó,mẹ hắn,Pronouns,alignment_labeled
SENT_3469,SENT,PNT3,replace,nào cũng,mô cụng,Interrogatives,alignment_labeled
SENT_3469,SENT,PNT3,replace,nữa chắc,nựa e,Connectives/Aspect markers,alignment_labeled
SENT_3469,SENT,PNT3,replace,bà nó,mẹ kì,Pronouns,alignment_labeled
SENT_3514,SENT,PNT2,replace,hôm ấy,bữa nớ,Demonstratives/Deixis,alignment_labeled
SENT_3514,SENT,PNT4,replace,lũ,bọn,Pronouns,alignment_labeled
SENT_3514,SENT,PNT4,replace,trông,nhìn,Predicate vocabulary,alignment_labeled
SENT_3520,SENT,PNB,replace,thằg,thằng,Pronouns,alignment_labeled
SENT_3520,SENT,PNB,replace,với thằg,thằng,Pronouns,alignment_labeled
SENT_3520,SENT,PNB,replace,bổg m,bổng mày,Predicate vocabulary,alignment_labeled
SENT_3520,SENT,PNB,replace,hám,ham,Predicate vocabulary,alignment_labeled
SENT_3520,SENT,PNN,replace,đến,tới,Connectives/Aspect markers,alignment_labeled
SENT_3520,SENT,PNT1,replace,mày,mi,Pronouns,alignment_labeled
SENT_3520,SENT,PNT1,replace,mày,mi,Pronouns,alignment_labeled
SENT_3520,SENT,PNT1,replace,mày,mi,Pronouns,alignment_labeled
SENT_3520,SENT,PNT1,replace,hám,tham,Predicate vocabulary,alignment_labeled
SENT_3520,SENT,PNT1,replace,mày,mi,Pronouns,alignment_labeled
SENT_3520,SENT,PNT4,replace,đến,tới,Connectives/Aspect markers,alignment_labeled
SENT_3555,SENT,PNB,replace,ta,mình,Pronouns,alignment_labeled
SENT_3555,SENT,PNB,replace,""" tại","""tại",Connectives/Aspect markers,alignment_labeled
SENT_3555,SENT,PNB,replace,"ta ""","mình""",Pronouns,alignment_labeled
SENT_3555,SENT,PNN,replace,ngày,hồi,Connectives/Aspect markers,alignment_labeled
SENT_3555,SENT,PNN,replace,cha mẹ,ba má,Kinship/Honorific terms,alignment_labeled
SENT_3555,SENT,PNT2,replace,thế này thế kia,như ri như rứa,Interrogatives,alignment_labeled
SENT_3555,SENT,PNT3,replace,đó cha mẹ,nớ bọ mạ,Kinship/Honorific terms,alignment_labeled
SENT_3555,SENT,PNT4,replace,đó cha,nớ ba,Kinship/Honorific terms,alignment_labeled
SENT_3618,SENT,PNT1,replace,lộn,nhau,Predicate vocabulary,alignment_labeled
SENT_3618,SENT,PNT2,replace,làm gì nhìu,mần chi nhiều,Interrogatives,alignment_labeled
SENT_3618,SENT,PNT3,replace,bởi vậy,vì rứa nên,Interrogatives,alignment_labeled
SENT_3618,SENT,PNT3,replace,làm gì nhìu,mần chi nhiều,Interrogatives,alignment_labeled
SENT_3618,SENT,PNT3,replace,cãi lộn mệt,cại chắc dọc,Idiomatic expressions,alignment_labeled
SENT_3670,SENT,PNN,replace,đến,tới,Connectives/Aspect markers,alignment_labeled
SENT_3670,SENT,PNT1,replace,thế nào,răng,Interrogatives,alignment_labeled
SENT_3670,SENT,PNT1,replace,mày,mi,Pronouns,alignment_labeled
SENT_3670,SENT,PNT4,replace,ủi ui,trời ơi,Predicate vocabulary,alignment_labeled
SENT_3670,SENT,PNT4,replace,đến,tới,Connectives/Aspect markers,alignment_labeled
SENT_3750,SENT,PNN,replace,mẹ,má,Kinship/Honorific terms,alignment_labeled
SENT_3750,SENT,PNN,replace,tốt thật,giỏi thiệt,Connectives/Aspect markers,alignment_labeled
SENT_3750,SENT,PNT2,replace,còn,đăng,Predicate vocabulary,alignment_labeled
SENT_3750,SENT,PNT2,replace,nữa chứ,nựa chơ,Connectives/Aspect markers,alignment_labeled
SENT_3750,SENT,PNT3,replace,nữa chứ,nựa chớ,Discourse particles,alignment_labeled
SENT_3750,SENT,PNT4,replace,thật,thiệt,Connectives/Aspect markers,alignment_labeled
SENT_3763,SENT,PNB,replace,all,tất cả,Predicate vocabulary,alignment_labeled
SENT_3763,SENT,PNT2,replace,người,ngài,Predicate vocabulary,alignment_labeled
SENT_3763,SENT,PNT2,replace,tao không,tau nỏ,Pronouns,alignment_labeled
SENT_3763,SENT,PNT2,replace,vào,vô,Connectives/Aspect markers,alignment_labeled
SENT_3763,SENT,PNT3,replace,nhưng,chơ đều,Predicate vocabulary,alignment_labeled
SENT_3763,SENT,PNT4,replace,vào,vô,Connectives/Aspect markers,alignment_labeled
SENT_3814,SENT,PNB,replace,hoạng,hoảng,Predicate vocabulary,alignment_labeled
SENT_3814,SENT,PNN,replace,thủ,hườm,Predicate vocabulary,alignment_labeled
SENT_3814,SENT,PNT3,replace,thấy chế,ngó chộ chị,Predicate vocabulary,alignment_labeled
SENT_3814,SENT,PNT3,replace,phải,phại,Predicate vocabulary,alignment_labeled
SENT_3814,SENT,PNT4,replace,hoạng,hoảng,Predicate vocabulary,alignment_labeled
SENT_3814,SENT,PNT4,replace,nhá,nghe,Discourse particles,alignment_labeled
SENT_3906,SENT,PNB,replace,la hoài,chửi mãi,Predicate vocabulary,alignment_labeled
SENT_3906,SENT,PNT3,replace,mình lúa,miềng ló,Pronouns,alignment_labeled
SENT_3906,SENT,PNT3,replace,mình,miềng,Pronouns,alignment_labeled
SENT_3906,SENT,PNT3,replace,anh chồng la hoài là vậy,eng dông nạt mãi mà rứa tê,Pronouns,alignment_labeled
SENT_3906,SENT,PNT4,replace,hoài,miết,Predicate vocabulary,alignment_labeled
SENT_3910,SENT,PNB,replace,đúi,đuối,Predicate vocabulary,alignment_labeled
SENT_3910,SENT,PNN,replace,xem,coi,Predicate vocabulary,alignment_labeled
SENT_3910,SENT,PNT2,replace,vào,vô,Connectives/Aspect markers,alignment_labeled
SENT_3910,SENT,PNT3,replace,vào,vô,Connectives/Aspect markers,alignment_labeled
SENT_3910,SENT,PNT3,replace,đúi,đuối,Predicate vocabulary,alignment_labeled
SENT_3910,SENT,PNT4,replace,vào,vô,Connectives/Aspect markers,alignment_labeled
SENT_4003,SENT,PNB,replace,nghề nghiệp,manh áo của,Predicate vocabulary,alignment_labeled
SENT_4003,SENT,PNN,replace,bố đời ấy,làm phách đó,Kinship/Honorific terms,alignment_labeled
SENT_4003,SENT,PNT2,replace,chứ đâu,chơ mô,Interrogatives,alignment_labeled
SENT_4003,SENT,PNT3,replace,đã sao,đạ răng,Interrogatives,alignment_labeled
SENT_4003,SENT,PNT3,replace,người ta,họ,Pronouns,alignment_labeled
SENT_4003,SENT,PNT3,replace,chứ đâu,chơ mô,Interrogatives,alignment_labeled
SENT_4003,SENT,PNT4,replace,thích,ưng,Predicate vocabulary,alignment_labeled
SENT_4035,SENT,PNB,replace,hên xui,may rủi,Predicate vocabulary,alignment_labeled
SENT_4035,SENT,PNB,replace,heo,lợn,Predicate vocabulary,alignment_labeled
SENT_4035,SENT,PNB,replace,heo,lợn,Predicate vocabulary,alignment_labeled
SENT_4035,SENT,PNB,replace,hay,tốt,Predicate vocabulary,alignment_labeled
SENT_4035,SENT,PNN,replace,quá,ghê,Predicate vocabulary,alignment_labeled
SENT_4035,SENT,PNN,replace,cả,nguyên,Demonstratives/Deixis,alignment_labeled
SENT_4035,SENT,PNN,replace,thời gian,lúc,Connectives/Aspect markers,alignment_labeled
SENT_4035,SENT,PNN,replace,các,mấy,Demonstratives/Deixis,alignment_labeled
SENT_4035,SENT,PNT1,replace,sao,răng,Interrogatives,alignment_labeled
SENT_4035,SENT,PNT1,replace,gì,chi,Interrogatives,alignment_labeled
SENT_4035,SENT,PNT2,replace,làm sao không,mần răng nỏ,Interrogatives,alignment_labeled
SENT_4035,SENT,PNT2,replace,heo,lợn,Predicate vocabulary,alignment_labeled
SENT_4035,SENT,PNT2,replace,heo,lợn,Predicate vocabulary,alignment_labeled
SENT_4035,SENT,PNT3,replace,sao không,răng nỏ,Interrogatives,alignment_labeled
SENT_4057,SENT,PNN,replace,đến,tới,Connectives/Aspect markers,alignment_labeled
SENT_4057,SENT,PNN,replace,việc ông ấy,vụ ổng,Pronouns,alignment_labeled
SENT_4057,SENT,PNN,replace,như thế nào,ra sao,Interrogatives,alignment_labeled
SENT_4057,SENT,PNT1,replace,mình,tau,Pronouns,alignment_labeled
SENT_4057,SENT,PNT2,replace,người như thế nào,ngài a răng,Interrogatives,alignment_labeled
SENT_4057,SENT,PNT3,replace,mình,miềng,Pronouns,alignment_labeled
SENT_4057,SENT,PNT3,replace,chứ không,chơ khung,Negation/Function words,alignment_labeled
SENT_4057,SENT,PNT4,replace,đến,tới,Connectives/Aspect markers,alignment_labeled
SENT_4057,SENT,PNT4,replace,như thế nào,ra ren,Interrogatives,alignment_labeled
SENT_4084,SENT,PNT2,replace,tao quá vậy,tau rứa,Pronouns,alignment_labeled
SENT_4084,SENT,PNT3,replace,này sao,ni răng,Interrogatives,alignment_labeled
SENT_4084,SENT,PNT3,replace,tao quá vậy,tau rứa he,Pronouns,alignment_labeled
SENT_4084,SENT,PNT4,replace,này sao,ni ren,Interrogatives,alignment_labeled
SENT_4084,SENT,PNT4,replace,quá vậy,ghê rứa,Interrogatives,alignment_labeled
SENT_4150,SENT,PNN,replace,ném vào,quăng vô,Connectives/Aspect markers,alignment_labeled
SENT_4150,SENT,PNT2,replace,vào,vô,Connectives/Aspect markers,alignment_labeled
SENT_4150,SENT,PNT2,replace,chứ nó,chơ hấn,Pronouns,alignment_labeled
SENT_4150,SENT,PNT2,replace,gì cái,chi cây,Interrogatives,alignment_labeled
SENT_4150,SENT,PNT3,replace,gì cái,chi cấy,Interrogatives,alignment_labeled
SENT_4150,SENT,PNT4,replace,vào,vô,Connectives/Aspect markers,alignment_labeled
SENT_4155,SENT,PNN,replace,một,tới,Connectives/Aspect markers,alignment_labeled
SENT_4155,SENT,PNN,replace,chúng ta,tụi mình,Pronouns,alignment_labeled
SENT_4155,SENT,PNN,replace,có lẽ,hông chừng,Negation/Function words,alignment_labeled
SENT_4155,SENT,PNT1,replace,nào đó,môđó,Interrogatives,alignment_labeled
SENT_4155,SENT,PNT3,replace,chúng ta,mình,Pronouns,alignment_labeled
SENT_4155,SENT,PNT4,replace,thật,thiệt,Connectives/Aspect markers,alignment_labeled
SENT_4160,SENT,PNN,replace,sinh sao này,trò mai mốt,Interrogatives,alignment_labeled
SENT_4160,SENT,PNT2,replace,sao này,sau ni,Interrogatives,alignment_labeled
SENT_4160,SENT,PNT3,replace,sao này,mài bựa,Interrogatives,alignment_labeled
SENT_4160,SENT,PNT4,replace,nhỉ,hỉ,Discourse particles,alignment_labeled
SENT_4160,SENT,PNT4,replace,sao này,sau ni,Interrogatives,alignment_labeled
SENT_4428,SENT,PNB,replace,chiện,chuyện,Predicate vocabulary,alignment_labeled
SENT_4428,SENT,PNN,replace,đến,tới,Connectives/Aspect markers,alignment_labeled
SENT_4428,SENT,PNN,replace,bố mình,ba tui,Kinship/Honorific terms,alignment_labeled
SENT_4428,SENT,PNN,replace,vào,vô,Connectives/Aspect markers,alignment_labeled
SENT_4428,SENT,PNN,replace,bố mình,ba tui,Kinship/Honorific terms,alignment_labeled
SENT_4428,SENT,PNT2,replace,nhất,nhít,Predicate vocabulary,alignment_labeled
SENT_4428,SENT,PNT2,replace,vào,vô,Connectives/Aspect markers,alignment_labeled
SENT_4428,SENT,PNT3,replace,bố mình,bọ tau,Pronouns,alignment_labeled
SENT_4428,SENT,PNT3,replace,vào,vô,Connectives/Aspect markers,alignment_labeled
SENT_4428,SENT,PNT3,replace,bố mình,bọ tau,Pronouns,alignment_labeled
SENT_4428,SENT,PNT3,replace,vậy nên,rứa bơ,Interrogatives,alignment_labeled
SENT_4428,SENT,PNT3,replace,chiện,chuyện,Predicate vocabulary,alignment_labeled
SENT_4428,SENT,PNT4,replace,đến,tới,Connectives/Aspect markers,alignment_labeled
SENT_4428,SENT,PNT4,replace,vào,vô,Connectives/Aspect markers,alignment_labeled
SENT_4428,SENT,PNT4,replace,bố mình,ba ta,Pronouns,alignment_labeled
SENT_4445,SENT,PNN,replace,mắng,la,Predicate vocabulary,alignment_labeled
SENT_4445,SENT,PNN,replace,tầng,lầu,Predicate vocabulary,alignment_labeled
SENT_4445,SENT,PNN,replace,tầng,lầu,Predicate vocabulary,alignment_labeled
SENT_4445,SENT,PNN,replace,tầng,lầu,Predicate vocabulary,alignment_labeled
SENT_4445,SENT,PNT2,replace,người,ngài,Predicate vocabulary,alignment_labeled
SENT_4445,SENT,PNT3,replace,trước mẹ,bựa mạ,Kinship/Honorific terms,alignment_labeled
SENT_4445,SENT,PNT3,replace,nào cũng,mô cụng,Interrogatives,alignment_labeled
SENT_4494,SENT,PNN,replace,mồm,miệng,Predicate vocabulary,alignment_labeled
SENT_4494,SENT,PNN,replace,vào,vô,Connectives/Aspect markers,alignment_labeled
SENT_4494,SENT,PNN,replace,cô ấy tôi,cổ tui,Pronouns,alignment_labeled
SENT_4494,SENT,PNT1,replace,tát,vả,Predicate vocabulary,alignment_labeled
SENT_4494,SENT,PNT2,replace,ấy tôi,nớ tau,Pronouns,alignment_labeled
SENT_4494,SENT,PNT3,replace,vào,vô,Connectives/Aspect markers,alignment_labeled
SENT_4494,SENT,PNT3,replace,nếu tôi,tau mà,Pronouns,alignment_labeled
SENT_4494,SENT,PNT3,replace,cô ấy tôi,ả tau,Pronouns,alignment_labeled
SENT_4494,SENT,PNT4,replace,mồm,mỏ,Predicate vocabulary,alignment_labeled
SENT_4494,SENT,PNT4,replace,vào,vô,Connectives/Aspect markers,alignment_labeled
SENT_4519,SENT,PNN,replace,lợn,heo,Predicate vocabulary,alignment_labeled
SENT_4519,SENT,PNN,replace,vào,vô,Connectives/Aspect markers,alignment_labeled
SENT_4519,SENT,PNN,replace,ông bà đấy thế nào,ổng bả ra sao,Pronouns,alignment_labeled
SENT_4519,SENT,PNT2,replace,này vào,ni vô,Demonstratives/Deixis,alignment_labeled
SENT_4519,SENT,PNT2,replace,đấy thế nào,nớ như răng,Interrogatives,alignment_labeled
SENT_4519,SENT,PNT3,replace,này vào đĩa,ni vô dịa,Demonstratives/Deixis,alignment_labeled
SENT_4519,SENT,PNT3,replace,bà đấy thế nào,mệ nớ ra răng,Pronouns,alignment_labeled
SENT_4519,SENT,PNT4,replace,này vào,ni vô,Demonstratives/Deixis,alignment_labeled
SENT_4550,SENT,PNN,replace,đến,tới,Connectives/Aspect markers,alignment_labeled
SENT_4550,SENT,PNT2,replace,hôm nay nó,bựa ni hấn,Pronouns,alignment_labeled
SENT_4550,SENT,PNT2,replace,đâu nhỉ,mô hầy,Interrogatives,alignment_labeled
SENT_4550,SENT,PNT3,replace,nay nó,ni hắn,Pronouns,alignment_labeled
SENT_4550,SENT,PNT3,replace,đâu nhỉ,mô hè,Interrogatives,alignment_labeled
SENT_4550,SENT,PNT4,replace,nhầm hôm nay,lầm bữa ni,Demonstratives/Deixis,alignment_labeled
SENT_4550,SENT,PNT4,replace,đến,tới,Connectives/Aspect markers,alignment_labeled
SENT_4733,SENT,PNB,replace,tý vào,tí,Connectives/Aspect markers,alignment_labeled
SENT_4733,SENT,PNN,replace,vào,vô,Connectives/Aspect markers,alignment_labeled
SENT_4733,SENT,PNN,replace,sau này,mai mốt,Connectives/Aspect markers,alignment_labeled
SENT_4733,SENT,PNT2,replace,nghĩ gì,nghị chi,Interrogatives,alignment_labeled
SENT_4733,SENT,PNT2,replace,vấn đề,chi là,Interrogatives,alignment_labeled
SENT_4733,SENT,PNT3,replace,thật chẳng,thiệt nỏ,Negation/Function words,alignment_labeled
SENT_4733,SENT,PNT3,replace,tý vào,một tỉ vô,Connectives/Aspect markers,alignment_labeled
SENT_4733,SENT,PNT3,replace,này nọ,ni kêu tê,Demonstratives/Deixis,alignment_labeled
SENT_4733,SENT,PNT3,replace,vấn đề,cấy chi,Interrogatives,alignment_labeled
SENT_4733,SENT,PNT3,replace,chứ sau này,chơ mài bựa,Demonstratives/Deixis,alignment_labeled
SENT_4733,SENT,PNT3,replace,nó vả không,hắn bả nỏ,Pronouns,alignment_labeled
SENT_4733,SENT,PNT3,replace,nào chứ,mô chơ,Interrogatives,alignment_labeled
SENT_4733,SENT,PNT4,replace,thật,thiệt,Connectives/Aspect markers,alignment_labeled
SENT_4733,SENT,PNT4,replace,vào,vô,Connectives/Aspect markers,alignment_labeled
SENT_4737,SENT,PNT1,replace,mày,mi,Pronouns,alignment_labeled
SENT_4737,SENT,PNT2,replace,này tao thấy mày,ni tau chộ mi,Pronouns,alignment_labeled
SENT_4737,SENT,PNT4,replace,này tao,ni ta,Pronouns,alignment_labeled
SENT_4745,SENT,PNN,replace,trèo,leo,Predicate vocabulary,alignment_labeled
SENT_4745,SENT,PNN,replace,bọn,tụi,Pronouns,alignment_labeled
SENT_4745,SENT,PNT1,replace,mình,tau,Pronouns,alignment_labeled
SENT_4745,SENT,PNT1,replace,bạn nhỉ mình,mi nhở tau,Pronouns,alignment_labeled
SENT_4745,SENT,PNT2,replace,bạn,mày,Pronouns,alignment_labeled
SENT_4745,SENT,PNT2,replace,nó không,hấn nỏ,Pronouns,alignment_labeled
SENT_4745,SENT,PNT3,replace,mình,mềng,Pronouns,alignment_labeled
SENT_4745,SENT,PNT3,replace,trèo,leo,Predicate vocabulary,alignment_labeled
SENT_4745,SENT,PNT3,replace,bạn nhỉ mình cũng không,mi hè mềng cụng nỏ,Pronouns,alignment_labeled
SENT_4745,SENT,PNT3,replace,nó không,hắn nỏ,Pronouns,alignment_labeled
SENT_4745,SENT,PNT4,replace,trèo,leo,Predicate vocabulary,alignment_labeled
SENT_4745,SENT,PNT4,replace,phóng,chích,Predicate vocabulary,alignment_labeled
SENT_4745,SENT,PNT4,replace,bạn nhỉ mình,mi hỉ ta,Pronouns,alignment_labeled
SENT_4745,SENT,PNT4,replace,sao bọn nó,ren tụi hắn,Pronouns,alignment_labeled
SENT_4768,SENT,PNN,replace,bọn,tụi,Pronouns,alignment_labeled
SENT_4768,SENT,PNN,replace,với ạ,giùm cái,Discourse particles,alignment_labeled
SENT_4768,SENT,PNN,replace,bọn,tụi,Pronouns,alignment_labeled
SENT_4768,SENT,PNN,replace,cha,ba,Kinship/Honorific terms,alignment_labeled
SENT_4768,SENT,PNN,replace,mẹ,má,Kinship/Honorific terms,alignment_labeled
SENT_4768,SENT,PNT1,replace,mày,mi,Pronouns,alignment_labeled
SENT_4768,SENT,PNT1,replace,dơ,bẩn,Predicate vocabulary,alignment_labeled
SENT_4768,SENT,PNT3,replace,nhưng làm,chơ mần,Predicate vocabulary,alignment_labeled
SENT_4768,SENT,PNT3,replace,làm cha làm mẹ,mần bọ mần mạ,Idiomatic expressions,alignment_labeled
SENT_4768,SENT,PNT3,replace,z đó,rứa,Interrogatives,alignment_labeled
SENT_4768,SENT,PNT3,replace,dơ,dớp,Predicate vocabulary,alignment_labeled
SENT_4768,SENT,PNT4,replace,thật,thiệt,Connectives/Aspect markers,alignment_labeled
SENT_4790,SENT,PNN,replace,xem,coi,Predicate vocabulary,alignment_labeled
SENT_4790,SENT,PNT2,replace,cái này,cấy ni,Demonstratives/Deixis,alignment_labeled
SENT_4790,SENT,PNT3,replace,xem cái này,ngó cấy ni,Demonstratives/Deixis,alignment_labeled
SENT_4809,SENT,PNT2,replace,làm sao,mần răng,Interrogatives,alignment_labeled
SENT_4809,SENT,PNT3,replace,muốn,ưng,Predicate vocabulary,alignment_labeled
SENT_4809,SENT,PNT3,replace,làm sao ấy,răng á,Interrogatives,alignment_labeled
SENT_4809,SENT,PNT4,replace,sao ấy,ren á,Interrogatives,alignment_labeled
SENT_4861,SENT,PNN,replace,bố,ba,Kinship/Honorific terms,alignment_labeled
SENT_4861,SENT,PNN,replace,em ấy,ẻm,Pronouns,alignment_labeled
SENT_4861,SENT,PNN,replace,chúng ta,tụi mình,Pronouns,alignment_labeled
SENT_4861,SENT,PNN,replace,phát ngôn,nói năng,Predicate vocabulary,alignment_labeled
SENT_4861,SENT,PNT1,replace,mắng,bới,Predicate vocabulary,alignment_labeled
SENT_4861,SENT,PNT2,replace,được chả,nổi nỏ,Negation/Function words,alignment_labeled
SENT_4861,SENT,PNT3,replace,bố mẹ chửi mắng,bọ mạ chưởi,Idiomatic expressions,alignment_labeled
SENT_4861,SENT,PNT4,replace,xấc xược,hỗn hào bố,Predicate vocabulary,alignment_labeled
SENT_4885,SENT,PNN,replace,và,ghê với,Connectives/Aspect markers,alignment_labeled
SENT_4885,SENT,PNN,replace,muốn,mắc,Predicate vocabulary,alignment_labeled
SENT_4885,SENT,PNN,replace,mẹ,má,Kinship/Honorific terms,alignment_labeled
SENT_4885,SENT,PNN,replace,thế không,dữ hông,Demonstratives/Deixis,alignment_labeled
SENT_4885,SENT,PNT1,replace,chửi,bới,Predicate vocabulary,alignment_labeled
SENT_4885,SENT,PNT2,replace,ba,bố,Kinship/Honorific terms,alignment_labeled
SENT_4885,SENT,PNT2,replace,thế không,rứa nỏ,Interrogatives,alignment_labeled
SENT_4885,SENT,PNT3,replace,muốn,ưng,Predicate vocabulary,alignment_labeled
SENT_4885,SENT,PNT3,replace,thế không,rứa nỏ,Interrogatives,alignment_labeled
SENT_4959,SENT,PNB,replace,mổ,một,Predicate vocabulary,alignment_labeled
SENT_4959,SENT,PNT1,replace,mày,mi,Pronouns,alignment_labeled
SENT_4959,SENT,PNT1,replace,dữ,gớm,Predicate vocabulary,alignment_labeled
SENT_4959,SENT,PNT2,replace,mổ,mổi,Predicate vocabulary,alignment_labeled
SENT_4959,SENT,PNT3,replace,mày chửi gì,mi chưởi chi,Pronouns,alignment_labeled
SENT_4959,SENT,PNT3,replace,mổ,mỗi,Predicate vocabulary,alignment_labeled
SENT_4959,SENT,PNT4,replace,gì dữ vậy,chi kinh rứa,Interrogatives,alignment_labeled
SENT_4959,SENT,PNT4,replace,việc,chuyện,Predicate vocabulary,alignment_labeled
SENT_4959,SENT,PNT4,replace,việc,chuyện,Predicate vocabulary,alignment_labeled
SENT_4964,SENT,PNB,replace,nặn,nạn,Predicate vocabulary,alignment_labeled
SENT_4964,SENT,PNN,replace,vào,vô,Connectives/Aspect markers,alignment_labeled
SENT_4964,SENT,PNN,replace,trẻ em,con nít,Pronouns,alignment_labeled
SENT_4964,SENT,PNN,replace,bọn,tụi,Pronouns,alignment_labeled
SENT_4964,SENT,PNN,replace,là ác,xá,Predicate vocabulary,alignment_labeled
SENT_4964,SENT,PNT1,replace,nặn,nạn,Predicate vocabulary,alignment_labeled
SENT_4964,SENT,PNT1,replace,vào,vô,Connectives/Aspect markers,alignment_labeled
SENT_4964,SENT,PNT2,replace,vào,vô,Connectives/Aspect markers,alignment_labeled
SENT_4964,SENT,PNT3,replace,cái lũ,cấy bọn,Pronouns,alignment_labeled
SENT_4964,SENT,PNT3,replace,nặn,nạn,Predicate vocabulary,alignment_labeled
SENT_4964,SENT,PNT3,replace,vào,vô,Connectives/Aspect markers,alignment_labeled
SENT_4964,SENT,PNT4,replace,vào,vô,Connectives/Aspect markers,alignment_labeled
SENT_4989,SENT,PNT2,replace,đâu không,mô nỏ,Interrogatives,alignment_labeled
SENT_4989,SENT,PNT3,replace,đâu không,mô ra rựa nỏ,Interrogatives,alignment_labeled
SENT_4989,SENT,PNT4,replace,bọn,tụi,Pronouns,alignment_labeled
SENT_5008,SENT,PNB,replace,hả,à,Discourse particles,alignment_labeled
SENT_5008,SENT,PNN,replace,bọn,tụi,Pronouns,alignment_labeled
SENT_5008,SENT,PNT1,replace,ngáo,dở,Predicate vocabulary,alignment_labeled
SENT_5008,SENT,PNT1,replace,người,đứa,Pronouns,alignment_labeled
SENT_5008,SENT,PNT3,replace,hả,à,Discourse particles,alignment_labeled
SENT_5008,SENT,PNT4,replace,bọn,tụi,Pronouns,alignment_labeled
SENT_5008,SENT,PNT4,replace,người,thằng,Pronouns,alignment_labeled
SENT_5017,SENT,PNN,replace,bố mẹ,ba má,Kinship/Honorific terms,alignment_labeled
SENT_5017,SENT,PNN,replace,như thế nào,ra sao,Interrogatives,alignment_labeled
SENT_5017,SENT,PNN,replace,chúng,tụi,Pronouns,alignment_labeled
SENT_5017,SENT,PNT1,replace,mày,mi,Pronouns,alignment_labeled
SENT_5017,SENT,PNT1,replace,mày,mi,Pronouns,alignment_labeled
SENT_5017,SENT,PNT3,replace,ngu,đần,Predicate vocabulary,alignment_labeled
SENT_5017,SENT,PNT3,replace,bố mẹ,bọ mạ,Kinship/Honorific terms,alignment_labeled
SENT_5017,SENT,PNT3,replace,như thế nào,in răng,Interrogatives,alignment_labeled
SENT_5017,SENT,PNT3,replace,chăng nữa,nựa,Connectives/Aspect markers,alignment_labeled
SENT_5017,SENT,PNT3,replace,chúng mày lớn khôn lớn,bây nậy nậy,Pronouns,alignment_labeled
SENT_5017,SENT,PNT4,replace,như thế nào,ra ren,Interrogatives,alignment_labeled
SENT_5154,SENT,PNT2,replace,làm thế,mần rứa,Interrogatives,alignment_labeled
SENT_5154,SENT,PNT3,replace,làm thế,mần rứa,Interrogatives,alignment_labeled
SENT_5251,SENT,PNB,replace,phì,béo,Predicate vocabulary,alignment_labeled
SENT_5251,SENT,PNN,replace,không khiến,hông làm,Negation/Function words,alignment_labeled
SENT_5251,SENT,PNN,replace,phì,mập,Predicate vocabulary,alignment_labeled
SENT_5251,SENT,PNT1,replace,mày phì đâu,mi béo mô,Pronouns,alignment_labeled
SENT_5251,SENT,PNT3,replace,bữa,bựa,Predicate vocabulary,alignment_labeled
SENT_5315,SENT,PNB,replace,ỉ,ỷ,Predicate vocabulary,alignment_labeled
SENT_5315,SENT,PNB,replace,con mẹ,mụ,Kinship/Honorific terms,alignment_labeled
SENT_5315,SENT,PNN,replace,mẹ,má,Kinship/Honorific terms,alignment_labeled
SENT_5315,SENT,PNN,replace,ném,quăng,Predicate vocabulary,alignment_labeled
SENT_5315,SENT,PNN,replace,nhặt xem,lượm coi,Predicate vocabulary,alignment_labeled
SENT_5315,SENT,PNN,replace,mẹ,má,Kinship/Honorific terms,alignment_labeled
SENT_5315,SENT,PNT1,replace,tao tao,tau tau,Pronouns,alignment_labeled
SENT_5315,SENT,PNT1,replace,moá,mẹ,Predicate vocabulary,alignment_labeled
SENT_5315,SENT,PNT2,replace,tao tao,tau tau,Pronouns,alignment_labeled
SENT_5315,SENT,PNT3,replace,tao ghét,tau két,Pronouns,alignment_labeled
SENT_5315,SENT,PNT3,replace,mình,mềng,Pronouns,alignment_labeled
SENT_5315,SENT,PNT3,replace,đó gọi,nớ kêu,Demonstratives/Deixis,alignment_labeled
SENT_5315,SENT,PNT3,replace,mẹ già,mạ tra,Kinship/Honorific terms,alignment_labeled
SENT_5315,SENT,PNT3,replace,thật chớ,thiệt chơ,Connectives/Aspect markers,alignment_labeled
SENT_5315,SENT,PNT4,replace,toét,lếu,Predicate vocabulary,alignment_labeled
SENT_5315,SENT,PNT4,replace,tao tao,ta ta,Pronouns,alignment_labeled
SENT_5315,SENT,PNT4,replace,ném,quăng,Predicate vocabulary,alignment_labeled
SENT_5315,SENT,PNT4,replace,thật,thiệt,Connectives/Aspect markers,alignment_labeled
SENT_5315,SENT,PNT4,replace,nhặt xem,lượm coi,Predicate vocabulary,alignment_labeled
SENT_5315,SENT,PNT4,replace,thật,thiệt,Connectives/Aspect markers,alignment_labeled
SENT_5360,SENT,PNN,replace,lúc,hồi,Connectives/Aspect markers,alignment_labeled
SENT_5360,SENT,PNN,replace,được,đặng,Connectives/Aspect markers,alignment_labeled
SENT_5360,SENT,PNN,replace,bố mẹ,ba má,Kinship/Honorific terms,alignment_labeled
SENT_5360,SENT,PNN,replace,vào,vô,Connectives/Aspect markers,alignment_labeled
SENT_5360,SENT,PNT2,replace,giờ nó,dừ hấn,Pronouns,alignment_labeled
SENT_5360,SENT,PNT2,replace,nó vào,hấn vô,Pronouns,alignment_labeled
SENT_5360,SENT,PNT3,replace,bây giờ nó,bựa chừ hắn,Pronouns,alignment_labeled
SENT_5360,SENT,PNT3,replace,đợi lớn,chơ mài bựa nậy,Predicate vocabulary,alignment_labeled
SENT_5360,SENT,PNT3,replace,bố mẹ,bọ mạ,Kinship/Honorific terms,alignment_labeled
SENT_5360,SENT,PNT3,replace,nhìn nó vào,ngó hắn vô,Pronouns,alignment_labeled
SENT_5360,SENT,PNT4,replace,lúc,hồi,Connectives/Aspect markers,alignment_labeled
SENT_5360,SENT,PNT4,replace,vào,vô,Connectives/Aspect markers,alignment_labeled
SENT_5407,SENT,PNB,replace,dí,đuổi,Predicate vocabulary,alignment_labeled
SENT_5407,SENT,PNB,replace,dí,đuổi,Predicate vocabulary,alignment_labeled
SENT_5407,SENT,PNN,replace,mẹ,má,Kinship/Honorific terms,alignment_labeled
SENT_5407,SENT,PNN,replace,vào,vô,Connectives/Aspect markers,alignment_labeled
SENT_5407,SENT,PNN,replace,cả,nguyên,Demonstratives/Deixis,alignment_labeled
SENT_5407,SENT,PNN,replace,lao,nhào,Predicate vocabulary,alignment_labeled
SENT_5407,SENT,PNN,replace,khi,lúc,Connectives/Aspect markers,alignment_labeled
SENT_5407,SENT,PNN,replace,dí,rượt,Predicate vocabulary,alignment_labeled
SENT_5407,SENT,PNN,replace,dí,rượt,Predicate vocabulary,alignment_labeled
SENT_5407,SENT,PNN,replace,dí,rượt,Predicate vocabulary,alignment_labeled
SENT_5407,SENT,PNT1,replace,chó,chóa,Predicate vocabulary,alignment_labeled
SENT_5407,SENT,PNT1,replace,nó,nóa,Pronouns,alignment_labeled
SENT_5407,SENT,PNT2,replace,vào,vô,Connectives/Aspect markers,alignment_labeled
SENT_5407,SENT,PNT3,replace,vào,vô,Connectives/Aspect markers,alignment_labeled
SENT_5407,SENT,PNT3,replace,má mấy mẻ,mà bọn hắn,Pronouns,alignment_labeled
SENT_5407,SENT,PNT4,replace,vào,vô,Connectives/Aspect markers,alignment_labeled
SENT_5421,SENT,PNN,replace,bố mẹ,ba má,Kinship/Honorific terms,alignment_labeled
SENT_5421,SENT,PNN,replace,xem,coi,Predicate vocabulary,alignment_labeled
SENT_5421,SENT,PNT2,replace,này +,ni với,Demonstratives/Deixis,alignment_labeled
SENT_5421,SENT,PNT3,replace,nay tao,ni tau,Pronouns,alignment_labeled
SENT_5421,SENT,PNT3,replace,mất,luôn,Connectives/Aspect markers,alignment_labeled
SENT_5421,SENT,PNT4,replace,nay tao,ni ta,Pronouns,alignment_labeled
SENT_5421,SENT,PNT4,replace,mất,quá,Discourse particles,alignment_labeled
SENT_5441,SENT,PNN,replace,vì đến,tại tới,Connectives/Aspect markers,alignment_labeled
SENT_5441,SENT,PNN,replace,bố,ba,Kinship/Honorific terms,alignment_labeled
SENT_5441,SENT,PNN,replace,mắng,la,Predicate vocabulary,alignment_labeled
SENT_5441,SENT,PNT2,replace,quát,nạt,Predicate vocabulary,alignment_labeled
SENT_5441,SENT,PNT3,replace,gái mình,cấy mềng,Pronouns,alignment_labeled
SENT_5441,SENT,PNT3,replace,bữa không,bựa nỏ,Negation/Function words,alignment_labeled
SENT_5441,SENT,PNT3,replace,bố quát,bọ nạt,Kinship/Honorific terms,alignment_labeled
SENT_5441,SENT,PNT4,replace,phòng,buồng,Predicate vocabulary,alignment_labeled
SENT_5441,SENT,PNT4,replace,bố quát,ba nộ,Kinship/Honorific terms,alignment_labeled
SENT_5441,SENT,PNT4,replace,lầm lì,hầm hầm,Predicate vocabulary,alignment_labeled
SENT_5456,SENT,PNB,replace,chạy,phóng,Predicate vocabulary,alignment_labeled
SENT_5456,SENT,PNB,replace,cảnh sát,công an,Predicate vocabulary,alignment_labeled
SENT_5456,SENT,PNN,replace,trước,bữa,Predicate vocabulary,alignment_labeled
SENT_5456,SENT,PNN,replace,chạy,nhào,Predicate vocabulary,alignment_labeled
SENT_5456,SENT,PNN,replace,vì,tại,Connectives/Aspect markers,alignment_labeled
SENT_5456,SENT,PNT3,replace,trước tao,bựa tau,Pronouns,alignment_labeled
SENT_5456,SENT,PNT3,replace,chơi,rượng,Predicate vocabulary,alignment_labeled
SENT_5456,SENT,PNT3,replace,nhanh vừa,mau bựa,Predicate vocabulary,alignment_labeled
SENT_5456,SENT,PNT3,replace,làm tao sợ chetme,mần tau hại chetma,Pronouns,alignment_labeled
SENT_5521,SENT,PNN,replace,dí,rượt,Predicate vocabulary,alignment_labeled
SENT_5521,SENT,PNN,replace,dí,rượt,Predicate vocabulary,alignment_labeled
SENT_5531,SENT,PNT2,replace,cái này,cấy ni,Demonstratives/Deixis,alignment_labeled
SENT_5531,SENT,PNT2,replace,hôm nào,bựa mô,Interrogatives,alignment_labeled
SENT_5531,SENT,PNT3,replace,cái này,cấy ni,Demonstratives/Deixis,alignment_labeled
MCQA_0002_4,MCQA,PNT2,replace,nào chúng,mô mà,Pronouns,alignment_labeled
MCQA_0002_4,MCQA,PNT2,replace,những,mấy cấy,Demonstratives/Deixis,alignment_labeled
MCQA_0002_4,MCQA,PNT3,replace,thấy những,chộ mấy,Demonstratives/Deixis,alignment_labeled
MCQA_0002_4,MCQA,PNT3,replace,xuân,xun,Predicate vocabulary,alignment_labeled
MCQA_0002_4,MCQA,PNT4,replace,nào chúng ta,mô tụi mình,Pronouns,alignment_labeled
MCQA_0002_4,MCQA,PNT4,replace,những,mấy,Demonstratives/Deixis,alignment_labeled
MCQA_0002_4,MCQA,PNT4,replace,hạ,hè,Discourse particles,alignment_labeled
MCQA_0004_3,MCQA,PNB,replace,ngưng,ngừng,Predicate vocabulary,alignment_labeled
MCQA_0004_3,MCQA,PNT1,replace,gì,chi,Interrogatives,alignment_labeled
MCQA_0004_3,MCQA,PNT2,replace,đã làm gì,đạ mần chi,Interrogatives,alignment_labeled
MCQA_0004_3,MCQA,PNT3,replace,luyện,lượn,Predicate vocabulary,alignment_labeled
MCQA_0010_1,MCQA,PNB,replace,xuể,hết,Predicate vocabulary,alignment_labeled
MCQA_0010_1,MCQA,PNN,replace,cha,ba,Kinship/Honorific terms,alignment_labeled
MCQA_0010_1,MCQA,PNN,replace,vì cha không,tại ba hổng,Kinship/Honorific terms,alignment_labeled
MCQA_0010_1,MCQA,PNN,replace,vì bố,tại ba,Kinship/Honorific terms,alignment_labeled
MCQA_0010_1,MCQA,PNN,replace,vì,tại,Connectives/Aspect markers,alignment_labeled
MCQA_0010_1,MCQA,PNN,replace,từ,hồi,Connectives/Aspect markers,alignment_labeled
MCQA_0010_1,MCQA,PNN,replace,vì,tại,Connectives/Aspect markers,alignment_labeled
MCQA_0010_1,MCQA,PNT1,replace,sao cha,răng bố,Kinship/Honorific terms,alignment_labeled
MCQA_0010_1,MCQA,PNT1,replace,chó con,chóa coan,Kinship/Honorific terms,alignment_labeled
MCQA_0010_1,MCQA,PNT1,replace,cha,bố,Kinship/Honorific terms,alignment_labeled
MCQA_0010_1,MCQA,PNT1,replace,chó con,chóa coan,Kinship/Honorific terms,alignment_labeled
MCQA_0010_1,MCQA,PNT1,replace,trước,tước,Predicate vocabulary,alignment_labeled
MCQA_0010_1,MCQA,PNT1,replace,quá,quớ,Predicate vocabulary,alignment_labeled
MCQA_0010_1,MCQA,PNT2,replace,vì sao cha,tại răng bố,Kinship/Honorific terms,alignment_labeled
MCQA_0010_1,MCQA,PNT2,replace,vì cha không,tại bố nỏ,Kinship/Honorific terms,alignment_labeled
MCQA_0010_1,MCQA,PNT2,replace,vì,tại,Connectives/Aspect markers,alignment_labeled
MCQA_0010_1,MCQA,PNT2,replace,người,ngài,Predicate vocabulary,alignment_labeled
MCQA_0010_1,MCQA,PNT2,replace,vì,tại,Connectives/Aspect markers,alignment_labeled
MCQA_0010_1,MCQA,PNT2,replace,vì,tại,Connectives/Aspect markers,alignment_labeled
MCQA_0010_1,MCQA,PNT3,replace,sao cha muốn,răng bọ ưng,Kinship/Honorific terms,alignment_labeled
MCQA_0010_1,MCQA,PNT3,replace,cha không thích,bọ nỏ ưng,Kinship/Honorific terms,alignment_labeled
MCQA_0010_1,MCQA,PNT3,replace,bố thích,bọ ưng,Kinship/Honorific terms,alignment_labeled
MCQA_0010_1,MCQA,PNT3,replace,người khác,họ,Pronouns,alignment_labeled
MCQA_0010_1,MCQA,PNT3,replace,trước,bựa,Predicate vocabulary,alignment_labeled
MCQA_0010_1,MCQA,PNT3,replace,quá,quái,Predicate vocabulary,alignment_labeled
MCQA_0010_1,MCQA,PNT4,replace,sao cha,răng ba,Kinship/Honorific terms,alignment_labeled
MCQA_0010_3,MCQA,PNN,replace,đã đưa ra ý kiến,nói,Connectives/Aspect markers,alignment_labeled
MCQA_0010_3,MCQA,PNT1,replace,gì,chi,Interrogatives,alignment_labeled
MCQA_0010_3,MCQA,PNT1,replace,nuôi,nui,Predicate vocabulary,alignment_labeled
MCQA_0010_3,MCQA,PNT1,replace,chó con,chóa coan,Kinship/Honorific terms,alignment_labeled
MCQA_0010_3,MCQA,PNT1,replace,nuôi,nui,Predicate vocabulary,alignment_labeled
MCQA_0010_3,MCQA,PNT1,replace,cho chó con,choa chóa coan,Pronouns,alignment_labeled
MCQA_0010_3,MCQA,PNT2,replace,giữ,giự,Predicate vocabulary,alignment_labeled
MCQA_0010_3,MCQA,PNT3,replace,đưa ra,nói,Predicate vocabulary,alignment_labeled
MCQA_0010_3,MCQA,PNT4,replace,bố bảo,ba nói,Kinship/Honorific terms,alignment_labeled
MCQA_0012_0,MCQA,PNN,replace,bố,ba,Kinship/Honorific terms,alignment_labeled
MCQA_0012_0,MCQA,PNT2,replace,đỡ,đợ,Predicate vocabulary,alignment_labeled
MCQA_0012_5,MCQA,PNN,replace,thực,thật,Connectives/Aspect markers,alignment_labeled
MCQA_0012_5,MCQA,PNT2,replace,bạn,lạo,Kinship/Honorific terms,alignment_labeled
MCQA_0012_5,MCQA,PNT2,replace,vì,tại,Connectives/Aspect markers,alignment_labeled
MCQA_0012_5,MCQA,PNT2,replace,vì,tại,Connectives/Aspect markers,alignment_labeled
MCQA_0012_5,MCQA,PNT3,replace,và,với,Connectives/Aspect markers,alignment_labeled
MCQA_0012_5,MCQA,PNT4,replace,vì,tại/do,Connectives/Aspect markers,alignment_labeled
MCQA_0012_5,MCQA,PNT4,replace,vì,tại/do,Connectives/Aspect markers,alignment_labeled
MCQA_0012_5,MCQA,PNT4,replace,vì,tại/do,Connectives/Aspect markers,alignment_labeled
MCQA_0012_5,MCQA,PNT4,replace,vì,tại/do,Connectives/Aspect markers,alignment_labeled
MCQA_0013_3,MCQA,PNT4,replace,giúp mẹ một số công,phụ má mấy,Demonstratives/Deixis,alignment_labeled
MCQA_0013_3,MCQA,PNT4,replace,và,với,Connectives/Aspect markers,alignment_labeled
MCQA_0013_3,MCQA,PNT4,replace,và,với,Connectives/Aspect markers,alignment_labeled
MCQA_0013_4,MCQA,PNT4,replace,xong,xan,Predicate vocabulary,alignment_labeled
MCQA_0013_4,MCQA,PNT4,replace,xong,xan,Predicate vocabulary,alignment_labeled
MCQA_0016_0,MCQA,PNT3,replace,vào,vô,Connectives/Aspect markers,alignment_labeled
MCQA_0016_0,MCQA,PNT3,replace,quá,quái,Predicate vocabulary,alignment_labeled
MCQA_0016_0,MCQA,PNT3,replace,mong bố,trông bọ,Kinship/Honorific terms,alignment_labeled
MCQA_0016_0,MCQA,PNT4,replace,vào,vô,Connectives/Aspect markers,alignment_labeled
MCQA_0016_0,MCQA,PNT4,replace,gì vào lúc,chi hồi,Interrogatives,alignment_labeled
MCQA_0016_0,MCQA,PNT4,replace,quá,ghê,Predicate vocabulary,alignment_labeled
MCQA_0025_10,MCQA,PNN,replace,bút,viết,Predicate vocabulary,alignment_labeled
MCQA_0025_10,MCQA,PNN,replace,ạ em,con,Pronouns,alignment_labeled
MCQA_0025_10,MCQA,PNN,replace,bút,viết,Predicate vocabulary,alignment_labeled
MCQA_0025_10,MCQA,PNN,replace,ạ thế thì em,vậy con,Pronouns,alignment_labeled
MCQA_0025_10,MCQA,PNN,replace,bút,viết,Predicate vocabulary,alignment_labeled
MCQA_0025_10,MCQA,PNN,replace,ạ em,con,Pronouns,alignment_labeled
MCQA_0025_10,MCQA,PNN,replace,bút,viết,Predicate vocabulary,alignment_labeled
MCQA_0025_10,MCQA,PNT3,replace,mình,miềng,Pronouns,alignment_labeled
MCQA_0025_10,MCQA,PNT3,replace,ạ thế,rứa,Interrogatives,alignment_labeled
MCQA_0090_10,MCQA,PNN,replace,như thế nào,ra sao,Interrogatives,alignment_labeled
MCQA_0090_10,MCQA,PNN,replace,mẹ,má,Kinship/Honorific terms,alignment_labeled
MCQA_0090_10,MCQA,PNN,replace,hối hả,tất bật,Discourse particles,alignment_labeled
MCQA_0090_10,MCQA,PNN,replace,ghen tị,phân bì,Predicate vocabulary,alignment_labeled
MCQA_0090_10,MCQA,PNN,replace,xấu hổ,mắc cỡ,Predicate vocabulary,alignment_labeled
MCQA_0090_10,MCQA,PNT2,replace,như thế nào,a răng,Interrogatives,alignment_labeled
MCQA_0090_10,MCQA,PNT3,replace,mẹ và anh,mạ với eng,Pronouns,alignment_labeled
MCQA_0090_10,MCQA,PNT3,replace,hối hả,tất ta tất tưởi,Discourse particles,alignment_labeled
MCQA_0090_10,MCQA,PNT3,replace,ghen tị,èng neng,Predicate vocabulary,alignment_labeled
NLI_0028,NLI,PNB,replace,thục,thạo,Predicate vocabulary,alignment_labeled
NLI_0028,NLI,PNN,replace,thành thục,rành rọt,Predicate vocabulary,alignment_labeled
NLI_0028,NLI,PNT1,replace,không,chả,Negation/Function words,alignment_labeled
NLI_0028,NLI,PNT2,replace,những,nhựng,Demonstratives/Deixis,alignment_labeled
NLI_0028,NLI,PNT2,replace,thành,thuần,Predicate vocabulary,alignment_labeled
NLI_0028,NLI,PNT3,replace,những,mấy,Demonstratives/Deixis,alignment_labeled
NLI_0028,NLI,PNT3,replace,thể sử dụng,dùng,Predicate vocabulary,alignment_labeled
NLI_0028,NLI,PNT4,replace,thục,thạo,Predicate vocabulary,alignment_labeled
NLI_0064,NLI,PNT2,replace,mccarthy,mccartthy,Predicate vocabulary,alignment_labeled
NLI_0064,NLI,PNT2,replace,và,với,Connectives/Aspect markers,alignment_labeled
NLI_0157,NLI,PNN,replace,về bệnh,bịnh,Predicate vocabulary,alignment_labeled
NLI_0157,NLI,PNN,replace,ngày qua,bữa,Predicate vocabulary,alignment_labeled
NLI_0157,NLI,PNT2,replace,các,mấy,Demonstratives/Deixis,alignment_labeled
NLI_0157,NLI,PNT2,replace,qua,vừa rồi,Connectives/Aspect markers,alignment_labeled
NLI_0157,NLI,PNT3,replace,các,mấy cì,Demonstratives/Deixis,alignment_labeled
NLI_0240,NLI,PNT1,replace,do chưa đóng,doa chư đuống,Negation/Function words,alignment_labeled
NLI_0240,NLI,PNT1,replace,hiểm,hỉm,Predicate vocabulary,alignment_labeled
NLI_0240,NLI,PNT1,replace,hưởng quyền,hửng quỳn,Predicate vocabulary,alignment_labeled
NLI_0240,NLI,PNT2,replace,vào,vô,Connectives/Aspect markers,alignment_labeled
NLI_0240,NLI,PNT3,replace,đóng,nộp,Predicate vocabulary,alignment_labeled
NLI_0240,NLI,PNT3,replace,vào,vô,Connectives/Aspect markers,alignment_labeled
NLI_0337,NLI,PNN,replace,tại thời điểm,lúc,Connectives/Aspect markers,alignment_labeled
NLI_0337,NLI,PNT1,replace,tuyết,tuỵt,Predicate vocabulary,alignment_labeled
NLI_0337,NLI,PNT1,replace,hóa,húa,Predicate vocabulary,alignment_labeled
NLI_0337,NLI,PNT1,replace,gì,chi,Interrogatives,alignment_labeled
NLI_0337,NLI,PNT2,replace,này tuyết,ni tuyệt,Demonstratives/Deixis,alignment_labeled
NLI_0337,NLI,PNT3,replace,này tuyết,ni tuyệt,Demonstratives/Deixis,alignment_labeled
NLI_0448,NLI,PNN,replace,những,mấy cái,Demonstratives/Deixis,alignment_labeled
NLI_0448,NLI,PNT1,replace,nhiệm,nhịm,Predicate vocabulary,alignment_labeled
NLI_0448,NLI,PNT2,replace,những,nhửng,Demonstratives/Deixis,alignment_labeled
NLI_0448,NLI,PNT3,replace,những,mấy,Demonstratives/Deixis,alignment_labeled
NLI_0459,NLI,PNN,replace,vào,vô,Connectives/Aspect markers,alignment_labeled
NLI_0459,NLI,PNN,replace,và,với,Connectives/Aspect markers,alignment_labeled
NLI_0459,NLI,PNT1,replace,mắng mỏ và bêu riếu,chửi bới với bếu rếu,Connectives/Aspect markers,alignment_labeled
NLI_0459,NLI,PNT1,replace,chàng trai,nó,Pronouns,alignment_labeled
NLI_0459,NLI,PNT2,replace,chàng trai,của anh nớ,Pronouns,alignment_labeled
NLI_0459,NLI,PNT3,replace,vào,vô,Connectives/Aspect markers,alignment_labeled
NLI_0459,NLI,PNT3,replace,và,với,Connectives/Aspect markers,alignment_labeled
NLI_0459,NLI,PNT3,replace,chàng trai,anh nớ,Pronouns,alignment_labeled
NLI_0459,NLI,PNT4,replace,bêu riếu,trêu chọc,Predicate vocabulary,alignment_labeled
NLI_0511,NLI,PNN,replace,đến,tới,Connectives/Aspect markers,alignment_labeled
NLI_0511,NLI,PNN,replace,lí,lý,Predicate vocabulary,alignment_labeled
NLI_0511,NLI,PNT1,replace,lí,lý,Predicate vocabulary,alignment_labeled
NLI_0511,NLI,PNT1,replace,sao,răng,Interrogatives,alignment_labeled
NLI_0511,NLI,PNT3,replace,và,rồi,Connectives/Aspect markers,alignment_labeled
NLI_0511,NLI,PNT3,replace,tấm,tờ,Predicate vocabulary,alignment_labeled
NLI_0515,NLI,PNB,replace,tốt khi,nhanh trí kêu,Connectives/Aspect markers,alignment_labeled
NLI_0515,NLI,PNN,replace,tốt,giỏi,Predicate vocabulary,alignment_labeled
NLI_0515,NLI,PNT2,replace,người đàn ông,ci anh nớ,Pronouns,alignment_labeled
NLI_0515,NLI,PNT4,replace,lúc đó,hồi nớ,Demonstratives/Deixis,alignment_labeled
NLI_0516,NLI,PNN,replace,tại,ở,Connectives/Aspect markers,alignment_labeled
NLI_0516,NLI,PNT1,replace,quản,quãn,Predicate vocabulary,alignment_labeled
NLI_0516,NLI,PNT1,replace,bãi,bải,Predicate vocabulary,alignment_labeled
NLI_0516,NLI,PNT3,replace,tại 1,ở một,Connectives/Aspect markers,alignment_labeled
NLI_0516,NLI,PNT4,replace,lý,lí,Predicate vocabulary,alignment_labeled
NLI_0521,NLI,PNT1,replace,hạnh phục,hành phúc,Predicate vocabulary,alignment_labeled
NLI_0521,NLI,PNT1,replace,con,cuân,Kinship/Honorific terms,alignment_labeled
NLI_0521,NLI,PNT3,replace,mẹ cô đã cảm thấy,mạ ả đạ chộ,Pronouns,alignment_labeled
NLI_0521,NLI,PNT3,replace,mình,miềng,Pronouns,alignment_labeled
NLI_0647,NLI,PNB,replace,tin chuẩn,chính xác,Predicate vocabulary,alignment_labeled
NLI_0647,NLI,PNT1,replace,thể,thễ,Predicate vocabulary,alignment_labeled
NLI_0647,NLI,PNT3,replace,vào nó,vô hắn,Pronouns,alignment_labeled
NLI_0647,NLI,PNT4,replace,mọi,mụa,Demonstratives/Deixis,alignment_labeled
NLI_0716,NLI,PNT2,replace,cô gái cưới chồng,ả nớ lấy nhông,Pronouns,alignment_labeled
NLI_0716,NLI,PNT3,replace,cô gái cưới chồng,ả nớ lấy dông,Pronouns,alignment_labeled
NLI_0716,NLI,PNT4,replace,gái cưới,nớ lấy,Demonstratives/Deixis,alignment_labeled
NLI_0729,NLI,PNT2,replace,như thế nào,ra răng,Interrogatives,alignment_labeled
NLI_0729,NLI,PNT3,replace,nhưng không,chơ đều nỏ,Negation/Function words,alignment_labeled
NLI_0729,NLI,PNT4,replace,ông ấy như thế nào,ổng ren hết,Pronouns,alignment_labeled
NLI_0959,NLI,PNT2,replace,ngưới,người,Predicate vocabulary,alignment_labeled
NLI_0959,NLI,PNT4,replace,trong tương lai,sau ni,Demonstratives/Deixis,alignment_labeled
NLI_0959,NLI,PNT4,replace,những ngưới,mấy người,Demonstratives/Deixis,alignment_labeled
NLI_0959,NLI,PNT4,replace,đến,tới,Connectives/Aspect markers,alignment_labeled
QA_0268,QA,PNN,replace,như thế nào,ra sao,Interrogatives,alignment_labeled
QA_0268,QA,PNT2,replace,như thế nào,a răng,Interrogatives,alignment_labeled
QA_0363,QA,PNT1,replace,gì,chi,Interrogatives,alignment_labeled
QA_0363,QA,PNT2,replace,điều gì,cái chi,Interrogatives,alignment_labeled
QA_0572,QA,PNN,replace,như thế nào,làm sao,Interrogatives,alignment_labeled
QA_0572,QA,PNN,replace,các,mấy cái,Demonstratives/Deixis,alignment_labeled
QA_10332,QA,PNT1,replace,trong,troong,Predicate vocabulary,alignment_labeled
QA_10332,QA,PNT1,replace,tiên,tin,Predicate vocabulary,alignment_labeled
QA_10332,QA,PNT1,replace,gọi,gọai,Predicate vocabulary,alignment_labeled
QA_10332,QA,PNT1,replace,gì,chi,Interrogatives,alignment_labeled
QA_10332,QA,PNT3,replace,vào,trong,Connectives/Aspect markers,alignment_labeled
QA_10377,QA,PNT1,replace,chiến,chín,Predicate vocabulary,alignment_labeled
QA_10377,QA,PNT1,replace,mươi,mưi,Predicate vocabulary,alignment_labeled
QA_10377,QA,PNT1,replace,gì,chi,Interrogatives,alignment_labeled
QA_10377,QA,PNT2,replace,mươi,mưới,Predicate vocabulary,alignment_labeled
QA_10377,QA,PNT2,replace,vịnh,vinh,Predicate vocabulary,alignment_labeled
QA_10377,QA,PNT3,replace,năm,nam,Predicate vocabulary,alignment_labeled
QA_10377,QA,PNT3,replace,gì tại,chi ở cì chỗ,Interrogatives,alignment_labeled
QA_10410,QA,PNB,replace,trrong,trong,Predicate vocabulary,alignment_labeled
QA_10410,QA,PNT1,replace,trrong gia,trong giai,Predicate vocabulary,alignment_labeled
QA_10410,QA,PNT2,replace,vào làm những,vô mần nhửng,Demonstratives/Deixis,alignment_labeled
QA_10410,QA,PNT3,replace,trrong gia,trong kì giai,Predicate vocabulary,alignment_labeled
QA_10410,QA,PNT3,replace,vào làm,vô mần,Connectives/Aspect markers,alignment_labeled
QA_10410,QA,PNT4,replace,trrong gia,trong giai,Predicate vocabulary,alignment_labeled
QA_10410,QA,PNT4,replace,vào,vô,Connectives/Aspect markers,alignment_labeled
QA_10410,QA,PNT4,replace,những,mấy,Demonstratives/Deixis,alignment_labeled
QA_11490,QA,PNT2,replace,đã làm gì,đạ mần chi,Interrogatives,alignment_labeled
QA_11490,QA,PNT4,replace,tin,nói,Predicate vocabulary,alignment_labeled
QA_11800,QA,PNB,replace,người,quân,Predicate vocabulary,alignment_labeled
QA_11800,QA,PNB,replace,quân,quay,Predicate vocabulary,alignment_labeled
QA_11800,QA,PNB,replace,đối với,trước,Predicate vocabulary,alignment_labeled
QA_11800,QA,PNT3,replace,người,quân,Predicate vocabulary,alignment_labeled
QA_12019,QA,PNT2,replace,vào,vô,Connectives/Aspect markers,alignment_labeled
QA_12019,QA,PNT3,replace,nha-kẻ,nha - kẻ,Predicate vocabulary,alignment_labeled
QA_12019,QA,PNT3,replace,vào,vô,Connectives/Aspect markers,alignment_labeled
QA_1203,QA,PNN,replace,chú,để,Kinship/Honorific terms,alignment_labeled
QA_1203,QA,PNT1,replace,thế nào,răng,Interrogatives,alignment_labeled
QA_1203,QA,PNT1,replace,tử,tữ,Predicate vocabulary,alignment_labeled
QA_12099,QA,PNT2,replace,như thế nào,ra răng,Interrogatives,alignment_labeled
QA_12824,QA,PNT3,replace,vào,vô,Connectives/Aspect markers,alignment_labeled
QA_1521,QA,PNT4,replace,giai đoạn,thời gian,Predicate vocabulary,alignment_labeled
SENT_0018,SENT,PNN,replace,trất,dẹp đi,Predicate vocabulary,alignment_labeled
SENT_0018,SENT,PNT1,replace,gì,chi,Interrogatives,alignment_labeled
SENT_0018,SENT,PNT2,replace,gì cũng,chi cụng,Interrogatives,alignment_labeled
SENT_0018,SENT,PNT2,replace,trất,dẹp,Predicate vocabulary,alignment_labeled
SENT_0018,SENT,PNT3,replace,thôi trất,dẹp đi,Discourse particles,alignment_labeled
SENT_0018,SENT,PNT4,replace,trất,tốt nhứt,Predicate vocabulary,alignment_labeled
SENT_0070,SENT,PNB,replace,vốn,trình độ,Predicate vocabulary,alignment_labeled
SENT_0070,SENT,PNT1,replace,xem cái này,xiêm cấy ni,Demonstratives/Deixis,alignment_labeled
SENT_0070,SENT,PNT2,replace,cũng khá,cụng được,Predicate vocabulary,alignment_labeled
SENT_0192,SENT,PNN,replace,phát khổ,mệt,Predicate vocabulary,alignment_labeled
SENT_0192,SENT,PNN,replace,bố mẹ,ba má,Kinship/Honorific terms,alignment_labeled
SENT_0192,SENT,PNN,replace,mấy,họ,Pronouns,alignment_labeled
SENT_0192,SENT,PNT2,replace,mình,mà,Pronouns,alignment_labeled
SENT_0192,SENT,PNT2,replace,sẽ,có lẹ,Predicate vocabulary,alignment_labeled
SENT_0192,SENT,PNT3,replace,mình,mà tau,Pronouns,alignment_labeled
SENT_0192,SENT,PNT3,replace,phát khổ,phải khổi,Predicate vocabulary,alignment_labeled
SENT_0192,SENT,PNT4,replace,bố mẹ,ba má,Kinship/Honorific terms,alignment_labeled
SENT_0237,SENT,PNN,replace,không nhỉ,lắm hông,Discourse particles,alignment_labeled
SENT_0237,SENT,PNT2,replace,người,ngài,Predicate vocabulary,alignment_labeled
SENT_0237,SENT,PNT2,replace,nhỉ mình nhận thấy,hè tui chộ,Pronouns,alignment_labeled
SENT_0237,SENT,PNT2,replace,or không,hoặc nỏ,Negation/Function words,alignment_labeled
SENT_0237,SENT,PNT3,replace,nhỉ mình nhận,hè tao,Pronouns,alignment_labeled
SENT_0343,SENT,PNB,replace,móa thiệt chứ tụi,mé thật sự bọn,Pronouns,alignment_labeled
SENT_0343,SENT,PNN,replace,móa,má,Kinship/Honorific terms,alignment_labeled
SENT_0343,SENT,PNT1,replace,thiệt,thặc,Predicate vocabulary,alignment_labeled
SENT_0343,SENT,PNT2,replace,móa thiệt chứ tụi này,moá thật chư bọn ni,Pronouns,alignment_labeled
SENT_0343,SENT,PNT2,replace,làm gì vậy nhỉ,mần chi rứa hè,Interrogatives,alignment_labeled
SENT_0343,SENT,PNT3,replace,móa,mẹ,Predicate vocabulary,alignment_labeled
SENT_0343,SENT,PNT3,replace,gì vậy nhỉ,chi rứa he,Interrogatives,alignment_labeled
SENT_0343,SENT,PNT4,replace,gì vậy nhỉ,chi ri bây,Interrogatives,alignment_labeled
SENT_0462,SENT,PNN,replace,lười,làm biếng,Predicate vocabulary,alignment_labeled
SENT_0462,SENT,PNT1,replace,thế này,ri,Interrogatives,alignment_labeled
SENT_0462,SENT,PNT1,replace,đọc,đuộc,Predicate vocabulary,alignment_labeled
SENT_0462,SENT,PNT2,replace,tao đã,tau đạ,Pronouns,alignment_labeled
SENT_0462,SENT,PNT2,replace,như thế này bây giờ không,a ri chừ nỏ,Interrogatives,alignment_labeled
SENT_0462,SENT,PNT3,replace,thế này bây giờ không muốn,ri chừ nỏ ưng,Interrogatives,alignment_labeled
SENT_0534,SENT,PNN,replace,các,mấy,Demonstratives/Deixis,alignment_labeled
SENT_0534,SENT,PNN,replace,nhé nhỉ,như,Discourse particles,alignment_labeled
SENT_0534,SENT,PNT1,replace,ảnh hưởng khủng,ãnh hưỡng khũng,Idiomatic expressions,alignment_labeled
SENT_0534,SENT,PNT1,replace,này đời,ni đơì,Demonstratives/Deixis,alignment_labeled
SENT_0534,SENT,PNT1,replace,nhé nhỉ,như,Discourse particles,alignment_labeled
SENT_0534,SENT,PNT1,replace,sao,răng,Interrogatives,alignment_labeled
SENT_0534,SENT,PNT2,replace,dã,dạ,Discourse particles,alignment_labeled
SENT_0534,SENT,PNT2,replace,mai này,sau ni,Demonstratives/Deixis,alignment_labeled
SENT_0534,SENT,PNT3,replace,các,mấy,Demonstratives/Deixis,alignment_labeled
SENT_0534,SENT,PNT3,replace,các,mấy,Demonstratives/Deixis,alignment_labeled
SENT_0534,SENT,PNT3,replace,sẽ,cũng,Connectives/Aspect markers,alignment_labeled
SENT_0534,SENT,PNT4,replace,thật quá,thiệt,Connectives/Aspect markers,alignment_labeled
SENT_0534,SENT,PNT4,replace,nhé nhỉ thế,nghe như rứa,Interrogatives,alignment_labeled
SENT_0572,SENT,PNT1,replace,cũng,củng,Predicate vocabulary,alignment_labeled
SENT_0572,SENT,PNT1,replace,răng,sao,Interrogatives,alignment_labeled
SENT_0572,SENT,PNT1,replace,tư tao,tự tạo,Pronouns,alignment_labeled
SENT_0572,SENT,PNT1,replace,gì,chi,Interrogatives,alignment_labeled
SENT_0572,SENT,PNT3,replace,tại,vì,Connectives/Aspect markers,alignment_labeled
SENT_0572,SENT,PNT4,replace,nhỉ,rứa,Interrogatives,alignment_labeled
SENT_0626,SENT,PNT1,replace,nào cũng,mô củng,Interrogatives,alignment_labeled
SENT_0626,SENT,PNT1,replace,không,chả,Negation/Function words,alignment_labeled
SENT_0626,SENT,PNT1,replace,thiếu thiếu,thíu thíu,Predicate vocabulary,alignment_labeled
SENT_0626,SENT,PNT3,replace,vậy không,cũng được nỏ,Demonstratives/Deixis,alignment_labeled
SENT_0696,SENT,PNN,replace,đuổi,rượt,Predicate vocabulary,alignment_labeled
SENT_0696,SENT,PNN,replace,chúng,tụi,Pronouns,alignment_labeled
SENT_0696,SENT,PNN,replace,đuổi,rượt,Predicate vocabulary,alignment_labeled
SENT_0696,SENT,PNT3,replace,ngõ,trổng,Predicate vocabulary,alignment_labeled
SENT_0696,SENT,PNT4,replace,thục mạng,chết mẹ,Predicate vocabulary,alignment_labeled
SENT_0696,SENT,PNT4,replace,chúng nó không,đó hân,Pronouns,alignment_labeled
SENT_0696,SENT,PNT4,replace,chạy,qua,Predicate vocabulary,alignment_labeled
SENT_0814,SENT,PNB,replace,cứ phải,toàn như,Demonstratives/Deixis,alignment_labeled
SENT_0814,SENT,PNN,replace,gà,dở,Predicate vocabulary,alignment_labeled
SENT_0814,SENT,PNT2,replace,thế này cơ,như ri chơ,Interrogatives,alignment_labeled
SENT_0814,SENT,PNT2,replace,vào,vô,Connectives/Aspect markers,alignment_labeled
SENT_0814,SENT,PNT2,replace,chứ làm gì,chơ mần chi,Interrogatives,alignment_labeled
SENT_0814,SENT,PNT2,replace,dắt,dắc,Predicate vocabulary,alignment_labeled
SENT_0814,SENT,PNT2,replace,thế kia,rứa tê,Interrogatives,alignment_labeled
SENT_0814,SENT,PNT3,replace,thế này cơ mà,như ri chơ đều,Interrogatives,alignment_labeled
SENT_0814,SENT,PNT3,replace,mẹ vào,vô,Kinship/Honorific terms,alignment_labeled
SENT_0814,SENT,PNT3,replace,chứ làm gì,cho rồi chơ mần chi,Interrogatives,alignment_labeled
SENT_0814,SENT,PNT3,replace,dắt,đắc,Predicate vocabulary,alignment_labeled
SENT_0814,SENT,PNT3,replace,thế kia,rứa,Interrogatives,alignment_labeled
SENT_0814,SENT,PNT4,replace,làm gì,mắc chi,Interrogatives,alignment_labeled
SENT_0835,SENT,PNT2,replace,nhíp,nhím,Predicate vocabulary,alignment_labeled
SENT_0835,SENT,PNT2,replace,cũng không thấy,cụng nỏ chộ,Negation/Function words,alignment_labeled
SENT_0835,SENT,PNT3,replace,nhíp,nhấp,Predicate vocabulary,alignment_labeled
SENT_0895,SENT,PNT3,replace,hôm nó gặm,bựa hắn cắm,Pronouns,alignment_labeled
SENT_0895,SENT,PNT3,replace,cả,với,Connectives/Aspect markers,alignment_labeled
SENT_0895,SENT,PNT4,replace,hôm nó,bữa hén,Pronouns,alignment_labeled
SENT_0958,SENT,PNT2,replace,chuẩn tao,ừa tau,Pronouns,alignment_labeled
SENT_0958,SENT,PNT2,replace,chơi hoặc làm,nhởi hay mần,Connectives/Aspect markers,alignment_labeled
SENT_0958,SENT,PNT2,replace,cùng,với,Connectives/Aspect markers,alignment_labeled
SENT_0958,SENT,PNT2,replace,thì tao,chắc tau,Pronouns,alignment_labeled
SENT_0958,SENT,PNT2,replace,sau đó bị,quá mấy nữa,Demonstratives/Deixis,alignment_labeled
SENT_0958,SENT,PNT3,replace,chơi hoặc làm,dởi hay mần,Connectives/Aspect markers,alignment_labeled
SENT_0958,SENT,PNT3,replace,thời gian,tỉ,Predicate vocabulary,alignment_labeled
SENT_0958,SENT,PNT4,replace,chuẩn tao,đúng dậy ta,Pronouns,alignment_labeled
SENT_0958,SENT,PNT4,replace,hoặc làm,hay lồm,Connectives/Aspect markers,alignment_labeled
SENT_0958,SENT,PNT4,replace,cùng bọn,với tụi,Pronouns,alignment_labeled
SENT_0958,SENT,PNT4,replace,một thời gian,mấy bữa,Demonstratives/Deixis,alignment_labeled
SENT_0958,SENT,PNT4,replace,tao ngày nào,ta ngà mô,Pronouns,alignment_labeled
SENT_0958,SENT,PNT4,replace,sờ,xì,Predicate vocabulary,alignment_labeled
SENT_1093,SENT,PNT2,replace,này sợ thật đấy,hết cả hồn,Demonstratives/Deixis,alignment_labeled
SENT_1093,SENT,PNT4,replace,quả này,cú ni,Demonstratives/Deixis,alignment_labeled
SENT_1098,SENT,PNT3,replace,tao vậy,tau ri,Pronouns,alignment_labeled
SENT_1098,SENT,PNT4,replace,tao vậy,ta rứa,Pronouns,alignment_labeled
SENT_1146,SENT,PNT3,replace,giống tao nhưng,y tau mà,Pronouns,alignment_labeled
SENT_1146,SENT,PNT3,replace,mẹ tao xưa,mạ tau hồi ơ,Pronouns,alignment_labeled
SENT_1146,SENT,PNT3,replace,liền là không,luôn,Negation/Function words,alignment_labeled
SENT_1146,SENT,PNT4,replace,thẹo,sẹo,Predicate vocabulary,alignment_labeled
SENT_1146,SENT,PNT4,replace,thẹo,sẹo,Predicate vocabulary,alignment_labeled
SENT_1161,SENT,PNT3,replace,bước,đoạn,Predicate vocabulary,alignment_labeled
SENT_1161,SENT,PNT4,replace,ngay,liền,Discourse particles,alignment_labeled
SENT_1172,SENT,PNT3,replace,nhỉ sao,rứa răng,Interrogatives,alignment_labeled
SENT_1172,SENT,PNT3,replace,đó vậy ta,nớ hè,Pronouns,alignment_labeled
SENT_1172,SENT,PNT4,replace,nhỉ,dậy,Discourse particles,alignment_labeled
SENT_1172,SENT,PNT4,replace,tới,xuống,Predicate vocabulary,alignment_labeled
SENT_1192,SENT,PNT3,replace,dẫn gấu,đắc bồ,Predicate vocabulary,alignment_labeled
SENT_1192,SENT,PNT3,replace,tránh,tréng,Predicate vocabulary,alignment_labeled
SENT_1192,SENT,PNT3,replace,đám,chỗ,Predicate vocabulary,alignment_labeled
SENT_1192,SENT,PNT3,replace,chen,xô,Predicate vocabulary,alignment_labeled
SENT_1192,SENT,PNT3,replace,xơi,ăn,Predicate vocabulary,alignment_labeled
SENT_1192,SENT,PNT4,replace,thằng,đứa,Pronouns,alignment_labeled
SENT_1192,SENT,PNT4,replace,gấu,ghệ,Predicate vocabulary,alignment_labeled
SENT_1192,SENT,PNT4,replace,tránh xa,né,Predicate vocabulary,alignment_labeled
SENT_1192,SENT,PNT4,replace,nhé,nghe,Discourse particles,alignment_labeled
SENT_1192,SENT,PNT4,replace,xơi,ăn,Predicate vocabulary,alignment_labeled
SENT_1222,SENT,PNT3,replace,chay,chạy,Predicate vocabulary,alignment_labeled
SENT_1222,SENT,PNT3,replace,nó vương,hắn vươn,Pronouns,alignment_labeled
SENT_1222,SENT,PNT3,replace,muốn,ưng,Predicate vocabulary,alignment_labeled
SENT_1222,SENT,PNT3,replace,làm gì nó,mần chi hắn,Pronouns,alignment_labeled
SENT_1222,SENT,PNT3,replace,""" nghìn mét ""","""ngàn mét""",Predicate vocabulary,alignment_labeled
SENT_1222,SENT,PNT3,replace,nó thấy nó,hắn chộ hắn,Pronouns,alignment_labeled
SENT_1222,SENT,PNT4,replace,chay,chạy,Predicate vocabulary,alignment_labeled
SENT_1222,SENT,PNT4,replace,""" nghìn mét ""","""nghàn mét""",Predicate vocabulary,alignment_labeled
SENT_1222,SENT,PNT4,replace,bỏ mẹ,thấy mồ,Kinship/Honorific terms,alignment_labeled
SENT_1338,SENT,PNT4,replace,rộng toang toác,ngoác mồm,Predicate vocabulary,alignment_labeled
SENT_1410,SENT,PNT4,replace,vương,giương,Predicate vocabulary,alignment_labeled
SENT_1410,SENT,PNT4,replace,tính,định,Predicate vocabulary,alignment_labeled
SENT_1410,SENT,PNT4,replace,dội,bật,Predicate vocabulary,alignment_labeled
